,id,question,question_comment,option_a,option_a_comment,option_b,option_b_comment,option_c,option_c_comment,option_d,option_d_comment,correct_option
0,OIC-005-03-A,Quel type de responsabilité civile est engagée par un médecin salarié d'un établissement privé lorsqu'il cause des dommages à un patient ?,Cette question évalue la compréhension de la responsabilité civile des médecins salariés d'établissements privés.,Responsabilité civile personnelle,Cette option est incorrecte car les médecins salariés d'établissements privés ne sont pas responsables civilement personnels lorsqu'ils ne dépassent pas leur mission confiée par leur employeur.,Responsabilité du commettant,Cette option est correcte car les médecins salariés d'établissements privés sont responsables civilement du fait de leur employeur (le commettant) lorsqu'ils ne dépassent pas leur mission confiée.,Responsabilité civile professionnelle,Cette option est incorrecte car les médecins salariés d'établissements privés ne sont responsables civilement professionnellement que lorsqu'ils exercent à titre libéral au sein d'un établissement public de santé.,Responsabilité civile collective,Cette option est incorrecte car il n'y a pas de responsabilité civile collective pour les médecins salariés d'établissements privés.,b
1,OIC-005-07-A,Un patient a subi une atteinte à son droit à la protection de la santé. Quel type de faute peut constituer un fait générateur de responsabilité médicale pour faute ?,La question évalue la compréhension de la définition de la faute en lien avec les droits du patient.,Faute technique,Correcte. La faute technique consiste en une violation des connaissances médicales avérées ou des données acquises de la science.,Violation d’un devoir d’humanisme,"Correcte. La violation d’un devoir d’humanisme renvoie à la dimension « humaine » de la pratique médicale, et peut notamment résulter de l’atteinte au secret professionnel ou d’un défaut d’information ne permettant pas un consentement libre et éclairé.",Défaut d’un produit de santé,"Correcte. Dans certains cas, le fait générateur peut prendre d’autres formes, notamment le défaut d’un produit de santé, le produit étant considéré comme défectueux lorsqu’il n’offre pas la sécurité à laquelle on peut légitimement s’attendre.",Faute administrative,Incorrecte. La faute administrative n’est pas un type de faute qui peut constituer un fait générateur de responsabilité médicale pour faute.,a
2,OIC-005-08-A,Un médecin a omis de prescrire un traitement nécessaire à un patient. Quel type d'erreur a-t-il commis?,La question évalue la compréhension de la définition d'erreur par omission.,Erreur par commission,Une action qui a été faite mais qui n’était pas utile.,Erreur d'exécution,Une action mal réalisée.,Erreur par violation,Un non-respect d’une recommandation ou d’une règle professionnelle.,Erreur par omission,Une action nécessaire n’a pas été faite.,d
3,OIC-005-09-A,"Un patient de 65 ans, hospitalisé pour une pneumonie, présente une fièvre persistante malgré antibiotiques efficaces et une augmentation de la fréquence respiratoire. Le médecin décide de commencer une thérapie de corticostéroïdes. Quel type d'événement est-ce?",Cette question évalue la compréhension de l'aléa thérapeutique.,Accident médical,Cette option est incorrecte car l'événement n'est pas indésirable et n'entraîne pas un dommage anormal.,Affection iatrogène,Cette option est correcte car l'événement est provoqué par un traitement médical.,Erreur médicale,Cette option est incorrecte car l'événement n'est pas causé par une erreur du professionnel de santé.,Aléa thérapeutique,"Cette option est incorrecte car l'aléa thérapeutique désigne l'ensemble des effets indésirables potentiels d'un traitement, qui peuvent être liés à l'utilisation correcte du médicament.",b
4,OIC-005-10-A,Qu'est-ce qu'une infection nosocomiale ?,La question évalue la compréhension de la définition de l'infection nosocomiale.,Infection contractée avant l'admission dans un établissement de santé.,Incorrecte. Une infection nosocomiale est contractée au cours d'un séjour dans un établissement de santé.,Infection contractée après 48 heures d'hospitalisation.,Correcte. Une infection nosocomiale est généralement considérée comme telle si elle apparaît après 48 heures d'hospitalisation.,Infection contractée avant 48 heures d'hospitalisation mais en incubation lors de l'entrée dans l'établissement.,"Correcte. Si une infection apparaît avant un tel délai, on considère généralement qu'elle était en incubation lors de l'entrée dans l'établissement.",Infection contractée avant l'admission dans un établissement de santé et en incubation lors de l'entrée dans l'établissement.,Incorrecte. Une infection nosocomiale est contractée au cours d'un séjour dans un établissement de santé.,b
5,OIC-005-15-B,Un patient de 65 ans est hospitalisé pour une infection nosocomiale. Le service hospitalier a organisé une revue de morbidité et de mortalité (RMM). Quelle attitude doit être partagée par le chef du service clinique et la direction de l'hôpital pour favoriser le signalement des erreurs et leur analyse ?,Cette question évalue la compréhension de l'attitude de non-culpabilisation pour la culture positive de l'erreur.,Le chef du service clinique et la direction de l'hôpital doivent considérer que le responsable est le dernier de la chaîne de personnes engagées dans un processus de soins.,Cette option est incorrecte car elle est contraire à l'attitude de non-culpabilisation qui doit être partagée pour favoriser le signalement des erreurs.,"Le chef du service clinique et la direction de l'hôpital doivent considérer que les causes des erreurs sont multiples et souvent latentes, non détectables au premier abord.",Cette option est correcte car elle est en accord avec l'attitude de non-culpabilisation qui doit être partagée pour favoriser le signalement des erreurs.,Le chef du service clinique et la direction de l'hôpital doivent considérer que les erreurs sont cachées et leur absence d’analyse en profondeur conduit à créer des secondes victimes.,Cette option est incorrecte car elle est contraire à l'attitude de non-culpabilisation qui doit être partagée pour favoriser le signalement des erreurs.,Le chef du service clinique et la direction de l'hôpital doivent considérer que les erreurs sont le fait du dernier maillon de la chaîne.,Cette option est incorrecte car elle est contraire à l'attitude de non-culpabilisation qui doit être partagée pour favoriser le signalement des erreurs.,b
6,OIC-006-01-A,"Un patient de 65 ans, présentant une insuffisance rénale chronique, est hospitalisé pour une infection urinaire. Le médecin généraliste a formé une équipe pluriprofessionnelle pour la prise en charge du patient. Quel rôle doit-il adopter pour assurer une prise en charge de qualité ?",La question évalue la compréhension de la définition du travail en équipe pluriprofessionnelle et de son importance pour la prise en charge de qualité du patient.,"Le médecin généraliste doit adopter le rôle de chef d'orchestre, coordonnant les actions des autres professionnels.",Ce rôle est correct car il permet de coordonner les actions des professionnels et de garantir une prise en charge de qualité.,"Le médecin généraliste doit adopter le rôle de décideur unique, prenant toutes les décisions pour le patient.",Ce rôle est incorrect car il ne permet pas de répondre de manière collaborative aux besoins du patient.,"Le médecin généraliste doit adopter le rôle de simple observateur, ne prenant aucune décision.",Ce rôle est incorrect car il ne permet pas de répondre de manière collaborative aux besoins du patient.,"Le médecin généraliste doit adopter le rôle de simple assistant, ne prenant aucune décision.",Ce rôle est incorrect car il ne permet pas de répondre de manière collaborative aux besoins du patient.,a
7,OIC-006-04-B,"Un patient de 65 ans, atteint d'une insuffisance rénale chronique, est hospitalisé pour une infection urinaire. Quel protocole pluriprofessionnel devrait être appliqué pour sa prise en charge ?","La question évalue la compréhension de la définition et des objectifs des protocoles pluriprofessionnels, ainsi que leur utilisation dans le contexte d'une prise en charge de maladie.",Protocole de soins pluriprofessionnel pour la prise en charge de la maladie de Parkinson,Ce protocole n'est pas pertinent pour la prise en charge de l'insuffisance rénale chronique.,Protocole de soins pluriprofessionnel pour la prise en charge de la maladie de Crohn,Ce protocole n'est pas pertinent pour la prise en charge de l'insuffisance rénale chronique.,Protocole de soins pluriprofessionnel pour la prise en charge de la maladie de Charcot,Ce protocole n'est pas pertinent pour la prise en charge de l'insuffisance rénale chronique.,Protocole de soins pluriprofessionnel pour la prise en charge de l'insuffisance rénale chronique,Ce protocole est pertinent pour la prise en charge de l'insuffisance rénale chronique.,d
8,OIC-006-06-A,Un patient de 65 ans est prévu pour une intervention chirurgicale au bloc opératoire. Quelle check-list doit être utilisée pour sécuriser la réalisation de l'intervention ?,La question évalue la compréhension de la check-list de sécurité du patient au bloc opératoire.,Check-list de sécurité pour les activités interventionnelles radiologiques,"Incorrecte, car cette check-list n'est pas utilisée pour les interventions chirurgicales.",Check-list de sécurité pour les activités interventionnelles endoscopiques,"Incorrecte, car cette check-list n'est pas utilisée pour les interventions chirurgicales.",Check-list de sécurité pour les activités interventionnelles de chimiothérapie,"Incorrecte, car cette check-list n'est pas utilisée pour les interventions chirurgicales.",Check-list de sécurité du patient au bloc opératoire,"Correcte, car cette check-list est utilisée pour sécuriser la réalisation des interventions chirurgicales.",d
9,OIC-006-07-A,Un patient de 65 ans est décédé après une chirurgie de l'appendicite. Une réunion de morbi-mortalité (RMM) est organisée pour analyser l'événement. Quelle action de prévention peut être mise en place à la suite de cette RMM?,La question évalue la compréhension des principes et objectifs d'une réunion de morbi-mortalité (RMM).,Rédiger un rapport de la RMM et le distribuer aux membres de l'équipe de soins.,Cette action permet de documenter les résultats de la RMM et de les partager avec l'équipe de soins.,Organiser une formation sur la prévention des complications liées à la chirurgie de l'appendicite.,Cette action permet de sensibiliser l'équipe de soins à la prévention des complications liées à la chirurgie de l'appendicite.,Rédiger un plan d'action pour réduire le risque de décès lié à la chirurgie de l'appendicite.,Cette action permet de mettre en place des mesures concrètes pour réduire le risque de décès lié à la chirurgie de l'appendicite.,Ignorer la RMM et ne pas prendre aucune mesure de prévention.,Cette action est incorrecte car la RMM est organisée pour analyser les événements indésirables associés aux soins et mettre en place des actions de prévention.,c
10,OIC-006-08-A,"Un patient de 65 ans présente une douleur abdominale aiguë, une fièvre de 39°C et une hématurie. Quel service d'urgence doit être contacté en premier pour assurer une écoute médicale permanente et déterminer le besoin de soins et engager les moyens nécessaires ?",Cette question évalue la compréhension de l'organisation des urgences et de la gestion d'un appel d'urgence.,Samu-Centre 15,"Le Samu-Centre 15 est un service hospitalier qui assure une écoute médicale permanente, détermine et déclenche la réponse la plus adaptée à l'appel d'urgence.",Service des urgences (SU),"Le service des urgences (SU) est un service hospitalier qui prend en charge les venues non programmées, mais il n'est pas le premier service à être contacté en cas d'appel d'urgence.",Service mobile d’urgence et de réanimation (Smur),"Le service mobile d’urgence et de réanimation (Smur) est un service hospitalier qui prend en charge, sur place, en dehors de l'hôpital, les détresses médicales, mais il n'est pas le premier service à être contacté en cas d'appel d'urgence.",Centre de réception et de régulation des appels (CRRA),"Le centre de réception et de régulation des appels (CRRA) est un service du Samu-Centre 15 qui assure la régulation des appels d'urgence, mais il n'est pas le premier service à être contacté en cas d'appel d'urgence.",a
11,OIC-008-02-B,"Un patient de 35 ans, de sexe masculin, présente des difficultés d'accès au logement et à l'emploi, un environnement de vie pollué et bruyant, et a été victime de discrimination ethno-raciale. Quel effet peut-il avoir sur sa santé ?",La question évalue la compréhension des effets des discriminations sur la santé.,Il pourrait développer une moins bonne santé cardiovasculaire.,"Cette option est correcte car la discrimination ethno-raciale peut contribuer au stress, qui peut se traduire par une moins bonne santé cardiovasculaire.",Il pourrait développer une meilleure santé cardiovasculaire.,"Cette option est incorrecte car la discrimination ethno-raciale peut contribuer au stress, qui peut se traduire par une moins bonne santé cardiovasculaire.",Il pourrait développer une moins bonne santé mentale.,"Cette option est correcte car la discrimination ethno-raciale peut entraîner une difficulté d'exercer pour les professionnels, notamment du fait de la mise en tension entre et les exigences déontologiques et la réalité de terrain, ce qui peut s'accompagner de symptômes dépressifs, anxieux, psychotiques, mais aussi de conduites suicidaires.",Il pourrait développer une meilleure santé mentale.,"Cette option est incorrecte car la discrimination ethno-raciale peut entraîner une difficulté d'exercer pour les professionnels, notamment du fait de la mise en tension entre et les exigences déontologiques et la réalité de terrain, ce qui peut s'accompagner de symptômes dépressifs, anxieux, psychotiques, mais aussi de conduites suicidaires.",a
12,OIC-009-01-A,"Un patient de 65 ans, atteint d'un cancer du poumon, refuse toute thérapie. Quel est le terme qui décrit cette situation ?",La question évalue la compréhension de la définition de la refus de soin.,Consentement éclairé,C'est le consentement donné par le patient après avoir reçu des informations claires sur les risques et les bénéfices de la thérapie.,Autonomie,C'est la capacité du patient à prendre des décisions concernant sa propre santé.,Refus de soin,C'est la décision du patient de ne pas accepter une thérapie médicale.,Droit à la vie,C'est le droit de tout individu à la vie et à la liberté.,c
13,OIC-009-03-A,Quel document est publié au Journal Officiel sous la signature du Premier ministre et précise des dispositions réglementaires concernant l'exercice professionnel des médecins ?,La question évalue la compréhension de la publication du code de déontologie médicale.,Code de déontologie des médecins,Correcte. Le code de déontologie médicale est publié au Journal Officiel sous la signature du Premier ministre.,Code de déontologie des avocats,Incorrecte. Le code de déontologie des avocats n'est pas publié au Journal Officiel sous la signature du Premier ministre.,Code de déontologie des enseignants,Incorrecte. Le code de déontologie des enseignants n'est pas publié au Journal Officiel sous la signature du Premier ministre.,Code de déontologie des journalistes,Incorrecte. Le code de déontologie des journalistes n'est pas publié au Journal Officiel sous la signature du Premier ministre.,a
14,OIC-009-04-A,"Un patient de 65 ans, atteint d'une maladie rare, est en perte d'autonomie et ne peut plus prendre des décisions pour lui-même. Le médecin doit :",Cette question évalue la compréhension de l'application du principe de respect de l'autonomie dans un contexte de perte d'autonomie du patient.,Ne pas agir sans le consentement du patient,Cette option est incorrecte car elle ne tient pas compte de la perte d'autonomie du patient.,Agir sans le consentement du patient car cela est juste,Cette option est incorrecte car elle transgresse le principe de respect de l'autonomie.,Agir sans le consentement du patient car cela est bienfaisant,Cette option est incorrecte car elle transgresse le principe de respect de l'autonomie.,"Agir en accord avec les préférences éventuelles du patient, exprimées ou non, par cet autrui",Cette option est correcte car elle respecte le principe de respect de l'autonomie.,d
15,OIC-009-07-A,"Un patient de 65 ans, atteint d'une maladie incurable, refuse les traitements proposés par son médecin. Le médecin doit :",Évaluer la compréhension de la tension entre le principe de bienfaisance et le principe d'autonomie dans le refus de soin par le patient.,Continuer à insister pour que le patient accepte les traitements.,Cette option ne respecte pas le principe d'autonomie du patient.,Arrêter de soigner le patient et le laisser mourir.,Cette option ne respecte pas le principe de bienfaisance.,Demander à un proche du patient de convaincre celui-ci de suivre les traitements.,Cette option ne respecte pas le principe d'autonomie du patient.,Informer le patient des conséquences de son refus de soins et respecter sa décision.,Cette option respecte les principes de bienfaisance et d'autonomie.,d
16,OIC-009-08-A,"Un patient de 65 ans, atteint d'une maladie chronique, désire désigner une personne de confiance pour l'accompagner dans ses démarches de soins. Quelle est la procédure à suivre pour désigner une personne de confiance ?",La question évalue la compréhension de la procédure de désignation d'une personne de confiance.,Le patient doit demander à son médecin de désigner une personne de confiance.,Cette option est incorrecte car le patient est le seul à pouvoir désigner une personne de confiance.,Le patient doit écrire une lettre à sa personne de confiance pour la désigner.,Cette option est incorrecte car la désignation doit être faite par écrit et cosignée par la personne désignée.,Le patient doit demander à son médecin de choisir une personne de confiance pour lui.,Cette option est incorrecte car le patient est le seul à pouvoir désigner une personne de confiance.,Le patient doit écrire une lettre à son médecin pour désigner une personne de confiance.,Cette option est incorrecte car la désignation doit être faite par écrit et cosignée par la personne désignée.,b
17,OIC-009-10-B,"Quel type de mesure de protection juridique doit être instaurée et assurée dans le respect des libertés de la personne protégée, de ses droits et de sa dignité ?",La question évalue la compréhension de la finalité des mesures de protection juridique pour les personnes protégées.,"Mesure de protection juridique qui consiste à désigner une autre personne qui l’assistera ou la représenter dans ses intérêts, mais qui ne doit pas être proportionnée et individualisée.",Cette option est incorrecte car elle contredit explicitement la description de la mesure de protection juridique dans le texte source.,"Mesure de protection juridique qui consiste à désigner une autre personne qui l’assistera ou la représenter dans ses intérêts, mais qui ne doit pas être instaurée et assurée dans le respect des libertés de la personne protégée, de ses droits et de sa dignité.",Cette option est incorrecte car elle contredit explicitement la description de la mesure de protection juridique dans le texte source.,"Mesure de protection juridique qui consiste à désigner une autre personne qui l’assistera ou la représenter dans ses intérêts, mais qui ne doit pas être proportionnée et individualisée, et qui ne doit pas être instaurée et assurée dans le respect des libertés de la personne protégée, de ses droits et de sa dignité.",Cette option est incorrecte car elle contredit explicitement la description de la mesure de protection juridique dans le texte source.,"Mesure de protection juridique qui consiste à désigner une autre personne qui l’assistera ou la représenter dans ses intérêts, et qui doit être proportionnée et individualisée, instaurée et assurée dans le respect des libertés de la personne protégée, de ses droits et de sa dignité.",Cette option est correcte car elle correspond à la description de la mesure de protection juridique dans le texte source.,d
18,OIC-009-11-A,Quelle mesure de protection juridique est la plus protectrice pour une personne majeure altérée intellectuellement ou physiquement ?,Cette question évalue la compréhension des trois principales mesures de protection des personnes et leur degré de contrainte.,Sauvegarde de justice,"La sauvegarde de justice est une mesure temporaire et aux effets limités, qui permet de traiter une situation en urgence lorsqu’une personne majeure risque des actes contraires à ses intérêts.",Curatelle,"La curatelle est une mesure plus protectrice que la sauvegarde de justice. Une personne placée sous curatelle reste autonome dans les actes de la vie courante, mais doit être accompagnée pour les actes importants par un curateur.",Tutelle,La tutelle est une mesure plus protectrice que la curatelle. Un tuteur représente la personne majeure à protéger dans les actes de la vie courante. Le juge des tutelles détermine les actes que la personne protégée peut réaliser seule ou non.,Protection des mineurs,"La tutelle d’un mineur est la mesure de protection juridique par laquelle une autre personne l’aide à protéger ses intérêts, lorsque les titulaires de l’autorité parentale ne peuvent plus l’exercer. Cette option est incorrecte car elle ne s’applique qu’aux mineurs.",c
19,OIC-009-17-A,"Un patient de 65 ans, atteint d'un cancer du poumon, est en fin de vie. Le soignant doit respecter la dignité de la personne en tant qu'elle est humaine selon Kant. Quel principe doit-il respecter pour cela ?",La question évalue la compréhension de l'importance de respecter la dignité de la personne en tant qu'elle est humaine selon Kant dans le contexte de la fin de vie.,Le principe de bienfaisance,Le principe de bienfaisance ne concerne pas la dignité de la personne en tant qu'elle est humaine selon Kant.,Le principe de non-malfaisance,Le principe de non-malfaisance ne concerne pas la dignité de la personne en tant qu'elle est humaine selon Kant.,Le principe de respect de la personne,Le principe de respect de la personne concerne la dignité de la personne en tant qu'elle est humaine selon Kant.,Le principe de bienveillance,Le principe de bienveillance n'est pas un principe éthique reconnu par Kant.,c
20,OIC-009-18-A,Quel traitement initier pour un patient en fin de vie présentant une souffrance réfractaire aux traitements et dont le pronostic vital est engagé à court terme?,La question évalue la compréhension de la loi française sur la fin de vie et le droit à la sédation profonde et continue.,Arrêter tous les traitements,"Incorrect. La loi Clayes-Léonetti permet la sédation profonde et continue, mais pas l'arrêt de tous les traitements.",Ne pas administrer d'antalgiques,Incorrect. La loi Clayes-Léonetti permet l'administration d'antalgiques pour soulager la souffrance réfractaire.,Ne pas respecter la volonté du patient,Incorrect. La loi Clayes-Léonetti réaffirme le droit du malade de refuser ou d'interrompre un traitement.,Sédation profonde et continue,Correct. La loi Clayes-Léonetti affirme le droit à la sédation profonde et continue jusqu'au décès lorsque le pronostic vital est engagé à court terme.,d
21,OIC-009-21-A,"Un patient de 65 ans, atteint d'un cancer du poumon, est proposé à une recherche clinique pour tester un nouveau médicament. Le principe de bienfaisance est-il respecté ?",Cette question évalue la compréhension du principe de bienfaisance dans le cadre de la recherche clinique.,"Oui, car le nouveau médicament pourrait améliorer la qualité de vie du patient.","La proposition est correcte car le nouveau médicament pourrait améliorer la qualité de vie du patient, ce qui est un bénéfice pour le patient.","Non, car le nouveau médicament pourrait causer des effets secondaires graves.","La proposition est incorrecte car le principe de bienfaisance consiste à soulager ou à prévenir la douleur physique, psychique, à faire ce qu'il y a de mieux pour le patient, y compris parfois ne rien faire si le bénéfice prévu est minimal. Dans ce cas, il est nécessaire d'évaluer la balance risque/bénéfice de la prise en charge envisagée.","Oui, car le nouveau médicament a déjà été testé sur des animaux.",La proposition est incorrecte car le principe de bienfaisance ne se limite pas à l'acte de soin et l'intérêt immédiat du patient. Il s'agit d'une recherche organisée et pratiquée sur l'être humain qui dépasse l'acte de soin et l'intérêt immédiat du patient.,"Non, car le nouveau médicament n'a pas été testé sur des humains.",La proposition est incorrecte car la recherche impliquant la personne humaine (RIPH) se définit comme une recherche organisée et pratiquée sur l'être humain qui dépasse l'acte de soin et l'intérêt immédiat du patient.,a
22,OIC-009-23-A,Un patient de 65 ans est décédé. Il n'a pas exprimé son refus de don d'organes. Quel est le statut de consentement du patient à donner ses organes ?,Cette question évalue la compréhension de la loi française sur le consentement au don d'organes pour les patients décédés.,Le consentement est présumé,Le consentement est présumé chez le donneur décédé si aucun refus n'a été exprimé.,Le consentement est exprimé,Le consentement est exprimé par le donneur décédé si il a précédemment exprimé son consentement.,Le consentement est refusé,Le consentement est refusé si le donneur décédé a précédemment exprimé son refus.,Le consentement est inconnu,Le consentement est inconnu si le donneur décédé n'a pas exprimé son consentement ni son refus.,a
23,OIC-010-03-B,"Un patient de 60 ans, présentant une douleur abdominale aigue, une hématurie et une acidose tubulaire, est admis en urgence. Quel diagnostic évoquer en premier ?",La question évalue la compréhension de la place du corps dans les pratiques cliniques et de la distinction entre le corps vécu par le sujet et le corps objectivé par la médecine.,Néphrolithiase,"La néphrolithiase peut être associée à une douleur abdominale aigue, une hématurie et une acidose tubulaire, mais elle ne peut pas expliquer seule ces signes cliniques.",Néphrite aiguë,"La néphrite aiguë peut être associée à une douleur abdominale aigue, une hématurie et une acidose tubulaire, mais elle ne peut pas expliquer seule ces signes cliniques.",Néphropathie diabétique,"La néphropathie diabétique peut être associée à une douleur abdominale aigue, une hématurie et une acidose tubulaire, mais elle ne peut pas expliquer seule ces signes cliniques.",Néphrocalcinosis,"La néphrocalcinosis peut être associée à une douleur abdominale aigue, une hématurie et une acidose tubulaire, mais elle ne peut pas expliquer seule ces signes cliniques. La néphrocalcinosis est une maladie chronique qui peut être associée à des calculs rénaux, mais elle ne peut pas expliquer une douleur abdominale aigue.",a
24,OIC-019-01-A,Quelle logique de protection sociale est utilisée pour prémunir les assurés contre une perte de revenus liée aux risques sociaux ?,Cette question évalue la compréhension de la logique d'assurance sociale obligatoire.,La logique de protection universelle,"Incorrecte, cette logique couvre certaines catégories de dépenses pour tous les individus.",La logique d'assistance sociale,"Incorrecte, cette logique permet d'instaurer une solidarité entre les individus pour lutter contre la pauvreté et l'exclusion.",La logique de prévoyance individuelle,"Incorrecte, cette logique repose sur l'épargne et l'assurance privée.",La logique d'assurance sociale obligatoire,"Correcte, cette logique vise à prémunir les assurés contre une perte de revenus liée aux risques sociaux.",d
25,OIC-019-02-A,Quelle catégorie de prestations correspond au risque 'santé' ?,La question évalue la compréhension de la nature des prestations de protection sociale en France. Elle teste la connaissance de la catégorie de prestations correspondant au risque 'santé'. Il est important de ne pas se fonder sur des faits administratifs triviaux (ex: remboursement de médicaments) mais de comprendre la logique de la protection sociale.,le risque 'vieillesse-survie',Cette option est incorrecte car elle ne correspond pas au risque 'santé'.,le risque 'maternité-famille',Cette option est incorrecte car elle ne correspond pas au risque 'santé'.,le risque 'emploi',Cette option est incorrecte car elle ne correspond pas au risque 'santé'.,le risque 'santé',Cette option est correcte car elle correspond au risque 'santé'.,d
26,OIC-019-03-B,Quelle est la part des dépenses de protection sociale en France en 2020 attribuée au risque vieillesse?,La question évalue la compréhension de la part des dépenses de protection sociale en France en 2020 attribuée au risque vieillesse.,43%,Correcte. La part des dépenses de protection sociale en France en 2020 attribuée au risque vieillesse est de 43%.,33%,Incorrecte. La part des dépenses de protection sociale en France en 2020 attribuée au risque vieillesse est de 43% et non de 33%.,25%,Incorrecte. La part des dépenses de protection sociale en France en 2020 attribuée au risque vieillesse est de 43% et non de 25%.,50%,Incorrecte. La part des dépenses de protection sociale en France en 2020 attribuée au risque vieillesse est de 43% et non de 50%.,a
27,OIC-019-05-A,"Quelle caisse nationale est à la tête de la branche Maladie, Accidents du travail et Risques professionnels?","Cette question évalue la compréhension de la structure de la Sécurité sociale française et de la branche Maladie, Accidents du travail et Risques professionnels.",Caisse nationale d'assurance vieillesse (Cnav),"Cette caisse nationale est à la tête de la branche Vieillesse, non de la branche Maladie, Accidents du travail et Risques professionnels.",Caisse nationale des allocations familiales (Cnaf),"Cette caisse nationale est à la tête de la branche Famille, non de la branche Maladie, Accidents du travail et Risques professionnels.",Union des caisses nationales de sécurité sociale (UCANSS),"Cette caisse nationale est à la tête de la Fédération des employeurs du Régime général de la Sécurité sociale, non de la branche Maladie, Accidents du travail et Risques professionnels.",Caisse nationale d’assurance maladie (Cnam),"Cette caisse nationale est à la tête de la branche Maladie, Accidents du travail et Risques professionnels.",d
28,OIC-019-06-B,Quel organe du pouvoir exécutif vote chaque année la loi de financement de la Sécurité Sociale (LFSS) ?,La question évalue la compréhension de la loi de financement de la Sécurité Sociale et de son rôle.,Le gouvernement,"Le gouvernement est responsable de la proposition de la loi de financement de la Sécurité Sociale, mais le Parlement vote la loi.",Le Sénat,"Le Sénat est un organe du pouvoir législatif, il ne vote pas la loi de financement de la Sécurité Sociale.",Le Conseil constitutionnel,"Le Conseil constitutionnel est un organe de contrôle de la Constitution, il ne vote pas de loi.",Le Parlement,Le Parlement vote chaque année la loi de financement de la Sécurité Sociale (LFSS).,d
29,OIC-019-09-A,Quel est le rôle principal de l'assurance maladie du régime général de la sécurité sociale ?,Cette question évalue la compréhension de la mission principale de l'assurance maladie du régime général de la sécurité sociale.,Prise en charge des soins dispensés aux assurés sociaux,"Correcte. L'assurance maladie gère les risques maladie, maternité, invalidité et décès ainsi que accidents du travail et maladies professionnelles et sa mission principale est la prise en charge des soins dispensés aux assurés sociaux.",Amélioration de la santé de la population,Correcte. L'assurance maladie contribue également à l'amélioration de la santé de la population.,Efficience du système de soins,Correcte. L'assurance maladie contribue également à l'efficience du système de soins.,Maîtrise des dépenses de santé,Correcte. L'assurance maladie a en charge la maîtrise médicalisée des dépenses.,a
30,OIC-019-13-B,"Quelle prestation en nature est remboursée à 100% pour les examens médicaux, échographies, séances de préparation à la naissance, frais en rapport avec l'accouchement, examen postnatal et séances de rééducation périnéale (sauf le forfait journalier hospitalier) lors de la maternité ?",Cette question évalue la compréhension des prestations en nature de l'assurance maladie en cas de maternité.,Indemnités journalières pendant la durée légale du congé maternité (6 semaines avant l'accouchement et 10 semaines après),"Cette option est incorrecte car elle décrit une prestation en espèces, non en nature.","Prise en charge des frais engagés avec application d'un ticket modérateur, mais sans précision sur les examens médicaux et autres prestations mentionnées","Cette option est incorrecte car elle ne précise pas les examens médicaux, échographies, séances de préparation à la naissance, frais en rapport avec l'accouchement, examen postnatal et séances de rééducation périnéale (sauf le forfait journalier hospitalier) mentionnés.",Prise en charge à 100 % des examens prénataux,"Cette option est incorrecte car elle ne couvre que les examens prénataux, pas les autres prestations mentionnées.","Prise en charge à 100 % à partir du 6<sup>e</sup> mois et jusqu'au 12<sup>e</sup> jour après l'accouchement des examens médicaux, échographies, séances de préparation à la naissance, frais en rapport avec l'accouchement, examen postnatal, séances de rééducation périnéale (sauf le forfait journalier hospitalier)","Cette option est correcte car elle correspond à la prestation en nature remboursée à 100% pour les examens médicaux, échographies, séances de préparation à la naissance, frais en rapport avec l'accouchement, examen postnatal et séances de rééducation périnéale (sauf le forfait journalier hospitalier) lors de la maternité.",d
31,OIC-020-04-B,"Un chercheur veut justifier la pertinence d'une étude sur la prévalence de la maladie X dans une population de 1000 personnes. Il a trouvé que la maladie X est grave, coûteuse et que les facteurs de risque sont mal connus. Il a également constaté que les études précédentes ont des résultats contradictoires. Quel argument est le plus pertinent pour justifier la pertinence de l'étude ?",La question évalue la compréhension de l'analyse de la littérature pour justifier la pertinence d'une étude de recherche. Elle teste la capacité à identifier les arguments utiles à la définition d'une problématique de recherche.,La maladie X est grave et coûteuse,Cet argument est pertinent mais ne justifie pas la pertinence de l'étude. Il est nécessaire de justifier pourquoi les facteurs de risque sont mal connus et pourquoi les études précédentes ont des résultats contradictoires.,Les études précédentes ont des résultats contradictoires,Cet argument est pertinent mais ne justifie pas la pertinence de l'étude. Il est nécessaire de justifier pourquoi les facteurs de risque sont mal connus.,Les facteurs de risque sont mal connus,Cet argument est pertinent mais ne justifie pas la pertinence de l'étude. Il est nécessaire de justifier pourquoi les études précédentes ont des résultats contradictoires.,"La maladie X est grave, coûteuse et que les facteurs de risque sont mal connus et que les études précédentes ont des résultats contradictoires",Cet argument est pertinent et justifie la pertinence de l'étude. Il est nécessaire de justifier pourquoi les études précédentes ont des résultats contradictoires.,d
32,OIC-020-05-B,Un chercheur veut vérifier si une nouvelle thérapie a un effet sur la mortalité des patients atteints d'une maladie cardiaque. Il formule l'hypothèse suivante : 'La nouvelle thérapie réduit de 20% la mortalité des patients atteints d'une maladie cardiaque'. Quelle est la nature de cette hypothèse ?,L'hypothèse de recherche doit décrire ce qui est attendu en terme de taille d'effet.,Hypothèse de recherche négative,L'hypothèse n'est pas négative car elle prédit un effet positif (réduction de la mortalité),Hypothèse de recherche positive,L'hypothèse est positive car elle prédit un effet positif (réduction de la mortalité),Hypothèse de recherche neutre,L'hypothèse n'est pas neutre car elle prédit un effet positif (réduction de la mortalité),Hypothèse de recherche nulle,L'hypothèse n'est pas nulle car elle prédit un effet positif (réduction de la mortalité),b
33,OIC-020-07-B,Un échantillon doit être sélectionné pour être le plus représentatif possible de la population source dont il est issu. Quelle méthode d'échantillonnage est la plus appropriée lorsque la base de sondage est disponible ?,La question évalue la compréhension de la méthodologie d'échantillonnage lorsque la base de sondage est disponible.,Recrutement exhaustif,"Tous les individus listés sont recrutés, ce qui peut être impossible ou coûteux. C'est donc une méthode moins adaptée lorsque la base de sondage est disponible.",Tirage au sort,C'est une méthode aléatoire qui permet de garantir une représentativité équitable de la population source. Elle peut être utilisée lorsque la base de sondage est disponible.,Méthode des quotas,"Cette méthode non-aléatoire consiste à s’assurer de la représentativité d’un échantillon, en lui affectant une structure similaire à celle de la population source. Elle est donc moins adaptée lorsque la base de sondage est disponible.",Échantillon de convenance,Cette méthode est à éviter car elle a de grands risques d’aboutir à un échantillon non représentatif de la population source. Elle est donc moins adaptée lorsque la base de sondage est disponible.,b
34,OIC-020-10-B,Un patient de 65 ans présente une glycémie de 180 mg/dL. Quelle loi de probabilité décrit la probabilité associée à cette valeur ?,Cette question évalue la compréhension de la loi de probabilité pour une variable aléatoire continue.,Loi normale,La loi normale est une loi de probabilité décrivant la distribution de la glycémie dans la population générale.,Loi exponentielle,La loi exponentielle est une loi de probabilité décrivant la distribution de la durée de survie d'un patient.,Loi uniforme,La loi uniforme est une loi de probabilité décrivant la distribution uniforme d'une variable aléatoire.,Loi log-normale,La loi log-normale est une loi de probabilité décrivant la distribution de la glycémie dans la population générale après transformation logarithmique.,a
35,OIC-020-11-B,"Un chercheur a recueilli les données suivantes sur la taille des pieds d'un groupe de 100 personnes : 120, 121, 122, 123, 124, 125, 126, 127, 128, 129, 130, 131, 132, 133, 134, 135, 136, 137, 138, 139, 140, 141, 142, 143, 144, 145, 146, 147, 148, 149, 150, 151, 152, 153, 154, 155, 156, 157, 158, 159, 160, 161, 162, 163, 164, 165, 166, 167, 168, 169, 170, 171, 172, 173, 174, 175, 176, 177, 178, 179, 180, 181, 182, 183, 184, 185, 186, 187, 188, 189, 190, 191, 192, 193, 194, 195, 196, 197, 198, 199, 200. Quelle est la moyenne des tailles des pieds de ce groupe ?",Cette question évalue la compréhension de la formule de calcul de la moyenne.,120,"La moyenne est la somme des valeurs divisée par leur nombre. Si on ajoute toutes les valeurs, on obtient 36600. Divisée par 100, on obtient 366, ce qui est incorrect.",3660,"La moyenne est la somme des valeurs divisée par leur nombre. Si on ajoute toutes les valeurs, on obtient 36600. Divisée par 100, on obtient 366, ce qui est incorrect.",36600,"La moyenne est la somme des valeurs divisée par leur nombre. Si on ajoute toutes les valeurs, on obtient 36600. Divisée par 100, on obtient 366, ce qui est incorrect.",366,"La moyenne est la somme des valeurs divisée par leur nombre. Si on ajoute toutes les valeurs, on obtient 36600. Divisée par 100, on obtient 366, ce qui est correct.",d
36,OIC-020-13-B,Un patient a été inclus dans une étude de survie. Il a été perdu de vue après 3 mois. Quelle est la durée de survie du patient ?,Cette question évalue la compréhension de la durée de survie et de la censure dans les données de survie.,3 mois,"Cette réponse est incorrecte car la durée de survie du patient est égale au temps écoulé entre l'inclusion dans l'étude et la dernière visite de suivi du patient, qui est de 3 mois. Cependant, la durée de survie du patient n'est pas égale au délai jusqu'à survenue d'un événement car il n'a pas été observé.",Inconnu,Cette réponse est correcte car la durée de survie du patient est inconnue car il n'a pas été observé après 3 mois.,Plus de 3 mois,"Cette réponse est incorrecte car la durée de survie du patient est égale au temps écoulé entre l'inclusion dans l'étude et la dernière visite de suivi du patient, qui est de 3 mois. Cependant, la durée de survie du patient n'est pas égale au délai jusqu'à survenue d'un événement car il n'a pas été observé.",6 mois,Cette réponse est incorrecte car la durée de survie du patient est inconnue car il n'a pas été observé après 3 mois.,b
37,OIC-020-16-A,Un facteur d'exposition dans une étude analytique est appelé :,Cette question évalue la compréhension de la définition de facteur d'exposition dans une étude analytique.,Facteur de risque,"Incorrect. Un facteur d'exposition est appelé facteur de risque dans une étude analytique, mais cette option est la définition de facteur de risque.",Facteur étiologique,Incorrect. Un facteur étiologique est un facteur de risque dans une étude étiologique.,Facteur pronostique,Incorrect. Un facteur pronostique est un facteur de risque dans une étude pronostique.,Déterminant de santé,Incorrect. Un déterminant de santé n'est pas un facteur d'exposition.,a
38,OIC-020-17-A,Une étude clinique est menée sur une population cible et une population source. Quelle est la différence entre ces deux populations ?,Cette question évalue la compréhension de la différence entre la population cible et la population source dans une étude clinique.,La population cible est la population source.,"Cette réponse est incorrecte car la population cible est celle sur laquelle on s’interroge et à propos de laquelle on veut obtenir des informations, tandis que la population source est celle à partir de laquelle l’étude va concrètement se dérouler.",La population cible est la population source et la population source est la population cible.,"Cette réponse est incorrecte car la population cible est celle sur laquelle on s’interroge et à propos de laquelle on veut obtenir des informations, tandis que la population source est celle à partir de laquelle l’étude va concrètement se dérouler.","La population cible est la population source et la population source est la population cible, mais la population cible est plus représentative que la population source.","Cette réponse est incorrecte car la population cible est celle sur laquelle on s’interroge et à propos de laquelle on veut obtenir des informations, tandis que la population source est celle à partir de laquelle l’étude va concrètement se dérouler. La population cible doit être choisie comme la plus représentative possible de la population dont elle est issu.","La population cible est la population source et la population source est la population cible, et la population cible est moins représentative que la population source.","Cette réponse est incorrecte car la population cible est celle sur laquelle on s’interroge et à propos de laquelle on veut obtenir des informations, tandis que la population source est celle à partir de laquelle l’étude va concrètement se dérouler. La population cible doit être choisie comme la plus représentative possible de la population dont elle est issu.",a
39,OIC-020-20-A,"Un patient de 65 ans présente une douleur abdominale, une fièvre et une hématurie. Quel est le risque de cancer du rein dans cette situation?","Cette question évalue la compréhension de la définition du risque et de la prévalence, ainsi que la capacité à interpréter les signes cliniques.",Le risque de cancer du rein est de 5%,Cette réponse est incorrecte car elle est trop faible pour un patient présentant ces signes cliniques.,Le risque de cancer du rein est de 10%,Cette réponse est incorrecte car elle est trop élevée pour un patient présentant ces signes cliniques.,Le risque de cancer du rein est de 15%,Cette réponse est incorrecte car elle est trop élevée pour un patient présentant ces signes cliniques.,Le risque de cancer du rein est inconnu sans biopsie,Cette réponse est incorrecte car elle est une hypothèse non justifiée sans preuve clinique.,d
40,OIC-020-22-A,"Un essai clinique compare le risque d'événement cardiovasculaire à 5 ans entre un groupe traité par un anticholestérolémiant et un groupe traité par placebo en prévention primaire. Les résultats sont les suivants : Taux d'événement à 5 ans pour le groupe contrôle (placebo) : 0,05 (5%), Taux d'événement à 5 ans pour le groupe expérimental : 0,03 (3%). Quelle est la réduction absolue du risque ?",Cette question évalue la compréhension de la réduction absolue de risque (RAR) en utilisant un scénario clinique concret.,"0,02 (2%)",Correcte. La réduction absolue du risque est la différence entre la probabilité d'être malade si on est exposé (p1) et la probabilité d’être malade si on n’est pas exposé (p0).,"0,025 (2,5%)",Incorrecte. La réduction absolue du risque est la différence entre la probabilité d'être malade si on est exposé (p1) et la probabilité d’être malade si on n’est pas exposé (p0).,"0,04 (4%)",Incorrecte. La réduction absolue du risque est la différence entre la probabilité d'être malade si on est exposé (p1) et la probabilité d’être malade si on n’est pas exposé (p0).,"0,07 (7%)",Incorrecte. La réduction absolue du risque est la différence entre la probabilité d'être malade si on est exposé (p1) et la probabilité d’être malade si on n’est pas exposé (p0).,a
41,OIC-020-26-A,"Un patient de 65 ans, présentant une fièvre, une toux et une expectoration purulente, a été suivi dans un centre hospitalier. L'échantillonnage a été réalisé aléatoirement. Le médecin a décidé de comparer les résultats de cette étude avec ceux d'une étude précédente. Quel biais peut-il être susceptible de survenir dans cette étude ?",La question évalue la compréhension des biais de sélection et de confusion dans les études descriptives.,Biais de confusion,Le biais de confusion peut survenir lorsque la relation observée entre un facteur d’exposition et le phénomène de santé étudié peut être faussée par la non prise en compte d’un tiers facteur (facteur de confusion) lui-même associé à la fois au facteur d’exposition et au phénomène étudié.,Biais de sélection,"Le biais de sélection peut survenir lorsque l’échantillon analysé correspond finalement à une population différente de la population ciblée, ce qui menace la représentativité et la validité externe de l'étude.",Biais de mémorisation,Le biais de mémorisation est un exemple de biais d’information lié au manque de fiabilité des données auto-rapportées.,Biais de classement,Le biais de classement est lié à la mesure de l’exposition et /ou du critère de jugement. La réalité su statut d’un individu n’est pas correctement recueillie dans l’étude.,b
42,OIC-020-29-A,"Un test statistique a été effectué pour déterminer si une différence existe entre deux groupes. La valeur de p est de 0,04. Quel est le degré de signification de ce test ?",Cette question évalue la compréhension de la définition et de l'interprétation du degré de signification dans un test statistique.,Non significatif,"La valeur de p est supérieure à 0,05, donc le test est non significatif.",Sans degré de signification,"La valeur de p est supérieure à 0,05, donc le test est non significatif.",Significatif,"La valeur de p est inférieure à 0,05, donc le test est significatif.",Inconnu,"La valeur de p est inférieure à 0,05, donc le test est significatif.",c
43,OIC-022-02-B,"Un patient de 45 ans présente un ensemble incohérent de symptômes : douleurs abdominales, hématurie, natriurèse obligatoire et acidose tubulaire. Quel type de centre de soins devrait être consulté pour une prise en charge adaptée ?",La question évalue la compréhension de l'organisation des soins des maladies rares en France et la connaissance des centres de référence maladies rares (CRMR).,Centre de compétence,Un centre de compétence n'est pas un centre de référence maladies rares (CRMR) et ne peut pas assurer la prise en charge et le suivi des personnes atteintes de maladies rares au plus proche de leur domicile.,Centre de ressource et de compétence,Un centre de ressource et de compétence n'est pas un centre de référence maladies rares (CRMR) et ne peut pas assurer la prise en charge et le suivi des personnes atteintes de maladies rares au plus proche de leur domicile.,Centre de référence maladies rares,"Un centre de référence maladies rares (CRMR) est un réseau comprenant un site coordonnateur, un ou plusieurs site(s) constitutif(s) et, le cas échéant, un ou plusieurs centres de compétence (CCMR) ou centres de ressource et de compétence. Il a des missions de coordination, d’expertise, de recours, de recherche et de formation-enseignement.",Filière de santé maladies rares,"Une filière de santé maladies rares (FSMR) est une organisation qui coordonne en réseau un ensemble associant des centres de soins hospitaliers, des laboratoires de diagnostic et de recherche, des structures sociales et médico-sociales, des universités, des associations, voire tout autre partenaire ou institution apportant une expertise complémentaire au champ des maladies rares concerné. Elle n'est pas un centre de soins directement consultable par le patient.",c
44,OIC-022-03-B,"Un patient de 45 ans, de sexe masculin, présente une fatigue chronique, une mélanodermie et une atteinte du foie. Quel diagnostic est le plus probable ?",Cette question évalue la compréhension de la définition et des signes cliniques de l'hémochromatose.,Hémophilie,"Hémophilie est une maladie génétique liée à l'X caractérisée par des hémorragies spontanées ou prolongées dues à un déficit en facteur VIII ou IX. Elle ne présente pas de fatigue chronique, de mélanodermie ou d'atteinte du foie.",Drépanocytose,"Drépanocytose est une maladie génétique récessive autosomique fréquente qui touche essentiellement les populations d’origine africaine subsaharienne et antillaise. Elle est une maladie hémolytique chronique prédisposant à 3 types d'accidents aigus surajoutés : anémies graves, infections bactériennes graves et accidents ischémiques vaso-occlusifs. Elle ne présente pas de fatigue chronique, de mélanodermie ou d'atteinte du foie.",Thalassémies,"Thalassémies sont des affections génétiques, le plus souvent de transmission récessive autosomique, qui entraînent une réduction de la synthèse des chaînes de globine, soit alpha, soit bêta. Elles entraînent une anémie mais ne présentent pas de fatigue chronique, de mélanodermie ou d'atteinte du foie.",Hémochromatose,"L’hémochromatose est une maladie génétique due à une absorption intestinale excessive de fer, liée le plus souvent à un déficit de production en hepcidine, hormone de régulation systémique du fer, et plus rarement à une hepcidino-résistance. Elle a pour conséquence le dépôt de fer au niveau de différents organes tels que le foie, le pancréas ou le cœur. Elle présente une fatigue chronique, une mélanodermie et une atteinte du foie.",d
45,OIC-022-04-B,Quel est le nombre de maladies rares différentes en France ?,Cette question évalue la connaissance de l'épidémiologie des maladies rares.,7000,Correcte. Cette réponse est la bonne réponse car elle correspond au nombre de maladies rares différentes en France.,350 millions,"Incorrecte. Cette réponse correspond au nombre de patients atteints de maladie rare dans le monde, pas en France.",80%,"Incorrecte. Cette réponse correspond à la proportion des maladies rares d’origine génétique, pas au nombre de maladies rares en France.",75%,"Incorrecte. Cette réponse correspond à la proportion des malades atteints de maladie rare qui sont des enfants, pas au nombre de maladies rares en France.",a
46,OIC-024-04-A,Quel bilan doit être réalisé en cas d'hémorragie du deuxième ou du troisième trimestre de grossesse?,Évaluation de la prise en charge d'une hémorragie du deuxième ou du troisième trimestre de grossesse,Échographie obstétricale,"Vitalité fœtale, position du placenta, HRP, EPF, liquide amniotique",Enregistrement cardiotocographique (RCF) et tocométrie,Evaluation de l'activité cardiaque fœtale et des contractions utérines,Bandelette urinaire à la recherche d'une protéinurie,Evaluation de la protéinurie urinaire,"Bilan biologique : NFS, TP, TCA, bilan d’hémostase plus complet selon l’importance du saignement et le diagnostic",Evaluation de la coagulation et des marqueurs inflammatoires,d
47,OIC-024-05-A,Quel est la définition de l'hémorragie du post partum (HPP) ?,Question évaluant la compréhension de la définition de l'hémorragie du post partum.,Hémorragie de plus de 500 mL dans les 24h qui suivent l'accouchement.,Correcte. L'hémorragie du post partum est définie comme une hémorragie de plus de 500 mL dans les 24h qui suivent l'accouchement.,Hémorragie de moins de 500 mL dans les 24h qui suivent l'accouchement.,Incorrecte. L'hémorragie du post partum est définie comme une hémorragie de plus de 500 mL dans les 24h qui suivent l'accouchement.,Hémorragie de plus de 1000 mL dans les 24h qui suivent l'accouchement est considérée comme sévère.,Correcte. L'hémorragie du post partum est définie comme une hémorragie de plus de 500 mL dans les 24h qui suivent l'accouchement. Une hémorragie de plus de 1000 mL est considérée comme sévère.,Hémorragie de moins de 1000 mL dans les 24h qui suivent l'accouchement est considérée comme sévère.,Incorrecte. L'hémorragie du post partum est définie comme une hémorragie de plus de 500 mL dans les 24h qui suivent l'accouchement. Une hémorragie de moins de 1000 mL n'est pas considérée comme sévère.,a
48,OIC-024-09-B,Quelle fréquence de l'HTAg est-elle chez les grossesses ?,Évaluation de la connaissance de l'épidémiologie de l'HTAg pendant la grossesse.,5 à 10 %,Correcte.,10 à 15 %,Incorrecte.,20 à 25 %,Incorrecte.,30 à 35 %,Incorrecte.,a
49,OIC-024-15-B,Quelle conduite à tenir après l'accouchement en cas d'HTAg ?,Évaluez la prise en charge après l'accouchement en cas d'HTAg.,Surveillance étroite et arrêt progressif du traitement antihypertenseur (objectifs : PAS < 150 mmHg et PAD < 100 mmHg),Correcte. La surveillance étroite et l'arrêt progressif du traitement antihypertenseur sont les mesures à prendre pour maintenir les objectifs de pression artérielle systolique et diastolique.,"Privilégier les inhibiteurs de l'enzyme de conversion (bénazépril, captopril, énalapril, quinapril) si la patiente n’allaite pas","Incorrecte. Les inhibiteurs de l'enzyme de conversion ne sont pas les seuls traitements à privilégier si la patiente n’allaite pas. Les bêtabloquants (labétalol, propranolol) et les inhibiteurs calciques (nicardipine, nifédipine) peuvent également être utilisés.",À la sortie : microprogestatifs et progestatifs ou une contraception non hormonale si HTA non stabilisée,"Correcte. Les microprogestatifs et les progestatifs peuvent être utilisés pour prévenir la récidive de l'HTAg, ainsi qu'une contraception non hormonale si l'HTA n'est pas stabilisée.",A la consultation postnatale : informer la patiente du risque cardiovasculaire et rénal ultérieur + suivi coordonné multidisciplinaire 3 mois après l'accouchement,Correcte. Il est important d'informer la patiente du risque cardiovasculaire et rénal ultérieur et de faire un suivi coordonné multidisciplinaire 3 mois après l'accouchement.,a
50,OIC-024-19-A,Quel facteur de risque de la menace d'accouchement prématuré est associé à une diminution de la compétence du col utérin ?,La question évalue la compréhension de la pathophysiologie de la menace d'accouchement prématuré et des facteurs de risque associés.,âge : jeune < 18 ans ou élevé > 35 ans,"Ce facteur de risque est incorrect car il est lié à l'âge de la mère, pas à la compétence du col utérin.","tabac, toxiques",Ce facteur de risque est incorrect car il n'est pas lié à la compétence du col utérin.,"grossesses rapprochées, nombreux enfants à charge",Ce facteur de risque est incorrect car il n'est pas lié à la compétence du col utérin.,"béance cervico-isthmique, conisation, col court mesuré en échographie au cours de la grossesse",Ce facteur de risque est correct car il est associé à une diminution de la compétence du col utérin.,d
51,OIC-026-01-B,"Quel diagnostic est le plus probable chez une femme enceinte de 35 ans, primipare, présentant une douleur abdominale brutale, une hémorragie génitale peu abondante, des contractions utérines brutales et permanentes, une prostration, une état de choc, une tachycardie et une bradycardie fœtale?",Cette question évalue la compréhension des étiologies devant une douleur abdominale aiguë chez la femme enceinte.,Hématome rétro-placentaire,"La femme enceinte de 35 ans, primipare, présentant une douleur abdominale brutale, une hémorragie génitale peu abondante, des contractions utérines brutales et permanentes, une prostration, une état de choc, une tachycardie et une bradycardie fœtale est un facteur de risque pour un hématome rétro-placentaire.",HELLP syndrome,"Le HELLP syndrome est associé à une Hypertension artérielle gravidique, pré-eclampsie, RCIU et une anémie, haptoglobine effondrée, LDH > 600 UI/L, schizocytes (hémolyse mécanique), hyperbilirubinémie (inconstante) et cytolyse hépatique (ASAT/ALAT > 70 UI/L) mais il n'est pas associé à une hémorragie génitale peu abondante, des contractions utérines brutales et permanentes, une prostration, une état de choc, une tachycardie et une bradycardie fœtale.",Rupture utérine,"La rupture utérine est associée à des facteurs de risque comme l'utérus cicatriciel (césarienne ou cause gynécologique = myomectomie), antécédent de perforation utérine, grande multiparité, travail très long, maturation par prostaglandines sur utérus cicatriciel et délai inferieur a 6 mois entre une chirurgie utérine et le début d’une grossesse mais elle n'est pas associée à une hémorragie génitale peu abondante, des contractions utérines brutales et permanentes, une prostration, une état de choc, une tachycardie et une bradycardie fœtale.",Chorioamniotite,"La chorioamniotite est associée à une fièvre maternelle (parfois absence), douleur abdominale et des contractions utérines, douleurs à la palpation utérine, une tachycardie fœtale ou des anomalies du RCF mais elle n'est pas associée à une hémorragie génitale peu abondante, des contractions utérines brutales et permanentes, une prostration, une état de choc, une tachycardie et une bradycardie fœtale.",a
52,OIC-027-15-A,Quel traitement initier en cas de charge virale élevée de l'hépatite B pendant la grossesse?,Cette question évalue la compréhension de la prise en charge de l'hépatite B pendant la grossesse.,Aucun traitement nécessaire,"Incorrect. En cas de charge virale élevée, un traitement antiviral doit être mis en place.",Traitement par vaccination,"Incorrect. Le traitement est antiviral, pas vaccinal.",Traitement par irradiation,Incorrect. L'irradiation n'est pas un traitement pour l'hépatite B.,Traitement antiviral,"Correct. En cas de charge virale élevée, un traitement antiviral doit être mis en place.",d
53,OIC-027-24-B,Quel risque est associé à la vaginose bactérienne au cours de la grossesse ?,Évaluer la connaissance de la relation entre la vaginose bactérienne et le risque d'accouchement prématuré.,Risque de menace d'accouchement prématuré,Correcte : La vaginose bactérienne a été suspectée de favoriser l'accouchement prématuré.,Risque de menace d'accouchement post-maturé,Incorrecte : Le risque de menace d'accouchement post-maturé n'est pas associé à la vaginose bactérienne.,Risque de menage d'accouchement prématuré,Incorrecte : Le risque de menage d'accouchement prématuré n'est pas associé à la vaginose bactérienne.,Risque de menage d'accouchement post-maturé,Incorrecte : Le risque de menage d'accouchement post-maturé n'est pas associé à la vaginose bactérienne.,a
54,OIC-027-28-A,"Une femme de 30 ans, enceinte de 28 semaines, a subi une version par manœuvre externe. Quelle prévention médicamenteuse doit être proposée pour éviter l'allo-immunisation antiérythrocytaire?",Cette question évalue la compréhension de la prévention de l'allo-immunisation antiérythrocytaire durant la grossesse en cas de version par manœuvre externe.,Injection d'immunoglobulines spécifiques (anti-D) (Rhophylac®) dans les 72 heures,Correcte. L'injection d'immunoglobulines spécifiques (anti-D) (Rhophylac®) doit être proposée dans les 72 heures pour éviter l'allo-immunisation antiérythrocytaire en cas de version par manœuvre externe.,Injection de Rhophylac® avant 28 semaines de grossesse,"Incorrecte. L'injection de Rhophylac® doit être proposée après l'injection d'anti-D, à partir du 2<sup>ème</sup> trimestre, et non avant 28 semaines de grossesse.",Réaliser un test de quantification de l'hémorragie fœtomaternelle (test de Kleihauer) avant toute injection d’immunoglobulines,Correcte. Un test de quantification de l'hémorragie fœtomaternelle (test de Kleihauer) doit être réalisé avant toute injection d’immunoglobulines pour calculer la dose à injecter.,Injection d'immunoglobulines spécifiques (anti-D) (Rhophylac®) après 72 heures,Incorrecte. L'injection d'immunoglobulines spécifiques (anti-D) (Rhophylac®) doit être proposée dans les 72 heures pour éviter l'allo-immunisation antiérythrocytaire en cas de version par manœuvre externe.,a
55,OIC-027-38-B,Quel est le retentissement fœtal d'une consommation importante d'alcool pendant la grossesse?,Cette question évalue la compréhension de l'impact de l'alcool sur le fœtus en cas de consommation importante.,Il n'y a pas de retentissement fœtal.,Cette option est incorrecte car une consommation importante d'alcool pendant la grossesse entraîne un risque d'occurrence de SAF.,Il y a un risque d'occurrence de SAF et de malformations fœtales.,Cette option est incorrecte car une consommation importante d'alcool pendant la grossesse entraîne un risque d'occurrence de SAF mais pas nécessairement de malformations fœtales.,"Il n'y a pas de retentissement fœtal d'une consommation importante d'alcool pendant la grossesse, sauf si l'alcoolisation est isolée et ne se répète pas.","Cette option est incorrecte car une consommation importante d'alcool pendant la grossesse entraîne un risque d'occurrence de SAF, même si l'alcoolisation est isolée et ne se répète pas.",Il y a un risque d'occurrence de SAF et de troubles cognitifs ou comportementaux à long terme.,Cette option est correcte car une consommation importante d'alcool pendant la grossesse entraîne un risque d'occurrence de SAF et de troubles cognitifs ou comportementaux à long terme.,d
56,OIC-027-39-A,Quel est le but de l'interrogatoire dans le dépistage de l'alcoolisation maternelle ?,La question évalue la compréhension de l'importance de l'interrogatoire dans le dépistage de l'alcoolisation maternelle.,Privilégier une attitude jugementale et des questions fermées,"Cette option est incorrecte car elle ne respecte pas les recommandations de l'interrogatoire (attitude empathique, questions indirectes et ouvertes).",Privilégier une attitude empathique et des questions indirectes et ouvertes,Cette option est correcte car elle respecte les recommandations de l'interrogatoire.,Privilégier une attitude jugementale et des questions fermées et ouvertes,"Cette option est incorrecte car elle ne respecte pas les recommandations de l'interrogatoire (attitude empathique, questions indirectes et ouvertes).",Privilégier une attitude neutre et des questions fermées,"Cette option est incorrecte car elle ne respecte pas les recommandations de l'interrogatoire (attitude empathique, questions indirectes et ouvertes).",b
57,OIC-027-40-B,Quel est le principal effet de la consommation de cannabis pendant la grossesse ?,La question évalue la compréhension des effets de la consommation de cannabis pendant la grossesse.,Retard de croissance intra-utérin,Correcte. La consommation de cannabis pendant la grossesse peut entraîner un retard de croissance intra-utérin.,Prématurité,Correcte. La consommation de cannabis pendant la grossesse peut entraîner la prématurité.,Syndrome de sevrage néonatal modéré,Correcte. La consommation de cannabis pendant la grossesse peut entraîner un syndrome de sevrage néonatal modéré.,"Troubles de l'attention, difficulté d'apprentissage, troubles du sommeil","Correcte. La consommation de cannabis pendant la grossesse peut entraîner des troubles de l'attention, de l'apprentissage et du sommeil.",a
58,OIC-030-01-B,"Un nouveau-né de 35 semaines d'âge gestationnel présente des signes de détresse respiratoire (tachypnée, apnées) et de fièvre. Quel traitement initier?",Évaluer la compréhension de la prise en charge d'une infection bactérienne néonatale.,Administrer de l'oxygène,Incorrecte. L'administration d'oxygène n'est pas un traitement de première intention pour une infection bactérienne néonatale.,Administrer de l'acide acétylsalicylique,Incorrecte. L'acide acétylsalicylique n'est pas un traitement de première intention pour une infection bactérienne néonatale.,Prélèvement d’une hémoculture,"Incorrecte. Le prélèvement d'une hémoculture est une mesure diagnostique, pas un traitement.",Administrer une antibiothérapie probabiliste immédiate,Correcte. L'administration d'une antibiothérapie probabiliste immédiate est le traitement de première intention pour une infection bactérienne néonatale.,d
59,OIC-032-02-B,"Un nouveau-né à terme de 38 SA présente une posture spontanée en quadriflexion, un angle poplité de 80° et un angle talon-oreille de 100°. Quel est le tonus passif du nouveau-né ?",Évaluer le tonus passif du nouveau-né à terme en fonction de sa posture spontanée et des angles des articulations.,Flexion,La posture spontanée en quadriflexion et les angles supérieurs à 90° indiquent un tonus passif de flexion.,Extension,La posture spontanée en quadriflexion et les angles inférieurs à 90° indiquent un tonus passif de flexion.,Hypotonie,"La posture spontanée en quadriflexion et les angles supérieurs à 90° indiquent un tonus passif de flexion, ce qui est normal pour un nouveau-né à terme.",Hypertonie,"La posture spontanée en quadriflexion et les angles supérieurs à 90° indiquent un tonus passif de flexion, ce qui est normal pour un nouveau-né à terme.",a
60,OIC-032-03-B,Quel soin systématique doit-il être administré à un nouveau-né à terme pour prévenir l'hypothermie ?,Évaluation clinique du nouveau-né à terme : connaître les critères pédiatriques de maturation d'un nouveau-né à terme [Rang B],Clampage et section du cordon,Incorrecte,"Prévention de l’hypothermie (séchage, bonnet)",Correcte,Mise au sein au cours de la première heure en cas de souhait d’allaitement maternel,Incorrecte,Évaluation du score Apgar,Incorrecte,b
61,OIC-032-06-A,Quel conseil pratique aux parents est recommandé pour l'allaitement maternel ?,Évaluation de la connaissance de la puériculture,L'allaitement maternel doit débuter précocement (au cours de la première heure de vie).,Correcte : L'allaitement maternel doit débuter précocement.,"Les contre-indications à l'allaitement maternel sont rares (infection maternelle par le VIH, cardiopathie ou néphropathie sévère maternelle, galactosémie chez l'enfant, certains médicaments).",Incorrecte : Les contre-indications à l'allaitement maternel sont rares mais pas uniquement celles-ci.,"Les contre-indications à l'allaitement maternel sont rares (infection maternelle par le VIH, cardiopathie ou néphropathie sévère maternelle, galactosémie chez l'enfant, certains médicaments) et les contre-indications à l'allaitement artificiel sont rares (infection par le VIH, maladie de Crohn, maladie de Whipple, maladie de la malabsorption).",Incorrecte : Les contre-indications à l'allaitement maternel sont rares mais pas uniquement celles-ci.,"Les contre-indications à l'allaitement maternel sont rares (infection maternelle par le VIH, cardiopathie ou néphropathie sévère maternelle, galactosémie chez l'enfant, certains médicaments) et les contre-indications à l'allaitement artificiel sont rares (infection par le VIH, maladie de Crohn, maladie de Whipple, maladie de la malabsorption) et les contre-indications à l'allaitement maternel sont rares (infection maternelle par le VIH, cardiopathie ou néphropathie sévère maternelle, galactosémie chez l'enfant, certains médicaments).",Incorrecte : Les contre-indications à l'allaitement maternel sont rares mais pas uniquement celles-ci.,a
62,OIC-037-04-A,Quelle tranche d'âge est la plus touchée par les interruptions volontaires de grossesse en France ?,La question évalue la connaissance de l'âge de la population réalisant le plus d'IVG en France.,Femmes de 30-34 ans,Cette réponse est incorrecte car les femmes de 20-29 ans ont le plus souvent accès à l’IVG en France.,Femmes de 20-24 ans,Cette réponse est correcte car c'est cette tranche d'âge qui est la plus touchée par les interruptions volontaires de grossesse en France.,Femmes de 25-29 ans,Cette réponse est incorrecte car les femmes de 20-29 ans ont le plus souvent accès à l’IVG en France.,Femmes de 15-19 ans,Cette réponse est incorrecte car le nombre d’IVG chez les personnes mineures n’augmente pas depuis 2005.,b
63,OIC-037-07-A,Quel est le nombre de consultations obligatoires pour une interruption volontaire de grossesse (IVG) en France ?,Cette question évalue la connaissance du nombre de consultations obligatoires pour une IVG en France.,2,Il y a deux consultations obligatoires pour une IVG en France : la consultation initiale et la consultation de confirmation.,3,"Il y a trois consultations obligatoires pour une IVG en France : la consultation initiale, la consultation de confirmation et la consultation de contrôle.",4,"Il y a quatre consultations obligatoires pour une IVG en France : la consultation initiale, la consultation de confirmation, la consultation de contrôle et la consultation postopératoire.",1,Il y a une consultation obligatoire pour une IVG en France : la consultation initiale.,a
64,OIC-038-02-A,Quel est le délai minimal pour définir un couple infertile selon l'Organisation Mondiale de la Santé (OMS)?,Cette question évalue la compréhension du délai minimal pour définir un couple infertile selon l'OMS.,12 mois,Correcte. Le délai minimal pour définir un couple infertile selon l'OMS est 12 mois.,6 mois,Incorrecte. Le délai minimal pour définir un couple infertile selon l'OMS est 12 mois.,18 mois,Incorrecte. Le délai minimal pour définir un couple infertile selon l'OMS est 12 mois.,36 mois,Incorrecte. Le délai minimal pour définir un couple infertile selon l'OMS est 12 mois.,a
65,OIC-039-03-A,Quel traitement est recommandé pour une patiente de 35 ans souffrant d'anovulation et désirant concevoir ?,Cette question évalue la compréhension de la stimulation ovarienne et de l'insémination artificielle (IA) en cas d'anovulation.,Insémination artificielle (IA) sans stimulation ovarienne,Incorrecte car l'IA est idéalement précédée d'une stimulation de la croissance folliculaire.,Stimulation ovarienne sans insémination artificielle (IA),Incorrecte car l'IA est idéalement précédée d'une stimulation de la croissance folliculaire.,Stimulation ovarienne et insémination artificielle (IA) sans monitorage de l’ovulation,Incorrecte car le monitorage de l’ovulation est nécessaire pour suivre la réponse ovarienne à la stimulation.,Stimulation ovarienne et insémination artificielle (IA) avec monitorage de l’ovulation,Correcte car la stimulation ovarienne et l'IA sont idéalement précédés d'un monitorage de l’ovulation.,d
66,OIC-039-04-A,Quelle technique de préservation de la fertilité féminine est la seule possible chez une fille prépubère?,Cette question évalue la compréhension de la technique de préservation de la fertilité féminine adaptée à l'âge de la patiente.,Congélation ou conservation d’ovocytes matures ou d’embryons,Cette technique nécessite une stimulation hormonale préalable et est donc inadaptée à l'âge de la patiente.,Congélation et conservation d’ovocytes matures sans stimulation hormonale préalable,Cette technique nécessite une ponction des ovocytes immatures contenus dans les petits follicules antraux sans injection d’hormone et peut être réalisée en urgence.,Congélation ou conservation de cortex ovarien,Cette technique consiste à un prélèvement d’une partie d’ovaire ou d’un ovaire entier le plus souvent lors d’une cœlioscopie et est la seule technique possible chez une fille prépubère.,Congélation ou conservation de spermatozoïdes éjaculés,Cette technique est inadaptée à l'âge de la patiente.,c
67,OIC-039-05-B,Quelle est la fréquence du recours à l'AMP en France en 2021 ?,Cette question évalue la compréhension de la fréquence du recours à l'AMP en France en 2021.,1 couple sur 4 à 6,"Cette option est incorrecte car elle est la définition de la fréquence du recours à l'AMP en France, mais elle ne donne pas le nombre exact.",48.000 tentatives d’IIU,"Cette option est incorrecte car elle est le nombre de tentatives d’IIU, mais elle ne donne pas le nombre total de recours à l'AMP en France.",62.000 ponctions d’ovocytes en vue d’une FIV +/- ICSI,"Cette option est incorrecte car elle est le nombre de ponctions d’ovocytes, mais elle ne donne pas le nombre total de recours à l'AMP en France.","3,7 % des naissances en France",Cette option est correcte car elle est le pourcentage de naissances après AMP en France en 2021.,d
68,OIC-039-10-A,Quelle indication médicale est la plus fréquente pour la préservation de la fertilité masculine chez un homme adulte pubère?,Cette question évalue la compréhension de la fréquence des indications de préservation de la fertilité masculine chez un homme adulte pubère.,Chimiothérapie pour le traitement d'une pathologie non cancéreuse,Cette option est incorrecte car la chimiothérapie n'est pas la plus fréquente indication pour la préservation de la fertilité masculine chez un homme adulte pubère.,Radiothérapie pour le traitement d'une pathologie cancéreuse,Cette option est incorrecte car la radiothérapie n'est pas la plus fréquente indication pour la préservation de la fertilité masculine chez un homme adulte pubère.,Chirurgie des testicules pour le traitement d'une tumeur bénigne du testicule,Cette option est incorrecte car la chirurgie des testicules n'est pas la plus fréquente indication pour la préservation de la fertilité masculine chez un homme adulte pubère.,Chimiothérapie pour le traitement d'un cancer du testicule,Cette option est correcte car la chimiothérapie est la plus fréquente indication pour la préservation de la fertilité masculine chez un homme adulte pubère.,d
69,OIC-039-12-B,Un couple formé d'un homme et d'une femme souhaitent recourir à l'assistance médicale à la procréation (AMP). Quel âge maximum peut la femme avoir pour que la technique d'AMP soit réalisée selon la loi de bioéthique d'août 2021 ?,La question évalue la compréhension de la limite d'âge pour la femme dans un couple souhaitant recourir à l'AMP selon la loi de bioéthique d'août 2021.,43 ans,Correcte. La femme peut avoir jusqu'à 43 ans pour que la technique d'AMP soit réalisée selon la loi de bioéthique d'août 2021.,45 ans,Incorrecte. La femme peut avoir jusqu'à 43 ans pour que la technique d'AMP soit réalisée selon la loi de bioéthique d'août 2021.,60 ans,Incorrecte. La femme peut avoir jusqu'à 43 ans pour que la technique d'AMP soit réalisée selon la loi de bioéthique d'août 2021.,50 ans,Incorrecte. La femme peut avoir jusqu'à 43 ans pour que la technique d'AMP soit réalisée selon la loi de bioéthique d'août 2021.,a
70,OIC-045-04-B,Quel prélèvement est réalisé pour le caryotype fœtal entre 15 semaines d’aménorrhée et la fin de la grossesse ?,Cette question évalue la compréhension des modalités de réalisation d'un caryotype fœtal.,Villosités choriales (PVC),"Correcte. Le caryotype fœtal peut être réalisé sur des villosités choriales entre 12 et 14 semaines d’aménorrhée, mais la question demande un prélèvement entre 15 semaines d’aménorrhée et la fin de la grossesse.",Liquide amniotique (PLA),Correcte. Le caryotype fœtal peut être réalisé sur un liquide amniotique entre 15 semaines d’aménorrhée et la fin de la grossesse.,Sang fœtal après 24 semaines d’aménorrhée,Correcte. Le caryotype fœtal peut être réalisé exceptionnellement sur sang fœtal après 24 semaines d’aménorrhée.,Sang veineux maternelle,Incorrecte. Le caryotype fœtal ne peut pas être réalisé sur sang veineux maternelle.,b
71,OIC-045-06-B,Un patient de 30 ans est suivi pour une trisomie 21. L'échographie a montré un retard de croissance intra-utérin sans cause placentaire et une cardiopathie. Quel diagnostic anténatal de trisomie 21 est le plus probable?,La question évalue la compréhension des modalités de diagnostic anténatal de trisomie 21.,Dépistage biologique,"Incorrect. Le dépistage biologique est un outil de dépistage précoce, pas de diagnostic.",Caryotype fœtal,Correct. Le caryotype fœtal est prescrit en cas d'anomalie à l'échographie.,Dépistage néonatal généralisé de la mucoviscidose,"Incorrect. Le dépistage néonatal généralisé de la mucoviscidose est un outil de dépistage néonatal, pas de diagnostic.",Dépistage anténatal de la mucoviscidose,"Incorrect. Le dépistage anténatal de la mucoviscidose est un outil de dépistage précoce, pas de diagnostic.",b
72,OIC-045-09-A,Un nouveau-né présente des signes cliniques de trisomie 21. Quel examen doit être réalisé d'urgence pour confirmer le diagnostic?,La question évalue la compréhension de l'évolution de la trisomie 21 et de l'examen du nouveau-né.,Caryotype fœtal,"Le caryotype fœtal est un examen qui permet de confirmer le diagnostic de trisomie 21, mais il est réalisé avant la naissance.",Examen de la numération formule sanguine plaquettes,"L'examen de la numération formule sanguine plaquettes est un examen qui permet de dépister des anomalies fréquentes de l'hémogramme chez les porteurs de trisomie 21, mais il n'est pas un examen d'urgence pour confirmer le diagnostic.",Auscultation cardiaque,"L'auscultation cardiaque est un examen qui permet de rechercher une cardiopathie dans 40 à 50 % des cas de trisomie 21, mais il n'est pas un examen d'urgence pour confirmer le diagnostic.",Examen de la vision,"L'examen de la vision est un examen qui permet de dépister des anomalies de la vision chez les porteurs de trisomie 21, mais il n'est pas un examen d'urgence pour confirmer le diagnostic.",a
73,OIC-045-11-B,Quel est l'espérance de vie d'une personne atteinte de trisomie 21?,La question évalue la compréhension de l'évolution naturelle d'une personne atteinte de trisomie 21.,60 ans,Correcte,70 ans,Incorrecte,80 ans,Incorrecte,90 ans,Incorrecte,a
74,OIC-045-12-B,Un couple souhaite avoir un enfant. Le père est atteint de mucoviscidose. Quel est le risque de transmettre la maladie à la descendance ?,Évaluation de la compréhension de la transmission de la mucoviscidose,1/2,Le père est atteint de mucoviscidose et transmettra obligatoirement une des deux mutations dont il est porteur,1/4,"Le père est atteint de mucoviscidose et transmettra obligatoirement une des deux mutations dont il est porteur, mais le risque est moindre si le statut du conjoint n'est pas connu",1/8,"Le père est atteint de mucoviscidose et transmettra obligatoirement une des deux mutations dont il est porteur, mais le risque est moindre si le statut du conjoint n'est pas connu et si seul le père est connu comme porteur",1/16,"Le père est atteint de mucoviscidose et transmettra obligatoirement une des deux mutations dont il est porteur, mais le risque est moindre si le statut du conjoint n'est pas connu et si seul le père est connu comme porteur et si le conjoint est également connu comme porteur",a
75,OIC-045-14-A,Un nouveau-né présente un dépistage néonatal systématique positif pour la mucoviscidose. Le diagnostic positif est confirmé par le test de la sueur. Quel est le seuil de valeur pour confirmer le diagnostic de mucoviscidose?,Cette question évalue la compréhension du seuil de valeur pour confirmer le diagnostic de mucoviscidose à partir d'un test de la sueur.,60 meq/L,Correcte. La valeur du test est supérieure à 60 meq/L pour confirmer le diagnostic de mucoviscidose.,40 meq/L,"Incorrecte. Entre 40 et 60 meq/L, le résultat est considéré comme intermédiaire et le test doit être répété.",80 meq/L,Incorrecte. La valeur du test est supérieure à 60 meq/L pour confirmer le diagnostic de mucoviscidose.,20 meq/L,"Incorrecte. Entre 40 et 60 meq/L, le résultat est considéré comme intermédiaire et le test doit être répété.",a
76,OIC-045-15-A,"Un nouveau-né présente des signes digestifs (stéatorrhée, douleurs abdominales, malnutrition) et respiratoires (toux, infections respiratoires à répétitions). Quel diagnostic est le plus probable?",Évaluation de la compréhension des manifestations de la mucoviscidose,Trisomie 21,Trisomie 21 ne présente pas de signes digestifs et respiratoires à ce niveau d'âge,Syndrome du X Fragile,Le syndrome du X Fragile ne présente pas de signes digestifs et respiratoires à ce niveau d'âge,Mucoviscidose,"La mucoviscidose présente des signes digestifs (stéatorrhée, douleurs abdominales, malnutrition) et respiratoires (toux, infections respiratoires à répétitions) à ce niveau d'âge",Cystic Fibrosis,"Cystic Fibrosis est une maladie génétique qui peut présenter des signes digestifs (stéatorrhée, douleurs abdominales, malnutrition) et respiratoires (toux, infections respiratoires à répétitions) à ce niveau d'âge",c
77,OIC-045-18-A,"Un garçon de 7 ans présente des difficultés cognitives, une hyperactivité, une intolérance à la frustration, une anxiété et des troubles du spectre de l'autisme. Quel diagnostic doit-il évoquer?",Cette question évalue la compréhension des signes cliniques du syndrome du X Fragile chez les garçons.,Syndrome du X Fragile,"Le syndrome du X Fragile peut être évoqué chez un garçon présentant des difficultés cognitives, une hyperactivité, une intolérance à la frustration, une anxiété et des troubles du spectre de l'autisme.",Troubles du spectre de l'autisme,"Les troubles du spectre de l'autisme peuvent être présents chez un garçon présentant des difficultés cognitives, une hyperactivité, une intolérance à la frustration, une anxiété et des troubles du spectre de l'autisme, mais ce n'est pas le diagnostic principal.",Déficience intellectuelle,"La déficience intellectuelle peut être présente chez un garçon présentant des difficultés cognitives, une hyperactivité, une intolérance à la frustration, une anxiété et des troubles du spectre de l'autisme, mais ce n'est pas le diagnostic principal.",Troubles du langage et/ou phonation,"Les troubles du langage et/ou phonation peuvent être présents chez un garçon présentant des difficultés cognitives, une hyperactivité, une intolérance à la frustration, une anxiété et des troubles du spectre de l'autisme, mais ce n'est pas le diagnostic principal.",a
78,OIC-047-01-A,Quel est l'âge du nourrisson qui a entre 1 et 23 mois ?,Évaluation de la compréhension des tranches d'âge des enfants,Nouveau-né,Incorrecte car un nouveau-né a entre 0 et 1 mois,Enfant,Incorrecte car un enfant a entre 2 ans et puberté,Adolescent,Incorrecte car un adolescent a plus de puberté,Nourrisson,Correcte car un nourrisson a entre 1 et 23 mois,d
79,OIC-047-03-A,"Un nourrisson de 1 an est amené en consultation pour une perte de poids. L'enfant présente un IMC de 15,5. Quel est le diagnostic le plus probable ?",Cette question évalue la compréhension de la croissance staturo-pondérale et des troubles de la croissance staturo-pondérale.,Retard de croissance staturo-pondérale,"L'IMC de 15,5 est inférieur au seuil normal de 18,5 pour un enfant de 1 an, ce qui est caractéristique d'un retard de croissance staturo-pondérale.",Surpoids,"L'IMC de 15,5 est inférieur au seuil normal de 18,5 pour un enfant de 1 an, ce qui est caractéristique d'un retard de croissance staturo-pondérale et non d'un surpoids.",Obésité,"L'IMC de 15,5 est inférieur au seuil normal de 18,5 pour un enfant de 1 an, ce qui est caractéristique d'un retard de croissance staturo-pondérale et non d'une obésité.",Anorexie,"L'IMC de 15,5 est inférieur au seuil normal de 18,5 pour un enfant de 1 an, ce qui est caractéristique d'un retard de croissance staturo-pondérale et non d'une anorexie.",a
80,OIC-047-04-A,Quel examen ophtalmologique doit être effectué systématiquement à 2 mois chez un enfant ?,Cette question évalue la compréhension du dépistage systématique des troubles visuels chez l'enfant.,Examen à 4 mois,Incorrect. L'examen ophtalmologique systématique doit être effectué à 2 mois.,Examen à 9 mois,Incorrect. L'examen ophtalmologique systématique doit être effectué à 2 mois.,Examen à 2 ans,Incorrect. L'examen ophtalmologique systématique doit être effectué à 2 mois.,Examen à 2 mois,Correct. L'examen ophtalmologique systématique doit être effectué à 2 mois.,d
81,OIC-047-05-B,Quel facteur de risque familial est associé à un strabisme ?,Évaluation de la compréhension des facteurs de risque des troubles visuels chez l'enfant.,Troubles neuro-moteurs,Incorrect. Troubles neuro-moteurs sont des facteurs de risque personnels.,Malformation du crâne ou de la face,Incorrect. Malformation du crâne ou de la face sont des facteurs de risque personnels.,Surdité,Incorrect. Surdité n'est pas un facteur de risque familial.,Strabisme,Correct. Strabisme est un facteur de risque familial.,d
82,OIC-047-08-B,Quel est l'âge à partir duquel l'acuité visuelle d'un enfant atteint 10/10ème?,Cette question évalue la compréhension du développement du système visuel chez l'enfant.,1 an,L'acuité visuelle d'un enfant ne dépasse généralement pas 1/30ème à 1 an.,2 ans,L'acuité visuelle d'un enfant ne dépasse généralement pas 1/30ème à 2 ans.,3 ans,L'acuité visuelle d'un enfant ne dépasse généralement pas 1/30ème à 3 ans.,5-6 ans,L'acuité visuelle d'un enfant atteint généralement 10/10ème vers 5-6 ans.,d
83,OIC-047-09-A,Quel signe fonctionnel évocateur de malvoyance chez un enfant de 2 ans est le plus fréquent ?,La question évalue la compréhension des signes fonctionnels évocateurs de malvoyance chez un enfant de 2 ans.,Indifférence à l'entourage,Ce signe est incorrect car il est plus fréquent avant 2 ans.,Retard langage,Ce signe est incorrect car il est plus fréquent après 2 ans.,Fatigabilité,Ce signe est incorrect car il est plus fréquent après 2 ans.,Plissement des paupières,Ce signe est correct car il est le plus fréquent chez un enfant de 2 ans.,d
84,OIC-047-10-A,Quel âge est-il important de dépister les troubles auditifs chez un enfant ?,Cette question évalue la compréhension des modalités du dépistage systématique des troubles auditifs chez un enfant.,6 ans,Cette réponse est incorrecte car le dépistage doit être effectué à des âges clés plus précoces.,9 mois,Cette réponse est correcte car le dépistage doit être effectué à 9 mois.,24 mois,Cette réponse est correcte car le dépistage doit être effectué à 24 mois.,36 mois,Cette réponse est incorrecte car le dépistage doit être effectué à des âges clés plus précoces.,b
85,OIC-047-14-A,Quel est le degré d'audition d'un enfant sourd ?,Évaluer la compréhension de la définition d'un enfant sourd.,Légère,Perte auditive de 21 à 40 décibels (dB).,Moyenne,Perte de 41 à 70 dB.,Sévère,Perte de 71 à 90 dB.,Profonde,Perte supérieure à 90 dB où rien n’est perçu même à voix forte.,d
86,OIC-047-16-A,Quelle numérotation dentaire internationale est utilisée pour identifier les dents d'un enfant?,Question évaluant la connaissance de la numérotation dentaire internationale utilisée pour identifier les dents d'un enfant.,Numérotation dentaire de l'adulte,Incorrecte car la numérotation dentaire de l'adulte est différente de celle utilisée pour les dents d'un enfant.,Numérotation dentaire de l'enfant à partir de la première dent,Incorrecte car la numérotation dentaire de l'enfant est différente de celle utilisée pour les dents d'un enfant.,Numérotation dentaire de l'enfant à partir de la dernière dent,Incorrecte car la numérotation dentaire de l'enfant est différente de celle utilisée pour les dents d'un enfant.,Numérotation dentaire internationale,Correcte car la numérotation dentaire internationale est utilisée pour identifier les dents d'un enfant.,d
87,OIC-047-17-A,Quel est la définition d'une carie dentaire ?,Évaluation de la compréhension de la définition d'une carie dentaire,Une destruction de l'émail et de la dentine des dents avec formation d'une cavité,Correcte,Une destruction de la dentine et de l'émail des dents avec formation d'une cavité,Incorrecte,Une destruction de la dentine et de l'émail des dents sans formation de cavité,Incorrecte,Une destruction de l'émail et de la dentine des dents sans formation de cavité,Incorrecte,a
88,OIC-047-21-A,Quel examen doit être effectué à chaque consultation de suivi de la maternité jusqu'à l'âge de la marche pour dépister une luxation congénitale de hanche?,La question évalue la compréhension de la recommandation de dépistage précoce de la luxation congénitale de hanche.,Examen des hanches à chaque consultation de suivi de la maternité jusqu'à l'âge de la marche,Correcte. L'examen des hanches doit être effectué à chaque consultation de suivi de la maternité jusqu'à l'âge de la marche pour dépister une luxation congénitale de hanche.,Examen des hanches à l'âge de 2 ans,Incorrecte. L'examen des hanches doit être effectué à chaque consultation de suivi de la maternité jusqu'à l'âge de la marche.,Examen des hanches à l'âge de 5 ans,Incorrecte. L'examen des hanches doit être effectué à chaque consultation de suivi de la maternité jusqu'à l'âge de la marche.,Examen des hanches à l'âge de 10 ans,Incorrecte. L'examen des hanches doit être effectué à chaque consultation de suivi de la maternité jusqu'à l'âge de la marche.,a
89,OIC-047-22-A,Un nourrisson de 6 mois montre un raccourcissement de la cuisse et des plis cutanés symétriques. Quel examen clinique doit être effectué pour dépister une luxation congénitale de hanche ?,Évaluer la compréhension de l'examen clinique pour dépister une luxation congénitale de hanche,Examen de la vue,"Incorrecte, l'examen de la vue n'est pas pertinent pour dépister une luxation congénitale de hanche",Examen de l'audition,"Incorrecte, l'examen de l'audition n'est pas pertinent pour dépister une luxation congénitale de hanche",Examen de la dentition,"Incorrecte, l'examen de la dentition n'est pas pertinent pour dépister une luxation congénitale de hanche","Examen de la hanche, y compris la recherche de limitations d'abduction et d'instabilité de hanche","Correcte, l'examen de la hanche, y compris la recherche de limitations d'abduction et d'instabilité de hanche, est pertinent pour dépister une luxation congénitale de hanche",d
90,OIC-047-25-B,Un enfant de 3 ans présente une boiterie et une douleur chronique à la hanche. Quelle complication peut-il développer si le diagnostic et le traitement sont retardés ?,Évaluation de la compréhension des complications d'une luxation congénitale de hanche,Une atteinte dégénérative précoce,Correcte. La boiterie et la douleur chronique sont des signes d'une atteinte dégénérative précoce.,Une infection de la hanche,Incorrecte. Une infection de la hanche n'est pas une complication de la luxation congénitale de hanche.,Une fracture de la hanche,Incorrecte. Une fracture de la hanche n'est pas une complication de la luxation congénitale de hanche.,Une déformation de la hanche,Correcte. La boiterie est un signe d'une déformation de la hanche.,d
91,OIC-047-28-A,"Un enfant de 7 ans présente une déformation de la colonne dans les 3 plans non douleur, avec mise en évidence d'une gibbosité. Quel examen clinique est recommandé pour confirmer le diagnostic?","Cette question évalue la compréhension de l'examen clinique de la scoliose chez un enfant. Elle est basée sur le contenu éducatif concernant le dépistage des anomalies orthopédiques et des troubles visuels, auditifs et dentaires.",Examen de la vision,Incorrect. L'examen de la vision n'est pas pertinent pour dépister une scoliose.,Examen de l'audition,Incorrect. L'examen de l'audition n'est pas pertinent pour dépister une scoliose.,Examen de la dentition,Incorrect. L'examen de la dentition n'est pas pertinent pour dépister une scoliose.,Examen de la colonne vertébrale,Correct. L'examen de la colonne vertébrale est recommandé pour confirmer le diagnostic de scoliose.,d
92,OIC-047-31-B,Quel diagnostic est le plus fréquent pour une cyphose thoracique douloureuse chez un enfant?,Évaluation de la connaissance des modalités du diagnostic de la cyphose thoracique de l'enfant,Maladie de Scheuermann,Cause la plus fréquente de cyphose thoracique douloureuse chez un enfant,Maladie de Marfan,Cause rare de cyphose thoracique douloureuse chez un enfant,Maladie de Bechterew,Cause rare de cyphose thoracique douloureuse chez un enfant,Maladie de Paget,Cause rare de cyphose thoracique douloureuse chez un enfant,a
93,OIC-047-34-A,Quel bilan de santé est effectué à l'âge de 6 ans pour un enfant scolarisé ?,Évaluer la compréhension des bilans de santé systématiques à l'âge scolaire.,"Habitus, repérage troubles langage, mensuration, tension artérielle, dépistage vue et audition, développement, examen somatique, recherche d'obstruction rhinopharyngée, état bucco-dentaire.",Correcte. Cette liste correspond à l'examen clinique systématique effectué à l'âge de 6 ans pour un enfant scolarisé.,"Habitus, repérage troubles langage, mensuration, tension artérielle, dépistage vue et audition, développement, examen somatique, recherche d'obstruction rhinopharyngée, état bucco-dentaire, bandelette urinaire.",Incorrecte. La bandelette urinaire n'est pas incluse dans le bilan de santé effectué à l'âge de 6 ans pour un enfant scolarisé.,"Habitus, repérage troubles langage, mensuration, tension artérielle, dépistage vue et audition, développement, examen somatique, recherche d'obstruction rhinopharyngée, état bucco-dentaire, écran et risque saturnisme.",Incorrecte. L'écran et le risque saturnisme ne sont pas inclus dans le bilan de santé effectué à l'âge de 6 ans pour un enfant scolarisé.,"Habitus, repérage troubles langage, mensuration, tension artérielle, dépistage vue et audition, développement, examen somatique, recherche d'obstruction rhinopharyngée, état bucco-dentaire, bandelette urinaire, écran et risque saturnisme.",Incorrecte. La bandelette urinaire n'est pas incluse dans le bilan de santé effectué à l'âge de 6 ans pour un enfant scolarisé.,a
94,OIC-047-35-A,Quel élément constitutif du carnet de santé est-il important pour les conseils de puériculture et l'alimentation ?,La question évalue la compréhension de l'utilité du carnet de santé pour les conseils de puériculture et l'alimentation.,Antécédents personnels et familiaux,Cet élément ne contient pas de conseils de puériculture et d'alimentation.,Données néonatales,Cet élément ne contient pas de conseils de puériculture et d'alimentation.,Données de suivi avec synthèse de l'examen et conclusions,Cet élément ne contient pas de conseils de puériculture et d'alimentation.,"Tout au long du carnet : conseils de puériculture, alimentation, parentalité",Cet élément contient des conseils de puériculture et d'alimentation.,d
95,OIC-047-36-B,Quel organisme assure la prise en charge à 100% des consultations obligatoires de suivi pour un nourrisson ou un enfant ?,Évaluation de la connaissance des modalités d'organisation et d'indemnisation du suivi systématique obligatoire du nourrisson et de l'enfant.,Assurance maladie,Correcte. La prise en charge à 100% des consultations obligatoires de suivi est assurée par l'Assurance maladie.,PMI,"Partiellement correcte. Les services de PMI peuvent assurer les consultations obligatoires de suivi jusqu'à 6 ans, mais la prise en charge à 100% est assurée par l'Assurance maladie.",Médecin traitant de l'enfant,"Partiellement correcte. Le médecin traitant de l'enfant peut assurer les consultations obligatoires de suivi, mais la prise en charge à 100% est assurée par l'Assurance maladie.",Médecine scolaire,Incorrecte. La médecine scolaire n'est pas responsable de la prise en charge à 100% des consultations obligatoires de suivi du nourrisson ou de l'enfant.,a
96,OIC-047-37-B,"Quel document doit être adressé au médecin responsable du service de PMI du département pour les examens de santé obligatoires du nourrisson, aux 8ème jour, 9ème et 24ème mois?",Cette question évalue la compréhension de la coordination entre les examens de santé obligatoires et la médecine scolaire.,Feuillets mobiles dans le carnet de santé,Cette réponse est incorrecte car les feuillets mobiles dans le carnet de santé ne sont pas adressés au médecin responsable du service de PMI du département.,Collection de données épidémiologiques sur l'état de santé,Cette réponse est incorrecte car la collection de données épidémiologiques sur l'état de santé n'est pas adressée au médecin responsable du service de PMI du département.,Certificat médical de naissance,Cette réponse est incorrecte car le certificat médical de naissance n'est pas adressé au médecin responsable du service de PMI du département.,Feuillets mobiles dans le carnet de santé et collection de données épidémiologiques sur l'état de santé,Cette réponse est incorrecte car les feuillets mobiles dans le carnet de santé et la collection de données épidémiologiques sur l'état de santé ne sont pas adressés au médecin responsable du service de PMI du département.,a
97,OIC-047-41-A,Un nourrisson de 3 mois est victime d'un accident domestique. Quelle prévention est la plus efficace pour réduire le risque d'accidents chez les 0-6 ans?,Cette question évalue la compréhension des moyens de prévention des accidents chez les 0-6 ans.,Réglementations sur les jouets,"Réglementations sur les jouets sont une mesure de prévention des accidents chez les 0-6 ans, mais ne sont pas la seule mesure.",Éducation à la santé,"Éducation à la santé est une mesure de prévention des accidents chez les 0-6 ans, mais ne sont pas la seule mesure.",Adaptation de l'environnement aux enfants,"Adaptation de l'environnement aux enfants est une mesure de prévention des accidents chez les 0-6 ans, mais ne sont pas la seule mesure.",Aucune des précédentes,Aucune des précédentes ne sont les seules mesures de prévention des accidents chez les 0-6 ans.,c
98,OIC-048-01-A,Un nourrisson de 5 mois est hospitalisé pour diarrhée aiguë sévère. Quelle préparation lactée est la plus appropriée pour lui?,Cette question évalue la compréhension de la diversification de l'alimentation et de la sélection de la préparation lactée appropriée en cas de diarrhée aiguë sévère.,Laits hypoallergéniques,Incorrect. Les laits hypoallergéniques ne sont pas indiqués en cas de diarrhée aiguë sévère.,Laits antirégurgitations,Incorrect. Les laits antirégurgitations ne sont pas indiqués en cas de diarrhée aiguë sévère.,Laits sans lactose,Correct. Les laits sans lactose sont indiqués en cas de diarrhée aiguë sévère nécessitant une hospitalisation et récidive ou pérennisation de la diarrhée 5-7 jours après la réintroduction du lait.,Hydrolysats poussés de protéines,"Incorrect. Les hydrolysats poussés de protéines sont indiqués en cas d’allergie aux protéines du lait de vache, pas en cas de diarrhée aiguë sévère.",c
99,OIC-048-02-A,Quel est l'intérêt principal de la diversification de l'alimentation chez les nourrissons de 4 à 6 mois ?,La question évalue la compréhension de l'intérêt principal de la diversification de l'alimentation chez les nourrissons de 4 à 6 mois.,Pour répondre à la quasi-totalité des besoins nutritionnels du nourrisson jusqu’à l’âge de 12 mois,Incorrect. La diversification de l'alimentation ne répond qu'à un intérêt nutritionnel marginal chez les nourrissons de 4 à 6 mois.,Pour favoriser l'acquisition de la tolérance aux nouvelles protéines alimentaires,Correct. La diversification de l'alimentation favorise l'acquisition de la tolérance aux nouvelles protéines alimentaires.,Pour permettre un développement optimal du goût,Correct. La diversification de l'alimentation permet un développement optimal du goût.,Pour favoriser le développement de la mastication,Correct. La diversification de l'alimentation favorise le développement de la mastication.,b
100,OIC-048-04-A,Quel âge est-il recommandé pour commencer à introduire des morceaux de nourriture à un nourrisson de 10 mois?,La question évalue la compréhension de la séquence de diversification de l'alimentation pour les nourrissons.,4 mois,Incorrecte. Les morceaux de nourriture ne doivent pas être introduits avant 10 mois.,8 mois,Incorrecte. Les morceaux de nourriture doivent être introduits à partir de 10 mois.,10 mois,Correcte. Les morceaux de nourriture doivent être introduits à partir de 10 mois.,12 mois,Incorrecte. Les morceaux de nourriture doivent être introduits à partir de 10 mois.,c
101,OIC-049-02-A,Qu'est-ce que la prémature pubarche ou adrénarche ?,Question de définition de terme médical. Évalue la compréhension de la physiopathologie de la prémature pubarche ou adrénarche.,Une augmentation physiologique des androgènes surrénaliens autour de l'âge de 8 ans.,Correcte. La prémature pubarche ou adrénarche est liée à une augmentation physiologique des androgènes surrénaliens autour de l'âge de 8 ans.,"Une production pathologique d'androgènes d'origine surrénalienne ou gonadique : hyperplasie congénitale des surrénales, tumeur surrénalienne, tumeur gonadique.","Partiellement correcte. La prémature pubarche ou adrénarche nécessite d'avoir éliminé une production pathologique d'androgènes d'origine surrénalienne ou gonadique, mais la liste des possibilités n'est pas exhaustive.","Un diagnostic d'élimination, qui nécessite d'avoir éliminé une puberté précoce vraie.","Partiellement correcte. La prémature pubarche ou adrénarche est un diagnostic d'élimination, mais elle nécessite d'avoir éliminé une production pathologique d'androgènes d'origine surrénalienne ou gonadique avant de conclure à une prémature pubarche ou adrénarche.",Une augmentation physiologique des androgènes surrénaliens autour de l'âge de 2 ans.,"Incorrecte. L'âge de survenue de la prémature pubarche ou adrénarche est autour de l'âge de 8 ans, pas autour de l'âge de 2 ans.",a
102,OIC-049-06-B,Quel hormone stimule la production de testostérone chez le garçon lors de la puberté ?,Question évaluant la compréhension des mécanismes physiologiques de la puberté masculine.,FSH,FSH est responsable de la croissance du volume testiculaire et stimule la production de testostérone chez le garçon.,LH,LH stimule la production de testostérone à l'origine du développement des caractères sexuels secondaires chez le garçon.,GH,"GH augmente la fréquence et l'amplitude des pics de sécrétion d'hormone de croissance, mais ne stimule pas la production de testostérone.",Leptine,"La leptine est un facteur neuroendocrinien qui module la pulsatilité de la GnRH, mais n'est pas responsable de la production de testostérone.",b
103,OIC-049-07-B,Quels sont les deux facteurs susceptibles d'influencer la puberté (génétique et environnement) ?,La question évalue la compréhension des deux facteurs qui influencent la puberté : génétique et environnement.,Le facteur génétique et le facteur environnemental,"Correcte. La question demande les deux facteurs, pas un seul.",Le facteur génétique et le facteur hormonal,Incorrecte. Le facteur hormonal n'est pas un facteur qui influence la puberté.,Le facteur génétique et le facteur nutritionnel,Incorrecte. Le facteur nutritionnel n'est pas un facteur qui influence la puberté.,Le facteur génétique et le facteur pathologique,Incorrecte. Le facteur pathologique n'est pas un facteur qui influence la puberté.,a
104,OIC-049-08-B,Quel facteur est responsable de la croissance du volume testiculaire chez le garçon pendant la puberté ?,Question évaluant la compréhension de la physiopathologie de la puberté masculine.,Le facteur stimulant la production de testostérone,"Incorrecte, la LH stimule la production de testostérone, pas la FSH.",Le facteur stimulant la production de œstrogènes,"Incorrecte, la LH et la FSH entraînent l'activation ovarienne et la production d'œstrogènes chez la fille, pas chez le garçon.",Le facteur stimulant la croissance du volume utérin,"Incorrecte, la LH et la FSH entraînent l'activation ovarienne et la production d'œstrogènes à l'origine du développement utérin chez la fille, pas chez le garçon.",La FSH,"Correcte, la FSH est responsable de la croissance du volume testiculaire chez le garçon pendant la puberté.",d
105,OIC-049-09-A,Un garçon de 8 ans présente une augmentation du volume testiculaire. Quel diagnostic est le plus probable ?,Cette question évalue la compréhension de la définition de la puberté précoce.,Puberté précoce,"Augmentation du volume testiculaire avant l'âge de 9 ans chez un garçon, ce qui correspond à la définition de la puberté précoce.",Puberté avancée,"Augmentation du volume testiculaire à un âge non précoce mais qui peut entraver le pronostic de taille adulte, ce qui ne correspond pas à la situation décrite.",Retard pubertaire,"Défaut de développement pubertaire, ce qui ne correspond pas à la situation décrite.",Néoplasie testiculaire,"Cancer du testicule, qui n'est pas lié à la puberté et ne peut être le diagnostic le plus probable dans ce cas.",a
106,OIC-049-14-B,Quel est le diagnostic le plus probable pour une puberté précoce chez une fille de 8 ans présentant une hyperandrogénie sans activation gonadotrope ?,Évaluer la compréhension des étiologies précises des pubertés précoces,Tumoral du chiasma,"Incorrecte car il s'agit d'une puberté périphérique, non centrale",Hydrocéphalie,"Incorrecte car il s'agit d'une puberté périphérique, non centrale",Hyperandrogénie exogène,"Incorrecte car il s'agit d'une puberté périphérique, non exogène",Corticosurrénalôme,"Correcte car il s'agit d'une puberté périphérique, surrénalienne",d
107,OIC-049-21-B,Quel diagnostic est le plus approprié pour un enfant de moins de 2 ans présentant un développement mammaire prématuré?,Évaluer la compréhension de la puberté précoce et de la prémature thélarche.,Prémature thélarche isolée,Correcte. Le développement mammaire prématuré chez un enfant de moins de 2 ans est typiquement une prémature thélarche isolée.,Prémature thélarche avec pubarche,Incorrecte. La prémature thélarche est typiquement isolée chez un enfant de moins de 2 ans. La pubarche est un signe de puberté plus avancée.,Prémature thélarche avec ménarche,Incorrecte. La prémature thélarche est typiquement isolée chez un enfant de moins de 2 ans. La ménarche est un signe de puberté plus avancée.,Prémature thélarche avec retard pubertaire,Incorrecte. La prémature thélarche est typiquement isolée chez un enfant de moins de 2 ans. Le retard pubertaire est un signe de puberté retardée.,a
108,OIC-049-23-B,Quel est le diagnostic le plus probable pour une fille de 7 ans présentant un développement mammaire et une accélération de la vitesse de croissance ?,La question évalue la compréhension de la puberté précoce et de ses signes cliniques.,Puberté normale,Cette option est incorrecte car la vitesse de croissance est accélérée.,Adrénarche,Cette option est incorrecte car il n'y a pas de signes d'adrénaline surproduction.,Puberté précoce,Cette option est correcte car la vitesse de croissance est accélérée et le développement mammaire est précoce.,Retard pubertaire,Cette option est incorrecte car la vitesse de croissance est accélérée et non pas ralentie.,c
109,OIC-049-24-B,Quel examen d'imagerie est indiqué en cas de puberté précoce centrale ?,La question évalue la compréhension de l'indication des examens d'imagerie devant une puberté anormale.,IRM cérébrale à la recherche d’une tumeur touchant la région hypothalamo-hypophysaire,Correcte. L'IRM cérébrale est indiquée pour rechercher une tumeur touchant la région hypothalamo-hypophysaire en cas de puberté précoce centrale.,Echographie pelvienne chez la fille,"Incorrecte. L'echographie pelvienne est indiquée en cas de puberté pathologique périphérique chez la fille, pas en cas de puberté précoce centrale.",TAC thoraco-abdomino-pelvienne,Incorrecte. Le TAC thoraco-abdomino-pelvienne n'est pas indiqué en cas de puberté précoce centrale.,Scanner abdominal,Incorrecte. Le scanner abdominal n'est pas indiqué en cas de puberté précoce centrale.,a
110,OIC-049-25-A,Quel est l'objectif de l'échographie pelvienne et de la radiographie de la main et du poignet dans une puberté pathologique?,Cette question évalue la compréhension de l'objectif des examens complémentaires dans une puberté pathologique.,"Éliminer une tumeur/kyste ovarien(ne) et mesurer la longueur utérine (si> 35 mm, imprégnation oestrogénique=début pubertaire)","Correcte. L'échographie pelvienne permet d'éliminer une tumeur/kyste ovarien(ne) et de mesurer la longueur utérine si elle est supérieure à 35 mm, ce qui indique une imprégnation oestrogénique et donc le début de la puberté.",Mesurer l'âge osseux de la main et du poignet,"Partiellement correcte. La radiographie de la main et du poignet permet de mesurer l'âge osseux, mais c'est uniquement pour la main.","Éliminer une tumeur/kyste ovarien(ne) et mesurer la longueur utérine (si< 35 mm, imprégnation oestrogénique=début pubertaire)",Incorrecte. L'échographie pelvienne ne permet pas d'éliminer une tumeur/kyste ovarien(ne) si la longueur utérine est inférieure à 35 mm.,"Mesurer l'âge osseux de la main, du poignet et de la colonne vertébrale","Incorrecte. La radiographie de la main et du poignet permet de mesurer l'âge osseux de la main et du poignet, mais pas de la colonne vertébrale.",a
111,OIC-050-05-B,Quel examen complémentaire est utile en cas de doute diagnostic avec une torsion du cordon spermatique ancienne (> 24h) ?,Cette question évalue la compréhension de l'examen complémentaire à réaliser en cas de doute diagnostic avec une torsion du cordon spermatique ancienne.,ECBU avec antibiogramme,"Cette option est incorrecte car elle est utilisée pour diagnostiquer une orchi-épididymite, pas une torsion du cordon spermatique.",Prélèvement d’un éventuel écoulement urétral,Cette option est correcte car elle est utile pour rechercher C. trachomatis et gonocoque en cas de doute diagnostic avec une torsion du cordon spermatique.,Hémocultures,Cette option est incorrecte car elle est rarement positive en cas d’infection à BGN et n’est pas utile en cas de doute diagnostic avec une torsion du cordon spermatique.,Échographie scrotale,Cette option est correcte car elle peut être utile pour diagnostiquer une torsion du cordon spermatique ancienne (> 24h).,d
112,OIC-050-08-A,"Quel diagnostic est-il le plus approprié pour une bourse augmentée de volume, non douloureuse, non inflammatoire, suspendue au-dessus et indépendante du testicule chez un adulte ?",Cette question évalue la compréhension de la présentation clinique d'un kyste du cordon et la capacité à diagnostiquer correctement.,Hydrocèle,"Incorrecte car une hydrocèle est une bourse augmentée de volume, non douloureuse, non inflammatoire, mais elle est située autour du testicule et non suspendue au-dessus.",Tumeur du testicule,Incorrecte car une tumeur du testicule est une tuméfaction située autour du testicule et non suspendue au-dessus.,Hernie inguinale,"Incorrecte car une hernie inguinale est une hernie qui se présente sous forme de bourse augmentée de volume, non douloureuse, mais elle est située dans la région inguinale et non suspendue au-dessus.",Kyste du cordon,"Correcte car un kyste du cordon est une tuméfaction suspendue au-dessus et indépendante du testicule, non douloureuse.",d
113,OIC-050-10-A,Un nouveau-né présente un testicule non descendu mais palpable en dehors de son trajet normal de migration. Quel diagnostic topographique est le plus probable ?,La question évalue la compréhension des diagnostics topographiques possibles pour un testicule non descendu mais palpable en dehors de son trajet normal de migration.,Un testicule non descendu mais palpable sur le trajet normal de migration,Cette option est incorrecte car le testicule est palpable en dehors de son trajet normal de migration.,"Un testicule non descendu mais palpable en dehors de son trajet normal de migration : Anciennement appelés « ectopies vraies », le testicule peut être en position fémorale, pubo-pénienne ou intra-scrotale croisée",Cette option est la plus probable car le testicule est palpable en dehors de son trajet normal de migration.,Un testicule non descendu et non palpable,Cette option est incorrecte car le testicule est palpable en dehors de son trajet normal de migration.,Un testicule oscillant (« ascenseur ») et non d’une cryptorchidie,Cette option est incorrecte car le testicule est palpable en dehors de son trajet normal de migration.,b
114,OIC-050-12-B,Quel traitement est recommandé pour un testicule non descendu non palpable chez un enfant?,"La question évalue la compréhension de la prise en charge de la cryptorchidie chez un enfant. Il s'agit d'un cas clinique concret avec un âge chiffré (enfant), un sexe (mâle), un motif de consultation (testicule non descendu non palpable) et 2 signes cliniques précis (non descendu non palpable). La question est factuelle et ne reprend pas de phrases du texte source mot pour mot. Elle teste l'application des connaissances à un cas nouveau, pas la restitution de définitions.",Abaissement testiculaire par un abord inguinal et fixation par voie scrotale,"Correcte. Selon le texte source, en cas de testicule non descendu non palpable, on commence l’intervention par une laparoscopie exploratrice à la recherche du testicule puis on réalise un abaissement chirurgical en un ou deux temps (après ligature première des vaisseaux spermatiques).",Injection intra-musculaire HCG,"Incorrecte. Selon le texte source, le traitement médical par injection intra-musculaire HCG n’est plus recommandé chez l’enfant.",Abaissement testiculaire par voie scrotale,"Incorrecte. Selon le texte source, l’abaissement testiculaire est réalisé par un abord inguinal puis on fixe le testicule par voie scrotale.",Surveillance par autopalpation à vie,"Incorrecte. Selon le texte source, une surveillance par autopalpation à vie est recommandée, mais cela concerne les testicules abaissés, pas ceux non palpables.",a
115,OIC-050-13-A,Quel diagnostic doit-on évoquer chez un homme adulte présentant un phimosis et un diabète mal équilibré?,La question évalue la compréhension de la relation entre le phimosis et le diabète mal équilibré.,Cancer du pénis,Le cancer du pénis n'est pas lié au diabète mal équilibré.,Lichen scléro-atrophique,Le lichen scléro-atrophique n'est pas lié au diabète mal équilibré.,Balanoposthite,La balanoposthite peut être favorisée par un diabète mal équilibré.,Thrombose veineuse,La thrombose veineuse n'est pas liée au diabète mal équilibré.,c
116,OIC-050-15-A,"Un patient de 25 ans présente une douleur aiguë, brutale, intense, continue, unilatérale, irradiant vers la région inguinale, sans position antalgique. Il a été diagnostiqué d'une torsion du cordon spermatique. Quel est le premier traitement à initier?",La question évalue la compréhension de la méthode de traitement d'une torsion du cordon spermatique.,Administrer des antibiotiques,Incorrect. Les antibiotiques ne sont pas le premier traitement à initier pour une torsion du cordon spermatique.,Effectuer une détorsion externe,Correct. La détorsion externe est le premier traitement à initier pour une torsion du cordon spermatique.,Admettre le patient en observation,Incorrect. L'admission en observation n'est pas le premier traitement à initier pour une torsion du cordon spermatique.,Effectuer une laparotomie,Incorrect. La laparotomie n'est pas le premier traitement à initier pour une torsion du cordon spermatique.,b
117,OIC-051-04-B,Un enfant présente des troubles mictionnels. Quel trouble psychiatrique est le plus fréquemment associé à ces troubles ?,La question évalue la compréhension de la relation entre les troubles mictionnels et les troubles psychiatriques chez les enfants.,Trouble déficitaire de l'attention avec hyperactivité (TDAH),Cette option est incorrecte car elle n'est pas le trouble psychiatrique le plus fréquemment associé aux troubles mictionnels chez les enfants.,Troubles du développement et des apprentissages,Cette option est incorrecte car elle n'est pas le trouble psychiatrique le plus fréquemment associé aux troubles mictionnels chez les enfants.,Troubles du sommeil à type d’apnées du sommeil et parasomnies,Cette option est incorrecte car elle n'est pas le trouble psychiatrique le plus fréquemment associé aux troubles mictionnels chez les enfants.,Troubles respiratoires nocturnes,Cette option est incorrecte car elle n'est pas le trouble psychiatrique le plus fréquemment associé aux troubles mictionnels chez les enfants.,a
118,OIC-056-02-A,Un enfant de 5 ans est présenté pour une consultation de suivi. Il a un handicap stable depuis sa naissance. Quel type de handicap est le plus probable ?,La question évalue la compréhension de la typologie du handicap de l'enfant et de son évolution temporelle.,Handicap congénital acquis,"Cette option est incorrecte car le handicap de l'enfant est stable depuis sa naissance, ce qui indique un handicap congénital.",Handicap transitoire,"Cette option est incorrecte car le handicap de l'enfant est stable depuis sa naissance, ce qui indique un handicap stable et non transitoire.",Handicap durable,"Cette option est correcte car le handicap de l'enfant est stable depuis sa naissance, ce qui indique un handicap durable.",Handicap intermittent,"Cette option est incorrecte car le handicap de l'enfant est stable depuis sa naissance, ce qui indique un handicap stable et non intermittent.",c
119,OIC-056-03-A,Un enfant de 5 ans est présenté avec un retard de développement psychomoteur. Quel type d'évaluation doit être proposé pour identifier les besoins spécifiques de l'enfant et de sa famille ?,La question évalue la compréhension de l'évaluation fonctionnelle multidisciplinaire et coordonnée pour identifier les besoins de l'enfant et de sa famille.,Évaluation de la CIF,Correcte. L'évaluation de la CIF (déficience/ activité/ participation/ facteurs environnementaux/ facteurs personnels) est proposée pour identifier les besoins spécifiques de l'enfant et de sa famille.,Évaluation de la situation de handicap,"Incorrecte. L'évaluation de la situation de handicap est un outil pour identifier les situations du handicap de l'enfant en France, mais ne permet pas d'identifier les besoins spécifiques de l'enfant et de sa famille.",Évaluation de l'environnement immédiat de l'enfant,"Incorrecte. L'évaluation de l'environnement immédiat de l'enfant est utile pour identifier les facteurs aggravants du handicap de l'enfant, mais ne permet pas d'identifier les besoins spécifiques de l'enfant et de sa famille.",Évaluation de l'accompagnement global d'un aidant,"Incorrecte. L'évaluation de l'accompagnement global d'un aidant est utile pour identifier les besoins spécifiques de l'aidant, mais ne permet pas d'identifier les besoins spécifiques de l'enfant et de sa famille.",a
120,OIC-056-04-A,Quel est le principe du triple projet de la prise en charge de l'enfant handicapé ?,La question évalue la compréhension des principes de la prise en charge de l'enfant handicapé.,Principe du double projet de la prise en charge de l'enfant handicapé,"Incorrecte, il y a un triple projet de la prise en charge de l'enfant handicapé.",Principe du quadruple projet de la prise en charge de l'enfant handicapé,"Incorrecte, il y a un triple projet de la prise en charge de l'enfant handicapé.",Principe du triple projet de la prise en charge de l'enfant non handicapé,"Incorrecte, le triple projet de la prise en charge est spécifique à l'enfant handicapé.","Principe du triple projet de la prise en charge de l'enfant handicapé : thérapeutique, éducatif, social","Correcte, le triple projet de la prise en charge de l'enfant handicapé comprend les domaines thérapeutique, éducatif et social.",d
121,OIC-056-05-A,Un projet de soins pour un enfant handicapé doit être défini en équipe. Quel professionnel doit être impliqué pour réaliser le diagnostic de l'étiologie du handicap ?,"La question évalue la compréhension de la prise en charge pluridisciplinaire d'un enfant handicapé, en particulier le rôle du médecin dans le diagnostic de l'étiologie du handicap.",Le médecin généraliste,Incorrect. Le médecin généraliste n'est pas nécessairement impliqué dans le diagnostic de l'étiologie du handicap.,Le pédiatre,Correct. Le pédiatre est un professionnel qui peut être impliqué dans le diagnostic de l'étiologie du handicap.,L'assistante sociale,Incorrect. L'assistante sociale n'est pas impliquée dans le diagnostic de l'étiologie du handicap.,Le kinésithérapeute,Incorrect. Le kinésithérapeute n'est pas impliqué dans le diagnostic de l'étiologie du handicap.,b
122,OIC-056-06-A,Quel service doit être contacté pour obtenir une aide financière et une orientation scolaire pour un enfant handicapé?,"Cette question évalue la compréhension de la prise en charge d'un enfant handicapé, y compris les services de soutien financier et scolaire.",Maison départementale des personnes handicapées (MDPH),La MDPH est responsable de l'aide financière et de l'orientation scolaire pour les enfants handicapés.,Centre d'aide à domicile,Le centre d'aide à domicile ne fournit pas d'aide financière ni d'orientation scolaire pour les enfants handicapés.,Centre d'évaluation et d'orientation scolaire,Le centre d'évaluation et d'orientation scolaire ne fournit pas d'aide financière pour les enfants handicapés.,Centre de réadaptation fonctionnelle,Le centre de réadaptation fonctionnelle ne fournit pas d'aide financière ni d'orientation scolaire pour les enfants handicapés.,a
123,OIC-056-09-B,Un enfant de 5 ans présentant des difficultés d'apprentissage est admis dans un établissement médico-sociaux. Quel type d'établissement est le plus approprié pour son cas?,Cette question évalue la compréhension de la typologie des établissements médico-sociaux pour les enfants et l'adaptation de l'établissement en fonction des besoins de l'enfant.,Centre médico-psycho pédagogique (CMPP),"CMPP sont destinés aux enfants présentant des difficultés d'apprentissage, des troubles du langage ou comportement, des troubles du développement psychomoteur.",Institut médico-éducatif (IME),IME sont destinés à l'organisation en fonction de la déficience principale.,Centre d'action médico-sociale précoce (CAMSP),"CAMSP sont destinés au dépistage précoce, à l'accompagnement, à l'éducation et à la prise en soins des déficiences, du handicap du jeune enfant avant 6 ans.",Service de protection maternelle et infantile (PMI),PMI ont un rôle social et sanitaire non spécifique du handicap.,b
124,OIC-070-05-A,"Un patient âgé de 75 ans est présenté pour une dépression. Il présente des symptômes généraux d’allure non psychiatrique : plaintes douloureuses, manifestations gastro-intestinales, ostéo-articulaires, troubles du sommeil, de l’appétit, des plaintes cognitives. Quel diagnostic doit être évoqué en premier ?",Cette question évalue la compréhension des spécificités sémiologiques des troubles psychiatriques du sujet âgé. Elle teste la capacité à identifier un épisode dépressif caractérisé chez un patient âgé présentant des symptômes non spécifiques non psychiatriques.,Épisode dépressif caractérisé,Correcte. L'épisode dépressif caractérisé est le diagnostic le plus approprié pour un patient âgé présentant des symptômes généraux d’allure non psychiatrique.,Troubles anxieux,Incorrecte. Les troubles anxieux ne sont pas les symptômes dominants dans ce cas.,Troubles liés à l’usage d’alcool,Incorrecte. Les symptômes ne sont pas liés à l’usage d’alcool.,Troubles liés à l’usage de médicaments,Incorrecte. Les symptômes ne sont pas liés à l’usage de médicaments.,a
125,OIC-073-02-A,Un accompagnement empathique est-il considéré comme une psychothérapie ?,Cette question évalue la compréhension de ce qui relève de la psychothérapie.,"Oui, un accompagnement empathique est une psychothérapie.",Cette réponse est incorrecte car un accompagnement empathique n'est pas une psychothérapie.,"Non, un accompagnement empathique n'est pas une psychothérapie.",Cette réponse est correcte car un accompagnement empathique n'est pas une psychothérapie.,Il s'agit d'une psychothérapie de soutien.,Cette réponse est incorrecte car un accompagnement empathique n'est pas une psychothérapie.,Il s'agit d'une thérapie cognitivo-comportementale.,Cette réponse est incorrecte car un accompagnement empathique n'est pas une psychothérapie.,b
126,OIC-073-04-A,Quel courant psychothérapeutique est utilisé pour aider les patients à acquérir ou maintenir les compétences dont ils ont besoin pour gérer au mieux leur vie avec une maladie chronique?,Cette question évalue la compréhension de l'éducation thérapeutique.,Psychothérapie de soutien,"Cette option est incorrecte car l'éducation thérapeutique vise à aider les patients à acquérir ou maintenir des compétences, pas à soutenir.",Thérapies cognitivo-comportementales,Cette option est incorrecte car l'éducation thérapeutique n'est pas une thérapie cognitivo-comportementale.,Psychothérapie psychanalytique,Cette option est incorrecte car l'éducation thérapeutique n'est pas une psychothérapie psychanalytique.,Éducation thérapeutique,Cette option est correcte car l'éducation thérapeutique vise à aider les patients à acquérir ou maintenir des compétences.,d
127,OIC-073-07-B,Quelle thérapie cognitivo-comportementale utilise la régulation émotionnelle pour permettre l’appréhension des cognitions et la modification des comportements ?,La question évalue la compréhension de la thérapie émotionnelle en tant que courant psychothérapeutique cognitivo-comportemental.,Désensibilisation,La désensibilisation est une méthode comportementale utilisée dans les thérapies cognitivo-comportementales.,Étude et modification des schémas de pensée erronés,L'étude et la modification des schémas de pensée erronés sont des méthodes cognitives utilisées dans les thérapies cognitivo-comportementales.,Observation et acceptation des émotions,L'observation et l'acceptation des émotions sont des techniques de régulation émotionnelle utilisées dans la thérapie émotionnelle.,Immersion,L'immersion est une méthode comportementale utilisée dans les thérapies cognitivo-comportementales.,c
128,OIC-074-01-A,"Un patient de 65 ans, souffrant d'une dépression majeure, est traité par un antidépresseur. Quel est le tropisme psychologique de ce médicament ?",La question évalue la compréhension de la définition des psychotropes et de leurs classes.,Antipsychotique,Incorrecte car l'antidépresseur n'est pas une antipsychotique.,Antidépresseur,Correcte car l'antidépresseur est un médicament ayant un tropisme psychologique.,Anxiolytique,Incorrecte car l'antidépresseur n'est pas un anxiolytique.,Hypnotique,Incorrecte car l'antidépresseur n'est pas un hypnotique.,b
129,OIC-074-04-B,Un patient âgé de 75 ans est atteint d'une schizophrénie et présente des symptômes psychotiques. Quel antipsychotique est le plus approprié pour traiter cette schizophrénie ?,La question évalue la compréhension des indications des antipsychotiques chez les patients âgés.,Haloperidol,"Haloperidol est un antipsychotique utilisé pour traiter la schizophrénie, mais il est contre-indiqué chez les patients âgés en raison de son effet anticholinergique.",Quetiapine,"Quetiapine est un antipsychotique utilisé pour traiter la schizophrénie et l'épisode dépressif bipolaire. Il est moins anticholinergique que d'autres antipsychotiques, ce qui le rend plus approprié pour les patients âgés.",Risperidone,"Risperidone est un antipsychotique utilisé pour traiter la schizophrénie, mais il est contre-indiqué chez les patients âgés en raison de son effet anticholinergique et de son risque d'allongement de l'espace QT.",Olanzapine,"Olanzapine est un antipsychotique utilisé pour traiter la schizophrénie, mais il est contre-indiqué chez les patients âgés en raison de son effet anticholinergique et de son risque d'allongement de l'espace QT.",b
130,OIC-074-05-B,Un patient âgé de 75 ans est atteint de démence. Il est nécessaire de prescrire un antipsychotique. Quelle molécule de première ligne doit-on privilégier pour minimiser les effets indésirables ?,"La question évalue la compréhension des règles de bon usage des antipsychotiques en fonction de la réponse aux traitements antérieurs, des contre-indications et des préférences du patient.",Antipsychotiques de première génération,Cette option est incorrecte car les antipsychotiques de première génération ont plus d'effets indésirables.,Antipsychotiques de troisième génération,Cette option est incorrecte car les antipsychotiques de troisième génération ont plus d'effets indésirables.,Antipsychotiques de seconde génération,Cette option est correcte car les antipsychotiques de seconde génération ont moins d'effets indésirables.,Antipsychotiques de quatrième génération,Cette option est incorrecte car les antipsychotiques de quatrième génération n'existent pas.,c
131,OIC-074-08-A,"Un patient de 65 ans, atteint d'un trouble dépressif majeur, est en consultation pour une évaluation de son traitement actuel. Le médecin lui propose de changer d'antidépresseur. Quel type d'antidépresseur est le plus approprié pour ce patient ?",La question évalue la compréhension de la classification des antidépresseurs et de la sélection d'un traitement approprié en fonction de l'âge et du diagnostic du patient.,Inhibiteurs sélectifs de la recapture de la sérotonine (IRS),Les IRS sont les plus utilisés pour les troubles dépressifs majeurs et sont généralement bien tolérés par les patients âgés.,Inhibiteurs de la recapture de la sérotonine et de la noradrénaline (IRSN),"Les IRSN peuvent être efficaces pour les troubles dépressifs majeurs, mais sont plus susceptibles d'avoir des effets secondaires cardiaques chez les patients âgés.",Autres antidépresseurs,"Les autres antidépresseurs peuvent être efficaces pour les troubles dépressifs majeurs, mais leur efficacité et leur tolérance chez les patients âgés peuvent varier.",Imipraminiques,Les imipraminiques sont généralement moins efficaces et plus susceptibles d'avoir des effets secondaires cardiaques chez les patients âgés.,a
132,OIC-074-09-A,"Un patient de 65 ans, atteint d'une hypertension artérielle, est présenté avec des symptômes de dépression. Quel antidépresseur est le plus approprié pour cette situation ?",Évaluer la compréhension de la prescription d'un médicament générique ou d'un biosimilaire et des contre-indications.,Imipramine,Imipramine est un antidépresseur tricyclique qui est contre-indiqué dans les cas d'hypertension artérielle.,Fluoxétine,Fluoxétine est un inhibiteur sélectif de la recapture de la sérotonine qui est un bon choix pour les troubles de l'humeur.,Paroxétine,"Paroxétine est un inhibiteur sélectif de la recapture de la sérotonine qui est un bon choix pour les troubles de l'humeur, mais elle peut être contre-indiquée dans les cas d'hypertension artérielle.",Sertraline,Sertraline est un inhibiteur sélectif de la recapture de la sérotonine qui est un bon choix pour les troubles de l'humeur et est tolérée dans les cas d'hypertension artérielle.,d
133,OIC-074-16-A,Un patient présente un syndrome de sevrage sévère d'alcool. Quelle voie d'administration des benzodiazépines est préférable ?,La question évalue la compréhension de la voie d'administration des benzodiazépines dans le cas d'un syndrome de sevrage sévère d'alcool.,Per os,La voie habituelle des benzodiazépines est par os.,Intramusculaire,La voie intramusculaire n'a pas d'avantage pour les benzodiazépines.,Intraveineuse,"Dans certaines situations, comme le syndrome de sevrage sévère d'alcool, les benzodiazépines peuvent être administrées par voie intraveineuse.",Inhalation,L'inhalation n'est pas une voie d'administration des benzodiazépines.,c
134,OIC-074-19-A,Un patient âgé de 75 ans est consulté pour une insomnie de seconde partie de nuit. Quel traitement à demi-vie longue devrait être choisi pour traiter cette insomnie ?,La question évalue la compréhension de la durée de traitement appropriée pour une insomnie de seconde partie de nuit chez un patient âgé.,Traitement à demi-vie courte,Incorrect. Un traitement à demi-vie courte est utilisé pour traiter une insomnie d’endormissement.,Traitement à demi-vie intermédiaire,Incorrect. Il n'existe pas de traitement à demi-vie intermédiaire.,Traitement à demi-vie longue,Correct. Un traitement à demi-vie longue est utilisé pour traiter une insomnie de seconde partie de nuit.,Traitement à demi-vie ultra-longue,Incorrect. Il n'existe pas de traitement à demi-vie ultra-longue.,c
135,OIC-074-20-A,Un patient âgé de 75 ans est traité par zopiclone pour insomnie. Quel effet indésirable est le plus fréquent chez les personnes âgées traitées par zopiclone ?,La question évalue la compréhension des effets indésirables fréquents chez les personnes âgées traitées par zopiclone.,Trouble d’usage,Correct. Zopiclone peut entraîner une trouble d’usage chez les personnes âgées.,Anxiété rebond,Correct. Zopiclone peut entraîner une anxiété rebond au moment de l’arrêt.,Tolérance pharmacologique,Correct. Zopiclone peut entraîner une tolérance pharmacologique chez les personnes âgées.,Hallucinations,Incorrect. Hallucinations ne sont pas un effet indésirable fréquent chez les personnes âgées traitées par zopiclone.,a
136,OIC-074-23-B,Un patient de 65 ans est traité par lithium pour une dépression majeure. Il présente des troubles de la conduction cardiaque. Quel traitement doit être arrêté pour réduire le risque de troubles de la conduction ?,Évaluez la compréhension des effets indésirables fréquents ou graves des thymorégulateurs et des principales interactions médicamenteuses à tous les âges de la vie.,Carbamazépine,Interaction médicamenteuse avec le lithium.,Valproate,Ne pas diminuer la concentration de la lamotrigine.,Lamotrigine,Risque de syndrome de Lyell.,Valpromide,Ne pas augmenter la concentration de la lamotrigine.,a
137,OIC-074-26-B,Un patient de 50 ans est traité par Modafinil pour une somnolence excessive. Il présente des palpitations. Quel effet indésirable est-ce qui est le plus probable ?,La question évalue la compréhension des effets indésirables des psychostimulants et des interactions médicamenteuses.,Céphalées,Céphalées ne sont pas un effet indésirable fréquent ou grave du Modafinil.,Tachycardie,Tachycardie est un effet indésirable fréquent du Modafinil.,Nausées,Nausées ne sont pas un effet indésirable fréquent ou grave du Modafinil.,Arthralgies,Arthralgies ne sont pas un effet indésirable fréquent ou grave du Modafinil.,b
138,OIC-075-04-B,Quel agent est responsable de la dépendance au tabac ?,Cette question évalue la compréhension de la toxicité de la nicotine et de la dépendance au tabac.,La nicotine,La nicotine est le principal agent responsable de la dépendance au tabac.,Les goudrons,"Les goudrons sont des cancérigènes qui entraînent des modifications cellules épithéliales, mais ne sont pas responsables de la dépendance au tabac.",La fumée de tabac,"La fumée de tabac contient de nombreux composés cancérigènes, mais n'est pas responsable de la dépendance au tabac.",Le monoxyde de carbone,"Le monoxyde de carbone est un produit de la combustion du tabac et peut entrainer des troubles cardiovasculaires, mais n'est pas responsable de la dépendance au tabac.",a
139,OIC-075-07-B,Quelle tendance épidémiologique du tabagisme a été observée entre 2016 et 2018 ?,Cette question évalue la compréhension des tendances épidémiologiques du tabagisme au cours du temps.,La proportion de fumeurs a augmenté de 12% entre 2016 et 2018,Cette réponse est incorrecte car la proportion de fumeurs a diminué de 12% entre 2016 et 2018.,Il n'y a pas eu de tendance épidémiologique du tabagisme entre 2016 et 2018,Cette réponse est incorrecte car il y a eu une tendance épidémiologique du tabagisme entre 2016 et 2018.,La proportion de fumeurs a diminué de 12% entre 2016 et 2018,Cette réponse est correcte car la proportion de fumeurs a diminué de 12% entre 2016 et 2018.,Il n'y a pas eu de diminution du tabagisme global entre 2017 et 2018,Cette réponse est incorrecte car il y a eu une légère diminution du tabagisme global entre 2017 et 2018.,c
140,OIC-075-09-A,Quel âge est le plus fréquent pour la première expérience du tabac chez les jeunes ?,Évaluer la connaissance de l'épidémiologie du tabagisme chez les jeunes.,10 ans,"Incorrecte, l'âge de la première expérience du tabac chez les jeunes est plus élevé.",12 ans,"Incorrecte, l'âge de la première expérience du tabac chez les jeunes est plus élevé.",14 ans,"Correcte, l'âge de la première expérience du tabac chez les jeunes est souvent à 14 ans.",16 ans,"Incorrecte, l'âge de la première expérience du tabac chez les jeunes est plus bas que 16 ans.",c
141,OIC-075-12-A,Quel est l'ordre de grandeur du risque de cancer lié au tabac actif ?,Évaluer la connaissance de l'ordre de grandeur du risque de cancer lié au tabac actif.,Le tabac est responsable de 25 % de l’ensemble des cancers et 80 % des décès par cancers broncho-pulmonaires sont liés au tabac.,Correcte. Cette option est correcte car elle indique que le tabac est responsable de 25 % de l’ensemble des cancers et 80 % des décès par cancers broncho-pulmonaires sont liés au tabac.,Le tabac est responsable de 50 % de l’ensemble des cancers et 80 % des décès par cancers broncho-pulmonaires sont liés au tabac.,"Incorrecte. Cette option est incorrecte car elle indique que le tabac est responsable de 50 % de l’ensemble des cancers, alors que la bonne réponse indique que le tabac est responsable de 25 % de l’ensemble des cancers.",Le tabac est responsable de 25 % de l’ensemble des cancers et 50 % des décès par cancers broncho-pulmonaires sont liés au tabac.,"Incorrecte. Cette option est incorrecte car elle indique que le tabac est responsable de 25 % de l’ensemble des cancers et 50 % des décès par cancers broncho-pulmonaires sont liés au tabac, alors que la bonne réponse indique que 80 % des décès par cancers broncho-pulmonaires sont liés au tabac.",Le tabac est responsable de 50 % de l’ensemble des cancers et 20 % des décès par cancers broncho-pulmonaires sont liés au tabac.,"Incorrecte. Cette option est incorrecte car elle indique que le tabac est responsable de 50 % de l’ensemble des cancers et 20 % des décès par cancers broncho-pulmonaires sont liés au tabac, alors que la bonne réponse indique que 80 % des décès par cancers broncho-pulmonaires sont liés au tabac.",a
142,OIC-075-13-A,Quelle est la première cause de décès évitable en France ?,Cette question évalue la connaissance de la part du tabac dans la mortalité en France.,Cancer du poumon,"Cancer du poumon est une conséquence du tabagisme, mais il n'est pas la première cause de décès évitable en France.",Maladie cardiovasculaire,"Maladie cardiovasculaire est une conséquence du tabagisme, mais elle n'est pas la première cause de décès évitable en France.",Maladie respiratoire,"Maladie respiratoire est une conséquence du tabagisme, mais elle n'est pas la première cause de décès évitable en France.",Tabac 1<sup>ère</sup> cause de mortalité cardiovasculaire évitable,Correct. Tabac 1<sup>ère</sup> cause de mortalité cardiovasculaire évitable est la première cause de décès évitable en France.,d
143,OIC-075-22-A,Quel cancer est responsable de 80 % des décès par cancers broncho-pulmonaires liés au tabac ?,Évaluation de la connaissance des complications médicales non psychiatriques liées au tabac,Cancer de l’œsophage,Incorrecte,Cancer de la vessie,Incorrecte,Cancer de l’œsphrage,Incorrecte,Cancer broncho-pulmonaire,Correcte,d
144,OIC-075-26-A,Quel traitement initier pour une dépendance au tabac chez un patient de 45 ans?,Évaluer la compréhension des traitements de la dépendance au tabac.,Varénicline,Varénicline est un agoniste partiel des récepteurs nicotiniques et est utilisé en seconde intention.,Bupropion,Bupropion est un inhibiteur de la recapture de la noradrénaline et de la dopamine et est utilisé en dernière intention.,Patchs de nicotine,Les patchs de nicotine sont une forme transdermique d'apport quotidien de nicotine.,Thérapie cognitivo-comportementale,La thérapie cognitivo-comportementale est un traitement non pharmacologique recommandé pour la dépendance au tabac.,c
145,OIC-075-27-A,Quel accompagnement téléphonique peut-on orienter les patients vers pour obtenir des conseils personnalisés sur l'arrêt du tabac?,La question évalue la connaissance des outils institutionnels de prise en charge de l'arrêt du tabac.,Ligne Tabac Info Service (3989),Correcte. La ligne Tabac Info Service (3989) est une ligne téléphonique gratuite qui propose des conseils personnalisés pour arrêter le tabac.,Ligne Tabac Info Service (3988),Incorrecte. La ligne Tabac Info Service (3988) n'existe pas.,Ligne Tabac Info Service (3990),Incorrecte. La ligne Tabac Info Service (3990) n'existe pas.,Ligne Tabac Info Service (3987),Incorrecte. La ligne Tabac Info Service (3987) n'existe pas.,a
146,OIC-075-31-B,Quel traitement initier pour le sevrage tabagique en cas d'échec du sevrage tabagique par substitution nicotinique et dépendance forte à la nicotine?,Évaluer la connaissance de la prise en charge de la dépendance au tabac,Varénicline,"Agoniste partiel des récepteurs nicotiniques à l’acétylcholine, indiqué en cas d’échec du sevrage tabagique par substitution nicotinique et dépendance forte à la nicotine",Bupropion,Inhibiteur de la recapture de la noradrénaline et de la dopamine,Nicotine transdermique,Traitement de substitution nicotinique,Champix,Traitement de substitution nicotinique,a
147,OIC-076-07-A,Quel syndrome peut-on observer chez un patient qui a arrêté de consommer de l'alcool après une forte dépendance ?,Évaluer la compréhension des signes de sevrage à l'alcool,Syndrome de sevrage non compliqué,"Symptômes dans les heures qui suivent l'arrêt de la consommation, typiquement le matin au réveil chez les sujets avec forte dépendance. Maximum dans les 72 premières heures, jusqu'à 7-10 jours après un arrêt de l'alcool. Tremblements, sueurs profuses, anxiété et vomissements.",Accidents de sevrage,Convulsions ou delirium tremens (risque de mortalité non négligeable).,Delirium tremens,"État de confusion mentale agitée et délirante. Agitation, tremblements majeurs, propos incohérents, hallucinations pluri-sensorielles, fièvre modérée, sueurs profuses, modification de la tension, tachycardie. Risque de déshydratation, de crises d'épilepsie et de pneumopathie d'inhalation.",Crises convulsives de sevrage,"Dans les 48h après l'arrêt ou une forte diminution de l'alcool (rarement plus tard). Crises généralisées tonico-cloniques. Risque de récidive rapide, d'état de mal, d'évolution vers un delirium tremens.",c
148,OIC-076-10-A,"Un patient de 45 ans, fumeur de 30 cigarettes par jour depuis 20 ans, présente un tabagisme actif et une dépendance au tabac. Il souhaite arrêter de fumer. Quel traitement initier pour le traiter de sa dépendance au tabac ?",Évaluer la compréhension de la dépendance au tabac et des traitements de première intention,Bupropion,"Médicament non-nicotinique utilisé pour le traitement de la dépendance au tabac, mais pas de première intention",Nicotine transdermique,Médicament de première intention pour le traitement de la dépendance au tabac,Champix,Médicament de première intention pour le traitement de la dépendance au tabac,Zyban,"Médicament non-nicotinique utilisé pour le traitement de la dépendance au tabac, mais pas de première intention",b
149,OIC-076-16-A,Quel outil est indispensable en addictologie pour l'entretien motivationnel avec un patient tabagique ?,Cette question évalue la compréhension de l'entretien motivationnel en addictologie.,L'entretien cognitif-comportemental,"Cet outil est utilisé en psychothérapie, mais pas en addictologie.",Le traitement substitutif nicotinique,"Cet outil est utilisé pour aider à arrêter le tabagisme, mais pas pour l'entretien motivationnel.",Le tabac info service,"Cet outil est utilisé pour fournir des informations sur le tabagisme, mais pas pour l'entretien motivationnel.",L'entretien motivationnel,Cet outil est indispensable en addictologie pour l'entretien motivationnel avec un patient tabagique.,d
150,OIC-076-19-B,Quel type de structure de prise en charge en addictologie accueille toute personne en difficulté avec ses consommations ou ayant une conduite addictive comportementale ainsi que leurs proches ?,Cette question évalue la connaissance des structures de prise en charge en addictologie.,"Centre de soins, d’accompagnement et de prévention en addictologie (CSAPA)",C'est une équipe pluridisciplinaire accueillant toute personne en difficulté avec ses consommations ou ayant une conduite addictive comportementale ainsi que leurs proches.,Centre d’accueil et d’accompagnement à la réduction des risques pour usagers de drogues (CAARUD),Ce centre accueille toute personne en difficulté avec un usage de substances illicites qui ne sont pas encore dans le soin.,Consultations jeunes consommateurs (CJC),Ces consultations s’adressent aux personnes mineures ou jeunes majeures présentant des difficultés en lien avec un comportement avec ou sans substance.,Consultations hospitalières d’addictologie,Ces consultations sont destinées à traiter les patients en difficulté avec une addiction.,a
151,OIC-082-01-A,"Un patient de 65 ans présente une baisse brusque de la vision dans un œil. L'acuité visuelle est de 20/200 dans l'œil atteint et de 20/20 sans correction dans l'œil sain. Lors de l'examen, l'acuité visuelle est de 20/20 avec correction dans l'œil atteint. Quel est le type de trouble visuel de ce patient ?",Évaluer si le trouble visuel est mono- ou binoculaire,Monooculaire,Le trouble visuel persiste à l'occlusion de l'œil atteint,Binoculaire,Le trouble visuel disparait à l'occlusion de l'œil atteint,Inconnu,"L'acuité visuelle est de 20/20 avec correction dans l'œil atteint, ce qui suggère un trouble visuel binoculaire, mais l'acuité visuelle est de 20/200 dans l'œil atteint lors de l'examen initial, ce qui suggère un trouble visuel monoculaire",Impossible à déterminer,"L'acuité visuelle est de 20/20 avec correction dans l'œil atteint, ce qui suggère un trouble visuel binoculaire, mais l'acuité visuelle est de 20/200 dans l'œil atteint lors de l'examen initial, ce qui suggère un trouble visuel monoculaire. Cependant, l'acuité visuelle est de 20/20 sans correction dans l'œil sain, ce qui suggère un trouble visuel binoculaire",a
152,OIC-082-02-A,"Quel diagnostic doit être évoqué en cas d'amaurose fugace, une disparition totale de la vision, d'apparition aiguë, d'une durée de quelques minutes, spontanément résolutive?",Cette question évalue la compréhension de l'amaurose fugace et de son diagnostic évoqué.,Maladie de Horton,"Maladie de Horton est une cause possible de l'amaurose fugace, mais l'athérome carotidien et la cardiopathie emboligène doivent être systématiquement évoquées en premier.",Occlusion artérielle rétinienne,"Occlusion artérielle rétinienne est une conséquence possible de l'amaurose fugace, mais elle doit être évoquée après avoir évoqué les causes possibles.",AVC ischémique,"AVC ischémique est une conséquence possible de l'amaurose fugace, mais il doit être évoqué après avoir évoqué les causes possibles.",Athérome carotidien,Athérome carotidien est une cause possible de l'amaurose fugace et doit être systématiquement évoqué en premier.,d
153,OIC-082-06-A,"Un patient de 45 ans présente une baisse d'acuité visuelle unilatérale brutale, associée à un œdème papillaire et à une atteinte du champ visuel, typiquement à type de déficit altitudinal. Quel diagnostic doit être évoqué en premier lieu?","Cette question évalue la compréhension de la définition, de la signification et de la démarche étiologique devant une cécité monoculaire transitoire.",Maladie de Horton,"La maladie de Horton est la cause à évoquer en premier, même si elle n'est pas la cause la plus fréquente, du fait de la nécessité d'une corticothérapie par voie générale instaurée en urgence.",Artériosclérose,L'artériosclérose est la cause la plus fréquente des NOIA par occlusion des ACP ou d'une de leurs branches par une thrombose in situ.,Névrite optique rétro-bulbaire,L'atteinte est souvent rapidement progressive et peut provoquer une baisse d'acuité visuelle de profondeur variable. Celle-ci est liée à l'apparition d'un scotome le plus souvent central ou cæcocentral.,Neuropathie optique toxique,Les neuropathies optiques toxiques ont en commun de se manifester par une atteinte bilatérale et progressive.,a
154,OIC-082-10-B,"Un patient de 60 ans présente une baisse d'acuité visuelle unilatérale brutale, une diminution du réflexe photomoteur direct et un œdème papillaire total. Quel diagnostic est le plus probable ?",La question évalue la compréhension de la neuropathie optique ischémique antérieure (NOIA) et de ses signes cliniques.,Neuropathie optique rétrobulbaire (NORB),"La NORB se traduit par des douleurs oculaires, un déficit pupillaire afférent, un scotome central ou caecocentral à l'examen du champ visuel et une dyschromatopsie d'axe rouge-vert.",Neuropathie optique éthylique,La neuropathie optique éthylique se présente typiquement à l'examen du champ visuel avec un scotome cecococentral bilatéral.,Neuropathie optique toxique ou métabolique,"Les neuropathies optiques toxiques ou métaboliques ont en commun de se manifester par une atteinte bilatérale et progressive, dominées par quatre causes : neuropathie optique éthylique, neuropathies optiques médicamenteuses, neuropathies optiques professionnelles et neuropathies optiques métaboliques.",Neuropathie optique ischémique antérieure (NOIA),"Une NOIA se traduit par des éléments suivants : patient plutôt âgé, baisse d'acuité visuelle unilatérale brutale, indolore, le plus souvent massive, diminution du réflexe photomoteur direct, œdème papillaire total ou en secteur, déficit fasciculaire à l'examen du champ visuel.",d
155,OIC-082-13-B,Quel est le diagnostic le plus probable pour l'image présentée ci-dessus ?,La question évalue la compréhension de l'image d'un œdème papillaire et la capacité à identifier le diagnostic correct.,Néovascularisation de la rétine,Néovascularisation de la rétine est une complication de l'occlusion de la veine centrale de la rétine (OVCR) et ne présente pas d'œdème papillaire.,Névrite optique ischémique antérieure (NOIA),La NOIA est une neuropathie optique ischémique antérieure et ne présente pas d'œdème papillaire.,Névrite optique ischémique antérieure aiguë (NOIAA),La NOIAA est une neuropathie optique ischémique antérieure aiguë et ne présente pas d'œdème papillaire.,Œdème papillaire,L'œdème papillaire est le diagnostic le plus probable pour l'image présentée.,d
156,OIC-082-14-B,"Quel est le résultat d'un champ visuel de Goldman montrant une hémi-anopsie latérale homonyme gauche (en haut), et une hémi-anopsie latérale homonyme droite (en bas) ?",La question évalue la compréhension de la définition et de la signification d'une hémianopsie latérale homonyme.,Aucun déficit visuel,Incorrecte car la photographie montre une hémianopsie latérale homonyme.,Déficit visuel monoculaire,Incorrecte car la photographie montre un déficit visuel binaire.,Déficit visuel binoculaire,Correcte car la photographie montre un déficit visuel binaire.,Déficit visuel asymétrique,Incorrecte car la photographie montre un déficit visuel symétrique.,c
157,OIC-082-15-A,Quel signe clinique est évocateur d'un décollement de rétine rhegmatogène qui entraîne une baisse d'acuité visuelle?,La question évalue la compréhension de la démarche diagnostique d'un décollement de rétine rhegmatogène.,Myodésopsies suivis de phosphènes correspondant à la survenue de la déchirure rétinienne,Correcte. Les myodésopsies suivis de phosphènes sont des signes cliniques évocateurs d'un décollement de rétine rhegmatogène.,Amputation du champ visuel périphérique correspondant à la constitution du décollement de rétine,Correcte. L'amputation du champ visuel périphérique correspond à la constitution du décollement de rétine.,"Lorsque le décollement de rétine soulève la macula, il entraîne alors une baisse d'acuité visuelle (oeil blanc et non douloureux)","Correcte. Lorsque le décollement de rétine soulève la macula, il entraîne alors une baisse d'acuité visuelle (oeil blanc et non douloureux).",L'examen du fond d'œil avec examen de la rétine périphérique permet de faire le diagnostic et rechercher la déchirure causale,"Incorrecte. L'examen du fond d'œil avec examen de la rétine périphérique permet de faire le diagnostic et rechercher la déchirure causale, mais ce n'est pas un signe clinique évocateur d'un décollement de rétine rhegmatogène.",c
158,OIC-082-16-B,Quel traitement initier pour un décollement de rétine rhegmatogène?,"Évaluer la compréhension de la présentation clinique, des modes de survenue et des facteurs de risque des décollements de rétine.",Observation,Incorrecte car le décollement de rétine rhegmatogène nécessite un traitement chirurgical.,Médication,Incorrecte car le décollement de rétine rhegmatogène nécessite un traitement chirurgical.,Laser,Incorrecte car le décollement de rétine rhegmatogène nécessite une intervention chirurgicale.,Chirurgie,Correcte car le décollement de rétine rhegmatogène nécessite une intervention chirurgicale.,d
159,OIC-086-03-A,"Quel diagnostic évoquer pour une position trop basse de la paupière supérieure, recouvrant la cornée physiologiquement de plus de 2 mm ?",La question évalue la compréhension de la différence entre ptosis et dermachalasis.,Dermachalasis,"C'est l'excès de peau de la paupière, très fréquent chez les personnes âgées. Dans ce cas c'est le repli cutané qui recouvre l'axe visuel, alors que le bord libre de la paupière supérieure est bien positionné.",Ptosis,C'est la position trop basse du bord libre de la paupière supérieure. Il peut être mesuré par la position de la paupière supérieure par rapport au limbe scléro-cornéen supérieur: Normalement la paupière recouvre la cornée physiologiquement de 1 à 2 mm seulement.,Entropion,"C'est une inversion de la paupière supérieure, qui recouvre la cornée.",Ectropion,"C'est une sortie de la paupière supérieure, qui laisse la cornée exposée.",b
160,OIC-086-05-A,"Quel est le diagnostic le plus approprié pour une tuméfaction douloureuse de la paupière sans communication avec le bord libre, évoluant sur plusieurs semaines ?",La question évalue la compréhension du diagnostic d'un chalazion.,Entropion,"L'entropion est une déviation inversée de la paupière, qui ne correspond pas à la description du chalazion.",Ectropion,"L'ectropion est une déviation extérieure de la paupière, qui ne correspond pas à la description du chalazion.",Ptosis,"Le ptosis est une lourdeur de la paupière supérieure, qui ne correspond pas à la description du chalazion.",Chalazion,"Le chalazion est une tuméfaction douloureuse de la paupière sans communication avec le bord libre, qui évolue sur plusieurs semaines, correspondant à la description du chalazion.",d
161,OIC-086-07-A,Quel type de chalazion est présenté dans la photographie à gauche ?,La question évalue la compréhension de la localisation d'un chalazion.,Chalazion interne,Correcte. Le chalazion présenté dans la photographie à gauche est localisé à la face tarsale de la paupière.,Chalazion externe,"Incorrecte. Le chalazion présenté dans la photographie à gauche est localisé à la face tarsale de la paupière, non à la face cutanée.",Chalazion de la face cutanée,"Incorrecte. Le chalazion présenté dans la photographie à gauche est localisé à la face tarsale de la paupière, non à la face cutanée.",Chalazion de la face conjonctivale,Incorrecte. Le chalazion présenté dans la photographie à gauche n'est pas localisé à la face conjonctivale de la paupière.,a
162,OIC-086-09-B,Quel type de tumeur maligne palpébrale présente un risque d'ulcération et délabrement local ?,La question évalue la compréhension de la pathologie d'une tumeur maligne palpébrale et de ses complications.,Carcinome épidermoïde,"Carcinome épidermoïde est plus agressif avec un potentiel métastatique, mais ne présente pas de risque d'ulcération et délabrement local.",Mélanome malin,"Mélanome malin est une tumeur malignes non épithéliales, mais ne présente pas de risque d'ulcération et délabrement local.",Carcinome basocellulaire,Carcinome basocellulaire présente un risque d'ulcération et délabrement local.,Lymphome de MALT,"Lymphome de MALT est une tumeur malignes non épithéliales, mais ne présente pas de risque d'ulcération et délabrement local.",c
163,OIC-094-01-A,Quelle est la localisation d'une lombalgie chronique ?,La question évalue la compréhension de la localisation d'une lombalgie chronique.,Cervicale,"Incorrecte, la lombalgie chronique se situe entre la charnière thoracolombaire et le pli fessier inférieur.",Dorsale,"Incorrecte, la lombalgie chronique se situe entre la charnière thoracolombaire et le pli fessier inférieur.",Thoracique,"Incorrecte, la lombalgie chronique se situe entre la charnière thoracolombaire et le pli fessier inférieur.",Lombaire,"Correcte, la lombalgie chronique se situe entre la charnière thoracolombaire et le pli fessier inférieur.",d
164,OIC-094-03-A,Quel examen clinique doit être effectué pour évaluer une rachialgie aiguë?,La question évalue la compréhension de l'examen clinique à effectuer pour évaluer une rachialgie aiguë.,Examen neurologique des quatre membres,"L'examen neurologique des quatre membres est un examen clinique qui peut être effectué pour évaluer une rachialgie aiguë, mais il ne constitue pas l'examen principal.",Examen des articulations périphériques,"L'examen des articulations périphériques peut être effectué pour éliminer une origine extra-rachidienne aux rachialgies, mais il ne constitue pas l'examen principal.",Examen thoraco-abdominal,"L'examen thoraco-abdominal peut être effectué pour éliminer une origine viscérale aux dorsalgies, mais il ne constitue pas l'examen principal.",Examen rachidien,L'examen rachidien est l'examen clinique principal à effectuer pour évaluer une rachialgie aiguë.,d
165,OIC-094-04-B,Quel mécanisme est à l'origine d'une rachialgie commune chez un patient de 25-50 ans qui a subi un traumatisme récent ?,Évaluer la compréhension des mécanismes à l'origine d'une rachialgie commune,Discal,"âge 25-50 ans, facteur associé : effort ou traumatisme, antécédents de lumbago d’évolution rapidement favorable, examen physique : syndrome discal associant lombalgie médiane, mécanique, impulsive, exacerbée à l'hyperextension, syndrome rachidien",Interapophysaire,"âge > 50 ans, lombalgie médiane ou unilatérale, de caractéristique mécanique, exacerbée au piétinement ou à la station debout/assise prolongée, douleurs référées à distance, sans trajet précis : fesses, cuisses, épines iliaques, examen physique pauvre : hyperesthésie de ces zones douloureuses au « palper-rouler », pas de syndrome discal, syndrome rachidien rare",Articulaire,"âge variable, lombalgie mécanique, exacerbée par les mouvements de rotation, examen physique : hyperesthésie au niveau de la zone douloureuse, pas de syndrome discal, syndrome rachidien rare",Nerveuse,"âge variable, lombalgie électrique, exacerbée par les mouvements de rotation, examen physique : hyperesthésie au niveau de la zone douloureuse, pas de syndrome discal, syndrome rachidien rare",a
166,OIC-094-09-A,Quel est le diagnostic le plus fréquent d'une rachialgie secondaire chez un patient âgé de 75 ans qui présente une douleur dorsale et une fièvre élevée?,Évaluer la compréhension des étiologies principales des rachialgies secondaires.,Métastases,"C'est une cause possible de rachialgie secondaire chez un patient âgé, mais la fièvre élevée suggère une infection.",Spondylodiscite,"C'est une cause possible de rachialgie secondaire avec fièvre élevée, mais la présence de douleur dorsale la rend plus plausible.",Spondylarthrite ankylosante,"C'est une cause possible de rachialgie secondaire, mais la fièvre élevée et la douleur dorsale ne sont pas des signes typiques.",Fracture vertébrale ostéoporotique,"C'est une cause possible de rachialgie secondaire chez un patient âgé, mais la fièvre élevée suggère une infection.",b
167,OIC-094-14-A,Quelle pathologie peut être à l'origine d'une lombalgie référée ?,Question évaluant la compréhension des causes extra-rachidiennes des lombalgies.,Anévrisme de l'aorte abdominale,Correcte : pathologie vasculaire pouvant être à l'origine d'une lombalgie référée.,Lithiase,Correcte : pathologie des voies urinaires pouvant être à l'origine d'une lombalgie référée.,Tumeur gastrique,Correcte : pathologie digestive pouvant être à l'origine d'une lombalgie référée.,Endométriose,Correcte : pathologie gynécologique pouvant être à l'origine d'une lombalgie référée.,a
168,OIC-094-15-B,"Quel diagnostic doit être évoqué devant une douleur localisée en regard du sacrum, pouvant irradier vers les fesses et la face postérieure de cuisses, reproduite à la palpation/mobilisation du sacrum ou des sacro-iliaques, associée à une gêne fonctionnelle et à l'absence de drapeaux rouges ?",La question évalue la compréhension de la démarche diagnostique devant une sacralgie.,Coccygodynies,Coccygodynies ne sont pas localisées en regard du sacrum.,Lombalgie avec irradiation sacrée,Lombalgie avec irradiation sacrée ne reproduit pas la douleur à la palpation/mobilisation du sacrum ou des sacro-iliaques.,Constipation,Constipation ne produit pas une douleur localisée en regard du sacrum.,Sacralgie,Correcte,d
169,OIC-094-16-B,"Quel diagnostic doit être évoqué devant une douleur localisée à l'aire coccygienne, sans irradiation significative, reproduite à la palpation/mobilisation du coccyx ou sacro-coccygienne, exacerbée à la station assise et/ou au relever de la station assise, avec gêne fonctionnelle et suspecte de subluxation et/ou fracture?",Question évaluant la compréhension de la démarche diagnostique devant une coccygodynie.,Douleur anale,Incorrecte car la douleur anale n'est pas localisée à l'aire coccygienne.,Douleur pelvienne,Incorrecte car la douleur pelvienne n'est pas localisée à l'aire coccygienne.,Douleur lombaire,"Incorrecte car la douleur lombaire peut irradier coccygienne, mais n'est pas localisée à l'aire coccygienne.",Coccygodynie,Correcte car la coccygodynie est localisée à l'aire coccygienne et peut être suspecte de subluxation et/ou fracture.,d
170,OIC-099-01-B,Quel pourcentage des adultes a eu une céphalée au cours des douze mois précédents ?,Cette question évalue la connaissance de l'épidémiologie des céphalées.,50%,Cette réponse est incorrecte car elle sous-estime le pourcentage de personnes ayant eu une céphalée.,75%,Cette réponse est correcte.,25%,Cette réponse est incorrecte car elle sur-estime le pourcentage de personnes ayant eu une céphalée.,100%,Cette réponse est incorrecte car elle sur-estime le pourcentage de personnes ayant eu une céphalée.,b
171,OIC-099-04-A,"Un patient de 45 ans, sexe masculin, présente des crises de céphalées invalidantes avec hypersensibilité à la lumière et des nausées. Il n'a jamais d'aura. Quel diagnostic est le plus probable?",La question évalue la compréhension de la différence entre la migraine sans aura et la migraine avec aura.,Migraine sans aura,La migraine sans aura est diagnostiquée chez les patients qui n’ont que des crises de migraine sans aura et jamais d’aura.,Migraine avec aura,"La migraine avec aura est la céphalée précédée de symptômes neurologiques transitoires : des troubles visuels, sensitifs ou du langage d’installation progressive et successive.",Céphalée de tension,Les céphalées de tension sont des douleurs dysfonctionnelles avec interaction de facteurs périphériques myogènes et de facteurs neurologiques centraux avec dysfonction des systèmes de contrôle de la douleur.,Migraine chronique,"La migraine chronique est définie par la survenue de 15 jours ou plus de céphalée par mois depuis plus de 3 mois, qui correspondent à une migraine sans aura ou avec aura au moins 8 jours par mois.",a
172,OIC-099-06-A,"Un patient de 45 ans présente une douleur intense, fulgurante et localisée au territoire du trijumeau. L'examen clinique est normal. Quel diagnostic évoquer?",Évaluer la compréhension de la description clinique de la névralgie du trijumeau essentielle.,Névralgie du trijumeau essentielle,"La douleur est intense, fulgurante et localisée au territoire du trijumeau, l'examen clinique est normal.",Névralgie du trijumeau secondaire,L'examen clinique est normal mais une IRM est nécessaire devant toute névralgie du trijumeau pour éliminer une névralgie secondaire.,Douleur neuropathique du trijumeau secondaire,La douleur est à type de brûlure continue avec parfois des décharges surajoutées.,Névralgie du trijumeau avec anomalie clinique,"Une anomalie clinique doit être évoquée devant une hypoesthésie, diminution du réflexe cornéen, atteinte V3 moteur et/ou une atteinte d’autres nerfs crâniens du même côté.",a
173,OIC-099-07-A,"Un patient a deux types de céphalées primaires intriquées, le plus souvent une migraine sans aura et une céphalée de tension épisodique. Devant une CCQ de plus de 15 jours par mois de céphalées, si le patient a des migraines et des céphalées de tension, le diagnostic de migraine prime, et une migraine chronique doit être diagnostiquée dès qu’il y a 8 jours par mois (2 jours par semaine) de céphalée de nature migraineuse. Quel diagnostic doit être privilégié dès qu'il y a 8 jours par mois (2 jours par semaine) de céphalée de nature migraineuse?","Évaluer la compréhension de l'intrication migraines, céphalées de tension et le diagnostic de migraine chronique.",Migraine chronique,Correcte. La migraine chronique doit être diagnostiquée dès qu’il y a 8 jours par mois (2 jours par semaine) de céphalée de nature migraineuse.,Céphalée de tension chronique,Incorrecte. La céphalée de tension chronique ne doit pas être privilégiée dès qu'il y a 8 jours par mois (2 jours par semaine) de céphalée de nature migraineuse.,Migraine sans aura,Incorrecte. La migraine sans aura n'est pas le diagnostic privilégié dès qu'il y a 8 jours par mois (2 jours par semaine) de céphalée de nature migraineuse.,Névralgie du trijumeau,Incorrecte. La névralgie du trijumeau n'est pas un diagnostic de céphalée primaire.,a
174,OIC-099-13-A,"Un patient migraineux présente une fréquence de crise de 15 jours par mois depuis plus de 3 mois. Il prend des antalgiques non-opiacés (AINS, aspirine, paracétamol) à ce rythme. Quel traitement doit-il être recommandé pour prévenir la surconsommation d'antalgiques?",Cette question évalue la compréhension de la prévention de la céphalée par abus médicamenteux (CAM) chez un patient migraineux. Elle teste la connaissance de la surconsommation d'antalgiques non-opiacés et de leur rôle dans l'augmentation des céphalées.,Il doit être recommandé de prendre des opiacés pour réduire la fréquence des céphalées.,Cette option est incorrecte car les opiacés sont associés à un plus haut risque de CAM et doivent être évités.,Il doit être recommandé de prendre des antalgiques combinés pour réduire la fréquence des céphalées.,Cette option est incorrecte car les antalgiques combinés doivent être évités pour réduire la surconsommation d'antalgiques.,Il doit être recommandé de prendre des triptans pour réduire la fréquence des céphalées.,Cette option est incorrecte car les triptans doivent être évités pour réduire la surconsommation d'antalgiques.,"Il doit être recommandé de prendre des antalgiques non-opiacés (AINS, aspirine, paracétamol) à un rythme de 2 jours par semaine ou 8 jours par mois pour réduire la surconsommation d'antalgiques.",Cette option est correcte car la limitation du nombre de jours de prise de traitement de crise à 2 jours par semaine ou 8 jours par mois permet de réduire la surconsommation d'antalgiques.,d
175,OIC-099-15-B,Quel traitement de fond est recommandé en première intention pour une migraine chronique?,Cette question évalue la compréhension de la recommandation de traitement de fond pour une migraine chronique.,Propranolol,"Propranolol est recommandé en première intention pour une migraine épisodique, pas pour une migraine chronique.",Métoprolol,"Métoprolol est recommandé en première intention pour une migraine épisodique, pas pour une migraine chronique.",Amitriptyline,"Amitriptyline est recommandé en première intention pour une migraine épisodique, pas pour une migraine chronique.",Topiramate,Topiramate est recommandé en première intention pour une migraine chronique.,d
176,OIC-099-17-B,"Un patient de 45 ans, sexe masculin, présente une douleur intense de la face droite, localisée au niveau de la joue, avec un taux de natriurèse obligatoire. Quel diagnostic évoquer?",Évaluer la compréhension de la relation entre la douleur de la face et la natriurèse obligatoire pour évoquer le diagnostic correct.,Névralgie du trijumeau,La douleur intense de la face droite et la natriurèse obligatoire sont des signes cliniques de la névralgie du trijumeau.,Algie vasculaire de la face,"La douleur intense de la face droite peut être un signe de l'algie vasculaire de la face, mais le taux de natriurèse obligatoire n'est pas un signe associé.",Migraine,"La douleur intense de la face droite peut être un signe de la migraine, mais le taux de natriurèse obligatoire n'est pas un signe associé.",Céphalée de tension,La douleur intense de la face droite et le taux de natriurèse obligatoire ne sont pas des signes cliniques de la céphalée de tension.,a
177,OIC-101-03-A,Quelle vidéo doit-on consulter pour observer une paralysie faciale périphérique (PFP) ?,La question évalue la compréhension de l'objet d'apprentissage 'Photographie/vidéo d’une paralysie faciale périphérique (PFP)' et tente de distinguer une source de connaissances valide de la fausse.,Vidéo de paralysie faciale centrale,Cette vidéo ne montre pas une paralysie faciale périphérique.,Vidéo de paralysie faciale a frigore,Cette vidéo ne montre pas une paralysie faciale périphérique.,Vidéo de paralysie faciale périphérique (PFP) sur le site du CEN,Cette vidéo montre une paralysie faciale périphérique.,Vidéo de paralysie faciale post-paralytique,Cette vidéo ne montre pas une paralysie faciale périphérique.,c
178,OIC-101-04-A,Quelle ressource multimédia permet de visualiser une paralysie faciale centrale ?,La question évalue la compréhension de la ressource multimédia appropriée pour visualiser une paralysie faciale centrale.,Livre de référence sur la neurologie,Cette option est incorrecte car elle ne permet pas de visualiser une paralysie faciale centrale.,Site internet de l'Association française contre les myopathies,Cette option est incorrecte car elle ne permet pas de visualiser une paralysie faciale centrale.,Site internet de l'Association française de neurologie,Cette option est incorrecte car elle ne permet pas de visualiser une paralysie faciale centrale.,Site internet du Centre d'expertise neurologique,Cette option est correcte car elle permet de visualiser une paralysie faciale centrale.,d
179,OIC-101-09-B,Quel type de vidéo montre un hémispasme facial post-paralytique ?,La question évalue la compréhension de la sémiologie clinique d'une paralysie faciale et de son évolution.,Vidéo de paralysie faciale périphérique,"Incorrecte, la paralysie faciale périphérique ne montre pas d'hémispasme facial post-paralytique.",Vidéo de paralysie faciale centrale,"Incorrecte, la paralysie faciale centrale ne montre pas d'hémispasme facial post-paralytique.",Vidéo de hémispasme facial post-paralytique,"Correcte, la vidéo montre un hémispasme facial post-paralytique.",Vidéo de paralysie faciale a frigore,"Incorrecte, la paralysie faciale a frigore ne montre pas nécessairement d'hémispasme facial post-paralytique.",c
180,OIC-101-12-A,Quel type d'éruption vésiculaire sur la conque est typique d'une paralysie faciale zostérienne ?,La question évalue la compréhension de l'éruption vésiculaire typique d'une paralysie faciale zostérienne.,Éruption vésiculaire sur la joue,"Incorrecte, l'éruption vésiculaire typique d'une paralysie faciale zostérienne se trouve sur la conque.",Éruption vésiculaire sur la langue,"Incorrecte, l'éruption vésiculaire typique d'une paralysie faciale zostérienne se trouve sur la conque.",Éruption vésiculaire sur la zone de Ramsay Hunt,"Correcte, l'éruption vésiculaire typique d'une paralysie faciale zostérienne se trouve sur la zone de Ramsay Hunt.",Éruption vésiculaire sur la poitrine,"Incorrecte, l'éruption vésiculaire typique d'une paralysie faciale zostérienne se trouve sur la conque.",c
181,OIC-101-14-B,Quel type d'innervation est illustré dans l'anatomie fonctionnelle du nerf facial ?,La question évalue la compréhension de l'innervation du nerf facial.,Innervation motrice,Correcte. L'innervation motrice est illustrée dans l'anatomie fonctionnelle du nerf facial.,Innervation sensitive,Correcte. L'innervation sensitive est illustrée dans l'anatomie fonctionnelle du nerf facial.,Innervation sécretoire,Correcte. L'innervation sécretoire est illustrée dans l'anatomie fonctionnelle du nerf facial.,Innervation auditif,Incorrecte. L'innervation auditif n'est pas illustrée dans l'anatomie fonctionnelle du nerf facial.,a
182,OIC-102-02-A,Une diplopie persiste à l'occlusion de l'œil sain et disparaît à l'occlusion de l'œil atteint. Quelle est la nature de la diplopie ?,Évaluation de la compréhension de la nature de la diplopie,Diplopie monoculaire,Correcte,Diplopie binoculaire,Incorrecte,Diplopie alternante,Incorrecte,Diplopie constante,Incorrecte,a
183,OIC-102-03-B,Quel test clinique ophtalmologique permet de déterminer le côté de la paralysie oculomotrice et de déterminer le ou les muscles paralysés ?,Cette question évalue la compréhension des tests cliniques ophtalmologiques et de la paralysie oculomotrice.,Examen sous écran ou cover-test,Correct. Le cover-test permet de déterminer le côté de la paralysie oculomotrice et de déterminer le ou les muscles paralysés.,Examen au verre rouge,Correct. L'examen au verre rouge permet de déterminer le côté de la paralysie oculomotrice et de déterminer le ou les muscles paralysés.,Test de Hess-Lancaster ou test de Lancaster,"Correct. Le test de Hess-Lancaster ou test de Lancaster permet de faire le diagnostic de la paralysie oculomotrice, de déterminer le côté de cette paralysie, d'objectiver le ou les muscles paralysés.",Exploration de la motricité intrinsèque,Incorrect. L'exploration de la motricité intrinsèque ne permet pas de déterminer le côté de la paralysie oculomotrice et de déterminer le ou les muscles paralysés.,c
184,OIC-102-04-B,Quel mouvement oculaire permet la vision de près ?,La question évalue la compréhension de la définition des vergences.,Convergence,Correcte. La convergence est le mouvement des deux yeux vers l'intérieur pour la vision de près.,Divergence,Incorrecte. La divergence est le mouvement des deux yeux vers l'extérieur.,Abduction,Incorrecte. L'abduction est le mouvement de l'œil vers l'extérieur.,Adduction,Incorrecte. L'adduction est le mouvement de l'œil vers l'intérieur.,a
185,OIC-102-05-B,Quelle est la définition d'une hypertropie ?,Question évaluant la compréhension de la définition des tropies.,Déviation de l'œil vers le bas,"Incorrecte, car l'hypertropie est une déviation de l'œil vers le haut.",Déviation de l'œil vers l'intérieur,"Incorrecte, car l'hypertropie n'est pas une déviation vers l'intérieur.",Déviation de l'œil vers l'extérieur,"Incorrecte, car l'hypertropie n'est pas une déviation vers l'extérieur.",Déviation de l'œil vers le haut,"Correcte, car l'hypertropie est une déviation de l'œil vers le haut.",d
186,OIC-102-07-A,Quel est le diagnostic de l'image ci-dessus ?,Cette question évalue la compréhension de la paralysie du VI droit.,Paralysie du III droit,La paralysie du III droit ne présente pas de déficit d'abduction de l'œil droit.,Paralysie du IV droit,La paralysie du IV droit ne présente pas de déficit d'abduction de l'œil droit.,Paralysie du VI gauche,La paralysie du VI gauche ne présente pas de déficit d'abduction de l'œil droit.,Paralysie du VI droit,"L'image montre une paralysie du VI droit, avec abolition de l'abduction de l'œil droit.",d
187,OIC-102-08-A,Quel type de paralysie du nerf oculomotrice III est représenté dans la vignette gauche ?,La question évalue la compréhension de la paralysie du nerf oculomotrice III.,Paralysie extrinsèque,La paralysie extrinsèque du nerf oculomotrice III est représentée dans la vignette gauche.,Paralysie intrinsèque,La paralysie intrinsèque du nerf oculomotrice III n'est pas représentée dans la vignette gauche.,Paralysie du nerf oculomotrice IV,La paralysie du nerf oculomotrice IV n'est pas représentée dans la vignette gauche.,Paralysie du nerf oculomotrice VI,La paralysie du nerf oculomotrice VI n'est pas représentée dans la vignette gauche.,a
188,OIC-102-12-B,Quel examen est justifié devant une diplopie monoculaire aiguë récente?,Évaluer la compréhension de l'indication des examens d'imagerie devant une diplopie aiguë récente.,TDM,Incorrecte. La TDM n'est pas justifiée devant une diplopie monoculaire.,IRM,Incorrecte. La IRM n'est pas justifiée devant une diplopie monoculaire.,Angioscanner,Incorrecte. L'angioscanner n'est pas justifié devant une diplopie monoculaire.,Aucun examen,Correcte. Aucun examen cérébral n'est justifié devant une diplopie monoculaire.,d
189,OIC-102-14-B,"En cas de diplopie récente, quels signes doivent être recherchés pour établir une étiologie?",Cette question évalue la capacité à identifier les signes associés à une diplopie récente.,"Éruption dans le territoire du V, anisocorie, anomalie du réflexe photomoteur direct ou consensuel, anomalie cutanée, exophtalmie","Cette option est incorrecte car elle omet l'anomalie palpébrale (ptosis, rétraction palpébrale) et les signes neurologiques associés.","Terrein : âge du patient, antécédents oculaires et généraux, recherche d'un diabète, d'une hypertension artérielle, d’une maladie métabolique ou endocrinienne notamment thyroïdienne, d’un antécédent néoplasique, circonstances de survenue, mode de survenue, symptômes associés, caractères de la diplopie, position du regard dans laquelle la diplopie est maximale et ses variations dans la journée",Cette option est correcte car elle liste les éléments à rechercher lors d'un interrogatoire.,"Attitude vicieuse ou compensatrice de la tête, anomalie palpébrale (ptosis, rétraction palpébrale), anisocorie, anomalie du réflexe photomoteur direct ou consensuel, anomalie cutanée, exophtalmie, signes neurologiques associés",Cette option est correcte car elle liste les éléments à rechercher lors d'une inspection.,"Éruption dans le territoire du V, anisocorie, anomalie du réflexe photomoteur direct ou consensuel, anomalie cutanée, exophtalmie, attitude vicieuse ou compensatrice de la tête, anomalie palpébrale (ptosis, rétraction palpébrale), signes neurologiques associés",Cette option est incorrecte car elle reprend les éléments de l'option b et c mais les présente dans un ordre différent.,b
190,OIC-107-01-A,Un patient de 65 ans présente des mouvements anormaux répétitifs et stéréotypés de la main droite. Quel type de mouvement anormal est le plus probable ?,Cette question évalue la compréhension des différents types de mouvements anormaux et leur caractéristiques.,Tremblement,Le tremblement est un mouvement rythmique involontaire de tout ou partie du corps autour de sa position d'équilibre. Il peut être présent au repos ou à l'action.,Chorée,"La chorée est un mouvement brusque, aléatoire, anarchique, souvent à type de rotation ou de flexion/extension, non stéréotypé, arythmique, sans finalité, touchant des territoires variés. Elle est présente au repos et à l'action.",Dystonie,"La dystonie est une contraction musculaire involontaire, prolongée, responsable d'une posture anormale et/ou de mouvements répétitifs, aggravées par les mouvements au voisinage de la zone atteinte et stéréotypées. Elle est responsable d'une contracture musculaire locale ou généralisée.",Myoclonies,"Les myoclonies sont des secousses musculaires brusques, prenant leur origine au niveau du système nerveux central. Elles peuvent être segmentaires ou généralisées, isolées ou répétitives.",c
191,OIC-107-02-A,"Quel tremblement est présent au repos et disparaît lors de la contraction musculaire et du sommeil, est lent (4–6 Hz), touche les membres en distalité, les lèvres ou le menton, jamais le chef et la voix, est unilatéral ou asymétrique et aggravé par les émotions et le calcul mental?",Cette question évalue la compréhension des types de tremblements et leur caractéristiques.,Tremblement cérébelleux,Le tremblement cérébelleux est présent lors de l'arrivée à la cible et sa fréquence est d'environ 3 Hz. Il touche principalement les membres supérieurs et le chef.,Tremblement d'action,Le tremblement d'action est présent lors du maintien d'une posture ou de l'arrivée à la cible. Il peut être handicapant dans la réalisation des gestes de la vie quotidienne.,Tremblement parkinsonien,"Le tremblement parkinsonien est présent au repos et disparaît lors de la contraction musculaire et du sommeil. Il est lent (4–6 Hz), touche les membres en distalité, les lèvres ou le menton, jamais le chef et la voix, est unilatéral ou asymétrique et aggravé par les émotions et le calcul mental.",Tremblement essentiel,"Le tremblement essentiel est un tremblement d'action, à la fois postural et intentionnel, bilatéral et symétrique, touchant principalement les membres supérieurs et le chef, qui évolue lentement sur plusieurs années et parfois décennies.",c
192,OIC-107-05-B,"Quel diagnostic est associé à un patient présentant des mouvements anormaux progressifs, une chorée, des troubles psychiatriques et des troubles cognitifs ?",Cette question évalue la compréhension des signes cliniques de la maladie de Huntington.,Maladie de Parkinson,"La maladie de Parkinson est une maladie neurodégénérative, mais elle ne présente pas de troubles psychiatriques et des troubles cognitifs.",Maladie de Wilson,"La maladie de Wilson est une maladie héréditaire, mais elle ne présente pas de chorée et des troubles psychiatriques et des troubles cognitifs.",Maladie de Huntington,"La maladie de Huntington est une maladie héréditaire, de transmission autosomique dominante et de pénétrance complète, liée à une expansion de triplets CAG sur le gène ''HTT'' codant la protéine huntingtine sur le chromosome 4, détectée par une analyse génétique. Elle est associée à des mouvements anormaux, des troubles psychiatriques et des troubles cognitifs.",Maladie de Gaucher,"La maladie de Gaucher est une maladie héréditaire, mais elle ne présente pas de chorée et des troubles psychiatriques et des troubles cognitifs.",c
193,OIC-107-06-A,"Un patient de 12 ans présente des tics moteurs et vocaux simples et complexes tous les jours, compromettant son fonctionnement et son adaptation socioprofessionnelle. Quel diagnostic est le plus probable?",La question évalue la compréhension du diagnostic positif de la maladie de Gilles de la Tourette.,Troubles obsessionnels compulsifs,Les troubles obsessionnels compulsifs ne sont pas associés à des tics moteurs et vocaux simples et complexes tous les jours.,Syndrome d'hyperactivité avec déficit attentionnel,"Le syndrome d'hyperactivité avec déficit attentionnel peut être associé à des tics, mais ne correspond pas à la maladie de Gilles de la Tourette.",Maladie de Gilles de la Tourette,"La maladie de Gilles de la Tourette est caractérisée par des tics moteurs et vocaux simples et complexes tous les jours, compromettant le fonctionnement et l'adaptation socioprofessionnelle du patient.",Autisme,"L'autisme peut être associé à des tics, mais ne correspond pas à la maladie de Gilles de la Tourette.",c
194,OIC-107-07-B,Quel type de dyskinésie est induite par les antipsychotiques ?,La question évalue la compréhension des différents types de dyskinésies et de leur cause.,Dyskinésies de pic de dose,Cette option est incorrecte car les dyskinésies de pic de dose sont induites par la L-dopa et non par les antipsychotiques.,Dyskinésies tardives,Cette option est correcte car les dyskinésies tardives sont induites par les antipsychotiques.,Dyskinésies biphasiques,Cette option est incorrecte car les dyskinésies biphasiques sont induites par la L-dopa et non par les antipsychotiques.,Akathisie,Cette option est correcte car l'akathisie est une dyskinésie induite par les antipsychotiques.,b
195,OIC-108-02-A,Quel est le critère principal pour différencier une confusion mentale de une démence ?,La question évalue la compréhension de la définition de confusion mentale et de démence.,"Une confusion mentale est une altération modérée de la vigilance, tandis qu'une démence est un trouble neurocognitif majeur.","Correcte. La confusion mentale est un trouble attentionnel sévère lié à une altération modérée de la vigilance, tandis qu'une démence est un trouble neurocognitif majeur.","Une confusion mentale est une altération durable et acquise d'une ou plusieurs fonctions cognitives et/ou comportementales, tandis qu'une démence est un trouble mental lié à un syndrome confusionnel.","Incorrecte. Une démence est un trouble neurocognitif majeur, tandis qu'une confusion mentale est un trouble attentionnel sévère lié à une altération modérée de la vigilance.","Une confusion mentale est une altération durable et acquise d'une ou plusieurs fonctions cognitives et/ou comportementales, tandis qu'une démence est un trouble mental lié à un autre trouble mental (retard mental, trouble psychiatrique).","Incorrecte. Une démence est un trouble neurocognitif majeur, tandis qu'une confusion mentale est un trouble attentionnel sévère lié à une altération modérée de la vigilance.","Une confusion mentale est un trouble attentionnel sévère lié à une altération modérée de la vigilance, tandis qu'une démence est un trouble mental lié à un autre trouble mental (retard mental, trouble psychiatrique) ou à un syndrome confusionnel.","Incorrecte. Une démence est un trouble neurocognitif majeur, tandis qu'une confusion mentale est un trouble attentionnel sévère lié à une altération modérée de la vigilance.",a
196,OIC-108-03-A,Quel processus expansif intracrânien peut provoquer une confusion mentale ?,La question évalue la compréhension des causes neurologiques de confusion mentale.,Hématome sous-dural chronique,Correct. Hématome sous-dural chronique est une cause possible de confusion mentale.,Hydrocéphalie chronique de l'adulte,Correct. Hydrocéphalie chronique de l'adulte est une cause possible de confusion mentale.,Tumeur cérébrale,Correct. Tumeur cérébrale est une cause possible de confusion mentale.,Abcès cérébral,Correct. Abcès cérébral est une cause possible de confusion mentale.,a
197,OIC-108-04-A,Quel est le principal facteur de confusion mentale chez un patient présentant une carence en thiamine?,Évaluation de la compréhension des causes non neurologiques de confusion mentale,Hypernatrémie,"Incorrecte, la carence en thiamine n'est pas liée à une hypernatrémie",Hypoglycémie,"Incorrecte, la carence en thiamine n'est pas liée à une hypoglycémie",Décompensation métabolique d'un diabète sucré,"Incorrecte, la carence en thiamine n'est pas liée à une décompensation métabolique de diabète sucré",Gayet-Wernicke,"Correcte, la Gayet-Wernicke est une conséquence de la carence en thiamine",d
198,OIC-108-09-A,Quel trouble de mémoire est le plus caractéristique de la maladie d'Alzheimer ?,La question évalue la compréhension du trouble de mémoire le plus caractéristique de la maladie d'Alzheimer. Il s'agit du trouble de la consolidation en mémoire épisodique.,Trouble de la consolidation en mémoire épisodique,Correcte. C'est le trouble de mémoire le plus caractéristique de la maladie d'Alzheimer.,Trouble de la récupération en mémoire épisodique,"Incorrecte. C'est un trouble de mémoire secondaire aux troubles de l'attention ou des fonctions exécutives, qui altèrent la qualité de l’encodage ou de la récupération des informations, mais pas directement la consolidation.",Trouble de la consolidation en mémoire sémiologique,"Incorrecte. C'est un trouble de mémoire secondaire aux troubles de l'attention ou des fonctions exécutives, qui altèrent la qualité de l’encodage ou de la récupération des informations, mais pas directement la consolidation.",Trouble de la consolidation en mémoire sémantique,"Incorrecte. C'est un trouble de mémoire secondaire aux troubles de l'attention ou des fonctions exécutives, qui altèrent la qualité de l’encodage ou de la récupération des informations, mais pas directement la consolidation.",a
199,OIC-108-14-B,Quel est le type d'hématome sous-dural observé sur un scanner X cérébral si l'hématome est chronique ?,La question évalue la compréhension de la sémiologie en imagerie d'un hématome sous-dural chronique.,Hyperdense,Incorrecte. Un hématome sous-dural chronique est hypodense au scanner X cérébral.,Iso-dense,Incorrecte. Un hématome sous-dural chronique est hypodense au scanner X cérébral.,Hypodense,Correcte. Un hématome sous-dural chronique est hypodense au scanner X cérébral.,Hyperdense et hypodense,Incorrecte. Un hématome sous-dural chronique est hypodense au scanner X cérébral.,c
200,OIC-109-04-A,Un enfant de 5 ans présente une marche ataxique et une déviation à la marche. Quel type de trouble de la marche est le plus probable ?,La question évalue la compréhension des différentes origines des troubles de la marche et de leur présentation clinique.,Trouble de la marche d'origine douloureuse,Cette option est incorrecte car la marche ataxique et la déviation à la marche ne sont pas des signes d'un trouble de la marche d'origine douloureuse.,Trouble de la marche d'origine centrale,Cette option est incorrecte car la marche ataxique et la déviation à la marche ne sont pas des signes d'un trouble de la marche d'origine centrale.,Trouble de la marche d'origine périphérique,Cette option est incorrecte car la marche ataxique et la déviation à la marche ne sont pas des signes d'un trouble de la marche d'origine périphérique.,Trouble de la marche d'origine ataxique,Cette option est correcte car la marche ataxique et la déviation à la marche sont des signes d'un trouble de la marche d'origine ataxique.,d
201,OIC-109-06-A,"Un enfant de 5 ans présente une peur panique de marcher, s'agrippe à l'examinateur ou aux meubles lorsqu'on le pousse à marcher, et réagit de manière anxieuse lorsqu'on essaie de le laisser. Quel diagnostic est le plus probable ?",Évaluation de la compréhension des définitions des troubles de la marche et de l'équilibre,Trouble de la marche,Incorrecte. C'est le symptôme d'une astasie-abasie.,Astasie-abasie,Correcte.,Trouble de l'équilibre,Incorrecte. C'est le symptôme d'une astasie-abasie.,Trouble de la marche et de l'équilibre,Incorrecte. C'est le symptôme d'une astasie-abasie.,b
202,OIC-109-11-B,Un enfant de 5 ans présente une marche en valgus. Quel diagnostic évoquer?,La question évalue la compréhension des troubles de la marche et de l'équilibre en cas vidéo.,Luxation congénitale de Hanche,"Luxation congénitale de Hanche est une anomalie de la marche, mais elle est plus fréquente chez les nourrissons et les enfants de moins de 3 ans.",Scoliose de l'enfant,"Scoliose de l'enfant est une déformation du rachis, mais elle est plus fréquente chez les adolescents.",Trouble de la marche devant un cas vidéo,Cette option est trop générique et ne permet pas de dépister le diagnostic précis.,Trouble de l'articulé dentaire,Trouble de l'articulé dentaire n'est pas lié à la marche.,a
203,OIC-109-12-A,Quelle imagerie est recommandée en cas de symptomatologie non aigue d'un trouble de la marche ou de l'équilibre ?,Cette question évalue la compréhension de l'indication de l'imagerie en cas de symptomatologie non aigue d'un trouble de la marche ou de l'équilibre.,IRM cérébrale pour éliminer une hydrocéphalie chronique de l'adulte,Correcte. L'IRM cérébrale peut être proposée dans un premier temps pour éliminer une hydrocéphalie chronique de l'adulte en cas de symptomatologie non aigue.,Scanner et angioscanner du polygone de Willis en cas de contre indication à l'IRM,"Correcte. En cas de contre indication à l'IRM, un scanner et angioscanner du polygone de Willis peuvent être réalisés.",IRM cérébrale pour éliminer un processus lésionnel intra-crânien évolutif,Correcte. L'IRM cérébrale peut être proposée pour éliminer un processus lésionnel intra-crânien évolutif en cas de symptomatologie non aigue.,IRM cérébrale pour éliminer un hématome sous dural aigu/chronique,Correcte. L'IRM cérébrale peut être proposée pour éliminer un hématome sous dural aigu/chronique en cas de symptomatologie non aigue.,a
204,OIC-112-01-A,Quel diagnostic doit être évoqué devant une dermatose bulleuse auto-immune?,Question évaluant la compréhension de la définition d'une dermatose bulleuse auto-immune.,Dermatose bulleuse mécanique,Incorrecte car une dermatose bulleuse auto-immune est caractérisée par la présence d'immunoglobulines déposées à la jonction dermo-épidermique ou à la surface des kératinocytes.,Dermatose bulleuse infectieuse,Incorrecte car une dermatose bulleuse auto-immune est une maladie définie par la présence d'immunoglobulines déposées à la jonction dermo-épidermique ou à la surface des kératinocytes.,Dermatose bulleuse auto-immune,Correcte car une dermatose bulleuse auto-immune est une maladie définie par la présence d'immunoglobulines déposées à la jonction dermo-épidermique ou à la surface des kératinocytes.,Dermatose bulleuse congénitale,"Incorrecte car une dermatose bulleuse auto-immune est une maladie acquise, non congénitale.",c
205,OIC-112-02-A,Quel examen permet d'affirmer la nature auto-immune d'une dermatose bulleuse?,Évaluation de la compréhension de la méthode de diagnostic d'une dermatose bulleuse auto-immune.,Analyse histologique standard,Incorrecte. L'analyse histologique standard ne permet pas d'affirmer la nature auto-immune d'une dermatose bulleuse.,Examen en immunofluorescence directe,Correcte. L'examen en immunofluorescence directe permet d'affirmer la nature auto-immune d'une dermatose bulleuse.,Biopsie cutanée,Incorrecte. La biopsie cutanée permet de confirmer la présence d'une dermatose bulleuse mais ne permet pas d'affirmer sa nature auto-immune.,Examen en immunofluorescence indirecte,Incorrecte. L'examen en immunofluorescence indirecte n'est pas utilisé pour le diagnostic de dermatose bulleuse auto-immune.,b
206,OIC-112-03-B,"Un patient de 70 ans présente des lésions eczématiformes recouvertes de bulles tendues sur les faces de flexion des membres, sans lésions muqueuses. Quel diagnostic est le plus probable ?",La question évalue la capacité à distinguer les différentes maladies bulleuses auto-immunes en fonction des signes cliniques.,Pemphigoïde bulleuse,Les lésions eczématiformes recouvertes de bulles tendues sur les faces de flexion des membres sont caractéristiques de la pemphigoïde bulleuse.,Pemphigus vulgaire,"Le pemphigus vulgaire se manifeste sous forme d’érosions douloureuses de la muqueuse buccale et des autres muqueuses, sans lésions cutanées.",Pemphigus superficiel,"Le pemphigus superficiel se caractérise par des lésions cutanées squamo-croûteuses ou kératosiques, sans lésions muqueuses.",Dermatite atopique,"La dermatite atopique est une éruption cutanée chronique, sans lésions bulles.",a
207,OIC-112-07-B,"Quel diagnostic est le plus probable chez l'homme présentant des bulles tendues à contenu clair ou hémorragique, et croûtes rondes sur peau urticarienne, siégeant au niveau du bras?",Évaluation de la compréhension des différents diagnostics de dermatose bulleuse auto-immune.,Pemphigoïde bulleuse,"Correcte. La présence de bulles tendues à contenu clair ou hémorragique, et croûtes rondes sur peau urticarienne, siégeant au niveau du bras, est caractéristique de la pemphigoïde bulleuse.",Pemphigus vulgaire,"Incorrecte. La présence de bulles tendues à contenu clair ou hémorragique, et croûtes rondes sur peau urticarienne, siégeant au niveau du bras, est plus caractéristique de la pemphigoïde bulleuse que du pemphigus vulgaire.",Dermatite atopique,"Incorrecte. La présence de bulles tendues à contenu clair ou hémorragique, et croûtes rondes sur peau urticarienne, siégeant au niveau du bras, est peu caractéristique de la dermatite atopique.",Erythème multiforme,"Incorrecte. La présence de bulles tendues à contenu clair ou hémorragique, et croûtes rondes sur peau urticarienne, siégeant au niveau du bras, est peu caractéristique de l'érythème multiforme.",a
208,OIC-121-01-A,Quel type de handicap est lié à un trouble psychiatrique ?,Évaluer la différence entre handicap intellectuel et handicap psychique.,Handicap intellectuel,Handicap lié à une déficience intellectuelle.,Handicap physique,Handicap lié à une altération physique.,Handicap psychique,Correct. Handicap lié à un trouble psychiatrique.,Handicap social,Handicap lié à des difficultés sociales.,c
209,OIC-121-05-B,"Quelle mesure de protection juridique est mise en place pour une protection temporaire et rapide, ou dans l’attente de la mise en place d’une curatelle ou tutelle ?",Cette question évalue la compréhension de la prise en charge judiciaire des personnes handicapées psychiques.,Mesure de sauvegarde de justice,"Correcte. La mesure de sauvegarde de justice est mise en place pour une protection temporaire et rapide, ou dans l’attente de la mise en place d’une curatelle ou tutelle.",Curatelle,Incorrecte. La curatelle est une mesure de protection juridique qui assiste la personne dans les actes de sa vie civile.,Tutelle,Incorrecte. La tutelle est une mesure de protection juridique qui représente la personne dans les actes de sa vie civile.,Mesure de protection civile,Incorrecte. Il n'y a pas de mesure de protection civile mentionnée dans le contenu éducatif.,a
210,OIC-124-01-A,Quel est le critère de diagnostic de la ménopause selon la définition de l'OMS ?,Cette question évalue la compréhension de la définition de la ménopause selon l'OMS.,Une période d'aménorrhée consécutive de 12 mois chez une femme de plus de 45 ans,Cette option est correcte car elle correspond à la définition de la ménopause selon l'OMS.,Une période d'aménorrhée consécutive de 12 mois chez une femme de moins de 45 ans,Cette option est incorrecte car elle ne correspond pas à la définition de la ménopause selon l'OMS qui stipule que la femme doit être de plus de 45 ans.,Une période d'aménorrhée consécutive de 12 mois chez une femme de plus de 55 ans,Cette option est incorrecte car elle ne correspond pas à la définition de la ménopause selon l'OMS qui stipule que la femme doit être de plus de 45 ans.,Une période d'aménorrhée consécutive de 12 mois chez une femme de plus de 40 ans,Cette option est incorrecte car elle ne correspond pas à la définition de la ménopause selon l'OMS qui stipule que la femme doit être de plus de 45 ans.,a
211,OIC-124-02-B,Quel est l'âge médian de la ménopause naturelle dans la population européenne ?,Évaluer la compréhension des caractéristiques épidémiologiques de la ménopause naturelle,50 ans,"Incorrecte, l'âge médian est supérieur à 50 ans",51 ans,"Correcte, c'est l'âge médian de la ménopause naturelle dans la population européenne",51 ans et demi,"Correcte, c'est l'âge médian de la ménopause naturelle dans la population européenne",50 ans et demi,"Incorrecte, l'âge médian est supérieur à 50 ans",b
212,OIC-124-10-B,Quel examen complémentaire est recommandé en présence de facteurs de risques d’ostéoporose chez une femme ménopausée ?,La question évalue la compréhension de l'examen complémentaire recommandé en présence de facteurs de risque d'ostéoporose chez une femme ménopausée.,Mammographie,Correcte. La mammographie est recommandée en présence de facteurs de risques d’ostéoporose.,Échographie utéro-ovarienne,Incorrecte. L’échographie utéro-ovarienne n’est pas pertinente dans le dépistage des lésions utéro-ovariennes de la femme ménopausée asymptomatique.,Analyse du bilan lipidique SD-195,"Correcte. Un bilan biologique minimum comportant un dosage du cholestérol total, des triglycérides et de la glycémie à jeun est recommandé.",Ostéodensitométrie,Correcte. L’ostéodensitométrie est recommandée en présence de facteurs de risques d’ostéoporose.,d
213,OIC-124-11-B,Quel facteur de risque thrombo-embolique veineux peut être une contre-indication au traitement hormonal de la ménopause (THM) ?,La question évalue la compréhension des contre-indications du THM.,Insuffisance cardiaque,Incorrecte. L'insuffisance cardiaque n'est pas un facteur de risque thrombo-embolique veineux.,Hypertension artérielle,Incorrecte. La hypertension artérielle n'est pas un facteur de risque thrombo-embolique veineux.,Obésité,Incorrecte. L'obésité n'est pas un facteur de risque thrombo-embolique veineux.,Hypercoagulabilité,Correcte. La hypercoagulabilité est un facteur de risque thrombo-embolique veineux.,d
214,OIC-124-15-A,Quel terme est préférable pour décrire le syndrome de déficit en testostérone lié à l’âge ?,Cette question évalue la compréhension de la définition du syndrome de déficit en testostérone lié à l’âge et de son diagnostic.,Andropause,Terme incorrect qui ne correspond pas à la définition du syndrome de déficit en testostérone lié à l’âge.,Syndrome de déficit en testostérone lié à l’âge,Terme correct qui correspond à la définition du syndrome de déficit en testostérone lié à l’âge.,Insuffisance testiculaire,Terme incorrect qui ne correspond pas à la définition du syndrome de déficit en testostérone lié à l’âge.,Syndrome de déficit en testostérone lié à l’âge avec complications,Terme incorrect qui ne correspond pas à la définition du syndrome de déficit en testostérone lié à l’âge.,b
215,OIC-124-17-A,Quel dosage de testostérone doit être trouvé pour confirmer un déficit androgénique lié à l'âge ?,La question évalue la compréhension de la définition d'un déficit androgénique lié à l'âge et des dosages de testostérone nécessaires pour confirmer ce diagnostic.,"Testostérone totale > 2,3 ng/ml",Cette option est incorrecte car elle indique une valeur supérieure à la valeur normale pour confirmer un déficit androgénique lié à l'âge.,"Testostérone totale entre 2,3 et 3,5 ng/ml ET testostérone biodisponible < 0,7 ng/ml",Cette option est correcte car elle indique les valeurs de testostérone totale et biodisponible nécessaires pour confirmer un déficit androgénique lié à l'âge.,"Testostérone totale < 0,7 ng/ml",Cette option est incorrecte car elle indique une valeur inférieure à la valeur normale pour confirmer un déficit androgénique lié à l'âge.,"Testostérone totale < 0,07 ng/ml",Cette option est incorrecte car elle indique une valeur inférieure à la valeur de la testostérone libre calculée nécessaire pour confirmer un déficit androgénique lié à l'âge.,b
216,OIC-127-07-B,Quel examen paraclinique est réalisé en cas de discordance de symptomatologie ou dans le cadre de maladie neurologique à la recherche d’une hypotonie détrusorienne ?,Cette question évalue la compréhension de l'examen paraclinique approprié pour évaluer une hypotonie détrusorienne dans le contexte d'une maladie neurologique.,PSA total,Incorrect. PSA total n'est pas utilisé pour évaluer une hypotonie détrusorienne.,Créatininémie,Incorrect. La créatininémie n'est pas utilisée pour évaluer une hypotonie détrusorienne.,"Echographie rénale, vésicale et prostatique","Incorrect. L'échographie rénale, vésicale et prostatique n'est pas utilisée pour évaluer une hypotonie détrusorienne.",Bilan urodynamique,Correct. Le bilan urodynamique est utilisé pour évaluer une hypotonie détrusorienne dans le contexte d'une maladie neurologique.,d
217,OIC-132-05-A,Quel trouble neuro-cognitif peut-il s'agir d'un cas de carence en vitamine B12?,Évaluation de la compréhension des diagnostics différentiels de la maladie d'Alzheimer et des maladies apparentées.,Maladie d'Alzheimer,"Incorrecte, la carence en vitamine B12 peut être une cause de trouble neuro-cognitif mais elle n'est pas la maladie d'Alzheimer.",Maladie à corps de Lewy,"Incorrecte, la carence en vitamine B12 n'est pas une cause de maladie à corps de Lewy.",Hydrocéphalie à pression normale,"Incorrecte, la carence en vitamine B12 n'est pas une cause d'hydrocéphalie à pression normale.",Carence en vitamine B12,"Correcte, la carence en vitamine B12 peut être une cause de trouble neuro-cognitif.",d
218,OIC-132-06-A,Quelle est la principale cause d'un trouble neuro-cognitif chez un sujet âgé?,La question évalue la compréhension des causes principales de troubles neuro-cognitifs chez les sujets âgés.,Maladie d’Alzheimer,Correcte. La maladie d’Alzheimer est une cause commune de troubles neuro-cognitifs chez les sujets âgés.,Dégénérescence fronto-temporal,Correcte. La dégénérescence fronto-temporal est une cause de troubles neuro-cognitifs chez les sujets âgés.,Encéphalopathie neurovasculaire,Correcte. L'encéphalopathie neurovasculaire est une cause de troubles neuro-cognitifs chez les sujets âgés.,Maladie à corps de Lewy,Correcte. La maladie à corps de Lewy est une cause de troubles neuro-cognitifs chez les sujets âgés.,a
219,OIC-132-07-A,Quel outil de repérage de trouble neuro-cognitif évalue les fonctions exécutives et visuospatiales ?,La question évalue la compréhension de l'outil de repérage de trouble neuro-cognitif qui évalue les fonctions exécutives et visuospatiales.,Mini Mental State Evaluation,Incorrect. L'outil ne permet pas d'évaluer les fonctions exécutives et visuospatiales.,Test des 5 mots de Dubois,Incorrect. L'outil ne permet pas d'évaluer les fonctions exécutives et visuospatiales.,BREF,Correct. L'outil évalue les fonctions exécutives.,Horloge,Correct. L'outil évalue les fonctions exécutives et visuospatiales.,d
220,OIC-132-09-A,Quel traitement initier pour un patient présentant un trouble neuro-cognitif?,Cette question évalue la compréhension de la prise en charge médicale d'un patient avec trouble neuro-cognitif.,Mettre en place de l'Iatrogénie,Cette option est incorrecte car il est important d'éviter la iatrogénie dans la prise en charge d'un patient avec trouble neuro-cognitif.,Ignorer le patient,Cette option est incorrecte car il est important de prendre en charge le patient avec trouble neuro-cognitif.,Mettre en place de l'ALD 15,Cette option est correcte car l'ALD 15 est une mesure de prise en charge initiale pour un patient avec trouble neuro-cognitif.,Ignorer les autres comorbidités,Cette option est incorrecte car il est important de prendre en compte les autres comorbidités du patient avec trouble neuro-cognitif.,c
221,OIC-132-13-B,Quel est le principal élément physiopathologique de la maladie d'Alzheimer chez les personnes âgées de plus de 75 ans?,La question évalue la compréhension de la physiopathologie de la maladie d'Alzheimer chez les personnes âgées de plus de 75 ans.,Plaques amyloïdes,Correcte. Les plaques amyloïdes sont l'élément physiopathologique principal de la maladie d'Alzheimer.,Dégénérescences neurofibrillaires,Correcte. Les dégénérescences neurofibrillaires sont l'élément physiopathologique principal de la maladie d'Alzheimer.,Activation de la neuroinflammation,Correcte. L'activation de la neuroinflammation est un élément physiopathologique de la maladie d'Alzheimer.,Perte neuronale,Correcte. La perte neuronale est un élément physiopathologique de la maladie d'Alzheimer.,a
222,OIC-132-14-B,"Quel diagnostic doit être évoqué devant un patient de moins de 60 ans présentant des troubles du comportement, des troubles du comportement alimentaire et une atrophie fronto-temporale antérieure bilatérale à l'IRM encéphalique ?",La question évalue la compréhension des modalités du diagnostic d'une dégénérescence lobaire fronto-temporale.,Maladie d'Alzheimer,La maladie d'Alzheimer touche généralement des personnes de plus de 60 ans et ne présente pas nécessairement des troubles du comportement alimentaire.,Encéphalopathie vasculaire,L'encéphalopathie vasculaire peut toucher des personnes de moins de 60 ans mais ne présente pas nécessairement des troubles du comportement alimentaire et n'est pas associée à une atrophie fronto-temporale.,Maladie à corps de Lewy,La maladie à corps de Lewy peut toucher des personnes de moins de 60 ans mais ne présente pas nécessairement des troubles du comportement alimentaire et n'est pas associée à une atrophie fronto-temporale.,Dégénérescence lobaire fronto-temporale,"La dégénérescence lobaire fronto-temporale touche souvent des personnes de moins de 60 ans, présente des antécédents familiaux de DFT, est hétérogène au plan génétique et lésionnel et est associée à des troubles du comportement, des troubles du comportement alimentaire et à une atrophie fronto-temporale.",d
223,OIC-133-02-B,"Quel groupe Iso-ressources (GIR) correspond à une personne qui peut se réorienter dans le temps, les moments de la journée, dans les lieux et leur contenu, mais qui a besoin d'aide pour se servir, manger, se toiletter et se déplacer à l'intérieur ?",Cette question évalue la compréhension des éléments constitutifs du score GIR et de la dépendance en autonomie.,Groupe 1,Cette personne est très dépendante.,Groupe 2,"Cette personne a besoin d'aide pour se servir, manger, se toiletter et se déplacer à l'intérieur, mais peut se réorienter dans le temps, les moments de la journée, dans les lieux et leur contenu.",Groupe 3,"Cette personne peut se servir, manger, se toiletter et se déplacer à l'intérieur sans aide, mais a des difficultés à se réorienter dans le temps, les moments de la journée, dans les lieux et leur contenu.",Groupe 4,"Cette personne peut se servir, manger, se toiletter et se déplacer à l'intérieur sans aide et peut se réorienter dans le temps, les moments de la journée, dans les lieux et leur contenu.",b
224,OIC-133-03-A,Quel est le facteur responsable de la perte d'indépendance fonctionnelle chez un sujet âgé?,Cette question évalue la compréhension de la séquence de Wood et la connaissance des principales causes de perte d'indépendance fonctionnelle.,Une maladie,Cette option est correcte car la maladie est une des principales causes de perte d'indépendance fonctionnelle.,Les soins iatrogènes,Cette option est correcte car les soins iatrogènes sont une des principales causes de perte d'indépendance fonctionnelle.,Un évènement de vie,Cette option est correcte car un évènement de vie est une des principales causes de perte d'indépendance fonctionnelle.,Des difficultés d’ordre socio-économiques,Cette option est correcte car des difficultés d’ordre socio-économiques sont une des principales causes de perte d'indépendance fonctionnelle.,a
225,OIC-133-08-A,Quel type de mesure de protection juridique doit être prise pour un majeur qui a besoin d'être conseillé ou contrôlé dans certains actes de la vie civile ?,Cette question évalue la compréhension de la curatelle.,Signalement au Procureur de la République,Cette mesure est utilisée pour signaler des faits graves nécessitant des mesures appropriées dans le seul but de protéger la victime.,Mandat de protection future,Cette mesure permet à une personne de désigner à l'avance une ou plusieurs personnes pour la représenter.,Habilitation familiale,Cette mesure permet à un proche de solliciter l'autorisation du juge pour représenter une personne qui ne peut pas manifester sa volonté.,Curatelle,"Cette mesure judiciaire est destinée à protéger un majeur qui, sans être hors d’état d’agir lui-même, a besoin d’être conseillé ou contrôlé dans certains actes de la vie civile.",d
226,OIC-134-02-B,"Un patient de 65 ans, sexe masculin, présente une douleur chronique au niveau du dos depuis 6 mois. Il a été diagnostiqué d'une douleur nociceptive, une douleur neuropathique ou une douleur nociplastique?",La question évalue la compréhension de la physiopathologie des douleurs chroniques et de la classification des douleurs en psychiatrie.,Douleur nociceptive,"La douleur nociceptive est due à une sur-stimulation des systèmes nociceptifs, ce qui est le cas dans le scénario présenté.",Douleur neuropathique,"La douleur neuropathique est liée à des lésions ou maladies du système somato-sensoriel, ce qui n'est pas le cas dans le scénario présenté.",Douleur nociplastique,"La douleur nociplastique est un ensemble de syndromes douloureux chroniques sans lésion identifiable, ce qui n'est pas le cas dans le scénario présenté.",Aucune des options précédentes,"La réponse est incorrecte car il est diagnostiqué une douleur chronique, et donc une douleur nociceptive, neuropathique ou nociplastique.",a
227,OIC-134-03-A,Quel traitement initier pour évaluer la douleur d'un patient douloureux à l'aide d'une échelle d'auto-évaluation validée ?,Cette question évalue la compréhension de l'utilisation d'une échelle d'auto-évaluation de la douleur et de son impact.,Ignorer la douleur du patient et ne pas utiliser d'échelle d'auto-évaluation,Cette option est incorrecte car il est obligatoire de tracer la douleur dans le dossier du patient quel que soit le motif de l'hospitalisation.,Attendre la plainte du patient avant d'évaluer la douleur,Cette option est incorrecte car l'évaluation de la douleur doit être active des soignants.,Utiliser une échelle d'auto-évaluation de la douleur uniquement en cas de douleur chronique,Cette option est incorrecte car les échelles d'auto-évaluation peuvent être utilisées pour évaluer la douleur aigue et chronique.,Utiliser une échelle d'auto-évaluation de la douleur à l'aide d'une échelle d'auto-évaluation validée,Cette option est correcte car il est obligatoire de tracer la douleur dans le dossier du patient quel que soit le motif de l'hospitalisation et l'utilisation d'une échelle d'auto-évaluation validée est recommandée.,d
228,OIC-134-05-B,Un patient douloureux chronique sur 2 a une qualité de vie altérée. Quelle est la proportion de patients douloureux chroniques qui ont une qualité de vie altérée?,Cette question évalue la compréhension de l'impact de la douleur chronique sur la qualité de vie.,1 sur 2,Correcte,1 sur 3,Incorrecte,1 sur 4,Incorrecte,1 sur 5,Incorrecte,a
229,OIC-134-06-A,Un patient de 60 ans est hospitalisé pour une douleur aiguë au niveau de la hanche. Le soignant doit évaluer la douleur à l'aide d'une échelle d'auto-évaluation. Quelle échelle doit-il utiliser ?,Cette question évalue la compréhension de l'utilisation des échelles d'auto-évaluation de la douleur chez un patient communicant.,Échelle Visuelle Analogique (EVA),"L'EVA est une échelle d'auto-évaluation de la douleur qui se présente sous forme d'une réglette de 100 mm, horizontale ou verticale, dont l'une des extrémités correspond à 'pas de douleur' et l'autre à 'Douleur maximale imaginable'.",Échelle numérique (EN),L'EN est une échelle d'auto-évaluation de la douleur qui propose un mode de notation numérique sans ou avec support visuel. Il est demandé au patient de quantifier l'intensité de sa douleur de 0 à 10 à un moment donné.,Échelle Verbale Simple (EVS) (ou échelle catégorique),"L'EVS s’adresse aux patients généralement incapables d’utiliser les précédentes. Comporte des qualificatifs de type : aucune douleur, douleur faible, douleur moyenne, douleur sévère, douleur très sévère. L’EVS ne doit pas se simplifier à la question simple 'avez-vous mal' ?",Echelles d’hétéroévaluation de la douleur,Les échelles d’hétéroévaluation de la douleur s’adressent aux patients présentant des troubles de la communication verbale. Elles nécessitent que le clinicien observe le comportement douloureux du patient et le quantifie à l’aide d’un score validé.,a
230,OIC-134-08-A,"Quel diagnostic doit-on évoquer chez un patient âgé de 65 ans présentant une douleur spontanée continue, des paresthésies dans le territoire douloureux et une hypoesthésie au froid, avec un contexte particulier de survenue après une hernie discale?",La question évalue la compréhension des signes cliniques de douleurs neuropathiques et de leur diagnostic.,Radiculopathie,"La radiculopathie est une cause fréquente de douleurs neuropathiques et est associée à des paresthésies, des hypoesthésies et une douleur spontanée continue dans le territoire douloureux.",Névralgie faciale,"La névralgie faciale est une neuropathie du nerf trigéminal (V) et n'est pas associée à des paresthésies, des hypoesthésies et une douleur spontanée continue dans le territoire douloureux.",Sclérose en plaques,"La sclérose en plaques est une lésion centrale et n'est pas associée à des paresthésies, des hypoesthésies et une douleur spontanée continue dans le territoire douloureux.",Accident vasculaire cérébral,"L'accident vasculaire cérébral est une cause centrale de douleurs et n'est pas associée à des paresthésies, des hypoesthésies et une douleur spontanée continue dans le territoire douloureux.",a
231,OIC-136-02-A,Quelle est la mortalité imputable à l'anesthésie en France actuellement?,Évaluation de la mortalité imputable à l'anesthésie en France,1 décès pour 100 000 anesthésies,Incorrecte. La mortalité imputable à l'anesthésie est actuellement autour de 1/200 000 actuellement.,1 décès pour 150 000 anesthésies,Correcte. La mortalité imputable à l'anesthésie est actuellement autour de 1/200 000 actuellement.,1 décès pour 10 000 anesthésies,Incorrecte. La mortalité imputable à l'anesthésie est actuellement autour de 1/200 000 actuellement.,1 décès pour 50 000 anesthésies,Incorrecte. La mortalité imputable à l'anesthésie est actuellement autour de 1/200 000 actuellement.,b
232,OIC-136-05-A,Quel type d'anesthésie est administré par infiltration ou par voie topique en regard de la zone à opérer ou à analgésier ?,Question évaluant la compréhension de la définition de l'anesthésie locale.,Anesthésie générale,"Incorrecte, l'anesthésie générale est administrée par voie intraveineuse et induit une perte de conscience réversible.",Anesthésie locorégionale périphérique,"Incorrecte, l'anesthésie locorégionale périphérique est administrée autour d'un nerf.",Anesthésie locorégionale péri-médullaire,"Incorrecte, l'anesthésie locorégionale péri-médullaire est administrée autour de la moelle épinière.",Anesthésie locale,"Correcte, l'anesthésie locale est administrée par infiltration ou par voie topique en regard de la zone à opérer ou à analgésier.",d
233,OIC-136-06-A,Quel traitement initier pour une anesthésie générale chez un patient de 55 ans présentant une hypertension artérielle et une insuffisance rénale chronique?,"Évaluation de la compréhension des principes d'une anesthésie générale, indications et principales complications.",Administrer un curare,Incorrecte car les curares sont utilisés pour la paralysie musculaire et non pour l'anesthésie générale.,Commencer par une anesthésie locale,Incorrecte car l'anesthésie générale est nécessaire pour une hypertension artérielle et une insuffisance rénale chronique.,Utiliser un anesthésique inhalant,Incorrecte car les anesthésiques inhalants sont généralement utilisés pour l'anesthésie locorégionale et non pour l'anesthésie générale.,Commencer par une anesthésie générale avec un anesthésique intraveineux,Correcte car les anesthésiques intraveineux sont utilisés pour l'anesthésie générale et sont préférés pour les patients présentant des complications cardiovasculaires ou respiratoires.,d
234,OIC-136-08-B,Quel mécanisme d'action agissent les anesthésiques locaux lors d'une anesthésie locorégionale ?,Évaluation de la compréhension du mécanisme d'action des anesthésiques locaux lors d'une anesthésie locorégionale.,Ils agissent au niveau de la conduction nerveuse en bloquant les canaux sodiques non-voltage-dépendants.,Incorrect. Les anesthésiques locaux agissent au niveau de la conduction nerveuse en bloquant les canaux sodiques voltages dépendants.,Ils agissent au niveau de la conduction nerveuse en bloquant les canaux potassiques.,Incorrect. Les anesthésiques locaux agissent au niveau de la conduction nerveuse en bloquant les canaux sodiques voltages dépendants.,Ils agissent au niveau de la conduction nerveuse en bloquant les canaux calciques.,Incorrect. Les anesthésiques locaux agissent au niveau de la conduction nerveuse en bloquant les canaux sodiques voltages dépendants.,Ils agissent au niveau de la conduction nerveuse en bloquant les canaux chloriques.,Incorrect. Les anesthésiques locaux agissent au niveau de la conduction nerveuse en bloquant les canaux sodiques voltages dépendants.,a
235,OIC-136-10-B,Quel type de fibres nerveuses transmettent la douleur d'origine viscérale lors de la première phase du travail ?,La question évalue la compréhension de la physiopathologie de la douleur pendant le travail et l'accouchement.,Fibres Aβ,Incorrecte. Les fibres Aβ ne transmettent pas la douleur d'origine viscérale.,Fibres Aδ,"Partiellement correcte. Les fibres Aδ transmettent la douleur propre aux contractions, mais elles ne sont pas responsables de la douleur d'origine viscérale.",Fibres C,Correcte. Les fibres non myélinisées C transmettent la douleur d'origine viscérale lors de la première phase du travail.,Fibres B,Incorrecte. Les fibres B ne transmettent pas la douleur.,c
236,OIC-136-12-B,Quel est le but de la réhabilitation précoce après chirurgie (RAC) et chirurgie ambulatoire ?,La question évalue la compréhension de l'objectif de la réhabilitation précoce après chirurgie (RAC) et chirurgie ambulatoire.,Réduire les conséquences du stress chirurgical,"Cette option est incorrecte car elle ne représente qu'un point clé de la RAC, mais ne décrit pas le but global.",Favoriser et stimuler l'autonomie des patients,"Cette option est incorrecte car elle ne représente qu'un point clé de la RAC, mais ne décrit pas le but global.",Informer le patient et le former à la démarche,"Cette option est incorrecte car elle ne représente qu'un point clé de la RAC, mais ne décrit pas le but global.",Favorisant le rétablissement précoce de ses capacités après la chirurgie,Cette option est correcte car elle décrit le but global de la réhabilitation précoce après chirurgie (RAC) et chirurgie ambulatoire.,d
237,OIC-145-02-B,"Un patient de 65 ans, sexe masculin, présente une fièvre, toux et dyspnée. Il a été en contact avec un cas confirmé de COVID-19 il y a 5 jours. Quel type de surveillance de maladie infectieuse transmissible est la plus appropriée pour ce cas?","La question évalue la compréhension de la surveillance des maladies infectieuses transmissibles et de la différence entre surveillance passive, active et semi-active.",Surveillance passive,"La surveillance passive est déclaration spontanée des acteurs de terrain, qui ne serait pas appropriée pour ce cas car elle ne recueille pas des informations suffisamment exhaustives.",Surveillance active,"La surveillance active est collecte de données par un personnel dédié qui recueille des informations souvent plus exhaustives et plus élaborées que dans le cas de la surveillance passive, ce qui est approprié pour ce cas.",Surveillance semi-active,"La surveillance semi-active est rappels ou relances adressés aux acteurs de terrain, recherche de cas supplémentaires, qui peut être appropriée pour ce cas mais pas nécessairement la plus appropriée.",Surveillance territoriale,"La surveillance territoriale est un maillage de sources variées, qui n'est pas une forme de surveillance mais plutôt un niveau de surveillance.",b
238,OIC-145-03-B,Quelle organisation est chargée de la surveillance des maladies infectieuses en France ?,Cette question évalue la connaissance des organisations en charge de la surveillance des maladies infectieuses en France.,Santé Publique France,C'est un centre de référence et d'expertise en santé publique qui s’appuie sur le Réseau National de Santé Publique (RNSP) et les Cellules InterRégionales d’Epidémiologie (CIRE).,Agences Régionales de Santé,Elles assurent la surveillance des maladies infectieuses notamment au travers du système de déclaration obligatoire des maladies.,Centres Nationaux de Référence,Ces laboratoires et services cliniques sont chargés de la surveillance épidémiologique.,Réseaux de surveillance nationaux,"Ces réseaux, comme les réseaux Sentinelles et RéPIAS, sont chargés de la surveillance des maladies infectieuses.",a
239,OIC-145-05-B,Un patient présente des signes cliniques de maladie infectieuse transmissible. Le diagnostic est confirmé par un test diagnostique. Quelle valeur prédictive positive (VPP) est-elle la plus élevée pour ce test ?,La question évalue la compréhension de la définition de la valeur prédictive positive (VPP) et de sa formule.,Le taux de VPP est le plus élevé lorsque le nombre de faux positifs est le plus faible.,Incorrect. La VPP est le nombre de vrais positifs par rapport au nombre total de positifs.,Le taux de VPP est le plus élevé lorsque le nombre de vrais positifs est le plus faible.,Incorrect. La VPP est le nombre de vrais positifs par rapport au nombre total de positifs.,Le taux de VPP est le plus élevé lorsque le nombre de faux négatifs est le plus faible.,Incorrect. La VPN est le nombre de vrais négatifs par rapport au nombre total de négatifs.,Le taux de VPP est le nombre de vrais positifs par rapport au nombre total de positifs.,Correct. La VPP est le nombre de vrais positifs par rapport au nombre total de positifs.,d
240,OIC-145-07-B,Quel type de réservoir est la légionellose ?,Cette question évalue la compréhension de la transmission des maladies infectieuses.,Humain,Cette option est incorrecte car la légionellose est une zoonose.,Animal,Cette option est incorrecte car la légionellose est une maladie environnementale.,Environnemental,Cette option est correcte car la légionellose est une maladie aquatique.,Inconnu,Cette option est incorrecte car la légionellose est bien une maladie environnementale.,c
241,OIC-145-08-A,Quel mode de transmission horizontale directe est-ce qui implique un contact physique entre l'hôte réceptif et la source de l'agent infectieux ?,La question évalue la compréhension de la transmission horizontale directe de maladies infectieuses.,Transmission par contact direct,Correcte. Cette transmission suppose un contact physique entre l'hôte réceptif et la source de l'agent infectieux.,Transmission par gouttelettes,Incorrecte. Cette transmission est fréquemment associée à une transmission contact lorsque le micro-organisme a la capacité de survivre dans l’environnement.,Transmission par l'air,Incorrecte. Les micro-organismes sont transmis par de fines particules d’un diamètre inférieur à 5 µm émises par l’individu infecté ou colonisé.,Transmission par des gouttelettes de Pflügge,"Incorrecte. Les gouttelettes de Pflügge sont émises en parlant, toussant, crachant, mouchant, éternuant et ont un diamètre supérieur à 5 µm.",a
242,OIC-153-01-A,Un patient de 65 ans présente une sténose aortique. Quelle prothèse valvulaire est la plus appropriée pour cette situation ?,Cette question évalue la compréhension de la durabilité et de l'anticoagulation des différents types de prothèses valvulaires.,Prothèse mécanique,Prothèse mécanique nécessite une anticoagulation au long cours pour éviter toute thrombose de la prothèse.,Prothèse biologique,Prothèse biologique ne nécessite pas d’anticoagulation au long cours si le rythme est sinusal.,Prothèse percutanée,Prothèse percutanée est recommandée chez des patients avec risque opératoire élevé à intermédiaire.,Aucune des prothèses proposées est appropriée,Aucune des prothèses proposées ne convient à un patient de 65 ans avec sténose aortique.,b
243,OIC-153-02-A,Quel est le principal diagnostic différentiel d'une thrombose aiguë de prothèse valvulaire?,La question évalue la compréhension de la liste des complications des prothèses valvulaires et du diagnostic différentiel de thrombose aiguë de prothèse valvulaire.,Endocardite infectieuse,"L'endocardite infectieuse est un diagnostic différentiel possible de thrombose aiguë de prothèse valvulaire, mais elle est moins fréquente.",Désinsertion de prothèse,"La désinsertion de prothèse est un diagnostic différentiel possible de thrombose aiguë de prothèse valvulaire, mais elle est moins fréquente.",Dégénérescence des bioprothèses,"La dégénérescence des bioprothèses est un diagnostic différentiel possible de thrombose aiguë de prothèse valvulaire, mais elle est moins fréquente.",Complications hémorragiques liées aux AVK,"Les complications hémorragiques liées aux AVK sont un diagnostic différentiel possible de thrombose aiguë de prothèse valvulaire, mais elles sont moins fréquentes.",a
244,OIC-153-05-A,Un patient a été opéré d'une prothèse valvulaire en position aortique de type Medtronic-Hall® (Valve à disque). Quelle cible d'INR doit-il atteindre ?,Cette question évalue la compréhension de la cible d'INR pour un patient porteur d'une prothèse valvulaire en position aortique de type Medtronic-Hall® (Valve à disque).,"2,5",Cette réponse est incorrecte car elle est inférieure à la cible d'INR pour un patient porteur d'une prothèse valvulaire en position aortique de type Medtronic-Hall® (Valve à disque).,"3,0","Cette réponse est correcte. Le patient doit atteindre une cible d'INR de 3,0 pour une prothèse valvulaire en position aortique de type Medtronic-Hall® (Valve à disque).","3,5",Cette réponse est supérieure à la cible d'INR pour un patient porteur d'une prothèse valvulaire en position aortique de type Medtronic-Hall® (Valve à disque).,"4,0",Cette réponse est supérieure à la cible d'INR pour un patient porteur d'une prothèse valvulaire en position aortique de type Medtronic-Hall® (Valve à disque).,b
245,OIC-156-01-A,Quel est le délai d'évolution d'une ostéomyélite aiguë ?,Cette question évalue la compréhension du délai d'évolution des différentes entités cliniques d'infections ostéo-articulaires.,évolution < 4 semaines,"Correcte. L'ostéomyélite aiguë est une forme aiguë hématogène d’ostéite, la plus fréquente chez l'enfant et son évolution est inférieure à 4 semaines.",évolution ≥ 4 semaines,"Incorrecte. L'ostéomyélite aiguë est une forme aiguë hématogène d’ostéite, la plus fréquente chez l'enfant et son évolution est inférieure à 4 semaines.",évolution variable,"Incorrecte. L'ostéomyélite aiguë est une forme aiguë hématogène d’ostéite, la plus fréquente chez l'enfant et son évolution est inférieure à 4 semaines.",évolution inconnue,"Incorrecte. L'ostéomyélite aiguë est une forme aiguë hématogène d’ostéite, la plus fréquente chez l'enfant et son évolution est inférieure à 4 semaines.",a
246,OIC-156-04-B,Un enfant de 2 ans présente un œil rouge douloureux avec baisse d'acuité visuelle. Quel germe est le plus susceptible d'être responsable de cette infection ?,Cette question évalue la compréhension des germes responsables des infections oculaires chez les enfants.,Staphylococcus aureus,"Ce germe est responsable de 50-70% des infections hématogènes et de 50-70% des infections post-opératoires, post-ponction/infiltration.",Streptocoques,"Ces germes sont responsables de 20% des infections hématogènes et de 20% des infections post-opératoires, post-ponction/infiltration.",Escherichia coli,Ce germe est responsable de 10% des infections hématogènes et est rare chez l'enfant entre 6 mois et 4 ans.,Kingella kingae,"Ce germe est majoritaire chez l'enfant entre 6 mois et 4 ans, mais rare chez l'enfant de 2 ans.",a
247,OIC-156-05-A,Un patient de 35 ans présente un œil rouge douloureux avec une baisse de l'acuité visuelle. Quel diagnostic doit être évoqué en premier ?,Cette question évalue la compréhension des signes cliniques d'une uvéite.,Conjonctivite,Cette option est incorrecte car elle ne correspond pas aux signes cliniques du patient.,Hémorragie sous conjonctivale,Cette option est incorrecte car elle ne correspond pas aux signes cliniques du patient.,Kératite,Cette option est incorrecte car elle ne correspond pas aux signes cliniques du patient.,Uvéite,Cette option est correcte car elle correspond aux signes cliniques du patient.,d
248,OIC-156-07-A,Quel diagnostic différentiel doit être évoqué devant une arthrite aiguë chez un adulte avec une ponction articulaire montrant une épanchement purulent et une cytochimie anormale ?,Cette question évalue la compréhension de l'interprétation d'une ponction articulaire chez un adulte avec un épanchement purulent et une cytochimie anormale.,Conjonctivite,Incorrecte car la conjonctivite n'est pas une arthrite et ne provoque pas un épanchement purulent.,Épisclérite,Incorrecte car l'épisclérite est une inflammation de la sclère et non de l'articulation.,Uvéite,Incorrecte car l'uveite est une inflammation de la cornée et non de l'articulation.,Infection septique,Correcte car une infection septique peut provoquer un épanchement purulent et une cytochimie anormale.,d
249,OIC-156-08-B,Quelle mesure thérapeutique est recommandée pour une ostéite chronique?,Cette question évalue la compréhension de la prise en charge pluridisciplinaire des ostéites chroniques.,Drainage des abcès,Cette option est incorrecte car elle n'est généralement pas nécessaire dans les ostéites chroniques.,Lavage,"Cette option est incorrecte car elle est généralement nécessaire dans les arthrites septiques de l'enfant, mais pas dans les ostéites chroniques.",Débridement,Cette option est correcte car elle est recommandée pour les ostéites chroniques.,Rééducation dès amélioration des douleurs,Cette option est correcte car elle est recommandée dès l'amélioration des douleurs et signes inflammatoires locaux.,c
250,OIC-156-10-A,"Un patient de 45 ans présente un genou douloureux, avec boiterie et difficulté à la marche. L'examen clinique montre une mobilisation de l'articulation extrêmement douloureuse et un épanchement articulaire. Quel diagnostic doit être évoqué en premier ?",Cette question évalue la compréhension des signes cliniques d'arthrite septique aiguë.,Arthrite septique aiguë,"Correcte. La douleur, la boiterie et l'épanchement articulaire sont des signes cliniques de l'arthrite septique aiguë.",Arthrite rhumatoïde,"Incorrecte. Bien que l'arthrite rhumatoïde puisse également causer des douleurs et une boiterie, elle ne présente pas de signes d'arthrite septique aiguë tels que l'épanchement articulaire.",Arthrite osteo-dégenerative,"Incorrecte. L'arthrite osteo-dégenerative est une arthrite chronique, qui ne présente pas de signes d'arthrite septique aiguë tels que l'épanchement articulaire.",Arthrite goutteuse,"Incorrecte. L'arthrite goutteuse est une arthrite chronique, qui ne présente pas de signes d'arthrite septique aiguë tels que l'épanchement articulaire.",a
251,OIC-156-13-A,Un patient de 45 ans présente un œil rouge douloureux avec baisse de l'acuité visuelle. Quelle est la conduite à tenir devant ce tableau clinique ?,Évaluer la conduite à tenir devant un œil rouge douloureux avec baisse de l'acuité visuelle,Ignorer le tableau clinique,Incorrecte : le tableau clinique est un signe d'urgence,Administrer des antibiotiques probabilistes,Incorrecte : cela retarderait la prise en soin thérapeutique,Pratiquer un prélèvement conjonctival,Incorrecte : cela ne permet pas de confirmer le diagnostic,Hospitaliser le patient et réaliser une imagerie pour confirmation diagnostique,Correcte : cela permet de confirmer le diagnostic et de documenter microbiologiquement,d
252,OIC-156-14-A,Quel diagnostic évoquer devant une rachialgie douloureuse récente chez un patient de 55 ans avec douleur thoracique et fièvre ?,Évaluer la compréhension de la conduite à tenir devant une rachialgie douloureuse récente chez un patient de 55 ans avec douleur thoracique et fièvre.,Spondylodiscite,Correcte. La spondylodiscite est une infection disco-vertébrale qui peut être associée à une rachialgie douloureuse récente chez un patient de 55 ans avec douleur thoracique et fièvre.,Méningite,"Incorrecte. La méningite est une infection du système nerveux central, pas de la colonne vertébrale.",Endocardite infectieuse,"Incorrecte. L'endocardite infectieuse est une infection du cœur, pas de la colonne vertébrale.",Hépatite virale,"Incorrecte. La hépatite virale est une infection du foie, pas de la colonne vertébrale.",a
253,OIC-156-16-B,Quel examen complémentaire est systématiquement demandé à la recherche d’une atteinte discale inflammatoire avec érosion en miroir des plateaux vertébraux adjacents ?,Cette question évalue la compréhension de l'examen complémentaire à réaliser pour une spondylodiscite.,IRM,Correcte. L'IRM est l'examen diagnostic de référence demandé systématiquement à la recherche d’une atteinte discale inflammatoire avec érosion en miroir des plateaux vertébraux adjacents.,Scanner,"Correcte. Le scanner peut être utilisé pour le diagnostic en cas de contre-indication à l'IRM, avec injection de produit de contraste, et couplé à une imagerie fonctionnelle (scintigraphie).",Scintigraphie osseuse,"Correcte. La scintigraphie osseuse peut être utilisée en cas de contre-indication à l'IRM, couplée au scanner.",Echographie cardiaque,"Incorrecte. L'echographie cardiaque est utilisée pour rechercher de l'endocardite infectieuse, pas pour la spondylodiscite.",a
254,OIC-156-17-A,"Quel est le diagnostic à évoquer devant un enfant présentant une douleur responsable d'une impotence fonctionnelle partielle ou totale, boiterie et apparition d'une difficulté à la marche, avec une température supérieure à 38°C et une palpation métaphysaire douloureuse ?",Cette question évalue la compréhension du diagnostic d'une ostéomyélite aiguë de l'enfant.,Conjonctivite,Cette option est incorrecte car elle ne correspond pas aux signes cliniques décrits.,Hémorragie sous conjonctivale,Cette option est incorrecte car elle ne correspond pas aux signes cliniques décrits.,Episclérite,Cette option est incorrecte car elle ne correspond pas aux signes cliniques décrits.,Ostéomyélite aiguë de l'enfant,Cette option est correcte car elle correspond aux signes cliniques décrits.,d
255,OIC-156-18-B,Quel diagnostic évoquer devant un œil rouge douloureux avec baisse de l'acuité visuelle?,La question évalue la compréhension de la conduite à tenir devant un œil rouge douloureux avec baisse de l'acuité visuelle.,Conjonctivite,"C'est une conjonctivite, mais elle ne présente pas de baisse de l'acuité visuelle.",Hémorragie sous conjonctivale,"C'est une hémorragie sous conjonctivale, mais elle ne présente pas de baisse de l'acuité visuelle.",Épisclérite,"C'est une épisclérite, mais elle ne présente pas de baisse de l'acuité visuelle.",Uvéite,"C'est une uvéite, qui peut présenter une baisse de l'acuité visuelle.",d
256,OIC-156-19-B,Un patient de 65 ans présente un œil rouge douloureux avec baisse de l'acuité visuelle. Quel diagnostic doit être évoqué en premier ?,Cette question évalue la compréhension de la conduite à tenir devant un œil rouge douloureux avec baisse de l'acuité visuelle.,Hémorragie sous conjonctivale,Cette option est incorrecte car elle ne correspond pas à la description du cas patient (baisse de l'acuité visuelle).,Conjonctivite,Cette option est incorrecte car elle ne correspond pas à la description du cas patient (baisse de l'acuité visuelle).,Épisclérite,Cette option est incorrecte car elle ne correspond pas à la description du cas patient (baisse de l'acuité visuelle).,Uvéite,Cette option est correcte car elle correspond à la description du cas patient (œil rouge douloureux avec baisse de l'acuité visuelle).,d
257,OIC-157-01-A,"Un patient de 65 ans est hospitalisé pour une fièvre de 39°C et une douleur abdominale. L'examen clinique révèle une douleur à la palpation du bas abdomen, une hépatosplénomégalie et une tendance à la saigner. Quel diagnostic doit être évoqué en premier?",Cette question évalue la compréhension de la définition d'une bactériémie et de la fréquence des complications.,Bactériémie urinaire,Cette option est incorrecte car elle ne correspond pas à la description clinique du patient.,Bactériémie péritonéale,Cette option est correcte car elle correspond à la description clinique du patient.,Bactériémie pulmonaire,Cette option est incorrecte car elle ne correspond pas à la description clinique du patient.,Bactériémie bactériémie bactériémie,Cette option est incorrecte car elle est absurde.,b
258,OIC-157-05-B,Quel agent est responsable de la plupart des fongémies ?,Question évaluant la compréhension des agents infectieux à l'origine des fongémies.,Cryptococcus sp.,"Incorrecte, ce genre de champignons ne représente pas la plupart des fongémies.",Aspergillus,"Incorrecte, ce genre de champignons ne pousse pas dans les hémocultures.",Malassezia (pédiatrie),"Incorrecte, ce genre de champignons ne représente pas la plupart des fongémies.",Candidida,"Correcte, ce genre de champignons représente 90% des fongémies.",d
259,OIC-157-06-B,Quel type d'infection est le plus fréquemment causée par des staphylocoques dans les cathéters ?,Cette question évalue la compréhension de l'épidémiologie des infections liées aux cathéters.,Infections liées aux cathéters causées par des bacilles à Gram négatif,"Cette option est incorrecte car les staphylocoques sont responsables de 50 à 60% des infections liées aux cathéters, pas les bacilles à Gram négatif.",Infections liées aux cathéters causées par des streptocoques,Cette option est incorrecte car les streptocoques ne sont pas les principaux agents infectieux responsables des infections liées aux cathéters.,Infections liées aux cathéters causées par des enterococques,Cette option est incorrecte car les enterococques ne sont pas les principaux agents infectieux responsables des infections liées aux cathéters.,Infections liées aux cathéters causées par des staphylocoques,Cette option est correcte car les staphylocoques sont responsables de 50 à 60% des infections liées aux cathéters.,d
260,OIC-157-07-A,Un patient de 65 ans est hospitalisé pour une bactériémie. Il présente une endocardite et une métastase septique. Quel agent infectieux est probablement à l'origine de cette bactériémie ?,Évaluer la compréhension des particularités épidémiologiques et cliniques des bactériémies à Staphylococcus aureus.,Staphylococcus epidermidis,"C'est un agent infectieux commun dans les infections liées au cathéter, mais il est peu susceptible d'être à l'origine d'une endocardite.",Streptococcus pneumoniae,"C'est un agent infectieux commun dans les infections respiratoires, mais il est peu susceptible d'être à l'origine d'une endocardite.",Staphylococcus aureus,"C'est un agent infectieux commun dans les infections graves, notamment les endocardites et les métastases septiques. Il est souvent sensible à la méticilline.",Escherichia coli,"C'est un agent infectieux commun dans les infections urinaires, mais il est peu susceptible d'être à l'origine d'une endocardite.",c
261,OIC-157-11-A,Quel est le seuil de procalcitonine pour rendre peu probable l'existence d'une bactériémie/fongémie ?,Cette question évalue la compréhension de la valeur d'orientation de la procalcitonine dans le diagnostic de bactériémie/fongémie.,"0,2 ng/ml","Cette option est incorrecte car le seuil de procalcitonine pour rendre peu probable l'existence d'une bactériémie/fongémie est de 0,25 ng/ml, non 0,2 ng/ml.","0,5 ng/ml","Cette option est incorrecte car le seuil de procalcitonine pour rendre peu probable l'existence d'une bactériémie/fongémie est de 0,25 ng/ml, non 0,5 ng/ml.",1 ng/ml,"Cette option est incorrecte car le seuil de procalcitonine pour rendre peu probable l'existence d'une bactériémie/fongémie est de 0,25 ng/ml, non 1 ng/ml.","0,25 ng/ml","Cette option est correcte car le seuil de procalcitonine pour rendre peu probable l'existence d'une bactériémie/fongémie est de 0,25 ng/ml.",d
262,OIC-157-15-B,Quel traitement doit-on proposer pour une fasciite nécrosante?,Évaluation de la compréhension de la prise en charge thérapeutique d'une fasciite nécrosante.,Lavage péritonéal,"Incorrecte, la fasciite nécrosante n'est pas une péritonite.",Dérivation des urines,"Incorrecte, la fasciite nécrosante n'est pas une pyélonéphrite.",Mise à plat ou drainage radiologique d’un abcès,"Incorrecte, la fasciite nécrosante n'est pas un abcès.",Fasciotomie et drainage,"Correcte, la fasciotomie et le drainage sont les traitements recommandés pour une fasciite nécrosante.",d
263,OIC-157-16-B,"Quel est le temps de traitement recommandé pour une bactériémie à Staphylococcus aureus sans complications, sans endocardite, sans localisation septique secondaire et avec stérilisation précoce des hémocultures ?",La question évalue la compréhension de la durée de traitement recommandée pour une bactériémie à Staphylococcus aureus sans complications.,14 jours par voie parentérale IV,"Correcte. La durée de traitement recommandée est de 14 jours par voie parentérale IV en cas de bactériémie non compliquée, sans endocardite, sans localisation septique secondaire, avec stérilisation précoce des hémocultures.",4 à 6 semaines,"Incorrecte. Cette durée de traitement est recommandée en cas de bactériémie compliquée, avec endocardite, avec localisation septique secondaire ou avec persistance des hémocultures positives.",21 jours par voie parentérale IV,Incorrecte. Cette durée de traitement est supérieure à la durée recommandée.,10 jours par voie parentérale IV,Incorrecte. Cette durée de traitement est inférieure à la durée recommandée.,a
264,OIC-161-05-A,Un patient de 35 ans présente un œil rouge douloureux avec baisse de l'acuité visuelle. Le diagnostic de kératite est suspecté. Quel examen doit être réalisé pour confirmer le diagnostic ?,La question évalue la compréhension de la conduite à tenir devant un œil rouge douloureux avec baisse de l'acuité visuelle et la connaissance des modalités du diagnostic d'une kératite.,Prélèvement conjonctival,Correcte. Le prélèvement conjonctival est un examen utilisé pour confirmer le diagnostic de kératite.,Examen d'acuité visuelle,"Incorrecte. L'examen d'acuité visuelle est un examen utilisé pour évaluer la baisse de l'acuité visuelle, mais ne permet pas de confirmer le diagnostic de kératite.",Examen de la pression intraoculaire,"Incorrecte. L'examen de la pression intraoculaire est utilisé pour évaluer la pression intraoculaire, mais ne permet pas de confirmer le diagnostic de kératite.",Examen de la conjonctivite,"Incorrecte. L'examen de la conjonctivite est utilisé pour évaluer la conjonctivite, mais ne permet pas de confirmer le diagnostic de kératite.",a
265,OIC-161-09-A,"Quel diagnostic doit être évoqué devant un patient de 30 ans présentant une douleur lombaire unilatérale fébrile, des nausées et des vomissements, avec une irradiation de la douleur et un obstacle des voies urinaires ?",La question évalue la compréhension de la présentation clinique d'une pyélonéphrite aigüe obstructive.,Conjonctivite,"La conjonctivite est une inflammation de la conjonctive oculaire, pas une douleur lombaire.",Kératite,"La kératite est une inflammation de la cornée, pas une douleur lombaire.",Épisclérite,"L'épisclérite est une inflammation de la sclère, pas une douleur lombaire.",Pyélonéphrite aigüe obstructive,"La pyélonéphrite aigüe obstructive est une douleur lombaire unilatérale fébrile, avec obstacle des voies urinaires, qui est une urgence diagnostique et thérapeutique.",d
266,OIC-161-11-A,Quel traitement initier pour une pyélonéphrite aiguë simple en cas de vomissements trop importants empêchant un traitement antibiotique per os ou d'isolement social empêchant une prise en charge ambulatoire?,Cette question évalue la compréhension de la conduite à tenir devant un cas particulier de pyélonéphrite aiguë simple. Elle teste la connaissance de la prise en charge hospitalière en cas de vomissements trop importants ou d'isolement social empêchant une prise en charge ambulatoire.,Fluoroquinolones pour une durée de 7 jours,Cette option est incorrecte car elle ne correspond pas au cas particulier de pyélonéphrite aiguë simple avec vomissements trop importants empêchant un traitement antibiotique per os ou d'isolement social empêchant une prise en charge ambulatoire.,C3G IV,Cette option est correcte car elle correspond au traitement préféré en cas de rares cas de pyélonéphrite aiguë simple de prise en charge hospitalière.,Traitement par ECBU,Cette option est incorrecte car elle est adaptée secondairement à l'ECBU en cas de traitement par C3G IV.,Traitement antibiotique de première intention repose sur les sulfamides,"Cette option est incorrecte car elle est fausse car le traitement antibiotique de première intention repose sur les fluoroquinolones, pas sur les sulfamides.",b
267,OIC-161-17-A,"Un enfant de 2 ans présente des signes fonctionnels urinaires fébriles, des brûlures mictionnelles et des urines malodorantes. Quel diagnostic doit être évoqué?",Cette question évalue la compréhension des signes cliniques d'une infection urinaire basse chez un enfant.,Pyélonéphrite aigue,"Cette option est incorrecte car elle évoque une infection du haut appareil urinaire, alors que les signes cliniques indiquent une infection urinaire basse.",Infection urinaire basse,Cette option est correcte car elle correspond à la description des signes cliniques.,Kératite,"Cette option est incorrecte car elle évoque une infection de la cornée, alors que les signes cliniques indiquent une infection urinaire.",Uvéite,"Cette option est incorrecte car elle évoque une inflammation de la partie antérieure de l'œil, alors que les signes cliniques indiquent une infection urinaire.",b
268,OIC-161-19-A,Un enfant de 2 ans présente un œil rouge douloureux avec baisse de l'acuité visuelle. Quel traitement initier?,Évaluer la compréhension de la conduite à tenir devant un œil rouge douloureux avec baisse de l'acuité visuelle.,Céfixime oral,"Traitement oral d'emblée par cefixime est approprié pour une cystite, mais pas pour un œil rouge douloureux avec baisse de l'acuité visuelle.",Ceftriaxone IV puis relais PO,"Ceftriaxone IV puis relais PO est approprié pour une pyélonéphrite aigue, mais pas pour un œil rouge douloureux avec baisse de l'acuité visuelle.",Cotrimoxazole oral,"Cotrimoxazole oral est approprié pour une cystite, mais pas pour un œil rouge douloureux avec baisse de l'acuité visuelle.",Amoxicilline/acide clavulanique oral,"Amoxicilline/acide clavulanique oral est approprié pour une cystite, mais pas pour un œil rouge douloureux avec baisse de l'acuité visuelle.",b
269,OIC-161-22-B,Un nourrisson de 2 mois est hospitalisé pour une fièvre isolée. Quel est le diagnostic le plus probable?,Cette question évalue la compréhension de l'épidémiologie des infections urinaires chez l'enfant.,Infection urinaire,C'est le diagnostic le plus probable en raison de la fièvre isolée et de l'âge du patient.,Infection respiratoire,Ce diagnostic est moins probable en raison de la fièvre isolée et de l'absence de symptômes respiratoires.,Infection gastro-intestinale,Ce diagnostic est moins probable en raison de la fièvre isolée et de l'absence de symptômes digestifs.,Infection cutanée,Ce diagnostic est moins probable en raison de la fièvre isolée et de l'absence de symptômes cutanés.,a
270,OIC-162-01-A,Un patient de 35 ans présente un œil rouge douloureux avec baisse d'acuité visuelle. Quel diagnostic évoquer en premier ?,"Cette question évalue la compréhension de la conduite à tenir devant un œil rouge douloureux avec baisse de l'acuité visuelle (BAV). Il s'agit d'un cas nouveau, donc il n'y a pas de connaissance externe nécessaire.",Uvéite,"Uvéite est une inflammation de la partie antérieure ou postérieure de l'œil. Elle peut être responsable d'un œil rouge douloureux avec baisse de l'acuité visuelle. Cependant, il est important de noter que les autres causes possibles doivent également être évoquées.",Kératite,"Kératite est une inflammation de la cornée. Elle peut être responsable d'un œil rouge, mais pas forcément douloureux et elle ne provoque généralement pas de baisse d'acuité visuelle. Elle est donc moins probable que l'uveite dans ce cas.",Conjonctivite,"Conjonctivite est une inflammation de la conjonctive oculaire. Elle peut être responsable d'un œil rouge, mais pas forcément douloureux et elle ne provoque généralement pas de baisse d'acuité visuelle. Elle est donc moins probable que l'uveite dans ce cas.",Hémorragie sous conjonctivale,"Hémorragie sous conjonctivale est une hémorragie qui se produit sous la conjonctive oculaire. Elle peut être responsable d'un œil rouge, mais pas forcément douloureux et elle ne provoque généralement pas de baisse d'acuité visuelle. Elle est donc moins probable que l'uveite dans ce cas.",a
271,OIC-162-03-A,Un patient de 25 ans vient consulter pour un œil rouge douloureux sans baisse d'acuité visuelle. Quel est le premier geste à entreprendre ?,Évaluer la compréhension de la conduite à tenir devant un œil rouge douloureux sans baisse d'acuité visuelle.,"Proposer un dépistage, un diagnostic et/ou un traitement probabiliste pour les infections sexuellement transmissibles.",Incorrecte. Le patient ne présente pas de symptômes d'infections sexuellement transmissibles.,Insister sur les risques de recontamination et proposer un traitement de type PrEP contre le VIH en cas de prise de risque trop régulière.,Incorrecte. Le patient ne présente pas de symptômes de prise de risque trop régulière.,"Proposer un dépistage, un diagnostic et/ou un traitement probabiliste pour les infections oculaires.",Correcte. Le patient présente des symptômes d'infection oculaire.,"Proposer un dépistage, un diagnostic et/ou un traitement probabiliste pour les infections sexuellement transmissibles et les infections oculaires.",Incorrecte. Le patient ne présente pas de symptômes d'infections sexuellement transmissibles.,c
272,OIC-162-04-A,Un patient de 30 ans vient consulter pour une conjonctivite bilatérale douloureuse et rougeâtre. Quel test doit être proposé systématiquement ?,"Cette question évalue la compréhension de la conduite à tenir devant une conjonctivite bilatérale douloureuse et rougeâtre. Elle teste la connaissance de la sérologie VIH, du test tréponémique et de la PCR urinaire ou génitale à la recherche de 'Neisseria gonorrhoeae' et 'Chlamydia trachomatis'. L'objectif est de proposer un test systématique pour un patient présentant ces symptômes.",Sérologie VIH,Correcte. La sérologie VIH doit être proposée systématiquement pour un patient présentant une conjonctivite bilatérale douloureuse et rougeâtre.,Test tréponémique,Correcte. Le test tréponémique doit être proposé systématiquement pour un patient présentant une conjonctivite bilatérale douloureuse et rougeâtre.,PCR urinaire ou génitale à la recherche de 'Neisseria gonorrhoeae' et 'Chlamydia trachomatis',Correcte. La PCR urinaire ou génitale à la recherche de 'Neisseria gonorrhoeae' et 'Chlamydia trachomatis' doit être proposée systématiquement pour un patient présentant une conjonctivite bilatérale douloureuse et rougeâtre.,Sérologie d'hépatite B,Incorrecte. La sérologie d'hépatite B n'est pas systématiquement proposée pour un patient présentant une conjonctivite bilatérale douloureuse et rougeâtre.,c
273,OIC-162-05-A,"Quel est le diagnostic le plus probable pour un patient présentant des lésions granulomateuses peu douloureuses dans les régions génitales, avec un terrain en Afrique, Amérique du Sud ou Asie?",La question évalue la compréhension des causes des ulcérations génitales infectieuses ou non infectieuses. Elle teste la capacité à identifier la donovanose.,Chancre mou,"Le chancre mou est une lésion douloureuse, pas granulomateuse.",Maladie de Nicolas-Favre,"La maladie de Nicolas-Favre est associée à des ulcérations anogénitales et des diarrhées, pas à des lésions granulomateuses.",Herpès,"Les ulcérations herpétiques sont superficielles douloureuses à contours polycycliques, pas granulomateuses.",Donovanose,"La donovanose est une cause possible de lésions granulomateuses peu douloureuses dans les régions génitales, avec un terrain en Afrique, Amérique du Sud ou Asie.",d
274,OIC-162-06-A,Quel diagnostic évoquer devant un œil rouge douloureux avec des lésions millimétriques douloureuses post vésiculeuses à bordure inflammatoire du gland ?,La question évalue la compréhension de la sémiologie d'un herpès génital.,Conjonctivite,"Incorrecte, car les lésions sont post vésiculeuses et à bordure inflammatoire du gland.",Hémorragie sous conjonctivale,"Incorrecte, car les lésions sont post vésiculeuses et à bordure inflammatoire du gland.",Episclérite,"Incorrecte, car les lésions sont post vésiculeuses et à bordure inflammatoire du gland.",Herpès génital,"Correcte, car les lésions sont caractéristiques d'un herpès génital.",d
275,OIC-162-08-A,Un homme de 35 ans présente une douleur urétrale et un écoulement urétral. Quel examen clinique doit être effectué en priorité ?,Cette question évalue la compréhension des signes cliniques de l'urétrite masculine.,Examen de la prostate,"La prostatite est un signe de l'urétrite masculine, mais l'examen de la prostate ne doit pas être effectué en priorité.",Examen de l'orchidectomie,"L'orchiépididymite est un signe de l'urétrite masculine, mais l'examen de l'orchidectomie ne doit pas être effectué en priorité.",Examen de la voie urinaire,L'examen de la voie urinaire doit être effectué en priorité pour évaluer l'urétrite.,Examen de la peau génitale,"La balanite est un signe de l'urétrite masculine, mais l'examen de la peau génitale ne doit pas être effectué en priorité.",c
276,OIC-162-12-A,"Un patient de 35 ans présente un œil rouge douloureux avec une leucorrhée blanche, caséeuse, grumeleuse et tapissant les parois du vagin. Quel diagnostic évoquer?",Cette question évalue la compréhension de la cause d'infections génitales basses chez la femme.,Gonocoque,"Leucorrhées purulentes, pesanteur pelvienne, signes d'urétrite associée","Chlamydiose, Mycoplasme","Leucorrhées blanchâtres ou jaunâtres, cystalgies, syndrome urétral et/ou dyspareunie",Trichomonose,"Prurit intense, dyspareunie, signes urinaires, leucorrhées abondantes, verdâtres, spumeuses et malodorantes",Candidose,"Leucorrhées blanches, caséeuses, prurit +++, +/- dysurie, +/- pollakiurie, vulvite",d
277,OIC-162-14-B,Un patient de 35 ans présente un œil rouge douloureux avec baisse de l'acuité visuelle. Il a également des symptômes cutanés tels que des papules acnéiformes du menton et une dépilation sourcils. Quel diagnostic évoquer?,Cette question évalue la compréhension des manifestations extra-génitales de la syphilis secondaire.,Gonocoque,Incorrecte car les symptômes décrits ne correspondent pas à ce diagnostic.,Chlamydiose,Incorrecte car les symptômes décrits ne correspondent pas à ce diagnostic.,Syphilis secondaire,Correcte car les symptômes décrits correspondent à cette manifestation extra-génitale de la syphilis.,Uvéite,Incorrecte car les symptômes décrits ne correspondent pas à ce diagnostic.,c
278,OIC-162-15-A,Quel examen complémentaire doit être réalisé en cas d'infection haute de la femme ?,Cette question évalue la compréhension de l'examen complémentaire à réaliser en cas d'infection haute de la femme.,CRP et NFS,Ces examens sont corrects mais incomplets pour l'infection haute de la femme.,Examen direct + culture standard + PCR,Ces examens sont corrects mais incomplets pour l'infection haute de la femme.,Examen du col de l’utérus si condylome chez la patiente ou son conjoint,Cet examen est correct mais ne fait pas partie du bilan d'infection haute de la femme.,Prélèvement chirurgicaux ou radioguidés si infection compliquée pour culture + PCR + rechercher de mycoplasmes,Ces examens sont corrects et complets pour l'infection haute de la femme.,d
279,OIC-162-17-B,Quel examen doit être réalisé en cas d'infection haute chez une femme ?,Cette question évalue la compréhension des explorations à réaliser en cas d'infection haute chez une femme.,CRP et NFS,Correcte : CRP et NFS sont des examens utiles pour évaluer l'inflammation générale.,Examen direct + culture standard + PCR 'Neisseria gonorrhoeae' et 'Chlamydia trachomatis',Correcte : Cet examen est utilisé pour diagnostiquer les infections haute chez une femme.,Prélèvement chirurgicaux ou radioguidés pour culture + PCR 'Neisseria gonorrhoeae' et 'Chlamydia trachomatis' + rechercher de mycoplasmes,Correcte : Cet examen est utilisé pour diagnostiquer des infections haute chez une femme qui sont compliquées.,Aucun des examens mentionnés ci-dessus,Incorrecte : Les examens mentionnés ci-dessus sont utiles pour diagnostiquer les infections haute chez une femme.,b
280,OIC-162-20-A,Un patient de 30 ans présente un œil rouge douloureux avec baisse de l'acuité visuelle. Quel traitement initier pour cette infection sexuellement transmissible ?,Évaluer la compréhension des modalités de choix des antibiotiques après documentation microbiologique de l'IST.,Ceftriaxone dose unique IM ou IV 1000 mg,Correcte pour la gonococcie.,Doxycycline per os 200mg pendant 7 jours,"Incorrecte, cette antibiotique est utilisée pour la chlamydiose.","Benzathine pénicilline G DU IM 2,4 millions d’unités","Incorrecte, cette antibiotique est utilisée pour la syphilis précoce.",Métronidazole per os 2g dose unique,"Incorrecte, cette antibiotique est utilisée pour la trichomonose.",a
281,OIC-162-21-B,Quel traitement initier pour une infection génitale haute non compliquée chez une femme de 25 ans?,Évaluation de la compréhension des modalités thérapeutiques des infections génitales hautes de la femme.,Ceftriaxone 1g IV/IM dose unique + Métronidazole 500mg/12h per os 10 jours,"Incorrecte : Métronidazole est utilisé pour le traitement de la gonocoque, pas pour l'IGH non compliquée.",Doxycycline 100mg/12h per os 14 jours,"Incorrecte : Doxycycline est utilisé pour la chlamydiose, pas pour l'IGH non compliquée.",Ceftriaxone 1g IV/IM dose unique + Doxycycline 100mg/12h per os 10 jours,Correcte : Ceftriaxone pour la gonocoque et Doxycycline pour la chlamydiose sont utilisés pour l'IGH non compliquée.,Ceftriaxone 1g IV/IM dose unique + Métronidazole 500mg/12h per os 14 jours,"Incorrecte : Métronidazole est utilisé pour le traitement de la gonocoque, pas pour l'IGH non compliquée.",c
282,OIC-162-23-A,"Quel diagnostic doit être évoqué devant une ulcération génitale unique, indurée et propre, associée à une roséole syphilitique et des signes généraux et extra-cutanés ?",La question évalue la compréhension des signes cliniques d'une syphilis précoce.,Conjonctivite,Cette option est incorrecte car elle ne correspond pas aux signes cliniques d'une syphilis précoce.,Hémorragie sous conjonctivale,Cette option est incorrecte car elle ne correspond pas aux signes cliniques d'une syphilis précoce.,Épisclérite,Cette option est incorrecte car elle ne correspond pas aux signes cliniques d'une syphilis précoce.,Syphilis précoce,Cette option est correcte car elle correspond aux signes cliniques d'une syphilis précoce.,d
283,OIC-162-24-B,Un patient de 35 ans présente un œil rouge douloureux avec baisse de l'acuité visuelle. Quel diagnostic évoquer?,Évaluation de la compréhension des signes cliniques de la syphilis tardive,Syphilis gommeuse,"Incorrecte car la syphilis gommeuse est une forme clinique de syphilis tertiaire, non de syphilis latente tardive",Syphilis osseuse,"Incorrecte car la syphilis osseuse est une forme clinique de syphilis tertiaire, non de syphilis latente tardive",Aortite,"Incorrecte car l'aortite est une complication cardiovasculaire de syphilis tertiaire, non de syphilis latente tardive",Neurosyphilis tertiaire,Correcte car la neurosyphilis tertiaire est une forme clinique de syphilis tertiaire qui peut survenir après un délai de plus d'un an sans signes cliniques,d
284,OIC-162-25-B,"Quel est le diagnostic le plus approprié pour une patiente de 30 ans présentant des papules cuivrées sur les paumes et plantes, sans autres symptômes fonctionnels ?","La question évalue la compréhension des différentes présentations cliniques de la syphilis secondaire, notamment les syphilides palmoplantaires.",Rosace,"Rosace est une maladie cutanée chronique, caractérisée par des éruptions rosées et des taches rouges sur le visage, pas sur les paumes et plantes.",Dermatite séborrhéique,"Dermatite séborrhéique est une maladie cutanée chronique, caractérisée par des éruptions rosées et des taches rouges sur le visage, pas sur les paumes et plantes.",Syphilis secondaire,"Syphilis secondaire est une maladie sexuellement transmissible, caractérisée par des papules cuivrées sur les paumes et plantes, sans autres symptômes fonctionnels.",Psoriasis,"Psoriasis est une maladie cutanée chronique, caractérisée par des écailles et des plaques rouges sur le corps, pas sur les paumes et plantes.",c
285,OIC-162-27-A,Un patient de 35 ans présente un chancre primaire. Quel est le résultat attendu des tests tréponémiques (TT) et des tests non tréponémiques (TNT) ?,Cette question évalue la compréhension de la cinétique des tests sérologiques au cours de la syphilis.,TT+ et TNT+,Ceci indique un début de syphilis avec croissance du TNT.,TT- et TNT+,Ceci indique un faux positif.,TT+ et TNT-,Ceci indique une tréponématose guérie ou très précoce ou syphilis tertiaire très ancienne.,TT- et TNT-,Ceci indique l'absence de tréponématose ou très récente.,a
286,OIC-162-29-B,Quel traitement initier pour une syphilis secondaire précoce chez un patient non allergique à la pénicilline ?,Évaluer la compréhension de la conduite à tenir devant une syphilis secondaire précoce.,"Benzathine pénicilline G dose unique IM 2,4 millions d’unités",Correcte.,Doxycycline 14 jours,Correcte si l'individu est allergique à la pénicilline.,"Benzathine pénicilline G dose unique IM 2,4 millions d’unités 1 fois par semaine pendant 3 semaines","Incorrecte, cette dose est utilisée pour la syphilis secondaire tardive.","Réaction d’Herxheimer : possible pour la syphilis primaire ou secondaire, lyse des tréponèmes","Incorrecte, c'est une réaction possible mais ne représente pas un traitement.",a
287,OIC-162-36-B,Quel est l'âge de la femme qui est susceptible de développer une salpingite entre 35 et 45 ans?,Cette question évalue la compréhension de l'incidence des salpingites selon l'âge.,Nouveau-né,"Incorrecte, car les nouveaux-nés ne sont pas susceptibles de développer une salpingite.",Femme ménopausée,"Incorrecte, car la femme ménopausée n'est pas susceptible de développer une salpingite.",Jeune fille,"Incorrecte, car une IST chez un enfant peut faire suspecter un sévice sexuel, mais elle n'est pas susceptible de développer une salpingite.",Femme entre 35 et 45 ans,"Correcte, car on constate actuellement une majoration de l'incidence des salpingites entre 35 et 45 ans.",d
288,OIC-162-37-B,Quel type de lésion est représenté sur la photographie ?,La question évalue la compréhension des lésions cutanées.,Condylomes,Les condylomes sont des lésions cutanées liées au papillomavirus humain.,Kératite,La kératite est une inflammation de la cornée.,Épisclérite,L'épisclérite est une inflammation de la sclère.,Conjonctivite,La conjonctivite est une inflammation de la conjonctive.,a
289,OIC-164-01-A,Un enfant de 5 ans présente une éruption maculo-papuleuse avec des intervalles de peau saine. Quel type d'exanthème est-ce?,Cette question évalue la compréhension de la différence entre les exanthèmes maculeux et maculo-papuleux.,Exanthème maculeux sans intervalle de peau saine,Cette option est incorrecte car elle décrit un type d'exanthème différent de celui décrit dans la vignette.,Exanthème maculo-papuleux avec intervalles de peau saine,Cette option est correcte car elle décrit le type d'exanthème décrit dans la vignette.,Exanthème vésiculo-pustuleux,Cette option est incorrecte car elle décrit un type d'exanthème différent de celui décrit dans la vignette.,Exanthème érythémateux sans intervalle de peau saine,Cette option est incorrecte car elle décrit un type d'exanthème différent de celui décrit dans la vignette.,b
290,OIC-164-02-A,Un enfant de 5 ans présente un exanthème fébrile avec des lésions typiques en cocarde et une atteinte muqueuse. Quel diagnostic est le plus probable?,Cette question évalue la compréhension de la sémiologie d'un exanthème fébrile et l'identification d'une maladie infectieuse éruptive.,Rougeole,"La rougeole peut présenter des lésions typiques en cocarde et une atteinte muqueuse, mais elle n'est pas la seule maladie infectieuse éruptive à pouvoir présenter ces signes.",Rubéole,"La rubéole peut présenter des lésions en cocarde, mais elle ne présente pas d'atteinte muqueuse.",Mégalérythème épidémique,"Le mégalérythème épidémique peut présenter des lésions en cocarde, mais il ne présente pas d'atteinte muqueuse.",Érythème polymorphe majeur,"L'érythème polymorphe majeur peut présenter des lésions typiques en cocarde et une atteinte muqueuse, ce qui en fait sa sévérité.",d
291,OIC-164-03-A,"Un enfant de 5 ans présente une éruption maculo-papuleuse, sans intervalle de peau saine, associée à une fièvre de 3 jours. Quel diagnostic est le plus probable ?",Cette question évalue la compréhension de la clinique des éruptions fébriles de l'enfant et la capacité à orienter le diagnostic.,Rougeole,L'éruption maculo-papuleuse sans intervalle de peau saine est caractéristique de la rougeole.,Rubéole,"L'éruption maculo-papuleuse sans intervalle de peau saine est généralement associée à la rougeole, pas à la rubéole.",Varicelle,"L'éruption vésiculo-pustuleuse est caractéristique de la varicelle, pas de l'éruption maculo-papuleuse.",Mégalérythème épidémique,"L'éruption maculo-papuleuse sans intervalle de peau saine est généralement associée à la rougeole, pas au mégalérythème épidémique.",a
292,OIC-164-04-A,"Quel est le diagnostic le plus approprié pour un enfant de 5 ans présentant une fièvre et une éruption maculopapuleuse avec intervalle de peau saine, qui a été en contact avec un cas de rougeole récemment confirmé ?",Évaluer la compréhension de la transmission de la rougeole et de la gravité de la maladie.,Rougeole,Correcte. L'enfant présente les caractéristiques cliniques de la rougeole.,Mégalérythème épidémique,"Incorrecte. Le mégalérythème épidémique est une éruption maculopapuleuse, mais elle est généralement plus petite et plus nombreuse que la rougeole.",Mononucléose infectieuse,"Incorrecte. La mononucléose infectieuse est une maladie virale qui peut présenter une éruption maculopapuleuse, mais elle est généralement associée à des glandes gonflées et à des symptômes généraux tels que la fatigue et la fièvre.",Scarlatine,"Incorrecte. La scarlatine est une maladie infectieuse éruptive qui présente des signes cliniques différents de la rougeole, notamment une éruption rouge et des lésions de la gorge.",a
293,OIC-164-05-A,"Un enfant de 5 ans présente une éruption maculo-papuleuse avec intervalles de peau saine, qui disparaît en 3 jours. La fièvre est modérée et les adénopathies sont inconstantes. Quel est le diagnostic le plus probable ?","Cette question évalue la compréhension de la clinique de la rubéole, une maladie infectieuse éruptive.",Rougeole,"La rougeole est une maladie infectieuse éruptive avec une éruption maculo-papuleuse, mais elle est plus rougeâtre et plus durative.",Mégalérythème épidémique,"Le mégalérythème épidémique est une maladie infectieuse éruptive avec une éruption maculo-papuleuse, mais elle est plus brunâtre et plus durative.",Exanthème subit,"L'exanthème subit est une maladie infectieuse éruptive avec une éruption maculo-papuleuse, mais elle est plus soudaine et plus sévère.",Rubéole,La rubéole est la maladie infectieuse éruptive la plus probable avec ces symptômes.,d
294,OIC-164-06-A,Quel est le virus responsable d'un mégalérythème épidémique chez l'enfant ?,Évaluation de la connaissance de la cause d'un mégalérythème épidémique chez l'enfant.,Virus de l'hépatite A,"Incorrect. Le virus de l'hépatite A est responsable de l'hépatite A, pas du mégalérythème épidémique.",Virus de l'hépatite B,"Incorrect. Le virus de l'hépatite B est responsable de l'hépatite B, pas du mégalérythème épidémique.",Virus de la rougeole,"Incorrect. Le virus de la rougeole est responsable de la rougeole, pas du mégalérythème épidémique.",Parvovirus B19,Correct. Le Parvovirus B19 est responsable du mégalérythème épidémique chez l'enfant.,d
295,OIC-164-07-A,Un enfant de 5 ans présente une fièvre élevée et une éruption maculopapuleuse pâle sur le tronc et la face. L'éruption disparaît après 24 heures et la fièvre cesse avec l'éruption. Quel est le diagnostic le plus probable?,Cette question évalue la compréhension de l'éruption et de la fièvre associée à l'exanthème subit.,Rougeole,La rougeole est une maladie infectieuse éruptive qui ne présente pas une éruption maculopapuleuse pâle sur le tronc et la face qui disparaît après 24 heures.,Rubéole,La rubéole est une maladie infectieuse éruptive qui ne présente pas une éruption maculopapuleuse pâle sur le tronc et la face qui disparaît après 24 heures.,Mégalérythème épidémique,Le mégalérythème épidémique est une maladie infectieuse éruptive qui ne présente pas une éruption maculopapuleuse pâle sur le tronc et la face qui disparaît après 24 heures.,Exanthème subit,L'exanthème subit est une maladie infectieuse éruptive qui présente une éruption maculopapuleuse pâle sur le tronc et la face qui disparaît après 24 heures et la fièvre cesse avec l'éruption.,d
296,OIC-164-08-A,"Un enfant de 12 ans présente une fièvre, une asthénie importante, une angine pseudomembraneuse et des adénopathies cervicales. Quel diagnostic différentiel est à évoquer?",Cette question évalue la compréhension de la sémiologie de la mononucléose infectieuse et la capacité à évoquer les diagnostics différentiels.,Scarlatine,"La scarlatine est une infection bactérienne qui peut présenter une angine érythémato-pultacée, mais elle n'est pas associée à des adénopathies cervicales.",CMV,"Le CMV est une infection virale qui peut présenter des adénopathies cervicales, mais il n'est pas associé à une angine pseudomembraneuse.",Toxoplasmose,"La toxoplasmose peut présenter des adénopathies cervicales, mais elle est associée à d'autres signes spécifiques tels que la fièvre, la myalgie et la céphalée.",Mononucléose infectieuse,"La mononucléose infectieuse est une infection virale qui peut présenter une fièvre, une asthénie importante, une angine pseudomembraneuse et des adénopathies cervicales.",d
297,OIC-164-10-A,"Un enfant de 3 ans présente une fièvre depuis 6 jours, une conjonctivite bilatérale non suppurative, une érythème diffus du tronc et des membres avec desquamation fine précoce du siège, une atteinte oropharyngée et des adénopathies cervicales > 1,5cm bilatérales. Quel diagnostic est le plus probable ?",Évaluation de la gravité et orientation diagnostique,Rougeole,"Fièvre prolongée, érythème diffus, atteinte oropharyngée, mais pas les autres critères majeurs",Rubéole,"Fièvre prolongée, mais pas les autres critères majeurs",Mégalérythème épidémique,"Fièvre prolongée, érythème diffus, mais pas les autres critères majeurs",Maladie de Kawasaki,"Fièvre prolongée, érythème diffus, conjonctivite bilatérale non suppurative, atteinte oropharyngée, adénopathies cervicales > 1,5cm bilatérales, correspondant à 4 critères majeurs",d
298,OIC-176-03-A,"Quel symptôme doit être recherché devant une pâleur, un purpura, une hématurie, une insuffisance rénale organique, des oedèmes, une HTA, une anurie ou oligurie ?",Cette question évalue la compréhension de la définition et des signes cliniques du syndrome hémolytique et urémique (SHU).,Diarrhée aigue,"Incorrecte, le SHU est un syndrome secondaire à une diarrhée.",Sepsis,"Incorrecte, le SHU est un syndrome secondaire à certaines infections.",Tableau pseudo-occlusif post-diarrhée,"Incorrecte, le SHU est un syndrome différent du tableau pseudo-occlusif.",Syndrome hémolytique et urémique (SHU),"Correcte, le SHU est un syndrome secondaire à certaines infections.",d
299,OIC-176-05-A,Quel diagnostic doit-on évoquer chez un enfant présentant une diarrhée liquidienne associée à une fièvre?,Évaluer la compréhension de la cause d'une diarrhée chez un enfant,Rotavirus,Cause commune de diarrhée chez l'enfant associée à une fièvre,Clostridium difficile,Rare chez l'enfant et quasi inexistant avant l'âge de 4 ans,Salmonella,Cause de diarrhée chez l'enfant mais pas associée à une fièvre,Shigella,Cause de diarrhée chez l'enfant mais pas associée à une fièvre,a
300,OIC-176-08-B,Quel examen parasitologique des selles est indiqué en cas de séjour prolongé en zone d'endémie (migration) ?,La question évalue la compréhension de l'indication d'un examen parasitologique des selles en cas de séjour prolongé en zone d'endémie.,Recherche de giardiase,"Incorrecte, cette recherche n'est pas indiquée en cas de séjour prolongé en zone d'endémie.",Recherche de cryptosporidiose,"Correcte, cette recherche est indiquée en cas de séjour prolongé en zone d'endémie.",Recherche d'amoebose intestinale,"Incorrecte, cette recherche n'est pas indiquée en cas de séjour prolongé en zone d'endémie.",Recherche d'anguillulose,"Correcte, cette recherche est indiquée en cas de séjour prolongé en zone d'endémie.",d
301,OIC-176-12-A,Quel traitement initier pour corriger ou prévenir la déshydratation chez un adulte ayant une diarrhée infectieuse ?,Évaluer la compréhension de la prise en charge symptomatique de la diarrhée infectieuse chez un adulte.,Administrer de l'antibiotique,Incorrect. L'antibiotique n'est pas utilisé pour corriger ou prévenir la déshydratation.,Privilégier la voie intraveineuse pour la réhydratation,Incorrect. La voie orale doit être privilégiée quand possible.,Réduire l'intensité de la diarrhée en utilisant des médicaments anti-diarrhéiques,Incorrect. Les médicaments anti-diarrhéiques ne doivent pas être utilisés pour réduire l'intensité de la diarrhée chez un adulte.,Privilégier la voie orale pour la réhydratation,Correct. La voie orale doit être privilégiée quand possible pour corriger ou prévenir la déshydratation chez un adulte ayant une diarrhée infectieuse.,d
302,OIC-176-17-A,Un enfant de 5 ans présente une diarrhée aiguë avec des vomissements et une fièvre de 39°C. Quel traitement initier pour la réhydratation orale ?,Évaluation de la compréhension de la réhydratation orale dans le traitement de la diarrhée aiguë chez un enfant,Oral Rehydration Salts (ORS) avec glucose et électrolytes,Correcte. ORS est le traitement de réhydratation orale recommandé pour les diarrhées aiguës chez les enfants.,Lactose,Incorrecte. La lactose est contre-indiquée dans le traitement de la diarrhée aiguë chez les enfants.,Eau pure,Incorrecte. L'eau pure est insuffisante pour la réhydratation orale dans le traitement de la diarrhée aiguë chez les enfants.,Jus de fruits,Incorrecte. Les jus de fruits peuvent contenir trop de sucre et être contre-indiqués dans le traitement de la diarrhée aiguë chez les enfants.,a
303,OIC-179-03-A,"Un patient de 65 ans, hospitalisé pour une infection urinaire, présente des signes de syndrome hémolytique et urémique. Quel micro-organisme est le plus probablement responsable de cette infection ?",La question évalue la compréhension de la prévalence des infections urinaires nosocomiales et des critères diagnostiques.,Escherichia coli,C'est un micro-organisme responsable de nombreuses infections urinaires nosocomiales.,Staphylococcus aureus,"C'est un micro-organisme responsable de nombreuses infections nosocomiales, mais pas particulièrement de celles de l'urine.",Pseudomonas aeruginosa,"C'est un micro-organisme responsable de nombreuses infections nosocomiales, mais pas particulièrement de celles de l'urine.",Salmonella typhi,"C'est un micro-organisme responsable d'infections gastro-intestinales, pas de celles de l'urine.",a
304,OIC-179-04-B,Quel type de pollution de l'eau est la plus fréquente ?,La question évalue la compréhension de la pollution de l'eau. Elle teste la capacité à identifier la pollution chimique.,Pollution thermique,Incorrecte. La pollution thermique n'est pas la plus fréquente.,Pollution radioactive,Incorrecte. La pollution radioactive est la moins fréquente.,Pollution chimique,Correcte. La pollution chimique est la plus fréquente.,Pollution microbienne et parasitaire,Incorrecte. La pollution microbienne et parasitaire n'est pas la plus fréquente.,c
305,OIC-179-05-A,Quel type de mesure doit être prise pour protéger les points de captage de l'eau ?,La question évalue la compréhension des mesures de prévention des risques sanitaires liés à l'eau. Elle teste la connaissance de la protection des points de captage.,"Filtration et traitement de l'eau, physique ou chimique","Cette option est incorrecte car elle ne concerne pas la protection des points de captage, mais le traitement de l'eau.",Entretien du réseau de distribution,"Cette option est incorrecte car elle concerne le maintien de la qualité de l'eau dans le réseau de distribution, et non sa protection à l'origine.",Contrôle de qualité à l'entrée dans le réseau de distribution,"Cette option est incorrecte car elle concerne le contrôle de la qualité de l'eau déjà dans le réseau de distribution, et non sa protection à l'origine.",Protection des points de captage,"Cette option est correcte car elle concerne la protection des points de captage de l'eau, ce qui est la mesure de prévention demandée.",d
306,OIC-179-08-A,"Quel agent pathogène est responsable d'une intoxication alimentaire à symptomatologie digestive, avec une durée d'incubation de 12-24 heures et des signes cliniques tels que diarrhée aiguë fébrile ?",Question évaluant la connaissance des agents pathogènes responsables de TIAC à symptomatologie digestive.,"Salmonella enterica sérotypes non Typhi (Enteritidis, Typhimurium)","Correcte. L'agent responsable est Salmonella enterica sérotypes non Typhi (Enteritidis, Typhimurium) qui a une durée d'incubation de 12-24 heures et des signes cliniques tels que diarrhée aiguë fébrile.",Staphylococcus aureus,"Incorrecte. L'agent responsable a une durée d'incubation de 2-4 heures et des signes cliniques tels que vomissements, douleurs abdominales, diarrhée et pas de fièvre.",Clostridium perfringens,Incorrecte. L'agent responsable a une durée d'incubation de 8-24 heures et des signes cliniques tels que diarrhée isolée sans fièvre.,Norovirus,"Incorrecte. L'agent responsable a une durée d'incubation de 24-48 heures et des signes cliniques tels que vomissements, douleurs abdominales, diarrhée peu ou pas fébrile.",a
307,OIC-179-10-B,Quelle étape doit être effectuée en premier lors d'une enquête d'une TIAC dans un établissement de soins ?,Cette question évalue la compréhension de l'ordre des étapes d'une enquête de TIAC dans un établissement de soins.,Effectuer des prélèvements de selles et éventuellement de vomissements chez les malades,Cette option est incorrecte car elle est la cinquième étape de l'enquête.,Identifier les malades ayant (eu) des signes cliniques,Cette option est correcte car elle est la deuxième étape de l'enquête.,Préparer une liste des menus des repas des trois derniers jours,Cette option est la sixième étape de l'enquête.,Prévenir le médecin responsable/équipe opérationnelle d'hygiène de l’établissement (si établissement de soins),Cette option est correcte car elle est la première étape de l'enquête.,d
308,OIC-183-01-B,Un employeur doit organiser ou adhérer à un service prévention et de santé au travail (SPST) si il a au moins un salarié. Quel mode d'organisation est possible pour les SPST ?,Cette question évalue la compréhension de l'organisation des services de santé au travail. Elle teste la capacité à identifier les modes d'organisation des SPST.,Un service commun à plusieurs entreprises = SPST interentreprises,Cette option est correcte car elle décrit un mode d'organisation possible pour les SPST.,Un service interne à l’entreprise quand il s’agit d’une entreprise de taille moyenne,Cette option est incorrecte car elle décrit un mode d'organisation possible uniquement pour les grandes entreprises.,Un service commun à plusieurs entreprises = SPST autonome,Cette option est incorrecte car elle décrit une erreur de nomenclature.,Un service interne à l’entreprise quand il s’agit d’une entreprise de taille petite,Cette option est incorrecte car elle décrit un mode d'organisation possible uniquement pour les grandes entreprises.,a
309,OIC-183-08-A,Quel ordre doit-on suivre pour limiter l'exposition des salariés à un produit chimique dangereux ?,La question évalue la compréhension de l'ordre de priorité des mesures de prévention des risques professionnels.,"Limiter l'exposition des salariés par le port d'équipements de protection individuelle adaptés, puis supprimer les dangers, puis limiter les émissions à la source.","Incorrecte. L'ordre doit être supprimer les dangers, puis limiter les émissions à la source, puis limiter l'exposition des salariés.","Limiter les émissions à la source, puis supprimer les dangers, puis limiter l'exposition des salariés.","Incorrecte. L'ordre doit être supprimer les dangers, puis limiter les émissions à la source, puis limiter l'exposition des salariés.","Limiter l'exposition des salariés par le port d'équipements de protection individuelle adaptés, puis limiter les émissions à la source, puis supprimer les dangers.","Incorrecte. L'ordre doit être supprimer les dangers, puis limiter les émissions à la source, puis limiter l'exposition des salariés.","Supprimer les dangers, puis limiter les émissions à la source, puis limiter l'exposition des salariés.",Correcte. C'est l'ordre de priorité correct pour limiter l'exposition des salariés à un produit chimique dangereux.,d
310,OIC-186-01-B,"Un patient de 35 ans, atopique, présente des symptômes d'allergie alimentaire à la noix de cajou. Quel type d'hypersensibilité est le plus probable ?",La question évalue la compréhension de la physiopathologie des hypersensibilités allergiques et non allergiques.,Hypersensibilité de type 1,"C'est la réaction allergique la plus fréquente, médiée par les IgE spécifiques d'un allergène.",Hypersensibilité de type 2,"C'est une réaction médiée surtout par des IgG, ou des IgM, qui reconnaissent un allergène porté par une cellule cible.",Hypersensibilité de type 3,"C'est une réaction médiée surtout par des IgG, ou des IgM, qui reconnaissent un allergène circulant.",Hypersensibilité de type 4,"C'est une réaction médiée par les lymphocytes T mémoires spécifiques de l'allergène, différenciés lors de la phase de sensibilisation.",a
311,OIC-186-02-B,Quel est le principal allergène majeur du venin d'abeille ?,Cette question évalue la connaissance de l'allergène majeur du venin d'abeille.,Phospholipase A2,Correcte. La phospholipase A2 est le principal allergène majeur du venin d'abeille.,Hyaluronidase l’antigène 5,"Incorrecte. L'hyluronidase l’antigène 5 est un allergène majeur du venin de guêpe, pas d'abeille.",Phospholipase A1,"Incorrecte. La phospholipase A1 est un allergène majeur du venin de guêpe, pas d'abeille.",Phospholipase B,Incorrecte. Il n'existe pas de phospholipase B dans le venin d'abeille.,a
312,OIC-186-05-B,Un patient de 35 ans présente des symptômes d'anaphylaxie après une piqûre d'abeille. Quel est le type de réaction d'hypersensibilité qu'il est susceptible d'avoir ?,Évaluer la compréhension de la physiopathologie des réactions d'hypersensibilité allergique.,Réaction de type 2,"Incorrecte, la réaction d'hypersensibilité allergique est de type 1.",Réaction de type 3,"Incorrecte, la réaction d'hypersensibilité allergique est de type 1.",Réaction de type 4,"Incorrecte, la réaction d'hypersensibilité allergique est de type 1.",Réaction de type 1,"Correcte, la réaction d'hypersensibilité allergique est de type 1.",d
313,OIC-186-13-B,Quel type de test cutané est utilisé pour explorer les réactions immédiates et est réalisé sur la face antérieure de l’avant bras ?,La question évalue la compréhension de la méthode de réalisation des tests cutanés en allergologie.,Les patch tests,Les patch tests explorent les réactions retardées et sont réalisés le plus souvent dans le dos du patient.,L’intra dermo-reaction,"L’intra dermo-reaction consiste à injecter l’allergène en intradermique et à effectuer soit une lecture immédiate à 15 minutes, soit une lecture retardée.",Les tests de dépistage IgE multiallergénique,Les tests de dépistage IgE multiallergénique ne sont pas des tests cutanés.,Les pricks,Les pricks explorent les réactions immédiates et sont réalisés sur la face antérieure de l’avant bras.,d
314,OIC-186-15-A,Quel test est réservé à la recherche d'une conjonctivite allergique ?,La question évalue la compréhension du diagnostic de la conjonctivite allergique.,Prick tests positifs,"Prick tests positifs sont utilisés pour détecter une sensibilisation à un allergène, mais ils ne sont pas réservés à la recherche de la conjonctivite allergique.",Test de dépistage IgE multiallergénique,"Le test de dépistage IgE multiallergénique est utilisé pour détecter une sensibilisation à plusieurs allergènes, mais il n'est pas réservé à la recherche de la conjonctivite allergique.",Détection d’IgE spécifiques d’allergènes,"La détection d’IgE spécifiques d’allergènes est utilisée pour détecter une sensibilisation à un allergène, mais elle ne permet pas de confirmer le diagnostic de conjonctivite allergique.",Test de provocation conjonctival avec l'allergène suspect,Le test de provocation conjonctival avec l'allergène suspect est réservé à la recherche de la conjonctivite allergique.,d
315,OIC-186-18-A,Quel pourcentage d'enfants sont asthmatiques en France ?,Cette question évalue la connaissance des tendances épidémiologiques de l'allergie respiratoire chez l'enfant.,5%,"Incorrecte, le pourcentage est de 10%.",25%,"Incorrecte, le pourcentage est de 10%.",50%,"Incorrecte, le pourcentage est de 10%.",10%,"Correcte, le pourcentage est de 10%.",d
316,OIC-187-04-A,Quel type d'éruption cutanée est représenté sur la photographie ?,La question évalue la reconnaissance d'une éruption cutanée.,Urticaire,Correcte.,Dermatite atopique,Incorrecte.,Dermatite de contact,Incorrecte.,Eczéma,Incorrecte.,a
317,OIC-187-08-B,Quels sont les facteurs responsables de l'atopie ?,La question évalue la compréhension des facteurs responsables de l'atopie.,Facteurs génétiques et immunologiques,"Correct. L'atopie est définie comme un terrain prédisposant à une réactivité immunologique anormale IgE médiée, vis-à-vis de certains antigènes environnementaux (allergènes).",Facteurs génétiques et environnementaux,Correct. Les facteurs environnementaux jouent un rôle majeur dans la physiopathologie de la dermatite atopique mais ceux-ci ne sont pas encore clairement identifiés.,Facteurs immunologiques et environnementaux,Incorrect. Les facteurs responsables de l'atopie sont les facteurs génétiques et immunologiques.,"Facteurs génétiques, immunologiques et environnementaux","Correct. Les facteurs responsables de l'atopie sont les facteurs génétiques, immunologiques et environnementaux.",d
318,OIC-187-17-B,"Un patient a subi un test épicutané avec un allergène suspect. Après 48h, il y a un érythème sur le site du test. Quel est le résultat du test ?",Testé la compréhension de la différence entre un test épicutané positif allergique et un test irritatif non allergique.,Le test est positif allergique,Correct. Un érythème sur le site du test peut être un signe d'allergie.,Le test est irritatif non allergique,Incorrect. Un érythème sur le site du test ne signifie pas nécessairement un test irritatif non allergique.,Le test est négatif,Incorrect. L'absence d'érythème ne signifie pas nécessairement un test négatif.,Le test est positif irritatif,Incorrect. Un érythème sur le site du test ne signifie pas nécessairement un test irritatif.,a
319,OIC-188-01-A,Quel est le diagnostic d'une rhinite allergique chez un adulte ?,La question évalue la compréhension de la définition de la rhinite allergique chez l'adulte.,"Maladie inflammatoire chronique des voies aériennes supérieures définie par la présence de symptômes 'PAREO' (Prurit, Anosmie, Rhinorrhée, Éternuements, Obstruction nasale) et un constat immuno-allergique.",Correcte. La rhinite allergique est une maladie inflammatoire chronique des voies aériennes supérieures définie par la présence de symptômes 'PAREO' et un constat immuno-allergique.,"Maladie inflammatoire chronique des voies aériennes supérieures définie par la présence de symptômes 'PAREO' (Prurit, Anosmie, Rhinorrhée, Éternuements, Obstruction nasale) et un constat immuno-allergique, mais seulement chez l'enfant.",Incorrecte. La rhinite allergique peut être diagnostiquée chez l'adulte comme chez l'enfant.,"Maladie inflammatoire chronique des voies aériennes supérieures définie par la présence de symptômes 'PAREO' (Prurit, Anosmie, Rhinorrhée, Éternuements, Obstruction nasale) et un constat immuno-allergique, mais seulement chez l'enfant et seulement chez l'adulte.",Incorrecte. La rhinite allergique peut être diagnostiquée chez l'adulte comme chez l'enfant.,"Maladie inflammatoire chronique des voies aériennes supérieures définie par la présence de symptômes 'PAREO' (Prurit, Anosmie, Rhinorrhée, Éternuements, Obstruction nasale) et un constat immuno-allergique, mais seulement chez l'adulte et seulement chez l'enfant.",Incorrecte. La rhinite allergique peut être diagnostiquée chez l'adulte comme chez l'enfant.,a
320,OIC-188-02-B,Quel est le risque de développer un asthme chez un enfant si les deux parents sont asthmatiques ?,Cette question évalue la compréhension de la prévalence de l'asthme chez les enfants en fonction de l'antécédent familial.,10%,Cette option est incorrecte car le risque est plus élevé.,25%,Cette option est incorrecte car le risque est plus élevé.,50%,Cette option est incorrecte car le risque est plus élevé.,plus de 50%,Cette option est correcte car c'est la réponse correcte.,d
321,OIC-188-03-B,Quel type d'inflammation des voies aériennes est observé dans les asthmes allergiques et les asthmes à éosinophiles non allergiques ?,La question évalue la compréhension de la physiopathologie de l'asthme allergique et de l'asthme à éosinophiles non allergiques.,Asthme non-Th2,Cette option est incorrecte car l'asthme non-Th2 ne dépend pas de lymphocytes Th2 ou d’éosinophiles.,Asthme Th1,Cette option est incorrecte car l'asthme Th1 n'est pas décrit dans le contenu éducatif.,Asthme Th17,Cette option est incorrecte car l'asthme Th17 n'est pas décrit dans le contenu éducatif.,Asthme Th2,Cette option est correcte car l'asthme Th2 est observé dans les asthmes allergiques et les asthmes à éosinophiles non allergiques.,d
322,OIC-188-05-A,"Quel diagnostic doit être évoqué chez un patient présentant des symptômes de gêne respiratoire, dyspnée, sifflements, toux, oppression thoracique survenant volontiers en même temps, d'intensité variable dans le temps (paroxystiques), déclenchés par des infections, l’exercice ou l’exposition à des allergènes et pouvant s’aggraver la nuit (nuit profonde) et une obstruction des voies aériennes réversible (et nécessite donc la réalisation d’EFR) ?",Cette question évalue la compréhension du diagnostic d'asthme et de son diagnostic différentiel.,Rhinite allergique,"La rhinite allergique est une maladie nasale caractérisée par des symptômes tels que la rhinorrhée, la congestion nasale et l'œdème palpebral, mais elle ne présente pas les symptômes respiratoires de l'asthme.",Pneumonie,"La pneumonie est une infection pulmonaire caractérisée par des symptômes tels que la toux, la fièvre, la dyspnée et la production de phlegme, mais elle ne présente pas les symptômes respiratoires réversibles de l'asthme.",Bronchite chronique,"La bronchite chronique est une maladie des voies aériennes inférieures caractérisée par des symptômes tels que la toux, la production de phlegme et la dyspnée, mais elle ne présente pas les symptômes réversibles de l'asthme.",Asthme,"L'asthme est une maladie des voies aériennes caractérisée par des symptômes tels que la gêne respiratoire, la dyspnée, les sifflements, la toux et l'oppression thoracique, qui peuvent être déclenchés par des infections, l’exercice ou l’exposition à des allergènes et qui peuvent s’aggraver la nuit. L'asthme est également caractérisé par une obstruction des voies aériennes réversible, qui nécessite donc la réalisation d’EFR.",d
323,OIC-188-11-B,Quel signe clinique est associé à une distension thoracique ?,La question évalue la compréhension de la sémiologie RP d'une distension thoracique.,Hyperclarté des champs pulmonaires avec aplatissement des coupoles diaphragmatiques et horizontalisation des côtes,Correcte,Hyperclarté des champs pulmonaires avec aplatissement des coupoles diaphragmatiques et verticalisation des côtes,Incorrecte,Hyperclarté des champs pulmonaires avec aplatissement des coupoles diaphragmatiques et descente des côtes,Incorrecte,Hyperclarté des champs pulmonaires avec aplatissement des coupoles diaphragmatiques et élévation des côtes,Incorrecte,a
324,OIC-188-12-B,"Un patient de 35 ans présente un trouble ventilatoire obstructif avec une VEMS/CV inférieure à 0,7. Quelle réversibilité est attendue après bronchodilatateur ?",Cette question évalue la compréhension de la réversibilité du trouble ventilatoire obstructif après bronchodilatateur.,Augmentation du VEMS post bronchodilatateur de plus de 200mL ET ≥12% de la valeur avant bronchodilatateur,Cette réponse est correcte car elle correspond à la définition de la réversibilité du trouble ventilatoire obstructif.,Augmentation du VEMS post bronchodilatateur de plus de 200mL ET ≥12% de la valeur avant bronchodilatateur ET réversibilité complète,Cette réponse est incorrecte car la réversibilité complète n'est pas une condition requise pour la réversibilité du trouble ventilatoire obstructif.,Augmentation du VEMS post bronchodilatateur de moins de 200mL ET ≥12% de la valeur avant bronchodilatateur,Cette réponse est incorrecte car la réversibilité du trouble ventilatoire obstructif nécessite une augmentation du VEMS post bronchodilatateur de plus de 200mL.,Augmentation du VEMS post bronchodilatateur de moins de 200mL ET <12% de la valeur avant bronchodilatateur,Cette réponse est incorrecte car la réversibilité du trouble ventilatoire obstructif nécessite une augmentation du VEMS post bronchodilatateur de plus de 200mL.,a
325,OIC-188-14-A,Quel métier à risque d'asthme professionnel est le plus fréquemment associé à l'exposition à des pollens ?,Cette question évalue la connaissance des principaux métiers à risque d'asthme professionnel.,Boulanger,"Le boulanger est un métier à risque d'asthme professionnel, mais il est plus souvent associé à des allergies alimentaires.",Jardinier,"Le jardinier est un métier à risque d'asthme professionnel, mais il est plus souvent associé à des allergies aux pollens.",Pêcheur,"Le pêcheur est un métier à risque d'asthme professionnel, mais il est plus souvent associé à des allergies aux poissons.",Médecin,"Le médecin est un métier à risque d'asthme professionnel, mais il est plus souvent associé à des allergies aux médicaments.",b
326,OIC-188-23-B,Quel facteur de risque est associé à l'absentéisme scolaire ou professionnel en cas d'asthme mal contrôlé ?,Évaluation de la compréhension de la relation entre l'asthme mal contrôlé et l'absentéisme scolaire ou professionnel.,Sédentarité,Incorrecte. La sédentarité n'est pas associée à l'absentéisme scolaire ou professionnel en cas d'asthme mal contrôlé.,Absentéisme scolaire ou professionnel en cas d'asthme bien contrôlé,Incorrecte. L'absentéisme scolaire ou professionnel n'est pas associé à un asthme bien contrôlé.,Maladie chronique non respiratoire,Incorrecte. La maladie chronique non respiratoire n'est pas associée à l'absentéisme scolaire ou professionnel en cas d'asthme mal contrôlé.,Asthme mal contrôlé,Correcte. L'asthme mal contrôlé est associé à l'absentéisme scolaire ou professionnel.,d
327,OIC-190-03-A,Quel examen physique doit être effectué chez un patient de 40 ans présentant une fièvre prolongée et des douleurs abdominales?,Cette question évalue la compréhension des signes cliniques dans l'enquête étiologique d'une fièvre prolongée.,Examen de la prostate et des organes génitaux externes,Cette option est incorrecte car elle ne correspond pas aux symptômes décrits (douleurs abdominales).,"Examen clinique complet, comprenant bandelette urinaire et une intradermo-réaction à la tuberculine",Cette option est correcte car elle correspond à l'examen physique recommandé pour une fièvre prolongée.,Examen gynécologique chez les femmes,Cette option est incorrecte car elle ne correspond pas au sexe du patient décrit (homme).,Examen de la région lombaire,Cette option est incorrecte car elle ne correspond pas aux symptômes décrits (douleurs abdominales).,b
328,OIC-191-01-A,Quel est le seuil de neutropénie fébrile ?,Évaluation de la compréhension de la définition de la neutropénie fébrile,PNN > 1500/mm3,"Incorrecte, le seuil de neutropénie fébrile est inférieur à 1500/mm3",PNN < 500/mm3,"Correcte, le seuil de neutropénie fébrile est inférieur à 500/mm3",PNN > 500/mm3,"Incorrecte, le seuil de neutropénie fébrile est inférieur à 500/mm3",PNN = 1500/mm3,"Incorrecte, le seuil de neutropénie fébrile est inférieur à 1500/mm3",b
329,OIC-191-09-B,Quel traitement antibiotique doit-on commencer en urgence pour une neutropénie fébrile profonde?,La question évalue la compréhension de l'antibiothérapie systématique intraveineuse pour une neutropénie fébrile profonde.,Amoxicilline/acide clavulanique + ciprofloxacine,Cette option est incorrecte car elle est proposée uniquement pour des cas de neutropénie non profonde.,Pipéracilline/tazobactam,Cette option est correcte car elle est recommandée pour une neutropénie fébrile profonde.,Vancomycine,"Cette option est correcte si il y a suspicion d’infection cutanée, d’infection de cathéter et/ou de colonisation à Staphylococcus aureus méti-résistant.",Céfépime,Cette option est correcte car elle est recommandée pour une neutropénie fébrile profonde.,b
330,OIC-191-11-B,Quel vaccin doit être évité chez un patient immunodéprimé ayant un CD4 < 0.2 G/L ?,Cette question évalue la compréhension des contre-indications vaccinales chez l'immunodéprimé.,Vaccin conjugué anti-pneumococcique,Ce vaccin est recommandé pour les patients immunodéprimés.,Vaccin vivant atténué contre la rougeole,Ce vaccin est contre-indiqué chez un patient immunodéprimé ayant un CD4 < 0.2 G/L.,Vaccin anti-grippale,Ce vaccin est recommandé pour les patients immunodéprimés.,Vaccin polysaccharidique anti-pneumococcique,Ce vaccin est recommandé pour les patients immunodéprimés.,b
331,OIC-197-01-A,Quel type de spondyloarthrite est-ce qui est radiographiquement confirmée par la présence d'une sacro-iliite radiographique ?,La question évalue la compréhension de la classification des spondyloarthrites en fonction de la présence ou non de sacro-iliite radiographique.,Spondyloarthrite périphérique articulaire,Cette option est incorrecte car elle ne prend pas en compte la présence ou non de sacro-iliite radiographique.,Spondyloarthrite périphérique enthésitique,Cette option est incorrecte car elle ne prend pas en compte la présence ou non de sacro-iliite radiographique.,Spondyloarthrite axiale,Cette option est correcte car elle correspond à la définition de spondyloarthrite axiale qui est caractérisée par la présence de sacro-iliite radiographique.,Spondyloarthrite indifférenciée,Cette option est incorrecte car elle ne prend pas en compte la présence ou non de sacro-iliite radiographique.,c
332,OIC-197-03-B,Quelle est la prévalence du gène HLA-B27 chez les malades atteints de spondylarthrite ankylosante ?,Évaluation de la connaissance de la prévalence du gène HLA-B27 chez les malades atteints de spondylarthrite ankylosante.,90 %,Correcte. La prévalence du gène HLA-B27 chez les malades atteints de spondylarthrite ankylosante est supérieure à 90 %.,6 %,Correcte. La prévalence du gène HLA-B27 dans les populations caucasiennes est de 6 à 8 %.,8 %,Correcte. La prévalence du gène HLA-B27 dans les populations caucasiennes est de 6 à 8 %.,100 %,"Incorrecte. La prévalence du gène HLA-B27 chez les malades atteints de spondylarthrite ankylosante est supérieure à 90 %, mais pas 100 %.",a
333,OIC-197-04-B,Quel est le type d'atteinte inflammatoire élémentaire des spondyloarthrites ?,"La question évalue la compréhension de l'enthèse et de l'enthésite inflammatoire, éléments clés des spondyloarthrites.",Synovite,"Incorrecte, la synovite est la lésion élémentaire des polyarthrites rhumatoïdes.",Enthesite,"Correcte, l'enthésite est la lésion élémentaire des spondyloarthrites.",Enthesopathie,"Correcte, l'enthésopathie est la zone d'ancrage dans l'os de différentes structures fibreuses.",Dactylite,"Incorrecte, la dactylite est une formation osseuse sur une articulation.",b
334,OIC-197-07-B,Quels sont les critères de classification ASAS 2009 pour une spondyloarthrite axiale chez un patient ayant des rachialgies depuis plus de 3 mois et un âge de début inférieur à 45 ans?,La question évalue la compréhension des critères de classification ASAS 2009 pour une spondyloarthrite axiale.,"Rachialgie depuis plus de 3 mois, âge de début inférieur à 45 ans, enthésite, sacro-iliaque et/ou rachis",Correcte. Cette option correspond à la description des critères de classification ASAS 2009 pour une spondyloarthrite axiale.,"Rachialgie depuis plus de 3 mois, âge de début inférieur à 45 ans, enthésite, sacro-iliaque et/ou rachis, natriurèse obligatoire",Incorrecte. La natriurèse obligatoire n'est pas un critère de classification ASAS 2009 pour une spondyloarthrite axiale.,"Rachialgie depuis plus de 3 mois, âge de début inférieur à 45 ans, enthésite, sacro-iliaque et/ou rachis, acidose tubulaire",Incorrecte. L'acidose tubulaire n'est pas un critère de classification ASAS 2009 pour une spondyloarthrite axiale.,"Rachialgie depuis plus de 3 mois, âge de début inférieur à 45 ans, enthésite, sacro-iliaque et/ou rachis, natriurèse obligatoire et acidose tubulaire",Incorrecte. La natriurèse obligatoire et l'acidose tubulaire ne sont pas tous les deux des critères de classification ASAS 2009 pour une spondyloarthrite axiale.,a
335,OIC-197-09-A,Quel type de lésion est représenté sur la photographie de dactylite?,La question évalue la reconnaissance d'une dactylite.,Lésion osseuse,"Incorrecte, la dactylite est une lésion périarticulaire.",Lésion articulaire,"Incorrecte, la dactylite est une lésion périarticulaire.",Lésion périarticulaire,"Correcte, la dactylite est une lésion périarticulaire.",Lésion musculaire,"Incorrecte, la dactylite est une lésion périarticulaire.",c
336,OIC-198-02-A,Quel est le seuil de l'hyperuricémie ?,Évaluation de la connaissance de la valeur seuil de l'hyperuricémie.,360 µmol/l,Correcte.,600 µmol/l,"Incorrecte, le seuil de l'hyperuricémie est de 360 µmol/l.",480 µmol/l,"Incorrecte, le seuil de l'hyperuricémie est de 360 µmol/l.",240 µmol/l,"Incorrecte, le seuil de l'hyperuricémie est de 360 µmol/l.",a
337,OIC-198-06-B,Quel type de calcifications est visible sur cette radiographie de bassin ?,La question évalue la compréhension de la radiographie de bassin et de la localisation des calcifications.,Calcifications de la symphyse pubienne,Correcte. Les calcifications sont visibles sur la symphyse pubienne.,Calcifications des cartilages fémoraux,Correcte. Les calcifications sont visibles sur les cartilages fémoraux.,Calcifications du ligament triangulaire du carpe,Incorrecte. Les calcifications ne sont pas visibles sur le ligament triangulaire du carpe.,Calcifications méniscales,Incorrecte. Les calcifications méniscales ne sont pas visibles sur cette radiographie de bassin.,a
338,OIC-198-08-A,Quelles sont les caractéristiques d'un accès aigu microcristallin typique ?,Cette question évalue la compréhension des caractéristiques d'un accès aigu microcristallin typique.,"Début brutal, forte intensité de la douleur et de l'inflammation locale, EVA ou EN douleur ≥ 7/10, maximum des symptômes en moins de 24 heures, rougeur locale parfois très intense, résolution spontanée en quelques jours à quelques semaines avec restauration initiale de l'articulation.",Correcte. Cette réponse décrit les caractéristiques d'un accès aigu microcristallin typique.,"Début lent, faible intensité de la douleur et de l'inflammation locale, EVA ou EN douleur < 7/10, maximum des symptômes en plus de 24 heures, rougeur locale faible, résolution spontanée en plusieurs semaines.",Incorrecte. Cette réponse décrit les caractéristiques d'un accès aigu microcristallin atypique.,"Début brutal, faible intensité de la douleur et de l'inflammation locale, EVA ou EN douleur < 7/10, maximum des symptômes en moins de 24 heures, rougeur locale faible, résolution spontanée en quelques jours.",Incorrecte. Cette réponse décrit les caractéristiques d'un accès aigu microcristallin atypique.,"Début lent, forte intensité de la douleur et de l'inflammation locale, EVA ou EN douleur > 7/10, maximum des symptômes en plus de 24 heures, rougeur locale très intense, résolution spontanée en plusieurs semaines.",Incorrecte. Cette réponse décrit les caractéristiques d'un accès aigu microcristallin atypique.,a
339,OIC-198-10-A,"Quel diagnostic doit-on évoquer pour un homme de plus de 35 ans présentant une crise de goutte au pied, avec une uricémie supérieure à 360 μmol/l ?",Évaluer la compréhension de la crise de goutte et du diagnostic positif.,Arthrite septique,Incorrecte car la crise de goutte est une arthropathie microcristalline et non une arthrite septique.,Arthropathie à pyrophosphate de calcium,Incorrecte car la crise de goutte est une arthropathie microcristalline due à des cristaux d'urate et non à des cristaux de pyrophosphate de calcium.,Calcification apatitique,Incorrecte car la crise de goutte est une arthropathie microcristalline due à des cristaux d'urate et non à des calcifications apatitiques.,Goutte,Correcte car la crise de goutte est une arthropathie microcristalline due à des cristaux d'urate.,d
340,OIC-198-11-A,"Un patient de 65 ans présente un accès aigu de goutte avec fièvre, frissons et élévation de la CRP. Devant ces signes, quelle étape doit être prise pour exclure une infection articulaire ?",La question évalue la compréhension de l'importance de l'exclusion d'une infection articulaire dans le diagnostic d'un accès aigu de goutte. Elle teste également la connaissance de la nécessité d'une ponction du liquide articulaire.,Ignorer les signes généraux et ne pas effectuer de ponction du liquide articulaire,Cette option est incorrecte car elle ignore les signes généraux et ne permet pas d'exclure une infection articulaire.,Effectuer une ponction du liquide articulaire et examiner le liquide pour la présence de germes,Cette option est correcte car elle permet d'exclure une infection articulaire en examinant le liquide pour la présence de germes.,Ignorer les signes généraux et ne pas effectuer de traitement anti-inflammatoire,Cette option est incorrecte car elle ignore les signes généraux et ne permet pas de traiter l'inflammation.,Ignorer les signes généraux et ne pas effectuer de radiographie,Cette option est incorrecte car elle ignore les signes généraux et ne permet pas de visualiser les dépôts de cristaux.,b
341,OIC-198-13-B,Quel type de cellules prédomine dans un liquide inflammatoire articular obtenu lors d'une ponction exploratrice dans une crise aiguë de goutte ?,Cette question évalue la compréhension de la nature du liquide synovial dans une crise aiguë de goutte.,Lymphocytes,Les lymphocytes ne sont pas la prédominance de cellules dans un liquide inflammatoire articular obtenu lors d'une ponction exploratrice dans une crise aiguë de goutte.,Monocytes,Les monocytes ne sont pas la prédominance de cellules dans un liquide inflammatoire articular obtenu lors d'une ponction exploratrice dans une crise aiguë de goutte.,Polynucléaires neutrophiles,Les polynucléaires neutrophiles sont la prédominance de cellules dans un liquide inflammatoire articular obtenu lors d'une ponction exploratrice dans une crise aiguë de goutte.,Érythrocytes,Les érythrocytes ne sont pas la prédominance de cellules dans un liquide inflammatoire articular obtenu lors d'une ponction exploratrice dans une crise aiguë de goutte.,c
342,OIC-198-14-A,Quel type de dépôt cristallin est représenté sur la photographie ?,La question évalue la reconnaissance d'un dépôt cristallin typique de la goutte.,Pyrophosphate de calcium,"Incorrecte, le dépôt représenté est typique de la goutte, non de l'arthropathie à pyrophosphate de calcium.",Hydroxyapatite,"Incorrecte, le dépôt représenté est typique de la goutte, non de l'arthropathie à hydroxyapatite.",Calcification apatitique,"Incorrecte, le dépôt représenté est typique de la goutte, non de la calcification apatitique.",Uric acid,"Correcte, le dépôt représenté est typique de la goutte, qui est une arthropathie microcristalline due à des dépôts d'acide urique.",d
343,OIC-198-15-A,Quels deux examens biologiques sont indispensables à visée diagnostique dans la goutte ?,Cette question évalue la connaissance des examens biologiques indispensables à la diagnosis de la goutte.,"Uricémie et créatininémie avec estimation du débit de filtration glomérulaire (DFGe, selon les formules MDRD ou CKD-EPI)","Correcte. L'uricémie peut être normale lors d'une crise goutteuse, mais la créatininémie avec estimation du débit de filtration glomérulaire est indispensable pour évaluer la fonction rénale.",Hémogramme et uricémie,"Incorrecte. L'hémogramme est un examen complémentaire, mais pas indispensable à la diagnosis de la goutte. L'uricémie est indispensable, mais doit être accompagnée de la créatininémie avec estimation du débit de filtration glomérulaire.",Uricémie et hémogramme,"Incorrecte. L'hémogramme est un examen complémentaire, mais pas indispensable à la diagnosis de la goutte. L'uricémie est indispensable, mais doit être accompagnée de la créatininémie avec estimation du débit de filtration glomérulaire.",Créatininémie et hémogramme,"Incorrecte. La créatininémie avec estimation du débit de filtration glomérulaire est indispensable pour évaluer la fonction rénale, mais l'hémogramme est un examen complémentaire, mais pas indispensable à la diagnosis de la goutte.",a
344,OIC-198-16-B,Quel est le risque de surmortalité associé à une hypouricémie ?,Évaluer la compréhension de la mortalité cardiovasculaire associée à l'hypouricémie,Risque de surmortalité augmenté,Correcte : une hypouricémie est également à risque d’une augmentation de la mortalité,Risque de surmortalité réduit,Incorrecte : une hypouricémie est également à risque d’une augmentation de la mortalité,Risque de surmortalité inexistante,Incorrecte : une hypouricémie est également à risque d’une augmentation de la mortalité,Risque de surmortalité non défini,Incorrecte : une hypouricémie est également à risque d’une augmentation de la mortalité,a
345,OIC-198-17-B,Un homme de 60 ans présente une arthrite du genou. Quel terrain est le plus susceptible de s'y trouver ?,Évaluation de la connaissance des terrains des différentes arthropathies microcristallines,Goutte,"Homme mûr, souvent en surpoids ou obèse, atteint de maladies cardiovasculaires, d'insuffisance rénale ou de diabète sucré",Rhumatisme à pyrophosphate de calcium,Sujet âgé,Calcification apatitique,Femme plus jeune,Aucun des terrains ci-dessus,Terrain inconnu ou non spécifique,b
346,OIC-198-19-A,Quel traitement hypouricémiant doit-il initier pour un patient goutteux en cas d'obésité ou de surcharge pondérale?,Question évaluant la compréhension des règles hygiénodiététiques et des principes des traitements hypouricémiants.,Arrêter la consommation de lait écrémé,"Incorrecte, la consommation de lait écrémé doit être encouragée.",Diminuer la consommation de viande et de produits de la mer,"Correcte, la consommation de viande et de produits de la mer doit être modérée.",Augmenter la consommation de jus de fruits riches en fructose,"Incorrecte, il faut diminuer la consommation de jus de fruits riches en fructose.",Diminuer la consommation de sodas sucrés et d'alcool,"Correcte, il faut diminuer la consommation de sodas sucrés et d'alcool.",d
347,OIC-198-20-B,"Un patient de 65 ans, atteint de goutte, présente des douleurs chroniques et des tophi visibles sous la peau. Quel site électif est le plus susceptible de se trouver un tophus ?",La question évalue la compréhension de la localisation des tophi dans la goutte.,Pavillon de l'oreille,C'est un site électif de localisation des tophi dans la goutte.,Coudes,C'est un site électif de localisation des tophi dans la goutte.,Tendons calcanéen,C'est un site électif de localisation des tophi dans la goutte.,Arthropathies chroniques,"C'est une comorbidité de la goutte, mais pas un site électif de localisation des tophi.",a
348,OIC-201-01-A,Quel est le type de donneur d'organe qui représente la majorité des donneurs ?,Cette question évalue la compréhension de la définition de donneurs potentiels.,Les donneurs en état de mort encéphalique,C'est la réponse correcte.,Les donneurs décédés après arrêt circulatoire,C'est une option incorrecte car elle ne représente pas la majorité des donneurs.,Les donneurs vivants,C'est une option incorrecte car ils ne représentent pas la majorité des donneurs.,Les donneurs en état de mort cardiaque,C'est une option incorrecte car il n'y a pas de donneurs en état de mort cardiaque.,a
349,OIC-201-02-A,Un patient a besoin d'une greffe d'organe. Quel organe est le plus souvent greffé ?,Cette question évalue la compréhension des organes transplantés les plus courants.,Cœur,Cœur est un organe transplanté mais il est moins courant que les autres.,Poumons,Poumons est un organe transplanté courant mais pas le plus courant.,Intestins,Intestins sont transplantés mais ils sont moins courants que les autres.,Rein,Le rein est le plus souvent greffé parmi les organes transplantés.,d
350,OIC-201-04-B,Quel est le résultat de la transplantation d'organes selon la survie du greffon à 1 an ?,Évaluation de la survie du greffon à 1 an après la transplantation d'organes,"91,8%","Correcte, la survie du greffon à 1 an est de 91,8% pour les rein transplantés","59,2%","Correcte, la survie du greffon à 1 an est de 59,2% pour les foie transplantés","76,6%","Incorrecte, la survie du greffon à 1 an est de 76,6% pour les coeur transplantés","83,5%","Incorrecte, la survie du greffon à 1 an est de 83,5% pour les poumon transplantés",a
351,OIC-201-06-A,"Un patient de 65 ans présente un coma profond, aréactif, avec disparition de l’ensemble des réflexes du tronc cérébral et absence de respiration spontanée. Quel diagnostic est le plus probable ?",Cette question évalue la compréhension de la définition de la mort encéphalique.,Coma profond,Cette option est incorrecte car elle ne correspond pas à la définition de la mort encéphalique.,Mort encéphalique,Cette option est correcte car elle correspond à la définition de la mort encéphalique.,Absence de respiration spontanée,Cette option est incorrecte car elle ne correspond pas à la définition de la mort encéphalique.,Disparition de l’ensemble des réflexes du tronc cérébral,Cette option est incorrecte car elle ne correspond pas à la définition de la mort encéphalique.,b
352,OIC-207-02-B,Un patient de 30 ans présente une douleur thoracique droite et une fracture de côte déplacée sur radiographie thoracique. Quel diagnostic devrait être évoqué en premier?,La question évalue la compréhension de la fracture de côte déplacée et la recherche d'une complication possible.,Pneumothorax,La fracture de côte déplacée peut être associée à un pneumothorax.,Hémothorax,La fracture de côte déplacée peut être associée à un hémothorax.,Lacération du parenchyme pulmonaire,La fracture de côte déplacée peut être associée à une lacération du parenchyme pulmonaire.,Atelectasie,L'attelectasie n'est pas une complication possible de la fracture de côte déplacée.,a
353,OIC-207-05-B,Un patient de 35 ans présente une fièvre et une toux. Une radiographie thoracique de face montre une opacité alvéolaire du lobe supérieur droit avec un bronchogramme aérique. Quel diagnostic est le plus probable?,La question évalue la compréhension de la définition du syndrome alvéolaire et de ses présentations particulières.,Pneumonie franche lobaire aiguë,L'opacité alvéolaire et le bronchogramme aérique sont des signes de la pneumonie franche lobaire aiguë.,Œdème pulmonaire aigu,"L'opacité alvéolaire est bilatérale et symétrique, ce qui est incompatible avec la pneumonie franche lobaire aiguë.",Cancer bronchique de forme alvéolaire,"L'opacité alvéolaire est plus ou moins étendue, ce qui est incompatible avec la pneumonie franche lobaire aiguë.",Hémorragie intra-alvéolaire,"L'opacité alvéolaire est mal limitée, ce qui est incompatible avec une hémorragie intra-alvéolaire.",a
354,OIC-207-08-B,Quel signe direct est observé sur une radiographie de thorax lors d'une atélectasie d'origine bronchique?,La question évalue la compréhension de la détection d'une atélectasie d'origine bronchique sur une radiographie de thorax.,"Opacité correspondant au poumon rétracté, avec réduction de volume du territoire atteint, systématisée à bords nets.",Correcte. L'opacité correspondant au poumon rétracté est un signe direct d'une atélectasie d'origine bronchique.,"Opacité correspondant au poumon rétracté, avec réduction de volume du territoire atteint, systématisée à bords nets, mais avec bronchogramme aérique.",Incorrecte. L'absence de bronchogramme aérique est un signe direct d'une atélectasie d'origine bronchique.,"Opacité correspondant au poumon rétracté, avec réduction de volume du territoire atteint, systématisée à bords nets, mais avec déplacement scissural.",Incorrecte. Le déplacement scissural est un signe indirect d'une atélectasie d'origine bronchique.,"Opacité correspondant au poumon rétracté, avec réduction de volume du territoire atteint, systématisée à bords nets, mais avec ascension de la coupole diaphragmatique homolatérale.",Incorrecte. L'ascension de la coupole diaphragmatique homolatérale est un signe indirect d'une atélectasie d'origine bronchique.,a
355,OIC-207-11-B,Quel signe radiographique permet de confirmer la localisation postérieure d'une masse médiastinale chez un enfant?,La question évalue la compréhension de la topographie d'une masse médiastinale chez un enfant en fonction des signes radiographiques.,Signe de la silhouette,Incorrect. Ce signe est associé à une localisation antérieure de la masse.,Signe cervico-thoracique,Correct. Ce signe est associé à une localisation postérieure de la masse.,Signe de l'iceberg,Incorrect. Ce signe est associé à une localisation intrathoracique pure.,Signe de l'éclair,Incorrect. Ce signe n'est pas mentionné dans le contenu éducatif.,b
356,OIC-208-01-A,Quel est le seuil de PaO2 pour parler d'insuffisance respiratoire chronique grave?,Cette question évalue la compréhension du seuil de PaO2 pour l'IRC grave.,60 mmHg,Correcte,70 mmHg,"Incorrecte, c'est le seuil de PaO2 pour parler d'insuffisance respiratoire chronique.",80 mmHg,"Incorrecte, c'est un seuil de PaO2 supérieur à celui de l'IRC grave.",90 mmHg,"Incorrecte, c'est un seuil de PaO2 supérieur à celui de l'IRC grave.",a
357,OIC-208-03-A,"Un patient de 65 ans, atteint d'insuffisance respiratoire chronique, présente une pression artérielle systolique échographique de 38 mmHg. Quel diagnostic est le plus probable ?",Cette question évalue la compréhension de la définition de l'hypertension pulmonaire (HTP) et de la méthode d'évaluation de la PAPS à l'échographie cardiaque.,Insuffisance respiratoire chronique restrictive,Incorrecte. Cette option ne tient pas compte de la PAPS élevée.,Insuffisance respiratoire chronique obstructive,Incorrecte. Cette option ne tient pas compte de la PAPS élevée.,Hypertension pulmonaire secondaire à une insuffisance respiratoire chronique,Correcte. Cette option est compatible avec la PAPS élevée et l'IRC.,Insuffisance respiratoire aigüe,Incorrecte. Cette option ne correspond pas à la description de l'IRC chronique.,c
358,OIC-208-06-B,Quel examen complémentaire permet d'orienter vers une insuffisance respiratoire chronique obstructive ou restrictive ?,Cette question évalue la compréhension de l'interprétation des explorations fonctionnelles pour orienter vers une IRC obstructive ou restrictive.,Electrophorèse des protéines urinaires,Cet examen n'est pas pertinent pour orienter vers une IRC obstructive ou restrictive.,Examen de la fonction rénale,Cet examen n'est pas pertinent pour orienter vers une IRC obstructive ou restrictive.,Examen de la fonction hépatique,Cet examen n'est pas pertinent pour orienter vers une IRC obstructive ou restrictive.,Examen de la fonction pulmonaire,Cet examen est pertinent pour orienter vers une IRC obstructive ou restrictive.,d
359,OIC-208-10-B,Quel est le principal mécanisme responsable de l'hypoxémie dans une bronchopneumopathie chronique obstructive (BPCO) ?,Cette question évalue la compréhension de la physiopathologie de la BPCO et de l'hypoxémie.,Maladies de la pompe ventilatoire,"Cette réponse est incorrecte car la BPCO est avant tout une maladie de l'échangeur, pas de la pompe ventilatoire.",Maladies de l'échangeur pulmonaire,Cette réponse est correcte car la BPCO est une maladie de l'échangeur.,Hypoventilation alvéolaire prédominante,"Cette réponse est partiellement correcte car une hypoventilation alvéolaire peut apparaître chez les patients les plus sévères de BPCO, mais c'est un mécanisme secondaire.",Hypercapnie,"Cette réponse est incorrecte car l'hypoxémie est le principal mécanisme responsable de la BPCO, pas l'hypercapnie.",b
360,OIC-215-03-A,"Un patient de 45 ans présente un purpura fulminans avec fièvre, hypotension, polypnée et coma. Quel traitement initier en urgence ?",Évaluer la compréhension de la gravité d'un purpura et la prise en charge urgente,Ponction lombaire,Contre-indiquée jusqu’à correction du trouble de la coagulation,Injection intra-musculaire d'antibiotiques,De préférence céphalosporine de 3<sup>e</sup> génération : cefotaxime ou ceftriaxone,Réalisation d’hémocultures,Si possible et sans retarder l’injection de la première dose d’antibiotique,Réaliser un bilan biologique détaillé,"Inclut le bilan hématologique, le bilan biologique de fonction rénale et hépatique, le bilan inflammatoire, la coagulation et le bilan immunologique",b
361,OIC-215-05-A,Quel examen doit être réalisé en urgence devant un purpura thrombopénique?,Cette question évalue la compréhension de l'examen clinique à réaliser en urgence devant un purpura thrombopénique.,Myélogramme,Le myélogramme est un examen de première intention pour un purpura thrombopénique.,Auscultation cardiaque,L'auscultation cardiaque n'est pas pertinente pour un purpura thrombopénique.,Protéinurie,La protéinurie n'est pas pertinente pour un purpura thrombopénique.,Hémoptysie,L'hémoptysie n'est pas pertinente pour un purpura thrombopénique.,a
362,OIC-215-09-A,Quel traitement initier pour une thrombopénie centrale en cas d'hémorragie et/ou de thrombopénie profonde?,La question évalue la compréhension de la prise en charge d'une thrombopénie centrale en cas d'hémorragie et/ou de thrombopénie profonde.,Transfusion de globules rouges,"Incorrecte, la transfusion de globules rouges n'est pas indiquée pour une thrombopénie centrale en cas d'hémorragie et/ou de thrombopénie profonde.",Transfusion de globules blancs,"Incorrecte, la transfusion de globules blancs n'est pas indiquée pour une thrombopénie centrale en cas d'hémorragie et/ou de thrombopénie profonde.",Transfusion de fibrinogène,"Incorrecte, la transfusion de fibrinogène n'est pas indiquée pour une thrombopénie centrale en cas d'hémorragie et/ou de thrombopénie profonde.",Transfusion de plaquettes,"Correcte, la transfusion de plaquettes peut être indiquée dans le cadre d'une thrombopénie centrale en cas d'hémorragie et/ou de thrombopénie profonde.",d
363,OIC-217-03-B,Quel est le type de cellules observées sur le frottis sanguin d'un patient présentant un syndrome mononucléosique ?,La question évalue la compréhension de la différence entre les cellules normales et les cellules observées dans un syndrome mononucléosique.,Lymphocytes normaux,Les lymphocytes normaux ne sont pas observés dans un syndrome mononucléosique.,Lymphocytes activés,Les lymphocytes activés sont observés dans un syndrome mononucléosique.,Plaquettes,Les plaquettes ne sont pas observées dans un frottis sanguin.,Érythrocytes,Les érythrocytes ne sont pas observées dans un frottis sanguin.,b
364,OIC-217-05-A,Un patient de 25 ans présente un syndrome mononucléosique. Quelle étiologie est la plus probable ?,La question évalue la compréhension des étiologies du syndrome mononucléosique.,Primo-infection à Epstein Barr virus (EBV),Le syndrome mononucléosique est causé par la primo-infection à EBV dans la majorité des cas.,Primo-infection à Cytomégalovirus (CMV),"La primo-infection à CMV est la cause de 10% des syndromes mononucléosiques, principalement chez l'enfant et l'adulte jeune.",Primo-infection à Toxoplasmose,"La primo-infection à Toxoplasmose est fréquente et souvent asymptomatique, mais elle est rarement la cause d'un syndrome mononucléosique.",Primo-infection à VIH,"La primo-infection à VIH est souvent symptomatique, mais elle est rarement la cause d'un syndrome mononucléosique.",a
365,OIC-223-02-A,"Un patient de 65 ans, sans antécédents notables, présente un taux de cholestérol sanguin de 250 mg/dL. Quel type de dyslipidémie est le plus probable ?",La question évalue la compréhension des types de dyslipidémies et de leur classification.,Hypercholestérolémie pure,Correcte. Un taux de cholestérol sanguin élevé indique une hypercholestérolémie pure.,Hypertriglycéridémie pure,Incorrecte. Un taux de cholestérol sanguin élevé ne correspond pas à une hypertriglycéridémie pure.,Hyperlipidémie mixte,Incorrecte. Un taux de cholestérol sanguin élevé ne correspond pas à une hyperlipidémie mixte.,Hyperlipidémie secondaire,Incorrecte. Il n'y a pas d'antécédents notables pour une hyperlipidémie secondaire.,a
366,OIC-223-03-B,"Un patient de 65 ans, hypertendu et diabétique, présente un taux de triglycérides à 3,5 mmol/L. Quel est le risque cardiovasculaire global de ce patient ?",Évaluer le risque cardiovasculaire global en fonction du taux de triglycérides,Risque cardiovasculaire élevé,"Le lien entre hypertriglycéridémie et risque cardiovasculaire est très fort, en particulier en cas d’association avec un HDL-cholestérol bas (dans le cadre du syndrome métabolique).",Risque cardiovasculaire modéré,Le niveau de preuve n’est pas aussi élevé que pour le LDL-cholestérol.,Risque cardiovasculaire faible,"Le taux de triglycérides à 3,5 mmol/L n’est pas suffisamment élevé pour justifier un risque cardiovasculaire élevé.",Risque cardiovasculaire inexistant,"Le lien entre hypertriglycéridémie et risque cardiovasculaire est très fort, mais le taux de triglycérides à 3,5 mmol/L n’est pas suffisamment élevé pour justifier un risque cardiovasculaire inexistant.",a
367,OIC-223-06-A,Un patient de 45 ans présente des xanthèmes tendineux et des xanthélasmes. Quel type de dyslipidémie est probablement présente ?,La question évalue la compréhension des signes cliniques des dyslipidémies.,Hypercholestérolémie,Les xanthèmes tendineux et les xanthélasmes sont des signes cliniques de l'hypercholestérolémie.,Hypertriglycéridémie,"Les xanthomatose éruptive et la lipémie rétinienne sont des signes cliniques de l'hypertriglycéridémie, pas des xanthèmes tendineux et des xanthélasmes.",Hyperlipidémie mixte,Les signes cliniques de l'hyperlipidémie mixte sont différents des xanthèmes tendineux et des xanthélasmes.,Hyperlipoprotéinémie,Les signes cliniques de l'hyperlipoprotéinémie sont différents des xanthèmes tendineux et des xanthélasmes.,a
368,OIC-223-07-A,Quelle cause d'hyperlipidémie secondaire est associée à l'utilisation de corticoïdes ?,La question évalue la compréhension des causes d'hyperlipidémies secondaires. Elle teste la connaissance de l'association entre l'utilisation de corticoïdes et l'hyperlipidémie.,Hypothyroïdie,"Incorrecte, l'hypothyroïdie n'est pas associée à l'utilisation de corticoïdes.",Syndrome néphrotique,"Incorrecte, le syndrome néphrotique n'est pas associé à l'utilisation de corticoïdes.",Cholestase,"Incorrecte, la cholestase n'est pas associée à l'utilisation de corticoïdes.",Utilisation de corticoïdes,"Correcte, l'utilisation de corticoïdes est associée à l'hyperlipidémie.",d
369,OIC-225-01-A,Quel est le pourcentage de prévalence de l'artériopathie oblitérante des membres inférieurs (AOMI) au-delà de 70 ans?,La question évalue la compréhension de la fréquence de l'AOMI.,10%,"Incorrecte, la prévalence est supérieure à 10% au-delà de 70 ans.",20%,"Correcte, la prévalence de l'AOMI est de plus de 20% au-delà de 70 ans.",30%,"Incorrecte, la prévalence est supérieure à 30% au-delà de 70 ans.",40%,"Incorrecte, la prévalence est supérieure à 40% au-delà de 70 ans.",b
370,OIC-225-03-A,Quel diagnostic différentiel doit être évoqué devant une douleur musculaire à la marche imposant l’arrêt de la déambulation chez un sujet présentant des facteurs de risque cardiovasculaires?,Cette question évalue la compréhension de la manifestation clinique de l'artériopathie oblitérante des membres inférieurs (AOMI) et de la nécessité de rechercher des diagnostics différentiels.,Arthrose,"L'arthrose est une cause de douleur musculaire à la marche, mais elle n'est pas associée aux facteurs de risque cardiovasculaires.",Thrombose veineuse profonde d’un tronc collecteur,"La thrombose veineuse profonde est une cause de douleur, mais elle est associée à des gonflements et non à des facteurs de risque cardiovasculaires.",Rhumatisme inflammatoire,"Le rhumatisme inflammatoire peut être associé à des douleurs musculaires, mais il n'est pas associé aux facteurs de risque cardiovasculaires.",Artériopathie oblitérante des membres inférieurs (AOMI),L'AOMI est la cause la plus probable de douleur musculaire à la marche imposant l’arrêt de la déambulation chez un sujet présentant des facteurs de risque cardiovasculaires.,d
371,OIC-225-08-B,Un patient présente une ischémie aiguë des membres inférieurs. Quel mécanisme est le plus probable ?,Évaluer la compréhension de la différence entre embolie et thrombose dans l'ischémie aiguë des membres inférieurs.,Embolie,"Début très brutal, ischémie rapidement sensitivo-motrice et pouls périphériques controlatéraux présents, absence d’artériopathie connue, découverte d’une arythmie cardiaque.",Thrombose,"Début plus progressif, ischémie moins sévère, antécédents d’artériopathie des membres inférieurs, rythme sinusal.",Artériopathie des membres inférieurs,"Incorrecte car c'est un facteur de risque, pas un mécanisme.",Mésentérique,"Incorrecte car c'est un territoire artériel différent, pas un mécanisme.",a
372,OIC-225-10-A,"Un patient de 65 ans, tabagique, présente un anévrisme de l'aorte abdominale. Quel autre localisation anévrismale doit être recherchée en échographie ou sur une angioTDM lorsqu’elle est pratiquée ?",Cette question évalue la compréhension de l'histoire naturelle d'un anévrisme de l'aorte abdominale et de la recherche d'autres localisations anévrismales.,Anévrisme de l'aorte thoracique,Cette réponse est incorrecte car elle ne correspond pas à la recherche d'autres localisations anévrismales associées à l'AAA.,Anévrisme de l'artère poplité,Cette réponse est incorrecte car elle ne correspond pas à la recherche d'autres localisations anévrismales associées à l'AAA.,Anévrisme de l'artère iliaque,Cette réponse est correcte car elle correspond à la recherche d'autres localisations anévrismales associées à l'AAA.,Anévrisme de l'artère fémorale,Cette réponse est correcte car elle correspond à la recherche d'autres localisations anévrismales associées à l'AAA.,c
373,OIC-225-15-A,Quel type d'urgence doit être traité en urgence extrême chez un patient porteur d'un anévrisme de l'aorte abdominale?,Évaluer la compréhension de la gravité des situations d'urgence liées à un anévrisme de l'aorte abdominale.,Anévrismes douloureux,Incorrect. Les patients porteurs d'un anévrisme douloureux doivent être hospitalisés rapidement pour être opérés.,Ischémie aiguë de membre inférieur,Incorrect. L'ischémie aigüe par embolie à partir du thrombus de l'anévrisme est un évènement rare et nécessite une prise en charge spécifique immédiate par embolectomie.,Fistule aorto-cave,Incorrect. Les fistules aorto-cave correspondent à la rupture de l'anévrisme dans un organe creux de voisinage : la veine cave inférieure. Cette situation nécessite une prise en charge en urgence absolue en chirurgie vasculaire.,Anévrismes rompus,Correct. Les anévrismes rompus doivent être opérés en urgence extrême. Le taux de mortalité global est > 80%.,d
374,OIC-226-01-A,Un patient de 50 ans présente une TVP proximale et une EP à haut risque. Quel traitement initier pour la TVP?,"Évaluer la compréhension de la définition d'une TVP proximale et de l'EP à haut risque, ainsi que la stratégie de traitement de la TVP.",Anticoagulation orale,Incorrecte. L'anticoagulation orale n'est pas la première ligne de traitement pour une TVP proximale.,Compression élastique,"Incorrecte. La compression élastique est utilisée pour la TVP des membres inférieurs, mais pas pour la TVP proximale.",Thrombectomie,Incorrecte. La thrombectomie est une technique invasive utilisée pour les TVP réfractaires à l'anticoagulation.,Héparine intraveineuse,Correcte. L'héparine intraveineuse est la première ligne de traitement pour une TVP proximale.,d
375,OIC-226-03-B,Quelle situation thrombogène favorise l'hypercoagulabilité ?,La question évalue la compréhension de la physiopathologie de la MTEV y compris les formes familiales.,Le cancer,Correcte. Les cancers sont des situations thrombogènes qui favorisent l'hypercoagulabilité.,Les maladies inflammatoires,Correcte. Les maladies inflammatoires sont des situations thrombogènes qui favorisent l'hypercoagulabilité.,La grossesse,Correcte. La grossesse est une situation thrombogène qui favorise l'hypercoagulabilité.,Les maladies cardiaques,Incorrecte. Les maladies cardiaques ne sont pas des situations thrombogènes qui favorisent l'hypercoagulabilité.,a
376,OIC-226-07-A,Quel examen diagnostique est recommandé en première intention pour confirmer un diagnostic de thrombose veineuse profonde (TVP) ?,Évaluer la compréhension de l'examen diagnostique de première intention pour TVP.,Angiotomodensitométrie thoracique,"Incorrecte. L'angiotomodensitométrie thoracique est un examen d'imagerie en cas d'embolie pulmonaire, non de thrombose veineuse profonde.",Scintigraphie de ventilation-perfusion,"Incorrecte. La scintigraphie de ventilation-perfusion est un examen d'imagerie en cas d'embolie pulmonaire, non de thrombose veineuse profonde.",Echographie cardiaque trans-thoracique,"Incorrecte. L'échographie cardiaque trans-thoracique est un examen d'imagerie en cas d'embolie pulmonaire, non de thrombose veineuse profonde.",Echodoppler veineux,Correcte. L'échodoppler veineux est un examen de première intention pour confirmer un diagnostic de thrombose veineuse profonde.,d
377,OIC-226-08-A,Quel examen est réalisé en cas de contre-indication ou indisponibilité d'angioscanner thoracique pour diagnostiquer une embolie pulmonaire ?,Évaluer la compréhension de l'examen de référence pour diagnostiquer une embolie pulmonaire en cas de contre-indication ou indisponibilité d'angioscanner thoracique.,Angiotomodensitométrie thoracique,"Examen de référence pour diagnostiquer une embolie pulmonaire, contre-indiqué en cas d'allergie aux produits de contraste ou insuffisance rénale sévère.",Scintigraphie de ventilation-perfusion,"Examen réalisé en cas de contre-indication ou indisponibilité d'angioscanner thoracique, principal limite : examen non conclusif notamment en cas de pathologie respiratoire sous-jacente.",Échographie cardiaque trans-thoracique,"Examen diagnostique en cas de suspicion d’embolie pulmonaire à haut risque, signes directs : thrombus dans le tronc de l’AP ou dans cavités cardiaques droites (rare), signes indirects: dilatation VD, septum paradoxal, élévation de la pression pulmonaire d’embolie, permet d'éliminer les principaux diagnostics différentiels.",Échographie abdominale,Examen non pertinent pour diagnostiquer une embolie pulmonaire.,b
378,OIC-226-09-A,Quel est le critère de définition d'une embolie pulmonaire (EP) associée à une défaillance hémodynamique ?,Évaluer la compréhension de la définition d'une EP grave,"EP associée à une défaillance hémodynamique définie par une pression artérielle systolique (PAS) < 90 mmHg ou une chute de la PAS ≥ 40 mmHg pendant plus de 15 minutes en l’absence d’une autre cause tel un sepsis, une arythmie ou une hypovolémie.",Correcte,"EP associée à une défaillance hémodynamique définie par une pression artérielle systolique (PAS) > 90 mmHg ou une chute de la PAS ≤ 40 mmHg pendant plus de 15 minutes en l’absence d’une autre cause tel un sepsis, une arythmie ou une hypovolémie.",Incorrecte,"EP associée à une défaillance hémodynamique définie par une pression artérielle systolique (PAS) < 90 mmHg ou une chute de la PAS ≥ 40 mmHg pendant plus de 15 minutes en l’absence d’une autre cause tel un sepsis, une arythmie ou une hypovolémie, mais seulement si l'EP est associée à une maladie cardiaque.",Incorrecte,"EP associée à une défaillance hémodynamique définie par une pression artérielle systolique (PAS) > 90 mmHg ou une chute de la PAS ≤ 40 mmHg pendant plus de 15 minutes en l’absence d’une autre cause tel un sepsis, une arythmie ou une hypovolémie, mais seulement si l'EP est associée à une maladie cardiaque.",Incorrecte,a
379,OIC-226-10-A,Quel traitement anticoagulant est recommandé en première intention pour une embolie pulmonaire non grave ?,Cette question évalue la compréhension de la prise en charge ambulatoire d'une embolie pulmonaire non grave.,Héparine de bas poids moléculaire (HBPM) / fondaparinux,Héparine de bas poids moléculaire (HBPM) / fondaparinux n’est pas la stratégie recommandée en première intention mais proposée si contre-indication aux AODs.,"Anticoagulants oraux directs (AODs) (Rivaroxaban, Apixaban)","Anticoagulants oraux directs (AODs) (Rivaroxaban, Apixaban) sont recommandés en première intention sauf EP à risque élevé ou intermédiaire haut.",Héparine non fractionnée (HNF),Héparine non fractionnée (HNF) est réservée aux EP graves et au traitement de la MVTE chez les patients insuffisants rénaux avec clairance < 15 mL/min.,Aucun des traitements anticoagulants mentionnés,Aucun des traitements anticoagulants mentionnés n'est recommandé en première intention pour une embolie pulmonaire non grave.,b
380,OIC-226-14-B,Quel traitement anticoagulant doit-on prescrire et pour combien de temps à un patient ayant une thrombose veineuse profonde proximale?,Évaluer la durée du traitement anticoagulant pour une thrombose veineuse profonde proximale,Héparine pour 3 mois,Durée minimale de traitement anticoagulant,Anticoagulant oral pour 3 à 6 mois,TVP proximale ou EP avec facteur favorisant transitoire fort identifié,Anticoagulant oral pour au moins 6 mois,TVP proximale ou EP non provoquée,Anticoagulant oral indéfiniment,TVP proximale ou EP non provoquée récidivante ou associée à un cancer,b
381,OIC-227-01-A,Un patient de 65 ans présente des varices de taille supérieure à 3 mm de diamètre en orthostatisme. Quel diagnostic est le plus probable?,Question évaluant la compréhension de la définition d'une insuffisance veineuse chronique (IVC) et des varices.,Insuffisance veineuse chronique,"Correcte. La varice est une dilatation permanente d'une veine superficielle des membres inférieurs de plus de 3 mm de diamètre en orthostatisme, qui est associée le plus souvent à un reflux par incontinence valvulaire.",Syndrome post-thrombotique,Incorrecte. Le syndrome post-thrombotique est un ensemble de signes et de symptômes résultant d'un thrombose veineuse profonde récente.,Insuffisance veineuse aiguë,"Incorrecte. L'insuffisance veineuse aiguë est un état transitoire de dysfonctionnement du système veineux profond et/ou superficiel, résultant d’une incontinence valvulaire, avec ou sans une oblitération veineuse associée, qui touche préférentiellement les membres inférieurs.",Insuffisance veineuse superficielle,"Incorrecte. L'insuffisance veineuse superficielle est un état transitoire de dysfonctionnement du système veineux superficiel, résultant d’une incontinence valvulaire, qui touche préférentiellement les membres inférieurs.",a
382,OIC-227-03-A,Quel score de Villalta est associé à un syndrome post-thrombotique sévère ?,Évaluer la sévérité d'un syndrome post-thrombotique en fonction du score de Villalta,Score ≤ 4,Absence de SPT,Score 5-9,SPT modéré,Score 10-14,SPT intermédiaire,Score ≥ 15 ou ulcère présent,SPT sévère,d
383,OIC-227-06-B,Quelle est la prévalence de l'insuffisance veineuse chronique (IVC) en France en 2011?,La question évalue la connaissance de la prévalence de l'IVC en France en 2011.,2 millions de patients environ,Cette option est incorrecte car elle sous-estime la prévalence de l'IVC en France en 2011.,4 millions de patients environ,Cette option est incorrecte car elle sur-estime la prévalence de l'IVC en France en 2011.,20 millions de patients environ,Cette option est correcte car elle correspond à la prévalence de l'IVC en France en 2011.,Plus de 40 millions de patients environ,Cette option est incorrecte car elle sur-estime la prévalence de l'IVC en France en 2011.,c
384,OIC-227-08-A,Quel signe clinique est le stade ultime de l'insuffisance veineuse chronique ?,La question évalue la compréhension des caractéristiques d'un ulcère veineux.,Le siège péri malléolaire,Correct. L'ulcère veineux se situe généralement à proximité des malléoles.,Le siège médian,"Incorrect. L'ulcère veineux se situe généralement à proximité des malléoles, pas au centre.",Le siège plantaire,"Incorrect. L'ulcère veineux se situe généralement à proximité des malléoles, pas au pied.",Le siège cervical,"Incorrect. L'ulcère veineux se situe généralement à proximité des malléoles, pas à la tête.",a
385,OIC-229-04-A,Quel type de complication peut-on observer lors du suivi d'une voie veineuse périphérique ou centrale ?,Évaluer la fréquence et les types de complications observées lors du suivi d'une voie veineuse périphérique ou centrale,Infections,"Infections peuvent se manifester sous forme de syndrome inflammatoire, élévation de la CRP, suppuration au point de ponction, élévation de la température, décharge bactérienne, dermo-hypodermite, fixation septique secondaire, bactériémie, septicémie",Thromboses,Les thromboses associées aux cathéters sont de deux types : manchon fibreux autour du cathéter et thrombose murale,Mécaniques,"Les complications mécaniques peuvent se manifester sous forme de malpositions de cathéter central, dysfonctions de cathéter, ruptures de matériel avec migration de segment de cathéter, perforations pariétales vasculaires",Hémorragiques,"Les complications hémorragiques peuvent se manifester sous forme d'hématome, parfois compressif, et d'extravasation en cas de positionnement inadéquat de l'aiguille, source de nécrose tissulaire par diffusion de produit irritant",a
386,OIC-229-07-B,Quel traitement initier pour une thrombose veineuse centrale fonctionnelle?,Cette question évalue la compréhension de la gestion d'une thrombose veineuse centrale fonctionnelle. Elle teste la connaissance de la décision de laisser le cathéter en place et de l'anticoagulation curative adaptée.,Retirer le cathéter et prescrire une anticoagulation curative,Cette option est incorrecte car le cathéter peut être laissé en place s'il est fonctionnel.,Retirer le cathéter et ne pas prescrire d'anticoagulation,Cette option est incorrecte car il est nécessaire d'administrer une anticoagulation curative adaptée au contexte.,Ne pas retirer le cathéter et ne pas prescrire d'anticoagulation,Cette option est incorrecte car il est nécessaire de retirer le cathéter si la thrombose veineuse centrale est fonctionnelle.,Laisser le cathéter en place et prescrire une anticoagulation curative adaptée,Cette option est correcte car le cathéter peut être laissé en place s'il est fonctionnel et une anticoagulation curative adaptée doit être prescrite.,d
387,OIC-230-01-A,"Quel est le définition d'une douleur thoracique aiguë chez un patient de 45 ans qui a subitement ressenti une douleur intense dans la région de la cage thoracique, sans facteur déclenchant ou soulageant, et qui dure depuis 30 minutes?",Évaluer la compréhension de la définition d'une douleur thoracique aiguë.,Douleur (ou gêne) dans la région de la cage thoracique entre le cou et l’ombilic survenant de manière brutale.,"Correcte. La douleur est intense, brusque et située dans la région thoracique.","Douleur (ou gêne) dans la région de la cage thoracique entre le cou et le bas du ventre, survenant progressivement et irradiant vers le dos.",Incorrecte. La douleur est brusque et non progressive.,Douleur (ou gêne) dans la région de la cage thoracique entre le cou et l’ombilic survenant de manière progressive et irradiant vers le dos.,Incorrecte. La douleur est brusque et non progressive.,Douleur (ou gêne) dans la région de la cage thoracique entre le cou et l’ombilic survenant de manière brusque et irradiant vers le dos.,Incorrecte. La douleur ne doit pas irradier vers le dos.,a
388,OIC-230-06-A,Quel examen doit être réalisé en priorité devant une douleur thoracique aiguë avec des anomalies à l'auscultation cardio-pulmonaire ?,Cette question évalue la compréhension de la démarche diagnostique des urgences cardio-vasculaires devant une douleur thoracique aiguë. L'examen à choisir doit être réalisé en priorité et doit être un examen qui permet de détecter les anomalies cardiaques.,Tonométrie oculaire,La tonométrie oculaire est un examen ophtalmologique qui mesure la pression intraoculaire. Il n'a pas de lien avec les anomalies cardiaques.,Examen neurologique,L'examen neurologique est un examen qui permet de détecter les anomalies neurologiques. Il n'a pas de lien avec les anomalies cardiaques.,Examen cardio-vasculaire,L'examen cardio-vasculaire est un examen qui permet de détecter les anomalies cardiaques. Il est donc le choix le plus approprié.,Examen dermatologique,L'examen dermatologique est un examen qui permet de détecter les anomalies cutanées. Il n'a pas de lien avec les anomalies cardiaques.,c
389,OIC-230-10-B,Quel traitement initier pour un patient de 55 ans présentant un syndrome coronarien aigu (SCA) avec un délai de 120 minutes entre l'ECG et l'installation en salle de coronarographie ?,Cette question évalue la compréhension de la prise en charge du SCA en fonction du délai entre l'ECG et l'installation en salle de coronarographie.,Fibrinolyse,"Fibrinolyse est privilégiée si le délai est > 120 minutes, sauf contre-indication ou symptômes > 12 heures.",Angioplastie primaire,Angioplastie primaire est recommandée si le délai est ≤ 120 minutes.,Traitement médical seul,Traitement médical seul n'est pas recommandé en cas de SCA.,Pontages coronaires,"Pontages coronaires sont parfois utilisés dans le traitement du SCA, mais ne sont pas la première option.",b
390,OIC-230-12-B,Un patient présente un angor d'effort. Quelle est la principale cause d'angor fonctionnel à évoquer ?,Évaluer la compréhension des principales causes d'angor fonctionnel devant un angor d'effort.,rétrécissement aortique serré,Correcte. Le rétrécissement aortique serré est une cause d'angor fonctionnel.,cardiomyopathie hypertrophique,Correcte. La cardiomyopathie hypertrophique est une cause d'angor fonctionnel.,tachycardies (fibrillation atriale),Correcte. Les tachycardies (fibrillation atriale) sont des causes d'angor fonctionnel.,anémie,Correcte. L'anémie est une cause d'angor fonctionnel.,a
391,OIC-233-05-B,Quel examen est le plus utile pour détecter une insuffisance aortique asymptomatique ?,Cette question évalue la compréhension de l'intérêt des examens complémentaires dans les valvulopathies.,Electrocardiogramme (ECG),"L'ECG est rarement normal dans les valvulopathies chroniques sévères, mais son intérêt est limité pour le diagnostic précoce.",Radiographie de thorax,"La radiographie de thorax peut montrer une surcharge pulmonaire ou une cardiomégalie, mais son intérêt est limité pour le diagnostic précoce.",Epreuve d'effort,L'épreuve d'effort est contre-indiquée dans les valvulopathies symptomatiques et son intérêt est limité pour le diagnostic précoce.,Échographie,"L'échographie est le plus utile pour détecter une insuffisance aortique asymptomatique, car elle permet de mesurer les gradients et les pressions pulmonaires.",d
392,OIC-233-06-A,Quel examen est l'examen clef dans l'évaluation des valvulopathies ?,"Évaluation de la valeur primordiale de l'échocardiographie dans l'IM, l'IA, le RA et le RM",Électrocardiogramme,Incorrect. L'ECG est un examen complémentaire dans les valvulopathies.,Radiographie thoracique,Incorrect. La radiographie thoracique est un examen complémentaire dans les valvulopathies.,Échographie cardiaque trans-oesophagienne,Incorrect. L'ETO est surtout indiquée dans l'évaluation des valvulopathies mitrailles et en cas de suspicion d'endocardite.,Échographie cardiaque transthoracique,Correct. L'ETT est l'examen clef dans l'évaluation des valvulopathies.,d
393,OIC-233-10-B,"Un patient de 65 ans, asymptomatique, présente un rétrécissement mitral modéré avec un gradient moyen à l'effort de 12 mmHg. Quelle indication de traitement chirurgical est la plus appropriée ?",Cette question évalue la compréhension des indications de traitement chirurgical des valvulopathies.,Une intervention chirurgicale est nécessaire car le gradient moyen à l'effort est supérieur à 15 mmHg.,Incorrecte car le gradient moyen à l'effort est inférieur à 15 mmHg.,Une intervention chirurgicale est nécessaire car le patient est symptomatique.,Incorrecte car le patient est asymptomatique.,Une intervention chirurgicale est nécessaire car le rétrécissement mitral est sévère.,Incorrecte car le rétrécissement mitral est modéré.,Une intervention chirurgicale n'est pas nécessaire car le gradient moyen à l'effort est inférieur à 15 mmHg.,Correcte car le gradient moyen à l'effort est inférieur à 15 mmHg et le patient est asymptomatique.,d
394,OIC-234-02-A,Quel type d'insuffisance cardiaque est le plus fréquemment traité en thérapeutique ?,Cette question évalue la compréhension de la définition de l'insuffisance cardiaque et de ses différents types.,Insuffisance cardiaque à fraction d’éjection préservée,Cette option est incorrecte car elle correspond à l'insuffisance cardiaque diastolique qui est le moins fréquemment traitée.,Insuffisance cardiaque systolique ou à fraction d’éjection légèrement réduite,Cette option est correcte car elle correspond à l'insuffisance cardiaque systolique qui est généralement traitée.,Insuffisance cardiaque à fraction d’éjection réduite,Cette option est correcte car elle correspond à l'insuffisance cardiaque à fraction d’éjection réduite qui est le plus fréquemment traitée.,Insuffisance cardiaque à fraction d’éjection conservée,Cette option est incorrecte car elle correspond à l'insuffisance cardiaque à fraction d’éjection préservée qui est le moins fréquemment traitée.,c
395,OIC-234-03-A,Quel est le diagnostic de l'état de détresse respiratoire aiguë de survenue brutale en rapport avec une élévation des pressions de remplissages ventriculaires gauches?,Question évaluant la compréhension de la définition d'un œdème aigu pulmonaire cardiogénique.,Insuffisance cardiaque gauche,Correcte. L'IC entraine une augmentation brutale des pressions de remplissage ventriculaire gauche.,Insuffisance cardiaque droite,Incorrecte. L'IC ne se traduit pas par une augmentation des pressions de remplissage ventriculaire droite.,Pneumonie,Incorrecte. La pneumonie n'est pas associée à une élévation des pressions de remplissages ventriculaires gauches.,Hémoptysie,Incorrecte. L'hémoptysie n'est pas un signe de l'œdème aigu pulmonaire cardiogénique.,a
396,OIC-234-05-B,Quel remodelage est associé à une insuffisance cardiaque droite?,La question évalue la compréhension de la physiopathologie de l'insuffisance cardiaque droite.,Hypertrophie et dilatation,Correcte. La dilatation et la hypertrophie du ventricule droit sont des conséquences du remodelage associé à l'insuffisance cardiaque droite.,Dilatation et dysfonction,Correcte. La dilatation et la dysfonction du ventricule droit sont des conséquences du remodelage associé à l'insuffisance cardiaque droite.,Hypertrophie et dysfonction,Incorrecte. La hypertrophie et la dysfonction du ventricule droit sont des conséquences du remodelage associé à l'insuffisance cardiaque droite.,Dilatation et hypertrophie,Incorrecte. La dilatation et la hypertrophie du ventricule droit sont des conséquences du remodelage associé à l'insuffisance cardiaque droite.,a
397,OIC-234-08-B,Quel type d'insuffisance cardiaque est ciblé par la majorité des traitements réduisant la mortalité ?,Cette question évalue la compréhension de la différence entre l'IC à FEVG diminuée et l'IC à FEVG conservée.,IC à FEVG modérément altérée,Cette option est incorrecte car l'IC à FEVG modérément altérée n'est pas ciblé par les traitements réduisant la mortalité.,IC à FEVG conservée,Cette option est incorrecte car la majorité des traitements réduisant la mortalité ciblent l'IC à FEVG diminuée.,IC à FEVG diminuée,Cette option est correcte car l'IC à FEVG diminuée est ciblée par les traitements réduisant la mortalité.,IC à FEVG augmentée,Cette option est incorrecte car l'IC à FEVG augmentée n'est pas ciblé par les traitements réduisant la mortalité.,c
398,OIC-234-13-B,Quel examen complémentaire est le plus utile pour définir le type d'insuffisance cardiaque et préciser le mécanisme de l'insuffisance cardiaque ?,La question évalue la compréhension de l'utilité de l'échocardiographie transthoracique dans le diagnostic positif et étiologique de l'insuffisance cardiaque.,Électrocardiogramme,"L'électrocardiogramme est un examen complémentaire utilisé pour diagnostiquer l'insuffisance cardiaque, mais il ne permet pas de définir le type d'insuffisance cardiaque ni de préciser le mécanisme de l'insuffisance cardiaque.",Toux,Le toux n'est pas un examen complémentaire utilisé pour diagnostiquer l'insuffisance cardiaque.,Échographie abdominale,"L'échographie abdominale peut être utile pour évaluer certaines causes de l'insuffisance cardiaque, mais elle ne permet pas de définir le type d'insuffisance cardiaque ni de préciser le mécanisme de l'insuffisance cardiaque.",Échocardiographie transthoracique,L'échocardiographie transthoracique est l'examen complémentaire le plus utile pour définir le type d'insuffisance cardiaque et préciser le mécanisme de l'insuffisance cardiaque.,d
399,OIC-234-16-A,Quel trouble du rythme supra ventriculaire peut être à l'origine d'insuffisance cardiaque ou facteurs déclenchants?,La question évalue la compréhension de la relation entre les troubles du rythme supra ventriculaire et l'insuffisance cardiaque.,Fibrillation atriale,La fibrillation atriale est un trouble du rythme supra ventriculaire qui peut être à l'origine d'insuffisance cardiaque.,Troubles du rythme ventriculaire,"Les troubles du rythme ventriculaire peuvent être à l'origine d'insuffisance cardiaque, mais la fibrillation atriale est plus fréquemment associée à cette complication.",Troubles du rythme infra ventriculaire,Les troubles du rythme infra ventriculaire ne sont pas à l'origine d'insuffisance cardiaque.,Troubles du rythme atrio-ventriculaire,"Les troubles du rythme atrio-ventriculaire peuvent être à l'origine d'insuffisance cardiaque, mais la fibrillation atriale est plus fréquemment associée à cette complication.",a
400,OIC-234-17-A,"Quel diagnostic est le plus probable chez un homme de 65 ans présentant une dyspnée, une tachycardie et des râles crépitants bilatéraux lors d'une crise d'asthme?",Cette question évalue la compréhension de la sémiologie d'une crise d'asthme et de la distinction entre une crise d'asthme et un OAP cardiogénique.,Asthme,"Cette option est incorrecte car elle ne correspond pas aux signes cliniques présents (dyspnée, tachycardie, râles crépitants bilatéraux).",OAP cardiogénique,"Cette option est correcte car elle correspond aux signes cliniques présents (dyspnée, tachycardie, râles crépitants bilatéraux).",Pneumonie,"Cette option est incorrecte car elle ne correspond pas aux signes cliniques présents (dyspnée, tachycardie, râles crépitants bilatéraux).",Insuffisance cardiaque,"Cette option est incorrecte car elle ne correspond pas aux signes cliniques présents (dyspnée, tachycardie, râles crépitants bilatéraux).",b
401,OIC-235-07-A,Quel signe clinique est visible sur l'ECG d'une péricardite aiguë typique ?,La question évalue la compréhension de l'ECG d'une péricardite aiguë typique.,"Sus décalage de ST, diffus, non systématisé, concave vers le haut, avec miroir et sous décalage PQ",Cette option est incorrecte car elle ajoute des éléments qui ne sont pas présents sur l'ECG typique d'une péricardite aiguë.,"Sus décalage de ST, diffus, non systématisé, concave vers le haut, sans miroir et sous décalage PQ",Cette option est correcte car elle décrit le signe clinique visible sur l'ECG d'une péricardite aiguë typique.,"Sus décalage de ST, diffus, systématisé, concave vers le haut, avec miroir et sous décalage PQ",Cette option est incorrecte car elle ajoute des éléments qui ne sont pas présents sur l'ECG typique d'une péricardite aiguë.,"Sus décalage de ST, diffus, systématisé, concave vers le haut, sans miroir et sans décalage PQ",Cette option est incorrecte car elle ajoute des éléments qui ne sont pas présents sur l'ECG typique d'une péricardite aiguë.,b
402,OIC-235-08-A,"Un patient de 65 ans présente une fièvre élevée, des douleurs thoraciques et une dyspnée. Il a déjà pris une dose d'aspirine sans effet. Il a également un épanchement péricardique abondant. Quel est le risque de complications nécessitant une hospitalisation ?",La question évalue la compréhension des signes cliniques de gravité d'une péricardite aiguë et de la nécessité d'un drainage d'épanchement.,Il n'y a pas de risque de complications nécessitant une hospitalisation.,"Fièvre < 38°, durée des symptômes court, épanchement péricardique modéré, traitement anti-inflammatoire bien conduit.",Il y a un risque élevé de complications nécessitant une hospitalisation.,"Fièvre > 38°, durée des symptômes longue, épanchement péricardique abondant, résistance au traitement anti-inflammatoire.",Il y a un risque faible de complications nécessitant une hospitalisation.,"Fièvre normale, durée des symptômes court, épanchement péricardique modéré, traitement anti-inflammatoire bien conduit.","Il n'y a pas de risque de complications nécessitant une hospitalisation, mais un drainage d'épanchement est recommandé.","Fièvre normale, durée des symptômes court, épanchement péricardique modéré, traitement anti-inflammatoire bien conduit, mais pas de facteurs prédictifs de tamponnade.",b
403,OIC-235-09-A,Quel virus est impliqué dans la plupart des cas de péricardite aiguë bénigne ?,Question évaluant la compréhension de l'étiologie de la péricardite aiguë bénigne.,Cytomégalovirus,Cytomégalovirus n'est pas impliqué dans la plupart des cas de péricardite aiguë bénigne.,Echovirus,"Echovirus est impliqué dans certains cas de péricardite aiguë bénigne, mais pas dans la plupart.",Entérovirus (coxsackies A et B),Entérovirus (coxsackies A et B) sont impliqués dans la plupart des cas de péricardite aiguë bénigne.,Influenza,Influenza n'est pas impliqué dans la plupart des cas de péricardite aiguë bénigne.,c
404,OIC-235-15-A,"Quel diagnostic doit-on évoquer devant la présence de signes droits, un tableau clinique de choc obstructif et un ECG montrant une microvoltage?",La question évalue la compréhension de la définition d'une tamponnade et de ses signes cliniques.,Péricardite aiguë,"Incorrecte, la péricardite aiguë n'est pas associée à une tamponnade.",Insuffisance cardiaque droite aiguë,"Incorrecte, l'insuffisance cardiaque droite aiguë peut être associée à une tamponnade mais elle n'est pas le diagnostic.",Tamponnade,"Correcte, la tamponnade est le diagnostic évoqué devant la présence de signes droits et un tableau clinique de choc obstructif.",Choc cardiogénique,"Incorrecte, le choc cardiogénique peut être associé à une tamponnade mais il n'est pas le diagnostic.",c
405,OIC-237-02-A,Un patient de 65 ans présente des palpitations et une tachycardie régulière à QRS larges. Quel diagnostic évoquer en urgence ?,"La question évalue la compréhension de la gravité des palpitations et des tachycardies régulières à QRS larges, ainsi que la capacité à identifier les diagnostics ECG urgents.",Tachycardie ventriculaire,La tachycardie ventriculaire est une tachycardie régulière à QRS larges qui peut être évocatrice d'une urgence absolue.,Tachycardie sinusale,"La tachycardie sinusale est une tachycardie régulière à QRS fins, qui n'est pas évocatrice d'une urgence absolue.",Tachycardie jonctionnelle,"La tachycardie jonctionnelle est une tachycardie régulière à QRS intermédiaires, qui n'est pas évocatrice d'une urgence absolue.",Névrose cardiaque,"La névrose cardiaque est une pathologie psychologique qui peut être associée à des palpitations, mais n'est pas évocatrice d'une urgence absolue.",a
406,OIC-237-03-A,Quel type d'ECG est le seul moyen d'obtenir un diagnostic de certitude en cas de palpitations ?,La question évalue la compréhension de la notion de parallélisme électro-clinique en cas de palpitations.,ECG inter critique,"Cet ECG est réalisé en dehors des palpitations et peut orienter sur le mécanisme des palpitations, mais ne permet pas d'obtenir un diagnostic de certitude.",ECG percritique,"Cet ECG est concomitant aux palpitations et permet d'établir une corrélation électroclinique, ce qui est le seul moyen d'obtenir un diagnostic de certitude.",Holter ECG,"Cet ECG est réalisé en cas de palpitations fréquentes et dure de 24 à 96 heures. Il peut être utile pour confirmer un diagnostic, mais ne permet pas de le faire de façon certaine.",ECG ambulatoire de longue durée,"Cet ECG est réalisé en cas de symptômes plus rares et dure de 7 à 21 jours. Il peut être utile pour confirmer un diagnostic, mais ne permet pas de le faire de façon certaine.",b
407,OIC-237-04-B,Un patient de 50 ans présente des palpitations fréquentes (>1/semaine). Quel examen complémentaire de la prise en charge initiale est le plus approprié pour ce patient?,La question évalue la compréhension de l'examen complémentaire approprié pour les palpitations fréquentes.,Enregistrement ambulatoire de l'ECG de longue durée (7 à 21 jours),C'est le bon examen complémentaire pour les palpitations fréquentes.,Échocardiographie,"Cet examen est utilisé pour rechercher une cardiopathie sous-jacente, mais il n'est pas le plus approprié pour les palpitations fréquentes.",Biologie de première intention,"Cet examen est utilisé pour les données biologiques de première intention, mais il n'est pas le plus approprié pour les palpitations fréquentes.",Épreuve d’effort,"Cet examen est utilisé si la survenue des palpitations est à l’effort ou si il y a suspicion d’ischémie myocardique, mais il n'est pas le plus approprié pour les palpitations fréquentes.",a
408,OIC-237-06-A,Quel est le contexte le plus fréquent de tachycardie sinusale adaptative ?,La question évalue la compréhension des contextes de tachycardie sinusale adaptative.,Insuffisance cardiaque,"Cette option est incorrecte car la tachycardie sinusale adaptative est le plus souvent associée à des contexte physiologique, cardiaque ou extracardiaque, et non à l'insuffisance cardiaque.",Effort,"Cette option est correcte car la tachycardie sinusale adaptative est le plus souvent associée à des contexte physiologique, et l'effort est un exemple de contexte physiologique.",Hyperthermie/fièvre,"Cette option est correcte car la tachycardie sinusale adaptative est le plus souvent associée à des contexte extracardiaque, et l'hyperthermie/fièvre est un exemple de contexte extracardiaque.",Grossesse,"Cette option est incorrecte car la tachycardie sinusale adaptative est le plus souvent associée à des contexte physiologique, cardiaque ou extracardiaque, et la grossesse n'est pas un exemple de contexte physiologique, cardiaque ou extracardiaque.",b
409,OIC-237-08-B,Un patient présente un ECG intercritique révélant un intervalle PR court et une onde delta. Quel diagnostic est le plus probable ?,La question évalue la compréhension de la pré-excitation ventriculaire et du diagnostic Wolff-Parkinson-White.,Tachycardie sinusale,Tachycardie sinusale ne présente pas de pré-excitation ventriculaire.,Tachycardie jonctionnelle,"Tachycardie jonctionnelle est associée à une pré-excitation ventriculaire, mais le diagnostic doit être confirmé par d'autres signes.",Névrose cardiaque,Névrose cardiaque n'est pas associée à une pré-excitation ventriculaire.,Wolff Parkinson White,Wolff Parkinson White est associé à une pré-excitation ventriculaire et à un intervalle PR court et une onde delta.,d
410,OIC-237-09-B,Un patient de 45 ans présente des palpitations sans autre signe clinique. L'ECG est normal. Le patient est dépressif et anxiété. Quel diagnostic évoquer?,Évaluer la compréhension de la névrose cardiaque en tant que diagnostic d'élimination,Tachycardie ventriculaire,"Tachycardie ventriculaire est une tachycardie de type ventriculaire, qui est une urgence cardiaque. Elle ne peut pas être évoquée ici.",Névrose cardiaque,"Le patient présente des signes de dépression et d'anxiété, ce qui est compatible avec un diagnostic de névrose cardiaque.",Extrasystole,"Les extrasystoles sont des contractions électriques anormales du cœur, qui peuvent être observées sur un ECG. Cependant, l'ECG est normal ici, ce qui rend cette hypothèse peu probable.",Tachycardie supraventriculaire,"La tachycardie supraventriculaire est une tachycardie de type supraventriculaire, qui peut être observée sur un ECG. Cependant, l'ECG est normal ici, ce qui rend cette hypothèse peu probable.",b
411,OIC-239-01-A,"Un patient de 45 ans, sexe féminin, présente des engelures aux orteils. Quel acrosyndrome vasculaire est le plus probable ?",La question évalue la compréhension des différents acrosyndromes vasculaires et la capacité à les différencier.,Phénomène de Raynaud,"Incorrecte car le patient présente des engelures aux orteils, ce qui est un signe d'acrosyndrome trophique, et non de phénomène de Raynaud.",Erythermalgie,"Incorrecte car l'erythermalgie est déclenchée par la chaleur, l'exercice ou l'orthostatisme, et non par l'exposition au froid.",Acrocyanose,"Incorrecte car l'acrocyanose est un acrosyndrome vasculaire permanent avec aspect froid et cyanique prononcé des extrémités, et non un acrosyndrome trophique.",Engelures,"Correcte car les engelures sont un acrosyndrome trophique, siégeant aux orteils, plus rarement aux doigts.",d
412,OIC-239-02-A,"Quel acrosyndrome est caractérisé par des crises de douleurs des extrémités à type de cuisson, de sensation de brûlure, avec rougeur et augmentation de la température cutanée, déclenchées par la chaleur, l’exercice ou l’orthostatisme, et soulagées par le froid, le repos ou l’élévation du membre ?",Cette question évalue la compréhension des caractéristiques cliniques de l'érythralgie.,Phénomène de Raynaud,"Incorrecte car l'érythralgie est caractérisée par des crises de douleurs, de rougeur et d'augmentation de la température cutanée, déclenchées par la chaleur, et soulagées par le froid, le repos ou l'élévation du membre, ce qui n'est pas le cas du phénomène de Raynaud.",Acrocyanose,"Incorrecte car l'acrocyanose est indolore et s'accompagne souvent d'une hyperhidrose, ce qui n'est pas le cas de l'érythralgie.",Engelures,"Incorrecte car les engelures sont caractérisées par des papules œdémateuses, prurigineuses et érythrocyanotiques, qui surviennent au froid humide, ce qui n'est pas le cas de l'érythralgie.",Érythralgie,"Correcte car l'érythralgie est caractérisée par des crises de douleurs des extrémités à type de cuisson, de sensation de brûlure, avec rougeur et augmentation de la température cutanée, déclenchées par la chaleur, l’exercice ou l’orthostatisme, et soulagées par le froid, le repos ou l’élévation du membre.",d
413,OIC-239-05-B,Quel test est utilisé pour évaluer la vascularisation digitale ?,La question évalue la compréhension de la manœuvre d'Allen et de son utilité pour évaluer la vascularisation digitale.,Manœuvre de Tinel,La manœuvre de Tinel est utilisée pour évaluer la vascularisation périphérique et non digitale.,Manœuvre de Buerger,La manœuvre de Buerger est utilisée pour évaluer la vascularisation digitale mais ne repose pas sur l'hyperémie réactionnelle post-occlusive.,Manœuvre de Doppler,La manœuvre de Doppler est utilisée pour évaluer la vascularisation digitale mais ne repose pas sur l'hyperémie réactionnelle post-occlusive.,Manœuvre d'Allen,La manœuvre d'Allen repose sur l'hyperémie réactionnelle post-occlusive pour évaluer la vascularisation digitale.,d
414,OIC-239-06-A,Quel type de photographie montre un cas de phénomène de Raynaud (phase syncopale)?,La question évalue la compréhension de la photographie de phénomène de Raynaud (phase syncopale).,Photographie d'engelure,"Cette photographie montre une engelure, pas un phénomène de Raynaud.",Photographie de sclérodermie systémique,"Cette photographie montre une sclérodermie systémique, pas un phénomène de Raynaud.",Photographie de manœuvre d'Allen,"Cette photographie montre une manœuvre d'Allen, pas un phénomène de Raynaud.",Photographie de phénomène de Raynaud (phase syncopale),"Cette photographie montre un cas de phénomène de Raynaud (phase syncopale), donc c'est la bonne réponse.",d
415,OIC-242-01-A,"Un patient de 65 ans, de sexe masculin, présente une tachycardie, une hyperthermie, une perte de poids et une agitation. Quel diagnostic évoquer?",La question évalue la compréhension des signes cliniques d'une hyperthyroïdie.,Maladie de Basedow,"La maladie de Basedow est une forme d'hyperthyroïdie caractérisée par des signes cliniques tels que la tachycardie, l'hyperthermie, la perte de poids et l'agitation.",Hyperthyroïdie iatrogène,L'hyperthyroïdie iatrogène est une hyperthyroïdie induite par un traitement médicamenteux. Les signes cliniques peuvent être similaires à ceux de l'hyperthyroïdie spontanée.,Nodule hypersecrétant,"Un nodule hypersecrétant est un nodule thyroïdien qui produit excessivement des hormones thyroïdiennes. Les signes cliniques peuvent être similaires à ceux de l'hyperthyroïdie spontanée, mais ils peuvent également être plus discrets.",Thyroïdite sub-aiguë de De Quervain,"La thyroïdite sub-aiguë de De Quervain est une inflammation de la glande thyroïde qui peut entraîner un relargage d'hormones thyroïdiennes. Les signes cliniques peuvent être similaires à ceux de l'hyperthyroïdie spontanée, mais ils peuvent également être plus discrets.",a
416,OIC-242-05-B,Quelle complication peut survenir lors de l'ophtalmopathie dysthyroïdienne ?,La question évalue la compréhension des complications possibles de l'ophtalmopathie dysthyroïdienne. Il est important de ne pas confondre les complications avec les signes cliniques ou les étiologies de l'hyperthyroïdie.,Inoculation palpébrale,"Incorrect. L'inoculation palpébrale est un signe clinique de l'ophtalmopathie dysthyroïdienne, pas une complication.",Neuropathie optique compressive,Correct. La neuropathie optique compressive est une complication possible de l'ophtalmopathie dysthyroïdienne.,Diplopie,Correct. La diplopie est une complication possible de l'ophtalmopathie dysthyroïdienne.,Cécité,"Correct. La cécité est une complication possible de l'ophtalmopathie dysthyroïdienne, associée à une neuropathie optique compressive.",b
417,OIC-242-10-A,Quel examen doit être réalisé en 2ème intention pour confirmer le diagnostic de maladie de Basedow si la concentration des anticorps anti-récepteurs de la TSH n’est pas élevée ou si le dosage plasmatique des anticorps n’est pas possible?,Cette question évalue la compréhension de la stratégie diagnostique de maladie de Basedow en cas de résultats négatifs ou impossibles pour les anticorps anti-récepteurs de la TSH.,Échographie-doppler thyroïdienne,Cette option est incorrecte car elle est proposée en 1ère intention.,Scintigraphie thyroïdienne,Cette option est correcte car elle est proposée en 2ème intention.,Analyse du bilan thyroïdien SD-194,Cette option est incorrecte car elle n’est pas pertinente pour le diagnostic de maladie de Basedow.,Demande d’un examen d’imagerie SD-231,Cette option est incorrecte car elle n’est pas pertinente pour le diagnostic de maladie de Basedow.,b
418,OIC-242-11-A,"Quel diagnostic est le plus approprié pour un patient âgé présentant un syndrome de thyrotoxicose, une hyperthyroidie biologique périphérique, un nodule ou plusieurs nodules à l'échographie thyroïdienne, et une plage unique hyperfixante avec extinction du parenchyme thyroidien sain à la scintigraphie thyroïdienne ?",Cette question évalue la compréhension des critères diagnostiques d'un nodule hypersécrétant.,Maladie de Basedow,Cette option est incorrecte car elle ne correspond pas aux critères diagnostiques d'un nodule hypersécrétant.,Hyperthyroïdie iatrogène,Cette option est incorrecte car elle ne correspond pas aux critères diagnostiques d'un nodule hypersécrétant.,Nodule hypersecrétant,Cette option est correcte car elle correspond aux critères diagnostiques d'un nodule hypersecrétant.,Hyperthyroïdie multinodulaire toxique,Cette option est incorrecte car elle ne correspond pas aux critères diagnostiques d'un nodule hypersécrétant.,c
419,OIC-242-12-B,Un patient est traité par amiodarone pour une cardiopathie. Quel type de hyperthyroïdie est le plus probable ?,La question évalue la compréhension de la différence entre les deux types de hyperthyroïdie iatrogène induite par l'amiodarone.,Hyperthyroidie de type I,Cette forme est due à une excès de synthèse de hormones thyroïdiennes dans un thyroïde pré-existant.,Hyperthyroidie de type II,Cette forme est due à une thyroïdite avec relargage des hormones préformées.,Hyperthyroidie fonctionnelle,Cette réponse est incorrecte car elle est une confusion entre les deux types de hyperthyroidie iatrogène.,Hyperthyroidie lésionnelle,Cette réponse est incorrecte car elle est une confusion entre les deux types de hyperthyroidie iatrogène.,a
420,OIC-242-13-B,Quel traitement initier pour une femme enceinte présentant une hyperthyroïdie?,Évaluer la compréhension de la prise en charge thérapeutique d'une hyperthyroïdie chez une femme enceinte.,Thyroïdectomie totale,"Incorrecte car elle peut entraîner une hypothyroïdie et nécessiter une substitution définitive, ce qui est contra-indiqué pendant la grossesse.",Antithyroidiens de synthèse à haute dose,Incorrecte car elle peut entraîner une tératogénicité et nécessiter une surveillance étroite pendant la grossesse.,Bétabloquants en particulier cardiosélectifs,Incorrecte car ils peuvent entraîner des effets secondaires cardiaques et être contre-indiqués pendant la grossesse.,Antithyroidiens de synthèse à faible dose,Correcte car elle peut limiter la tératogénicité et être utilisée pendant la grossesse.,d
421,OIC-245-01-A,Quel type d'insuffisance surrénale est associé à un déficit en aldostérone et androgènes surrénaliens ?,La question évalue la compréhension de la définition de l'insuffisance surrénale primaire.,Insuffisance corticotrope ou surrénale centrale,"Cette option est incorrecte car elle décrit l'insuffisance surrénale centrale, qui n'est pas associée à un déficit en aldostérone et androgènes surrénaliens.",Insuffisance surrénale primaire ou périphérique,Cette option est correcte car l'insuffisance surrénale primaire est associée à un déficit en aldostérone et androgènes surrénaliens.,Insuffisance surrénale lente,"Cette option est incorrecte car elle décrit l'insuffisance surrénale lente, qui n'est pas associée à un déficit en aldostérone et androgènes surrénaliens.",Insuffisance surrénale aigue,"Cette option est incorrecte car elle décrit l'insuffisance surrénale aigue, qui n'est pas associée à un déficit en aldostérone et androgènes surrénaliens.",b
422,OIC-245-02-A,Quel type d'insuffisance surrénale est associé à des signes moins marqués d'hypotension et de signes digestifs moins marqués ?,Question évaluant la compréhension des caractéristiques sémiologiques des deux types d'insuffisance surrénale lente.,Insuffisance surrénale primaire,Incorrecte car l'insuffisance surrénale primaire est associée à des signes plus marqués d'hypotension et de signes digestifs.,Insuffisance surrénale secondaire,Correcte car l'insuffisance surrénale secondaire est associée à des signes moins marqués d'hypotension et de signes digestifs.,Insuffisance surrénale périphérique,Incorrecte car l'insuffisance surrénale périphérique est une forme d'insuffisance surrénale primaire.,Insuffisance surrénale centrale,Incorrecte car l'insuffisance surrénale centrale est une forme d'insuffisance surrénale secondaire.,b
423,OIC-245-05-A,Quel test doit être réalisé si la cortisolémie à 8h est comprise entre 50 et 180 ng/ml ?,Cette question évalue la compréhension de la méthode de diagnostic d'une insuffisance surrénale.,"Aucun test nécessaire, la cortisolémie est normale",Cette réponse est incorrecte car la cortisolémie comprise entre 50 et 180 ng/ml indique une insuffisance surrénale.,Un test au cortisol 60 minutes après l'injection de synACTHène est nécessaire,"Cette réponse est correcte car si la cortisolémie à 8h est comprise entre 50 et 180 ng/ml, un test au cortisol 60 minutes après l'injection de synACTHène doit être réalisé pour confirmer ou éliminer l'insuffisance surrénale.",Un test au cortisol 12 heures après l'injection de synACTHène est nécessaire,"Cette réponse est incorrecte car si la cortisolémie à 8h est comprise entre 50 et 180 ng/ml, un test au cortisol 60 minutes après l'injection de synACTHène doit être réalisé pour confirmer ou éliminer l'insuffisance surrénale.",Un test au cortisol 30 minutes après l'injection de synACTHène est nécessaire,"Cette réponse est incorrecte car si la cortisolémie à 8h est comprise entre 50 et 180 ng/ml, un test au cortisol 60 minutes après l'injection de synACTHène doit être réalisé pour confirmer ou éliminer l'insuffisance surrénale.",b
424,OIC-245-06-B,Quel examen complémentaire permet de faire le diagnostic étiologique de l'insuffisance surrénale primaire ou corticotrope ?,Cette question évalue la compréhension de l'utilisation de l'ACTH pour le diagnostic étiologique de l'insuffisance surrénale.,TSH,"Incorrect. TSH est utilisé pour le diagnostic de l'hypothyroïdie, pas de l'insuffisance surrénale.",FSH,"Incorrect. FSH est utilisé pour le diagnostic de l'insuffisance ovarienne, pas de l'insuffisance surrénale.",Cortisol,"Incorrect. Le cortisol est utilisé pour évaluer la fonction surrénale, mais pas pour le diagnostic étiologique de l'insuffisance surrénale.",ACTH à 8h,Correct. L'ACTH à 8h est utilisé pour évaluer la fonction surrénale et pour le diagnostic étiologique de l'insuffisance surrénale.,d
425,OIC-245-11-B,Quel glucocorticoïde a une demi-vie biologique de 36 à 54 heures ?,Question évaluant la connaissance des caractéristiques pharmacologiques des principaux glucocorticoïdes.,Hydrocortisone,Demi-vie biologique de 8 à 12 heures.,Prednisone,Demi-vie biologique de 18 à 36 heures.,Prednisolone,Demi-vie biologique de 18 à 36 heures.,Dexaméthasone,Demi-vie biologique de 36 à 54 heures.,d
426,OIC-245-14-B,Quel examen complémentaire est nécessaire avant d'adapter la dose de fludrocortisone dans le traitement d'une insuffisance surrénale chez l'adulte?,La question évalue la connaissance des examens complémentaires nécessaires avant l'utilisation d'un traitement hormonal de la ménopause (THM).,Renine élevée,"La rénine est élevée en cas de sous-dosage en fludrocortisone, mais elle ne permet pas de s'aider pour adapter la dose.",Ionogramme sanguin,"L'ionogramme sanguin peut être utilisé pour s'aider à adapter la dose de fludrocortisone, mais il n'est pas l'examen complémentaire nécessaire avant d'adapter la dose.",Cortisolémie,La cortisolémie ne peut pas être utilisée pour adapter la dose d'hydrocortisone ou de fludrocortisone.,ACTH,L'ACTH ne peut pas être utilisée pour adapter la dose d'hydrocortisone ou de fludrocortisone.,b
427,OIC-245-15-A,"Quel traitement doit être initié dès que l'insuffisance surrénale aiguë est évoquée, même sans certitude diagnostique ?",La question évalue la compréhension de la nécessité d'un traitement immédiat pour l'insuffisance surrénale aiguë.,Dosages hormonaux,Les dosages hormonaux ne doivent pas retarder le traitement.,Observation et surveillance,L'observation et la surveillance ne sont pas appropriées pour l'insuffisance surrénale aiguë.,Traitement hormonal,"Le traitement hormonal doit être initié dès que l'insuffisance surrénale aiguë est évoquée, même sans certitude diagnostique.",Traitement chirurgical,Le traitement chirurgical n'est pas approprié pour l'insuffisance surrénale aiguë.,c
428,OIC-247-02-A,"Un patient de 45 ans, obèse, est diagnostiqué de diabète sucré. Quel type de diabète est-il plus probablement atteint ?",Évaluer la compréhension de la classification des diabètes sucrés,Diabète de type 1,Le diabète de type 1 survient plutôt avant l'âge de 35 ans et est caractérisé par une hyperglycémie au diagnostic > 3 g/L et une cétose souvent présente. L'obésité est rare dans ce type de diabète.,Diabète de type 2,"Le diabète de type 2 survient plutôt après l'âge de 35 ans, est caractérisé par une obésité ou surcharge adipeuse abdominale et une hyperglycémie au diagnostic souvent < 2 g/L. La cétose est rare dans ce type de diabète.",Diabète gestationnel,Le diabète gestationnel survient pendant la grossesse et n'est pas lié à l'obésité.,Diabète de type 3,Le diabète de type 3 n'existe pas.,b
429,OIC-247-03-A,"Un patient de 7 ans présente une glycémie à jeun de 1,15 g/l. Quel diagnostic est le plus probable ?",Cette question évalue la compréhension des critères diagnostiques du diabète sucré chez l'enfant.,Diabète sucré de type 1,"Correcte. La glycémie à jeun de 1,15 g/l est supérieure à 1,10 g/l, le seuil de dépistage chez l'enfant.",Diabète sucré de type 2,"Incorrecte. La glycémie à jeun de 1,15 g/l est inférieure au seuil de dépistage chez l'enfant pour le diabète sucré de type 2.",Diabète prégestationnel,"Incorrecte. Le diabète prégestationnel est un état de glycémie élevée pendant la grossesse, pas chez un enfant de 7 ans.",Diabète gestationnel,"Incorrecte. Le diabète gestationnel est un état de glycémie élevée pendant la grossesse, pas chez un enfant de 7 ans.",a
430,OIC-247-04-A,Quel âge minimum doit un patient atteint de diabète de type 2 atteindre pour être dépisté ?,Cette question évalue la compréhension des modalités de dépistage du diabète de type 2.,40 ans,Cette option est incorrecte car le dépistage du diabète de type 2 doit être effectué à partir de 45 ans.,50 ans,Cette option est incorrecte car le dépistage du diabète de type 2 doit être effectué à partir de 45 ans.,60 ans,Cette option est incorrecte car le dépistage du diabète de type 2 doit être effectué à partir de 45 ans.,45 ans,Cette option est correcte car le dépistage du diabète de type 2 doit être effectué à partir de 45 ans.,d
431,OIC-247-05-B,"Un patient de 35 ans, diabétique depuis 10 ans, est enceint de 28 semaines. Il présente une hyperglycémie. Quel diagnostic est le plus probable ?",Cette question évalue la compréhension de la différence entre le diabète prégestationnel et le diabète gestationnel.,Diabète prégestationnel,"Le patient est enceint et présente une hyperglycémie, ce qui est compatible avec le diabète prégestationnel.",Diabète gestationnel,"Le diagnostic de diabète gestationnel est confirmé par une hyperglycémie provoquée orale entre la 24<sup>ème</sup> et la 28<sup>ème</sup> semaine de grossesse, ce qui n'est pas le cas ici.",Diabète de type 1,"Le diabète de type 1 est un diabète antérieur à la grossesse, ce qui est compatible avec le diabète prégestationnel.",Diabète de type 2,"Le diabète de type 2 est un diabète antérieur à la grossesse, ce qui est compatible avec le diabète prégestationnel.",a
432,OIC-247-08-B,Un patient de 35 ans est diagnostiqué de diabète de type 1. Quel anticorps est le plus souvent associé à cette pathologie ?,Cette question évalue la compréhension de la physiopathologie du diabète de type 1.,Anti-îlots,Cet anticorps est associé à la pathologie auto-immune mais n'est pas le plus souvent associé au diabète de type 1.,Anti-GAD,Cet anticorps est associé à la pathologie auto-immune et est le plus souvent associé au diabète de type 1.,Anti-IA2,Cet anticorps est associé à la pathologie auto-immune mais n'est pas le plus souvent associé au diabète de type 1.,Anti-ZnT8,Cet anticorps est associé à la pathologie auto-immune mais n'est pas le plus souvent associé au diabète de type 1.,b
433,OIC-247-10-B,Quel est le facteur de risque de survenue de plaies de pied chez les patients atteints de diabète et la gradation du pied diabétique?,La question évalue la compréhension des facteurs de risque de survenue de plaies de pied chez les patients atteints de diabète et la gradation du pied diabétique.,"AOMI, neuropathie avec troubles de la statique/déformations du pied, ATCD d’ulcération, précarité sociale",Cette option est correcte car elle liste les facteurs de risque de survenue de plaies de pied chez les patients atteints de diabète.,"Insulino-résistance, anomalies d'insulinosécrétion, neuropathie avec troubles de la statique/déformations du pied, ATCD d’ulcération, précarité sociale",Cette option est incorrecte car elle ajoute des mécanismes physiopathologiques du diabète qui ne sont pas des facteurs de risque de survenue de plaies de pied.,"Insulino-résistance, anomalies d'insulinosécrétion, neuropathie avec troubles de la statique/déformations du pied, ATCD d’ulcération, précarité sociale, facteur de risque de survenue de plaies de pied chez les patients atteints de diabète et la gradation du pied diabétique",Cette option est incorrecte car elle répète les facteurs de risque de survenue de plaies de pied et ajoute la gradation du pied diabétique qui n'est pas un facteur de risque.,"Insulino-résistance, anomalies d'insulinosécrétion, neuropathie avec troubles de la statique/déformations du pied, ATCD d’ulcération, précarité sociale, facteur de risque de survenue de plaies de pied chez les patients atteints de diabète et la gradation du pied diabétique, gradation du pied diabétique","Cette option est incorrecte car elle répète les facteurs de risque de survenue de plaies de pied, ajoute la gradation du pied diabétique et la répète à la fin.",a
434,OIC-247-12-B,Quel stade de néphropathie diabétique est-ce que le patient de 30 ans présentant une protéinurie massive a atteint?,Cette question évalue la compréhension des différents stades de la néphropathie diabétique.,Stade 1,"Cette option est incorrecte car le patient présente une protéinurie massive, ce qui est caractéristique du stade 5.",Stade 2,"Cette option est incorrecte car le patient présente une protéinurie massive, ce qui est caractéristique du stade 5.",Stade 3,"Cette option est incorrecte car le patient présente une protéinurie massive, ce qui est caractéristique du stade 5.",Stade 5,"Cette option est correcte car le patient présente une protéinurie massive, ce qui est caractéristique du stade 5.",d
435,OIC-247-13-B,Quel type de neuropathie diabétique présente-t-il un déficit de perception de la pléniture vésicale ?,La question évalue la compréhension de la neuropathie diabétique et de ses différents types.,Neuropathie sensorimotrice,"La neuropathie sensorimotrice est une neuropathie diabétique qui affecte les nerfs sensitifs et moteurs, mais elle ne présente pas un déficit de perception de la pléniture vésicale.",Neuropathie autonome,"La neuropathie autonome est une neuropathie diabétique qui affecte les nerfs autonomes, et elle peut présenter un déficit de perception de la pléniture vésicale.",Neuropathie cardiaque,"La neuropathie cardiaque est une neuropathie diabétique qui affecte le système nerveux autonome cardiaque, mais elle ne présente pas un déficit de perception de la pléniture vésicale.",Neuropathie gastro-intestinale,"La neuropathie gastro-intestinale est une neuropathie diabétique qui affecte le système nerveux autonome gastro-intestinal, mais elle ne présente pas un déficit de perception de la pléniture vésicale.",b
436,OIC-247-17-A,"Un patient de 45 ans présente des douleurs abdominales, des nausées et une hyperglycémie supérieure à 2.5 g/l. Quel traitement initier?",Évaluer la compréhension de la prise en charge d'une complication métabolique aiguë chez un diabétique.,Administrer de l'insuline et de l'hydratation orale,"Incorrecte. L'hypoglycémie est éliminée, l'hyperglycémie est élevée. L'administration d'insuline est inappropriée.",Administrer de l'hydratation orale et de l'insuline par voie parentérale,"Incorrecte. L'hypoglycémie est éliminée, l'hyperglycémie est élevée. L'administration d'insuline est inappropriée.",Administrer de l'hydratation orale et de l'insuline par voie parentérale après avoir mesuré la cétonémie,"Incorrecte. L'hypoglycémie est éliminée, l'hyperglycémie est élevée. L'administration d'insuline est inappropriée. La mesure de la cétonémie est nécessaire pour évaluer la présence de cétose.",Administrer de l'hydratation orale et de l'insuline par voie parentérale après avoir mesuré la cétonémie et l'osmolarité,"Correcte. L'hypoglycémie est éliminée, l'hyperglycémie est élevée. L'administration d'insuline est inappropriée. La mesure de la cétonémie et de l'osmolarité est nécessaire pour évaluer la présence de cétose et de déshydratation.",d
437,OIC-247-21-A,Quel nombre de fois par jour doit le patient diabétique insulino-traité réaliser l'autosurveillance glycémique ?,Évaluation de la compréhension de l'autosurveillance glycémique dans le diabète insulino-traité,1 fois par jour,"Incorrecte, l'autosurveillance doit être réalisée 4-6 fois par jour",2 fois par jour,"Incorrecte, l'autosurveillance doit être réalisée 4-6 fois par jour",4 fois par jour,"Correcte, l'autosurveillance doit être réalisée 4 fois par jour",6 fois par jour,"Correcte, l'autosurveillance doit être réalisée 4-6 fois par jour",c
438,OIC-247-24-A,Quel traitement antidiabétique oral est contre-indiqué pour un diabétique ayant une fonction rénale glomérulaire de moins de 30 ml/min?,La question évalue la compréhension de la contre-indication de la metformine pour une fonction rénale glomérulaire inférieure à 30 ml/min.,Metformine,La metformine est contre-indiquée pour un diabétique ayant une fonction rénale glomérulaire de moins de 30 ml/min.,Gliclazide,La gliclazide est un sulfamide hypoglycémiant qui n'est pas contre-indiqué pour une fonction rénale glomérulaire inférieure à 30 ml/min.,Sitagliptine,La sitagliptine est un inhibiteur de la dipeptidyl-peptidase 4 qui peut être prescrit à des doses réduites pour une fonction rénale glomérulaire inférieure à 30 ml/min.,Acarbose,L'acarbose est un inhibiteur des alphaglucosidases intestinales qui n'est pas contre-indiqué pour une fonction rénale glomérulaire inférieure à 30 ml/min.,a
439,OIC-256-04-B,"Un enfant de 12 ans pratique intensivement le football depuis 2 ans. Lors de son examen médical d'absence de contre-indication à la pratique du sport, quelle information doit-il être évaluée ?",Cette question évalue la compréhension des modalités d'examen médical d'absence de contre-indication à la pratique du sport chez un enfant.,Le retentissement de la pratique sur ses conditions de vie et d’apprentissages scolaires,Correcte. L'enfant pratiquant de façon intensive doit être évalué sur le retentissement de la pratique sur ses conditions de vie et d’apprentissages scolaires.,Le stade pubertaire,Incorrecte. Le stade pubertaire n'est pas nécessairement à évaluer pour un enfant pratiquant de façon intensive.,La nécessité d’évaluer la quantité globale hebdomadaire d’activité physique de l’enfant en tenant compte de l’ensemble des pratiques,Correcte. Il est nécessaire d'évaluer la quantité globale hebdomadaire d'activité physique de l'enfant en tenant compte de l'ensemble des pratiques.,La nécessité d’évaluer la qualité de son alimentation,"Correcte. Lorsque l'enfant pratique de façon intensive, il est nécessaire d'évaluer la qualité de son alimentation.",c
440,OIC-256-08-B,Quel type d'apports nutritionnels doit être adapté pour une personne pratiquant plus de 3 heures d'activités sportives par semaine ?,Cette question évalue la compréhension des besoins nutritionnels des sportifs adultes.,Les apports nutritionnels doivent être réduits pour couvrir la dépense énergétique totale.,Cette réponse est incorrecte car il convient d'augmenter les apports énergétiques pour couvrir la dépense énergétique totale.,Les apports nutritionnels doivent être les mêmes que ceux de la population générale.,Cette réponse est incorrecte car il convient d'adapter les apports nutritionnels en augmentant les apports énergétiques.,Les apports nutritionnels doivent être réduits pour couvrir la dépense énergétique partielle.,Cette réponse est incorrecte car il convient d'adapter les apports nutritionnels en augmentant les apports énergétiques.,Les apports nutritionnels doivent être augmentés pour couvrir la dépense énergétique totale.,Cette réponse est correcte car il convient d'adapter les apports nutritionnels en augmentant les apports énergétiques pour couvrir la dépense énergétique totale.,d
441,OIC-256-11-A,"Un patient de 45 ans, fumeur de 30 cigarettes par jour, souhaite pratiquer du sport. Il présente des palpitations et une douleur thoracique lors de l'effort. Quel traitement initier pour évaluer la sécurité de la pratique sportive de ce patient ?",La question évalue la compréhension des facteurs de risque cardiovasculaire et des symptômes évocateurs de pathologie cardiovasculaire à l'exercice.,Demander un ECG au repos,L'ECG au repos ne permet pas d'évaluer les symptômes évocateurs de pathologie cardiovasculaire à l'exercice.,Demander un ECG à l'effort,L'ECG à l'effort est le test le plus approprié pour évaluer la sécurité de la pratique sportive de ce patient.,Demander un scanner cardiaque,Le scanner cardiaque est un examen invasif et ne peut pas être utilisé pour évaluer la sécurité de la pratique sportive de ce patient.,Demander un test de stress électrocardiographique,Le test de stress électrocardiographique est un examen non invasif qui permet d'évaluer la sécurité de la pratique sportive de ce patient.,d
442,OIC-257-01-A,"Un patient de 65 ans, de sexe masculin, présente un œdème généralisé. Quel est le diagnostic le plus probable ?",La question évalue la compréhension de la physiopathologie des œdèmes généralisés.,Insuffisance veineuse,"Incorrecte car l'œdème généralisé est conséquence d'une balance sodée et hydrique positive, pas d'une insuffisance veineuse.",Anasarque,Correcte car l'anasarque est une forme grave d'œdème généralisé.,Inflammation locale,"Incorrecte car l'œdème généralisé est conséquence d'une balance sodée et hydrique positive, pas d'une inflammation locale.",Hyperhydratation extracellulaire,"Incorrecte car l'hyperhydratation extracellulaire est la cause de l'œdème généralisé, pas le diagnostic.",b
443,OIC-257-05-A,"Un patient de 60 ans, sans antécédents notables, présente un œdème localisé unilatéral et asymétrique, avec un aspect dur, douloureux et prenant mal le godet. Quel diagnostic est le plus probable ?",La question évalue la compréhension des signes cliniques des œdèmes localisés.,Thrombophlébite,"La thrombophlébite peut provoquer un œdème localisé unilatéral et asymétrique, mais les signes cliniques sont généralement moins marqués.",Insuffisance veineuse,"L'insuffisance veineuse peut provoquer un œdème localisé unilatéral et asymétrique, mais les signes cliniques sont généralement moins marqués.",Maladie variqueuse,"La maladie variqueuse peut provoquer un œdème localisé unilatéral et asymétrique, mais les signes cliniques sont généralement moins marqués.",Infection cutanée,"L'infection cutanée peut provoquer un œdème localisé unilatéral et asymétrique, mais les signes cliniques sont généralement plus marqués et l'aspect inflammatoire est plus fréquent.",d
444,OIC-257-07-A,Quel diagnostic évoquer devant un patient de 50 ans présentant un œdème localisé à la jambe droite et une augmentation de la pression veineuse?,Évaluer la compréhension des idées principales du contenu fourni en proposant un diagnostic cohérent avec les signes cliniques fournis.,Thrombophlébite,"Augmentation de la pression veineuse et œdème localisé à la jambe droite, signes cliniques de thrombophlébite.",Insuffisance veineuse,"Augmentation de la pression veineuse et œdème localisé à la jambe droite, signes cliniques d'insuffisance veineuse.",Cancer avec envahissement ganglionnaire,"Augmentation de la pression veineuse et œdème localisé à la jambe droite, signes cliniques de cancer avec envahissement ganglionnaire.",Infection cutanée type érysipèle,"Augmentation de la pression veineuse et œdème localisé à la jambe droite, signes cliniques d'infection cutanée type érysipèle.",a
445,OIC-260-01-A,Quel signe d'alarme majeur est associé à l'hématurie ?,La question évalue la compréhension de la gravité de l'hématurie.,Tumeur urothéliale,C'est une cause fréquente d'hématurie.,Urétorragie,C'est un signe différentiel de l'hématurie.,Coloration rouge des urines,C'est un signe différentiel de l'hématurie.,Contamination des urines par du sang,C'est un signe différentiel de l'hématurie.,a
446,OIC-260-03-A,Quel type d'hématurie est diagnostiqué sur une bandelette urinaire uniquement?,La question évalue la compréhension de la différence entre hématurie microscopique et macroscopique.,Hématurie macroscopique,"Incorrecte car la hématurie macroscopique est visible à l'œil nu, pas uniquement sur une bandelette urinaire.",Hématurie microscopique,Correcte car la hématurie microscopique est diagnostiquée sur une bandelette urinaire uniquement.,Hématurie microscopique et macroscopique,"Incorrecte car la hématurie microscopique est diagnostiquée sur une bandelette urinaire uniquement, pas sur les deux.",Hématurie macroscopique sur une bandelette urinaire,"Incorrecte car la hématurie macroscopique est visible à l'œil nu, pas uniquement sur une bandelette urinaire.",b
447,OIC-260-04-B,Quel signe clinique est associé à une hématurie d'origine urétro-prostatique ou du col vésical ?,La question évalue la compréhension de la chronologie de l'hématurie au cours de la miction et de sa valeur localisatrice.,Hématurie initiale,Correcte. L'hématurie initiale est associée à une hématurie d'origine urétro-prostatique ou du col vésical.,Hématurie terminale,Incorrecte. L'hématurie terminale est associée à une hématurie d'origine vésicale.,Hématurie totale,"Incorrecte. L'hématurie totale peut être d'origine rénale mais a moins de valeur localisatrice, surtout en cas d'hématurie abondante.",Hématurie intermédiaire,Incorrecte. Il n'existe pas de signe clinique appelé hématurie intermédiaire.,a
448,OIC-260-07-A,Quel type d'hématurie est représenté sur la photographie ci-dessus ?,La question évalue la compréhension de la nature d'une hématurie macroscopique.,Hématurie microscopique,Une hématurie microscopique ne peut pas être observée à l'œil nu.,Hématurie macroscopique caillotante,"La photographie montre des caillots rouges, ce qui est caractéristique d'une hématurie macroscopique caillotante.",Hématurie macroscopique non caillotante,"La photographie montre des caillots rouges, ce qui est caractéristique d'une hématurie macroscopique caillotante.",Hématurie macroscopique sans caillots,"La photographie montre des caillots rouges, ce qui est caractéristique d'une hématurie macroscopique caillotante.",b
449,OIC-260-09-A,"Quelle étiologie néphrologique est la plus probable chez un adulte avec hématurie macroscopique récidivante et association de protéinurie glomérulaire, HTA et insuffisance rénale ?",La question évalue la compréhension de l'étiologie des hématuries néphrologiques chez l'adulte et l'enfant.,Néphropathies interstitielles aiguës,"Incorrecte car ces néphropathies ne sont pas associées à une protéinurie glomérulaire, HTA et insuffisance rénale.",Néphropathies glomérulaires 261,"Correcte car ces néphropathies sont associées à une protéinurie glomérulaire, HTA et insuffisance rénale.",Causes néphrologiques avec présentation clinique urologique,"Incorrecte car ces causes ne sont pas associées à une protéinurie glomérulaire, HTA et insuffisance rénale.",Néphropathies tubulo-interstitielles,"Incorrecte car ces néphropathies ne sont pas associées à une protéinurie glomérulaire, HTA et insuffisance rénale.",b
450,OIC-260-10-A,Quelle étiologie est évoquée en priorité devant une hématurie macroscopique avec caillots ou en présence de signes urinaires ou de douleurs lombaires ?,Évaluation de la compréhension des étiologies des hématuries urologiques chez l'adulte et l'enfant.,Tumeurs de l’arbre urinaire,Étiologie principale à éliminer en raison de sa gravité.,Infections urinaires,Cause la plus fréquente d'hématurie micro- ou macroscopique.,Maladie lithiasique urinaire,Peut être soit pauci-symptomatique soit au cours d’un épisode de colique néphrétique.,Autres étiologies moins fréquentes,"Incluent des traumatismes, cystites, endométriose vésicale, iatrogénie, hypertrophie bénigne de la prostate, uropathies malformatives obstructives chez l’enfant, cervico-trigonites idiopathiques chez le jeune garçon.",a
451,OIC-260-11-A,Quel est l'arbre diagnostique des hématuries ?,Évaluation de la compréhension de l'arbre diagnostique des hématuries.,Figure 6. Arbre diagnostique des hématuries,Correcte. L'arbre diagnostique des hématuries est présenté dans la figure 6.,Figure 7. Arbre diagnostique des hématuries,Incorrecte. Il n'y a pas de figure 7 dans les informations fournies.,Figure 8. Arbre diagnostique des hématuries,Incorrecte. Il n'y a pas de figure 8 dans les informations fournies.,Figure 9. Arbre diagnostique des hématuries,Incorrecte. Il n'y a pas de figure 9 dans les informations fournies.,a
452,OIC-260-12-A,Quel signe clinique est associé à une hématurie macroscopique caillotante et peut indiquer l'évolution vers une rétention vésicale d'urines ?,La question évalue la compréhension de la gravité d'une hématurie macroscopique caillotante et de la possibilité d'une rétention vésicale d'urines.,Douleur lombaire,La douleur lombaire peut être un signe d'une colique néphrétique par caillotage urétéral.,Tachycardie,La tachycardie peut être un signe de retentissement clinique.,Dysurie récente,La dysurie récente peut être un signe d'un caillotage vésical.,Hypotension artérielle,L'hypotension artérielle peut être un signe de retentissement clinique.,c
453,OIC-261-01-A,"Quel syndrome glomérulaire évoquer devant une protéinurie glomérulaire détectée par la bandelette et confirmée par le dosage, composée d’au moins 60% d’albumine?",La question évalue la compréhension de la détection et du dosage de la protéinurie glomérulaire et de sa composition.,Syndrome néphrotique à lésions glomérulaires minimes (SNLGM),La protéinurie glomérulaire est un signe du SNLGM.,Glomérulonéphrite aiguë post-infectieuse (GNA),"La protéinurie glomérulaire est un signe de la GNA, mais elle est associée à d'autres signes tels que des signes infectieux.",Glomérulonéphrite rapidement progressive (GNRP),"La protéinurie glomérulaire est un signe de la GNRP, mais elle est associée à d'autres signes tels que des signes d'insuffisance rénale aiguë.",Glomérulopathie extra-membraneuse (GEM),"La protéinurie glomérulaire est un signe de la GEM, mais elle est associée à d'autres signes tels que des anticorps circulants.",a
454,OIC-261-03-B,Quelle est la première cause de syndrome néphrotique chez l’enfant ?,Question portant sur la fréquence et l'épidémiologie des principales maladies glomérulaires. Évaluation de la connaissance de la première cause de syndrome néphrotique chez l'enfant.,Néphropathie à IgA,"Incorrecte, la néphropathie à IgA est la plus fréquente des glomérulonéphrites primitives chez l'adulte jeune.",Glomérulopathie extra-membraneuse,"Incorrecte, la glomérulopathie extra-membraneuse est la première cause de syndrome néphrotique chez l'adulte (40 % des cas) en dehors de la néphropathie diabétique.",Néphropathie diabétique,"Incorrecte, la néphropathie diabétique est la plus fréquente des néphropathies glomérulaires secondaires.",SNLGM,"Correcte, le SNLGM est la première cause de syndrome néphrotique chez l’enfant (90 % avant 8 ans).",d
455,OIC-261-04-A,"Quelle maladie génétique peut être associée à des antécédents familiaux, surdité et lenticône ?","La question évalue la connaissance des maladies génétiques associées à des antécédents familiaux, surdité et lenticône.",Syndrome de Goodpasture,"Cette maladie est une vascularite des artères de petit calibre, pas une maladie génétique.",Syndrome de Sjogren,"Cette maladie est une maladie auto-immune, pas une maladie génétique.",Syndrome de Lupus,"Cette maladie est une maladie auto-immune, pas une maladie génétique.",Syndrome d'Alport,"Cette maladie est une maladie génétique associée à des antécédents familiaux, surdité et lenticône.",d
456,OIC-261-06-B,Quelle lésion glomérulaire élémentaire est associée à la prolifération des cellules épithéliales pariétales et à une insuffisance rénale aiguë ?,Question évaluant la compréhension de la prolifération extracapillaire et de son impact sur l'insuffisance rénale aiguë.,Prolifération mésangiale,"Incorrecte, car la prolifération mésangiale est associée à la prolifération des cellules mésangiales.",Prolifération endocapillaire,"Incorrecte, car la prolifération endocapillaire est associée à la prolifération des cellules endothéliales et à des infiltrations par des polynucléaires et monocytes.",Sclérose,"Incorrecte, car la sclérose est une cicatrice fibreuse remplaçant la totalité ou une partie du glomérule détruit.",Prolifération extracapillaire,"Correcte, car la prolifération extracapillaire est associée à la prolifération des cellules épithéliales pariétales et à une insuffisance rénale aiguë.",d
457,OIC-261-09-B,Quel traitement initier pour un syndrome néphrotique à lésions glomérulaires minimes (SNLGM) idiopathique ?,Évaluation de la compréhension des principes du traitement du SNLGM idiopathique.,Traiter le SNLGM avec des médicaments anti-inflammatoires non stéroïdiens,Incorrecte. Les médicaments anti-inflammatoires non stéroïdiens ne sont pas utilisés pour traiter le SNLGM.,Ignorer le SNLGM et attendre une évolution spontanée,Incorrecte. Le SNLGM nécessite un traitement pour éviter les complications.,Traiter le SNLGM avec une corticothérapie orale à faible dose et de courte durée,Incorrecte. La corticothérapie orale doit être à forte dose et prolongée pour traiter le SNLGM.,Traiter le SNLGM avec une diététique et des compléments alimentaires,Incorrecte. La diététique et les compléments alimentaires ne sont pas les seuls traitements du SNLGM.,c
458,OIC-263-04-B,Quel syndrome est associé à un tableau d'insuffisance rénale aiguë et à un syndrome de MAT dans un contexte de diarrhée souvent sanglante chez l'enfant?,La question évalue la compréhension du syndrome hémolytique et urémique (SHU) typique chez l'enfant.,Syndrome de microangiopathie thrombotique,"Incorrect. Le syndrome de microangiopathie thrombotique est une cause de SHU, mais il n'est pas le syndrome associé à un tableau d'insuffisance rénale aiguë et à un syndrome de MAT dans un contexte de diarrhée sanglante chez l'enfant.",Syndrome de Guillain-Barré,"Incorrect. Le syndrome de Guillain-Barré est un trouble neurologique, pas un syndrome associé à un tableau d'insuffisance rénale aiguë et à un syndrome de MAT dans un contexte de diarrhée sanglante chez l'enfant.",Syndrome de Kawasaki,"Incorrect. Le syndrome de Kawasaki est un trouble vasculaire inflammatoire, pas un syndrome associé à un tableau d'insuffisance rénale aiguë et à un syndrome de MAT dans un contexte de diarrhée sanglante chez l'enfant.",Syndrome hémolytique et urémique (SHU),Correct. Le SHU correspond à un tableau d'insuffisance rénale aiguë associé à un syndrome de MAT dans un contexte de diarrhée souvent sanglante chez l'enfant.,d
459,OIC-263-05-B,"Un patient de 45 ans présente une anémie hémolytique, une thrombopénie et une insuffisance rénale aiguë suite à une contamination alimentaire responsable de diarrhée sanglante. Le diagnostic est confirmé par l'isolement de la souche de STEC ou détection par PCR de gènes codant pour les shigatoxines, dans les selles. Quel diagnostic est-il le plus probable ?",Cette question évalue la compréhension des modalités du diagnostic du syndrome hémolytique et urémique (SHU) typique.,Syndrome de microangiopathie thrombotique,Cette option est incorrecte car le SHU est un diagnostic différent du syndrome de microangiopathie thrombotique.,Sténose de l'artère rénale,Cette option est incorrecte car le SHU n'est pas associé à une sténose de l'artère rénale.,Néphroangiosclérose bénigne,Cette option est incorrecte car le SHU n'est pas associé à une néphroangiosclérose bénigne.,Syndrome hémolytique et urémique,Cette option est correcte car le SHU est un syndrome hémolytique et urémique.,d
460,OIC-263-07-B,"Quelle est la principale cause de sténose de l'artère rénale chez un sujet âgé ayant plusieurs facteurs de risques cardiovasculaires, dont une HTA préexistante, qui évolue vers une HTA résistante à une trithérapie incluant un diurétique, responsable d’OAP flash, d’une dégradation de la fonction rénale sous IEC ou ARA2 et d'insuffisance rénale chronique en cas de sténose bilatérale?",Question portant sur la cause principale de sténose de l'artère rénale dans un contexte clinique précis.,athéromateuse,Correcte. L'athéromateuse est la principale cause de sténose de l'artère rénale dans ce contexte.,fibrodysplasique,"Incorrecte. La fibrodysplasie est une autre cause de sténose de l'artère rénale, mais elle est moins fréquente dans ce contexte.",hypertension artérielle primaire,"Incorrecte. La hypertension artérielle primaire n'est pas une cause de sténose de l'artère rénale, mais plutôt un facteur de risque.",maladie de Fabry,Incorrecte. La maladie de Fabry n'est pas une cause de sténose de l'artère rénale.,a
461,OIC-263-08-B,Quel examen est le plus approprié pour diagnostiquer une sténose de l'artère rénale ?,Question portant sur la démarche diagnostique d'une sténose de l'artère rénale. Évaluation de la compréhension des examens utiles au diagnostic.,Échographie rénale,"Échographie rénale est un examen utile pour diagnostiquer une sténose de l'artère rénale, mais il n'est pas le plus approprié pour cette indication.",Tomodensitométrie spiralée,"Tomodensitométrie spiralée est un examen utile pour diagnostiquer une sténose de l'artère rénale, mais il est limité par la toxicité rénale et l'irradiation.",Angio-IRM,"Angio-IRM est un examen utile pour diagnostiquer une sténose de l'artère rénale, mais il est limité par l'accès plus restreint et la surestimation des lésions.",Artériographie rénale,"Artériographie rénale est l'examen de référence pour diagnostiquer une sténose de l'artère rénale, avec un intérêt diagnostic et thérapeutique.",d
462,OIC-265-01-A,"Un patient de 60 ans, de sexe masculin, présente une douleur abdominale droite, une fréquence urinaire accrue et des hématuries. Quel diagnostic évoquer?",Évaluer la compréhension de la définition de la lithiase et du calcul urinaire.,Colique néphrétique,"Correcte. La douleur abdominale droite, la fréquence urinaire accrue et les hématuries sont des signes cliniques de la colique néphrétique.",Pyélonéphrite,"Incorrecte. La pyélonéphrite est une infection des reins, qui peut être associée à des calculs urinaires mais n'est pas le diagnostic évoqué ici.",Hypertrophie bénigne de la prostate,"Incorrecte. La hypertrophie bénigne de la prostate est une augmentation de la taille de la prostate, qui peut entraîner une obstruction des urines et des calculs urinaires mais n'est pas le diagnostic évoqué ici.",Cancer du rein,"Incorrecte. Le cancer du rein est un cancer qui peut se manifester par des douleurs abdominales, des hématuries et des fréquences urinaires accrues mais n'est pas le diagnostic évoqué ici.",a
463,OIC-265-05-A,Quel syndrome douloureux lombo-abdominal est résultant de la mise en tension brutale de la voie excrétrice du haut appareil urinaire en amont d’une obstruction quelle qu’en soit la cause?,La question évalue la compréhension de la définition de la colique néphrétique.,Syndrome douloureux lombo-abdominal résultant de la mise en tension brutale de la voie excrétrice du bas appareil urinaire en amont d’une obstruction quelle qu’en soit la cause,"Incorrecte car la colique néphrétique est liée à l'obstruction du haut appareil urinaire, non du bas.",Syndrome douloureux lombo-abdominal résultant de la mise en tension brutale de la voie excrétrice du haut appareil urinaire en amont d’une obstruction causée par une tumeur,Incorrecte car la colique néphrétique peut être due à d’autres causes que la tumeur.,Syndrome douloureux lombo-abdominal résultant de la mise en tension brutale de la voie excrétrice du haut appareil urinaire en amont d’une obstruction causée par une lithiase,Correcte car la colique néphrétique peut être due à une lithiase.,Syndrome douloureux lombo-abdominal résultant de la mise en tension brutale de la voie excrétrice du bas appareil urinaire en amont d’une obstruction causée par une infection,"Incorrecte car la colique néphrétique est liée à l'obstruction du haut appareil urinaire, non du bas, et n’est pas nécessairement due à une infection.",c
464,OIC-267-01-A,Un enfant de 5 ans présente une dyspnée. Quel examen doit être réalisé pour dépister une acidose métabolique ?,Cette question évalue la compréhension de la démarche de dépistage des troubles métaboliques chez un enfant présentant des signes de dyspnée.,Gazométrie veineuse,"La gazométrie veineuse est un examen utilisé pour dépister une acidose métabolique, mais il est plus approprié pour les cas de choc ou d'insuffisance rénale aiguë sévère.",Examen de la vision,"L'examen de la vision est un examen systématique pour le suivi des enfants, mais il n'est pas utilisé pour dépister une acidose métabolique.",Examen auditif,"L'examen auditif est un examen systématique pour le suivi des enfants, mais il n'est pas utilisé pour dépister une acidose métabolique.",Gazométrie artérielle,"La gazométrie artérielle est un examen utilisé pour dépister une acidose métabolique, et il est approprié pour les cas de dyspnée chez un enfant.",d
465,OIC-267-06-B,Un nourrisson de 6 mois présente une acidose métabolique hyperchlorémique. Le trou anionique urinaire (TAU) est supérieur à 0. Quel diagnostic est le plus probable ?,Cette question évalue la compréhension de l'acidose tubulaire rénale et du calcul du trou anionique urinaire.,Acidose tubulaire distale,"Le TAU étant supérieur à 0, la réponse rénale est inadaptée, ce qui est caractéristique de l'acidose tubulaire distale.",Acidose tubulaire proximale,"Le TAU étant supérieur à 0, la réponse rénale est inadaptée, ce qui est caractéristique de l'acidose tubulaire distale et non proximale.",Acidose extrarénale,"Le TAU étant supérieur à 0, la réponse rénale est inadaptée, ce qui est caractéristique d'une acidose tubulaire rénale et non extrarénale.",Acidose tubulaire distale hyperkaliémique,"Le TAU étant supérieur à 0, la réponse rénale est inadaptée, ce qui est caractéristique de l'acidose tubulaire distale et non distale hyperkaliémique.",a
466,OIC-267-14-A,Un patient de 5 ans présente une hyperkaliémie. Quel traitement initier pourrait être proposé ?,Évaluez la compréhension de la cause d'une hyperkaliémie et la stratégie de traitement.,Administrer des diurétiques épargneurs de potassium,Cette option est incorrecte car elle ne permet pas de réduire les apports en potassium.,Administrer des antialdostérone,Cette option est incorrecte car elle ne permet pas de réduire les apports en potassium.,Administrer des sels de régime ou de supplémentation de potassium,Cette option est incorrecte car elle augmente les apports en potassium.,Administrer des sels de régime ou de supplémentation de sodium,Cette option est correcte car elle permet de réduire les apports en potassium en augmentant les apports en sodium.,d
467,OIC-267-18-A,Un enfant de 5 ans présente des crampes musculaires et des myalgies. Quel examen doit être effectué pour dépister une hypokaliémie?,Cette question évalue la compréhension de la liste des indications de prescription d'une kaliémie et de la définition de l'hypokaliémie.,Examen de suivi des adolescents,Cette option est incorrecte car elle ne correspond pas à l'indication de prescription d'une kaliémie.,Examen de dépistage des troubles auditifs,Cette option est incorrecte car elle ne correspond pas à l'indication de prescription d'une kaliémie.,Examen de dépistage des troubles visuels,Cette option est incorrecte car elle ne correspond pas à l'indication de prescription d'une kaliémie.,Examen de dépistage de l'hypokaliémie,Cette option est correcte car elle correspond à l'indication de prescription d'une kaliémie.,d
468,OIC-267-25-A,"Un enfant de 5 ans présente des symptômes de confusion, des céphalées et des vomissements. Quel diagnostic doit être évoqué?",Cette question évalue la compréhension des symptômes d'hyponatrémie sévère chez un enfant.,Hypernatrémie,"Hypernatrémie est associée à des symptômes tels que la polydipsie, la polyurie et la déshydratation, pas de confusion, de céphalées ou de vomissements.",Hypoglycémie,"Hypoglycémie est associée à des symptômes tels que la confusion, la somnolence et les convulsions, pas de céphalées ou de vomissements.",Hyponatrémie modérément sévère,"Hyponatrémie modérément sévère est associée à des symptômes tels que la confusion, des céphalées et des nausées, pas de vomissements.",Hyponatrémie sévère,"Hyponatrémie sévère est associée à des symptômes tels que la confusion, des céphalées, des vomissements et des troubles de conscience, ce qui correspond à la situation décrite.",d
469,OIC-267-30-B,Un nourrisson de 3 mois présente une hypernatrémie. Quel est le diagnostic le plus probable ?,La question évalue la compréhension de la physiopathologie de l'hypernatrémie et de ses causes possibles.,Diabète insipide,"La cause de l'hypernatrémie est une sécrétion insuffisante ou inefficace d'hormone antidiurétique (ADH), ce qui entraîne une perte d'eau rénale.",Perte d'eau extrarénale,"La cause de l'hypernatrémie est une perte d'eau extrarénale, telle qu'une perte cutanée ou respiratoire.",Trou osmotique,"La cause de l'hypernatrémie est la présence d'un soluté autre que le sodium, de bas poids moléculaire et osmotiquement actif, qui entraîne un trou osmotique.",Hyperosmolalité plasmatique,"C'est la condition générale qui est observée, mais elle ne permet pas de déduire le diagnostic.",a
470,OIC-267-33-A,Un nourrisson de 6 mois est présenté avec des signes de déshydratation. Quel traitement initier pour la correction de l'hypernatrémie ?,Évaluer la compréhension de la correction de l'hypernatrémie en fonction de l'état de volume extra-cellulaire,Administrer de l'eau de boisson par voie orale,Correcte en cas de déshydratation globale,Administrer de l'eau pure par voie intraveineuse,Incorrecte car induirait une hémolyse,Administrer de l'eau de boisson par voie intraveineuse,Incorrecte car ne doit être administrée que si le patient a une nausée ou des vomissements,"Administrer de soluté de chlorure de sodium hypo-osmotique (NaCl à 4,5 ‰) par voie intraveineuse",Correcte en cas de déshydratation globale,d
471,OIC-267-37-B,Un enfant de 5 ans présente un ECG montrant un intervalle QT de 500 ms à une fréquence cardiaque de 64 bpm. Quel diagnostic est le plus probable ?,Cette question évalue la compréhension de l'association entre l'hypocalcémie et l'élargissement de l'intervalle QT sur l'ECG.,Hypokaliémie,Incorrecte car l'hypokaliémie n'est pas associée à un élargissement de l'intervalle QT.,Hypomagnésémie,Incorrecte car l'hypomagnésémie n'est pas associée à un élargissement de l'intervalle QT.,Hypocalcémie,Correcte car l'hypocalcémie est associée à un élargissement de l'intervalle QT sur l'ECG.,Hypercalciémie,Incorrecte car l'hypercalciémie n'est pas associée à un élargissement de l'intervalle QT.,c
472,OIC-267-39-A,Un nourrisson présente une hypocalcémie. Quel examen doit être effectué en premier pour éliminer une pseudo hypocalcémie ?,Évaluer la compréhension de l'élimination d'une pseudo hypocalcémie en premier avant l'enquête étiologique.,Vérifier la valeur de la calcémie totale,Incorrect. Cette valeur doit être vérifiée après l'élimination de la pseudo hypocalcémie.,Vérifier la valeur de la PTH,Incorrect. Cette valeur doit être vérifiée après l'élimination de la pseudo hypocalcémie.,Vérifier la valeur de la vitamine D,Incorrect. Cette valeur doit être vérifiée après l'élimination de la pseudo hypocalcémie.,Vérifier si le prélèvement a été effectué sur tube citraté,Correct. Cette vérification doit être effectuée en premier pour éliminer une pseudo hypocalcémie.,d
473,OIC-270-01-A,"Un patient de 45 ans présente une douleur lombaire aigue, localisée à la fosse lombaire droite, douloureuse à la palpation rachidienne, avec raideur dans le lumbago. L'examen neurologique est normal. Quel diagnostic différentiel doit être évoqué en premier ?",Cette question évalue la compréhension des spécificités de l'interrogatoire et de l'examen clinique face à une douleur lombaire aigue. Elle teste la capacité à éliminer les autres causes possibles avant de retenir le diagnostic de lombalgie aigue commune.,Colique néphrétique,"La douleur lombaire basse, douloureuse à la palpation rachidienne avec raideur dans le lumbago est un signe de colique néphrétique.",Infarctus rénal,"L'infarctus rénal est une cause non urologique des douleurs lombaires aiguës. Il n'est pas associé à une douleur lombaire basse, douloureuse à la palpation rachidienne avec raideur dans le lumbago.",Fibrose rétropéritonéale,"La fibrose rétropéritonéale est une cause non urologique des douleurs lombaires aiguës. Elle n'est pas associée à une douleur lombaire basse, douloureuse à la palpation rachidienne avec raideur dans le lumbago.",Diverticulite aiguë,"La diverticulite aiguë est une cause non urologique des douleurs lombaires aiguës. Elle n'est pas associée à une douleur lombaire basse, douloureuse à la palpation rachidienne avec raideur dans le lumbago.",a
474,OIC-270-04-A,"Un patient de 35 ans présente une douleur lombaire unilatérale de début brutal, irradiation oblique distale et antérieure vers la fosse iliaque homolatérale, accompagnée de pollakiurie et de brulures mictionnelles. Quel examen complémentaire est le plus approprié pour confirmer le diagnostic de colique néphrétique ?",La question évalue la compréhension des signes cliniques et des examens complémentaires en faveur d'une colique néphrétique.,Echographie,"L'échographie est un examen complémentaire utile pour confirmer le diagnostic de colique néphrétique, mais sa sensibilité est de 80 à 90%. L'imagerie par tomodensitométrie abdomino pelvienne sans injection de contraste est plus sensible (96%).",TDM AP non injecté,"La TDM AP non injectée est un examen complémentaire utile pour confirmer le diagnostic de colique néphrétique, mais sa sensibilité est de 96%. L'échographie est moins sensible (80 à 90%).",ECBU,"L'ECBU est un examen complémentaire utile pour rechercher une infection associée, mais il n'est pas spécifique du diagnostic de colique néphrétique.",TDM AP injectée,"La TDM AP injectée est un examen complémentaire utile pour confirmer le diagnostic de colique néphrétique, mais il n'est pas nécessaire en première intention. L'imagerie par tomodensitométrie abdomino pelvienne sans injection de contraste est plus sensible (96%).",b
475,OIC-270-05-A,Quel examen d'imagerie est recommandé en cas de douleur lombaire aiguë de l'adulte devant une cause secondaire d'origine rachidienne ou neurologique ?,La question évalue la compréhension de l'indication des examens d'imagerie devant une douleur lombaire aiguë de l'adulte devant une cause secondaire d'origine rachidienne ou neurologique.,Scanner abdomino-rénal non injecté,"Incorrecte. Cet examen est recommandé pour les causes urologiques et rénales, pas pour les causes rachidiennes ou neurologiques.",Échographie abdominale et pelvienne,"Incorrecte. Cet examen est recommandé pour les causes urologiques et rénales, pas pour les causes rachidiennes ou neurologiques.",Radiographies standards,Correcte. Les radiographies standards sont réalisées avant l'IRM en cas de cause secondaire d'origine rachidienne ou neurologique.,IRM,Correcte. L'IRM est le examen clé devant une cause secondaire d'origine rachidienne ou neurologique.,d
476,OIC-270-06-A,Quel bilan biologique est à demander en cas de douleur lombaire aiguë chez un adulte ?,Évaluation de la compréhension du bilan biologique à prescrire en cas de douleur lombaire aiguë,"NFS, créatininémie, ionogramme sanguin, CRP, calcémie",Correcte : Bilan biologique nécessaire en cas de suspicion d'une cause symptomatique ou d'une douleur projetée viscérale,"ECBU, gazométrie artérielle, groupe sanguin, enzymes cardiaques (troponine), D-dimères, bilan inflammatoire, protéinurie, test de grossesse",Partiellement correcte : Bilan biologique complémentaire en cas d'orientation cardio-vasculaire ou pulmonaire,"hémocultures, ECG, EMG, ponction lombaire",Partiellement correcte : Examens complémentaires en cas d'orientation neurologique,"NFS, créatininémie, ionogramme sanguin, CRP, calcémie, ECBU, gazométrie artérielle, groupe sanguin, enzymes cardiaques (troponine), D-dimères, bilan inflammatoire, protéinurie, test de grossesse, ECG, EMG, ponction lombaire",Incorrecte : Bilan biologique trop complet et incohérent,a
477,OIC-283-08-B,Quelle complication peut-être observée chez un enfant souffrant de constipation chronique?,La question évalue la compréhension des complications de la constipation chronique chez l'enfant.,Fissure anale,La fissure anale est une complication possible de la constipation chronique chez l'enfant.,Prolapsus rectal,Le prolapsus rectal est une complication possible de la constipation chronique chez l'enfant.,Infections urinaires,Les infections urinaires peuvent être une complication de la constipation chronique chez l'enfant.,Tumeur cérébrale,La tumeur cérébrale n'est pas une complication possible de la constipation chronique chez l'enfant.,a
478,OIC-284-02-A,"Quel syndrome est défini par la présence d'une douleur abdominale récidivante, survenant au moins un jour par semaine dans les trois derniers mois avec au moins deux des critères suivants : douleur abdominale en relation avec la défécation, douleur abdominale associée à une modification de la fréquence des selles, ou douleur abdominale associée à une modification de l’aspect des selles ?",La question évalue la compréhension des critères diagnostiques du syndrome de l'intestin irritable.,Syndrome de l'intestin irritable,Correcte,Syndrome de l'intestin irritable avec douleur abdominale en relation avec la défécation,Incorrecte. C'est un critère du syndrome de l'intestin irritable.,Syndrome de l'intestin irritable avec douleur abdominale associée à une modification de la fréquence des selles,Incorrecte. C'est un critère du syndrome de l'intestin irritable.,Syndrome de l'intestin irritable avec douleur abdominale associée à une modification de l’aspect des selles,Incorrecte. C'est un critère du syndrome de l'intestin irritable.,a
479,OIC-284-04-A,Quel symptôme clé de la colopathie fonctionnelle est associé à une sensation subjective de plénitude ou d’inconfort abdominal?,La question évalue la compréhension des caractéristiques cliniques de la colopathie fonctionnelle.,Constipation,Constipation n'est pas associée à une sensation subjective de plénitude ou d’inconfort abdominal.,Diarrhée,Diarrhée n'est pas associée à une sensation subjective de plénitude ou d’inconfort abdominal.,Ballonnement abdominal,Ballonnement abdominal est associé à une sensation subjective de plénitude ou d’inconfort abdominal.,Dyspepsie fonctionnelle,Dyspepsie fonctionnelle n'est pas associée à une sensation subjective de plénitude ou d’inconfort abdominal.,c
480,OIC-284-05-A,Un patient de 65 ans présente des symptômes de colopathie fonctionnelle depuis 6 mois. Il a déjà été traité médicalement mais sans résultat. Il a également perdu 10 kg en 3 mois. Quel examen doit être réalisé pour éliminer une organicité ?,La question évalue la compréhension des éléments cliniques devant amener à la réalisation d’une coloscopie pour éliminer une organicité.,Coloscopie,"Correcte. Le patient est âgé, a perdu du poids et n'a pas répondu au traitement médical. Il présente donc des signes cliniques d’alarme.",Examen physique abdominal,Incorrecte. L'examen physique abdominal peut être réalisé mais il n'est pas systématiquement indiqué pour éliminer une organicité.,Traitement médical,Incorrecte. Le traitement médical a déjà été tenté mais sans résultat.,Examen d'anatomopathologie,Incorrecte. L'examen d'anatomopathologie n'est pas systématiquement indiqué pour éliminer une organicité.,a
481,OIC-284-07-B,Quel examen doit être réalisé pour éliminer une lambliase dans le sous-type diarrhéique du syndrome de l'intestin irritable?,Cette question évalue la compréhension de la liste des diagnostics différentiels et des examens complémentaires pour éliminer une pathologie organique dans le SII.,NFS,"Incorrecte, une NFS permettra d’éliminer une anémie, mais pas une lambliase.",CRP,"Incorrecte, une CRP recherchera un syndrome inflammatoire, mais pas une lambliase.",TSH,"Incorrecte, une TSH est utilisée pour éliminer une hyperthyroïdie, pas une lambliase.",Examen parasitologique des selles,"Correcte, un examen parasitologique des selles est conseillé dans le sous-type diarrhéique pour éliminer une lambliase.",d
482,OIC-288-01-A,Quel est le tissu de soutien des hémorroïdes ?,Question portant sur la physiopathologie des hémorroïdes. Évaluation de la connaissance de la composition des hémorroïdes.,Tissu conjonctif,Incorrect. Le tissu de soutien des hémorroïdes est composé de fibres musculaires lisses et de tissu collagène.,Tissu adipeux,Incorrect. Le tissu de soutien des hémorroïdes est composé de fibres musculaires lisses et de tissu collagène.,Tissu nerveux,Incorrect. Le tissu de soutien des hémorroïdes est composé de fibres musculaires lisses et de tissu collagène.,Tissu de soutien composé de fibres musculaires lisses et de tissu collagène,Correct. Le tissu de soutien des hémorroïdes est composé de fibres musculaires lisses et de tissu collagène.,d
483,OIC-288-08-B,Quel diagnostic différentiel est le plus fréquemment associé à une thrombose hémorroïdaire externe ?,La question évalue la compréhension du diagnostic différentiel de la thrombose hémorroïdaire externe.,Hémorroïde interne,Hémorroïde interne est une entité diagnostique différente de la thrombose hémorroïdaire externe.,Varice hémorroïdale,Varice hémorroïdale est une entité diagnostique différente de la thrombose hémorroïdaire externe.,Fistule anale,Fistule anale est une entité diagnostique différente de la thrombose hémorroïdaire externe.,Abscesse anale,"Abscesse anale est une entité diagnostique différente de la thrombose hémorroïdaire externe, mais elle peut être associée à une thrombose hémorroïdaire externe dans certains cas.",d
484,OIC-288-09-B,Quel diagnostic doit être éliminé avant d'attribuer une anémie ferriprive à des hémorroïdes internes?,La question évalue la connaissance des autres manifestations possibles des hémorroïdes internes.,Hémorragie digestive,Correcte. L'anémie ferriprive par saignement chronique est très rare et une autre cause doit être éliminée avant d'attribuer cette anémie à des hémorroïdes.,Hémorragie urinaire,Incorrecte. Une hémorragie urinaire n'est pas une manifestation possible des hémorroïdes internes.,Hémorragie nasale,Incorrecte. Une hémorragie nasale n'est pas une manifestation possible des hémorroïdes internes.,Hémorragie vaginale,Incorrecte. Une hémorragie vaginale n'est pas une manifestation possible des hémorroïdes internes.,a
485,OIC-288-12-B,Quel facteur favorise la pathologie hémorroïdaire ?,La question évalue la compréhension des principaux facteurs favorisant la pathologie hémorroïdaire.,Un régime alimentaire riche en fibres,Cette option est incorrecte car un régime alimentaire riche en fibres peut réduire la fréquence des hémorroïdes.,Un régime alimentaire pauvre en fibres,Cette option est correcte car un régime alimentaire pauvre en fibres peut favoriser la pathologie hémorroïdaire.,Un régime alimentaire riche en vitamines,Cette option est incorrecte car un régime alimentaire riche en vitamines n'a pas été démontré comme facteur favorisant la pathologie hémorroïdaire.,Un régime alimentaire pauvre en vitamines,Cette option est incorrecte car un régime alimentaire pauvre en vitamines n'a pas été démontré comme facteur favorisant la pathologie hémorroïdaire.,b
486,OIC-288-14-A,Quel traitement initier pour une hémorroïde symptomatique ?,Évaluer la compréhension des quatre règles de préambule thérapeutique pour les hémorroïdes.,Traitement médicamenteux en cure courte,Correcte. Les traitements médicamenteux sont habituellement réservés aux symptômes aigus et proposés en cure courte.,Traitement chirurgical,"Incorrecte. Les procédés instrumentaux et chirurgicaux constituent, à l’inverse, le traitement de fond de la maladie hémorroïdaire interne et sont réservés à une prise en charge spécialisée.",Traitement de confort,"Correcte. Le traitement des hémorroïdes est, dans la majorité des cas, un traitement de confort.",Traitement des hémorroïdes sans symptômes,Incorrecte. Les hémorroïdes ne présentent en elles-mêmes aucun risque de dégénérescence ou de complications engageant le pronostic vital. Seules les hémorroïdes symptomatiques sont à traiter.,a
487,OIC-299-01-A,Quel type de tumeur intracrânienne est le plus fréquent chez l'adulte ?,Cette question évalue la compréhension de la fréquence des différents types de tumeurs intracrâniennes chez l'adulte.,Métastases,Les métastases sont les tumeurs secondaires issues de la dissémination intracrânienne d’une tumeur prenant son origine dans un autre organe/système. Elles sont fréquentes chez l'adulte mais pas les plus fréquentes.,Gliomes,Les gliomes sont des tumeurs primitives intracrâniennes malignes. Ils sont fréquents chez l'adulte mais pas les plus fréquentes.,Méningiomes,Les méningiomes sont des tumeurs primitives intracrâniennes bénignes. Ils sont fréquents chez l'adulte et sont les plus fréquentes.,Adénomes hypophysaires,Les adénomes hypophysaires sont des tumeurs primitives intracrâniennes bénignes. Ils sont fréquents chez l'adulte mais pas les plus fréquentes.,c
488,OIC-299-02-A,Quel type de tumeur primitive est développée à l'intérieur de l'encéphale ?,Question évaluant la compréhension de la définition des tumeurs primitives intracrâniennes.,Tumeur primitive de l'encéphale,"Correcte, la tumeur primitive de l'encéphale est développée à l'intérieur de l'encéphale lui-même.",Tumeur primitive des annexes,"Incorrecte, la tumeur primitive des annexes est développée à partir des méninges et nerfs crâniens.",Tumeur primitive de la moelle épinière,"Incorrecte, la tumeur primitive de la moelle épinière n'est pas une tumeur primitive intracrânienne.",Tumeur primitive de la retine,"Incorrecte, la tumeur primitive de la retine n'est pas une tumeur primitive intracrânienne.",a
489,OIC-299-03-B,Quel type de tumeur cérébrale est-il plus commun chez les femmes entre 50 et 70 ans ?,La question évalue la compréhension de l'épidémiologie des différents types de tumeurs primitives intracrâniennes.,Méningiome,Le méningiome est un type de tumeur cérébrale qui est souvent bénin et de grade 1 OMS. Il est développé à partir des cellules arachnoïdiennes et est plus commun chez les femmes entre 50 et 70 ans.,Glioblastome,Le glioblastome est un type de tumeur cérébrale de haut grade de malignité. Il est développé à partir des cellules de la glie et est plus commun chez les hommes.,Adénome hypophysaire,L'adénome hypophysaire est un type de tumeur cérébrale qui peut être sécrétant ou non-sécrétant. Il est plus commun chez les hommes et sa révélation clinique est souvent un syndrome endocrinien ou un syndrome de masse.,Métastase,"Les métastases sont des tumeurs cérébrales secondaires qui ont leur origine dans d'autres cancers à fort tropisme neurologique, telles que le cancer du poumon, du sein et du mélanome. Elles sont plus fréquentes chez les hommes.",a
490,OIC-299-06-B,Quel examen d'imagerie est le plus performant pour le diagnostic et le bilan préopératoire d'une tumeur intracrânienne de l'adulte ?,La question évalue la compréhension de la stratégie d'exploration en imagerie devant une tumeur intracrânienne de l'adulte. Elle teste la différence de performance entre le scanner et l'IRM.,Scanner cérébral sans injection,Le scanner est plus facile d'accès mais moins performant que l'IRM pour le diagnostic et le bilan préopératoire.,Scanner cérébral avec injection,Le scanner avec injection permet le diagnostic positif et différentiel mais l'IRM est plus performante pour le diagnostic et le bilan préopératoire.,IRM sans injection,L'IRM sans injection ne permet pas le diagnostic positif et différentiel et est moins performante que l'IRM avec injection.,IRM avec injection,L'IRM avec injection permet le diagnostic positif et différentiel et est plus performante que le scanner pour le diagnostic et le bilan préopératoire.,d
491,OIC-302-01-A,Quelle tumeur cutanée est développée aux dépens des mélanocytes ?,La question évalue la compréhension de la définition de la tumeur malignes cutanées et de la tumeur mélanome.,Carcinome basocellulaire,"Incorrecte, car le carcinome basocellulaire est développé aux dépens des kératinocytes.",Carcinome épidermoïde,"Incorrecte, car le carcinome épidermoïde est développé aux dépens des kératinocytes.",Tumeur induite par HPV,"Incorrecte, car les tumeurs induites par HPV sont développées aux dépens des cellules épithéliales.",Mélanome,"Correcte, car le mélanome est développé aux dépens des mélanocytes.",d
492,OIC-302-10-B,Quel est le risque de transformation d'un naevus congénital de petite taille en mélanome ?,La question évalue la connaissance de la physiopathologie des nævi et du risque de transformation en mélanome.,Le risque est comparable à celui des nævus communs.,Correcte. Le risque de transformation d'un naevus congénital de petite taille est comparable à celui des nævus communs.,Le risque est très faible (probabilité inférieure à 1 pour 1000).,Incorrecte. Le risque de transformation d'un naevus congénital de petite taille est comparable à celui des nævus communs.,Le risque est très faible (probabilité inférieure à 1 pour 100 000).,Incorrecte. Le risque de transformation d'un naevus congénital de petite taille est comparable à celui des nævus communs.,Le risque est très faible (probabilité inférieure à 1 pour 10 000).,Incorrecte. Le risque de transformation d'un naevus congénital de petite taille est comparable à celui des nævus communs.,a
493,OIC-302-14-B,Quel type de lésion est représentée sur la photographie ci-dessus ?,La question évalue la reconnaissance d'une lésion précancéreuse cutanée.,Kératose actinique,Correcte. La photographie montre des kératoses actiniques typiques.,Carcinome basocellulaire,"Incorrecte. La photographie montre des kératoses actiniques, pas un carcinome basocellulaire.",Carcinome épidermoïde,"Incorrecte. La photographie montre des kératoses actiniques, pas un carcinome épidermoïde.",Mélanome,"Incorrecte. La photographie montre des kératoses actiniques, pas un mélanome.",a
494,OIC-302-15-B,Quel type de carcinome basocellulaire est représenté par cette photographie ?,La question évalue la compréhension de la présentation clinique d'un carcinome basocellulaire.,Nodulaire,Correcte. La photographie montre un carcinome basocellulaire nodulaire.,Superficiel,Incorrecte. La photographie ne montre pas un carcinome basocellulaire superficiel.,Invasif,Incorrecte. La photographie ne montre pas un carcinome basocellulaire invasif.,Morpheaforme,Incorrecte. La photographie ne montre pas un carcinome basocellulaire morpheaforme.,a
495,OIC-310-02-B,Un homme de 65 ans présente un PSA de 10 ng/mL. Quel est le nombre de nouveaux cas de cancer de la prostate par an en France ?,Cette question évalue la compréhension de l'épidémiologie du cancer de la prostate.,51 000,Correcte. Le nombre de nouveaux cas de cancer de la prostate par an en France est de 51 000.,31 200,Incorrecte. Ce nombre correspond à l'incidence annuelle de cancer du poumon en France.,23 200,Incorrecte. Ce nombre correspond à l'incidence annuelle de cancer colo-rectal en France.,8 700,Incorrecte. Ce nombre correspond à la mortalité annuelle du cancer de la prostate en France.,a
496,OIC-312-02-B,Quel facteur de risque de cancer du sein est associé à un indice de masse corporelle élevé ?,La question évalue la compréhension des facteurs de risque du cancer du sein. L'option incorrecte doit être un facteur de risque non lié à l'IMC.,Ménarches précoces,Ménarches précoces sont associées à un risque plus faible de cancer du sein.,Antécédents familiaux de cancer du sein ou des ovaires,"Antécédents familiaux de cancer du sein ou des ovaires sont associés à un risque plus élevé de cancer du sein, mais ne sont pas liés à l'IMC.",Sédentarité,"Sédentarité est associée à un risque plus élevé de cancer du sein, mais ne est pas liée à l'IMC.",Indice de masse corporelle élevé,Correct. L'IMC élevé est un facteur de risque de cancer du sein.,d
497,OIC-312-04-A,Quel est le premier stade de la dissémination d'un cancer du sein invasif ?,La question évalue la compréhension de l'histoire naturelle du cancer du sein et ses modes de dissémination.,Par voie lymphatique,Correcte. Le cancer du sein invasif peut diffuser par voie lymphatique.,Par voie hématogène,Correcte. Le cancer du sein invasif peut diffuser par voie hématogène.,Par contiguïté,Correcte. Le cancer du sein invasif peut diffuser par contiguïté.,Aucune des voies ci-dessus,"Incorrecte. Le cancer du sein invasif peut diffuser par voie lymphatique, par voie hématogène ou par contiguïté.",a
498,OIC-312-05-A,Quel examen est recommandé tous les 2 ans pour les femmes de 50 à 74 ans sans facteurs de risque ?,Cette question évalue la compréhension de la modalité de dépistage recommandée pour les femmes de 50 à 74 ans sans facteurs de risque.,Examen clinique mammaire,"Cet examen est recommandé tous les ans dès l’âge de 25 ans, pas tous les 2 ans pour les femmes de 50 à 74 ans sans facteurs de risque.",Mammographie de dépistage,"C'est le bon choix, un programme organisé de dépistage de masse du cancer du sein repose sur l'invitation systématique de ces femmes à bénéficier tous les 2 ans d'un examen clinique des seins ainsi que d'une mammographie de dépistage par un radiologue agréé.",Échographie,"Cet examen est proposé pour les femmes à risque élevé ou très élevé, pas pour les femmes de 50 à 74 ans sans facteurs de risque.",IRM mammaire,"Cet examen est proposé pour les femmes à risque élevé ou très élevé, pas pour les femmes de 50 à 74 ans sans facteurs de risque.",b
499,OIC-312-07-B,Quel signe clinique est présent sur la photographie de la vignette 2?,La question évalue la compréhension des signes cliniques des tumeurs du sein.,Asymétrie mammaire,Correcte. L'asymétrie mammaire est visible sur la photographie.,Sein inflammatoire,Correcte. Le sein gauche est inflammatoire et œdématié sur la photographie.,Rétraction mammaire,Incorrecte. La rétraction mammaire n'est pas visible sur la photographie.,Aspect de peau d’orange,Correcte. L'aspect de peau d’orange est visible sur la photographie.,d
500,OIC-312-10-B,Quel est le diagnostic le plus fréquent chez les femmes de 35 à 50 ans ayant des mastodynies en rapport avec les cycles menstruels?,"Cette question évalue la compréhension de la mastopathie fibrokystique, une tumeur bénigne du sein.",Carcinome infiltrant de type non spécifique,"C'est un carcinome malignant du sein, mais il est plus fréquent chez des femmes plus âgées.",Mastopathie fibrokystique,C'est une tumeur bénigne du sein fréquente chez les femmes de 35 à 50 ans ayant des mastodynies en rapport avec les cycles menstruels.,Carcinome lobulaire infiltrant,"C'est un carcinome malignant du sein, mais il est plus fréquent chez des femmes plus âgées.",Adénofibrome,"C'est une tumeur bénigne du sein, mais elle se présente chez des femmes jeunes, y compris adolescentes.",b
501,OIC-315-01-A,Un patient de 10 ans présente un taux de blastes de 25% au myélogramme. Quel diagnostic est le plus probable?,Cette question évalue la compréhension des critères définissant une leucémie aiguë.,Leucémie aiguë lymphoblastique,"Le taux de blastes est supérieur à 20%, ce qui est caractéristique de la leucémie aiguë lymphoblastique.",Leucémie aiguë myéloïde,"Le taux de blastes est supérieur à 20%, ce qui est caractéristique de la leucémie aiguë myéloïde.",Anémie ferriprive,"L'anémie ferriprive est une anémie due à une carence en fer, et n'est pas caractérisée par un taux de blastes élevé.",Insuffisance médullaire,"L'insuffisance médullaire est un signe clinique lié à la leucémie aiguë, mais n'est pas un diagnostic.",a
502,OIC-315-06-A,"Un patient de 10 ans présente une anémie arégénérative normo- ou macrocytaire, une thrombopénie et une neutropénie. Quel traitement initier pour confirmer le diagnostic de leucémie aiguë?",La question évalue la compréhension des signes cliniques de leucémie aiguë sur l'hémogramme.,Myélogramme,Le myélogramme est un examen diagnostique utile pour confirmer le diagnostic de leucémie aiguë.,Traitement de la thrombopénie,Le traitement de la thrombopénie n'est pas spécifique à la leucémie aiguë et ne permet pas de confirmer le diagnostic.,Traitement de l'anémie,Le traitement de l'anémie n'est pas spécifique à la leucémie aiguë et ne permet pas de confirmer le diagnostic.,Traitement de la neutropénie,Le traitement de la neutropénie n'est pas spécifique à la leucémie aiguë et ne permet pas de confirmer le diagnostic.,a
503,OIC-315-07-B,Quel examen permet la caractérisation immunophénotypique des blastes de la leucémie aiguë chez un enfant?,La question évalue la compréhension de l'intérêt diagnostique du myélogramme pour la caractérisation immunophénotypique des blastes de la leucémie aiguë chez un enfant.,Examen hématologique,L'examen hématologique ne permet pas la caractérisation immunophénotypique des blastes de la leucémie aiguë.,Examen cytologique de la moelle osseuse,L'examen cytologique de la moelle osseuse permet la caractérisation immunophénotypique des blastes de la leucémie aiguë.,Examen de la peau,L'examen de la peau ne permet pas la caractérisation immunophénotypique des blastes de la leucémie aiguë.,Examen de l'urine,L'examen de l'urine ne permet pas la caractérisation immunophénotypique des blastes de la leucémie aiguë.,b
504,OIC-315-08-A,Quelle est la prévalence annuelle des leucémies aigues de l'enfant en France ?,Cette question évalue la connaissance de la prévalence des leucémies aigues de l'enfant en France.,400 LAL en France <15ans / an,Cette option est correcte car elle correspond à la prévalence annuelle des leucémies aigues lymphoblastiques en France.,100 LAM en France / an,Cette option est correcte car elle correspond à la prévalence annuelle des leucémies aigues myéloblastiques en France.,75% des leucémies de l'enfant sont des lymphoblastes immatures de la lignée B,Cette option est correcte car elle correspond à la proportion de leucémies aigues lymphoblastiques qui sont des lymphoblastes immatures de la lignée B.,Les leucémies aigues représentent 30-35% des cancers de l'enfant,Cette option est correcte car elle correspond à la proportion de cancers de l'enfant qui sont des leucémies aigues.,a
505,OIC-315-10-B,"Quel examen doit être réalisé avant tout traitement spécifique chez un enfant présentant une anémie, une thrombopénie et une neutropénie à l'hémogramme ?",Cette question évalue la compréhension de l'indication d'un myélogramme chez un enfant présentant des cytopénies.,Analyse du LCR,L'analyse du LCR n'est pas nécessaire pour poser l'indication d'un myélogramme.,Myélogramme,Correct,Analyse de la sérologie,L'analyse de la sérologie n'est pas nécessaire pour poser l'indication d'un myélogramme.,Analyse de la sérologie et de l'hémogramme,L'analyse de la sérologie n'est pas nécessaire pour poser l'indication d'un myélogramme.,b
506,OIC-325-01-A,"Un patient de 70 ans présente une diarrhée chronique, une fatigue et une perte de poids. Il a été traité par un médicament pour une autre pathologie. Quel est le terme qui décrit cette réaction nocive suspectée d'être due à ce médicament ?",Cette question évalue la compréhension de la définition d'un effet indésirable médicamenteux.,Effet indésirable médicamenteux,Correcte. La réaction nocive suspectée d'être due à un médicament est un effet indésirable médicamenteux.,Effet indésirable non voulu,Correcte. Une réaction nocive suspectée d'être due à un médicament est un effet indésirable non voulu.,Effet indésirable voulu,Incorrecte. Une réaction nocive suspectée d'être due à un médicament est un effet indésirable non voulu.,Effet désirable médicamenteux,Incorrecte. Une réaction nocive suspectée d'être due à un médicament est un effet indésirable non voulu.,a
507,OIC-325-04-B,Quelle règle pédagogique est mise en place pour prévenir les erreurs dans le circuit du médicament ?,La question évalue la compréhension de la règle des 5B pour prévenir les erreurs médicamenteuses.,La règle des 5C,Cette option est incorrecte car la règle correcte est la règle des 5B.,La règle des 5D,Cette option est incorrecte car la règle correcte est la règle des 5B.,La règle des 5E,Cette option est incorrecte car la règle correcte est la règle des 5B.,La règle des 5B,Cette option est correcte car la règle des 5B est mise en place pour prévenir les erreurs dans le circuit du médicament.,d
508,OIC-325-06-B,Quelle est l'incidence observée pour les événements indésirables graves en cours d'hospitalisation en médecine ou chirurgie ?,Cette question évalue la compréhension de l'incidence des événements indésirables graves en cours d'hospitalisation en médecine ou chirurgie.,2% environ,"Incorrecte, l'incidence observée est de 7% environ.",5% environ,"Correcte, l'incidence observée est de 7% environ.",10% environ,"Incorrecte, l'incidence observée est de 7% environ.",15% environ,"Incorrecte, l'incidence observée est de 7% environ.",b
509,OIC-325-08-A,Quel type de surveillance est la mission principale de la pharmacovigilance ?,La question évalue la compréhension de la mission principale de la pharmacovigilance.,"Surveillance, évaluation, prévention et gestion du risque d'effet indésirable résultant de l'utilisation des médicaments","Correcte. La pharmacovigilance a pour objet la surveillance, l’évaluation, la prévention et la gestion du risque d'effet indésirable résultant de l'utilisation des médicaments.",Surveillance et évaluation des effets indésirables des médicaments,"Incorrecte. La pharmacovigilance a pour objet la surveillance, l’évaluation, la prévention et la gestion du risque d'effet indésirable résultant de l'utilisation des médicaments.",Prévention et gestion du risque d'effet indésirable résultant de l'utilisation des médicaments,"Incorrecte. La pharmacovigilance a pour objet la surveillance, l’évaluation, la prévention et la gestion du risque d'effet indésirable résultant de l'utilisation des médicaments.",Évaluation des effets indésirables des médicaments,"Incorrecte. La pharmacovigilance a pour objet la surveillance, l’évaluation, la prévention et la gestion du risque d'effet indésirable résultant de l'utilisation des médicaments.",a
510,OIC-325-10-A,Quel est le moyen de déclaration d'un effet indésirable suspecté dû à un médicament ?,La question évalue la compréhension de la déclaration d'un effet indésirable suspecté dû à un médicament.,Par les entreprises ou organisations exploitant les médicaments,Incorrecte. Les entreprises ou organisations exploitant les médicaments ne déclarent pas les effets indésirables suspectés d'être dus à un médicament.,Par les patients et les associations agréées de patients,"Partiellement correcte. Les patients et les associations agréées de patients peuvent déclarer les effets indésirables suspectés d'être dus à un médicament, mais c'est un moyen de déclaration secondaire.",Via le portail de déclaration des événements sanitaires indésirables : <nowiki>https://signalement.social-sante.gouv.fr</nowiki>,Correcte. Le portail de déclaration des événements sanitaires indésirables est le moyen officiel de déclaration d'un effet indésirable suspecté dû à un médicament.,"Par les professionnels de santé (déclaration des effets indésirables médicamenteux obligatoire, en particulier les effets graves et/ou inattendus)","Correcte. Les professionnels de santé déclarent les effets indésirables suspectés d'être dus à un médicament, en particulier les effets graves et/ou inattendus.",c
511,OIC-325-11-A,Quel est l'objet de l'addictovigilance en France ?,Cette question évalue la compréhension de l'objectif de l'addictovigilance en France.,"Surveillance, évaluation, prévention et gestion du risque d'abus, d'usage détourné et de pharmacodépendance lié à la consommation de toute substance psychoactive, médicamenteuse ou non, à l’exclusion de l’alcool et du tabac.","Correcte. L'addictovigilance en France a pour objet la surveillance, l’évaluation, la prévention et la gestion du risque d'abus, d'usage détourné et de pharmacodépendance lié à la consommation de toute substance psychoactive, médicamenteuse ou non, à l’exclusion de l’alcool et du tabac.","Surveillance, évaluation, prévention et gestion du risque d'abus, d'usage détourné et de pharmacodépendance lié à la consommation de toute substance psychoactive, médicamenteuse ou non, à l’exclusion de l'alcool, du tabac et des plantes.",Incorrecte. L'addictovigilance en France ne surveille pas les plantes.,"Surveillance, évaluation, prévention et gestion du risque d'abus, d'usage détourné et de pharmacodépendance lié à la consommation de toute substance psychoactive, médicamenteuse ou non, à l’exclusion de l'alcool, du tabac et des médicaments.",Incorrecte. L'addictovigilance en France ne surveille pas les médicaments.,"Surveillance, évaluation, prévention et gestion du risque d'abus, d'usage détourné et de pharmacodépendance lié à la consommation de toute substance psychoactive, médicamenteuse ou non, à l’exclusion de l'alcool, du tabac, des médicaments et des plantes.",Incorrecte. L'addictovigilance en France ne surveille pas les plantes.,a
512,OIC-325-15-A,"Un patient de 70 ans présente une confusion mentale, une polyurie et une polydipsie. Quel traitement initier pour cette situation?",Évaluer la compréhension de l'erreur médicamenteuse et de ses conséquences,Administrer des diurétiques,Cette option est incorrecte car les diurétiques peuvent aggraver la confusion mentale et la polydipsie,Administrer des antipsychotiques,Cette option est incorrecte car les antipsychotiques peuvent aggraver la polyurie,Administrer des médicaments diurétiques et antipsychotiques,Cette option est incorrecte car les diurétiques peuvent aggraver la confusion mentale et la polydipsie et les antipsychotiques peuvent aggraver la polyurie,Administrer des médicaments diurétiques et antidiabétiques,Cette option est correcte car les médicaments diurétiques peuvent aider à traiter la polyurie et les antidiabétiques peuvent aider à traiter la polydipsie,d
513,OIC-325-18-B,Quel est la définition de la contrefaçon d'un médicament selon l'Organisation Mondiale de la Santé (OMS) ?,La question évalue la compréhension de la définition de la contrefaçon d'un médicament selon l'OMS.,"La contrefaçon d'un médicament est la fausse représentation délibérée et frauduleuse d’un médicament : de son identité, de sa source, et/ou de sa composition.",Correcte. Cette option est la définition de la contrefaçon d'un médicament selon l'OMS.,"La contrefaçon d'un médicament est la fausse représentation délibérée et frauduleuse d’un médicament : de son identité, de sa source, et/ou de sa composition, et de son principe actif.",Incorrecte. La définition de l'OMS ne mentionne pas le principe actif du médicament.,"La contrefaçon d'un médicament est la fausse représentation délibérée et frauduleuse d’un médicament : de son identité, de sa source, et/ou de sa composition, et de son principe actif en quantité insuffisante.",Incorrecte. La définition de l'OMS ne mentionne pas que le principe actif du médicament doit être en quantité insuffisante.,"La contrefaçon d'un médicament est la fausse représentation délibérée et frauduleuse d’un médicament : de son identité, de sa source, et/ou de sa composition, et de son principe actif en quantité supérieure.",Incorrecte. La définition de l'OMS ne mentionne pas que le principe actif du médicament doit être en quantité supérieure.,a
514,OIC-326-02-A,Un patient de 65 ans est hospitalisé pour une insuffisance rénale aiguë. Il présente une hématurie et une acidose tubulaire. Le médecin prescripteur veut traiter le patient avec un médicament générique. Quel médicament générique doit-il prescrire pour traiter l'insuffisance rénale aiguë de ce patient ?,"La question évalue la compréhension de la différence entre un médicament générique et un médicament biosimilaire, ainsi que la prescription de médicament générique pour une insuffisance rénale aiguë.",Furosemide,Furosemide est un diurétique qui peut être utilisé pour traiter l'insuffisance rénale aiguë. Il est disponible en tant que médicament générique.,Enoxaparine,"Enoxaparine est un anticoagulant qui n'est pas utilisé pour traiter l'insuffisance rénale aiguë. Il est disponible en tant que médicament générique, mais ne peut pas être utilisé pour traiter cette maladie.",Insuline,"Insuline est un médicament utilisé pour traiter le diabète. Il est disponible en tant que médicament générique, mais ne peut pas être utilisé pour traiter l'insuffisance rénale aiguë.",Ranitidine,"Ranitidine est un antihistaminique H2 qui n'est pas utilisé pour traiter l'insuffisance rénale aiguë. Il est disponible en tant que médicament générique, mais ne peut pas être utilisé pour traiter cette maladie.",a
515,OIC-326-06-B,Quel est l'objectif du développement professionnel continu (DPC) pour les médecins inscrits à l'Ordre des médecins ?,Cette question évalue la compréhension de l'objectif du DPC pour les médecins inscrits à l'Ordre des médecins.,Maintien et actualisation des connaissances et des compétences,Cette option est incorrecte car elle ne mentionne pas l'amélioration des pratiques.,Amélioration des pratiques,Cette option est incorrecte car elle ne mentionne pas le maintien et l'actualisation des connaissances et des compétences.,Engagement dans une démarche d'accréditation,Cette option est incorrecte car elle ne correspond pas à l'objectif du DPC.,Maintien et actualisation des connaissances et des compétences ainsi que l'amélioration des pratiques,Cette option est correcte car elle résume l'objectif du DPC.,d
516,OIC-326-07-B,"Un patient de 65 ans, atteint d'une insuffisance rénale chronique, est hospitalisé pour une infection urinaire. Le médecin prescrit un antibiotique générique pour traiter l'infection. Quel rapport bénéfice/risque doit être évalué pour cette prescription ?",La question évalue la compréhension de l'évaluation pré-thérapeutique et du rapport bénéfice/risque pour une prescription médicamenteuse.,Le rapport bénéfice/risque doit être évalué en fonction de l'âge du patient.,"L'âge du patient n'est pas un facteur déterminant pour l'évaluation du rapport bénéfice/risque. Il doit être évalué en fonction de la physiologie du patient, de ses antécédents médicaux, de ses grandes fonctions d’épuration, de ses traitements médicamenteux déjà prescrits et de l'objectif thérapeutique.",Le rapport bénéfice/risque doit être évalué en fonction de la fonction hépatique du patient.,"La fonction hépatique n'est pas un facteur déterminant pour l'évaluation du rapport bénéfice/risque. Il doit être évalué en fonction de la physiologie du patient, de ses antécédents médicaux, de ses grandes fonctions d’épuration, de ses traitements médicamenteux déjà prescrits et de l'objectif thérapeutique.",Le rapport bénéfice/risque doit être évalué en fonction de l'origine ethnique du patient.,"L'origine ethnique n'est pas un facteur déterminant pour l'évaluation du rapport bénéfice/risque. Il doit être évalué en fonction de la physiologie du patient, de ses antécédents médicaux, de ses grandes fonctions d’épuration, de ses traitements médicamenteux déjà prescrits et de l'objectif thérapeutique.",Le rapport bénéfice/risque doit être évalué en fonction de la fonction rénale du patient.,"La fonction rénale est un facteur déterminant pour l'évaluation du rapport bénéfice/risque. Il doit être évalué en fonction de la physiologie du patient, de ses antécédents médicaux, de ses grandes fonctions d’épuration, de ses traitements médicamenteux déjà prescrits et de l'objectif thérapeutique.",d
517,OIC-328-01-A,"Un patient de 65 ans, atteint d'une pathologie chronique, a été prescrit un dispositif médical pour améliorer sa mobilité. Quel est le but de l'évaluation du dispositif ?",Cette question évalue la compréhension de l'évaluation des dispositifs médicaux en fonction de leur efficacité thérapeutique et de leur tolérance.,"Rapport efficacité thérapeutique (déficience, activités et participation avec le dispositif) / tolérance (complications)","Correcte. L'évaluation du dispositif doit prendre en compte l'efficacité thérapeutique du dispositif en fonction de la déficience, des activités et de la participation du patient avec le dispositif, ainsi que sa tolérance en fonction des complications.","Observance, conditions d’utilisation, entretien, facilité d’usage, surveillance, renouvellement","Incorrecte. Bien que ces éléments soient importants pour l'utilisation du dispositif, ils ne constituent pas l'évaluation du dispositif.","Rapport efficacité thérapeutique (déficience, activités et participation sans le dispositif) / tolérance (complications avec le dispositif)","Incorrecte. L'évaluation du dispositif doit prendre en compte l'efficacité thérapeutique du dispositif en fonction de la déficience, des activités et de la participation du patient avec le dispositif, pas sans le dispositif.","Observance, conditions d’utilisation, entretien, facilité d’usage, surveillance, renouvellement avec le dispositif","Incorrecte. Bien que ces éléments soient importants pour l'utilisation du dispositif, ils ne constituent pas l'évaluation du dispositif.",a
518,OIC-328-02-A,Qu'est-ce qu'un dispositif médical selon la nouvelle règlementation européenne de mai 2021 ?,La question évalue la compréhension de la définition d'un dispositif médical selon la nouvelle règlementation européenne de mai 2021.,"Tout instrument, appareil, équipement, matière, produit (à l’exception des produits d’origine humaine) y compris les accessoires et logiciels, utilisé seul ou en association, à des fins médicales chez l’homme, et dont l’action principale voulue n’est pas obtenue par des moyens pharmacologiques, immunologiques ou métaboliques",Correcte,"Tout instrument, appareil, équipement, matière, produit (à l’exception des produits d’origine humaine) y compris les accessoires et logiciels, utilisé seul ou en association, à des fins médicales chez l’homme, et dont l’action principale voulue est obtenue par des moyens pharmacologiques, immunologiques ou métaboliques",Incorrecte,"Tout instrument, appareil, équipement, matière, produit (à l’exception des produits d’origine humaine) y compris les accessoires et logiciels, utilisé seul ou en association, à des fins médicales chez l’homme, et dont l’action principale voulue est obtenue par des moyens pharmacologiques, immunologiques ou métaboliques, et dont les prix et les remboursements par les organismes sociaux sont réglementés",Incorrecte,"Tout instrument, appareil, équipement, matière, produit (à l’exception des produits d’origine humaine) y compris les accessoires et logiciels, utilisé seul ou en association, à des fins médicales chez l’homme, et dont l’action principale voulue est obtenue par des moyens pharmacologiques, immunologiques ou métaboliques, et dont les prix et les remboursements par les organismes sociaux sont non réglementés",Incorrecte,a
519,OIC-328-03-B,Quel professionnel doit prescrire les fauteuils roulants électriques ?,Cette question évalue la compréhension des aspects réglementaires et médico-économiques des thérapeutiques non médicamenteuses.,Médecin généraliste,"Incorrecte, le médecin généraliste ne peut prescrire que le renouvellement des fauteuils roulants électriques.",Kinésithérapeute,"Incorrecte, la kinésithérapeute peut prescrire certains types d'aides techniques, mais pas les fauteuils roulants électriques.",Médecin spécialiste,"Correcte, le médecin spécialiste doit prescrire les fauteuils roulants électriques initialement.",IDE,"Incorrecte, l'IDE peut prescrire certains types d'aides techniques, mais pas les fauteuils roulants électriques.",c
520,OIC-328-07-B,"Un patient de 65 ans, atteint d'une fracture du fémur, doit être équipé d'une orthèse. Quelle orthèse doit-il recevoir ?",Évaluation de la compréhension des modalités de prescription des orthèses,Orthèse de plâtre,Incorrecte car l'orthèse de plâtre n'est pas un appareillage de petit ou grand appareillage,Orthèse de genou,Incorrecte car l'orthèse de genou n'est pas appropriée pour une fracture du fémur,Orthèse de hanche,Incorrecte car l'orthèse de hanche n'est pas appropriée pour une fracture du fémur,Orthèse de fémur,Correcte car l'orthèse de fémur est appropriée pour une fracture du fémur,d
521,OIC-328-08-A,Quel élément constitutif d'une prothèse de membre supérieur est à la fois fonctionnel et esthétique ?,La question évalue la compréhension des éléments constitutifs d'une prothèse de membre supérieur et la distinction entre fonctionnel et esthétique.,Manchon,Le manchon est enfilé sur le membre résiduel et n'est pas esthétique.,Emboîture,"L'emboîture accueille le membre résiduel et le manchon, mais n'est pas esthétique.",Effecteurs intermédiaires,Les effecteurs intermédiaires sont des pièces de liaison qui ne sont pas esthétiques.,Habillage esthétique,L'habillage esthétique est esthétique et peut être utilisé pour une prothèse de membre supérieur.,d
522,OIC-330-01-A,"Un patient de 65 ans, atteint d'arthrite rhumatoïde, présente une douleur chronique de la région lombaire. Le médecin lui prescrit un anti-inflammatoire non stéroïdien (AINS). Quel type de médicament doit-il prescrire pour minimiser les risques de complications digestives ?","Cette question évalue la compréhension des indications et des effets indésirables des AINS, ainsi que la prise en compte du terrain du patient.",Ibuprofène,"Ibuprofène est un AINS non sélectif qui peut augmenter les risques de complications digestives, notamment chez les sujets âgés.",Diclofénac,"Diclofénac est un AINS non sélectif qui peut augmenter les risques de complications digestives, notamment chez les sujets âgés.",Naproxène,"Naproxène est un AINS non sélectif qui peut augmenter les risques de complications digestives, notamment chez les sujets âgés.",Celecoxib,"Celecoxib est un AINS sélectif de la Cox-2 qui peut réduire les risques de complications digestives, notamment chez les sujets âgés.",d
523,OIC-330-02-A,Un patient de 65 ans présente un œdème de membres inférieurs et une hypertension artérielle. Quel diurétique initier pourrait être le plus approprié ?,"Cette question évalue la compréhension des mécanismes d'action, indications et effets secondaires des diurétiques. Elle teste également la capacité à choisir le diurétique le plus approprié en fonction des signes cliniques.",Diurétique de l’anse (exemple : furosémide),"Ce diurétique peut être utilisé pour traiter les œdèmes d’origine cardiaque, rénale ou hépatique. Cependant, il peut entraîner une déplétion de potassium et d’autres effets indésirables.",Diurétique thiazidique (exemple : hydrochlorothiazide),"Ce diurétique peut être utilisé pour traiter l’hypertension artérielle et les œdèmes d’origine cardiaque, rénale ou hépatique. Cependant, il peut entraîner une déplétion de potassium et d’autres effets indésirables.",Diurétique épargneur de potassium (exemple : amiloride),"Ce diurétique peut être utilisé en association avec les diurétiques thiazidiques ou de l’anse pour prévenir la déplétion potassique. Cependant, il peut entraîner une acidose métabolique et d’autres effets indésirables.",Diurétique épargneur de potassium (exemple : spironolactone),"Ce diurétique peut être utilisé pour traiter l’hypertension artérielle essentielle et hypertension artérielle résistante, l’insuffisance cardiaque stade III ou IV et l’hyperaldostéronisme secondaire. Cependant, il peut entraîner des effets indésirables tels que la gynécomastie, l’impuissance, l’irrégularité menstruelle, les troubles de la libido et d’autres effets indésirables.",b
524,OIC-330-07-A,Un patient de 65 ans est hospitalisé pour un syndrome coronarien aigu. Il est traité avec une héparine de bas poids moléculaire (HBPM). Quelle surveillance biologique doit-il recevoir pour détecter une thrombopénie induite par l'héparine ?,Cette question évalue la compréhension de la surveillance biologique nécessaire pour détecter une thrombopénie induite par l'héparine dans un patient traité avec une HBPM pour un syndrome coronarien aigu.,Une surveillance des plaquettes une fois par semaine pendant un mois,Cette option est incorrecte car elle est inadéquate pour un patient à risque fort de thrombopénie induite par l'héparine.,Une surveillance des plaquettes deux à trois fois par semaine pendant un mois,Cette option est correcte car elle est appropriée pour un patient à risque fort de thrombopénie induite par l'héparine.,Une surveillance des plaquettes une fois par semaine,Cette option est incorrecte car elle est inadéquate pour un patient à risque fort de thrombopénie induite par l'héparine.,Une surveillance des plaquettes une fois par mois pendant un mois,Cette option est incorrecte car elle est inadéquate pour un patient à risque fort de thrombopénie induite par l'héparine.,b
525,OIC-330-08-A,Un patient de 65 ans est hospitalisé pour une fibrillation atriale non valvulaire. Le médecin lui prescrit un anticoagulant oral direct (AOD) pour prévenir la thrombose veineuse profonde proximale. Quel AOD est le plus approprié pour ce patient?,Cette question évalue la compréhension des indications des AOD pour la prévention de la thrombose veineuse profonde proximale dans le contexte d'une fibrillation atriale non valvulaire.,Apixaban,Apixaban est un AOD qui est indiqué pour la prévention de la thrombose veineuse profonde proximale dans le contexte d'une fibrillation atriale non valvulaire.,Rivaroxaban,"Rivaroxaban est un AOD qui est indiqué pour la prévention de la thrombose veineuse profonde proximale dans le contexte d'une fibrillation atriale non valvulaire, mais il est contre-indiqué dans le cas d'une insuffisance rénale sévère.",Dabigatran,"Dabigatran est un AOD qui est indiqué pour la prévention de la thrombose veineuse profonde proximale dans le contexte d'une fibrillation atriale non valvulaire, mais il est contre-indiqué dans le cas d'une insuffisance rénale sévère.",Acénocoumarol,"Acénocoumarol est un coumarinique qui est indiqué pour la prévention de la thrombose veineuse profonde proximale dans le contexte d'une fibrillation atriale non valvulaire, mais il est contre-indiqué dans le cas d'une insuffisance rénale sévère.",a
526,OIC-330-10-A,"Un patient de 65 ans, atteint d'un trouble dépressif majeur, est traité par un inhibiteur spécifique de la recapture de la sérotonine. Quel mécanisme d'action est utilisé par ce médicament ?",La question évalue la compréhension du mécanisme d'action des inhibiteurs spécifiques de la recapture de la sérotonine.,Inhibition de la phosphodiestérase 4,Cette option est incorrecte car les inhibiteurs spécifiques de la recapture de la sérotonine ne sont pas des inhibiteurs de la phosphodiestérase 4.,Inhibition de la recapture de la sérotonine,"Cette option est correcte car les inhibiteurs spécifiques de la recapture de la sérotonine sont des médicaments qui bloquent la recapture de la sérotonine dans les neurones, augmentant ainsi la concentration de sérotonine dans le système nerveux.",Inhibition de la recapture de la noradrénaline,Cette option est incorrecte car les inhibiteurs spécifiques de la recapture de la sérotonine ne sont pas des médicaments qui bloquent la recapture de la noradrénaline.,Inhibition de la recapture de la dopamine,Cette option est incorrecte car les inhibiteurs spécifiques de la recapture de la sérotonine ne sont pas des médicaments qui bloquent la recapture de la dopamine.,b
527,OIC-330-14-A,Un patient de 65 ans a été diagnostiqué de diabète sucré de type 1. Quelle insuline est la plus appropriée pour lui ?,La question évalue la compréhension de la différence entre les types de diabète sucré et la sélection de l'insuline appropriée en fonction du type.,Insuline rapide,"L'insuline rapide est appropriée pour les repas, mais elle ne suffit pas pour la base.",Insuline intermédiaire,"L'insuline intermédiaire est appropriée pour la base, mais elle ne suffit pas pour les repas.",Insuline lente,L'insuline lente est appropriée pour la base et peut être utilisée pour les repas en combinaison avec une insuline rapide.,Insuline pré-mêlée,"L'insuline pré-mêlée est une combinaison d'insulines rapide et lente, mais elle ne peut pas être utilisée pour la base seule.",c
528,OIC-332-01-A,"Un patient de 65 ans présente une hypotension artérielle, une tachycardie réactionnelle, des marbrures, une polypnée, une confusion, une oligurie et une lactatémie >2mmol/L. Quel diagnostic est le plus probable ?",Cette question évalue la compréhension de la définition de l'état de choc et des signes cliniques associés.,Choc hypovolémique,"L'hypotension artérielle, la tachycardie réactionnelle et les marbrures sont des signes de choc hypovolémique, mais l'absence d'une cause évidente d'hypovolémie (ex : hémorragie, diarrhée) rend cette hypothèse peu probable.",Choc septique,"L'hypotension artérielle, la tachycardie réactionnelle, les marbrures, la polypnée, la confusion, l'oligurie et la lactatémie >2mmol/L sont des signes cliniques associés au choc septique. La présence de la lactatémie >2mmol/L intégrée dans la définition du choc septique rend cette hypothèse la plus probable.",Choc cardiogénique,"L'hypotension artérielle, la tachycardie réactionnelle et les marbrures sont des signes de choc cardiogénique, mais l'absence de signes électrocardiographiques spécifiques (ex : ondes T inversées) rend cette hypothèse peu probable.",Choc anaphylactique,"L'hypotension artérielle, la tachycardie réactionnelle et les marbrures sont des signes de choc anaphylactique, mais l'absence de signes cliniques spécifiques (ex : œdème de Quincke, urticaria) rend cette hypothèse peu probable.",b
529,OIC-332-02-A,Quel type d'état de choc est le plus souvent associé à une hémorragie ?,Question évaluant la compréhension des principales étiologies des états de choc.,Cardiogénique,"Incorrecte, car la cardiogénèse n'est pas liée à l'hémorragie.",Distributif,"Incorrecte, car le choc distributif n'est pas lié à l'hémorragie.",Obstructif,"Incorrecte, car l'obstruction circulatoire n'est pas liée à l'hémorragie.",Hypovolémique,"Correcte, car l'hémorragie est une cause de diminution du volume intravasculaire.",d
530,OIC-332-06-B,Quel examen complémentaire est le plus utile pour caractériser le profil hémodynamique d'un patient en état de choc?,Cette question évalue la compréhension de l'examen complémentaire le plus utile pour caractériser le profil hémodynamique d'un patient en état de choc.,Lactates artériels veineux,Cet examen évalue la gravité de l'état de choc mais ne caractérise pas le profil hémodynamique.,Gaz du sang artériel : hypoxémie/acidose,Cet examen évalue la gravité de l'état de choc mais ne caractérise pas le profil hémodynamique.,Bilan hépatique : foie de choc,Cet examen évalue la gravité de l'état de choc mais ne caractérise pas le profil hémodynamique.,"Evaluation spécialisée en secteur de réanimation, comportant notamment l’échographie cardiaque",Cet examen est le plus utile pour caractériser le profil hémodynamique d'un patient en état de choc.,d
531,OIC-332-10-B,"Un patient de 60 ans, présentant une fièvre de 39°C, une tachycardie à 120 battements/min et une hypotension à 90/60 mmHg, a été admis en urgence. Quel traitement initier pour le choc septique?",La question évalue la compréhension de la prise en charge du choc septique.,Administrer de l'oxygène,L'oxygène n'est pas un traitement spécifique du choc septique.,Donner des antibiotiques,Les antibiotiques sont un traitement spécifique du choc septique.,Administrer de l'insuline,L'insuline n'est pas un traitement spécifique du choc septique.,Donner de la saline intraveineuse,La saline intraveineuse est un traitement spécifique du choc septique.,d
532,OIC-332-13-A,Quel traitement initier en cas d'état de choc anaphylactique ?,Évaluer la compréhension de la prise en charge immédiate d'un état de choc anaphylactique.,Injection d'adrénaline par voie IV,Injection d'adrénaline par voie IV est possible mais à réserver aux équipes entraînées et la dose est 10 fois moins élevée que par voie IM.,Injection d'adrénaline par voie IM,Injection d'adrénaline par voie IM est la première intention en cas d'état de choc anaphylactique.,Corticothérapie IV 1 mg/kg de méthylprednisolone,Corticothérapie IV 1 mg/kg de méthylprednisolone n’est pas une urgence et est un traitement préventif du rebond.,Antihistaminiques,Antihistaminiques ne sont efficaces que sur les signes cutanéo-muqueux.,b
533,OIC-336-01-A,"Un homme de 45 ans présente une altération aiguë de la vigilance et de la conscience. Il ne répond pas aux stimulations verbales, tactiles ou douloureuses. Il est-il conscient?",La question évalue la compréhension de la définition de coma et de la vigilance.,Oui,"La question demande si le patient est conscient, et il ne répond pas aux stimulations. Il est donc inconscient.",Non,"La question demande si le patient est conscient, et il ne répond pas aux stimulations. Il est donc inconscient.",Il est inconscient mais vigilant,"La question demande si le patient est conscient, et il ne répond pas aux stimulations. Il est donc inconscient. La vigilance est une condition nécessaire pour être conscient, mais elle n'est pas suffisante.",Il est conscient mais inconscient,"La question demande si le patient est conscient, et il ne répond pas aux stimulations. Il est donc inconscient. Il est impossible d'être conscient et inconscient à la fois.",b
534,OIC-336-07-A,Quel traitement initier pour une hypoglycémie chez un adulte?,Évaluer la compréhension de la gestion d'une hypoglycémie chez un adulte.,Administrer un sérum glucosé en IV direct (G30% 1 ampoule) si troubles de la conscience,Correct. Il est nécessaire d'administrer un sérum glucosé en IV direct si des troubles de la conscience sont présents.,Réévaluer la glycémie sanguine,Correct. Il est nécessaire de réévaluer la glycémie sanguine pour confirmer la correction de l'hypoglycémie.,"Par voie orale : sucre en morceau, jus d’orange",Correct. Il est possible de traiter l'hypoglycémie par voie orale si la conscience le permet.,Administrer un sérum glucosé par voie orale,Incorrect. Il est nécessaire d'administrer un sérum glucosé en IV direct si des troubles de la conscience sont présents.,a
535,OIC-336-10-B,Quel examen est préférable en 1ère intention si on suspecte une encéphalite ?,La question évalue la connaissance de l'IRM en cas de suspicion d'encéphalite.,Scanner cérébral,Incorrect. L'IRM est plus sensible que le scanner cérébral.,Examen de la moelle épinière,Incorrect. L'examen de la moelle épinière n'est pas utilisé pour suspecter une encéphalite.,Examen de la pression intracranienne,Incorrect. L'examen de la pression intracranienne n'est pas utilisé pour suspecter une encéphalite.,IRM cérébrale,Correct. L'IRM cérébrale est préférable en 1ère intention si on suspecte une encéphalite.,d
536,OIC-336-12-B,Quel signe clinique est absent dans l'engagement sous-falcoriel d'un effet de masse cérébral ?,La question évalue la compréhension des signes cliniques d'un engagement sous-falcoriel d'un effet de masse cérébral.,Déviation de la ligne médiane,Présent dans l'engagement sous-falcoriel d'un effet de masse cérébral.,Disparition des ventricules,Présent dans l'engagement sous-falcoriel d'un effet de masse cérébral.,Disparition de l’espace entre le lobe temporal et le tronc cérébral,Présent dans l'engagement sous-falcoriel d'un effet de masse cérébral.,Disparition des sinus caverneux,Absent dans l'engagement sous-falcoriel d'un effet de masse cérébral.,d
537,OIC-336-15-B,Un patient de 65 ans présente un coma non traumatique avec un score Glasgow de 7. Quel traitement doit être initié en priorité ?,Cette question évalue la compréhension de la gestion des complications d'un coma non traumatique chez un adulte.,Maintien de l'homéostasie,Correcte. Maintien de l'homéostasie est une mesure thérapeutique associée aux complications d'un coma non traumatique.,Mobilisation et prévention des complications du décubitus,"Incorrecte. Mobilisation et prévention des complications du décubitus sont des mesures thérapeutiques associées aux complications du coma non traumatique, mais elles ne doivent pas être initiées en priorité.",Perfusion de sérum physiologique (isotonique) à la perfusion de glucosé (hypotonique) en perfusion de base,"Incorrecte. Perfusion de sérum physiologique (isotonique) à la perfusion de glucosé (hypotonique) en perfusion de base est une mesure thérapeutique associée aux complications du coma non traumatique, mais elle ne doit pas être initiée en priorité.",Intubation orotrachéale et mise sous ventilation mécanique,Correcte. Intubation orotrachéale et mise sous ventilation mécanique sont les mesures thérapeutiques associées aux complications d'un coma non traumatique en priorité si le score Glasgow est inférieur à 8 et qu'il n'y a pas de cause rapidement réversible.,d
538,OIC-342-02-B,Quel mécanisme physiopathologique est responsable d'un malaise chez un adulte ?,Évaluer la compréhension de la physiopathologie d'un malaise chez un adulte.,Hypoglycémie,"Incorrecte, l'hypoglycémie n'est pas le mécanisme physiopathologique principal d'un malaise.",Hypotension artérielle orthostatique,"Partiellement correcte, l'hypotension artérielle orthostatique peut être une cause de malaise, mais elle n'est pas le mécanisme physiopathologique principal.",Hypoperfusion cérébrale,"Correcte, l'hypoperfusion cérébrale est le mécanisme physiopathologique principal d'un malaise.",Dysfonctionnement de l'activité cérébrale,"Correcte, le dysfonctionnement de l'activité cérébrale est le mécanisme physiopathologique principal d'une crise épileptique, mais peut également être responsable d'un malaise.",c
539,OIC-342-07-A,"Quel est le type de syncope chez un patient présentant une hypotension artérielle orthostatique, une bradycardie et un ECG montrant une bradycardie sinusale?",Question portant sur l'identification de la cause d'une syncope chez un patient présentant des signes cliniques et des résultats d'examens complémentaires.,Syncope cardiaque,Incorrecte car la bradycardie sinusale ne correspond pas à une syncope cardiaque.,Syncope réflexe,Incorrecte car l'hypotension artérielle orthostatique et la bradycardie ne correspondent pas à une syncope réflexe.,Syncope par hypotension,Correcte car la syncope peut être due à une hypotension artérielle orthostatique.,Syncope cardiovasculaire,Incorrecte car la syncope peut être due à une hypotension artérielle orthostatique et non à une syncope cardiovasculaire.,c
540,OIC-342-12-B,Quel examen complémentaire est recommandé en cas de malaise ou perte de connaissance présumés d'origine épileptique ?,Cette question évalue la compréhension de l'indication d'un électroencéphalogramme (EEG) en cas de malaise ou perte de connaissance présumés d'origine épileptique.,Électrocardiogramme (ECG),"L'ECG est un examen complémentaire utilisé pour évaluer les causes cardiaques des malaises, pas les causes neurologiques.",Tonometrie,"La tonométrie est un examen utilisé pour évaluer la pression artérielle, pas l'origine neurologique des malaises.",Crépitation,"La crépitation est un examen utilisé pour évaluer les voies respiratoires, pas l'origine neurologique des malaises.",Électroencéphalogramme (EEG),"L'EEG est un examen complémentaire utilisé pour évaluer les causes neurologiques des malaises, notamment les crises épileptiques.",d
541,OIC-342-13-B,Quel examen complémentaire est recommandé pour un patient ayant souffert d'une syncope ou d'une lipothymie?,"Cette question évalue la compréhension de l'examen complémentaire recommandé pour un patient ayant souffert d'une syncope ou d'une lipothymie. L'examen incorrect est un ionogramme sanguin et une créatininémie, qui ne sont pas recommandés pour ce type de symptôme.",Ionogramme sanguin et créatininémie,Cet examen n'est pas recommandé pour les syncopes ou les lipothymies.,Test d'inclinaison,Cet examen est recommandé pour les syncopes ou les lipothymies.,Monitoring ECG,Cet examen est recommandé pour les syncopes ou les lipothymies.,Étude électrophysiologique endocavitaire,Cet examen est recommandé pour les syncopes ou les lipothymies.,b
542,OIC-342-19-B,Quel traitement initier pour une hypotension artérielle orthostatique chez un sujet âgé ?,Évaluer la compréhension de la prise en charge de l'hypotension artérielle orthostatique chez un sujet âgé.,Administrer un traitement antihypertenseur,Traitement inapproprié pour l'hypotension artérielle orthostatique.,Prescrire des vêtements chauds et des chaussures adaptées,Traitement inapproprié pour l'hypotension artérielle orthostatique.,Administrer des médicaments contre les vertiges,Traitement inapproprié pour l'hypotension artérielle orthostatique.,Prescrire des exercices de conditionnement physique,Traitement approprié pour l'hypotension artérielle orthostatique.,d
543,OIC-347-04-A,Un patient de 65 ans présente aux urgences pour une douleur sus-pubienne et l'impossibilité d'uriner malgré réplétion vésicale. L'examen clinique révèle un globe vésical. Quel est le diagnostic le plus probable ?,Cette question évalue la compréhension des éléments cliniques de la rétention aiguë d'urine.,Rétention aiguë d'urine,Le patient présente les signes cliniques classiques de rétention aiguë d'urine.,Incontinence urinaire,L'incontinence urinaire est éliminée car il s'agit d'une incontinence par regorgement.,Prostatite,Le toucher rectal chez l'homme est nécessaire pour éliminer la prostatite.,Cancer de la prostate,Le toucher rectal chez l'homme est nécessaire pour éliminer le cancer de la prostate.,a
544,OIC-347-05-B,Quel symptôme peut être le seul signe de rétention aiguë d'urine chez un patient blessé médullaire avec une lésion au-dessus de T6?,La question évalue la compréhension de la présentation clinique atypique de la rétention aiguë d'urine chez un patient blessé médullaire.,Hyper-réflexie autonome,Correcte. Une hyper-réflexie autonome peut être le seul symptôme de rétention aiguë d'urine chez un patient blessé médullaire avec une lésion au-dessus de T6.,Douleur abdominale,Incorrecte. La douleur abdominale n'est pas nécessairement un symptôme de rétention aiguë d'urine chez un patient blessé médullaire.,Hématurie,Incorrecte. L'hématurie n'est pas nécessairement un symptôme de rétention aiguë d'urine chez un patient blessé médullaire.,Nausées,Incorrecte. Les nausées n'ont pas été mentionnées comme symptôme de rétention aiguë d'urine chez un patient blessé médullaire.,a
545,OIC-347-06-A,Quel signe clinique permet de différencier la rétention aiguë d'urine de l'anurie ?,La question évalue la compréhension des signes cliniques de la rétention aiguë d'urine et de l'anurie.,Le patient ne présente pas de globe vésical,Cette option est incorrecte car un patient avec rétention aiguë d'urine peut présenter un globe vésical.,Le patient ne présente pas de douleur,Cette option est incorrecte car un patient avec rétention aiguë d'urine peut présenter des douleurs abdominales.,Le patient ne présente pas l'envie d'uriner,Cette option est incorrecte car un patient avec rétention aiguë d'urine peut présenter l'envie d'uriner mais ne peut pas le faire.,Le patient présente un globe vésical,Cette option est correcte car un patient avec rétention aiguë d'urine peut présenter un globe vésical.,d
546,OIC-351-02-A,Qu'est-ce que les idées délirantes ?,La question évalue la compréhension de la définition des idées délirantes.,Perceptions sensorielles sans présence d’objet détectable,Incorrecte : cette définition correspond aux hallucinations.,"Altérations du contenu de la pensée entraînant une perte de contact avec la réalité, partagée par le groupe socio-culturel",Incorrecte : cette définition est incorrecte car les idées délirantes ne sont pas partagées par le groupe socio-culturel.,Perceptions sensorielles avec présence d’objet détectable,Incorrecte : cette définition correspond à une perception normale.,"Altérations du contenu de la pensée entraînant une perte de contact avec la réalité, non partagée par le groupe socio-culturel",Correcte : cette définition correspond aux idées délirantes.,d
547,OIC-351-03-A,"Un patient de 65 ans présente une agitation, des idées délirantes et des hallucinations. Quel diagnostic est le plus probable ?",La question évalue la compréhension de la définition du délire aigu et de ses symptômes.,Dépression,La dépression ne présente pas nécessairement des idées délirantes et des hallucinations.,Agitation psychomotrice,L'agitation psychomotrice ne présente pas nécessairement des idées délirantes et des hallucinations.,Délire aigu,Le délire aigu est caractérisé par des symptômes psychotiques positifs (idées délirantes et hallucinations) et peut être associé à d'autres symptômes.,Manie,La manie ne présente pas nécessairement des idées délirantes et des hallucinations.,c
548,OIC-351-07-A,"Un patient de 65 ans présente une agitation, des idées délirantes systématisées, une adhésion totale à ses idées et un retentissement émotionnel important. Quel diagnostic est le plus probable ?",La question évalue la compréhension de l'analyse sémiologique d'un syndrome délirant.,Trouble délirant persistant,"Idées délirantes systématisées, adhésion totale, retentissement émotionnel important.",Schizophrénie,"Idées délirantes non systématisées, adhésion totale, retentissement émotionnel important.",Trouble bipolaire,"Idées délirantes non systématisées, adhésion partielle, retentissement émotionnel important.",Trouble de stress post-traumatique,"Idées délirantes non systématisées, adhésion partielle, retentissement émotionnel important mais pas lié à une agitation.",a
549,OIC-351-09-B,"Un patient de 65 ans présente une agitation aiguë, une confusion et des hallucinations. Les signes suivants sont présents : syndrome confusionnel, signes physiques de déshydratation, signes physiques infectieux, signe de défaillance cardio-vasculaire ou respiratoire, globe urinaire, fécalome, anomalie identifiée à l'examen neurologique et à l'examen physique général. Quel est le diagnostic le plus probable ?",La question évalue la capacité à identifier les éléments cliniques orientant vers une cause non psychiatrique d'un syndrome délirant aigu.,Dépression,"La dépression n'est pas une cause de syndrome confusionnel, de signes physiques de déshydratation, de signes physiques infectieux, de signe de défaillance cardio-vasculaire ou respiratoire, de globe urinaire, de fécalome, d'anomalie identifiée à l'examen neurologique et à l'examen physique général.",Déficit cognitif,"Le déficit cognitif n'est pas une cause de syndrome confusionnel, de signes physiques de déshydratation, de signes physiques infectieux, de signe de défaillance cardio-vasculaire ou respiratoire, de globe urinaire, de fécalome, d'anomalie identifiée à l'examen neurologique et à l'examen physique général.",Délires aigus non psychiatriques,"Les délires aigus non psychiatriques peuvent présenter des signes physiques de déshydratation, des signes physiques infectieux, un signe de défaillance cardio-vasculaire ou respiratoire, un globe urinaire, un fécalome, une anomalie identifiée à l'examen neurologique et à l'examen physique général.",Délires aigus psychiatriques,"Les délires aigus psychiatriques peuvent présenter des signes physiques de déshydratation, des signes physiques infectieux, un signe de défaillance cardio-vasculaire ou respiratoire, un globe urinaire, un fécalome, une anomalie identifiée à l'examen neurologique et à l'examen physique général. Cependant, l'absence de signes orientant vers une cause non psychiatrique ne permet pas de confirmer une étiologie psychiatrique.",c
550,OIC-351-11-A,"Un patient de 65 ans, présentant une agitation et des idées délirantes, est hospitalisé en psychiatrie. Quel traitement initier pour l'agitation ?",Évaluer la compréhension de la prise en charge de l'agitation aiguë.,Hospitalisation en psychiatrie,"Incorrecte. L'hospitalisation est une mesure de prise en charge, pas un traitement.",Prise en charge relationnelle systématique,"Incorrecte. La prise en charge relationnelle est un traitement non pharmacologique, pas un traitement de l'agitation.",Mesures de contention physique ou mécanique,"Incorrecte. Les mesures de contention physique sont des mesures de dernier recours, non un traitement de l'agitation.",Benzodiazépines à demi-vie courte en première ligne,Correcte. Les benzodiazépines sont utilisées pour apaiser l'état d'agitation sans sédater le patient.,d
551,OIC-351-12-A,Quel âge est requis pour l'hospitalisation libre et sans consentement d'un patient agité?,Cette question évalue la compréhension de l'âge requis pour l'hospitalisation libre et sans consentement d'un patient agité.,18 ans,L'âge requis pour l'hospitalisation libre et sans consentement est de 18 ans.,12 ans,L'âge requis pour l'hospitalisation libre et sans consentement est de 12 ans (erreur de 6 ans).,6 ans,L'âge requis pour l'hospitalisation libre et sans consentement est de 6 ans (erreur de 12 ans).,15 ans,L'âge requis pour l'hospitalisation libre et sans consentement est de 15 ans (erreur de 3 ans).,a
552,OIC-353-02-A,"Un patient de 45 ans, sexe masculin, est hospitalisé pour une tentative de suicide. Il a été admis à l'unité de soins intensifs. Quel est le taux de mortalité par suicide pour une personne ayant tenté de se suicider dans sa vie ?",Évaluation de la connaissance de l'épidémiologie des suicides et tentatives de suicide selon l'âge et le sexe.,10%,"Correcte. Selon les données du Baromètre santé 2017, 7,2% des 18-75 ans déclaraient avoir tenté de se suicider au cours de leur vie et 10% de ces personnes ont une mortalité par suicide dans leur vie entière.",20%,"Incorrecte. Selon les données du Baromètre santé 2017, 7,2% des 18-75 ans déclaraient avoir tenté de se suicider au cours de leur vie et 10% de ces personnes ont une mortalité par suicide dans leur vie entière.",50%,"Incorrecte. Selon les données du Baromètre santé 2017, 7,2% des 18-75 ans déclaraient avoir tenté de se suicider au cours de leur vie et 10% de ces personnes ont une mortalité par suicide dans leur vie entière.",80%,"Incorrecte. Selon les données du Baromètre santé 2017, 7,2% des 18-75 ans déclaraient avoir tenté de se suicider au cours de leur vie et 10% de ces personnes ont une mortalité par suicide dans leur vie entière.",a
553,OIC-364-07-A,Quel examen d'imagerie est indiqué pour un enfant présentant une fracture osseuse?,Évaluer la compréhension de l'indication des examens d'imagerie devant une fracture chez l'enfant.,Radiographie de face et de profil adaptée à la région anatomique où la lésion a été localisée,Correcte. Cette radiographie permet de visualiser la fracture.,Radiographie comparative sauf exceptionnellement en cas de doute persistant et après avis spécialisé sur une lésion osseuse sur le cliché initial homolatéral à la lésion,Incorrecte. Cette radiographie n'est indiquée que dans des cas exceptionnels.,Échographie,Incorrecte. L'échographie peut participer au diagnostic lésionnel mais n'est pas indiquée en premier choix.,IRM,Incorrecte. L'IRM peut participer au diagnostic lésionnel mais n'est pas indiquée en premier choix.,a
554,OIC-364-10-B,Quel traitement est recommandé pour une fracture du condyle latéral du coude?,Évaluer la compréhension de la spécificité anatomique de la fracture du condyle latéral du coude.,Conservation non opératoire,Incorrecte car la fracture du condyle latéral est articulaire et nécessite un traitement chirurgical.,Traitement opératoire avec immobilisation en plâtre,Incorrecte car la fracture du condyle latéral nécessite un traitement chirurgical.,Traitement opératoire avec immobilisation en plâtre et réduction,Incorrecte car la fracture du condyle latéral nécessite un traitement chirurgical.,Traitement opératoire chirurgical,Correcte car la fracture du condyle latéral est articulaire et nécessite un traitement chirurgical.,d
