,id,question,question_comment,option_a,option_a_comment,option_b,option_b_comment,option_c,option_c_comment,option_d,option_d_comment,correct_option
0,OIC-005-02-A,Quelle est la nature juridique du défaut d'information du patient par un médecin?,Cette question évalue la distinction entre responsabilité pénale et civile. Un piège courant est de confondre le défaut d'information avec une infraction pénale.,"Une infraction pénale (contravention, délit ou crime)","Incorrect. Le défaut d'information n'est pas une infraction pénale, mais une cause de responsabilité civile.",Une cause de responsabilité civile,"Correct. Le texte précise que le défaut d'information n'est pas une infraction pénale, mais peut engager la responsabilité civile.",Une violation du secret professionnel,"Incorrect. La violation du secret professionnel est une infraction pénale (article 226-13), mais le défaut d'information n'en est pas une.",Une faute professionnelle administrative,"Incorrect. La faute administrative relève d'autres cadres juridiques, pas de la responsabilité pénale.",b
1,OIC-005-03-A,Quelle affirmation décrit correctement la responsabilité civile d'un médecin salarié d'un établissement privé en cas de dommage causé à un patient?,La question évalue la compréhension de la distinction entre la responsabilité personnelle et la responsabilité du commettant (employeur) dans le cadre des activités médicales. Un piège courant est de confondre les régimes de responsabilité selon le statut professionnel.,Les médecins salariés engagent leur responsabilité civile personnelle pour les dommages causés dans le cadre de leur mission.,Incorrect. Les médecins salariés ne sont pas personnellement responsables si leurs actions restent dans la mission confiée par l'employeur.,Les médecins exerçant en libéral ne sont jamais responsables civilement des dommages causés à leurs patients.,Incorrect. Les professionnels libéraux engagent leur responsabilité civile personnelle devant les juridictions judiciaires.,Les praticiens hospitaliers ne sont pas responsables civilement des dommages survenus dans leur secteur d'activité libérale.,Incorrect. Les praticiens hospitaliers engagent leur responsabilité civile professionnelle pour les dommages liés à leur activité libérale.,Les médecins salariés d'établissements privés ne sont pas personnellement responsables des dommages causés à un patient s'ils n'outrepassent pas leur mission.,Correct. C'est l'application du régime de responsabilité du commettant (l'employeur) du fait du médecin salarié.,d
2,OIC-005-04-A,Quelle est la responsabilité administrative liée aux actes des médecins hospitaliers?,Cette question évalue la compréhension de la distinction entre la responsabilité administrative et civile. Un piège courant est de confondre la responsabilité administrative (établissement) avec la responsabilité civile personnelle.,Le médecin est personnellement responsable de ses actes.,"Incorrect. La responsabilité administrative ne concerne pas la personne du médecin, mais l'établissement public de santé.",L'établissement public de santé est responsable des fautes de service.,Correct. La responsabilité administrative est engagée pour les fautes commises dans l'exercice des fonctions par les agents publics.,Le médecin est responsable des fautes personnelles en dehors du service.,"Incorrect. Les fautes personnelles relèvent de la responsabilité civile, non administrative.",L'établissement est responsable de toutes les fautes des médecins.,"Incorrect. La responsabilité administrative s'applique uniquement aux fautes de service, pas aux fautes personnelles.",b
3,OIC-005-05-A,Quelle instance est compétente pour sanctionner les fautes disciplinaires des médecins?,Cette question évalue la compréhension de la compétence des instances disciplinaires. Un piège courant est de confondre le Conseil d'État avec les juridictions de l'Ordre des médecins.,L'Ordre des médecins,"Correcte. La responsabilité disciplinaire est encourue devant les instances de l'Ordre des médecins, comme indiqué dans le contenu.",Le Code pénal,"Incorrecte. Le Code pénal traite des infractions criminelles, non des fautes disciplinaires médicales.",Le Code civil,"Incorrecte. Le Code civil régule les relations entre particuliers, pas les sanctions disciplinaires professionnelles.",Le Conseil d'État,"Incorrecte. Le Conseil d'État est compétent pour les recours en cassation, pas pour les sanctions disciplinaires directes.",a
4,OIC-005-06-A,Quelle situation illustre une responsabilité sans faute dans le domaine médical?,"Cette question évalue la compréhension de la notion de responsabilité sans faute, qui englobe des risques imprévisibles liés aux soins, même en l'absence de faute professionnelle. Le piège réside dans la confusion avec les cas de faute ou d'erreur.",Infection nosocomiale,"Correcte. L'infection nosocomiale est un exemple classique de responsabilité sans faute, car elle résulte d'un aléa thérapeutique non lié à une faute professionnelle.",Erreur de dosage d'un médicament,"Incorrecte. Une erreur de dosage constitue une faute professionnelle, donc elle relève d'une responsabilité avec faute, non sans faute.",Présence d'une maladie chronique chez le patient,"Incorrecte. Une maladie préexistante n'est pas liée à un manquement professionnel, mais elle n'engage pas la responsabilité sans faute car elle ne relève pas d'un risque lié aux soins.",Défaillance d'un système hospitalier,"Incorrecte. Une défaillance systémique peut impliquer une faute administrative ou organisationnelle, ce qui la classe dans le cadre d'une responsabilité avec faute.",a
5,OIC-005-08-A,Quelle est la définition correcte de l'erreur par omission?,Cette question évalue la compréhension des types d'erreurs médicales. Le piège courant est de confondre l'erreur d'omission avec l'erreur de commission ou la violation.,Une action nécessaire n’a pas été faite,Correcte. C’est la définition exacte d’une erreur par omission selon le contenu.,Une action inutile a été faite,"Incorrecte. C’est la définition d’une erreur par commission, non d’omission.",Une action mal réalisée,"Incorrecte. C’est la définition d’une erreur d’exécution, non d’omission.",Un non-respect d’une règle professionnelle,"Incorrecte. C’est la définition d’une violation, non d’omission.",a
6,OIC-005-09-A,Quelle affirmation correctement distingue une affection iatrogène d'un accident médical?,La question évalue la capacité à distinguer les concepts de « accident médical » et « affection iatrogène ». Un piège courant est de confondre les deux termes en ne tenant pas compte de la nature de la cause (erreur vs. aléa thérapeutique).,L’affection iatrogène est toujours causée par une erreur du professionnel de santé.,"Incorrect. L’affection iatrogène peut survenir même avec une utilisation correcte du médicament, sans erreur.",Un accident médical ne peut jamais être lié à l’aléa thérapeutique.,Incorrect. L’aléa thérapeutique est un type d’accident médical survenant sans erreur.,Un accident médical est toujours lié à une faute professionnelle.,"Incorrect. Certains accidents médicaux résultent de l’aléa thérapeutique, sans faute.",L’affection iatrogène peut survenir sans erreur du professionnel de santé.,"Correct. L’affection iatrogène peut résulter d’un traitement correctement utilisé, même sans erreur.",d
7,OIC-005-11-A,Quelle définition correspond à l'aléa thérapeutique?,Cette question évalue la compréhension de la distinction entre l'aléa thérapeutique et les erreurs médicales. Un piège courant est de confondre l'aléa (inévitable) avec les erreurs (évitable).,"Un événement indésirable lié à un acte médical correct, sans faute des professionnels","Correcte. Cela correspond à la définition : risque inhérent à l'acte de soin, sans responsabilité des soignants.",Une erreur de diagnostic évitable due à une négligence professionnelle,"Incorrecte. Cela décrit une erreur médicale, non un aléa thérapeutique (risque inévitable).",Un risque lié à une mauvaise prescription de médicament,"Incorrecte. Une mauvaise prescription implique une faute, contrairement à l'aléa thérapeutique.",Une infection hospitalière causée par un manque d'hygiène,"Incorrecte. Cela relève d'une négligence, non d'un aléa thérapeutique (risque inévitable).",a
8,OIC-005-13-A,Quelle est la principale idée développée dans le contenu sur les facteurs humains contribuant aux erreurs?,Cette question évalue la capacité à identifier les deux dimensions clés (individuelle et collective) des facteurs humains. Le piège courant est de négliger l'aspect collectif.,"Les erreurs sont causées à la fois par des facteurs individuels (manque de compétences, stress) et collectifs (mauvaise communication, organisation défaillante).",Correcte. Elle synthétise les deux dimensions expliquées dans le texte.,Les erreurs proviennent principalement d'une mauvaise organisation des équipes médicales.,"Incorrecte. Bien que les facteurs collectifs soient mentionnés, le texte souligne que les erreurs sont aussi liées aux facteurs individuels.",Les erreurs sont uniquement liées à des facteurs individuels comme la fatigue ou le manque de connaissances.,Incorrecte. Le texte insiste sur l'importance des facteurs collectifs dans la prévention des erreurs.,Les erreurs sont causées par des facteurs externes comme l'équipement médical défectueux.,Incorrecte. Le contenu ne mentionne pas les facteurs techniques comme cause principale des erreurs.,a
9,OIC-005-14-B,Quelle est la liste complète des trois types de barrières de sécurité en santé?,Cette question évalue la compréhension des trois types de barrières de sécurité. Un piège courant est de confondre les barrières de récupération avec le modèle de Reason.,Barrières de prévention et barrières de récupération,"Incorrect : Manque la barrière d’atténuation, essentielle pour limiter les conséquences d’une erreur non récupérée.",Barrières de prévention et barrières d’atténuation,"Incorrect : Manque la barrière de récupération, cruciale pour corriger une erreur avant qu’elle ne cause un dommage.","Barrières de prévention, barrières de récupération et barrières d’atténuation",Correct : Couvre les trois types de barrières nécessaires pour une sécurité complète.,"Barrières de prévention, barrières de récupération et modèle de Reason","Incorrect : Le modèle de Reason est une méthode d’analyse, pas une barrière de sécurité.",c
10,OIC-006-03-A,Quelle est la définition correcte du parcours de soins?,Cette question évalue la compréhension de la définition centrale du parcours de soins. Un piège courant est de confondre cette notion avec des aspects administratifs ou des objectifs de satisfaction du patient.,Coordination des compétences professionnelles tout au long de la prise en charge du patient,Correcte. Elle reflète l'idée d'organiser et de synchroniser les interventions professionnelles au bon moment.,Mise en place d'outils administratifs pour gérer les dossiers médicaux,"Incorrecte. Les outils administratifs relèvent d'une gestion logistique, pas de la coordination des compétences.",Évaluation des compétences individuelles des professionnels de santé,Incorrecte. L'évaluation individuelle ne correspond pas à l'organisation d'un parcours collectif.,Accroissement de la satisfaction du patient par des soins personnalisés,"Incorrecte. La satisfaction du patient est un objectif secondaire, pas la définition du parcours de soins.",a
11,OIC-006-06-A,Quelle est la principale fonction des check-lists de sécurité du patient au bloc opératoire?,"Cette question évalue la compréhension des objectifs des check-lists, en mettant en évidence le partage d'informations et la vérification croisée. Un piège courant est de confondre leur rôle avec des objectifs secondaires comme la réduction des coûts ou l'accélération des interventions.",Assurer la sécurité de l'intervention par le partage d'informations et la vérification croisée,"Correcte. Cela correspond aux principes décrits dans le contenu : vérification de l'identité du patient, du type d'intervention et des risques, avec un partage d'informations entre professionnels.",Réduire les coûts des interventions chirurgicales,"Incorrecte. Le contenu ne mentionne pas la réduction des coûts comme objectif des check-lists, mais plutôt la sécurité et la préparation des interventions.",Accélérer la durée des interventions chirurgicales,"Incorrecte. Les check-lists visent à sécuriser le processus, pas à accélérer les interventions, même si cela peut avoir un effet secondaire sur la durée.",Assurer la conformité légale des professionnels de santé,"Incorrecte. Bien que la conformité soit importante, le contenu ne souligne pas cette dimension comme l'objectif principal des check-lists, mais plutôt la sécurité opérationnelle.",a
12,OIC-006-07-A,Quelle est la principale fonction des réunions de morbi-mortalité (RMM)?,"Cette question évalue la compréhension des objectifs des RMM, qui visent à analyser les événements indésirables pour améliorer la sécurité des soins. Un piège courant est de confondre les RMM avec des procédures juridiques ou administratives.",Analyser les événements indésirables associés aux soins pour mettre en œuvre des actions de prévention,"Correcte. Les RMM sont conçues pour analyser les erreurs et les complications afin de prévenir leur récurrence, conformément à leur objectif principal.",Procéder à des poursuites juridiques contre les professionnels impliqués,"Incorrecte. Les RMM ne visent pas à sanctionner les erreurs, mais à apprendre collectivement et améliorer les pratiques.",Évaluer les compétences individuelles des professionnels de santé,"Incorrecte. Bien que le DPC soit lié aux RMM, leur objectif principal n'est pas d'évaluer les compétences individuelles, mais d'analyser les systèmes et les processus.",Réviser les politiques administratives de l'établissement de santé,"Incorrecte. Les RMM se concentrent sur l'analyse clinique et organisationnelle des événements, pas sur la révision des politiques administratives.",a
13,OIC-006-08-A,Quelle est la principale fonction du Samu-Centre 15?,Cette question évalue la compréhension de la mission centrale du Samu-Centre 15. Un piège courant est de confondre ses rôles avec ceux des SMUR ou des SU.,Assurer une écoute médicale permanente et coordonner la réponse aux urgences,"Correcte. Le Samu-Centre 15 est spécifiquement chargé d'écouter les appels et de coordonner les interventions, comme expliqué dans le texte.",Organiser le transport des patients vers les structures spécialisées,"Incorrecte. Bien que le Samu organise des transports, cette fonction n'est pas sa principale mission, mais plutôt une conséquence de sa régulation médicale.",Prise en charge des urgences non programmées dans les hôpitaux,"Incorrecte. Cette mission relève des Structures des urgences (SU), non du Samu-Centre 15.",Transport d'enfants en situation de détresse médicale,"Incorrecte. Ce rôle est assuré par les SMUR pédiatriques, spécialisés dans le transport des enfants.",a
14,OIC-008-02-B,Quel est l'effet principal des discriminations sur la santé selon le contenu?,"La question évalue la compréhension des liens entre discriminations et santé. Un piège courant est de confondre les effets directs (stress, santé mentale) avec des déterminants sociaux plus larges.",L'exclusion sociale et l'accumulation de désavantages,"C'est un déterminant social de la santé, mais non l'effet principal des discriminations sur la santé.",Le non-recours aux soins et l'accès inégal aux services,"Un effet secondaire des discriminations, mais non le lien direct entre discrimination et santé.",L'augmentation des inégalités économiques,"Un phénomène lié aux déterminants sociaux, mais non une conséquence directe des discriminations sur la santé.",Le stress et les problèmes de santé mentale et physique,"Correct. Les discriminations augmentent le stress, ce qui affecte directement la santé physique et mentale, comme mentionné dans le contenu.",d
15,OIC-008-03-B,Quelle est la principale cause des discriminations dans le système de santé selon le contenu?,La question évalue la compréhension des causes structurelles et organisationnelles des discriminations. Le piège courant est de confondre les facteurs individuels avec les dysfonctionnements systémiques.,Dysfonctionnements structurels et organisationnels du système de santé,"Correcte. Le contenu souligne que les discriminations proviennent de dysfonctionnements systémiques, non seulement d'erreurs individuelles.",Biases individuels et stéréotypes des soignants,Incorrecte. Le texte précise que les discriminations ne sont pas uniquement dues à des représentations sociales ou à un défaut de vigilance individuelle.,Difficultés de communication des patients,Incorrecte. Les difficultés de communication sont liées à des facteurs structurels (ex. manque d'interprétariat) et non à des causes directes.,Pressions économiques dans le système de santé,"Incorrecte. Les pressions économiques sont un facteur structurel mentionné, mais elles relèvent des dysfonctionnements organisationnels plus larges.",a
16,OIC-009-04-A,Quel principe n'appartient pas aux quatre principes fondamentaux de l'éthique médicale selon le texte?,Cette question évalue la capacité à identifier les principes clés de l'éthique médicale. Le piège réside dans la confusion avec d'autres concepts éthiques comme la fidélité ou la confidentialité.,La bienfaisance,Correcte. Le texte la présente comme l'un des quatre principes fondamentaux.,La non-malfaisance,Correcte. Le texte la définit comme un principe central de l'éthique médicale.,Le respect de l'autonomie,Correcte. Le texte l'explique comme un principe essentiel dans la prise de décision médicale.,La fidélité,"Incorrecte. Le texte ne mentionne pas la fidélité comme l'un des quatre principes principaux, contrairement à la bienfaisance, la non-malfaisance, l'autonomie et la justice.",d
17,OIC-009-06-A,Quelle est l'obligation du médecin concernant l'information du patient sur les risques associés à un acte médical?,"Cette question évalue la compréhension de l'obligation légale et éthique de transmettre une information complète sur les risques, y compris les risques rares ou graves.","Tous les risques normalement prévisibles doivent être mentionnés, même s'ils sont rares ou graves.","Correcte. La loi du 4 mars 2002 exige que les risques fréquents ou graves normalement prévisibles soient communiqués, indépendamment de leur fréquence.","Seuls les risques fréquents ou graves doivent être mentionnés, les risques rares peuvent être omis.","Incorrecte. Les risques rares ne sont pas dispensés, car ils sont normalement prévisibles et peuvent avoir des conséquences graves.",Le patient peut refuser d'être informé s'il exprime clairement sa volonté de ne pas savoir.,"Incorrecte. Cette exception est limitée aux cas où des tiers sont exposés à un risque de contamination, et ne s'applique pas généralement.","L'information doit être simplifiée pour éviter d'angoisser le patient, même si cela implique de ne pas mentionner certains risques.","Incorrecte. L'information doit être claire et complète, même si elle génère de l'anxiété, car le droit à l'autonomie du patient prime.",a
18,OIC-009-11-A,Quelle est la principale différence entre la curatelle et la tutelle?,Cette question évalue la compréhension des distinctions entre les mesures de protection. Un piège courant est de confondre le degré de contrainte entre les deux mesures.,La curatelle est une mesure plus protectrice que la tutelle.,"Incorrect. La curatelle est moins restrictive que la tutelle, qui implique une protection plus poussée.",La tutelle est une mesure plus protectrice que la curatelle.,"Correct. La tutelle implique une représentation plus complète de la personne, contrairement à la curatelle qui limite les actes importants.",Les deux mesures sont identiques en termes de protection.,Incorrect. Les deux mesures diffèrent par le degré de contrôle exercé sur la personne protégée.,"La tutelle est une mesure temporaire, contrairement à la curatelle.","Incorrect. La sauvegarde de justice est la mesure temporaire, tandis que la tutelle et la curatelle peuvent être renouvelées.",b
19,OIC-009-12-B,Qui peut déposer une demande d’ouverture d’une mesure de protection?,Cette question évalue la compréhension des rôles des acteurs dans le processus de mise en place d’une mesure de protection. Un piège courant est de confondre le médecin traitant avec le demandeur.,Le majeur concerné lui-même,Correcte. Le majeur peut déposer la demande s’il est en mesure de le faire.,Le médecin traitant de la personne,"Incorrecte. Le médecin traitant ne peut pas déposer la demande, mais il doit rédiger le certificat médical requis.",Le juge des tutelles,"Incorrecte. Le juge des tutelles décide de la mesure de protection après examen de la demande, mais ne la dépose pas.",Le procureur de la République,"Incorrecte. Le procureur de la République peut déposer la demande, mais il n’est pas le seul acteur autorisé.",a
20,OIC-009-18-A,Quelle est la principale finalité des lois Leonetti et Claeys-Léonetti en matière de fin de vie?,Cette question évalue la compréhension du cadre légal visant à respecter la volonté du patient et à éviter l'obstination déraisonnable. Un piège courant est de confondre ces lois avec l'autorisation d'euthanasie.,Permettre l'euthanasie active en cas de souffrance insupportable,"Incorrect. L'euthanasie active est explicitement condamnée par ces lois, qui distinguent clairement l'acte de soulager la souffrance (sédation) de l'acte de provoquer la mort.",Imposer l'obligation de prolonger la vie par tous les moyens,"Incorrect. Ces lois encadrent la suspension des traitements disproportionnés, non leur prolongement, en priorisant la dignité du patient.",Faciliter l'arrêt de tous les soins en fin de vie,"Incorrect. Les lois permettent la limitation ou l'arrêt des traitements, mais non l'arrêt total des soins palliatifs, qui sont explicitement encadrés.",Autoriser la suspension des traitements disproportionnés pour préserver la dignité du patient,"Correct. Les lois visent à respecter la volonté du patient et à éviter l'obstination déraisonnable, en permettant la limitation des soins et la sédation palliative.",d
21,OIC-009-19-B,"Qui est responsable de la décision finale de poursuivre, limiter ou arrêter les traitements en fin de vie selon la procédure collégiale?","La question évalue la compréhension du rôle du médecin dans la procédure collégiale. Un piège courant est de confondre le médecin avec les autres participants (famille, personnes de confiance) qui sont consultés mais ne prennent pas la décision finale.",Le médecin en charge du patient,"Correcte. Le médecin est explicitement désigné comme le décideur final après la délibération collégiale, même s'il doit s'appuyer sur les avis des autres participants.",La famille du patient,"Incorrecte. La famille est consultée et écoutée, mais elle ne prend pas la décision finale. Son rôle est limité à la participation et à la compréhension des démarches.",La personne de confiance du patient,"Incorrecte. La personne de confiance est un témoin des volontés du patient, mais la décision finale incombe toujours au médecin, même si son témoignage est pris en compte.",Le médecin consultant,"Incorrecte. Le médecin consultant participe à la délibération mais ne prend pas la décision finale. Il apporte son avis, mais le médecin en charge reste responsable.",a
22,OIC-009-20-B,Quel est l'ordre de priorité pour déterminer la volonté d'un patient inconscient selon la loi de 2016?,Cette question évalue la compréhension de la hiérarchie légale dans la prise de décision en fin de vie. Un piège courant est de confondre le rôle de la famille et de la personne de confiance.,"Les directives anticipées, puis la personne de confiance, puis la famille","Correcte. La loi de 2016 établit clairement que les directives anticipées ont la priorité, suivies de la personne de confiance, puis de la famille.","La famille, puis la personne de confiance, puis les directives anticipées","Incorrecte. La loi précise que les directives anticipées sont prioritaires, même si la famille ou la personne de confiance n'ont pas été désignées.","L'avis du médecin, puis la famille, puis la personne de confiance","Incorrecte. Le médecin n'est pas un acteur de la hiérarchie légale, mais un interlocuteur chargé de respecter les volontés du patient.","La personne de confiance, puis les directives anticipées, puis la famille","Incorrecte. Les directives anticipées ont une priorité supérieure à la personne de confiance, même si celle-ci a été désignée par le patient.",a
23,OIC-009-25-B,Qui peut être donneur vivant selon la loi?,"La question évalue la compréhension des évolutions légales sur les critères de don d'organes entre vivants, notamment la flexibilité des liens familiaux et la condition de vie commune.","Les parents, le conjoint et les frères et sœurs","Plausible mais incomplet. Ces personnes sont autorisées, mais la loi inclut également d'autres catégories comme les personnes avec une vie commune de deux ans.",Les mineurs avec le consentement parental,"Incorrect. Les mineurs ne sont pas autorisés à donner d'organes vivants, sauf pour la moelle osseuse, et ce n'est pas le critère principal ici.",Seuls les parents,"Incorrect. La loi permet des donneurs plus larges (conjoints, frères/sœurs, etc.) depuis 2004.",Toute personne apportant la preuve d'une vie commune d'au moins deux ans avec le receveur,Correct. Le texte précise explicitement cette condition comme une possibilité supplémentaire.,d
24,OIC-009-26-B,Quel principe garantit que les éléments et produits du corps humain ne peuvent pas être commercialisés?,Cette question évalue la compréhension du principe de non-patrimonialité. Un piège courant est de confondre ce principe avec l'anonymat ou le consentement éclairé.,La non-patrimonialité,"Correcte. Ce principe interdit toute forme de commerce ou de prix lié aux éléments et produits du corps humain, conformément au Code civil.",Le consentement éclairé,"Incorrecte. Le consentement éclairé concerne la volonté du donneur, pas l'interdiction du commerce.",L'anonymat,"Incorrecte. L'anonymat protège l'identité des donneurs et receveurs, mais ne limite pas la commercialisation.",Le droit de retrait,"Incorrecte. Le droit de retrait est une garantie éthique, mais non un principe juridique fondamental des trois mentionnés.",a
25,OIC-009-27-B,"Selon la loi française, dans quelles circonstances l'identification d'une personne par ses empreintes génétiques est-elle autorisée?",Cette question évalue la compréhension des cadres légaux spécifiques pour l'identification génétique. Un piège courant est de confondre les cas d'usage médicaux avec les cas d'identification judiciaire.,"Dans le cadre de mesures judiciaires, de tests de paternité et de situations de défense nationale",Correcte. Ces trois cadres sont explicitement mentionnés dans le texte comme autorisant l'identification génétique.,"Pour des usages commerciaux, des recherches non médicales et des tests de loisirs","Incorrecte. La loi interdit l'usage de la génétique à des fins non médicales ou commerciales, sauf dans les trois cadres spécifiés.","Lors de prélèvements familiaux, de tests de santé publique et de recherches académiques",Incorrecte. Les prélèvements familiaux et les recherches académiques ne sont pas des cas d'identification génétique autorisés par la loi.,"En cas de suspicion de maladie, de recherche de paternité et de tests de prévention","Incorrecte. La recherche de paternité est un cas d'identification, mais la suspicion de maladie et les tests de prévention relèvent des usages médicaux, non des cas d'identification spécifiques.",a
26,OIC-010-03-B,Quelle est la principale distinction évoquée dans le texte concernant le corps dans les pratiques cliniques?,La question évalue la compréhension de la dualité entre le corps subjectif et le corps objectivé. Un piège courant est de confondre cette distinction avec l'usage des techniques médicales ou la terminologie.,Le corps vécu subjectivement par le patient et le corps objectivé par la médecine,Correcte. Cela correspond à la distinction centrale entre le corps-sujet et le corps-objet évoquée dans le texte.,L'impact des dispositifs techniques sur la perception du corps,"Incorrecte. Bien que mentionné, cet aspect est secondaire par rapport à la distinction fondamentale entre subjectivité et objectivité.",La création d'un écart entre le patient et le soignant via la terminologie médicale,"Incorrecte. L'écart est une conséquence de la distinction, pas la principale idée développée.",Le corps réduit à des données biologiques et des images,"Incorrecte. Cela représente une critique de la réductionnisme médical, non la distinction centrale du texte.",a
27,OIC-019-04-B,Quelle est la répartition principale des ressources de la protection sociale en France selon le contenu?,Cette question évalue la compréhension des sources de financement de la protection sociale. Le piège réside dans la confusion entre les cotisations sociales (diminuées depuis 1990) et les ressources fiscales (croissantes).,"Cotisations sociales, impôts et taxes affectés, contributions publiques de l'État","Correcte. Elle résume les trois principales sources de financement évoquées dans le texte : cotisations sociales, ressources fiscales (impôts/taxes) et contributions publiques.","Cotisations sociales, impôts et taxes affectés, exonérations de cotisations employeurs","Incorrecte. Les exonérations de cotisations employeurs sont une sous-catégorie des ressources fiscales, pas une source distincte.","Cotisations sociales, contributions publiques de l'État, allocations familiales","Incorrecte. Les allocations familiales sont une prestations, pas une source de financement. Les ressources fiscales (CSG, CRDS) sont plus pertinentes.","Impôts et taxes affectés, contributions publiques de l'État, cotisations d'assurance chômage","Incorrecte. Les cotisations d'assurance chômage sont une sous-catégorie des cotisations sociales, pas une source distincte.",a
28,OIC-019-05-A,Quelle caisse nationale pilote la branche Famille du régime général de la sécurité sociale?,Cette question évalue la compréhension de l'organisation du régime général et des rôles des organismes qui le gèrent. Un piège courant est de confondre les branches de la Sécurité sociale.,Caisse nationale des allocations familiales (Cnaf),Correcte. La Cnaf est explicitement mentionnée comme pilote de la branche Famille.,Caisse nationale d’assurance maladie (Cnam),"Incorrecte. La Cnam pilote la branche Maladie, Accidents du travail et Risques professionnels.",Caisse nationale d’assurance vieillesse (Cnav),Incorrecte. La Cnav pilote la branche Vieillesse (retraite de base).,Caisse nationale de solidarité pour l’autonomie (CNSA),"Incorrecte. La CNSA pilote la branche Autonomie, créée en 2020.",a
29,OIC-019-08-A,Quel régime de sécurité sociale couvre la majorité de la population française?,Cette question évalue la compréhension des proportions de couverture des différents régimes. Le piège courant est de confondre les pourcentages de population avec le nombre de régimes spéciaux.,Le régime général,"Correcte. Le régime général couvre 88 % de la population française, selon le texte.",Le régime agricole,"Incorrecte. Le régime agricole couvre 5 % de la population, non la majorité.",Les régimes spéciaux (27 en 2021),Incorrecte. Le nombre de régimes spéciaux (27) ne correspond pas à un pourcentage de population.,100 % de la population,"Incorrecte. Aucun régime ne couvre 100 % de la population, car les régimes spéciaux et le régime agricole couvrent des catégories distinctes.",a
30,OIC-019-09-A,Quelle est la mission principale de l'assurance maladie du régime général de la sécurité sociale?,"Cette question évalue la compréhension de la mission centrale de l'assurance maladie. Les options secondaires (maîtrise des dépenses, amélioration de la santé, efficacité du système) sont des objectifs secondaires mentionnés dans le texte.",La prise en charge des soins dispensés aux assurés sociaux,Correcte. C'est la mission principale explicitement mentionnée dans le texte.,La maîtrise des dépenses de santé,"Incorrecte. C'est un levier d'intervention, non la mission principale.",L'amélioration de la santé de la population,"Incorrecte. C'est une contribution secondaire, non la mission centrale.",L'efficience du système de soins,"Incorrecte. C'est un objectif secondaire, non la mission principale.",a
31,OIC-019-10-A,Quelle est la définition correcte du ticket modérateur?,Cette question évalue la compréhension de la notion de ticket modérateur et son rôle dans la régulation de la consommation de soins. Un piège courant est de confondre le ticket modérateur avec la participation forfaitaire ou la franchise médicale.,La part des frais restant à la charge du patient après remboursement par l'assurance maladie,"Correcte. Le ticket modérateur correspond à la part non remboursée par l'assurance maladie, comme illustré dans l'exemple de la consultation.",La participation forfaitaire de 1 € par consultation,"Incorrecte. La participation forfaitaire est une somme fixe distincte du ticket modérateur, non prise en charge par les complémentaires.",La franchise médicale sur les médicaments,"Incorrecte. La franchise médicale concerne des plafonds de déduction, non le ticket modérateur.",Le dispositif de tiers payant permettant au patient de ne payer que le ticket modérateur,"Incorrecte. Le tiers payant est un mécanisme de paiement, non la définition du ticket modérateur.",a
32,OIC-019-13-B,Quelle est la principale différence entre les prestations en espèces et en nature de l'assurance maladie?,La question évalue la compréhension de la distinction entre les deux types de prestations. Un piège courant est de confondre les prestations en espèces (revenus de remplacement) avec les prestations en nature (remboursements de frais).,Les prestations en espèces sont des indemnisations journalières versées pour l'arrêt de travail.,"Correcte. Les prestations en espèces (ex. indemnisations journalières) sont des revenus de remplacement, contrairement aux prestations en nature.",Les prestations en nature couvrent les frais médicaux avec un ticket modérateur variable.,"Incorrecte. Bien que les prestations en nature impliquent des coûts partagés, elles ne sont pas limitées à un ticket modérateur variable.",Les prestations en espèces incluent un capital décès versé aux ayants droit.,"Incorrecte. Le capital décès est une prestation spécifique, non liée aux prestations en espèces ou en nature.",Les prestations en nature excluent les affections de longue durée (ALD) du remboursement.,"Incorrecte. Les ALD bénéficient d'une exonération totale dans les prestations en nature, non d'une exclusion.",a
33,OIC-020-01-A,Quel niveau de l'organisation de la recherche en santé en France est principalement responsable de la définition des orientations stratégiques et de l'allocation des moyens macroscopiques?,Cette question évalue la compréhension des trois niveaux d'organisation de la recherche en santé. Un piège courant est de confondre le niveau « programmation » avec le niveau « décision ».,Niveau décision,"Correcte. Le niveau décision est chargé de définir les orientations stratégiques et d'alloquer les ressources à l'échelle macroscopique, conformément au contenu.",Niveau programmation,"Incorrecte. Le niveau programmation répartit les moyens (ex : ANR, ANRS-MIE), mais ne définit pas les orientations stratégiques.",Niveau opérateurs,"Incorrecte. Les opérateurs (ex : INSERM, CHU) gèrent les laboratoires et organisent les recherches, sans intervenir à l'échelle macroscopique.",Niveau des laboratoires,"Incorrecte. Les laboratoires relèvent du niveau opérateur, pas d'un niveau distinct mentionné dans le contenu.",a
34,OIC-020-03-A,Quelle catégorie de recherche implique une intervention sur la personne non justifiée par sa prise en charge habituelle et non dénuée de risque?,Cette question évalue la compréhension des catégories de recherches définies par la loi Jardé. Un piège courant est de confondre les termes 'expérimentale' et 'interventionnelle'.,Recherches interventionnelles (RIPH catégorie 1),Correcte. La catégorie 1 correspond à des interventions non justifiées par la prise en charge habituelle et associées à des risques.,Recherches interventionnelles à risques et contraintes minimes (RIPH catégorie 2),"Incorrecte. La catégorie 2 concerne des interventions avec des risques et contraintes minimes, mais pas nécessairement non justifiées par la routine.",Recherches non interventionnelles (RIPH catégorie 3),Incorrecte. La catégorie 3 inclut des actes conformes à la pratique courante sans intervention supplémentaire.,Études expérimentales,"Incorrecte. Les études expérimentales sont interventionnelles, mais la catégorie 1 est spécifique à la loi Jardé et ne correspond pas directement à ce terme.",a
35,OIC-020-04-B,Quels sont les arguments principaux utilisés pour justifier une problématique de recherche en santé?,"Cette question évalue la compréhension des éléments clés de la justification d'une problématique de recherche. Un piège courant est de confondre ces arguments avec d'autres aspects de la recherche (ex. éthique, financement).",Les données épidémiologiques et l'état actuel des connaissances,"Correcte. Ces éléments analysent la fréquence du problème et les lacunes des études existantes, permettant de justifier l'hypothèse de recherche.",Les considérations éthiques et le financement de l'étude,"Incorrecte. Ces aspects influencent la conception de l'étude, mais ne constituent pas les arguments principaux de la justification.",La taille de l'échantillon et la méthodologie statistique,"Incorrecte. Ces éléments relèvent de la conception méthodologique, non de la justification de la problématique.",Les préférences personnelles du chercheur et les tendances du marché,Incorrecte. Ces facteurs ne sont pas scientifiquement pertinents pour justifier une problématique de recherche.,a
36,OIC-020-06-B,Quelle méthode de recherche est adaptée pour évaluer l'effet d'une intervention expérimentale sur un phénomène de santé?,Cette question évalue la compréhension de la relation entre l'objectif de recherche et la méthodologie appropriée. Un piège courant est de confondre les études observationnelles et expérimentales.,Étude expérimentale,"Correcte. Les études expérimentales impliquent une intervention contrôlée par l'expérimentateur, idéale pour évaluer des effets causaux.",Étude descriptive,"Incorrecte. Les études descriptives décrivent des phénomènes sans intervention, elles ne mesurent pas d'effet d'une intervention.",Étude diagnostique,"Incorrecte. Les études diagnostiques évaluent des tests cliniques, pas des interventions expérimentales.",Étude analytique,"Incorrecte. Les études analytiques identifient des associations entre facteurs de risque et santé, sans intervention contrôlée.",a
37,OIC-020-07-B,Quelle modalité d’échantillonnage garantit une représentativité probabiliste en divisant la population en strates et en tirant au sort des individus au sein de chaque strate?,Cette question évalue la compréhension des méthodes d’échantillonnage probabilistes. Le piège courant est de confondre les méthodes non-aléatoires (comme les quotas) avec les méthodes probabilistes.,Sondage stratifié,"Correcte. Le sondage stratifié divise la population en strates et sélectionne aléatoirement des individus au sein de chaque strate, assurant une représentativité probabiliste.",Méthode des quotas,"Incorrecte. La méthode des quotas est non-aléatoire et ne garantit pas une représentativité probabiliste, car les individus ne sont pas sélectionnés au hasard.",Échantillon de convenance,"Incorrecte. L’échantillon de convenance est basé sur des critères pratiques et non sur une sélection aléatoire, ce qui rend sa représentativité incertaine.",Sondage en grappes,"Incorrecte. Bien que le sondage en grappes soit probabiliste, il sélectionne des unités collectives (grappes) plutôt que des individus, ce qui ne correspond pas à la description de la question.",a
38,OIC-020-09-B,Quelle est la caractéristique principale d'un critère de jugement principal dans une étude de recherche en santé?,La question évalue la compréhension de la pertinence clinique et de l'alignement avec l'objectif principal. Un piège courant est de confondre critère principal avec critère de substitution ou composite.,Un critère cliniquement pertinent et directement lié à l'objectif principal de l'étude,"Correcte. Le critère principal doit être pertinent cliniquement et répondre directement à l'objectif principal, conformément à la description.",Un critère de substitution utilisé pour améliorer la faisabilité,"Incorrecte. Les critères de substitution sont des alternatives secondaires, non le critère principal.",Un critère composite regroupant plusieurs événements,"Incorrecte. Les critères composites sont utilisés pour couvrir des cas complexes, mais ne remplacent pas le critère principal.",Un critère secondaire servant d'approfondissement,"Incorrecte. Les critères secondaires sont des compléments, pas le critère principal.",a
39,OIC-020-10-B,Quelle est la fonction principale d'une loi de probabilité?,Cette question évalue la compréhension de la définition d'une loi de probabilité. Un piège courant est de confondre la loi de probabilité avec la distribution des fréquences observées.,Décrire la probabilité associée à chaque valeur d'une variable aléatoire discrète ou à tout intervalle pour une variable continue,Correcte. C'est la définition exacte d'une loi de probabilité selon le contenu éducatif.,Prédire la valeur exacte d'une variable aléatoire pour un individu donné,"Incorrecte. Les lois de probabilité décrivent des tendances globales, pas des prédictions individuelles.",Indiquer la fréquence d'apparition des issues dans un échantillon limité,"Incorrecte. Les fréquences observées servent à estimer la loi de probabilité, mais ne la définissent pas.",Classer les variables aléatoires en discrètes ou continues selon leur nature,"Incorrecte. Cette classification est une caractéristique des variables, pas une fonction de la loi de probabilité.",a
40,OIC-020-11-B,Quel paramètre est un paramètre de position?,"Cette question évalue la distinction entre les paramètres de position (mode, moyenne, médiane, quartiles, percentiles) et ceux de dispersion (variance, écart-type, distance interquartile, étendue). Un piège courant est de confondre les paramètres de position avec ceux de dispersion.",Variance,"Incorrect. La variance est un paramètre de dispersion, non de position.",Mode,"Correct. Le mode est la valeur la plus fréquemment retrouvée, un paramètre de position.",Étendue,"Incorrect. L'étendue est la différence entre la valeur maximale et minimale, un paramètre de dispersion.",Distance interquartile,"Incorrect. La distance interquartile est la différence entre le troisième et premier quartile, un paramètre de dispersion.",b
41,OIC-020-13-B,Quelle est la valeur initiale d'une courbe de survie estimée par la méthode de Kaplan-Meier?,Cette question évalue la compréhension des bases des courbes de survie. Un piège courant est de confondre la valeur initiale avec la médiane ou d'oublier que la survie est une probabilité.,1,Correcte. La courbe de survie commence à 1 car la probabilité de survie au temps 0 est de 100% (aucun événement n'est survenu).,0,"Incorrecte. Une valeur de 0 impliquerait une survie nulle dès le début, ce qui n'est pas conforme à la définition des données de survie.","0,5","Incorrecte. La valeur 0,5 correspond à la médiane de survie, non à la valeur initiale de la courbe.",Temps de censure,"Incorrecte. Le temps de censure est représenté par des traits verticaux, pas la valeur initiale de la courbe.",a
42,OIC-020-15-B,Quelle est la principale raison de protéger les données de santé dans les essais cliniques?,La question évalue la compréhension des réglementations protégeant les données sensibles en recherche clinique. Un piège courant est de confondre les lois applicables avec d'autres textes juridiques non mentionnés.,Protéger la vie privée des patients via le RGPD et la loi Informatique et Libertés,Correcte. Ces textes réglementent explicitement la protection des données personnelles en santé.,Assurer la confidentialité via le Code de la santé publique et le Code civil,Incorrecte. Le Code civil n'est pas mentionné comme réglementant la protection des données de santé.,Garantir la sécurité via le Code de la santé publique et le Code pénal,Incorrecte. Le Code pénal n'est pas lié à la protection des données de santé dans ce contexte.,Sécuriser les données via le Code civil et le Code de la propriété intellectuelle,Incorrecte. Ces codes ne régissent pas spécifiquement la protection des données sensibles en santé.,a
43,OIC-020-16-A,Quelle est la différence principale entre un facteur de risque et un facteur étiologique?,La question évalue la compréhension de la distinction entre association statistique et causalité dans les études épidémiologiques. Un piège courant est de confondre la corrélation avec la causalité.,"Le facteur de risque est une association statistique, tandis que le facteur étiologique implique une causalité démontrée.","Correcte. Cette réponse reflète la définition clé : le facteur de risque est statistique, le facteur étiologique suppose une causalité.","Le facteur de risque est toujours lié à une intervention expérimentale, contrairement au facteur étiologique.","Incorrecte. Les facteurs de risque sont associés à des études analytiques, pas nécessairement expérimentales.","Le facteur étiologique est un déterminant de santé, tandis que le facteur de risque est un facteur d’exposition.","Incorrecte. Les déterminants de santé influencent la santé collective, mais ne sont pas directement liés aux classifications de facteur de risque/étiologique.","Le facteur de risque est un facteur pronostique, tandis que le facteur étiologique est un facteur d’exposition.","Incorrecte. Les facteurs pronostiques et étiologiques sont distincts, mais les facteurs de risque ne sont pas nécessairement pronostiques.",a
44,OIC-020-17-A,Quelle est la définition correcte de la population cible dans le contexte de la recherche en santé?,Cette question évalue la compréhension de la distinction entre population cible et population source. Un piège courant est de confondre la population cible (à qui on souhaite appliquer les résultats) avec la population source (où l'étude se déroule).,La population cible est l'ensemble des individus étudiés dans l'étude.,"Incorrect. La population cible n'est pas l'ensemble des individus étudiés, mais celle à qui on souhaite extrapoler les résultats.",La population source est l'ensemble des individus étudiés dans l'étude.,"Incorrect. La population source est la population d'où l'échantillon est tiré, pas l'ensemble des individus étudiés.",L'échantillon est un sous-ensemble de la population cible.,"Incorrect. L'échantillon est un sous-ensemble de la population source, non de la population cible.",La population cible est l'ensemble des individus à qui on souhaite appliquer les résultats de l'étude.,Correct. La population cible est définie comme celle à laquelle on souhaite extrapoler les résultats de l'étude.,d
45,OIC-020-19-B,Quelle étude est définie comme une enquête cas-témoins où les cas et témoins sont sélectionnés parmi les sujets d'une cohorte déjà constituée?,Cette question évalue la capacité à distinguer les différents schémas d'études en santé. Un piège courant est de confondre l'étude cas-témoins nichée avec l'étude de cohorte classique.,Étude cas-témoins nichée,Correcte. Cette définition correspond exactement à l'explication donnée dans le contenu éducatif.,Étude cas-cohorte,"Incorrecte. L'étude cas-cohorte sélectionne des cas et non-cas d'une sous-cohorte, sans recontacter l'ensemble de la cohorte initiale.",Étude quasi-expérimentale,"Incorrecte. Les études quasi-expérimentales impliquent une intervention sans groupe contrôle aléatoire, ce qui n'est pas le cas ici.",Étude sur données groupées,"Incorrecte. Les études sur données groupées utilisent des données agrégées, pas des sujets d'une cohorte.",a
46,OIC-020-21-B,Quelle est la principale fonction de la standardisation dans les mesures de fréquence en santé?,Cette question évalue la compréhension de l'objectif de la standardisation. Un piège courant est de confondre la standardisation avec l'ajustement de la taille de l'échantillon.,Permettre la comparaison entre populations ayant des structures d'âge et de sexe différentes,Correcte. La standardisation égalise les structures démographiques pour des comparaisons valides.,Ajuster les résultats pour corriger les écarts de taille d'échantillon,"Incorrecte. La standardisation ne corrige pas les différences de taille, mais les structures démographiques.",Calculer le taux d'incidence sans utiliser de population de référence,Incorrecte. La standardisation nécessite une population de référence pour pondérer les données.,Assurer la précision des données en éliminant les biais de mesure,"Incorrecte. La standardisation ne vise pas à éliminer les biais de mesure, mais à faciliter les comparaisons.",a
47,OIC-020-22-A,"Dans un essai clinique comparant deux traitements, quelle mesure indique la réduction absolue du risque d'un événement adverse?",Cette question évalue la capacité à distinguer les mesures d'association absolue et relative. Le piège courant est de confondre réduction absolue (RAR) et réduction relative (RRR).,Réduction relative de risque (RRR) de 40%,"Incorrect. La RRR exprime la réduction proportionnelle, pas absolue. Elle peut être trompeuse car elle ne montre pas le nombre réel d'événements évités.",Nombre de sujets à traiter (NST) de 50,"Incorrect. Le NST indique combien de patients doivent être traités pour éviter un événement, mais il ne mesure pas directement la réduction de risque.","Odds Ratio (OR) de 0,59","Incorrect. L'OR compare les cotes de maladie entre groupes, mais il ne reflète pas la réduction absolue de risque.",Réduction absolue de risque (RAR) de 2%,Correct. La RAR correspond à la différence entre les risques des deux groupes (p0 - p1) et indique la réduction absolue d'événements.,d
48,OIC-020-23-A,Quel indicateur peut être estimé à partir d'une étude cas-témoins?,Cette question évalue la compréhension des limites des mesures d'association selon le type d'étude. Le piège courant est de confondre les conditions d'application des RR et OR.,Risque relatif (RR),Incorrect. Le RR ne peut pas être estimé à partir d'une étude cas-témoins car il nécessite des données sur la probabilité de maladie selon l'exposition.,Odds Ratio (OR),"Correct. L'OR peut être estimé dans tous les types d'études, y compris les études cas-témoins, car il utilise des rapports de cotes.",Réduction relative de risque (RRR),Incorrect. Le RRR est une mesure dérivée du RR et ne peut pas être calculé sans connaître le risque absolu.,Rapport de taux d'incidence brut,"Incorrect. Ce paramètre nécessite des données longitudinales sur l'incidence, inadapté aux études cas-témoins.",b
49,OIC-020-24-A,Quel facteur suivant n’influence pas la puissance d’une étude?,Cette question évalue la compréhension des facteurs influençant la puissance d’une étude. Le piège courant est de confondre les paramètres contrôlables (comme la taille de l’échantillon) avec ceux non contrôlables (comme la durée de l’étude).,La taille de l’échantillon analysé (N),"Correcte. Une augmentation de N augmente la puissance, donc ce facteur influence directement la puissance.",La variabilité des observations (variance),"Incorrecte. Une augmentation de la variance diminue la puissance, donc ce facteur influence la puissance.",Le risque alpha,"Incorrecte. Un risque alpha plus élevé augmente la puissance, donc ce facteur influence la puissance.",La durée de l’étude,"Correcte. La durée de l’étude n’est pas un paramètre mentionné comme influençant la puissance, donc ce facteur n’a pas d’impact direct.",d
50,OIC-020-26-A,Quels biais affectent à la fois les objectifs descriptifs et analytiques d'une étude?,Cette question évalue la compréhension des distinctions entre les types de biais et leur impact sur les objectifs d'une étude. Un piège courant est de confondre les biais de confusion avec les autres.,Les biais de sélection et d'information,"Correcte. Les biais de sélection (ex. attrition) et d'information (ex. mémorisation) affectent à la fois les objectifs descriptifs et analytiques, car ils altèrent la représentativité et la validité des mesures.",Les biais de confusion,"Incorrecte. Les biais de confusion concernent uniquement les objectifs analytiques, car ils faussent les associations observées sans affecter les fréquences.",Les biais de sélection et de confusion,"Incorrecte. Les biais de sélection affectent les deux objectifs, mais les biais de confusion n'en affectent qu'un seul (analytique).",Les biais de classement et de confusion,"Incorrecte. Les biais de classement (mesure erronée) affectent les deux objectifs, mais les biais de confusion n'en affectent qu'un seul (analytique).",a
51,OIC-020-28-B,Quelle est la différence entre un facteur de confusion et un facteur d'interaction dans l'analyse d'une association entre exposition et santé?,La question évalue la capacité à distinguer les concepts de facteur de confusion (distorsion de l'association) et de facteur d'interaction (variation de l'association selon un autre facteur). Un piège courant est de confondre ces deux notions.,Le facteur d'interaction provoque une variation significative de l'association selon ses niveaux (ex : RR différent selon l'inhalation de la fumée).,"Correcte. Cela correspond à la définition d'une interaction, où l'effet de l'exposition dépend du facteur d'interaction.",Le facteur de confusion réduit l'association globale mais ne modifie pas les effets dans chaque strate (ex : RR similaire chez hommes et femmes).,"Incorrecte. Cela décrirait un facteur de confusion, non une interaction. L'interaction implique une variation significative des effets strataux.",Le facteur d'interaction ne change pas l'association globale mais amplifie l'effet dans une strate spécifique (ex : RR plus élevé chez les fumeurs d'inhalation).,"Incorrecte. Cela correspond à un facteur de confusion, car l'effet global est amplifié sans variation stratale significative.",Le facteur de confusion est toujours associé à une modification non significative de l'association (ex : RR identique dans toutes les strates).,"Incorrecte. Un facteur de confusion peut amplifier ou masquer l'association, mais ne provoque pas nécessairement une variation stratale significative.",a
52,OIC-020-29-A,Quelle est la bonne interprétation d'un intervalle de confiance à 95% (IC95%)?,La question évalue la compréhension de la signification d'un intervalle de confiance. Un piège courant est de confondre la probabilité que le paramètre vrai appartienne à l'intervalle avec la fiabilité de la procédure.,"Cela signifie que si on répète l'étude 100 fois, 95 des intervalles obtenus contiendraient la vraie valeur du paramètre.","Correcte. L'IC95% reflète la fiabilité de la procédure d'estimation, non la probabilité du paramètre.",Cela signifie que la vraie valeur du paramètre a 95% de chances d'être dans l'intervalle.,Incorrecte. La probabilité du paramètre n'est pas définie en statistique inférentielle ; c'est la procédure qui est fiable à 95%.,Cela signifie que l'intervalle est précis à 95%.,"Incorrecte. La précision n'est pas mesurée par le niveau de confiance, mais par la largeur de l'intervalle.",Cela signifie que l'intervalle est certain à 95%.,"Incorrecte. Le niveau de confiance ne traduit pas une certitude, mais une fiabilité répétée de la méthode.",a
53,OIC-020-32-B,Quelle est la principale fonction de la revue par les pairs (peer-review) dans le processus de publication scientifique?,Cette question évalue la compréhension du rôle clé de la revue par les pairs dans la garantie de la qualité scientifique. Un piège courant est de confondre cette procédure avec des aspects comme la rapidité ou le coût de publication.,Évaluer la qualité scientifique du manuscrit par des experts du domaine,"Correcte. La revue par les pairs vise à vérifier la validité, l'originalité et la pertinence des résultats par des spécialistes.",Accélérer la publication des travaux pour maximiser leur visibilité,"Incorrecte. La rapidité n'est pas l'objectif principal, mais un effet secondaire des revues prédatrices qui promettent des délais courts.",Réduire les coûts de publication pour les chercheurs,"Incorrecte. Les coûts sont un critère secondaire, et la revue par les pairs ne vise pas à réduire les dépenses.",Garantir l'accès immédiat au public sans restriction,"Incorrecte. L'accès libre est une caractéristique des revues à accès ouvert, pas une fonction de la revue par les pairs.",a
54,OIC-020-33-A,Quelle est la principale utilisation du nomogramme de Fagan dans l'évaluation de l'apport décisionnel?,"Cette question évalue la compréhension des propriétés intrinsèques et extrinsèques des tests, ainsi que leur application pratique via le nomogramme de Fagan. Un piège courant est de confondre les valeurs prédictives (extrinsèques) avec les rapports de vraisemblance (intrinsèques).","Calculer la probabilité post-test en combinant la probabilité pré-test, le résultat du test et les rapports de vraisemblance","Correcte. Le nomogramme de Fagan utilise précisément ces éléments pour estimer la probabilité post-test, en s'appuyant sur les propriétés intrinsèques du test (rapports de vraisemblance).",Évaluer la sensibilité et la spécificité du test indépendamment de la prévalence,"Incorrecte. La sensibilité et la spécificité sont des propriétés intrinsèques, mais le nomogramme de Fagan ne les utilise pas directement ; il utilise les rapports de vraisemblance dérivés de ces paramètres.",Calculer les valeurs prédictives positives et négatives en fonction de la prévalence,"Incorrecte. Les valeurs prédictives sont des propriétés extrinsèques dépendant de la prévalence, mais le nomogramme de Fagan ne les calcule pas directement ; il utilise des rapports de vraisemblance.",Estimer la prévalence de la maladie dans la population étudiée,"Incorrecte. La prévalence est une donnée externe utilisée pour calculer les probabilités pré-test, mais le nomogramme de Fagan ne l'utilise pas directement dans son fonctionnement.",a
55,OIC-022-01-A,Quelle est la définition correcte d'une maladie rare?,La question évalue la compréhension de la définition officielle des maladies rares. Le piège courant est de confondre la prévalence avec la nature génétique des maladies.,Une maladie rare est une maladie qui affecte moins d'une personne sur 2 000.,Correcte. C'est la définition officielle mentionnée dans le contenu éducatif.,Une maladie rare est une maladie génétique qui affecte moins d'une personne sur 2 000.,"Incorrecte. Bien que 80 % des maladies rares soient génétiques, toutes ne le sont pas.",Une maladie rare est une maladie qui affecte moins d'une personne sur 1 000.,"Incorrecte. La prévalence correcte est inférieure à 1/2000, pas 1/1000.",Une maladie rare est une maladie génétique qui affecte moins d'une personne sur 1 000.,Incorrecte. Mélange deux erreurs : prévalence fausse et implication génétique universelle.,a
56,OIC-022-04-B,Combien de personnes en France sont touchées par des maladies rares selon le contenu?,La question évalue la compréhension de l'épidémiologie des maladies rares en France. Un piège courant est de confondre le chiffre mondial (350 millions) avec celui français.,Plus de 3 millions,Correcte. Le texte indique explicitement que les maladies rares touchent plus de 3 millions de personnes en France.,350 millions,"Incorrecte. Ce chiffre correspond au nombre mondial de patients atteints de maladie rare, non français.",7 000,"Incorrecte. Ce chiffre représente le nombre de maladies rares différentes, pas la population touchée.",75 %,"Incorrecte. Ce pourcentage correspond à la proportion de patients qui sont des enfants, non au nombre total de personnes touchées.",a
57,OIC-022-06-B,Quelle est la principale spécificité de la prise en charge des maladies rares en ville selon le contenu?,La question évalue la compréhension de l'importance de la vigilance des professionnels face aux symptômes atypiques. Le piège réside dans de confondre les dispositifs administratifs avec la culture de doute.,La nécessité d'une 'culture du doute' pour les professionnels face aux symptômes inhabituels,Correcte. Le texte souligne explicitement cette exigence pour les non-spécialistes.,Le rôle des équipes relais handicaps rares (ERHR) dans la prise en charge sociale,"Incorrecte. Les ERHR complètent le dispositif, mais ne sont pas la spécificité principale.",L'existence d'associations comme Alliance Maladies Rares pour l'orientation des patients,"Incorrecte. Les associations sont un dispositif, pas la spécificité centrale de la prise en charge.",La publication des protocoles nationaux de diagnostic par la HAS,"Incorrecte. Les PNDS sont un outil, non la spécificité principale des soins en ville.",a
58,OIC-024-01-A,Quels sont les éléments principaux orientant vers le diagnostic d'une hémorragie du premier trimestre?,"Cette question évalue la capacité à identifier les trois axes diagnostiques clés (clinique, biologique et échographique). Le piège courant est de négliger un des éléments ou de confondre avec d'autres pathologies.","Antécédents gynéco-obstétricaux, dosage d'hCG, échographie pelvienne","Correcte. Elle intègre les trois axes diagnostiques principaux : éléments cliniques (antécédents), biologiques (dosage hCG) et échographiques.","Hémogramme, groupe sanguin, douleurs pelviennes","Incorrecte. Bien que les hémogrammes et le groupe sanguin soient utiles, les douleurs pelviennes ne constituent pas un élément orientant spécifique. Elle manque de l'aspect échographique.","Signes sympathiques de grossesse, épanchement pelvien, taux hémoglobine","Incorrecte. Les signes sympathiques et l'épanchement pelvien sont des éléments secondaires. Le taux hémoglobine est un paramètre biologique, mais manque l'aspect clinique et échographique.","Examen vaginal, lyse d'un jumeau, RAI","Incorrecte. L'examen vaginal est un examen complémentaire, la lyse d'un jumeau est une cause rare, et le RAI est un paramètre secondaire. Elle néglige les éléments cliniques et biologiques principaux.",a
59,OIC-024-02-A,Quelle est la prise en charge principale d'une fausse couche du premier trimestre?,Cette question évalue la compréhension des méthodes de traitement principales. Un piège courant est de confondre les mesures préventives (comme l'allo-immunisation rhésus) avec les traitements directs.,Traitement médical (prostaglandines) ou chirurgical (aspiration utérine),Correcte. Les deux méthodes sont explicitement mentionnées comme options de prise en charge.,Hospitalisation prolongée pour surveillance,"Incorrecte. L'hospitalisation est une étape du traitement chirurgical, mais non une méthode principale de prise en charge.",Prévention de l'allo-immunisation rhésus,"Incorrecte. C'est une mesure préventive, non un traitement de la fausse couche.",Thérapie psychologique exclusive,"Incorrecte. La prise en charge psychologique est complémentaire, non principale.",a
60,OIC-024-03-A,Quelle est l'indication correcte pour un traitement médical par méthotrexate dans une grossesse extra-utérine (GEU)?,La question évalue la compréhension des critères d'indication pour le traitement médical de la GEU. Un piège courant est de confondre les seuils de β-hCG et les signes cliniques.,β-hCG ≤ 5 000 UI/L et absence de symptômes cliniques,Correcte. Le méthotrexate est indiqué pour les GEU asymptomatiques avec un taux de β-hCG inférieur ou égal à 5 000 UI/L.,β-hCG > 5 000 UI/L et présence d'hémopéritoine,"Incorrecte. L'hémopéritoine et un β-hCG élevé indiquent une urgence chirurgicale, non un traitement médical.",Instabilité hémodynamique et défense abdominale,"Incorrecte. Ces signes cliniques justifient une intervention chirurgicale urgente, pas un traitement médical.",Taux de β-hCG supérieur à 1 000 UI/L et absence de symptômes,"Incorrecte. Le seuil critique est de 5 000 UI/L, pas 1 000 UI/L, pour envisager le méthotrexate.",a
61,OIC-024-04-A,Quelle est la principale différence clinique entre le placenta praevia (PP) et l'hématome rétroplacentaire (HRP)?,La question évalue la capacité à distinguer les deux pathologies en se basant sur les signes cliniques. Un piège courant est de confondre les douleurs utérines et le type d'hémorragie.,Douleurs utérines permanentes et utérus contracturé,"Incorrect. Ces signes correspondent à l'HRP, non au PP.",Hémorragie abondante et utérus souple,"Correct. Le PP se caractérise par une hémorragie abondante sans douleurs utérines, avec un utérus souple.",Hémorragie noirâtre et absence de douleurs utérines,"Incorrect. L'absence de douleurs utérines est un signe du PP, mais l'hémorragie noirâtre est typique de l'HRP.",Présence de douleurs utérines et hémorragie incoagulable,"Incorrect. Ces signes correspondent à l'HRP, non au PP.",b
62,OIC-024-05-A,Quelle est la définition correcte de l’hémorragie du post partum (HPP)?,"Cette question évalue la compréhension de la définition de l'HPP, en distinguant le seuil de 500 mL (HPP) et le seuil de 1000 mL (sévérité). Le piège courant est de confondre les deux seuils.",Hémorragie >500 mL dans les 24h après l’accouchement,Correcte. C’est la définition exacte de l’HPP selon le contenu.,Hémorragie >500 mL dans les 48h après l’accouchement,"Incorrecte. Le délai est de 24h, pas 48h, ce qui est un point de confusion courant.",Hémorragie >1000 mL dans les 24h après l’accouchement,"Incorrecte. 1000 mL correspond au seuil de sévérité, non à la définition de l’HPP.",Hémorragie >1000 mL dans les 48h après l’accouchement,"Incorrecte. Le seuil de 1000 mL est pour la sévérité, et le délai est de 24h, pas 48h.",a
63,OIC-024-07-B,Quelle mesure est considérée comme la principale modalité de prévention de l'HPP?,Cette question évalue la compréhension des mesures clés de prévention de l'HPP. Le piège courant est de confondre les étapes post-partum avec les mesures préventives.,Administration prophylactique d'oxytocine dès la sortie de l'enfant,Correcte. L'administration d'oxytocine est une mesure proactive pour prévenir les saignements post-partum.,Mise en place d'un sac de recueil des pertes sanguines,"Incorrecte. Ce dispositif permet d'évaluer les pertes sanguines, mais ne prévient pas l'HPP.",Surveillance systématique pendant 2 heures en salle de travail,"Incorrecte. La surveillance est une mesure de suivi, pas une prévention proactive.",Vérification macroscopique du placenta et des membranes,Incorrecte. Cette vérification est post-partum et ne prévient pas l'HPP.,a
64,OIC-024-08-A,Quelle est la définition correcte de l'hypertension artérielle gravidique (HTA gravidique)?,Cette question évalue la compréhension des critères diagnostiques de l'HTA gravidique. Un piège courant est de confondre cette condition avec la prééclampsie ou l'HTA chronique.,"HTA apparue après 20 SA, sans protéinurie associée et disparaissant avant la fin de la 6e semaine du post-partum",Correcte. C'est la définition exacte de l'HTA gravidique selon le contenu éducatif.,Association d'HTA gravidique à une protéinurie ≥ 300 mg/24 h,"Incorrecte. Cela correspond à la définition de la prééclampsie, non de l'HTA gravidique.",HTA antérieure à la grossesse persistant plus de 6 semaines après l'accouchement,"Incorrecte. Cela correspond à l'HTA chronique, non à l'HTA gravidique.",HTA avec PAS ≥ 160 mmHg et/ou PAD ≥ 110 mmHg,"Incorrecte. Cela décrit l'HTA sévère, une classification de gravité, non une catégorie distincte.",a
65,OIC-024-09-B,Quelle est la fréquence de l'HTA pendant la grossesse selon le texte?,La question évalue la compréhension de la fréquence de l'HTA pendant la grossesse. Un piège courant est de confondre cette fréquence avec celle de la prééclampsie.,5 à 10 % des grossesses,Correcte. Le texte indique explicitement cette fréquence.,10 à 15 % des grossesses,"Incorrecte. Cette valeur correspond à la proportion de prééclampsie parmi les grossesses hypertendues, non à la fréquence globale de l'HTA.",1 à 5 % des grossesses,Incorrecte. Cette valeur est trop faible par rapport aux données fournies.,20 à 30 % des grossesses,Incorrecte. Cette valeur est trop élevée et n'est pas mentionnée dans le texte.,a
66,OIC-024-10-B,Quelle est l'interprétation correcte du ratio Albumine/Créatinine urinaire (P/C) dans le contexte d'une HTA gravidique?,Cette question évalue la compréhension de l'interprétation clinique du ratio P/C pour diagnostiquer la protéinurie. Un piège courant est de confondre le seuil de 30 avec une protéinurie significative.,Un ratio P/C supérieur à 30 indique une protéinurie positive nécessitant une quantification par analyse des 24 heures.,"Correcte. Le seuil de 30 définit une protéinurie significative, justifiant une analyse des 24 heures pour évaluer la gravité.",Un ratio P/C inférieur à 30 indique une protéinurie positive nécessitant une quantification par analyse des 24 heures.,"Incorrecte. Un ratio sous le seuil de 30 ne correspond pas à une protéinurie significative, donc pas de quantification nécessaire.",Le ratio P/C seul est suffisant pour confirmer une protéinurie sans analyse des 24 heures.,"Incorrecte. Le ratio P/C est un indicateur initial, mais une analyse des 24 heures est requise pour confirmer la protéinurie.",L'analyse des 24 heures est uniquement nécessaire en cas de HTA sévère ou de RCIU.,"Incorrecte. L'analyse des 24 heures est requise dès que le ratio P/C est supérieur à 30, indépendamment de la sévérité de l'HTA.",a
67,OIC-024-11-A,Quelle est la principale complication maternelle associée à la prééclampsie?,Cette question évalue la compréhension des complications maternelles de la prééclampsie. Un piège courant est de confondre les complications fœtales avec les complications maternelles.,"Crise d'éclampsie, HELLP syndrome et coagulation intravasculaire disséminée (CIVD)",Correcte. Ces complications sont directement liées aux mécanismes pathophysiologiques de la prééclampsie.,Réduction de croissance intra-utérine (RCIU) et prématurité,"Incorrecte. Ces complications sont fœtales, non maternelles, et mentionnées comme conséquences secondaires.",Diabète gestationnel et insuffisance rénale aiguë,"Incorrecte. Le diabète gestationnel n'est pas une complication directe de la prééclampsie, et l'insuffisance rénale aiguë est une complication rare.",Hémorragie cérébroméningée et hématome sous-capsulaire du foie,"Incorrecte. Ces complications sont des manifestations rares et secondaires, non les principales.",a
68,OIC-024-13-B,Quel est le traitement antihypertenseur recommandé en première intention chez une femme enceinte avec HTAg?,"La question évalue la compréhension des protocoles de prescription antihypertenseurs en grossesse, en mettant en évidence le choix des médicaments selon leur priorité thérapeutique.",Alpha-méthyldopa,Correcte. L'alpha-méthyldopa est le traitement de première intention recommandé pour éviter les à-coups hypertensifs et les complications maternelles.,Labetéralol,"Incorrecte. Le labétalol est utilisé en deuxième intention, notamment en cas de prééclampsie, mais pas en première ligne.",Nifédipine,"Incorrecte. La nifédipine appartient aux inhibiteurs calciques, utilisés en deuxième intention, mais non en première ligne.",Diurétiques,"Incorrecte. Les diurétiques sont strictement contre-indiqués en grossesse, car ils augmentent le risque de prématurité et de déshydratation.",a
69,OIC-024-14-B,Quelle est une pratique essentielle pour surveiller une HTAg pendant la grossesse?,"La question évalue la compréhension des mesures de surveillance clés. Le piège réside dans la confusion entre les actions de suivi (consultations, bilans biologiques) et les interventions (échographie, déclenchement artificiel).",Consultations toutes les 10 jours et bilans biologiques réguliers,Correcte. Ces mesures sont explicitement mentionnées comme des éléments centraux de la surveillance renforcée.,Échographie mensuelle pour surveiller le fœtus,"Incorrecte. Bien que mentionnée, l'échographie est une action complémentaire et non la priorité du suivi médical.",Utilisation d'un carnet de suivi pour coordonner les soins,"Incorrecte. Le carnet est un outil de gestion, pas une pratique de surveillance directe.",Déclenchement artificiel du travail à partir du 9e mois,"Incorrecte. C'est une décision thérapeutique possible, non une mesure de surveillance.",a
70,OIC-024-15-B,Quelle est la conduite à tenir après l'accouchement en cas d'HTA persistante?,"La question évalue la compréhension des recommandations postpartum pour la gestion de l'HTA, en mettant en évidence le piège de négliger la surveillance à long terme.",Arrêt immédiat du traitement antihypertenseur et surveillance occasionnelle,Incorrect. L'arrêt doit être progressif et la surveillance étroite est nécessaire pour éviter les complications.,Privilégier les inhibiteurs de l'enzyme de conversion (IEC) pendant l'allaitement,Incorrect. Les IEC sont déconseillés pendant l'allaitement ; des bêtabloquants ou des calcium antagonistes sont préférés.,Ne pas informer la patiente des risques cardiovasculaires futurs,Incorrect. L'information sur les risques futurs est essentielle pour un suivi multidisciplinaire.,Surveillance étroite et arrêt progressif du traitement avec objectifs de PAS < 150 mmHg et PAD < 100 mmHg,Correct. Cela correspond aux recommandations du contenu éducatif pour la gestion postpartum de l'HTA.,d
71,OIC-024-16-A,Quelle mesure est essentielle pour prévenir les complications lors des grossesses ultérieures chez les patientes ayant un antécédent de prééclampsie ou de RCIU?,La question évalue la compréhension des mesures préventives clés. Le piège courant est de confondre les mesures générales (comme l'arrêt du tabac) avec la mesure principale.,Consultation préconceptionnelle pour adapter le traitement antihypertenseur et organiser un suivi coordonné,Correcte. La consultation préconceptionnelle est la mesure principale pour adapter le suivi et le traitement.,Suivi régulier de grossesse à partir du 1er trimestre,"Incorrecte. Le suivi régulier est important, mais non spécifique à la prévention des complications récidivantes.",Utilisation de l'aspirine à faibles doses sans conditions spécifiques,Incorrecte. L'aspirine est prescrite uniquement en cas d'antécédents sévères de RCIU ou de prééclampsie précoces.,Arrêt du tabagisme sans consultation préalable,"Incorrecte. L'arrêt du tabac est une mesure utile, mais non la priorité absolue dans ce contexte.",a
72,OIC-024-17-B,Quelle est la complication à long terme associée à un antécédent d'HTA gravidique?,Cette question évalue la compréhension des complications chroniques liées à l'HTA gravidique. Un piège courant est de confondre les complications immédiates (comme l'accouchement prématuré) avec les risques à long terme.,Risque d'HTA chronique et de pathologies cardiovasculaires et rénales,Correcte. L'HTA chronique et les pathologies cardiovasculaires/rénales sont explicitement mentionnées comme complications à long terme dans le contenu.,Risque d'accouchement prématuré,"Incorrecte. L'accouchement prématuré est une complication aiguë, non une conséquence à long terme de l'HTA gravidique.",Risque d'anémie,"Incorrecte. L'anémie est une complication séparée, non liée directement aux effets à long terme de l'HTA gravidique.",Risque de diabète gestationnel,"Incorrecte. Le diabète gestationnel est une condition distincte, non une complication chronique de l'HTA gravidique.",a
73,OIC-024-18-A,Quelle est la définition correcte d'une menace d'accouchement prématuré (MAP)?,"Cette question évalue la compréhension de la définition de la MAP, en soulignant le piège courant de confondre les seuils de gestation (avant 37 SA vs avant 22 SA).",Association de modifications cervicales et de contractions utérines régulières avant 37 SA,Correcte : Cela correspond exactement à la définition donnée dans le contenu éducatif.,Contractions utérines régulières avant 37 SA sans modification cervicale,Incorrecte : La MAP nécessite à la fois des modifications cervicales et des contractions utérines.,Accouchement avant 22 SA indépendamment des signes cervicaux,"Incorrecte : Cela définit une fausse couche tardive, non une menace d'accouchement prématuré.",Modification cervicale <25 mm sans contractions utérines avant 37 SA,Incorrecte : La MAP exige à la fois des contractions utérines et des modifications cervicales.,a
74,OIC-024-20-A,Quels examens sont essentiels pour évaluer une menace d'accouchement prématuré?,Cette question évalue la compréhension des examens clés dans le bilan d'une menace d'accouchement prématuré. Le piège courant est de confondre les examens complémentaires avec les principaux.,"Tocérométrie externe, enregistrement du RCF et examen échographique",Correcte. Ces examens sont mentionnés comme essentiels pour le diagnostic et la surveillance.,Bilan bactériologique et fibronectine fœtale,"Incorrecte. Bien que pertinents, ces examens sont secondaires et non prioritaires dans le bilan initial.",ECBU et analyse des leucocytes,Incorrecte. Ces examens sont liés à la chorioamniotite mais ne constituent pas le bilan principal.,Groupe sanguin et RAI,Incorrecte. Ces paramètres sont utiles en cas d'accouchement imminent mais ne remplacent pas les examens diagnostiques principaux.,a
75,OIC-024-21-B,Quelle est la principale mesure de prise en charge dans la menace d'accouchement prématuré avant 34 SA?,Cette question évalue la compréhension des priorités thérapeutiques. Le piège courant est de confondre la tocolyse et la corticothérapie.,Administration de corticothérapie anténatale par bétaméthasone,"Correcte. La corticothérapie précoce améliore la maturité pulmonaire fœtale, cible principale du traitement.",Utilisation systématique de tocolyse avec des inhibiteurs calciques,Incorrecte. La tocolyse est limitée à 48 heures et contre-indiquée en cas d'infection materno-fœtale.,Administration de sulfate de magnésium pour prévenir les infections,"Incorrecte. Le sulfate de magnésium prévient l'eclampsie, pas les infections, et est utilisé avant 32 SA.",Hospitalisation prolongée en structure spécialisée,Incorrecte. Une hospitalisation courte ou un suivi à domicile est possible selon la situation.,a
76,OIC-024-22-A,Quelle est la justification principale pour réaliser un cerclage utérin selon la prévention secondaire de la menace d’accouchement prématuré?,Cette question évalue la compréhension des critères de réalisation du cerclage utérin dans la prévention secondaire. Le piège courant est de confondre les antécédents non justifiant un cerclage préventif.,En cas d’antécédent de conisation,"Incorrect. La conisation n’est pas un critère justifiant un cerclage préventif, comme indiqué dans le contenu.",En cas de grossesse gémellaire,"Incorrect. La grossesse gémellaire n’est pas un motif pour un cerclage préventif, selon les recommandations.",En cas de malformation utérine,"Incorrect. La malformation utérine n’est pas un critère justifiant un cerclage préventif, comme précisé dans le contenu.",En cas d’antécédent d’accouchement prématuré,"Correct. La prévention secondaire implique un cerclage en fonction de l’antécédent d’accouchement prématuré, conformément aux directives.",d
77,OIC-024-24-A,Quel est le bilan biologique standard en cas de fièvre pendant la grossesse?,Cette question évalue la maîtrise des protocoles de diagnostic standard en obstétrique. Le piège réside dans la confusion entre les examens obligatoires et ceux à adapter selon le contexte clinique.,"ECBU, NFS - CRP, hémocultures (fièvre > 38,5°C), sérologies (rubéole, toxoplasmose, etc.), RCF, tocométrie, échographie obstétricale","Correcte : Recense l'ensemble des examens mentionnés dans le contenu éducatif, y compris les tests obligatoires et les examens complémentaires selon le contexte.","ECBU, hémocultures, sérologies pour VIH et CMV, échographie","Incorrecte : Manque les NFS - CRP, les tests pour toxoplasmose et rubéole, ainsi que les examens de surveillance (RCF, tocométrie).","ECBU, NFS - CRP, hémocultures, test de dépistage du VIH, radiographie thoracique","Incorrecte : La radiographie thoracique n'est pas mentionnée dans le contenu. De plus, les sérologies sont incomplètes (manque toxoplasmose, rubéole).","ECBU, sérologies pour CMV et VIH, échographie, test de dépistage de la grippe","Incorrecte : Manque les NFS - CRP, les hémocultures (conditionnelles), les examens de surveillance (RCF, tocométrie) et les sérologies complètes.",a
78,OIC-026-01-B,Quelle étiologie de douleur abdominale aiguë chez la femme enceinte est associée à un utérus « de bois » et une hémorragie génitale?,Cette question évalue la capacité à distinguer les signes cliniques spécifiques de chaque étiologie. Le piège réside dans la confusion entre les symptômes de la rupture utérine (hypotension) et de la chorioamniotite (fièvre).,Hématome rétroplacentaire,Correct. L'utérus « de bois » et l'hémorragie génitale sont des signes cliniques spécifiques de l'hématome rétroplacentaire.,HELLP syndrome,"Incorrect. Le HELLP syndrome se caractérise par des anomalies hématologiques (hémolyse, thrombopénie) et non par un utérus « de bois ».",Rupture utérine,"Incorrect. La rupture utérine présente une douleur brutale et une hypotension, mais pas d'hémorragie génitale spécifique.",Chorioamniotite,"Incorrect. La chorioamniotite se manifeste par une fièvre maternelle et une écoulement purulent, sans utérus « de bois ».",a
79,OIC-026-04-B,Quel examen paraclinique est le premier à proposer lors de la prise en charge d'une douleur abdominale aiguë chez une femme enceinte?,"Cette question évalue la connaissance des examens adaptés en situation de grossesse, en mettant en évidence le piège de privilégier des examens à risque pour le fœtus.",Échographie abdominale,"Correcte : L'échographie est non invasive, sans risque pour le fœtus et permet d'identifier des pathologies comme l'ectopie ou l'hémorragie placentaire.","Tests sanguins (CRP, hémogramme)","Incorrecte : Bien que utiles pour évaluer l'inflammation ou l'anémie, ces tests ne permettent pas de diagnostiquer directement la cause de la douleur.",Imagerie par résonance magnétique (IRM),Incorrecte : L'IRM est peu utilisée en urgence et ne remplace pas l'échographie comme examen de première intention.,Scanner abdominal,"Incorrecte : Le scanner est évité en grossesse en raison du risque de radiation, sauf en cas de nécessité absolue.",a
80,OIC-027-01-A,Quelle est la définition correcte de l’infection materno-fœtale (IMF)?,Cette question évalue la compréhension de la définition centrale de l’IMF. Un piège courant est de confondre les conséquences (comme les fœtopathies) avec la définition elle-même.,Une infection materno-fœtale est une contamination du fœtus par des germes d’origine maternelle pendant la grossesse ou l’accouchement.,Correcte. Cela correspond exactement à la définition donnée dans le contenu éducatif.,Une infection materno-fœtale est une infection post-natale qui peut survenir à distance.,"Incorrecte. Les infections post-natales sont une conséquence, pas la définition de l’IMF.",Une infection materno-fœtale est une infection fœtale causée par des agents externes.,"Incorrecte. L’origine des germes est maternelle, non externe, selon la définition.",Une infection materno-fœtale est une infection néonatale tardive due à des toxines.,"Incorrecte. L’IMF peut être bactérienne et se produit pendant la grossesse ou l’accouchement, pas à distance ou par toxines.",a
81,OIC-027-02-B,Quelle est la première cause d'infection néonatale bactérienne précoce selon l'épidémiologie des IMF?,Cette question évalue la compréhension des principales étiologies microbiennes des infections materno-fœtales. Le piège courant est de confondre l'ordre de prévalence des agents pathogènes.,Streptocoque groupe B,Correcte. Le streptocoque groupe B est explicitement mentionné comme la première cause d'infection néonatale bactérienne précoce.,Escherichia coli,"Incorrecte. L'Escherichia coli est la deuxième cause, non la première, d'infection néonatale bactérienne précoce.",Listériose,"Incorrecte. La listériose est la troisième cause, non la première, d'infection néonatale bactérienne précoce.",Treponema pallidum (Syphilis),"Incorrecte. Le Treponema pallidum est une cause, mais pas la première, d'infection néonatale bactérienne précoce.",a
82,OIC-027-04-A,Quel trimestre de la grossesse présente le risque le plus élevé de complications graves liées à la toxoplasmose intra-utérine?,Cette question évalue la compréhension de la relation entre l'âge gestationnel et la sévérité des lésions fœtales. Un piège courant est de confondre le taux de transmission (plus élevé au 3e trimestre) avec la gravité des conséquences (plus marquée au 1er trimestre).,Premier trimestre,"Correcte. Les lésions d'embryopathie et fœtopathie sévères (61 %) sont les plus fréquentes au 1er trimestre, reflétant une corrélation entre l'âge gestationnel et la gravité des conséquences.",Deuxième trimestre,"Incorrecte. Bien que la transmission materno-fœtale soit à 40 %, la sévérité des lésions est moindre (25 % de formes légères) par rapport au premier trimestre.",Troisième trimestre,"Incorrecte. Bien que le taux de transmission soit le plus élevé (72 %), la sévérité des lésions est la plus faible (70 % de formes infracliniques), avec moins de 5 % de cas graves.",Les risques sont similaires dans tous les trimestres,"Incorrecte. Les données montrent une variation claire de la sévérité selon l'âge gestationnel, avec un pic de gravité au 1er trimestre.",a
83,OIC-027-10-A,Quelle est la principale conséquence fœtale d'une infection à la rougeole pendant la grossesse?,Cette question évalue la compréhension des risques fœtaux liés à la rougeole maternelle. Un piège courant est de confondre les complications néonatales avec les conséquences fœtales directes.,"Augmentation du risque de fausse couche, de mort fœtale in utero et de prématurité",Correcte. Ces risques sont explicitement mentionnés dans le contenu éducatif comme les conséquences fœtales majeures.,Présence d'éruptions cutanées congénitales chez le nouveau-né,"Incorrecte. Les éruptions sont une complication néonatale, non une conséquence fœtale directe.",Augmentation du risque de malformations congénitales,Incorrecte. Le contenu précise qu'il n'y a pas d'augmentation du risque de malformations.,Pneumonie maternelle avec défaillance cardiaque,"Incorrecte. Ces complications concernent la mère, non le fœtus.",a
84,OIC-027-11-A,Quelle mesure est indiquée en cas de contamination avérée par la rougeole chez une femme enceinte non vaccinée?,"La question évalue la connaissance des protocoles de prévention fœtale en cas de contamination. Le piège courant est de confondre les mesures de prévention passive (immunoglobulines) avec des pratiques non recommandées (arrêt de la grossesse, antibiotiques).",Administration d'immunoglobulines IV dans les 6 jours suivant le contage,Correcte : L'immunoglobuline IV est recommandée pour protéger le fœtus dans les 6 jours après l'exposition.,Arrêt immédiat de la grossesse,Incorrecte : Il n'y a pas d'indication à interrompre la grossesse en cas de contamination avérée.,Prescription systématique d'antibiotiques,"Incorrecte : Les antibiotiques ne sont pas indiqués pour la rougeole, qui est une infection virale.",Absence de sérologie en urgence,Incorrecte : La sérologie (IgG) est essentielle pour évaluer le statut vaccinal et la réponse immunitaire.,a
85,OIC-027-12-A,Quelle est la première cause d'infection congénitale virale et la première cause non héréditaire de perte auditive neurosensorielle et de retard mental dans la petite enfance?,Cette question évalue la compréhension de l'importance de l'infection à CMV materno-fœtale. Le piège courant est de confondre les causes des infections congénitales virales.,Infection à cytomégalovirus (CMV),Correcte. Le CMV est explicitement mentionné comme la première cause d'infection congénitale virale et la première cause non héréditaire de ces complications.,Toxoplasmose,"Incorrecte. Bien que fréquente, la toxoplasmose n'est pas la première cause d'infection congénitale virale selon le texte.",Rubéole,Incorrecte. La rubéole est une cause importante mais pas la première mentionnée dans le contenu éducatif.,Syphilis,"Incorrecte. La syphilis est une infection congénitale possible, mais elle n'est pas priorisée comme première cause dans le texte.",a
86,OIC-027-14-B,Quelle est la prévention recommandée en cas de récurrence d'herpès génital pendant la grossesse?,La question évalue la compréhension des protocoles de prévention spécifique aux récurrences. Le piège courant est de confondre les traitements pour infection primaire et prévention.,Aciclovir 1g en 5 prises pendant 5 à 10 jours,"Incorrect. C'est le traitement pour une infection primaire, non une prévention pour récurrence.",Valaciclovir 2g en 2 prises pendant 5 à 10 jours,"Incorrect. C'est la dose utilisée pour une infection primaire, pas pour la prévention des récurrences.",Aciclovir 1g en 2 prises de 36 SA jusqu’à la naissance,Incorrect. Le médicament (aciclovir) est inadapté pour la prévention des récurrences.,Valaciclovir 1g en 2 prises de 36 SA jusqu’à la naissance,Correct. C'est la recommandation pour la prévention des récurrences d'herpès génital pendant la grossesse.,d
87,OIC-027-16-A,Quelle est la mesure de prévention fœtale correcte contre le virus de l'hépatite B?,La question évalue la compréhension des modalités de prévention fœtale. Le piège courant est de confondre la césarienne (non indiquée) ou l'allaitement (non contre-indiqué) avec les mesures correctes.,La sérovaccination du nouveau-né de mère antigène HBs+,Correcte. La sérovaccination néonatale est une mesure clé pour prévenir la transmission verticale.,La césarienne en cas de positivité à l'Ag HBs,Incorrecte. La césarienne n'est pas recommandée pour prévenir l'hépatite B.,L'interdiction de l'allaitement maternel,Incorrecte. L'allaitement est autorisé si la sérovaccination néonatale est effectuée.,L'absence de dépistage pendant la grossesse,Incorrecte. Le dépistage est recommandé dès la déclaration de la grossesse.,a
88,OIC-027-17-A,Quel est l'objectif principal du dépistage maternel du VIH en début de grossesse?,La question évalue la compréhension de l'objectif du dépistage maternel du VIH. Un piège courant est de croire que le dépistage est obligatoire ou lié à des critères spécifiques.,Protéger l'enfant et la mère en identifiant précocement la séropositivité maternelle,Correcte. L'objectif principal est de prévenir les risques fœtaux et maternels via un dépistage systématique.,Assurer la légalité du suivi médical pendant la grossesse,"Incorrecte. Le dépistage n'a pas de lien avec la légalité médicale, mais avec la santé materno-fœtale.",Déterminer les traitements spécifiques pour la mère en cas de risque,"Incorrecte. Le dépistage est une étape diagnostique, non un critère de traitement.",Identifier les cas de transmission du VIH au père,"Incorrecte. Le dépistage cible la mère, non le père, et ne traite pas la transmission paternelle.",a
89,OIC-027-18-A,Quelle est la recommandation principale concernant la vaccination contre le virus varicelle-zona (VZV) pour les femmes en âge de procréer selon le Calendrier des vaccinations et recommandations vaccinales 2021?,La question évalue la compréhension des recommandations spécifiques pour les femmes en âge de procréer. Un piège courant est de confondre les recommandations pour les adolescents et les femmes.,Les adolescents de 12 à 18 ans sans antécédent de varicelle,"Incorrect. Bien que la vaccination soit recommandée pour les adolescents, la question se concentre sur les femmes en âge de procréer.",Les femmes en âge de procréer avec un projet de grossesse et sans antécédent de varicelle,"Correct. Le contenu indique explicitement que la vaccination est recommandée pour ces femmes, avec des contraintes spécifiques.",Les femmes enceintes,Incorrect. La vaccination est déconseillée pendant la grossesse ; un test de grossesse est requis avant la vaccination.,Toutes les femmes adultes,"Incorrect. La vaccination est recommandée uniquement pour les femmes en âge de procréer, non pour toutes les femmes adultes.",b
90,OIC-027-19-B,Quel est le mécanisme principal de transmission materno-fœtale de la listériose?,Cette question évalue la compréhension des mécanismes de transmission de la listériose. Un piège courant est de confondre la colonisation du placenta avec une transmission directe via l'amniote.,Colonisation du placenta par une bactériémie maternelle,Correcte. Le texte indique que la colonisation du placenta est la première étape de l'infection materno-fœtale.,Transmission directe via l'amniote,"Incorrecte. Le texte précise que la bactériémie maternelle est la source, non une transmission directe via l'amniote.",Contamination par le lait maternel,"Incorrecte. Le texte ne mentionne pas la transmission via le lait maternel, qui est un mode de transmission post-natal.",Infection par contact direct avec les fèces maternelles,"Incorrecte. Le texte ne décrit pas ce mécanisme, qui est plus lié à d'autres infections comme le VIH.",a
91,OIC-027-21-B,Quel examen complémentaire doit être prescrit en cas de suspicion de listériose chez une femme enceinte?,Cette question évalue la compréhension de l'examen principal à prescrire en cas de suspicion de listériose maternelle. Un piège courant est de confondre cet examen avec ceux réalisés pendant l'accouchement ou chez le nouveau-né.,Hémocultures chez la mère,"Correcte. Les hémocultures sont la première étape diagnostique en cas de fièvre chez une femme enceinte, car elles permettent de détecter la listériose maternelle.",Examen anatomopathologique du placenta,"Incorrecte. Cet examen est réalisé après l'accouchement et ne remplace pas l'hémoculture, qui est le diagnostic initial.",Examen bactériologique des lochies,Incorrecte. Cet examen est effectué pendant l'accouchement et ne suffit pas à diagnostiquer la listériose maternelle en cas de fièvre.,Culture du liquide céphalorachidien du nouveau-né,"Incorrecte. Cette culture est utilisée pour diagnostiquer la listériose chez le nouveau-né, pas chez la mère.",a
92,OIC-027-22-B,Quel est le mécanisme principal de transmission du streptocoque B du fœtus à la mère?,La question évalue la compréhension des voies de transmission materno-fœtale du streptocoque B. Un piège courant est de confondre la transmission ascendante vaginale avec d'autres mécanismes comme la transmission placentaire.,Transmission placentaire,"Incorrect. Le streptocoque B ne se transmet pas principalement par la placentaire, mais par voie vaginale ascendante.",Contamination par ingestion pendant l'accouchement,"Incorrect. L'ingestion n'est pas le mécanisme principal, mais la contamination se fait via la filière génitale maternelle.",Transmission par voie sanguine,Incorrect. La transmission sanguine n'est pas mentionnée dans le contenu éducatif et n'est pas le mécanisme principal.,Transmission ascendante vaginale lors de l'accouchement,Correct. Le contenu éducatif indique clairement que la transmission se fait par voie vaginale ascendante lors de l'accouchement ou de la rupture prolongée des membranes.,d
93,OIC-027-23-B,Quel est le traitement recommandé pour la vaginose bactérienne symptomatique pendant la grossesse?,Cette question évalue la connaissance des protocoles de prise en charge médicamenteuse de la vaginose bactérienne. Le piège réside dans la confusion avec d'autres traitements (ex. clindamycine) ou des médicaments non indiqués.,Métronidazole per os (1 g/j pendant 7 jours),Correcte : C'est le traitement standard recommandé par le HAS pour la vaginose bactérienne symptomatique en cours de grossesse.,Clindamycine en gel vaginal,"Incorrecte : Bien que possible en cas d'insupportabilité du métronidazole, elle n'est pas le traitement de première intention recommandé.",Doxycycline en prise orale,Incorrecte : Ce médicament est contre-indiqué en grossesse et non indiqué pour la vaginose bactérienne.,Fluconazole en prise orale,"Incorrecte : Ce médicament est utilisé pour les infections fongiques, pas pour la vaginose bactérienne.",a
94,OIC-027-25-A,Quelle est la méthode de prévention primaire la plus efficace contre la grippe chez la femme enceinte?,"La question évalue la compréhension de la prévention primaire. Le piège courant est de confondre les mesures d'hygiène (partie de la prévention primaire) avec la vaccination, qui est le moyen principal.",La vaccination antigrippale avec un vaccin inactivé,"Correcte. La vaccination est le moyen principal de prévention primaire, car elle induit une immunité maternelle et protège le nouveau-né.",Le traitement antiviral oseltamivir en cas de grippe,"Incorrecte. Cela correspond à la prévention secondaire, non primaire, et est utilisée après l'infection.","Les mesures d'hygiène (masque, lavage des mains)","Incorrecte. Bien que pertinentes, elles sont des mesures complémentaires et non le moyen principal de prévention primaire.",La limitation des contacts avec les personnes à risque,"Incorrecte. Cela relève des mesures d'hygiène, qui sont une composante de la prévention primaire mais non la méthode la plus efficace.",a
95,OIC-027-26-B,Quels sont les antigènes de groupe sanguin associés aux allo-immunisations les plus fréquentes et les plus graves?,"Cette question évalue la compréhension des antigènes majeurs impliqués dans l'allo-immunisation antiérythrocytaire. Le piège réside dans la confusion entre les antigènes fréquents (anti-D, c, Kell) et les rares (anti-E).","Anti-D, c, Kell",Correcte. Ces antigènes sont mentionnés comme les plus fréquents et les plus graves dans le texte.,Anti-E,Incorrecte. L'anti-E est décrit comme moins fréquent et avec un risque plus faible.,"Anti-A, B",Incorrecte. Les anticorps anti-A et anti-B ne sont pas mentionnés comme causes d'allo-immunisation antiérythrocytaire dans le contexte.,Anti-M,Incorrecte. L'anti-M est un antigène de groupe sanguin moins fréquent et moins lié aux risques fœtaux graves.,a
96,OIC-027-28-A,Quelle est la méthode de prévention de l'allo-immunisation anti-D durant la grossesse?,Cette question évalue la compréhension de la prévention spécifique de l'allo-immunisation anti-D. Un piège courant est de confondre cette prévention avec d'autres mesures comme les vaccins ou les tests de diagnostic.,L'injection d'immunoglobulines spécifiques (anti-D),Correcte. L'immunoglobuline anti-D est la seule méthode médicamenteuse préconisée pour prévenir l'allo-immunisation anti-D.,La vaccination contre la rubéole,"Incorrecte. La vaccination est utilisée pour d'autres infections, pas pour prévenir l'allo-immunisation anti-D.",Une transfusion sanguine du partenaire RhD+,Incorrecte. La transfusion sanguine n'est pas une méthode de prévention de l'allo-immunisation anti-D.,Le test de Kleihauer,"Incorrecte. Le test de Kleihauer mesure l'hémorragie fœto-maternelle, mais ne constitue pas une méthode de prévention.",a
97,OIC-027-30-A,Quelle est la démarche correcte à suivre lorsqu'une patiente prend un traitement et souhaite une grossesse?,Cette question évalue la compréhension des protocoles de gestion des médicaments pendant la grossesse. Le piège courant est de ne pas consulter les spécialistes appropriés avant d'adapter le traitement.,Arrêter immédiatement le traitement sans consultation,"Incorrect. L'arrêt brut du traitement peut entraîner des risques maternels, nécessitant une évaluation du bénéfice-risque.",Se fier uniquement aux recommandations du pharmacien,"Incorrect. Le pharmacien ne remplace pas les spécialistes comme le CRAT, qui évaluent spécifiquement la tératogénicité.",Adapter le traitement en consultation préconceptionnelle avec un spécialiste et consulter le CRAT,Correct. Cette approche intègre l'expertise médicale et la pharmacovigilance pour optimiser la sécurité maternelle et fœtale.,Déclarer directement le médicament à l'ANSM sans consultation,"Incorrect. L'ANSM est une autorité de surveillance, mais la prise en charge clinique doit d'abord impliquer le médecin traitant et le CRAT.",c
98,OIC-027-33-A,Quel type de vaccin est recommandé pendant la grossesse selon le contenu éducatif?,La question évalue la compréhension des vaccins autorisés pendant la grossesse. Un piège courant est de confondre les vaccins vivants atténués (interdits) avec les vaccins inactivés (recommandés).,"Vaccins vivants atténués (ex : rougeole, varicelle)",Incorrect. Les vaccins vivants atténués sont théoriquement contre-indiqués pendant la grossesse.,"Vaccins inactivés (ex : tétanos, hépatite B)",Correct. Les vaccins inactivés sont autorisés à tout stade de la grossesse.,"Vaccins contre-indiqués (ex : BCG, rotavirus)",Incorrect. Ces vaccins sont explicitement mentionnés comme contre-indiqués pendant la grossesse.,"Vaccins non prouvés (ex : choléra, typhoïde)",Incorrect. Ces vaccins ne sont pas recommandés en l'absence de preuves d'innocuité.,b
99,OIC-027-39-A,Quel est le seuil de score considéré comme élevé dans le questionnaire T-ACE pour dépister l'alcoolisation maternelle?,Cette question évalue la compréhension des critères de scoring du T-ACE. Un piège courant est de confondre le seuil de score élevé avec une valeur inférieure à 2.,1 point ou plus,"Incorrect. Le seuil est de 2 points ou plus, pas 1 point.",2 points ou plus,Correct. Le score élevé est défini comme 2 points ou plus selon le contenu.,3 points ou plus,"Incorrect. Le seuil est de 2 points, pas 3 points.",4 points ou plus,"Incorrect. Le score maximum du T-ACE est 4, mais le seuil élevé est à partir de 2 points.",b
100,OIC-027-40-B,"Quel est le principal effet commun associé à la consommation de cannabis, de cocaïne et d'héroïne pendant la grossesse?",Cette question évalue la capacité à identifier les effets fœtaux communs à plusieurs substances. Le piège réside dans la confusion entre effets spécifiques à certaines substances et effets partagés.,Prématurité,Correcte. Toutes les trois substances sont liées à la prématurité selon le contenu.,Syndrome de sevrage néonatal,"Incorrecte. Ce syndrome est mentionné pour la cocaïne et le cannabis, mais pas pour l'héroïne.",Hypertension artérielle maternelle,Incorrecte. Cet effet est spécifique à la cocaïne et non partagé par les autres substances.,Syndrome d'imprégnation néonatal,Incorrecte. Ce syndrome est exclusivement lié à la cocaïne et non aux autres substances.,a
101,OIC-027-41-A,Quelle est la principale démarche pour repérer les conduites addictives pendant la grossesse?,Cette question évalue la compréhension de la démarche proactive de repérage des addictions en périnatalité. Le piège réside dans de penser que les addictions sont toujours évidentes ou liées à des milieux sociaux spécifiques.,Poser des questions régulières sur les consommations et les facteurs de risque lors des entretiens de suivi,Correcte. Le texte souligne l'importance de poser des questions systématiques et de repérer les facteurs de risque à travers les entretiens.,Se concentrer uniquement sur les consommations de substances illicites,"Incorrecte. Le texte mentionne également les médicaments, l'alcool et le tabac comme éléments à évaluer, sans exclusion.",Attendre la déclaration spontanée des patientes,"Incorrecte. Le texte insiste sur la nécessité de repérer les addictions de manière proactive, pas attendre une déclaration.",Se limiter à l'interrogatoire du premier trimestre,"Incorrecte. Le repérage doit s'étendre tout au long de la grossesse, comme indiqué dans le contenu.",a
102,OIC-027-42-B,Quelle affirmation est correcte concernant la sévérité du syndrome de sevrage chez une femme enceinte sous traitement de substitution aux opiacés?,"La question évalue la compréhension du lien entre le syndrome de sevrage et les facteurs de traitement. Un piège courant est de croire que la posologie influence la sévérité, alors que le texte précise qu'il n'y a pas de corrélation.",La sévérité du syndrome de sevrage est directement liée à la posologie du traitement de substitution.,Incorrect. Le texte indique clairement que la sévérité du syndrome de sevrage n'est pas liée à la posologie.,La sévérité du syndrome de sevrage dépend du type de substance utilisée (méthadone vs buprénorphine).,Incorrect. Aucune mention n'est faite dans le contenu du lien entre le type de substance et la sévérité du syndrome.,La sévérité du syndrome de sevrage est influencée par la durée du traitement de substitution.,Incorrect. Le contenu ne souligne pas la durée du traitement comme facteur déterminant la sévérité.,La sévérité du syndrome de sevrage n'est pas liée à la posologie du traitement de substitution.,Correct. Le texte précise explicitement que la sévérité du syndrome de sevrage n'est pas corrélée à la posologie.,d
103,OIC-027-43-B,Quelle affirmation est correcte concernant le syndrome de sevrage néonatal (SSNN) après exposition in utero aux opiacés?,Cette question évalue la compréhension de la relation entre la posologie des opiacés et la sévérité du SSNN. Un piège courant est de confondre les facteurs influençant la sévérité (comme les benzodiazépines) avec la dose des opiacés.,La sévérité du SSNN est corrélée à la posologie du traitement de substitution aux opiacés.,"Incorrect. La sévérité et la durée du SSNN ne sont pas corrélées à la posologie des opiacés, selon le contenu.",Environ 60 % des enfants nés de mères exposées aux opiacés développent un SSNN.,Correct. Le contenu indique que 60 % des enfants exposés aux opiacés ou aux traitements de substitution développent un SSNN.,La prise de benzodiazépines pendant la grossesse n’affecte pas la sévérité du SSNN.,"Incorrect. Les benzodiazépines peuvent prolonger ou atténuer le SSNN, selon le contenu.",Le score de Finnegan est utilisé pour évaluer le SSNN toutes les 24 heures.,"Incorrect. Le score de Finnegan est évalué toutes les 4 heures, non toutes les 24 heures, selon le contenu.",b
104,OIC-027-45-B,Quelle affirmation est correcte concernant les mécanismes d’action de l’irradiation sur le fœtus?,La question évalue la compréhension des seuils et des conséquences des deux mécanismes principaux (mort cellulaire et lésions de l’ADN). Le piège courant est de confondre les seuils associés à chaque mécanisme.,Les lésions de l’ADN n’ont pas de seuil et augmentent le risque de leucémie/cancer dès les petites irradiations.,"Correcte. Les lésions de l’ADN provoquent un risque accru de cancer sans seuil, contrairement aux effets de la mort cellulaire.","La mort cellulaire se produit à partir de 100–200 mGy, avec une relation dose-effet à partir de 500 mGy.","Incorrecte. Cette affirmation décrit correctement la mort cellulaire, mais n’est pas la réponse attendue car elle ne traite pas des lésions de l’ADN.",Les lésions de l’ADN sont plus graves que la mort cellulaire en cas d’irradiation abdominale.,"Incorrecte. Les lésions de l’ADN augmentent le risque de cancer, mais la mort cellulaire est associée à des conséquences neurologiques plus immédiates.","Le seuil de 1000 mGy provoque une arriération mentale profonde, indépendamment de la période de sensibilité.",Incorrecte. L’arriération mentale profonde est liée à la période de sensibilité (10–17 SA) et non à un seuil fixe.,a
105,OIC-030-04-B,Quelle est la définition correcte de la prématurité?,Cette question évalue la compréhension de la définition de la prématurité. Un piège courant est de confondre les critères de gestation (semaines) et de poids.,Naissance avant 37 semaines d'aménorrhée et poids au moins égal à 500 g,Correcte. C'est la définition exacte donnée dans le contenu.,"Naissance avant 37 semaines d'aménorrhée et poids supérieur à 2,5 kg","Incorrecte. Le seuil de poids minimal est de 500 g, pas 2,5 kg.",Naissance induite par une pathologie maternelle ou fœtale,"Incorrecte. Cela décrit la prématurité induite, pas la définition générale.",Naissance après rupture prématurée des membranes,"Incorrecte. La rupture prématurée des membranes est un facteur de risque, pas la définition.",a
106,OIC-032-01-B,À quel(s) moment(s) l’examen clinique du nouveau-né inclut-il le score d’Apgar?,Cette question évalue la compréhension des moments clés de l’évaluation clinique du nouveau-né. Un piège courant est de confondre le score d’Apgar avec d’autres examens (ex. examen du 8e jour).,"À 1, 5 et 10 minutes",Correcte. Le score d’Apgar est standardisé à ces moments pour évaluer l’adaptation à la vie extra-utérine.,"À 3, 5 et 15 minutes","Incorrecte. Le score d’Apgar n’est pas évalué à 3 ou 15 minutes, ces temps sont associés à d’autres observations (ex. surveillance post-natale).","À 1, 3 et 5 minutes","Incorrecte. Le score d’Apgar ne comprend pas le moment à 3 minutes, qui est un point de confusion fréquent avec d’autres protocoles.","À 5, 10 et 15 minutes","Incorrecte. Le score d’Apgar ne se fait pas à 15 minutes, ce moment correspond à une évaluation plus tardive (ex. surveillance continue).",a
107,OIC-032-02-B,Quels sont les critères principaux utilisés pour évaluer la maturation d'un nouveau-né à terme?,Cette question évalue la compréhension des critères cliniques de maturation du nouveau-né. Un piège courant est de confondre les critères de l'âge gestationnel avec ceux de l'évaluation neurologique.,Tonus et réflexes archaïques,Correcte. Le tonus et les réflexes archaïques sont explicitement mentionnés comme critères de maturation dans le contenu.,Poids et taille,"Incorrecte. Bien que pertinents, le poids et la taille ne sont pas spécifiquement évoqués comme critères de maturation dans le texte.",Fréquence cardiaque et Apgar score,"Incorrecte. L'Apgar score évalue l'état global du nouveau-né, mais non spécifiquement la maturation neurologique mentionnée.",Température corporelle et saturation en oxygène,"Incorrecte. Ces paramètres sont des indicateurs de stabilité vitale, pas des critères de maturation neurologique.",a
108,OIC-032-03-B,Quelle est la prise en charge systématique du nouveau-né en salle de naissance?,Cette question évalue la compréhension des soins standard en salle de naissance. Un piège courant est de confondre les soins systématiques avec les soins contextuels.,Mise au sein au cours de la première heure et évaluation du score Apgar,Correcte. Ces actions sont des soins systématiques mentionnés explicitement dans le contenu.,Manœuvres de réanimation en cas de détresse respiratoire,"Incorrecte. Cela correspond à un soin contextuel, non systématique.",Désinfection oculaire par collyre antibiotique,"Incorrecte. Cela est réalisé en cas de risque d'infection, un soin contextuel.",Test à la seringue pour éliminer une atrésie de l’œsophage,"Incorrecte. Cela est effectué en cas de signes spécifiques, un soin contextuel.",a
109,OIC-032-06-A,Quelle est la durée recommandée par l'OMS pour un allaitement maternel exclusif?,Cette question évalue la compréhension des recommandations de l'OMS sur l'allaitement maternel. Un piège courant est de confondre cette durée avec celle de la diversification alimentaire.,6 mois,"Correcte. L'OMS recommande un allaitement maternel exclusif pendant 6 mois, comme indiqué dans le contenu éducatif.",4 mois,"Incorrecte. La diversification alimentaire commence entre 4 et 6 mois, mais l'allaitement exclusif est recommandé pendant 6 mois.",8 mois,"Incorrecte. L'OMS ne recommande pas un allaitement exclusif plus long que 6 mois, bien que l'allaitement complémentaire puisse s'ajouter après.",12 mois,"Incorrecte. La durée recommandée est de 6 mois pour l'allaitement exclusif, avec une continuation possible jusqu'à 2 ans ou plus.",a
110,OIC-037-02-A,Quelle proportion des femmes ayant recours à une IVG utilisait une méthode contraceptive?,La question évalue la compréhension de la statistique clé mentionnée dans le contenu. Elle met en évidence un piège courant : confondre la proportion des IVG avec la proportion générale de la population.,Deux tiers,Correcte. Le contenu indique explicitement que 2/3 des femmes ayant eu une IVG utilisaient une méthode contraceptive.,La majorité ne l'utilisait pas,"Incorrecte. Le contenu précise que 2/3 des IVG avaient une contraception, ce qui implique que 1/3 ne l'utilisaient pas, mais ne prouve pas que la majorité ne l'utilise pas.",Toutes les grossesses non désirées mènent à une IVG,Incorrecte. Le contenu souligne que la grossesse non désirée ne mène pas systématiquement à une IVG.,La majorité des grossesses non désirées sont dues à un échec de la méthode,"Incorrecte. Le contenu liste plusieurs causes (absence de contraception, changement de méthode, etc.), mais ne précise pas que le méthodologie est la principale cause.",a
111,OIC-037-04-A,Quelle tranche d'âge représente le plus grand nombre de femmes recourant à l'interruption volontaire de grossesse (IVG) en France?,Cette question évalue la compréhension de l'âge de la population la plus touchée par l'IVG. Un piège courant est de confondre la tranche 20-24 ans avec 25-29 ans.,20-24 ans,"Correcte. Le contenu indique explicitement que les femmes de 20-24 ans sont les plus concernées avec un taux de 27,9 IVG pour 1000 femmes.",25-29 ans,"Incorrecte. Bien que proche de la réponse correcte, le contenu précise que la tranche 20-24 ans est plus touchée que 25-29 ans.",15-19 ans,"Incorrecte. Le texte mentionne que le nombre d'IVG chez les mineures n'a pas augmenté depuis 2005, ce qui suggère une moindre prévalence.",30-34 ans,"Incorrecte. Aucune donnée n'indique que cette tranche d'âge est la plus touchée, contrairement aux données précises sur 20-24 ans.",a
112,OIC-037-06-A,Quelles sont les structures principales de prise en charge des IVG selon le contenu éducatif?,"Cette question évalue la compréhension des structures de prise en charge des IVG. Un piège courant est de confondre les professionnels impliqués (médecins, sage-femme) avec les lieux de réalisation (établissements de santé).",Établissements de santé et centres de planification familiale,Correcte. Le contenu indique explicitement ces deux structures comme lieux de réalisation des IVG.,Médecins généralistes et gynécologues,"Incorrecte. Les médecins sont des professionnels impliqués dans la consultation, mais non les structures principales de réalisation des IVG.",Sage-femmes et centres de santé,"Incorrecte. Les sage-femmes interviennent dans la consultation, mais les centres de santé ne sont pas mentionnés comme structures de réalisation des IVG.",En ville en libéral pour les IVG médicamenteuses,Incorrecte. Cette option décrit une modalité spécifique (IVG médicamenteuse) et non la structure principale de prise en charge.,a
113,OIC-037-07-A,Quelle est la séquence correcte des étapes de la prise en charge d'une interruption volontaire de grossesse (IVG)?,Cette question évalue la compréhension de l'algorithme du parcours des patientes. Le piège courant est de confondre l'ordre des consultations et des actions (ex. : réalisation de l'IVG avant la confirmation).,Consultation initiale → Consultation de confirmation → Réalisation de l'IVG → Consultation de contrôle,Correcte. Cette séquence respecte l'ordre des étapes décrit dans le contenu éducatif.,Consultation de confirmation → Consultation initiale → Réalisation de l'IVG → Consultation de contrôle,"Incorrecte. La consultation initiale précède la consultation de confirmation, conformément aux étapes décrites.",Consultation initiale → Réalisation de l'IVG → Consultation de confirmation → Consultation de contrôle,Incorrecte. La consultation de confirmation est obligatoire avant la décision de la technique d'IVG.,Consultation initiale → Réalisation de l'IVG → Consultation de contrôle → Consultation de confirmation,Incorrecte. La consultation de confirmation est nécessaire pour valider la demande d'IVG avant sa réalisation.,a
114,OIC-037-12-B,Quelle méthode contraceptive est recommandée pour prévenir la récidive d'interruptions volontaires de grossesse (IVG)?,Cette question évalue la compréhension des méthodes contraceptives efficaces pour prévenir les IVG répétées. Le piège courant est de confondre les méthodes à courte durée d'action avec celles à longue durée d'action.,Capotes,Incorrect. Les capotes sont inefficaces pour prévenir les IVG répétées car elles nécessitent une utilisation constante et ne sont pas adaptées à long terme.,Pilules combinées,Incorrect. Les pilules combinées nécessitent une prise quotidienne et sont moins efficaces que les méthodes à longue durée d'action pour prévenir les récidives.,Contraception d'urgence,"Incorrect. La contraception d'urgence est uniquement utilisée en cas d'échec d'une méthode contraceptive, pas pour une prévention à long terme.",Dispositif intra-utérin (DIU),"Correct. Les DIU sont des méthodes contraceptives réversibles à longue durée d'action, efficaces pour prévenir les IVG répétées, comme indiqué dans le contenu.",d
115,OIC-038-01-A,Quelle notion correspond à la probabilité de survenue d’une grossesse au cours d’un mois chez un couple n’utilisant pas de contraception?,"Cette question évalue la compréhension des distinctions entre fertilité, fécondité et fécondabilité. Le piège réside dans la confusion entre les termes qualitatifs et quantitatifs.",Fertilité,"Incorrect. La fertilité désigne la capacité à concevoir, non la probabilité de grossesse mesurée sur un cycle.",Fécondité,"Incorrect. La fécondité correspond à la réalité de l’accouchement d’un enfant, non à une probabilité mesurée sur un cycle.",Taux de fécondité,"Incorrect. Le taux de fécondité est un paramètre démographique, non une mesure individuelle de probabilité.",Fécondabilité,Correct. La fécondabilité définit précisément la probabilité de grossesse sur un cycle sans contraception.,d
116,OIC-038-03-B,Quel est le principal facteur prédictif de fertilité chez la femme selon le contenu?,La question évalue la compréhension du rôle principal de l'âge dans la fertilité féminine. Un piège courant est de confondre l'âge avec d'autres facteurs secondaires.,L'âge,Correcte. L'âge est explicitement mentionné comme le principal facteur prédictif de fertilité chez la femme.,L'obésité,"Incorrecte. L'obésité est un facteur influençant, mais non le principal prédictif de fertilité.",La consommation de tabac,"Incorrecte. Le tabac affecte la fertilité, mais est un facteur secondaire par rapport à l'âge.",Le mode de vie et l'environnement,"Incorrecte. Ces facteurs influencent la fertilité, mais ne sont pas le principal prédictif chez la femme.",a
117,OIC-038-08-B,Quelle est la condition correcte pour le recueil d'un spermogramme?,Cette question évalue la compréhension des conditions préalables à la réalisation d'un spermogramme. Un piège courant est de confondre les étapes de recueil et d'analyse.,dans un laboratoire spécialisé,"Incorrect. Le recueil est réalisé par le patient, pas dans un laboratoire spécialisé.",par masturbation après un délai d’abstinence de 2 à 7 jours,Correct. L'abstinence prolongée est essentielle pour une numération spermatozoïde fiable.,après une toilette intime avant le recueil,"Incorrect. Bien que nécessaire, la toilette intime est une étape secondaire par rapport à l'abstinence.",après vérification de la perte d’éjaculat,"Incorrect. Cette vérification intervient après le recueil, pas avant.",b
118,OIC-038-09-B,Quelle est la principale cause d'infertilité féminine selon les données présentées?,Cette question évalue la compréhension des pourcentages et des catégories principales des causes d'infertilité féminine. Le piège courant est de confondre les pourcentages des différentes catégories.,Troubles du cycle menstruel (ovulatoires),"Correcte. Les troubles ovulatoires représentent 40% des causes féminines, ce qui en fait la principale cause.",Etiologie tubo-péritonéale,"Incorrecte. Bien que représentant 30% des causes féminines, cela est moins fréquent que les troubles ovulatoires.",Endométriose,"Incorrecte. L'endométriose concerne 15% des cas, ce qui en fait une cause secondaire.",Pathologie utérine ou cervicale,Incorrecte. Ces pathologies représentent seulement 8% des causes féminines.,a
119,OIC-038-10-B,Quelle est la principale cause d'infertilité masculine selon le contenu?,Cette question évalue la compréhension des causes principales d'infertilité masculine. Le piège courant est de confondre les causes mixtes avec les causes principales.,Causes testiculaires (anomalies de production des spermatozoïdes),Correcte. Les causes testiculaires représentent 30% des cas et sont explicitement mentionnées comme principales dans le contenu.,Causes centrales (hypogonadisme hypogonadotrope),"Incorrecte. Bien que présentes, les causes centrales sont secondaires aux causes testiculaires dans la classification du contenu.",Causes excrétoires (obstruction des voies séminales),"Incorrecte. Les causes excrétoires sont décrites comme une catégorie distincte, moins fréquente que les causes testiculaires.",Causes mixtes (combinaison de facteurs),Incorrecte. Les causes mixtes sont mentionnées comme fréquentes mais ne constituent pas la principale catégorie d'origine.,a
120,OIC-039-01-A,Quelles sont les deux principales raisons pour lesquelles l'AMP est pratiquée selon le texte?,Cette question évalue la compréhension des objectifs principaux de l'AMP. Un piège courant est de confondre les aspects légaux (accès à tous les couples) avec les raisons médicales de la pratique.,Traiter l'infertilité d'un couple et éviter la transmission d'une maladie grave,Correcte. Ces deux raisons sont explicitement mentionnées dans le texte comme objectifs de l'AMP.,Traiter l'infertilité d'un couple et sélectionner le sexe de l'enfant,Incorrecte. La sélection du sexe n'est pas évoquée dans le contenu éducatif.,Préserver la fertilité des femmes et permettre l'accès aux single women,"Incorrecte. La préservation de la fertilité est une technique utilisée, mais l'accès aux single women est un aspect légal, pas un objectif principal.",Éviter la transmission d'une maladie grave et permettre l'accès aux couples homosexuels,"Incorrecte. L'accès aux couples homosexuels est une conséquence légale, pas une raison médicale de pratiquer l'AMP.",a
121,OIC-039-02-A,Quelle est l'innovation législative liée à la préservation de la fertilité mentionnée dans le texte?,Cette question évalue la compréhension de l'évolution législative sur la préservation de la fertilité. Le piège courant est de confondre la loi de 2021 avec les indications médicales traditionnelles.,La congélation de gamètes sans indication médicale est autorisée,"Correcte. La loi de 2021 permet la congélation de gamètes sans justification médicale, conformément au texte.",La préservation de la fertilité est réservée aux patients cancéreux,"Incorrecte. Le texte précise que cette pratique s'applique à toute personne dont la fertilité risque d'être altérée, pas uniquement aux patients cancéreux.",La préservation de la fertilité ne concerne que les enfants,"Incorrecte. Le texte inclut des personnes de tous âges (enfant, adolescent, adulte).",La conservation des tissus germinaux est interdite,Incorrecte. Le texte mentionne explicitement la conservation des gamètes et des tissus germinaux comme pratiques validées.,a
122,OIC-039-03-A,Quelle technique d’AMP implique la fécondation des ovocytes en dehors du corps maternel?,Cette question évalue la compréhension des différences entre les techniques d’AMP. Le piège courant est de confondre l’insémination intra-utérine (IIU) et la fécondation in vitro (FIV).,Insémination intra-utérine (IIU),Incorrect. La IIU consiste à déposer des spermatozoïdes dans l’utérus sans fécondation in vitro.,Fécondation in vitro (FIV) ou microinjection (ICSI),"Correct. La FIV/ICSI implique une fécondation des ovocytes en laboratoire, distincte de l’utérus.",Utilisation de spermatozoïdes de donneur,"Incorrect. Le recours à un donneur est possible dans plusieurs techniques, mais ne définit pas la méthode de fécondation.",Congélation des embryons,"Incorrect. La congélation est une étape post-fécondation, non une technique de procréation elle-même.",b
123,OIC-039-07-A,Quelle est une indication des inséminations artificielles avec spermatozoïdes congelés de donneur (IAD)?,Cette question évalue la compréhension des indications spécifiques des IAD. Un piège courant est de confondre les indications des IAC (inséminations artificielles avec conjoint) et des IAD.,Infertilité cervicale avec anomalies du col de l'utérus,"Incorrect. Cette indication correspond aux IAC avec spermatozoïdes frais, non aux IAD.",Azoospermie obstructive ou non obstructive,Correct. C'est une indication clé des IAD avec spermatozoïdes congelés de donneur.,Trouble érectile chronique,Incorrect. Ce trouble sexuel est une indication des IAC avec spermatozoïdes frais.,Conservation préalable de spermatozoïdes après traitement gonadotoxique,"Incorrect. Cette indication correspond aux IAC avec spermatozoïdes congelés, non aux IAD.",b
124,OIC-039-08-A,Quelle est la principale indication de l'ICSI?,Cette question évalue la capacité à distinguer les indications spécifiques de l'ICSI par rapport à la FIV. Un piège courant est de confondre les indications de la FIV avec celles de l'ICSI.,Les anomalies spermatiques sévères,Correcte. L'ICSI est particulièrement indiquée pour les anomalies spermatiques sévères où les spermatozoïdes sont peu nombreux ou de mauvaise qualité.,L'infertilité tubaire,"Incorrecte. L'infertilité tubaire est une indication incontestée de la FIV, pas de l'ICSI.",L'endométriose,"Incorrecte. L'endométriose est une indication de la FIV, pas de l'ICSI.",Un échec de FIV,"Incorrecte. L'échec de FIV peut justifier l'ICSI, mais ce n'est pas une indication principale de l'ICSI.",a
125,OIC-039-09-A,Quelle est l'indication principale du don d'ovocytes ou de spermatozoïdes?,"La question évalue la capacité à identifier les causes principales du don de gamètes. Le piège réside dans la confusion entre les indications primaires (infertilité sévère, risque génétique) et les cas secondaires (échec d'AMP, risque viral).",Infertilité sévère et risque de transmettre une maladie génétique,Correcte. Ces deux éléments figurent en tête des indications principales du don de gamètes.,Risque de transmettre une maladie virale et échec d'AMP intraconjugale,"Incorrecte. Ces cas sont des indications secondaires ou contextuelles, non primaires.",Refus de l'AMP avec don de gamètes et couple de femmes,"Incorrecte. Cela concerne spécifiquement l'accueil d'embryons, non le don de gamètes.",Couple de femmes et échec d'AMP intraconjugale,"Incorrecte. Le couple de femmes est une situation contextuelle, pas une indication principale.",a
126,OIC-039-10-A,Quelle est la principale indication de préservation de la fertilité féminine selon le contenu?,Cette question évalue la compréhension de la distinction entre les indications médicales liées au cancer et celles non cancéreuses. Un piège courant est de négliger les pathologies non cancéreuses.,Le traitement du cancer du sein uniquement,"Incorrect. Les traitements gonadotoxiques incluent aussi des pathologies non cancéreuses, comme les maladies hématologiques non malignes.",Les traitements gonadotoxiques pour cancer et pathologies non cancéreuses,"Correct. Le contenu souligne que les traitements gonadotoxiques, qu'ils soient liés au cancer ou à d'autres pathologies, sont les principales indications.",Les anomalies génétiques comme le syndrome de Turner,"Incorrect. C'est une indication spécifique, mais non la principale. Les traitements gonadotoxiques couvrent une gamme plus large.",La chirurgie des voies excrétrices spermatiques,"Incorrect. C'est une indication masculine, non féminine, et ne correspond pas à la principale indication mentionnée.",b
127,OIC-039-11-B,Quelle est l'exploration clinico-biologique minimale obligatoire avant le recours à l'AMP?,Cette question évalue la compréhension des examens essentiels pour identifier l'infertilité et évaluer le risque. Un piège courant est de confondre les examens de base avec les explorations complémentaires.,"Examen clinique, évaluation ovarienne, spermogramme, tests de sécurité sanitaires et échographie testiculaire",Correcte : Ces examens constituent les éléments essentiels de l'exploration minimale mentionnés dans le contenu.,Entretien psychologique systématique pour tous les couples,"Incorrecte : L'évaluation psycho-sociale est optionnelle, sauf en cas de don de gamètes ou d'embryon.",Sérologies de la rubéole et de la toxoplasmose comme examens de base,"Incorrecte : Ces tests font partie de l'exploration pré-conceptionnelle, non de l'exploration minimale obligatoire.",Test de migration de survie des spermatozoïdes comme examen optionnel,"Incorrecte : Ce test est indiqué avant l'AMP pour choisir la technique appropriée, donc obligatoire.",a
128,OIC-039-13-B,Quelle est la principale complication des techniques d'assistance médicale à la procréation (AMP)?,Cette question évalue la compréhension des risques majeurs associés aux AMP. Le piège courant est de confondre les complications rares avec celle la plus fréquente.,Syndrome d'hyperstimulation ovarienne,"Correcte. C'est le risque principal mentionné dans le texte, avec des conséquences potentiellement graves.",Torsion d'annexe,"Incorrecte. Ce risque est décrit comme exceptionnel, contrairement au syndrome d'hyperstimulation.",Risque d'accident thromboembolique veineux,"Incorrecte. Ce risque est lié au syndrome d'hyperstimulation, mais non la principale complication.",Risques génétiques ou cancéreux,Incorrecte. Ces risques sont mentionnés comme très rares et non prioritaires par rapport aux complications immédiates.,a
129,OIC-045-03-A,Quel principe éthique est principalement mis en avant dans le dépistage de la trisomie 21 en France?,"La question évalue la compréhension du respect de l'autonomie dans le conseil génétique. Le piège courant est de confondre le dépistage avec une politique eugénique, sans reconnaître la préservation de l'autonomie.",Le dépistage est eugénique car il entraîne de nombreux avortements,"Incorrect. Bien que certains le perçoivent ainsi, le texte souligne que le dépistage est non imposé et que l'autonomie de la patiente est préservée.",Le principe de non-malveillance est le principal enjeu,"Incorrect. Le texte met l'accent sur l'autonomie, pas sur l'absence de nuire, même si ce dernier est un principe éthique général.",Le droit de ne pas savoir est la principale question éthique,"Incorrect. Le droit de ne pas savoir est un élément de l'autonomie, mais la question centrale est la liberté de choix après le diagnostic.",Le respect de l'autonomie est préservé par les choix offerts aux patientes,"Correct. Le texte explique que le dépistage permet à chaque étape de conserver l'autonomie de la patiente, même si des pressions sociales existent.",d
130,OIC-045-04-B,Quel prélèvement est réalisé entre 12 et 14 semaines d’aménorrhée pour un caryotype fœtal?,La question évalue la compréhension des modalités de prélèvement pour le caryotype fœtal. Le piège courant est de confondre les périodes de réalisation des différentes techniques.,Villosités choriales (PVC),"Correcte. Les PVC sont effectuées entre 12 et 14 semaines, comme indiqué dans le contenu.",Liquide amniotique (PLA),"Incorrecte. Le PLA est réalisé à partir de 15 semaines, pas avant.",Sang fœtal après 24 semaines,"Incorrecte. Le prélèvement sanguin fœtal est exceptionnel et réalisé après 24 semaines, non entre 12 et 14.",Amniocentèse à 10 semaines,"Incorrecte. L’amniocentèse n’est pas réalisée avant 15 semaines, ce qui rend cette option plausiblement erronée.",a
131,OIC-045-06-B,Quel est le signe échographique principal de la trisomie 21 au deuxième trimestre de la grossesse?,Cette question évalue la capacité à identifier les signes spécifiques de la trisomie 21 selon le trimestre. Le piège réside dans la confusion entre les signes du premier et troisième trimestre.,"hypoplasie ou aplasie des os propres du nez, fémurs courts",Correcte. Ces signes sont spécifiques au deuxième trimestre et correspondent aux données du contenu éducatif.,"nuque supérieure à 3,5 mm","Incorrecte. Ce signe est spécifique au premier trimestre, non au deuxième.",retard de croissance intra-utérin sans cause placentaire,"Incorrecte. Ce signe est observé au troisième trimestre, non au deuxième.",cardiopathie associée à une infection virale,"Incorrecte. La cardiopathie est un signe possible au deuxième trimestre, mais associée à la trisomie 21 et non à une infection virale.",a
132,OIC-045-08-B,Quelle est la principale raison de prescrire un caryotype dans le cas suspect de trisomie 21?,Cette question évalue la compréhension de la finalité du caryotype dans le diagnostic de la trisomie 21. Un piège courant est de confondre le caryotype avec d'autres examens comme le FISH ou le conseil génétique.,Confirmer le diagnostic de trisomie 21,Correcte. Le caryotype est l'examen chromosomique principal pour confirmer la trisomie 21.,Identifier les anomalies génétiques inférieures à 5 mégabases,"Incorrecte. Cette limite est mentionnée comme une limitation du caryotype, non comme sa principale raison de prescription.",Fournir un résultat préliminaire en 24-48 heures,"Incorrecte. C'est le rôle du FISH, un examen complémentaire, non du caryotype.",Déterminer le mécanisme de translocation robertsonienne,"Incorrecte. Le caryotype permet d'identifier la translocation, mais cette information est secondaire par rapport à la confirmation du diagnostic.",a
133,OIC-045-10-A,Quels sont les trois principaux signes cliniques post-nataux permettant de poser le diagnostic de trisomie 21?,Cette question évalue la compréhension des signes cliniques clés de la trisomie 21 en période néonatale. Le piège courant est de confondre les signes précoces avec les manifestations plus tardives.,"Hypotonie axiale, souffle cardiaque, dysmorphie faciale",Correcte. Ces trois signes constituent la triade classique de diagnostic néonatal de la trisomie 21.,"Retard psychomoteur, difficultés d'apprentissage, hypotonie axiale","Incorrecte. Le retard psychomoteur et les difficultés d'apprentissage sont des manifestations plus tardives, non des signes néonataux principaux.","Souffle cardiaque, dysmorphie faciale, troubles intellectuels","Incorrecte. Les troubles intellectuels ne sont pas un signe clinique direct de la trisomie 21 en néonatal, mais une conséquence à long terme.","Hypotonie axiale, souffle cardiaque, difficultés d'apprentissage","Incorrecte. Les difficultés d'apprentissage sont associées à une immaturité, mais ne constituent pas un critère de diagnostic néonatal.",a
134,OIC-045-12-B,Quelle situation justifie un diagnostic prénatal de mucoviscidose?,La question évalue la compréhension des signes cliniques et des protocoles de diagnostic prénatal. Le piège réside dans la confusion entre les signes échographiques non spécifiques et les critères de confirmation génétique.,La présence d'un intestin hyperéchogène isolé,"Incorrect. L'intestin hyperéchogène est un signe non spécifique, nécessitant une confirmation par tests génétiques.",L'absence de vésicule biliaire associée à un intestin hyperéchogène,"Correct. Cette combinaison est un signe d'appel pour la mucoviscidose, justifiant une étude génétique du couple.",La présence d'un seul parent porteur hétérozygote,Incorrect. Un seul parent porteur ne suffit pas à justifier un diagnostic prénatal sans confirmation génétique.,La détection de la mutation F508del chez le fœtus,Incorrect. La mutation F508del est fréquente mais non spécifique ; le diagnostic nécessite une analyse génétique complète.,b
135,OIC-045-13-A,Quelle est la combinaison de critères qui permet de confirmer le diagnostic de mucoviscidose par dépistage néonatal?,Cette question évalue la compréhension des critères diagnostiques combinés. Un piège courant est de confondre la sensibilité et la spécificité des marqueurs individuels.,Un dosage de trypsine immuno-réactive (TIR) élevé,Incorrect. Le TIR est sensible mais peu spécifique ; il ne suffit pas seul pour confirmer le diagnostic.,La présence de deux mutations du gène CFTR,Incorrect. Les mutations du gène CFTR sont nécessaires mais pas suffisantes sans confirmation biochimique.,Un TIR élevé et une mutation du gène CFTR,Incorrect. Une seule mutation ne permet pas de conclure à la mucoviscidose.,Un TIR élevé et deux mutations du gène CFTR,Correct. L'association d'un TIR élevé et de deux mutations causales est le critère diagnostique confirmatoire.,d
136,OIC-045-14-A,Quelle est la modalité principale de confirmation du diagnostic de mucoviscidose?,Cette question évalue la compréhension de la méthode de confirmation diagnostique spécifique à la mucoviscidose. Un piège courant est de confondre cette méthode avec d'autres examens comme le test génétique ou l'imagerie.,Test de la sueur,"Correcte. Le test de la sueur est la méthode standard pour confirmer le diagnostic, en mesurant la concentration de chlore dans la sueur.",Test sanguin pour la protéine CFTR,"Incorrecte. Bien que le test génétique puisse identifier des mutations, il ne constitue pas la confirmation diagnostique directe de la mucoviscidose.",Examen radiologique des poumons,"Incorrecte. L'imagerie pulmonaire est utilisée pour évaluer les complications, mais non pour confirmer le diagnostic initial.",Dépistage néonatal systématique,"Incorrecte. Le dépistage néonatal est une étape précoce, mais il ne confirme pas le diagnostic avec certitude et nécessite une validation par un test spécifique.",a
137,OIC-045-16-B,Quelle est la principale approche de prise en charge de la pathologie pulmonaire dans la mucoviscidose?,Cette question évalue la compréhension des principes clés de la prise en charge spécifique des complications pulmonaires. Un piège courant est de confondre les traitements gastro-intestinaux avec ceux des voies respiratoires.,"Traitements antibiotiques à dose importantes, mucolytiques et kinésithérapie respiratoire","Correcte. Ces traitements ciblent directement les infections chroniques et les obstructions pulmonaires, conformément au contenu éducatif.",Supplémentation en électrolytes et régime riche en calories,"Incorrecte. Cela correspond à la prise en charge des troubles gastro-intestinaux, non pulmonaires.",Apport d’enzymes digestives et de vitamines liposolubles,"Incorrecte. Cela relève de la gestion des troubles digestifs, pas des complications pulmonaires.",Greffe de poumon et/ou foie,"Incorrecte. Cette intervention est réservée aux formes graves, non une approche principale de prise en charge pulmonaire.",a
138,OIC-045-17-A,Quel examen d'imagerie est indiqué de façon annuelle pour le suivi respiratoire d'un patient atteint de mucoviscidose?,Cette question évalue la compréhension des examens d'imagerie recommandés pour le suivi respiratoire. Le piège réside dans la confusion entre les examens annuels et ceux utilisés en cas d'urgence.,Radiographie pulmonaire annuelle,Correcte. La radiographie pulmonaire est indiquée annuellement pour surveiller l'évolution respiratoire.,Scanner thoracique annuel,"Incorrecte. Le scanner thoracique est utilisé en cas d'aggravation ou d'urgence, pas de façon annuelle.",Écho doppler abdominal annuel,"Incorrecte. L'écho doppler abdominal est surveillé annuellement pour le suivi digestif, pas respiratoire.",IRM pulmonaire annuelle,"Incorrecte. L'IRM pulmonaire est utilisée en cas d'urgence, pas comme examen annuel standard.",a
139,OIC-045-20-A,Quelle est la première cause de déficience intellectuelle familiale?,Cette question évalue la compréhension de la prévalence et de la classification du syndrome de l’X fragile. Un piège courant est de confondre la trisomie 21 avec le syndrome de l’X fragile.,La trisomie 21,"Incorrect. La trisomie 21 est la première cause de déficience intellectuelle génétique, mais le syndrome de l’X fragile est la première cause familiale.",Le syndrome de l’X fragile,Correct. Le texte indique clairement que le syndrome de l’X fragile est la première cause de déficience intellectuelle familiale.,Une autre maladie génétique,"Incorrect. Le texte précise que le syndrome de l’X fragile est la première cause familiale, pas une autre maladie génétique.",Une cause non génétique,"Incorrect. Le syndrome de l’X fragile est une maladie génétique, donc les causes non génétiques ne sont pas pertinentes ici.",b
140,OIC-047-01-A,Quelle tranche d’âge correspond à l’adolescent selon le contenu éducatif?,Cette question évalue la compréhension des définitions des tranches d’âge. Un piège courant est de confondre les limites entre les catégories (ex. : confondre l’adolescent avec l’enfant).,Nourrisson : 0-1 mois,"Incorrect. Le nourrisson correspond à 1-23 mois, pas à 0-1 mois. Cette option mélange les définitions des tranches d’âge.",Enfant : 1 -23 mois,Incorrect. L’enfant correspond à 2 ans-< puberté. Cette option attribue à tort la tranche d’âge du nourrisson à l’enfant.,Nourrisson : 2 ans- < puberté,Incorrect. Le nourrisson est défini comme 1-23 mois. Cette option inverse la tranche d’âge de l’enfant et du nourrisson.,Adolescent : > puberté,"Correct. L’adolescent est défini comme > puberté, conformément au contenu éducatif.",d
141,OIC-047-06-B,Quel test est utilisé pour évaluer la fixation et la poursuite oculaire chez un enfant de 2 à 4 mois?,Cette question évalue la compréhension des tests cliniques spécifiques à chaque âge pour le dépistage visuel. Un piège courant est de confondre les tests associés à d'autres tranches d'âge.,Examen de la leucocorie avec une lumière éblouissante,"Incorrect. La leucocorie est un signe d'urgence détecté dès les premières semaines de vie, non à 2-4 mois.",Signe de la toupie pour détecter l'amblyopie,"Incorrect. Le signe de la toupie est utilisé entre 9 et 15 mois, pas à 2-4 mois.",Test de Pigassou pour évaluer l'acuité visuelle,"Incorrect. Le test de Pigassou est utilisé après 2 ans 1/2, pas à 2-4 mois.",Poursuite oculaire avec un objet concentrique (œil de bœuf),"Correct. Ce test évalue la fixation et la coordination oculaire à 2-4 mois, comme indiqué dans le contenu éducatif.",d
142,OIC-047-07-A,Quelle est l'indication principale pour adresser un enfant à un ophtalmologiste?,La question évalue la compréhension des critères d'adressage vers un ophtalmologiste. Le piège réside dans la confusion entre les signes d'appel urgents et les indications habituelles.,"Antécédents familiaux, anomalies détectées ou signes d'appel","Correcte. Cela inclut les principales raisons d'adressage (antécédents, anomalies, signes d'appel) sans confondre avec les urgences.",Signes d'appel urgents comme le strabisme soudain,"Incorrecte. Ces signes relèvent d'une consultation d'urgence, non de l'adressage standard.",Impossibilité de mesurer l'acuité visuelle chez un enfant verbal,"Incorrecte. C'est une indication spécifique, mais non la principale, et peut être traitée en milieu de santé.",Anomalies détectées par un test de dépistage,"Incorrecte. Bien que pertinente, elle est une sous-catégorie des anomalies détectées lors d'une inspection ou d'un test.",a
143,OIC-047-08-B,À quel âge l'acuité visuelle atteint-elle généralement 10/10?,Cette question évalue la compréhension du développement de l'acuité visuelle. Un piège courant est de confondre l'âge de maturité complète du système visuel (10 ans) avec l'atteinte de l'acuité visuelle normale.,5 à 6 ans,"Correcte. L'acuité visuelle atteint 10/10 vers 5-6 ans, comme indiqué dans le texte.",1 an,"Incorrecte. À 1 an, l'acuité visuelle est encore à 1/30ème, non à 10/10.",3 ans,"Incorrecte. À 3 ans, l'acuité visuelle n'a pas encore atteint 10/10.",10 ans,"Incorrecte. Bien que le système visuel soit mature à 10 ans, l'acuité visuelle normale est atteinte plus tôt (5-6 ans).",a
144,OIC-047-09-A,Quel est le signe fonctionnel évocateur de malvoyance chez un enfant de 2 à 5 ans?,"Cette question évalue la capacité à identifier les signes spécifiques de malvoyance selon l'âge, un point clé pour le dépistage précoce. Le piège réside dans la confusion entre les signes de différentes tranches d'âge.",Strabisme intermittent avant 4 mois,"Incorrect. Le strabisme physiologique intermittent avant 4 mois est une norme, pas un signe de malvoyance.",Nystagmus persistant après 4 mois,Incorrect. Le nystagmus peut être physiologique chez les jeunes enfants mais n'est pas spécifiquement lié à la malvoyance à cet âge.,Torticolis persistant,"Incorrect. Le torticolis est une anomalie musculosquelettique, non directement lié à la malvoyance.",Retard langagier et fatigabilité visuelle,"Correct. Ces signes correspondent aux manifestations de malvoyance chez les enfants de 2 à 5 ans, comme indiqué dans le contenu.",d
145,OIC-047-10-A,Quels sont les âges clés du dépistage auditif systématique selon le contenu éducatif?,Cette question évalue la compréhension des âges clés du dépistage auditif. Un piège courant est de confondre les âges avec ceux des examens de santé généraux.,"À la naissance, 9 mois, 24 mois, 36 mois et école maternelle",Correcte. Ces âges correspondent exactement aux dates mentionnées dans le contenu éducatif.,"À la naissance, 6 mois, 12 mois, 24 mois et école maternelle","Incorrecte. L'âge de 6 mois n'est pas mentionné, et 12 mois est un âge erroné par rapport aux dates indiquées.","À la naissance, 9 mois, 18 mois, 3 ans et école maternelle","Incorrecte. L'âge de 18 mois et 3 ans ne sont pas précisés dans le contenu, contrairement à 24 mois et 36 mois.","À la naissance, 9 mois, 24 mois, 4 ans et école maternelle","Incorrecte. L'âge de 4 ans est faux, alors que le contenu indique 36 mois (3 ans) et école maternelle.",a
146,OIC-047-11-B,Quelle période de la vie de l'enfant présente le plus de facteurs de risque pour les troubles auditifs?,Cette question évalue la compréhension des périodes critiques pour les troubles auditifs. Le piège courant est de confondre les facteurs prénatals avec les facteurs néonataux.,Période néonatale,"Correcte. La période néonatale présente plusieurs facteurs comme la prématurité, l'anoxie périnatale et les anomalies chromosomiques, qui sont plus nombreux que dans les autres périodes.",Période prénatale,"Incorrecte. Les facteurs prénatals (exposition toxique, infections) sont moins nombreux que ceux de la période néonatale.",Période post-néonatale,"Incorrecte. Les facteurs post-néonataux (traumatismes, otites chroniques) sont moins fréquents que ceux de la période néonatale.",Facteurs familiaux,Incorrecte. Les facteurs familiaux (prothèse auditive précoce) ne constituent pas une période de vie mais un type de risque distinct.,a
147,OIC-047-13-A,Quelle est l'indication principale pour adresser un enfant à un ORL?,Cette question évalue la compréhension des critères spécifiques d'adressage à l'ORL. Le piège réside dans la confusion entre symptômes généraux et signes cliniques précis.,"Signes d'appels : absence de réaction aux bruits, troubles du langage, difficultés de compréhension",Correcte. Ces signes correspondent directement aux critères énoncés dans le contenu éducatif.,Antécédents familiaux de surdité,"Incorrecte. Bien que mentionnée, elle est une indication secondaire par rapport aux signes cliniques spécifiques.",Infections des voies respiratoires chroniques,Incorrecte. Les infections récidivantes ne sont pas explicitement mentionnées comme critère d'adressage.,Retard de marche,Incorrecte. Le retard moteur n'est pas lié directement aux troubles auditifs ou linguistiques décrits.,a
148,OIC-047-15-B,Quel test de mesure de l'audition chez l'enfant nécessite la coopération de l'enfant?,La question évalue la distinction entre tests subjectifs et objectifs. Le piège réside dans la confusion entre les tests nécessitant la collaboration de l'enfant (subjectifs) et ceux qui sont automatisés (objectifs).,L'audiogramme (audiométrie tonale),Correcte. L'audiogramme est un test subjectif qui exige la coopération de l'enfant pour répondre aux stimuli sonores.,Le test objectif d'exploration auditive par pression (OEAP),"Incorrecte. L'OEAP est un test objectif qui ne nécessite pas la collaboration active de l'enfant, car il mesure les réponses physiologiques.",Le test de pression acoustique (PEAA),Incorrecte. Le PEAA est un test objectif qui utilise des stimuli sonores et mesure les réponses physiologiques sans nécessiter la coopération de l'enfant.,Les potentiels évoqués auditifs (PEA),Incorrecte. Les PEA sont des tests objectifs qui analysent les réponses électriques du système auditif sans dépendre de la collaboration de l'enfant.,a
149,OIC-047-16-A,Quel système de numérotation dentaire est utilisé à l'international?,Cette question évalue la compréhension de la numérotation dentaire internationale. Un piège courant est de confondre ce système avec celui utilisé dans un pays spécifique.,Système FDI (Fédération mondiale dentaire),Correcte. Le système FDI est le standard international adopté par la Fédération mondiale dentaire pour identifier les dents.,Numérotation universelle américaine,Incorrecte. Ce système est principalement utilisé aux États-Unis et ne correspond pas à la numérotation internationale.,Numérotation française,Incorrecte. Ce système est spécifique à la France et ne s'applique pas à l'échelle mondiale.,Numérotation de Palmer,"Incorrecte. Ce système est obsolète et utilisé principalement dans certains pays anglophones, mais non à l'international.",a
150,OIC-047-17-A,Quelle est la définition correcte d'une carie dentaire?,Cette question évalue la compréhension de la définition centrale de la carie dentaire. Le piège courant est de confondre la carie avec d'autres problèmes buccaux comme la plaque ou la sensibilité dentaire.,Destruction de l'émail et de la dentine avec formation d'une cavité,Correcte. Cela correspond exactement à la définition donnée dans le contenu éducatif.,Présence de plaque bactérienne sur les dents,"Incorrecte. La plaque est une cause potentielle, mais non la définition de la carie.",Sensibilité dentaire due à une déshydratation,"Incorrecte. La sensibilité est un symptôme possible, pas la définition de la carie.",Inflammation des gencives causée par des bactéries,"Incorrecte. Cela décrit une parodontite, non une carie.",a
151,OIC-047-19-B,Quelle est la bonne période d'éruption de la première molaire chez l'adulte?,Cette question évalue la compréhension du calendrier d'éruption dentaire. Le piège courant est de confondre les époques d'éruption des différentes dents (ex : premières molaires vs canines vs troisièmes molaires).,6 ans,"Correcte. La première molaire adulte émerge généralement vers 6 ans, conformément au calendrier décrit.",10-11 ans,"Incorrecte. Cette période correspond à l'éruption des premières prémolaires, non des premières molaires.",12 ans,"Incorrecte. Cette période correspond à l'éruption des canines, pas des premières molaires.",18 ans,"Incorrecte. Cette période correspond à l'éruption des troisièmes molaires (dents de sagesse), non des premières molaires.",a
152,OIC-047-21-A,Quelle est l'indication principale du dépistage de la luxation congénitale de hanche?,La question évalue la compréhension de l'importance du dépistage précoce et de la durée du suivi. Un piège courant est de croire que le dépistage s'arrête avant l'âge de la marche.,Examen des hanches à chaque consultation de suivi de la maternité jusqu'à l'âge de la marche,Correcte. Le dépistage doit être répétitif jusqu'à l'âge de la marche pour assurer un diagnostic précoce.,Dépistage uniquement à 6 mois et 12 mois,"Incorrecte. Le dépistage ne se limite pas à deux dates fixes, mais doit être systématique jusqu'à l'âge de la marche.",Examen unique à la naissance,Incorrecte. Un seul examen ne permet pas de détecter les cas émergents après la naissance.,Dépistage uniquement pendant la première année de vie,"Incorrecte. Le suivi doit continuer jusqu'à l'âge de la marche, qui peut dépasser 1 an.",a
153,OIC-047-23-B,Quelle est la forme clinique correcte de la luxation congénitale de la hanche?,Cette question évalue la compréhension des formes cliniques de la luxation congénitale de la hanche. Un piège courant est de confondre les termes 'luxation' et'subluxation' avec d'autres formes.,"Luxation, luxable et subluxation",Correcte. Ces trois formes correspondent aux manifestations cliniques décrites dans le contenu éducatif.,Luxation et subluxation,"Incorrecte. Elle manque la forme 'luxable', qui est une forme clinique distincte.",Luxation et dislocation,Incorrecte. La 'dislocation' n'est pas mentionnée dans le contenu et est confondue avec 'luxation'.,Luxable et subluxation,"Incorrecte. Elle manque la forme 'luxation', essentielle pour une évaluation complète.",a
154,OIC-047-25-B,Quelle est la conséquence d'une absence de traitement d'une luxation congénitale de hanche?,Cette question évalue la compréhension des complications liées à un retard diagnostique et à un traitement inadapté. Un piège courant est de négliger l'impact à long terme sur la mobilité et la santé articulaire.,"Boiterie dès la marche, douleur chronique et atteinte dégénérative précoce",Correcte. Cela correspond exactement aux conséquences décrites dans le contenu éducatif.,Atteinte auditive irréversible,Incorrecte. L'atteinte auditive n'est pas mentionnée dans le contenu et n'est pas liée à la luxation de hanche.,Atrophie musculaire des jambes,Incorrecte. L'atrophie musculaire n'est pas explicitement évoquée comme complication directe dans le texte.,Amélioration de la mobilité à long terme,"Incorrecte. L'absence de traitement entraîne des complications, pas une amélioration de la mobilité.",a
155,OIC-047-28-A,Quel est le signe clinique principal de la scoliose de l'enfant mentionné dans le contenu?,La question évalue la capacité à identifier le signe spécifique de la scoliose non douloureuse. Le piège réside dans la confusion avec d'autres signes comme la douleur ou l'imagerie.,Détection d'une gibbosité,"Correcte. La gibbosité est un signe clinique clé de la scoliose non douloureuse, correspondant à une déformation de la colonne vertébrale.",Présence de douleur,"Incorrecte. Le contenu précise que la scoliose est non douloureuse, donc la douleur n'est pas un signe principal.",Utilisation des radiographies,"Incorrecte. Les radiographies sont un examen complémentaire, pas un signe clinique direct de la scoliose.",Présence d'une courbure visible,"Incorrecte. Bien que la courbure soit un signe, le contenu met l'accent sur la gibbosité comme signe spécifique.",a
156,OIC-047-31-B,Quelle est la cause la plus fréquente de la cyphose thoracique chez l'enfant?,Cette question évalue la compréhension de la pathologie la plus courante associée à la cyphose thoracique. Le piège réside dans la confusion avec d'autres causes rares ou moins fréquentes.,La dystrophie rachidienne de croissance (maladie de Scheuermann),Correcte. La dystrophie rachidienne de croissance est effectivement la cause la plus fréquente de cyphose thoracique chez l'enfant.,La kyphose congénitale,"Incorrecte. Bien que possible, la kyphose congénitale est une cause rare par rapport à la dystrophie rachidienne de croissance.",L'ostéochondrose vertébrale,"Incorrecte. L'ostéochondrose vertébrale est une pathologie différente, non mentionnée comme cause principale dans le contenu.",La tuberculose vertébrale,Incorrecte. La tuberculose vertébrale est une cause exceptionnelle et non la plus fréquente de cyphose thoracique chez l'enfant.,a
157,OIC-047-32-A,À quel âge est délivré le certificat n°2 obligatoire pour le suivi médical des enfants?,Cette question évalue la compréhension du calendrier des examens médicaux obligatoires. Le piège courant est de confondre le certificat n°2 avec d'autres certificats délivrés à d'autres âges.,9 mois,Correcte. Le certificat n°2 est délivré à 9 mois selon le calendrier indiqué.,12 mois,"Incorrecte. Le certificat n°3 est délivré à 12 mois, pas le certificat n°2.",6 mois,"Incorrecte. Un examen est effectué à 6 mois, mais le certificat n°2 n'est pas délivré à cet âge.",18 mois,"Incorrecte. Un examen est effectué à 18 mois, mais le certificat n°2 n'est pas délivré à cet âge.",a
158,OIC-047-35-A,Quel est l'élément principal du carnet de santé qui permet de suivre l'évolution globale de la santé d'un enfant?,Cette question évalue la compréhension des composants clés du carnet de santé. Un piège courant est de se concentrer sur un seul aspect (ex. vaccinations) plutôt que sur l'ensemble des données.,La synthèse des examens et des consultations de suivi,"Correcte. Cette option résume l'ensemble des données médicales et de santé, incluant les croissances, les vaccinations et les antécédents.",Les données néonatales et l'alimentation,"Incorrecte. Bien que pertinentes, ces données ne couvrent qu'une partie du suivi et ignorent les vaccinations, les hospitalisations, etc.",Les conseils de puériculture et l'alimentation,Incorrecte. Ces conseils sont un élément du carnet mais ne constituent pas son composant principal.,Les vaccinations et les maladies infectieuses,"Incorrecte. Les vaccinations sont une partie essentielle, mais le carnet inclut également d'autres données comme la croissance et les antécédents familiaux.",a
159,OIC-047-36-B,Quelle est la modalité correcte de couverture et d'organisation du suivi obligatoire des nourrissons et des enfants?,Cette question évalue la compréhension de la couverture totale par l'assurance maladie et des acteurs impliqués. Un piège courant est de confondre les limites d'âge ou les responsabilités des acteurs.,"100% couvert par l'assurance maladie, par le médecin traitant, le pédiatre ou les services de PMI jusqu'à 6 ans",Correcte. Le contenu indique une prise en charge à 100% et les acteurs autorisés jusqu'à 6 ans.,Partiellement couvert avec un co-paiement de 50%,"Incorrect. Le contenu précise une couverture à 100%, pas une prise en charge partielle.",Couvert uniquement par l'assurance maladie familiale privée,"Incorrect. Le contenu mentionne l'assurance maladie publique, non privée.",Couvert uniquement jusqu'à 3 ans,"Incorrect. Le contenu indique une couverture jusqu'à 6 ans, non 3 ans.",a
160,OIC-047-39-B,Quelle est la particularité principale de l'examen de suivi des adolescents selon le contenu éducatif?,"Cette question évalue la compréhension de l'approche globale du suivi des adolescents, en mettant en évidence la complexité de leur développement et les multiples aspects à aborder.",Une approche centrée uniquement sur les troubles alimentaires et la puberté,"Incorrect. Bien que ces sujets soient abordés, ils ne représentent qu'une partie des éléments clés du suivi.",Une consultation axée exclusivement sur la contraception et les vaccinations,"Incorrect. Ces aspects sont importants, mais ils ne couvrent pas l'ensemble des dimensions du suivi adolescent.",Une évaluation limitée aux aspects physiques et médicaux,Incorrect. Le contenu souligne l'importance des aspects psychosociaux et émotionnels dans la consultation.,"Une approche multidimensionnelle intégrant physique, psychique, social et familial","Correct. Le texte met en avant la complexité du suivi adolescent, incluant des éléments comme la sexualité, les loisirs, l'entourage et les troubles mentaux.",d
161,OIC-048-02-A,Quel est le rôle principal de la diversification de l'alimentation chez le nourrisson?,"La question évalue la compréhension du rôle principal de la diversification, souvent confondu avec des objectifs secondaires comme le développement du goût ou de la mastication.",Introduire de nouvelles protéines alimentaires afin de favoriser l’acquisition de leur tolérance,Correcte. C’est le rôle principal mentionné explicitement dans le contenu.,Introduire de nouvelles saveurs pour permettre un développement optimal du goût,"Incorrecte. Bien que mentionné, c’est un objectif secondaire par rapport à la tolérance des protéines.",Des morceaux pour favoriser le développement de la mastication,"Incorrecte. C’est un effet secondaire, non le rôle principal de la diversification.",Des fibres pour permettre une adaptation du microbiote intestinal,"Incorrecte. C’est un bénéfice indirect, pas le but principal de la diversification.",a
162,OIC-048-03-A,Quelle est la bonne méthode de préparation des préparations lactées selon le texte?,La question évalue la compréhension de la méthode de préparation des aliments complémentaires. Le piège courant est de confondre les quantités d'eau et de poudre.,Ajouter 1 cuillère-mesure de poudre dans 30 ml d'eau faiblement minéralisée,Correcte : correspond exactement au protocole décrit dans le texte.,Ajouter 1 cuillère-mesure de poudre dans 60 ml d'eau,"Incorrecte : double la quantité d'eau recommandée, ce qui peut entraîner une dilution inadéquate.",Stériliser le biberon entre chaque prise alimentaire,Incorrecte : le texte indique que la stérilisation n'est pas nécessaire entre les prises.,Utiliser de l'eau bouillante pour reconstituer la préparation,Incorrecte : le texte précise que le biberon peut être donné à température ambiante.,a
163,OIC-049-01-A,Quelle est l'ordre normal de développement des signes de la puberté chez les filles et les garçons?,Cette question évalue la compréhension de la séquence des signes de la puberté normale. Un piège courant est de confondre l'ordre des développements mammaire/testiculaire et de la pilosité.,"Chez les filles, le développement des seins précède la pilosité pubienne ; chez les garçons, le développement des testicules précède la pilosité pubienne.",Correcte. Cela reflète les stades de Tanner décrits dans le contenu éducatif.,"Chez les filles, la pilosité pubienne précède le développement des seins ; chez les garçons, la pilosité pubienne précède le développement des testicules.","Incorrecte. La pilosité apparaît secondairement au développement mammaire/testiculaire, ce qui est un signe de pathologie si précocement observé.","Chez les filles, la ménarche précède le développement des seins ; chez les garçons, la pilosité pubienne précède le développement des testicules.","Incorrecte. La ménarche survient après le stade S2 (développement des seins), et la pilosité suit le développement testiculaire.","Chez les filles, le développement des seins et la pilosité pubienne se développent simultanément ; chez les garçons, le développement des testicules et la pilosité pubienne se développent simultanément.","Incorrecte. Les signes de la puberté se développent de manière séquentielle, non simultanée.",a
164,OIC-049-02-A,Quel terme désigne les premières règles?,Cette question évalue la compréhension des définitions des termes liés à la puberté. Le piège courant est de confondre ménarche avec l'apparition des premiers signes de puberté (pubarche/thélarche).,Ménarche,"Correcte. Le terme ménarche désigne bien les premières règles, définies comme l'apparition des premières menstruations.",Pubarche,"Incorrecte. Le pubarche désigne l'apparition de la pilosité pubienne, non les règles.",Thélarche,"Incorrecte. Le thélarche correspond au développement précoce des seins, non aux règles.",Puberté précoce,"Incorrecte. La puberté précoce désigne un ensemble de signes de maturation sexuelle, mais pas spécifiquement les règles.",a
165,OIC-049-04-B,Quel stade de Tanner correspond à un développement mammaire où la glande dépasse la surface de l'aréole?,Cette question évalue la compréhension des stades de Tanner pour le développement mammaire. Le piège courant est de confondre les descriptions des stades S2 et S3.,S2,"Incorrect. S2 correspond à un petit bourgeon mammaire avec élargissement de l'aréole, pas à une glande dépassant l'aréole.",S4,"Incorrect. S4 décrit une saillie de l'aréole et du mamelon sur la glande, non une glande dépassant l'aréole.",S3,Correct. S3 correspond exactement à la description d'une glande mammaire dépassant la surface de l'aréole.,S5,"Incorrect. S5 représente l'aspect adulte, avec un développement complet des seins.",c
166,OIC-049-06-B,Quel mécanisme déclenche principalement la puberté chez les adolescents?,Cette question évalue la compréhension du déclenchement hypothalamique de la puberté. Un piège courant est de confondre le rôle de l'hypophyse ou des facteurs externes comme la leptine.,La réactivation de la pulsatilité de la GnRH par le noyau hypothalamique,"Correcte. La GnRH hypothalamique est le déclencheur initial de la puberté, comme expliqué dans le contenu.",La sécrétion directe de FSH et LH par l'hypophyse,"Incorrecte. L'hypophyse répond à la GnRH, mais ne déclenche pas la puberté directement.",La production de leptine par le tissu adipeux,"Incorrecte. La leptine module la puberté, mais n'est pas le mécanisme déclencheur principal.",L'activation ovarienne par les hormones surrénaliennes,"Incorrecte. L'activation ovarienne est une conséquence de la puberté, non son déclencheur.",a
167,OIC-049-07-B,Quels sont les deux facteurs principaux influençant la puberté selon le texte?,La question évalue la capacité à identifier les deux catégories principales (génétique et environnement) plutôt que des facteurs spécifiques. Un piège courant est de confondre des éléments comme la leptine ou l'état nutritionnel avec les catégories globales.,Génétique et environnement,Correcte. Le texte mentionne explicitement ces deux catégories comme facteurs principaux.,Leptine et nutrition,Incorrecte. Ces éléments sont des facteurs spécifiques (environnementaux) et non des catégories principales.,Génétique et leptine,"Incorrecte. La leptine est un facteur spécifique, pas une catégorie globale.",Ethnique et nutrition,"Incorrecte. L'ethnicité est mentionnée comme un facteur secondaire, pas une catégorie principale.",a
168,OIC-049-09-A,Quelle est la définition correcte de la puberté précoce?,Cette question évalue la compréhension des seuils d'âge pour la puberté précoce. Un piège courant est de confondre les âges de la puberté précoce et avancée.,Développement mammaire avant 8 ans chez une fille ou augmentation du volume testiculaire avant 9 ans chez un garçon,Correcte : Cela correspond exactement à la définition donnée dans le contenu éducatif.,Développement mammaire entre 8 et 9 ans chez une fille ou augmentation du volume testiculaire entre 9 et 11 ans chez un garçon,"Incorrecte : Cela décrit la puberté avancée, non précoce, et confond les seuils d'âge.",Développement mammaire avant 7 ans chez une fille ou augmentation du volume testiculaire avant 8 ans chez un garçon,Incorrecte : Les seuils sont trop précoces par rapport à la définition officielle.,Développement mammaire avant 8 ans chez une fille ou augmentation du volume testiculaire avant 10 ans chez un garçon,Incorrecte : L'âge pour les garçons est trop tardif par rapport à la définition de la puberté précoce.,a
169,OIC-049-11-A,Quelle méthode permet de calculer la vitesse de croissance annuelle d'un enfant à partir d'une courbe de croissance?,Cette question évalue la compréhension de la méthode de calcul de la vitesse de croissance annuelle. Un piège courant est de confondre la moyenne des mesures avec la différence entre deux points.,"Soustraire la taille à l'âge initial de la taille à l'âge final, puis diviser par le nombre d'années écoulées",Correcte : Cette méthode calcule la variation de taille par an en utilisant la formule de la vitesse (différence de taille / durée en années).,Calculer la moyenne des tailles mesurées sur plusieurs années,"Incorrecte : La moyenne ne reflète pas la vitesse de croissance, mais la tendance générale des mesures.",Diviser la taille à l'âge final par le nombre de mois écoulés,"Incorrecte : Cette méthode utilise des mois au lieu d'années, ce qui donne une vitesse incorrecte.",Calculer l'IMC à deux dates différentes et comparer les résultats,"Incorrecte : L'IMC mesure la corpulence, pas la vitesse de croissance, et ne peut pas être utilisé pour ce calcul.",a
170,OIC-049-12-B,Quelle affirmation est correcte concernant l'épidémiologie de la puberté précoce selon le texte?,Cette question évalue la compréhension des données épidémiologiques et des causes différenciées selon le sexe. Un piège courant est de confondre les chiffres ou les causes.,"La puberté précoce centrale est plus fréquente chez les filles et souvent idiopathique, tandis que chez les garçons elle est plus rare et souvent organique.",Correcte. Résume précisément les données du texte : fréquence sexuée et causes différenciées.,La puberté précoce est plus fréquente chez les garçons avec une prédominance organique chez les filles.,Incorrecte. Inverse les données : les filles sont plus touchées et les garçons ont une prédominance organique.,La puberté précoce centrale est toujours idiopathique chez les filles et organique chez les garçons.,"Incorrecte. Le texte précise que la cause est souvent idiopathique chez les filles, pas toujours.",La puberté précoce touche autant les filles que les garçons avec des causes identiques.,Incorrecte. Le texte souligne une fréquence nettement plus élevée chez les filles et des causes différenciées.,a
171,OIC-049-13-B,Quelle catégorie d'origine des pubertés précoces inclut les tumeurs et la hydrocéphalie?,Cette question évalue la capacité à distinguer les catégories étiologiques des pubertés précoces. Un piège courant est de confondre les causes centrales (intracrânien) avec les causes périphériques (ovariennes/surrénaliennes).,Origines hypothalamo-hypophysaires,Correcte. Les tumeurs (ex. gliome du chiasma) et la hydrocéphalie sont des causes intracrâniennes classées dans les origines hypothalamo-hypophysaires.,Origines ovariennes/testiculaires,"Incorrecte. Les causes ovariennes/testiculaires incluent des pathologies comme la McCune-Albright ou les kystes, pas les tumeurs intracrâniennes.",Origines surrénaliennes,"Incorrecte. Les causes surrénaliennes concernent l'hyperandrogénie ou les corticosurrénalomes, non les pathologies intracrâniennes.",Origines exogènes/environnementales,Incorrecte. Les facteurs exogènes (ex. exposition à des hormones) ne sont pas liés aux pathologies intracrâniennes mentionnées.,a
172,OIC-049-14-B,Quelle est l'étiologie principale des pubertés précoces centrales?,"Cette question évalue la compréhension des catégories d'étiologies des pubertés précoces. Le piège réside dans la confusion entre les causes centrales (intracrânien) et périphériques (ovaires, surrénale).",Tumoral (gliome du chiasma) et non tumoral (hydrocéphalie),"Correcte. Ces causes appartiennent aux processus intracrâniens centraux, qui sont les étiologies principales des pubertés précoces centrales.",McCune-Albright et kyste ovarien,"Incorrecte. Ces causes relèvent des pubertés précoces périphériques (ovariennes/testiculaires), non centrales.",Hyperandrogénie sans activation gonadotrope,"Incorrecte. Cette cause est associée aux pubertés précoces périphériques surrénaliennes, non centrales.",Facteurs génétiques (ex : syndrome de Turner),"Incorrecte. Les facteurs génétiques sont classés sous les causes exogènes/environnementales, pas sous les causes centrales.",a
173,OIC-049-19-A,Quelle est la bonne classification des retards pubertaires selon leur origine?,Cette question évalue la compréhension des deux cadres étiologiques principaux. Le piège courant est de confondre les causes centrales et périphériques.,Retards centraux (hypothalamo-hypophysaires) et retards périphériques (gonadiques),Correcte. Elle identifie les deux catégories principales évoquées dans le contenu.,Retards hypothalamo-hypophysaires et retards génétiques,"Incorrecte. Les causes génétiques (ex. Kallmann) sont incluses dans les retards centraux, non comme une catégorie distincte.",Retards gonadiques et syndrome de Turner,"Incorrecte. Le syndrome de Turner est une forme spécifique de retard périphérique, non une catégorie principale.",Retards hypothalamiques et insuffisance testiculaire,"Incorrecte. L'insuffisance testiculaire est une sous-catégorie des retards périphériques, non une catégorie principale.",a
174,OIC-049-21-B,Quelle affirmation décrit correctement la prématurée thelarche chez les nourrissons?,"La question évalue la compréhension des caractéristiques cliniques de la prématurée thelarche, un phénomène souvent confondu avec la puberté prématurée. Le piège réside dans la confusion entre le développement mammaire isolé et des signes de puberté plus avancée.","Elle survient fréquemment chez les filles de moins de 2 ans, commence souvent en période périnatale et se manifeste par un développement mammaire limité, confirmé par une échographie pelvienne.","Correcte. Cela reflète les données clés du contenu : âge de survenue, origine périnatale et diagnostic par échographie.",Elle est plus fréquente chez les filles de plus de 5 ans et se développe rapidement avec des changements génitaux internes.,"Incorrecte. La prématurée thelarche est typique des nourrissons, pas des enfants plus âgés, et ne se développe pas rapidement.",Elle est toujours associée à une puberté prématurée avec des signes génitaux externes et une croissance rapide.,Incorrecte. La prématurée thelarche est isolée et ne présente pas nécessairement des signes de puberté avancée.,Elle est diagnostiquée uniquement par des examens sanguins mesurant les hormones sexuelles.,"Incorrecte. L'échographie pelvienne est le diagnostic principal, pas les hormones sanguines.",a
175,OIC-049-22-B,Quelle est la définition correcte de l'adrénarche?,"La question évalue la compréhension de la notion d'adrénarche, un phénomène de maturation précoce des glandes surrénales. Le piège courant est de confondre l'adrénarche avec la puberté ou d'autres troubles endocriniens.",Maturation précoce des glandes surrénales entraînant la production d'androgènes,"Correcte. L'adrénarche correspond à une activation précoce des glandes surrénales, responsable de la production d'hormones androgéniques.",Début de la puberté lié à l'activité de la glande pituitaire,"Incorrecte. L'activité de la glande pituitaire est liée à la puberté, mais l'adrénarche concerne spécifiquement les glandes surrénales.",Trouble causé par une surproduction d'hormone de croissance,"Incorrecte. La surproduction d'hormone de croissance est associée à d'autres pathologies, pas à l'adrénarche.",Développement des caractères sexuels secondaires chez les femmes,"Incorrecte. Les caractères sexuels secondaires sont un signe de puberté, non spécifiquement liés à l'adrénarche.",a
176,OIC-049-23-B,Quelle est l'interprétation correcte de la photographie montrant un développement mammaire et une accélération de la vitesse de croissance à l'âge de 7 ans chez une fille?,La question évalue la compréhension des signes de puberté précoce. Le piège courant est de confondre ces signes avec un développement normal.,"La patiente présente une puberté précoce, un signe de développement sexuel prématuré","Correcte. La puberté précoce est définie par le début des changements sexuels avant 8 ans chez les filles, ce qui correspond aux observations décrites.",Le développement observé est une variation normale de la croissance,"Incorrecte. La puberté précoce est un trouble distinct du développement normal, nécessitant une évaluation médicale.",La patiente souffre d'une insuffisance hormonale,"Incorrecte. L'insuffisance hormonale provoquerait un retard, pas un accélératif de la puberté.",La photo illustre une croissance normale avec un pic de croissance retardé,"Incorrecte. Le pic de croissance est généralement plus tôt chez les filles, et la photo montre un accélératif, non un retard.",a
177,OIC-049-24-B,Quel examen d'imagerie est indiqué pour une puberté précoce centrale?,Cette question évalue la compréhension des indications spécifiques des examens d'imagerie selon le type de puberté anormale. Un piège courant est de confondre l'échographie pelvienne (indiquée pour la puberté périphérique) avec l'IRM cérébrale.,Échographie pelvienne,"Incorrect. L'échographie pelvienne est indiquée pour la puberté périphérique, pas pour la puberté précoce centrale.",IRM cérébrale,"Correct. L'IRM cérébrale est utilisée pour rechercher des tumeurs hypothalamo-hypophysaires, responsables de la puberté précoce centrale.",Radiographie thoracique,Incorrect. La radiographie thoracique n'est pas un examen standardisé pour évaluer la puberté anormale.,Scanner abdominal,"Incorrect. Le scanner abdominal n'est pas utilisé pour investiguer la puberté précoce centrale, contrairement à l'IRM cérébrale.",b
178,OIC-049-25-A,Quelle est la justification des examens d'échographie pelvienne et de radiographie de la main et du poignet dans une puberté pathologique?,La question évalue la compréhension des objectifs spécifiques de ces examens. Un piège courant est de confondre les objectifs de chaque examen.,Évaluer la présence de tumeurs ou de kystes ovariens et mesurer l'âge osseux,Correcte. L'échographie pelvienne détecte les tumeurs ovariennes et la radiographie mesure l'âge osseux.,Mesurer l'âge osseux et la longueur utérine,"Incorrecte. La longueur utérine est mesurée par l'échographie pelvienne, mais la radiographie ne mesure pas la longueur utérine.",Évaluer la présence de tumeurs ovariennes et la longueur utérine,Incorrecte. Elle néglige l'objectif principal de la radiographie de mesurer l'âge osseux.,Mesurer l'âge osseux et évaluer la puberté,"Incorrecte. L'évaluation de la puberté est indirecte via l'âge osseux, mais non directement l'objectif des examens.",a
179,OIC-049-26-B,Quelle est l'âge de début de la puberté selon l'apparition du sésamoïde sur une radiographie de poignet?,Cette question évalue la compréhension de l'âge de début de la puberté et de la notion de déviation standard. Un piège courant est de confondre l'âge de début avec la plage de variation (±2 ans).,11-13 ans,"Correcte. L'apparition du sésamoïde marque le début de la puberté, à 11 ans chez les filles et 13 ans chez les garçons.",9-11 ans,"Incorrecte. Cela correspond à un âge de début trop précoce, en dehors de la plage normale.",13-15 ans,"Incorrecte. Cela correspond à un âge de début trop tardif, en dehors de la plage normale.",±2 ans,"Incorrecte. La déviation standard (±2 ans) décrit la variabilité de l'âge osseux, pas l'âge de début de la puberté.",a
180,OIC-050-01-A,"Quelle pathologie est associée à une augmentation douloureuse du volume des bourses avec une douleur aiguë, intense et un signe de Prehn négatif?",Cette question évalue la capacité à distinguer les pathologies scrotales douloureuses en fonction des signes cliniques spécifiques. Le piège réside dans la confusion entre les causes aiguës et chroniques.,Torsion du cordon spermatique,"Correcte. La torsion est une urgence chirurgicale avec douleur aiguë, signe de Prehn négatif et absence de réflexe crémastérien.",Orchi-épididymite,"Incorrecte. L'orchi-épididymite présente une douleur progressive et un signe de Prehn positif, contrairement à la torsion.",Traumatisme scrotal,Incorrecte. Le traumatisme scrotal peut être douloureux mais ne présente pas nécessairement un signe de Prehn négatif et peut inclure des hématomes.,Hydrocèle,"Incorrecte. L'hydrocèle est non douloureuse et se distingue par une transillumination positive, contrairement à la torsion.",a
181,OIC-050-02-A,"Quelle est la nature de l'urgence pour les trois pathologies mentionnées (torsion du cordon spermatique, fasciite nécrosante, paraphimosis)?",La question évalue la compréhension de l'urgence des trois pathologies. Le piège réside dans la confusion entre urgences chirurgicales et urgences médicales.,Toutes les trois sont des urgences chirurgicales,"Correcte. La torsion du cordon spermatique, la fasciite nécrosante et le paraphimosis nécessitent une intervention immédiate pour éviter des complications graves.",Seulement la torsion et le paraphimosis sont des urgences chirurgicales,"Incorrecte. La fasciite nécrosante est une urgence vitale médicochirurgicale avec mortalité élevée, nécessitant une prise en charge immédiate.",Seulement la fasciite nécrosante est une urgence,Incorrecte. La torsion du cordon spermatique et le paraphimosis sont des urgences chirurgicales avec risque de nécrose ou de perte fonctionnelle.,Aucune de ces pathologies n'est urgente,Incorrecte. Toutes les trois sont des urgences médicales ou chirurgicales avec des conséquences graves si traitées en retard.,a
182,OIC-050-03-B,Quelle est l'interprétation clinique d'une bourse transilluminable lors d'un examen scrotal?,"Cette question évalue la compréhension de l'interprétation des résultats de la transillumination scrotale, un examen clé pour distinguer les pathologies fluides des pathologies solides. Un piège courant est de confondre la transillumination avec une infection.",Indique une accumulation de liquide (ex. hydrocèle),"Correcte. La transillumination positive suggère la présence de liquide, comme dans l'hydrocèle, car la lumière traverse le liquide.",Indique une infection aiguë,"Incorrecte. L'infection aiguë peut causer une épaississement tissulaire, rendant la transillumination négative, pas positive.",Indique une tumeur solide,"Incorrecte. Les tumeurs solides ne transilluminent pas, ce qui rend la bourse non transilluminable, non transilluminable.",Indique une anatomie normale,"Incorrecte. Une bourse normale est généralement non transilluminable, car elle ne contient pas de liquide.",a
183,OIC-050-04-A,Quelle est la tranche d'âge où l'orchi-épididymite est fréquemment liée aux infections sexuellement transmissibles (IST)?,La question évalue la compréhension des facteurs d'âge liés à la pathologie. Un piège courant est de confondre les causes des orchi-épididymites selon l'âge.,Avant la puberté,"Incorrect. Avant la puberté, l'orchi-épididymite est plus souvent liée aux infections urogénitales bactériennes (entérobactéries) et non aux IST.",De la puberté à 35 ans,"Correct. Dans cette tranche d'âge, les IST (chlamydia, gonocoque) sont les causes principales, souvent associées à une urétrite.",Après 35 ans,"Incorrect. Après 35 ans, l'orchi-épididymite est plus fréquemment liée à des pathologies prostatiques ou urétrales (adénome de prostate, sténose urétrale) et non aux IST.",Chez l'enfant,"Incorrect. L'orchi-épididymite est rare chez l'enfant, et son diagnostic implique souvent une recherche d'uropathie associée.",b
184,OIC-050-06-A,Quel est le traitement antibiotique de première intention pour un cas d'orchi-épididymite suspecté d'être d'origine sexuellement transmissible chez un adulte?,Cette question évalue la capacité à distinguer les traitements selon l'origine de l'infection (IST vs infection urinaire non transmissible). Le piège réside dans la confusion entre les schémas thérapeutiques.,Ceftriaxone 500 mg en injection IM puis Doxycycline 200 mg/j pendant 10 jours,"Correcte : C'est le schéma standard pour les IST, combinant une injection initiale et une prise orale prolongée.",Ciprofloxacine 500 mg 2 fois par jour pendant 14 jours,"Incorrecte : C'est le traitement pour les infections urinaires non transmissibles, non adapté aux IST.",Cotrimoxazole 400 mg/160 mg 2 fois par jour pendant 14 jours,"Incorrecte : Réserve aux enfants, non recommandé chez l'adulte en cas d'IST.",Amoxicilline 500 mg 3 fois par jour pendant 7 jours,"Incorrecte : Non mentionné dans le contenu, et inefficace contre les germes IST (ex : chlamydia).",a
185,OIC-050-07-B,Quelle est la démarche correcte pour la prise en charge d'une torsion du cordon spermatique?,La question évalue la compréhension de l'urgence chirurgicale et des étapes clés de la prise en charge. Le piège réside dans l'idée de retarder l'intervention pour des examens complémentaires.,Exploration scrotale chirurgicale immédiate pour détordre le cordon et réaliser une orchidopexie,Correcte : C'est la démarche standardisée pour préserver le testicule viable et éviter l'ischémie.,Attente des résultats d'examens complémentaires avant toute intervention,"Incorrecte : L'urgence nécessite une intervention sans délai, sans retard pour des tests non critiques.",Traitement antibiotique en unité de réanimation associé à une dérivation urinaire,"Incorrecte : C'est la prise en charge de la fasciite nécrosante, non de la torsion du cordon spermatique.",Orchidectomie immédiate sans évaluation de la viabilité du testicule,"Incorrecte : L'orchidectomie est réservée aux testicules non viables, après évaluation chirurgicale.",a
186,OIC-050-08-A,Quelle est la principale différence clinique entre une hydrocèle et un kyste du cordon spermatique?,Cette question évalue la capacité à distinguer les deux pathologies par leur présentation clinique. Un piège courant est de confondre les deux avec une hernie ou une tumeur.,La présence d’un testicule flottant dans un liquide clair,"Incorrect. C’est la description d’une hydrocèle, mais ne distingue pas du kyste du cordon.",Une tuméfaction située en dessous du testicule avec douleur,"Incorrect. Cela correspond à une hernie inguinale, pas au kyste du cordon.",Une masse indépendante du testicule située au-dessus de celui-ci,"Correct. Le kyste du cordon est une tumeur distincte, non liée au testicule.",Une augmentation progressive du volume scrotal sans douleur,"Incorrect. C’est la description d’une hydrocèle, non du kyste du cordon.",c
187,OIC-050-09-B,Quelle est la contre-indication de l'imagerie devant une hydrocèle?,La question évalue la compréhension des contre-indications de l'imagerie. Un piège courant est de confondre la ponction per cutanée (contre-indiquée) avec l'échographie (indiquée).,L'échographie scrotale est contre-indiquée en cas de doute diagnostique,Incorrect. L'échographie est utile pour confirmer le diagnostic et éliminer les pathologies différentielles.,La ponction per cutanée est indiquée pour confirmer le diagnostic,Incorrect. La ponction per cutanée est explicitement contre-indiquée dans le contenu.,L'imagerie est inutile pour évaluer l'état du testicule,Incorrect. L'échographie permet d'apprécier l'état du testicule sous-jacent.,La ponction per cutanée est contre-indiquée,Correct. Le contenu précise que la ponction per cutanée est contre-indiquée devant une hydrocèle.,d
188,OIC-050-10-A,Quelle est la modalité clé pour distinguer un testicule oscillant (« ascenseur ») d'une cryptorchidie?,Cette question évalue la compréhension de la distinction clinique entre un testicule mobile et une cryptorchidie. Un piège courant est de confondre la mobilité spontanée avec l'absence de descente.,Un testicule qui s'abaisse facilement manuellement au fond de la bourse sans tension,"Correcte. Cette description correspond à un testicule oscillant, non à une cryptorchidie.",La présence d'orifices herniaires ouverts,Incorrecte. Les orifices herniaires sont fermés chez le patient avec cryptorchidie.,La palpation du testicule dans la bourse scrotale,"Incorrecte. L'absence de palpation dans la bourse est un signe de cryptorchidie, pas de mobilité.",Une échographie abdominale,"Incorrecte. L'échographie est utilisée pour localiser le testicule non palpable, pas pour distinguer les types de cryptorchidie.",a
189,OIC-050-12-B,Quelle est la modalité de prise en charge de référence de la cryptorchidie?,Cette question évalue la compréhension de la prise en charge standard de la cryptorchidie. Le piège courant est de confondre le traitement médical (dépassé) avec la chirurgie.,Abaissement chirurgical du testicule,Correcte. L'abaissement chirurgical est le traitement de référence pour limiter les risques d'infertilité et de cancer.,Traitement médical par injection d'HCG,Incorrecte. Le traitement médical par HCG n'est plus recommandé chez l'enfant.,Attente jusqu'à l'âge de 2 ans,Incorrecte. La chirurgie est recommandée avant 1 an pour prévenir les complications.,Exploration laparoscopique sans abaissement,"Incorrecte. L'exploration laparoscopique est une étape intermédiaire, mais l'abaissement chirurgical reste essentiel.",a
190,OIC-050-13-A,Quelle est la cause principale du paraphimosis?,Cette question évalue la compréhension des mécanismes pathogéniques du paraphimosis. Un piège courant est de confondre le paraphimosis avec le phimosis ou d'oublier son lien avec les actions de décalottage.,Un phimosis physiologique chez le nourrisson,"Incorrect. Le phimosis physiologique est une condition normale chez les jeunes enfants, pas une cause du paraphimosis.",Un diabète mal équilibré chez l'adulte,"Incorrect. Le diabète est un facteur de risque du phimosis, non du paraphimosis.",Une infection préputiale chronique,"Incorrect. Les infections préputiales sont associées à la balanoposthite, pas au paraphimosis.",Une striction de l'anneau préputial par décalottage forcé ou oubli de recalottage,Correct. Le paraphimosis résulte d'une accumulation d'œdème du prépuce et du gland après un décalottage mal géré.,d
191,OIC-050-14-A,Quelle est la procédure correcte pour traiter un paraphimosis en urgence?,La question évalue la compréhension des gestes urgents en cas de paraphimosis. Le piège courant est de confondre les traitements locaux ou chirurgicaux avec la réduction manuelle.,Utiliser des antiseptiques locaux pour désinfecter le prépuce,"Incorrect. Les antiseptiques sont prescrits pour les balanoposthites, pas pour le paraphimosis.",Appliquer des dermocorticoïdes pour réduire les adhérences préputiales,"Incorrect. Les corticoïdes aident à libérer les adhérences, mais ne résolvent pas le paraphimosis.",Préconiser une plastie du prépuce dès l'âge de 5-6 ans,"Incorrect. La plastie est une option chirurgicale pour le phimosis, pas pour le paraphimosis aigu.",Effectuer une réduction manuelle avec bascule de l'anneau préputial vers l'avant,Correct. La manœuvre de recalotage est la première étape urgente pour traiter le paraphimosis.,d
192,OIC-050-15-A,Quel signe clinique est essentiel pour le diagnostic de torsion du cordon spermatique?,La question évalue la reconnaissance des signes cliniques spécifiques de la torsion du cordon spermatique. Le piège réside dans la confusion avec les signes négatifs ou non spécifiques.,Absence du réflexe crémastérien,"Correcte. L'absence du réflexe crémastérien est un signe clé de torsion, car le réflexe est normalement activé par la douleur.",Présence de fièvre,Incorrecte. La fièvre est un signe négatif (absence de fièvre) et n'est pas lié à la torsion directement.,Signe de Prehn positif,"Incorrecte. Le signe de Prehn négatif est un signe positif, tandis que le positif est un signe négatif de la torsion.",Testicule controlatéral normal,"Incorrecte. Le testicule controlatéral normal est un signe négatif, car la torsion est unilatérale.",a
193,OIC-050-16-B,Quelle est l'indication principale de l'imagerie (échographie Doppler) dans le cas de torsion du cordon spermatique?,La question évalue la compréhension des indications et limites de l'imagerie dans la torsion du cordon spermatique. Un piège courant est de croire que l'imagerie est systématiquement nécessaire.,Ne pas réaliser d'imagerie en cas de forte suspicion clinique pour éviter de retarder la chirurgie d'urgence,"Correcte. L'imagerie peut retarder la prise en charge chirurgicale en urgence, donc elle est évitée en cas de forte suspicion clinique.",Utiliser l'échographie Doppler systématiquement dès le début des symptômes,Incorrecte. L'échographie n'est pas systématique et peut retarder la chirurgie en cas de forte suspicion.,Privilégier l'échographie pour distinguer une orchiépididymite d'une torsion,"Incorrecte. Bien que l'échographie puisse simuler une torsion, elle n'est pas l'indication principale en cas de forte suspicion.",Réaliser une imagerie pour confirmer le diagnostic en cas de symptomatologie atypique,"Incorrecte. L'imagerie est utilisée en cas de doute diagnostique, mais pas en cas de forte suspicion clinique.",a
194,OIC-050-17-A,Quelle est la principale différence entre le phimosis et le paraphimosis?,Cette question évalue la compréhension des distinctions cliniques entre ces deux pathologies. Le piège courant est de confondre les deux conditions ou de négliger l'urgence du paraphimosis.,Le phimosis est une urgence médicale nécessitant une intervention immédiate.,Incorrect. Le phimosis n'est pas une urgence à moins qu'il ne provoque des complications comme une infection ou une strangulation.,Le paraphimosis est une condition normale du pénis non circoncis.,"Incorrect. Le paraphimosis est une pathologie pathologique, non une condition normale, et peut entraîner des complications graves.",Le phimosis se caractérise par une rétraction involontaire du prépuce.,"Incorrect. La rétraction involontaire est une caractéristique du paraphimosis, pas du phimosis.",Le paraphimosis peut provoquer une épaississement du prépuce et nécessite une prise en charge urgente.,"Correct. Le paraphimosis entraîne une œdème et une compression des tissus, nécessitant une intervention rapide pour éviter des lésions irréversibles.",d
195,OIC-051-02-B,Quand est-il nécessaire d'effectuer des examens complémentaires en cas de trouble mictionnel chez l'enfant?,"La question évalue la compréhension de la démarche diagnostique, en mettant en évidence le piège courant de croire que tous les troubles mictionnels nécessitent des examens dès la première consultation.",Toujours lors de la première consultation,"Incorrect. Le contenu indique que les examens ne sont utiles qu'en cas de troubles résistants, pas systématiquement.",Seulement si l'enfant présente une constipation,"Incorrect. La constipation est un signe possible, mais non une condition suffisante pour justifier des examens.",Seulement en cas de suspicion de vessie neurologique,"Incorrect. La vessie neurologique est une étiologie spécifique, mais les examens sont aussi nécessaires pour d'autres causes organiques.",Seulement en cas de trouble mictionnel résistant,Correct. Le contenu précise que les examens complémentaires sont indiqués uniquement lorsqu'un trouble résistant est suspecté.,d
196,OIC-051-03-A,Quelle est la première étape de la démarche diagnostique en cas de trouble mictionnel chez l'enfant?,Cette question évalue la compréhension de l'ordre des étapes diagnostiques. Un piège courant est de confondre les troubles mictionnels primitifs et secondaires.,L'élimination des causes non mictionnelles,"Correcte. La démarche commence par écarter les causes non liées à la miction (ex : incontinence permanente, pollakiurie comportementale).",L'identification des causes secondaires,Incorrecte. Les causes secondaires (ex : infection urinaire) sont évaluées après l'élimination des causes non mictionnelles.,L'identification des troubles mictionnels primitifs,"Incorrecte. Les troubles primitifs sont diagnostiqués en dernier, après exclusion des causes secondaires et non mictionnelles.",L'exploration des causes infectieuses,"Incorrecte. Les infections urinaires sont une cause secondaire, évaluée après l'étape d'élimination des causes non mictionnelles.",a
197,OIC-051-04-B,Quel trouble est le plus fréquemment associé aux troubles de la miction chez l'enfant?,Cette question évalue la capacité à identifier le trouble associé le plus directement lié aux troubles de la miction. Le piège réside dans la confusion entre les troubles secondaires (comme les troubles du sommeil) et les troubles primaires (comme le TDAH).,"Troubles psychiques (repli sur soi, stress émotionnel)","Ces troubles sont des conséquences possibles, non une cause directe associée aux troubles de la miction.",Trouble déficitaire de l'attention avec hyperactivité (TDAH),Correcte. Le texte indique que les enfants avec troubles mictionnels ont 2 à 4 fois plus de risque de TDAH.,Apnées du sommeil et parasomnies,"Plausible, mais ces troubles sont associés à l'énurésie, non directement aux troubles de la miction.",Obstruction des voies aériennes supérieures,"Ces obstructions sont des causes de troubles respiratoires nocturnes, non directement liées aux troubles de la miction.",b
198,OIC-051-06-A,Quelle est la base du diagnostic d'énurésie primaire selon le contenu éducatif?,La question évalue la compréhension du diagnostic clinique de l'énurésie primaire. Le piège courant est de confondre le diagnostic avec des examens complémentaires non mentionnés.,L'examen d'imagerie est nécessaire pour confirmer le diagnostic.,Incorrect. Le contenu précise qu'aucun examen d'imagerie n'est nécessaire en première intention.,La présence d'une histoire familiale est un critère principal.,"Incorrect. Bien que mentionnée, l'histoire familiale n'est pas le critère principal du diagnostic.",L'énurésie primaire est toujours associée à un trouble du comportement.,"Incorrect. La comorbidité avec le TDAH est mentionnée, mais non systématique.",Le diagnostic est basé sur l'interrogatoire et l'examen physique.,"Correct. Le contenu indique que le diagnostic positif est avant tout clinique, reposant sur l'interrogatoire et l'examen physique.",d
199,OIC-056-02-A,"Quel terme désigne une situation de handicap caractérisée par des dysfonctionnements cérébraux précoce et irréversibles, entraînant des perturbations graves dans plusieurs domaines?",Cette question évalue la compréhension des distinctions entre les types de handicaps. Le piège réside dans la confusion entre'multi-handicap' (coexistence de déficiences) et 'polyhandicap' (gravité et irréversibilité).,Multi-handicap,"Incorrect. Le multi-handicap désigne la coexistence de plusieurs déficiences, sans nécessairement impliquer une gravité ou une irréversibilité.",Surhandicap,"Incorrect. Le surhandicap correspond à des déficiences secondaires liées à un handicap préexistant, non à des dysfonctionnements cérébraux irréversibles.",Polyhandicap,"Correct. Le polyhandicap désigne des troubles cérébraux précoce et irréversibles, entraînant des perturbations graves dans plusieurs domaines.",Déficience sensorielle,"Incorrect. La déficience sensorielle est une catégorie spécifique de handicap, non une désignation globale de gravité et d'irréversibilité.",c
200,OIC-056-07-B,Quelle est la première cause de retard mental héréditaire chez l'enfant en France?,Cette question évalue la compréhension des causes principales de handicap intellectuel. Le piège courant est de confondre les causes héréditaires et non héréditaires.,La paralysie cérébrale,"Incorrect. La paralysie cérébrale est une cause de handicap moteur, non intellectuel.",Le syndrome d'alcoolisation fœtale,"Incorrect. Ce syndrome est la première cause de retard mental non héréditaire, pas héréditaire.",La dyslexie-dysorthographie,"Incorrect. C'est une cause de troubles spécifiques des apprentissages, non de retard mental.",La trisomie 21,Correct. La trisomie 21 est explicitement mentionnée comme la première cause de retard mental héréditaire.,d
201,OIC-056-08-B,Quelle démarche étiologique est correctement associée aux méthodes de diagnostic mentionnées dans le contenu?,La question évalue la compréhension des méthodes diagnostiques liées à l'approche étiologique du handicap. Un piège courant est de confondre les tests d'imagerie (IRM) avec d'autres examens non mentionnés.,"IRM, bilan génétique, électro-encéphalogramme",Correcte : ces méthodes sont explicitement citées dans le contenu comme outils diagnostiques.,"Test sanguin, examen ophtalmologique, électrocardiogramme",Incorrecte : ces tests ne sont pas mentionnés dans le contenu comme méthodes étiologiques.,"Scanner, bilan génétique, test d'audition","Incorrecte : le scanner (CT scan) n'est pas spécifié dans le contenu, contrairement à l'IRM.","Test d'orientation spatiale, bilan neurologique, examen dermatologique",Incorrecte : ces tests ne correspondent pas aux méthodes énumérées dans le contenu.,a
202,OIC-056-09-B,Quelle est la priorité pour la scolarisation d'un enfant en situation de handicap?,La question évalue la compréhension de la priorité éducative dans le suivi des enfants handicapés. Le piège courant est de confondre les services médico-sociaux avec les modalités scolaires prioritaires.,Maintenir l'enfant dans le milieu familial et l'intégrer en milieu scolaire ordinaire,Correcte. C'est la priorité énoncée explicitement dans le contenu éducatif.,Inscrire l'enfant dans une unité d'enseignement spécialisé (UE) dès le diagnostic,Incorrecte. Les UE spécialisées sont des options secondaires si les modalités ordinaires ne sont pas possibles.,Privilégier l'apprentissage à distance via le CNED,"Incorrecte. La scolarisation à distance est une modalité possible, mais pas la priorité évoquée.",Accueillir l'enfant dans un centre d'action médico-sociale précoce (CAMSP),"Incorrecte. Les CAMSP sont des services de prise en charge précoce, non une modalité scolaire prioritaire.",a
203,OIC-070-01-A,Quelle est la définition correcte des troubles psychiatriques du sujet âgé selon l'OMS?,"La question évalue la compréhension de la définition et de l'extension des troubles psychiatriques du sujet âgé, en mettant en évidence le seuil d'âge et la diversité des troubles.","Elle inclut à la fois les troubles psychiatriques survenus à un âge plus jeune et évoluant avec le vieillissement, ainsi que ceux d'apparition tardive.",Correcte. Elle reflète la dualité des troubles mentionnée dans la définition (troubles précoces évolués et troubles d'apparition tardive).,Elle concerne uniquement les troubles psychiatriques d'apparition tardive après 70 ans.,"Incorrecte. La définition inclut les troubles à début précoces évolués, pas seulement ceux d'apparition tardive après 70 ans.",Elle se limite aux symptômes psycho-comportementaux des démences.,"Incorrecte. La définition englobe tous les troubles psychiatriques du sujet âgé, pas seulement les démences.",Elle définit les troubles psychiatriques comme exclusivement liés à l'âge supérieur à 60 ans.,"Incorrecte. Le seuil d'âge est fixé à 65 ans, pas à 60 ans.",a
204,OIC-070-07-B,Quelle est la spécificité du diagnostic différentiel chez le sujet âgé présentant des symptômes psychotiques?,"La question évalue la capacité à distinguer les causes neurodégénératives des troubles psychotiques, un piège courant étant de négliger les pathologies neurologiques.",Les pathologies neurodégénératives (ex. démence avec troubles psychotiques),Correcte. Les troubles neurodégénératifs comme la démence sont des causes fréquentes de symptômes psychotiques chez le sujet âgé.,"Les troubles métaboliques (ex. hypoglycémie, déséquilibres ioniques)","Incorrecte. Bien que possibles, les troubles métaboliques sont éliminés en priorité dans le diagnostic différentiel.",Les troubles induits par les substances psychoactives (ex. sevrage d'alcool),"Incorrecte. Les causes iatrogènes ou substances sont évoquées, mais non prioritaires dans le diagnostic différentiel.",Les troubles de l'humeur (ex. dépression avec psychoses),Incorrecte. Les troubles de l'humeur sont éliminés en priorité lors de manifestations psychotiques.,a
205,OIC-073-01-A,Quelle est la définition correcte de la psychothérapie selon le contenu éducatif?,"La question évalue la compréhension de la définition centrale de la psychothérapie, en distinguant ses applications à différents types de problèmes. Le piège courant est de limiter la définition à des troubles psychiatriques uniquement.",Utilisation de moyens psychologiques pour traiter des troubles psychiatriques ou d'autres problèmes non psychiatriques entraînant une détresse psychologique,Correcte. Cela correspond exactement à la définition donnée dans le contenu éducatif.,Méthode exclusive pour traiter les troubles psychiatriques par des techniques médicales,Incorrecte. Elle ignore les problèmes non psychiatriques et confond les approches médicales avec les méthodes psychologiques.,Traitement uniquement des troubles psychiatriques par des techniques physiques,Incorrecte. Elle mélange les domaines (psychologique vs. physique) et restreint la définition de manière erronée.,Support émotionnel sans intervention spécifique pour résoudre des problèmes,Incorrecte. Elle néglige l'aspect d'intervention active et la focalisation sur la détresse psychologique.,a
206,OIC-073-02-A,Quelle activité relève de la psychothérapie selon les critères définis?,La question évalue la capacité à distinguer la psychothérapie des pratiques similaires ou non validées. Le piège réside dans la confusion entre relation d'aide et approche scientifiquement validée.,"Une intervention basée sur une théorie scientifique reconnue, avec des techniques codifiées et des effets évaluables","Correcte. Cela correspond aux critères essentiels de la psychothérapie : validité scientifique, méthodologie structurée et évaluation des résultats.",Une relation d'aide empathique basée sur le respect et l'empathie,"Incorrecte. Bien que nécessaire, cette relation est un élément de la psychothérapie mais ne suffit pas à la définir sans cadre théorique et technique.",Un coaching personnalisé pour améliorer les compétences professionnelles,"Incorrecte. Le coaching relève d'une pratique non réglementée et non validée, contrairement à la psychothérapie.",Un soutien émotionnel fourni par des proches en situation de crise,Incorrecte. Ce soutien spontané n'a pas de cadre thérapeutique structuré ni d'approche scientifique validée.,a
207,OIC-073-03-B,Quels professionnels peuvent être titulaires du titre de psychothérapeute sans formation complémentaire?,Cette question évalue la compréhension des titres réglementés et des exigences de formation. Un piège courant est de confondre les professions automatiquement reconnues avec celles nécessitant des formations supplémentaires.,Le médecin psychiatre et le psychologue clinicien,Correcte. Ces professions sont automatiquement reconnues comme titulaires du titre de psychothérapeute selon le registre national.,Le médecin non-psychiatre et le psychologue non-clinicien,Incorrecte. Ces professionnels nécessitent une formation théorique en psychopathologie (>400h) et un stage pratique (>5 mois) pour être reconnus.,Le psychanalyste,Incorrecte. Le psychanalyste doit également suivre une formation théorique et pratique pour obtenir le titre de psychothérapeute.,Tous les professionnels mentionnés dans le contenu,Incorrecte. Seuls les médecins psychiatres et psychologues cliniciens sont automatiquement reconnus sans exigence supplémentaire.,a
208,OIC-073-04-A,Quel courant psychothérapeutique vise à aider les patients à gérer une maladie chronique en les formant à des compétences spécifiques?,Cette question évalue la compréhension des objectifs spécifiques de l'éducation thérapeutique. Un piège courant est de confondre cette approche avec la thérapie cognitivo-comportementale.,Thérapie cognitivo-comportementale,"Incorrect. La TCC se concentre sur les pensées et comportements dysfonctionnels, pas sur l'éducation aux maladies chroniques.",Psychothérapie psychanalytique,"Incorrect. La psychanalyse explore les conflits inconscients, pas les compétences de gestion des maladies.",Thérapies familiales/systémiques,"Incorrect. Ces thérapies analysent les dynamiques familiales, pas les compétences individuelles pour gérer des maladies.",Éducation thérapeutique,Correct. Cette approche vise explicitement à former les patients à gérer leur maladie chronique via des compétences adaptatives.,d
209,OIC-073-06-B,Quelle est une des principales finalités de la psychothérapie de soutien?,Cette question évalue la compréhension des objectifs principaux de la psychothérapie de soutien. Le piège courant est de confondre les objectifs secondaires avec le principal.,Accompagner un patient face à une situation de vie stressante,"Correcte. C'est l'objectif principal, car la psychothérapie de soutien vise à aider le patient à gérer des situations difficiles.",Permettre l’expression et le soulagement d’émotions douloureuses,"Incorrecte. Bien que pertinent, cette finalité est secondaire et s'appuie sur l'objectif principal d'accompagnement.",Favoriser le changement de perspective,"Incorrecte. Ce changement de perspective est une conséquence du soutien, non l'objectif principal.","Redonner espoir, renforcer le sentiment d’efficacité personnelle","Incorrecte. Cet objectif est lié à l'accompagnement, mais il s'agit d'un effet secondaire plutôt que d'une finalité directe.",a
210,OIC-073-08-B,Quelle est la base théorique principale de la remédiation cognitive?,Cette question évalue la compréhension des fondements théoriques de la remédiation cognitive. Un piège courant est de confondre cette approche avec d'autres thérapies comme la thérapie cognitivo-comportementale.,"Elle s'appuie sur la neurologie, la neuropsychologie et la thérapie cognitivo-comportementale (TCC)",Correcte. Le contenu indique clairement que la remédiation cognitive hérite de ces trois disciplines.,Elle vise principalement à renforcer les compétences sociales,"Incorrecte. La renforcement des compétences sociales est une application spécifique, pas la base théorique.",Elle se concentre sur la rééducation physique,Incorrecte. La rééducation physique relève d'un domaine distinct (médecine physique et réadaptation).,Elle est basée sur l'analyse des émotions,Incorrecte. L'analyse des émotions n'est pas un pilier théorique de cette approche.,a
211,OIC-073-09-B,Quelle psychothérapie est principalement indiquée pour tous les troubles psychiatriques selon l'HAS?,Cette question évalue la compréhension des indications principales des différentes techniques psychothérapeutiques. Le piège courant est de confondre les indications spécifiques avec les indications générales.,Thérapie cognitivo-comportementale,Correcte. La TCC est explicitement indiquée pour 'tous les troubles psychiatriques' dans le tableau.,Psychothérapie de soutien,"Incorrecte. Elle est indiquée pour 'la plupart des troubles psychiatriques et non psychiatriques', mais pas pour tous.",Psychothérapie psychodynamique,"Incorrecte. Elle est indiquée pour des troubles spécifiques comme les troubles anxieux ou de personnalité, pas pour tous les troubles psychiatriques.",Thérapies familiales/systémiques,"Incorrecte. Elle est indiquée pour des troubles associés à des facteurs familiaux, non pour tous les troubles psychiatriques.",a
212,OIC-074-02-B,Quelle est la prévalence des antidépresseurs chez les patients âgés de 75 ans et plus en France selon le baromètre santé?,La question évalue la capacité à identifier les données spécifiques à un groupe d'âge (75 ans et plus) dans un contexte d'épidémiologie des psychotropes. Un piège courant est de confondre les prévalences globales et les données par tranches d'âge.,8 %,"Cette valeur correspond à la prévalence globale des antidépresseurs, pas spécifiquement chez les patients âgés de 75 ans et plus.",18 %,"Cette réponse est correcte car elle correspond à la prévalence des antidépresseurs chez les patients âgés de 75 ans et plus, comme indiqué dans les données.",10 %,"Cette valeur correspond à la prévalence des anxiolytiques chez la population générale, pas des antidépresseurs.",6 %,"Cette valeur correspond à la prévalence des hypnotiques chez la population générale, pas des antidépresseurs.",b
213,OIC-074-03-A,Quelle molécule appartient aux antipsychotiques de première génération?,Cette question évalue la capacité à distinguer les antipsychotiques de première génération (typiques) des antipsychotiques de seconde génération (atypiques). Un piège courant est de confondre les molécules de seconde génération avec celles de première génération.,Chlorpromazine,"Correcte. La chlorpromazine est une molécule de première génération, caractérisée par une action forte sur les récepteurs D2 et un risque élevé de syndrome extrapyramidal.",Olanzapine,"Incorrecte. L'olanzapine est un antipsychotique de seconde génération, associé à un meilleur profil neurologique mais à un risque accru de troubles métaboliques.",Risperidone,"Incorrecte. La risperidone est un antipsychotique de seconde génération, souvent utilisée pour son équilibre entre efficacité et sécurité neurologique.",Quetiapine,"Incorrecte. La quetiapine appartient aux antipsychotiques de seconde génération, connue pour son effet sur les récepteurs D2 et 5-HT2A avec un profil de sécurité amélioré.",a
214,OIC-074-08-A,Quelle molécule appartient à la classe des inhibiteurs sélectifs de la recapture de la sérotonine (IRS)?,Cette question évalue la capacité à identifier les classes d'antidépresseurs et leurs exemples. Un piège courant est de confondre les IRS avec les IRSN (inhibiteurs de la recapture de la sérotonine et de la noradrénaline).,Fluoxétine,"Correcte. La fluoxétine est un exemple typique d'IRS, qui inhibe spécifiquement la recapture de la sérotonine.",Venlafaxine,"Incorrecte. La venlafaxine est un IRSN (inhibiteur de la recapture de la sérotonine et de la noradrénaline), non un IRS.",Mirtazapine,Incorrecte. La mirtazapine appartient à la catégorie « autres antidépresseurs » avec un mécanisme pharmacologique différent.,Amitriptyline,"Incorrecte. L'amitriptyline est un imipraminique, une classe de tricyclics, non un IRS.",a
215,OIC-074-12-A,Quelle est la classe chimique principale des anxiolytiques mentionnée dans le contenu?,"Cette question évalue la compréhension de la classification des anxiolytiques. Le piège courant est de confondre les sous-classes (azapirones, antihistaminiques) avec la classe principale.",Benzodiazépines,Correcte. Les benzodiazépines sont explicitement présentées comme la classe principale dans le contenu.,Azapirones,Incorrecte. Les azapirones sont une sous-classe spécifique d'anxiolytiques non benzodiazépiniques.,Antihistaminiques H1,"Incorrecte. Les antihistaminiques H1 sont une sous-catégorie d'anxiolytiques non benzodiazépiniques, non la classe principale.",Β-bloqueurs,"Incorrecte. Les β-bloqueurs (comme le propranolol) sont une catégorie spécifique utilisée pour des symptômes somatiques, non la classe principale.",a
216,OIC-074-13-A,Quelle est une contre-indication absolue aux benzodiazépines chez les patients âgés?,"Cette question évalue la capacité à distinguer les contre-indications absolues des contre-indications relatives, un point critique pour la prescription sécurisée chez les personnes âgées.",Hypersensibilité connue,"Correcte. L'hypersensibilité est une contre-indication absolue, indépendamment de l'âge du patient.",Insuffisance rénale,"Incorrecte. L'insuffisance rénale est une contre-indication relative, nécessitant une adaptation posologique.",Antécédent de troubles addictifs,"Incorrecte. Les antécédents d'addiction sont une contre-indication relative, non absolue.",Douleur neuropathique,"Incorrecte. La douleur neuropathique est une indication thérapeutique, non une contre-indication.",a
217,OIC-074-15-A,Quelle est la principale interaction médicamenteuse à éviter lors de la prescription des benzodiazépines?,Cette question évalue la compréhension des interactions médicamenteuses liées aux benzodiazépines. Un piège courant est de confondre les interactions avec les antihistaminiques H1 ou les effets secondaires généraux.,Potentiation des effets des autres dépresseurs du système nerveux central (SNC),"Correcte. Les benzodiazépines potentient les effets des autres dépresseurs du SNC, ce qui augmente le risque de somnolence, de confusion ou de dépendance.",Effets anticholinergiques cumulatifs,"Incorrecte. Les effets anticholinergiques sont principalement associés aux antihistaminiques H1, non aux benzodiazépines.",Réactions allergiques graves,"Incorrecte. Les réactions allergiques sont des effets indésirables possibles, mais non une interaction médicamenteuse spécifique aux benzodiazépines.",Allongement du QT cardiaque,"Incorrecte. Cet effet est lié aux antihistaminiques H1, pas aux benzodiazépines.",a
218,OIC-074-16-A,Quelle voie d'administration est privilégiée pour les benzodiazépines en cas de syndrome de sevrage sévère d'alcool?,Cette question évalue la compréhension des modalités spécifiques de prescription des anxiolytiques en situation d'urgence. Le piège courant est de confondre la voie habituelle (per os) avec celle adaptée aux cas graves.,Per os (PO),"Incorrect. La voie orale est habituelle, mais non privilégiée en cas de syndrome de sevrage sévère d'alcool où une absorption rapide est nécessaire.",Intramusculaire (IM),"Incorrect. La voie IM est déconseillée pour les benzodiazépines en raison d'une mauvaise biodisponibilité, sauf en cas d'agitation majeure avec des antipsychotiques.",Intraveineuse (IV),Correct. La voie IV permet une absorption rapide et efficace pour les cas graves comme le syndrome de sevrage sévère d'alcool.,Subcutanée (SC),Incorrect. La voie subcutanée n'est pas mentionnée dans le contenu et n'est pas privilégiée pour les benzodiazépines en situation d'urgence.,c
219,OIC-074-17-A,Quelle est la classe principale des hypnotiques mentionnée dans le texte?,"Cette question évalue la compréhension des classes principales des hypnotiques. Le piège réside dans la confusion entre les classes secondaires (antihistaminiques, antipsychotiques) et les principales (benzodiazépines, z-drugs).",Benzodiazépines et z-drugs,Correcte. Ces classes sont explicitement présentées comme les principales dans le texte.,Antihistaminiques,"Incorrecte. Les antihistaminiques sont mentionnés comme une classe secondaire, non principale.",Antipsychotiques à polarité sédative,"Incorrecte. Ces molécules sont classées comme une sous-catégorie, non comme la principale.",Alimémazine et zolpidem,"Incorrecte. Ces molécules sont des exemples spécifiques, non des classes principales.",a
220,OIC-074-19-A,Quelle est la durée maximale recommandée pour la prescription des hypnotiques selon les règles de bon usage?,Cette question évalue la compréhension des limites de durée pour la prescription des hypnotiques. Un piège courant est de confondre la durée spécifique du zolpidem (28 jours) avec la règle générale.,4 semaines,Correcte. La durée maximale recommandée pour les hypnotiques est de 4 semaines pour éviter la tolérance et le mésusage.,28 jours,"Incorrecte. Cette durée s'applique spécifiquement au zolpidem, pas aux hypnotiques en général.",6 semaines,Incorrecte. La durée maximale est strictement limitée à 4 semaines pour tous les hypnotiques.,3 semaines,"Incorrecte. La durée minimale recommandée est de quelques jours à quelques semaines, mais 3 semaines est trop courte pour certains cas.",a
221,OIC-074-21-A,"Quelle est la classe de thymorégulateurs qui inclut les molécules valproate de sodium, carbamazépine et lamotrigine?",Cette question évalue la compréhension des classes de thymorégulateurs. Le piège courant est de confondre les thymorégulateurs anticonvulsivants avec d'autres classes de psychotropes.,Sels de lithium,"Incorrect. Les sels de lithium sont une classe distincte de thymorégulateurs, mais ne comprennent pas les molécules citées.",Thymorégulateurs anticonvulsivants,"Correct. Les molécules valproate de sodium, carbamazépine et lamotrigine appartiennent à cette classe.",Antidépresseurs,"Incorrect. Les antidépresseurs sont une classe différente de psychotropes, non liée aux thymorégulateurs.",Antipsychotiques,"Incorrect. Les antipsychotiques agissent sur la schizophrénie, pas sur les épisodes thymiques.",b
222,OIC-074-23-B,Quels sont les effets indésirables principaux de la lamotrigine?,Cette question évalue la compréhension des effets indésirables spécifiques à un médicament. Le piège courant est de confondre les effets de différents thymorégulateurs.,"Confusion, somnolence, vertige, ataxie, céphalées",Correcte. Ces effets indésirables sont spécifiques à la lamotrigine et mentionnés dans le tableau.,"Hépatite médicamenteuse, cytopénies","Incorrecte. Ces effets sont associés à la carbamazépine et au valproate, pas à la lamotrigine.","Acné, psoriasis, syndrome de Lyell","Incorrecte. Ces effets sont liés à la lithium et à la carbamazépine, pas à la lamotrigine.","Prise de poids, hypothyroïdie, goitre","Incorrecte. Ces effets sont principalement liés à la lithium, pas à la lamotrigine.",a
223,OIC-074-24-A,Quels sont les deux principaux psychostimulants non amphétamines utilisés en thérapeutique en France?,Cette question évalue la compréhension des classes et molécules principales des psychostimulants en France. Un piège courant est de confondre les amphétamines avec les psychostimulants non amphétamines.,Amphétamine et dextroamphétamine,"Incorrect. Ces substances appartiennent à la classe des amphétamines, non aux psychostimulants non amphétamines mentionnés dans le contenu.",Méthylphénidate et modafinil,Correct. Ces deux molécules sont explicitement identifiées comme les principales psychostimulants non amphétamines en France.,Caféine et modafinil,"Incorrect. La caféine est un stimulant, mais elle n'est pas considérée comme une molécule principale des psychostimulants non amphétamines dans ce contexte.",Méthylphénidate et dextroamphétamine,"Incorrect. Le dextroamphétamine est une amphétamine, donc elle ne fait pas partie des psychostimulants non amphétamines mentionnés.",b
224,OIC-074-25-B,Quelle est une contre-indication absolue du méthylphénidate?,Cette question évalue la compréhension des contre-indications absolues des psychostimulants. Un piège courant est de confondre les indications avec les contre-indications.,Hypersensibilité,Correcte. L'hypersensibilité est une contre-indication absolue mentionnée explicitement dans la liste des principaux contre-indications.,Narcolepsie,"Incorrecte. La narcolepsie est une indication du modafinil, non du méthylphénidate.",Insuffisance cardiaque,"Incorrecte. L'insuffisance cardiaque est une contre-indication relative, pas absolue, et nécessite un ajustement posologique.",TDAH de l'enfant,"Incorrecte. Le TDAH de l'enfant est une indication claire du méthylphénidate, non une contre-indication.",a
225,OIC-074-26-B,Quel est le principal effet indésirable neurologique et psychique fréquent du méthylphénidate?,Cette question évalue la compréhension des effets indésirables principaux du méthylphénidate. Le piège réside dans la confusion entre les effets indésirables et les interactions médicamenteuses.,"Céphalées, tics, anxiété, tristesse de l'humeur, insomnie, symptômes psychotiques",Correcte. Ces effets neurologiques et psychiques sont explicitement mentionnés comme principaux pour le méthylphénidate.,"Tachycardie, palpitations, hypertension artérielle",Incorrecte. Ces effets cardiovasculaires sont fréquents mais ne constituent pas le principal effet neurologique/psychique.,Inactivation par les contraceptifs oraux et la ciclosporine,"Incorrecte. Cela correspond à des interactions médicamenteuses (IAM), non aux effets indésirables (EI).","Nausées, anorexie, sécheresse buccale",Incorrecte. Ces effets digestifs sont présents mais ne relèvent pas du principal profil neurologique/psychique.,a
226,OIC-075-02-A,Quel est le principal facteur responsable de la dépendance au tabac selon le contenu éducatif?,Cette question évalue la compréhension du rôle central de la nicotine dans la dépendance. Un piège courant est de confondre les conséquences (compliquations) ou les outils d'évaluation (test de Fagerström) avec la cause principale.,La nicotine,Correcte. La nicotine est explicitement identifiée comme le principal agent de dépendance dans le contenu.,Le mode de consommation,"Incorrecte. Le mode de consommation est un facteur de risque, mais non la cause principale de la dépendance.",Les complications physiques ou psychiques,"Incorrecte. Ces complications sont des conséquences de la dépendance, pas sa cause.",Le test de Fagerström,"Incorrecte. Ce test évalue la dépendance, mais ne constitue pas son origine.",a
227,OIC-075-03-B,Quelle est la composition principale de la cigarette électronique selon le contenu éducatif?,La question évalue la compréhension de la définition et du fonctionnement de la cigarette électronique. Le piège courant est de confondre les composants ou de croire à des effets indésirables non mentionnés.,"Un mélange de propylène-glycol, de nicotine, d'eau, d'arômes et de glycérol",Correcte. C'est la composition exacte mentionnée dans le contenu éducatif.,Un dispositif médical à usage unique,"Incorrecte. Le contenu indique que les cigarettes électroniques sont considérées comme des produits de consommation, non des dispositifs médicaux.",Un produit contenant uniquement de l'eau et de la nicotine,"Incorrecte. Le contenu précise que d'autres composants (propylène-glycol, arômes, glycérol) sont présents.",Un produit provoquant des intoxications graves,Incorrecte. Le contenu affirme qu'aucun cas d'intoxication n'a été rapporté.,a
228,OIC-075-04-B,Quel est le principal agent responsable de la dépendance au tabac?,"La question évalue la compréhension de la rôle spécifique de la nicotine dans la dépendance, un point clé souvent confondu avec ses effets toxiques secondaires.",La nicotine,Correcte. La nicotine est explicitement identifiée comme le principal agent de dépendance dans le contenu.,Les goudrons,"Incorrecte. Les goudrons sont des cancérigènes, mais leur rôle principal est de causer des lésions cellulaires, pas la dépendance.",Le monoxyde de carbone,"Incorrecte. Le CO affecte le système cardiovasculaire, mais ne provoque pas de dépendance.",Les radicaux libres,"Incorrecte. Les radicaux libres endommagent les alvéoles, mais ne sont pas liés à la dépendance.",a
229,OIC-075-06-A,Quel est le facteur de risque le plus important lié à l'intoxication tabagique?,"Cette question évalue la compréhension des facteurs de risque associés à l'intoxication tabagique. Le piège courant est de confondre les statistiques (taux de dépendance, mortalité) avec le facteur principal.",L'âge de début de la consommation (14 ans),"C'est une donnée factuelle, mais elle n'est pas le facteur de risque le plus important.","Le pourcentage de fumeurs (30,4%)","Ce chiffre reflète l'extension de la consommation, mais ne correspond pas au facteur de risque principal.",La mortalité mondiale liée au tabac (14 % des décès),"Ce taux illustre l'impact global, mais ne représente pas le facteur de risque le plus critique.",La durée de l'intoxication,"C'est le facteur de risque le plus important, car une augmentation de la durée multiplie le risque de cancer par 23.",d
230,OIC-075-07-B,Quelle est la tendance principale du tabagisme entre 2016 et 2018 selon les données présentées?,"Cette question évalue la compréhension de l'évolution globale du tabagisme, en évitant les détails secondaires comme les variations par âge ou le type de consommation. Un piège courant est de confondre la diminution globale avec les variations spécifiques.","Diminution de 12% du nombre de fumeurs (soit 1,6 million de fumeurs en moins)",Correcte. C'est la tendance principale mentionnée dans le contenu éducatif.,"Diminution légère du tabagisme global de 0,2% (31,8% en 2017 à 32% en 2018)",Incorrecte. Cette variation est minime et ne reflète pas la tendance majeure de 12% sur deux ans.,"Augmentation du tabagisme occasionnel de 1,7% (4,9% à 6,6%)","Incorrecte. Bien que vraie, cette évolution est un détail secondaire par rapport à la tendance globale.",Diminution des fumeurs femmes de moins de 55 ans,Incorrecte. Cette variation est spécifique à un groupe d'âge et ne représente pas la tendance générale.,a
231,OIC-075-08-A,Quelle est la proportion la plus élevée de fumeurs parmi les groupes mentionnés dans les données?,Cette question évalue la capacité à identifier la proportion la plus élevée de fumeurs entre les sexes et l'ensemble de la population. Un piège courant est de confondre la moyenne globale avec la proportion la plus élevée.,"Les hommes (34,6%)",Correcte. Les hommes ont une proportion de fumeurs plus élevée que les femmes et la moyenne globale.,"Les femmes (26,5%)",Incorrecte. Les femmes ont une proportion de fumeurs inférieure à celle des hommes et à la moyenne globale.,"La moyenne globale (30,4%)",Incorrecte. La moyenne globale est inférieure à la proportion des hommes.,Les adolescents (15-17 ans),"Incorrecte. Les données ne mentionnent pas les adolescents, mais uniquement les personnes âgées de 18 à 75 ans.",a
232,OIC-075-11-A,Quelle tendance est observée concernant le tabagisme global entre 2017 et 2018?,"La question évalue la compréhension des tendances globales du tabagisme, en distinguant les variations des sous-catégories (quotidien vs occasionnel). Le piège réside dans la confusion entre les données globales et les sous-catégories.",Une légère diminution du tabagisme global,"Correcte. Les données montrent une baisse de 31,8% à 32% entre 2017 et 2018.",Une augmentation du tabagisme quotidien,"Incorrecte. Le tabagisme quotidien a baissé de 26,9% à 25,4%.",Une diminution du tabagisme occasionnel,"Incorrecte. Le tabagisme occasionnel a augmenté de 4,9% à 6,6%.",Aucune variation du tabagisme global,"Incorrecte. Le taux global a légèrement diminué, malgré l'augmentation du tabagisme occasionnel.",a
233,OIC-075-12-A,Quel pourcentage des cancers globaux est attribuable au tabac?,Cette question évalue la compréhension de l'impact du tabac sur l'incidence des cancers. Un piège courant est de confondre les pourcentages liés aux cancers pulmonaires spécifiques et ceux globaux.,25 %,Correcte. Le contenu indique explicitement que le tabac est responsable de 25 % de l'ensemble des cancers.,80 %,"Incorrecte. Cette valeur correspond au pourcentage de décès par cancers broncho-pulmonaires liés au tabac, non à l'incidence globale des cancers.",26 %,"Incorrecte. Ce taux reflète l'augmentation du risque de cancer pulmonaire lié au tabagisme passif, non à l'impact du tabac sur tous les cancers.",50 %,"Incorrecte. Aucune donnée ne soutient ce pourcentage dans le contenu, ce qui le rend plausiblement faux.",a
234,OIC-075-13-A,Quelle est la première cause de décès évitable en France?,Cette question évalue la compréhension de la prédominance du tabac comme cause de mortalité évitable. Un piège courant est de confondre les maladies cardiovasculaires avec le tabac comme cause principale.,Tabac,Correcte. Le contenu indique clairement que le tabac est la première cause de décès évitable en France.,Maladies cardiovasculaires,"Incorrecte. Bien que le tabac soit la première cause de mortalité cardiovasculaire évitable, il s'agit d'une conséquence, non de la cause principale globale.",Alcool,Incorrecte. L'alcool n'est pas mentionné comme cause majeure de mortalité évitable dans le contenu.,Obésité,Incorrecte. L'obésité n'est pas explicitement identifiée comme première cause de décès évitable dans les données fournies.,a
235,OIC-075-15-A,Quel est l'impact principal du tabac sur la mortalité cardiovasculaire?,Cette question évalue la compréhension de l'importance du tabac comme cause évitable de mortalité cardiovasculaire. Un piège courant est de se concentrer sur des détails comme le monoxyde de carbone ou les maladies spécifiques.,Le tabac est la première cause de mortalité cardiovasculaire évitable.,Correcte. Le contenu établit clairement que le tabac est la première cause évitable de mortalité cardiovasculaire.,Le monoxyde de carbone est le principal responsable des troubles cardiovasculaires.,"Incorrecte. Bien que le CO soit un facteur, il n'est pas la cause principale globale de mortalité cardiovasculaire.",L'intoxication passive est la principale cause de cardiopathies ischémiques.,"Incorrecte. L'intoxication passive est mentionnée, mais pas comme la cause principale globale.",L'hypertension artérielle est la conséquence la plus fréquente du tabac.,"Incorrecte. L'hypertension est une conséquence, mais pas la cause principale de mortalité cardiovasculaire.",a
236,OIC-075-16-A,Quelle est la principale cause de la baisse du tabagisme entre 2017 et 2018?,Cette question évalue la compréhension des facteurs clés réduisant le tabagisme. Un piège courant est de confondre les mesures récentes avec des facteurs non mentionnés dans le texte.,"La hausse des prix, le paquet neutre et l’opération « Mois Sans Tabac »",Correcte. Ces trois éléments sont explicitement cités comme facteurs contribuant à la baisse du tabagisme.,L’augmentation de la disponibilité des cigarettes et les restrictions publicitaires,Incorrecte. La disponibilité et les restrictions publicitaires ne sont pas mentionnées dans le contenu éducatif.,Les campagnes de sensibilisation à la santé uniquement,"Incorrecte. Bien que pertinent, le texte souligne que les campagnes de santé ne sont pas le facteur principal cité.",Les subventions gouvernementales pour les produits du tabac,Incorrecte. Les subventions sont contraire à la tendance observée et ne sont pas évoquées dans le contenu.,a
237,OIC-075-18-B,Quelle affirmation reflète correctement la relation entre le revenu et le tabagisme quotidien en France selon les données de 2018?,La question évalue la compréhension des inégalités sociales liées au tabagisme. Le piège courant est de croire que les personnes aisées fument plus.,"Plus le revenu augmente, moins la prévalence du tabagisme quotidien est élevée.",Correcte. Les données montrent une corrélation inverse entre revenu et tabagisme.,Les personnes au chômage ont un taux de tabagisme quotidien plus faible que les autres.,Incorrecte. Les données indiquent un taux plus élevé chez les personnes au chômage.,Le tabagisme quotidien est identique dans toutes les catégories socio-professionnelles.,Incorrecte. Les données montrent des disparités significatives selon les revenus.,Le tabagisme quotidien est plus fréquent chez les personnes âgées que chez les jeunes.,Incorrecte. L'âge n'est pas abordé dans le contenu éducatif.,a
238,OIC-075-19-A,Quelle formule permet de calculer correctement les Pack-Years (PA) pour évaluer la consommation de tabac?,"Cette question évalue la compréhension de la méthode de calcul des Pack-Years, un indicateur clé pour évaluer la gravité du tabagisme. Le piège courant est de confondre multiplication et addition ou d'utiliser des unités incorrectes.",PA = (nombre de paquets/jour) × (nombre d'années d'intoxication),"Correcte : La formule utilise la multiplication des paquets par jour par le nombre d'années d'exposition, conformément à la description.",PA = (nombre de paquets/jour) + (nombre d'années d'intoxication),Incorrecte : L'addition est erronée ; la formule exige une multiplication pour refléter l'accumulation annuelle.,PA = (nombre de paquets/jour) × (nombre de mois d'intoxication),"Incorrecte : Les mois sont utilisés à la place des années, ce qui sous-estime la durée d'exposition.",PA = (nombre de paquets/jour) ÷ (nombre d'années d'intoxication),"Incorrecte : La division inverse la logique du calcul, qui doit pondérer la durée et la quantité.",a
239,OIC-075-21-A,Quel est un signe de sevrage en tabac selon le contenu?,Cette question évalue la capacité à identifier les symptômes du sevrage tabagique. Un piège courant est de confondre les symptômes avec d'autres troubles psychologiques.,Insomnie,Correcte. L'insomnie est explicitement mentionnée comme un signe de sevrage.,Perte d'appétit,"Incorrecte. Le contenu indique une augmentation de l'appétit, pas une perte.",Fatigue,"Incorrecte. Bien que fréquent, la fatigue n'est pas explicitement listée comme signe de sevrage.",Sourire constant,Incorrecte. Ce comportement n'est pas lié au sevrage tabagique.,a
240,OIC-075-22-A,Quelle est la principale catégorie de complications médicales liées à l'addiction au tabac selon le contenu?,"Cette question évalue la compréhension des complications les plus significatives. Le piège réside dans la confusion entre les catégories secondaires (cardiovasculaires, dermatologiques) et la principale.",Complications néoplasiques et pulmonaires,"Correcte. Les cancers (25 % des cancers) et les maladies pulmonaires (BPCO, emphysème) sont les complications les plus graves et fréquentes.",Complications cardiovasculaires,"Incorrecte. Bien que importantes, les complications cardiovasculaires sont secondaires par rapport aux néoplasies et aux affections pulmonaires.",Complications dermatologiques,Incorrecte. Les troubles cutanés sont des effets mineurs comparés aux risques vitaux liés aux cancers et aux maladies pulmonaires.,Complications gynéco-obstétriques,Incorrecte. Ces complications touchent spécifiquement les femmes et sont moins généralisées que les néoplasies ou les affections pulmonaires.,a
241,OIC-075-25-A,Quel est l'objectif principal du Programme national de réduction du tabagisme 2014-2019 (PNRT)?,Cette question évalue la compréhension des objectifs spécifiques des programmes de prévention du tabagisme. Le piège courant est de confondre les mesures de prévention primaire (ex. interdiction de la publicité) avec les objectifs globaux des programmes.,"Réduire le taux de fumeurs en France, visant à ce que les enfants nés après 2014 deviennent la première génération non-fumeuse","Correcte. C'est l'objectif principal du PNRT, explicitement mentionné dans le contenu éducatif.",Interdire toute publicité liée au tabac,"Incorrecte. C'est une mesure de prévention primaire, non l'objectif principal du PNRT.",Protéger les enfants contre l'exposition au tabagisme passif,"Incorrecte. C'est une mesure de prévention primaire, non l'objectif principal du PNRT.",Augmenter les prix des produits du tabac,"Incorrecte. C'est une mesure de prévention primaire, non l'objectif principal du PNRT.",a
242,OIC-075-26-A,Quel traitement pharmacologique est considéré comme une première intention dans la prise en charge de la dépendance au tabac?,"Cette question évalue la compréhension des priorités des traitements pharmacologiques. Le piège courant est de confondre les ordres de prescription (première, seconde, dernière intention).",Varénicline (Champix®),"Incorrect. La varénicline est un traitement de seconde intention, utilisé après les substituants nicotiniques.",Thérapie cognitivo-comportementale (TCC),"Incorrect. La TCC est un traitement non pharmacologique, non classé comme première intention.",Patch transdermique nicotinique,Correct. Les substituants nicotiniques (comme les patchs) sont les premiers traitements recommandés pour la dépendance au tabac.,Bupropion (Zyban®),"Incorrect. Le bupropion est un traitement de dernière intention, utilisé en cas d'échec des autres approches.",c
243,OIC-075-27-A,Quelle affirmation décrit correctement le Tabac Info Service?,La question évalue la connaissance des outils institutionnels pour l'accompagnement au tabac. Le piège réside dans la confusion entre les numéros de téléphone et les sites web.,Le Tabac Info Service propose un accompagnement personnalisé via le 3989 et le site www.tabac-info-service.fr,Correcte. Cite à la fois le numéro et le site web mentionnés dans le contenu éducatif.,Le Tabac Info Service propose un accompagnement personnalisé via le 3988 et le site www.tabac-info.fr,Incorrecte. Le numéro correct est 3989 et le site est www.tabac-info-service.fr (pas.fr).,Le Tabac Info Service est uniquement destiné à l'arrêt du tabac et ne propose pas de suivi téléphonique,Incorrecte. Le service inclut un accompagnement téléphonique personnalisé ('coaching'),Le Tabac Info Service propose un accompagnement personnalisé via le 3989 et le site www.sante.fr,Incorrecte. Le site correct est www.tabac-info-service.fr et non www.sante.fr,a
244,OIC-075-30-B,Quelle est la recommandation principale concernant la prise en charge à long terme de l'addiction au tabac?,"Cette question évalue la compréhension de l'idée centrale : les rechutes sont fréquentes, donc l'arrêt du tabac doit être proposé systématiquement. Un piège courant est de sous-estimer la fréquence des rechutes.","Les rechutes sont rares, donc il est préférable de ne pas proposer systématiquement l'arrêt du tabac.","Incorrect. Le contenu indique que les rechutes sont la règle, donc l'arrêt doit être systématiquement proposé.",Le suivi régulier n'a pas d'impact sur la réussite du sevrage.,Incorrect. Le contenu souligne que la qualité et la fréquence du suivi améliorent les chances de réussite.,La rechute doit être dédramatisée et considérée comme un échec total.,"Incorrect. Le contenu précise que la rechute doit être dédramatisée, mais pas vue comme un échec absolu.","Les rechutes sont la règle, donc il est systématique de proposer l'arrêt du tabac.","Correct. Le contenu affirme explicitement que les rechutes sont la norme, justifiant la proposition systématique de l'arrêt.",d
245,OIC-076-01-A,Quelle est la deuxième cause de mortalité évitable en France selon les données BEH 2019?,Cette question évalue la compréhension de la hiérarchie des causes de mortalité évitable. Le piège courant est de confondre l'ordre des causes avec les données les plus connues (comme les accidents de la route).,Tabac,"Incorrect. Le tabac est la première cause de mortalité évitable, non la deuxième.",Alcool,Correct. L'alcool est explicitement mentionné comme la deuxième cause de mortalité évitable après le tabac.,Accidents de la route,"Incorrect. Bien que fréquent, les accidents de la route ne sont pas cités comme cause évitable dans les données BEH 2019.",Cancer,"Incorrect. Le cancer est une cause importante, mais il n'est pas spécifiquement mentionné comme deuxième cause évitable dans le contenu.",b
246,OIC-076-03-A,Quelle affirmation décrit correctement la relation entre la dépendance (CIM 11) et le trouble de l’usage d’alcool (DSM-5)?,"Cette question évalue la compréhension des classifications CIM-11 et DSM-5. Un piège courant est de confondre les niveaux de sévérité (léger, modéré, sévère) entre les deux systèmes.","La dépendance (CIM 11) correspond au trouble de l’usage d’alcool (DSM-5) léger, modéré et sévère.","Incorrect. La CIM-11 ne couvre que les troubles modérés et sévères, pas le léger.",Le trouble de l’usage d’alcool (DSM-5) léger correspond à la dépendance (CIM 11).,"Incorrect. Le DSM-5 inclut le trouble léger, qui n’est pas reconnu par la CIM-11.",La dépendance (CIM 11) correspond au trouble de l’usage d’alcool (DSM-5) modéré et sévère.,Correct. La CIM-11 correspond aux troubles modérés et sévères du DSM-5.,Les deux classifications (CIM 11 et DSM-5) sont identiques.,Incorrect. Les deux systèmes partagent des critères mais ne sont pas entièrement équivalents.,c
247,OIC-076-05-A,Quelle est la différence principale entre l'usage nocif et la dépendance selon les critères de la CIM 11?,La question évalue la compréhension de la distinction entre deux diagnostics mutuellement exclusifs. Le piège courant est de confondre les critères d'usage nocif et de dépendance.,L'usage nocif nécessite au moins trois critères de dépendance,"Incorrect. L'usage nocif ne requiert pas de critères de dépendance, mais des dommages physiques ou psychiques.",La dépendance nécessite au moins trois critères parmi six manifestations spécifiques,"Correct. La dépendance est diagnostiquée avec trois critères parmi six manifestations (craving, contrôle, sevrage, tolérance, etc.).",L'usage nocif et la dépendance peuvent coexister,Incorrect. Les deux diagnostics s'excluent mutuellement par convention.,La dépendance est diagnostiquée uniquement en cas de dommages physiques,"Incorrect. La dépendance nécessite trois critères spécifiques, pas seulement des dommages physiques.",b
248,OIC-076-07-A,Quels sont les signes principaux du syndrome de sevrage à l'alcool?,"Cette question évalue la capacité à identifier les symptômes clés du syndrome de sevrage à l'alcool. Un piège courant est de confondre les symptômes du delirium tremens (confusion, hallucinations) avec ceux du syndrome de sevrage non compliqué.","Tremblements, sueurs, anxiété et vomissements",Correcte. Ces symptômes figurent explicitement dans la description des signes du syndrome de sevrage non compliqué.,"Confusion, hallucinations et agitation","Incorrecte. Ces symptômes correspondent au delirium tremens, une complication grave du sevrage, non aux signes initiaux.","Insomnie, tachycardie et hypertension","Incorrecte. Ces signes sont présents mais décrits comme des « autres signes » secondaires, non comme les principaux.","Agitation, fièvre et diarrhée","Incorrecte. La diarrhée n'est pas mentionnée comme un signe principal, et la fièvre est associée au delirium tremens.",a
249,OIC-076-08-A,Quel est le premier élément à rechercher lors du diagnostic d'une intoxication alcoolique aiguë avec coma éthylique?,Cette question évalue la capacité à identifier les priorités diagnostiques dans une situation d'urgence. Le piège courant est de négliger les troubles métaboliques associés.,Hypoglycémie,Correcte. L'hypoglycémie est un diagnostic différentiel essentiel à exclure en cas d'intoxication alcoolique aiguë.,Hyponatrémie,"Incorrecte. Bien que mentionnée, l'hyponatrémie est un élément secondaire par rapport à l'hypoglycémie dans la priorité diagnostique.",Acidocétose alcoolique,Incorrecte. L'acidocétose est une complication possible mais moins immédiate que l'hypoglycémie dans le contexte d'une intoxication aiguë.,Traumatisme crânien,"Incorrecte. Le traumatisme crânien est un diagnostic différentiel, mais non prioritaire en l'absence de signes neurologiques spécifiques.",a
250,OIC-076-09-A,Quelle est la distinction principale entre les troubles psychiatriques primaires et secondaires associés au mésusage d’alcool?,Cette question évalue la compréhension de la distinction entre troubles existant avant le mésusage (primaires) et ceux apparus en raison de la consommation (secondaires). Un piège courant est de confondre l'ordre chronologique.,"Les troubles primaires précèdent le mésusage d’alcool, tandis que les secondaires apparaissent en raison de la consommation.",Correcte. Elle reflète exactement la définition donnée dans le contenu éducatif.,"Les troubles secondaires précèdent le mésusage d’alcool, tandis que les primaires apparaissent en raison de la consommation.",Incorrecte. Inverse la relation chronologique entre troubles primaires et secondaires.,"Les troubles primaires sont liés à l’addiction au tabac, tandis que les secondaires sont liés à la schizophrénie.","Incorrecte. Mélange des associations mentionnées (tabac et schizophrénie sont des exemples, mais ne définissent pas la distinction entre primaires et secondaires).",Les troubles secondaires sont toujours associés à des addictions comportementales comme le jeu pathologique.,"Incorrecte. Les addictions comportementales sont des associations fréquentes, mais ne définissent pas la distinction entre troubles primaires et secondaires.",a
251,OIC-076-10-A,Quelle est la principale complication sociale du mésusage d’alcool selon le contenu?,La question évalue la capacité à identifier les conséquences sociales liées à l’alcool. Un piège courant est de confondre les complications sanitaires avec les aspects sociaux.,"Complications familiales, professionnelles, financières et judiciaires",Correcte : les quatre catégories sont explicitement mentionnées dans le contenu.,Problèmes de santé mentale et dépendance physique,"Incorrecte : les troubles mentaux sont des conséquences indirectes, pas des complications sociales principales.",Retraitements médicaux et isolement social,"Incorrecte : l’isolement est une conséquence, mais non une catégorie principale de complication sociale.",Complications liées à la consommation de drogues associées,Incorrecte : le contenu ne mentionne pas les drogues associées comme facteur principal.,a
252,OIC-076-11-A,Quel marqueur biologique est le plus adapté pour le suivi addictologique (repérage des rechutes)?,La question évalue la compréhension des caractéristiques des marqueurs biologiques en addictologie. Le piège réside dans la confusion entre sensibilité et spécificité des tests.,Alcoolémie,Incorrect. L'alcoolémie est utile aux urgences mais ne permet pas un suivi à long terme en addictologie.,GGT (Gamma GT),Incorrect. La GGT présente une spécificité faible et se normalise rapidement après l'arrêt de la consommation.,Transferrine désialylée (CDT),"Correct. La CDT est très spécifique et se normalise en quelques semaines après l'arrêt, idéale pour le suivi addictologique.",Volume globulaire moyen (VGM),Incorrect. Le VGM se normalise lentement (3 mois) et est moins sensible que la CDT.,c
253,OIC-076-14-B,Quelle est la description correcte du Repérage Précoce et Intervention Brève (RPIB)?,Cette question évalue la compréhension des composantes essentielles du RPIB. Un piège courant est de confondre l'intervention brève avec des traitements prolongés ou des approches non individualisées.,Dépistage systématique d'un mésusage d'alcool et intervention brève en cas de mésusage sans dépendance,Correcte. C'est la définition exacte du RPIB selon le contenu éducatif.,Traitement prolongé en groupe pour les dépendants alcooliques,"Incorrecte. Le RPIB ne vise pas les dépendances et est individualisé, non en groupe.",Évaluation des risques juridiques liés à la consommation d'alcool,"Incorrecte. Le RPIB se concentre sur les risques sanitaires, non juridiques.",Orientation vers des structures spécialisées sans discussion des avantages de la réduction,Incorrecte. L'échange sur les avantages de la réduction est un élément clé de l'intervention brève.,a
254,OIC-076-15-A,Quelle est la principale caractéristique de la prise en charge de l'addiction à l'alcool selon le contenu?,La question évalue la compréhension de l'approche globale et pluridisciplinaire de la prise en charge. Un piège courant est de négliger l'aspect bio-psycho-social ou de réduire la prise en charge à une seule discipline.,"Une approche globale, bio-psycho-sociale et pluridisciplinaire",Correcte. Le contenu souligne explicitement que la prise en charge doit être globale et impliquer plusieurs disciplines.,Une approche uniquement médicale et centrée sur l'abstinence,"Incorrecte. Le contenu mentionne des dimensions psychologiques, sociales et des comorbidités, pas seulement une approche médicale.",Une approche psychologique et sociale sans prise en charge médicale,Incorrecte. Le contenu insiste sur l'importance des aspects biologiques et des soins médicaux spécialisés.,Une approche centrée sur l'autonomie du patient sans équipe pluridisciplinaire,Incorrecte. Le contenu précise que l'équipe pluridisciplinaire est essentielle pour aborder toutes les dimensions de la problématique.,a
255,OIC-076-17-B,Quelle est la principale indication pour un sevrage hospitalier d’alcool?,Cette question évalue la compréhension des critères cliniques justifiant une prise en charge hospitalière. Un piège courant est de confondre les signes légers de sevrage avec des contre-indications absolues.,Antécédents d’accident de sevrage et dépendance sévère,Correcte. Ces critères sont explicitement mentionnés comme justifiant une hospitalisation dans le contenu.,Tremblements légers et envie temporaire d’arrêter,"Incorrecte. Les tremblements légers ne constituent pas une indication hospitalière, et l’envie temporaire peut être gérée en ambulatoire.",Consommation occasionnelle d’alcool sans dépendance,"Incorrecte. La consommation occasionnelle ne justifie pas de sevrage, qu’il soit ambulatoire ou hospitalier.",Présence de symptômes de sevrage modérés sans comorbidité,"Incorrecte. Les symptômes modérés peuvent être traités en ambulatoire, sauf en cas de comorbidité sévère ou de contre-indication.",a
256,OIC-076-18-B,Quelle est la prise en charge correcte du delirium tremens?,"La question évalue la compréhension des protocoles de traitement du delirium tremens, en mettant en évidence le rôle des benzodiazépines à demi-vie longue, de la vitamine B1 et de l'hydratation. Le piège courant est de confondre les traitements entre delirium tremens et crise convulsive.","Benzodiazépines à demi-vie longue à forte dose, vitamine B1 parentérale et hydratation adaptée","Correcte. C'est le protocole standardisé pour le delirium tremens, incluant les benzodiazépines longues, la vitamine B1 et l'hydratation.","Benzodiazépines à demi-vie courte à faible dose, sans vitamine B1","Incorrecte. Les benzodiazépines à demi-vie courte ne sont pas adaptées pour le delirium tremens, et la vitamine B1 est essentielle pour prévenir l'encéphalopathie.",Anticonvulsifs à long cours sans surveillance hydroélectrolytique,"Incorrecte. Les anticonvulsifs long cours ne sont pas recommandés en première ligne, et la surveillance hydroélectrolytique est cruciale.",Perfusion de glucose avant la vitamine B1,Incorrecte. La vitamine B1 doit être administrée avant toute perfusion de glucose pour éviter l'aggravation de l'encéphalopathie.,a
257,OIC-076-19-B,Quel est le principal objectif des groupes d’entraide en addictologie?,"Cette question évalue la compréhension du rôle des groupes d’entraide, en mettant en évidence le piège de confondre leur objectif avec celui des structures de soins médicaux.",Lutter contre l’isolement,Correcte. Le texte précise que le principal objectif des groupes d’entraide est de combattre l’isolement via le soutien mutuel et le lien social.,Fournir un traitement médical,"Incorrecte. Les groupes d’entraide ne sont pas des structures médicales, mais des associations basées sur le soutien entre pairs.",Offrir un accompagnement professionnel,Incorrecte. L’accompagnement professionnel relève des structures comme les CSAPA ou les consultations hospitalières d’addictologie.,Surveiller la consommation de substances,"Incorrecte. La surveillance des consommations n’est pas l’objectif principal des groupes d’entraide, mais plutôt une fonction des structures de soins.",a
258,OIC-076-20-B,Quels médicaments sont utilisés pour le maintien de l'abstinence après un sevrage alcoolique?,Cette question évalue la capacité à distinguer les médicaments selon leur indication (réduction de la consommation vs. prévention des rechutes). Un piège courant est de confondre les traitements pour la diminution de la consommation avec ceux pour l'abstinence.,"Acamprosate, naltrexone, disulfiram, baclofène",Correcte. Ces médicaments sont spécifiquement mentionnés comme utilisés pour le maintien de l'abstinence après un sevrage.,"Nalméfène, baclofène","Incorrecte. Ces médicaments sont indiqués pour la réduction de la consommation, non pour l'abstinence prolongée.","Nalméfène, acamprosate, disulfiram","Incorrecte. Nalméfène est utilisé pour la réduction de la consommation, pas pour l'abstinence. Acamprosate et disulfiram sont corrects, mais la combinaison est erronée.","Baclofène, gabapentine","Incorrecte. Gabapentine n'est pas mentionnée dans le contenu éducatif et baclofène est associé à la réduction de la consommation, non exclusivement à l'abstinence.",a
259,OIC-082-01-A,Comment déterminer si un trouble visuel est mono- ou binoculaire?,La question évalue la compréhension de la méthode d'occlusion pour identifier la nature du trouble visuel. Un piège courant est de confondre l'anamnèse avec l'examen clinique.,En occultant l'un des yeux et en observant si le trouble persiste ou disparaît,Correcte. L'occlusion permet de distinguer la nature mono- ou binoculaire du trouble visuel.,En mesurant l'acuité visuelle avec et sans correction optique,"Incorrecte. Bien que pertinent, la mesure de l'acuité visuelle ne permet pas de déterminer la nature mono- ou binoculaire du trouble.",En évaluant la latéralité du trouble visuel,"Incorrecte. La latéralité est une information complémentaire, mais non déterminante pour classer le trouble comme mono- ou binoculaire.",En examinant le champ visuel avec un test de perimétrie,"Incorrecte. La perimétrie est une méthode d'exploration différente, non utilisée pour déterminer la nature mono- ou binoculaire du trouble.",a
260,OIC-082-02-A,Quelle est la principale préoccupation diagnostique devant une amaurose fugace?,Cette question évalue la compréhension de l'urgence diagnostique liée à l'amaurose fugace et de ses complications potentielles. Un piège courant est de confondre cette pathologie avec d'autres causes aiguës de cécité.,Le risque d'occlusion artérielle rétinienne constituée ou d'AVC ischémique,Correcte. Le texte souligne que l'amaurose fugace est une urgence diagnostique en raison du risque de complications graves comme l'occlusion artérielle rétinienne ou un AVC ischémique.,La survenue d'une neurite optique aiguë,"Incorrecte. Bien que la neurite optique puisse causer une perte de vision, elle est une cause différentielle mais non la principale préoccupation dans ce contexte.",L'apparition d'une migraine avec aura,"Incorrecte. La migraine avec aura peut provoquer des troubles visuels transitoires, mais elle n'est pas liée à l'urgence diagnostique décrite dans le texte.",La progression d'une glaucome aigu,"Incorrecte. Le glaucome aigu est une urgence oculaire, mais il se caractérise par une douleur oculaire et une altération progressive de la vision, contrairement à l'amaurose fugace.",a
261,OIC-082-04-A,Quelle est la réponse normale au réflexe photomoteur direct et consensuel lorsqu'on éclaire l'œil droit?,Cette question évalue la compréhension des réflexes oculaires normaux. Le piège courant est de confondre les réflexes directs et consensuels.,"Le droit se contracte, le gauche se contracte",Correcte. Le réflexe direct (œil éclairé) et consensuel (œil non éclairé) se manifestent par une contraction des paupières.,"Le droit se contracte, le gauche reste immobile","Incorrecte. Le réflexe consensuel implique une contraction du côté non éclairé, pas une immobilité.","Le droit reste immobile, le gauche se contracte","Incorrecte. Le réflexe direct concerne l'œil éclairé, pas l'œil non éclairé.",Les deux yeux restent immobiles,"Incorrecte. Le réflexe photomoteur est une réponse normale à la lumière, pas une absence de réaction.",a
262,OIC-082-06-A,Quelle est la cause d'atteinte du nerf optique nécessitant une prise en charge urgente par corticothérapie?,Cette question évalue la capacité à identifier la cause d'atteinte du nerf optique exigeant une intervention immédiate. Un piège courant est de confondre la fréquence d'une cause avec son urgence thérapeutique.,Arteriosclérose,"C'est la cause la plus fréquente des NOIA, mais elle ne nécessite pas de corticothérapie urgente.",Maladie de Horton (artérite gigantocellulaire),Correcte. Elle exige une corticothérapie immédiate pour éviter la cécité bilatérale et définitive.,Névrite optique rétro-bulbaire,"Inflammatoire, mais la corticothérapie n'est pas systématiquement urgente sans signes de maladie de Horton.",Tumeur intra-orbitaire,"Cause d'atteinte du nerf optique, mais la prise en charge urgente dépend du contexte clinique spécifique.",b
263,OIC-082-07-A,Quelle est la conduite à tenir devant une baisse de vision brutale avec œil blanc et fond d'œil non visible?,Cette question évalue la compréhension de la relation entre l'examen du fond d'œil et la prise en charge urgente. Le piège réside dans la confusion entre les différents types d'hémorragies et leurs implications cliniques.,Effectuer une échographie B pour éliminer un décollement de la rétine,Correcte. L'échographie B est indiquée lorsque le fond d'œil n'est pas visible pour détecter un décollement de la rétine.,Hospitaliser en urgence en unité neurovasculaire,"Incorrecte. Cela correspond à une occlusion de l'artère centrale de la rétine, une situation distincte où le fond d'œil est visible et anormal.",Initier un traitement par injections d'anti-VEGF,"Incorrecte. Cela concerne une DMLA compliquée, une pathologie où le fond d'œil est visible et anormal, non masqué.",Prévoir une intervention chirurgicale immédiate pour décollement de la rétine,"Incorrecte. Le décollement de la rétine est une semi-urgence, mais l'absence de visibilité du fond d'œil rend cette option inadaptée.",a
264,OIC-082-09-B,Quelle est la principale différence de prise en charge entre l'occlusion de l'artère centrale de la rétine (OACR) et l'occlusion de la veine centrale de la rétine (OVCR)?,Cette question évalue la compréhension des principes de traitement spécifiques à chaque affection. Le piège réside dans la confusion entre les approches thérapeutiques des deux pathologies.,Utilisation de l'anti-VEGF pour traiter l'œdème maculaire dans l'OACR,"Incorrect. L'anti-VEGF est indiqué pour l'œdème maculaire cystoide (OMC) dans l'OVCR, pas dans l'OACR. L'OACR nécessite un traitement urgent par thrombolyse ou vasodilatation.",Application de la panphotocoagulation rétinienne (PPR) dès l'apparition de l'ischémie dans l'OACR,"Incorrect. La PPR est réservée aux formes ischémiques de l'OVCR. L'OACR est traité par des anticoagulants et antiagrégants, sans PPR.",Utilisation de l'anti-VEGF pour traiter l'œdème maculaire cystoide (OMC) dans l'OVCR,"Correct. L'anti-VEGF est un traitement standard pour l'OMC dans l'OVCR, en complément de la surveillance angiographique et de la prévention des néovascularisations.",Administration d'anticoagulants systémiques pour toutes les formes d'OVCR,"Incorrect. Les anticoagulants sont utilisés uniquement pour les OVCR jeunes ou bilatéraux avec anomalies de la coagulation, pas pour toutes les formes.",c
265,OIC-082-13-B,Quelle est la caractéristique visuelle de l'œdème papillaire sur la photographie?,Cette question évalue la capacité à identifier les signes cliniques de l'œdème papillaire à partir d'une image. Un piège courant est de confondre l'œdème avec une papille normale.,La papille apparaît floue et sans bord net,Correcte. L'œdème papillaire provoque une altération de la clarté et de la définition de la papille.,La papille est nettement délimitée et bien visible,"Incorrecte. Une papille normale est à bords nets, contrairement à celle souffrant d'œdème.",La papille est normale et sans altération,Incorrecte. L'œdème papillaire est une altération visuelle spécifique qui modifie l'apparence de la papille.,La papille est élargie mais sans flou,"Incorrecte. L'œdème papillaire se traduit par un flou et une altération de la forme, non simplement une dilatation.",a
266,OIC-082-14-B,Quel type de défaut du champ visuel est représenté dans l'image?,Cette question évalue la capacité à identifier un défaut du champ visuel spécifique. Le piège courant est de confondre l'hémianopsie latérale homonyme avec la bitemporale.,Hémianopsie latérale homonyme,"Correcte. L'image montre une perte de vision latérale homonyme (gauche ou droite), typique d'une lésion du tronc cérébral.",Hémianopsie bitemporale,"Incorrecte. La bitemporale correspond à une perte des bords temporaux des deux yeux, souvent liée à une lésion hypothalamique.",Quadrantanopsie,"Incorrecte. La quadrantanopsie implique une perte d'un quadrant du champ visuel, contrairement à la perte latérale homonyme.",Scotome central,"Incorrecte. Un scotome central correspond à une perte de vision centrale, non à une perte latérale homonyme.",a
267,OIC-082-15-A,Quel est le rôle principal de l'examen du fond d'œil dans le diagnostic d'un décollement de rétine?,Cette question évalue la compréhension du rôle de l'examen clinique dans le diagnostic du décollement de rétine. Un piège courant est de confondre l'examen du fond d'œil avec d'autres méthodes diagnostiques comme l'angiographie ou les tests visuels.,"Identifier la rétine en relief, mobile et les déchirures causales","Correcte. L'examen du fond d'œil permet de visualiser les caractéristiques typiques du décollement (rétine mobile, plis) et de détecter les déchirures, essentielles pour le diagnostic.",Utiliser l'angiographie fluoresceinique pour évaluer la perfusion,Incorrecte. L'angiographie n'est pas mentionnée dans le contenu et relève d'une méthode complémentaire non abordée ici.,Évaluer la perte de champ visuel périphérique par test de champ visuel,"Incorrecte. La perte de champ visuel est un signe clinique, non une méthode d'examen du fond d'œil.",Analyser le taux de glucose sanguin pour éliminer une cause métabolique,Incorrecte. L'analyse du glucose n'est pas liée à la pathologie du décollement de rétine.,a
268,OIC-082-17-B,Quel est le signe clinique principal d'une hémorragie intravitréenne?,La question évalue la capacité à identifier les signes spécifiques d'une hémorragie intravitréenne. Le piège réside dans la confusion entre les signes (comme la « pluie de suie ») et les causes (comme la rétinopathie diabétique).,Baisse d'acuité visuelle,"C'est un signe possible, mais non spécifique. La baisse d'acuité varie selon la gravité de l'hémorragie et n'est pas le signe principal mentionné dans le texte.",Impression de « pluie de suie »,Correcte. Cette manifestation est explicitement décrite comme un signe précoces d'hémorragie intravitréenne dans le contenu éducatif.,Déchirure rétinienne,"C'est une cause possible, non un signe. Elle peut entraîner une hémorragie, mais ne correspond pas directement au signe clinique demandé.",Rétinopathie diabétique proliférante,"C'est une cause fréquente, non un signe. Elle est associée à l'hémorragie mais ne représente pas un symptôme clinique.",b
269,OIC-086-01-A,Quelle est la complication principale de l'ectropion?,Cette question évalue la compréhension des complications de l'ectropion. Le piège courant est de confondre les complications avec d'autres pathologies oculaires.,"Exposition cornéenne, larmoiement et insuffisance d’occlusion palpébrale",Correcte. Ces complications sont explicitement mentionnées dans le contenu éducatif.,Conjunctivite et rougeur,"Incorrecte. La conjunctivite est une inflammation, non une complication directe de l'ectropion.",Ptose et rétraction de la paupière,"Incorrecte. La ptose est une pathologie distincte, et la rétraction est une cause, non une complication.",Infection et sécheresse oculaire,Incorrecte. L'infection et la sécheresse ne sont pas explicitement liées aux complications de l'ectropion.,a
270,OIC-086-03-A,Quelle est la principale différence entre le ptosis et le dermachalasis?,La question évalue la capacité à distinguer les deux pathologies en se concentrant sur la position du bord libre de la paupière supérieure. Un piège courant est de confondre le recouvrement cutané avec la position anormale du bord de la paupière.,"Le ptosis est une position trop basse du bord libre de la paupière supérieure, alors que le dermachalasis est un excès de peau.",Correcte. Cette option identifie clairement la différence fondamentale entre les deux pathologies : la position du bord de la paupière vs. l'excès de peau.,"Le dermachalasis est une position trop basse du bord libre de la paupière supérieure, alors que le ptosis est un excès de peau.","Incorrecte. Inverse les deux pathologies. Le dermachalasis ne concerne pas la position du bord de la paupière, mais l'excès de peau.","Le ptosis est un recouvrement de la cornée de 1 à 2 mm, alors que le dermachalasis est un recouvrement de l'axe visuel.","Incorrecte. Cette description correspond à la norme physiologique du ptosis, pas à la différence avec le dermachalasis.","Le dermachalasis est un recouvrement de l'axe visuel causé par un excès de peau, alors que le ptosis est un recouvrement de la cornée.","Incorrecte. Mélange les caractéristiques des deux pathologies. Le ptosis ne recouvre pas la cornée, mais le dermachalasis peut le faire.",a
271,OIC-086-08-A,Quelle est la cause principale d'un orgelet?,Cette question évalue la compréhension de l'origine d'une infection des paupières. Un piège courant est de confondre l'orgelet avec une autre pathologie cutanée.,Infection bactérienne par le staphylocoque doré,"Correcte. L'orgelet est causé par une infection bactérienne, souvent due au staphylocoque doré, qui affecte les glandes de la paupière.",Infection virale par le virus de la varicelle,"Incorrecte. Le virus de la varicelle provoque des lésions cutanées différentes, comme les vésicules, et non un orgelet.",Réaction allergique à un produit cosmétique,"Incorrecte. Les allergies provoquent généralement des rougeurs ou des démangeaisons, pas des lésions infectieuses comme un orgelet.",Traumatisme mécanique de la paupière,"Incorrecte. Les traumatismes peuvent causer des ecchymoses ou des lésions, mais pas l'infection spécifique à un orgelet.",a
272,OIC-086-09-B,Quelle est la tumeur maligne palpébrale la plus fréquente?,Cette question évalue la capacité à identifier la tumeur maligne la plus courante des paupières. Le piège réside dans la confusion avec les tumeurs moins fréquentes comme le mélanome ou le lymphome.,Carcinome basocellulaire,"Correcte. Le carcinome basocellulaire est le plus fréquent, avec des caractéristiques cliniques spécifiques comme la croissance lente et le risque d'ulcération.",Carcinome épidermoïde,"Incorrecte. Le carcinome épidermoïde est plus rare et plus agressif, mais moins fréquent que le carcinome basocellulaire.",Mélanome malin,"Incorrecte. Le mélanome malin est une tumeur maligne non épithéliale, mais moins courante que les tumeurs épithéliales.",Lymphome de MALT,"Incorrecte. Le lymphome de MALT est une tumeur maligne non épithéliale rare, souvent liée à des infections chroniques.",a
273,OIC-086-10-B,Quel est le traitement de première intention du chalazion?,Cette question évalue la compréhension des étapes initiales de prise en charge du chalazion. Un piège courant est de confondre le traitement initial avec une intervention chirurgicale.,Application d'une pommade corticoïde locale associée à des soins de paupières (humidification et massage),Correcte. C'est le traitement initial décrit dans le contenu éducatif.,Incision et curage de la glande de Meibomius sous anesthésie locale,Incorrecte. Cette intervention est réservée aux cas non répondeurs au traitement de première intention.,Prescription de collyres antiseptiques pendant 8 jours,"Incorrecte. Les collyres antiseptiques sont prescrits après une intervention chirurgicale, pas comme traitement initial.",Application exclusive de compresses chaudes sur les paupières,"Incorrecte. Les compresses chaudes sont un élément des soins de paupières, mais le traitement principal inclut aussi une pommade corticoïde.",a
274,OIC-086-11-A,Quelle est la démarche thérapeutique recommandée pour un orgelet résistant au traitement antibiotique?,Cette question évalue la compréhension des options de traitement selon la gravité de l'orgelet. Le piège réside dans la confusion entre la durée du traitement antibiotique et l'intervention chirurgicale.,Incision du bord libre sous anesthésie locale en consultation externe,"Correcte. L'incision est indiquée pour les formes résistantes ou enkystées, conformément au contenu éducatif.",Application de collyre antibiotique pendant 8 jours,"Incorrecte. Cette approche est standard pour les cas simples, mais ne résout pas les formes résistantes.",Utilisation de collyre antibiotique pendant 14 jours,"Incorrecte. La durée recommandée est de 8 jours, pas 14, ce qui est une erreur courante.",Prise de pommade antibiotique par voie orale,"Incorrecte. Les antibiotiques sont administrés localement (collyre/pommade), pas par voie orale pour ce cas.",a
275,OIC-086-12-A,Quelle combinaison de symptômes évoque une lésion du nerf oculomoteur (III) et justifie une recherche d'anévrisme intracrânien?,"La question évalue la capacité à identifier les symptômes spécifiques d'une lésion du III et leur lien avec une pathologie urgente. Le piège réside dans la confusion avec d'autres syndromes (ex. Horner, VI, etc.).","Ptosis, diplopie, mydriase","Correct. La lésion du III extrinsèque (motrice) provoque un ptosis, une diplopie et une mydriase (lésion du III intrinsèque). L'anévrisme peut comprimer le nerf dans son trajet subarachnoïdien.","Ptosis, diplopie, miosie","Incorrect. La miosie est liée à une lésion du système sympathique (syndrome de Horner), non au III. Le III intrinsèque provoque une mydriase, pas une miosie.","Ptosis, diplopie, enophtalmie","Incorrect. L'enophtalmie est un signe du syndrome de Horner, associé à une lésion sympathique, non à une lésion du III.","Ptosis, diplopie, paralysie du muscle latéral rectus","Incorrect. La paralysie du muscle latéral rectus est liée à une lésion du VI (troisième paire crânienne), non du III.",a
276,OIC-094-01-A,Quelle est la définition correcte d'une lombalgie?,Cette question évalue la compréhension de la classification des rachialgies par localisation. Le piège courant est de confondre la localisation avec la durée ou l'étiologie.,Douleurs situées entre la charnière thoracolombaire et le pli fessier inférieur,Correcte. C'est la définition précise donnée par le HAS pour la lombalgie.,Douleurs de la région postérieure du rachis cervical,"Incorrecte. C'est la définition d'une cervicalgie, non d'une lombalgie.",Douleurs ressenties en regard du rachis thoracique (T1 à T12),"Incorrecte. C'est la définition d'une dorsalgie, non d'une lombalgie.",Douleurs persistantes plus de 3 mois,"Incorrecte. C'est la définition d'une lombalgie chronique, non d'une lombalgie en général.",a
277,OIC-094-08-B,Quel facteur est considéré comme un drapeau noir dans l'évolution vers la chronicité d'une rachialgie?,La question évalue la distinction entre les drapeaux jaunes (facteurs individuels) et noirs (facteurs organisationnels). Le piège courant est de confondre les facteurs liés à la durée de l'arrêt de travail avec les mesures organisationnelles.,Absence de mesures facilitant le retour à l’emploi,"Correcte. C’est un drapeau noir lié à la politique de l’entreprise, qui influence négativement le pronostic.","Problèmes émotionnels (anxiété, dépression)","Incorrecte. C’est un drapeau jaune, lié à des facteurs psychologiques individuels.","Comportements douloureux inappropriés (catastrophisme, évitement)","Incorrecte. C’est un drapeau jaune, lié à des attitudes mal adaptées face à la douleur.",Durée de l’arrêt de travail supérieur à 2 ans,"Incorrecte. C’est un facteur de risque lié aux drapeaux noirs, mais non le principal critère évoqué dans le contenu.",a
278,OIC-094-10-B,Quelle est une étiologie neurologique d'une rachialgie secondaire?,La question évalue la capacité à distinguer les étiologies neurologiques des autres causes. Un piège courant est de confondre les causes non neurologiques (comme les calculs ou les arthrites) avec les tumeurs.,Chondrocalcinose,"Incorrect. La chondrocalcinose est une calcification articulaire, non neurologique.",Polyarthrite rhumatoïde,"Incorrect. La polyarthrite rhumatoïde est une maladie inflammatoire articulaire, non neurologique.",Douleurs référées d'origine ORL,Incorrect. Les douleurs référées sont liées à des structures non neurologiques (ORL ou cervicale).,Tumeur intrarachidienne,Correct. Les tumeurs intrarachidienne ou de la fosse postérieure sont des causes neurologiques directes.,d
279,OIC-094-12-A,Quelle est la principale recommandation pour la prise en charge d'une lombalgie aiguë selon les grands principes?,Cette question évalue la compréhension des principes clés de la prise en charge aiguë. Le piège courant est de confondre les recommandations avec celles de la chronicité.,"Rassurer, éduquer et rester actif, éviter le repos au lit","Correcte. Ces éléments correspondent aux grands principes (RASSURER, ÉDUCATION THÉRAPEUTIQUE, RESTER PHYSIQUEMENT ACTIF) et à l'interdiction du repos au lit.",Prescrire un arrêt de travail prolongé et des corticoïdes,Incorrecte. L'arrêt de travail est recommandé de manière courte et les corticoïdes ne sont pas indiqués en première intention.,Imposer une kinésithérapie intensive dès le premier jour,Incorrecte. La kinésithérapie est non indiquée pour un épisode aigu isolé et doit être adaptée au stade.,Utiliser des myorelaxants et une ceinture lombaire en permanence,"Incorrecte. Les myorelaxants sont non recommandés et la ceinture lombaire est une option possible, pas une prescription systématique.",a
280,OIC-094-13-B,Quelle est la recommandation principale pour le traitement d'une lombalgie aiguë selon le contenu éducatif?,Cette question évalue la compréhension des principes clés de la prise en charge de la lombalgie aiguë. Un piège courant est de croire que le repos prolongé est bénéfique.,Encourager l'activité physique et éviter le repos prolongé,"Correcte. Le contenu souligne l'importance de rester actif et d'éviter le repos au lit, qui est à proscrire.",Précrire des anti-inflammatoires non stéroïdiens (AINS) et un collier cervical,"Incorrecte. Bien que les AINS soient recommandés, le collier cervical est non-indiqué pour une lombalgie aiguë.",Prescrire une kinésithérapie intensive et un arrêt de travail prolongé,"Incorrecte. La kinésithérapie n'est pas indiquée pour un épisode aigu isolé, et l'arrêt de travail prolongé est à proscrire.",Utiliser des corticoïdes et recommander un repos strict,"Incorrecte. Les corticoïdes ne sont pas recommandés pour la lombalgie aiguë, et le repos strict est à éviter.",a
281,OIC-094-14-A,Quelle est une cause extrarachidienne des lombalgies référées?,Cette question évalue la compréhension des causes non rachidiennes des douleurs lombaires. Un piège courant est de confondre les pathologies abdomino-pelviennes avec des troubles rachidiens.,Pathologie vasculaire : anévrisme de l'aorte abdominale,Correcte. L'anévrisme de l'aorte abdominale est une cause bien connue de douleur lombaire référée due à une pression sur les nerfs.,Pathologie urinaire : lithiase urinaire,"Incorrecte. La lithiase urinaire peut causer des douleurs lombaires, mais elle est classée sous les pathologies urinaires, non vasculaires.",Pathologie digestive : pancréatite chronique,"Incorrecte. La pancréatite chronique peut provoquer des douleurs irradiant vers la région lombaire, mais elle relève des pathologies digestives.",Pathologie gynécologique : endométriose,"Incorrecte. L'endométriose pelvienne peut causer des douleurs lombaires, mais elle est associée aux pathologies gynécologiques, non vasculaires.",a
282,OIC-094-15-B,Quelle est la première étape de diagnostic imaginaire recommandée devant une sacralgie?,Cette question évalue la compréhension des étapes diagnostiques initiales. Le piège courant est de confondre les examens d'imagerie secondaires avec les premières investigations.,Radiographies du bassin de face et cliché de de Sèze,"Correcte. Ces examens permettent de rechercher des arthroses ou des signes de sacro-iliite, conformément aux recommandations.",Scanner du bassin,"Incorrecte. Le scanner est discuté en cas de suspicion de fracture ou de pathologie inflammatoire, non comme première étape.",Scintigraphie osseuse,"Incorrecte. La scintigraphie est utilisée en cas de suspicion de fracture, mais pas comme examen initial de routine.",Échographie pelvienne,Incorrecte. L'échographie n'est pas mentionnée dans le contenu éducatif comme examen de première intention.,a
283,OIC-094-16-B,Quelle est la principale caractéristique clinique de la coccygodynie dans le diagnostic?,Cette question évalue la compréhension des critères diagnostiques clés. Le piège courant est de confondre la localisation de la douleur avec des symptômes irradiants.,Douleur localisée à l'aire coccygienne sans irradiation significative,Correcte. La localisation spécifique est un critère principal pour distinguer la coccygodynie des autres douleurs pelviennes.,Douleur irradiant vers les jambes,"Incorrecte. L'irradiation est un signe évocateur de lésions lombaires ou de névralgie pudendale, non de coccygodynie.",Douleur exacerbée après une activité physique intense,"Incorrecte. La douleur est principalement exacerbée en position assise, non liée à l'effort physique.",Présence d'une fracture coccygienne confirmée par imagerie,"Incorrecte. La fracture est une étiologie possible, mais non un critère diagnostique principal de la coccygodynie.",a
284,OIC-099-01-B,Quelle est la céphalée la plus fréquente chez les adultes selon l'épidémiologie présentée?,Cette question évalue la compréhension des données d'incidence des céphalées. Le piège réside dans la confusion entre la fréquence absolue et la gravité des pathologies.,Céphalée de tension,"Correcte. Les céphalées de tension représentent 50-70% de la population selon les pays, ce qui en fait le type le plus fréquent.",Migraine,"Incorrecte. La migraine touche 12% des adultes, soit moins fréquemment que les céphalées de tension.",Névralgie du trijumeau,"Incorrecte. Elle concerne 1 personne sur 1000, une prévalence nettement inférieure à celle des céphalées de tension.",Céphalée par abus médicamenteux,"Incorrecte. Elle affecte 1 à 5% des adultes, une fréquence plus faible que les céphalées de tension.",a
285,OIC-099-03-A,Quelle est la démarche diagnostique principale pour une céphalée primaire?,"La question évalue la compréhension de la démarche diagnostique clinique pour les céphalées primaires, en soulignant l'importance de l'interrogatoire et de l'examen clinique normaux.","Un diagnostic clinique basé sur l'interrogatoire et la normalité de l'examen clinique, conformément aux critères ICHD",Correcte. Le diagnostic des céphalées primaires repose sur l'absence de marqueurs biologiques/radiologiques et sur l'interrogatoire structuré avec les critères ICHD.,Une imagerie cérébrale systématique pour écarter les causes secondaires,"Incorrecte. L'imagerie n'est pas systématique en l'absence de drapeaux rouges, car les céphalées primaires sont diagnostiquées cliniquement.",La classification en 5 étapes de l'interrogatoire comme critère principal,"Incorrecte. Les 5 étapes sont des outils d'interrogatoire, mais le diagnostic final repose sur les critères ICHD et l'examen clinique.",La présence de marqueurs biologiques ou radiologiques comme critère principal,"Incorrecte. Les céphalées primaires sont diagnostiquées en l'absence de marqueurs biologiques/radiologiques, contrairement aux céphalées secondaires.",a
286,OIC-099-06-A,Quelle est la principale différence entre la névralgie du trijumeau essentielle et secondaire?,La question évalue la capacité à distinguer les deux formes de névralgie du trijumeau en se basant sur les signes cliniques. Un piège courant est de confondre les types de douleur.,La douleur est toujours brève et fulgurante,"Incorrect. Cette caractéristique est commune aux deux formes, mais la névralgie secondaire peut présenter des douleurs plus persistantes.","La présence de signes neurologiques (hypoesthésie, atteinte motrice) oriente vers la névralgie secondaire",Correct. Les signes neurologiques sont un critère clé pour différencier la névralgie secondaire de l'essentielle.,La douleur est toujours déclenchée par des stimuli cutanés précis,"Incorrect. Ce mécanisme est spécifique à la névralgie essentielle, pas à la secondaire.",Une IRM est toujours nécessaire pour le diagnostic,"Incorrect. L'IRM est recommandée pour la névralgie secondaire, mais pas systématiquement pour l'essentielle.",b
287,OIC-099-09-A,Quelle est la cause la plus fréquente de douleurs buccales persistantes et irradiées nécessitant un examen dentaire?,Cette question évalue la capacité à distinguer les origines des douleurs faciales en fonction des symptômes et des examens associés. Un piège courant est de confondre les douleurs sinusiques (liées à la position) avec les douleurs dentaires.,Algie d’origine dentaire,"Correcte. Les douleurs dentaires sont souvent persistantes, irradiées et nécessitent un examen dentaire pour le diagnostic.",Algie d’origine sinusienne,"Incorrecte. Les douleurs sinusiques sont aggravées par la position penchée et la pression, mais ne sont pas nécessairement irradiées ou persistantes.",Algie d’origine buccale non dentaire (ex. aphtes),Incorrecte. Les aphtes présentent des ulcérations localisées et non une douleur irradiée persistante.,Algie faciale de cause osseuse (ex. fracture),"Incorrecte. Les douleurs osseuses sont souvent liées à un traumatisme ou à une infection, et ne sont pas typiquement irradiées comme les douleurs dentaires.",a
288,OIC-099-11-B,Quel examen guide les examens complémentaires de première intention devant une douleur de la face?,Cette question évalue la compréhension de l'ordre de priorité des examens. Le piège courant est de confondre les examens spécifiques (comme la TDM) avec l'approche initiale.,"L'interrogatoire et l'examen clinique complet de la face, des oreilles et de la cavité buccale",Correcte. L'interrogatoire et l'examen clinique sont les premières étapes pour orienter les examens complémentaires.,La panoramique dentaire,"Incorrecte. Elle est utilisée en cas de douleur dentaire spécifique, pas comme examen de première intention.",La TDM du massif facial et des sinus,Incorrecte. Elle est réservée à des lésions suspectes ou après examen clinique normal.,La biopsie de la muqueuse buccale,"Incorrecte. Elle est réalisée uniquement en cas de lésion suspecte, pas comme examen initial.",a
289,OIC-099-13-A,Quelle est la définition correcte de la céphalée par abus médicamenteux (CAM) selon les critères ICHD-3?,Cette question évalue la compréhension des critères diagnostiques de la CAM. Le piège réside dans la confusion entre les seuils de fréquence et les types de médicaments impliqués.,Céphalée survenant ≥ 10 jours/mois avec surconsommation d’antalgiques non-opiacés ≥ 15 jours/mois,"Incorrect. Mélange les seuils de fréquence (10 vs 15 jours/mois) et ne mentionne pas les triptans/ergotamine, essentiels aux critères.",Céphalée survenant ≥ 15 jours/mois avec surconsommation ≥ 3 mois d’opiacés/triptans/antalgiques combinés ≥ 10 jours/mois,"Correct. Résume précisément les critères A et B du tableau, en incluant les médicaments à haut risque.",Céphalée chronique due exclusivement à la surconsommation d’aspirine ≥ 15 jours/mois,"Incorrect. Exclut les triptans/ergotamine et surestime le rôle exclusif de l’aspirine, sans mentionner la durée de surconsommation.",Céphalée fréquente liée à l’usage de médicaments ≥ 8 jours/mois sans critère de surconsommation,Incorrect. Omet le critère de surconsommation ≥ 3 mois et confond la fréquence (8 vs 15 jours/mois).,b
290,OIC-099-16-A,Quel est le conseil principal à donner à un patient migraineux avec aura avant la prescription d'une contraception orale?,La question évalue la compréhension des contraindications spécifiques liées à la migraine avec aura et aux contraceptifs oraux. Un piège courant est de négliger les facteurs de risque vasculaires.,Préconiser des contraceptifs oraux oestroprogestatifs,Incorrect. Les contraceptifs oraux oestroprogestatifs sont contre-indiqués chez les patients migraineux avec aura.,Préconiser des progestatifs purs,"Correct. Les progestatifs purs sont possibles chez les patients migraineux avec aura, après évaluation des facteurs de risque vasculaires.",Ne pas considérer les facteurs de risque artériels,"Incorrect. Les facteurs de risque artériels (âge, tabagisme, hypertension) doivent être systématiquement recherchés.",Préconiser des contraceptifs à base d'œstrogènes seuls,Incorrect. Les contraceptifs à base d'œstrogènes seuls ne sont pas mentionnés comme une option valide dans le contexte de la migraine avec aura.,b
291,OIC-101-01-B,Quelle fonction n'est pas associée au nerf facial?,Cette question évalue la compréhension des fonctions du nerf facial et la capacité à distinguer ses rameaux d'autres nerfs crâniens. Le piège réside dans la confusion entre les nerfs innervant les muscles de la face et ceux des structures adjacentes.,Innervation des muscles peauciers de la face et du cou,Correcte : C'est la fonction motrice principale du nerf facial.,Innervation de la peau de la conque de l'oreille,Correcte : C'est la fonction sensitive du nerf facial (zone de Ramsay-Hunt).,Sécrétion des glandes lacrymales et salivaires,Correcte : C'est la fonction végétative du nerf facial.,Innervation des muscles pharyngés et du voile du palais,"Incorrecte : Ces muscles sont innervés par le nerf glossopharyngien et le nerf vague, pas le nerf facial.",d
292,OIC-101-02-A,Quelle est la principale différence entre une paralysie faciale centrale et périphérique?,La question évalue la capacité à distinguer les caractéristiques clés des deux types de paralysie faciale. Un piège courant est de confondre la localisation de la faiblesse musculaire ou les signes associés.,Dissociation automatico-volontaire (asymétrie plus marquée aux mouvements volontaires),"Correcte. La dissociation est un critère spécifique de la paralysie centrale, car les mouvements volontaires sont plus affectés que les automatismes.",Atteinte équivalente du facial supérieur et inférieur,"Incorrecte. C'est une caractéristique de la paralysie périphérique, non centrale.",Absence de dissociation automatico-volontaire,"Incorrecte. C'est une caractéristique de la paralysie périphérique, non centrale.",Présence du signe de Charles Bell (effacement des rides du front),"Incorrecte. Ce signe est spécifique à la paralysie périphérique, non centrale.",a
293,OIC-101-07-A,Quelle est la mesure essentielle pour optimiser la récupération d'une paralysie faciale a frigore?,La question évalue la compréhension de la prise en charge précoce. Le piège courant est de négliger l'importance de la corticothérapie rapide.,Prescription de corticothérapie orale dès les premières heures (< 72h),"Correcte. La corticothérapie précoce (< 72h) est essentielle pour améliorer la récupération, comme indiqué dans le contenu.",Attente de 72h avant de prescrire des corticoïdes,"Incorrecte. Une instauration tardive réduit les chances de récupération, contrairement aux recommandations.",Utilisation exclusive de larmes artificielles pour prévenir les complications oculaires,"Incorrecte. Bien que la protection oculaire soit nécessaire, la corticothérapie reste prioritaire pour la récupération faciale.",Intervention chirurgicale immédiate pour rétablir la fonction faciale,Incorrecte. La chirurgie n'est pas mentionnée comme mesure de première intention dans le contenu.,a
294,OIC-101-08-B,Quelle est l'évolution la plus fréquente d'une paralysie faciale a frigore?,"Cette question évalue la compréhension des évolutions possibles d'une paralysie faciale a frigore, en mettant l'accent sur la fréquence des différents scénarios. Le piège courant est de confondre l'évolution favorable avec les complications moins fréquentes.",Récupération complète en moins de 2 mois,"Correcte. L'évolution favorable est la plus fréquente, avec une récupération rapide et une guérison complète en moins de 2 mois.",Hémispasme facial post-paralytique,"Incorrecte. L'hémispasme est une complication possible mais rare, représentant seulement 5 à 10 % des cas.",Syndrome des « larmes de crocodile »,"Incorrecte. Ce phénomène est très rare et lié à une réinnervation aberrante, non à l'évolution la plus fréquente.",Déficit sévère persistant avec déformation invalidante,"Incorrecte. Ce scénario est exceptionnel et survient dans moins de 5 % des cas, avec absence de réinnervation à l'ENMG.",a
295,OIC-101-10-A,Quel examen d'imagerie est principalement indiqué en cas de paralysie faciale périphérique (PFP) lorsqu'on soupçonne une cause comme la sclérose en plaques?,"La question évalue la compréhension des indications spécifiques des examens d'imagerie selon la cause suspectée. Le piège courant est de confondre les examens adaptés à différents contextes (traumatisme, infection, tumeur).",IRM cérébrale,"Correcte. L'IRM est indiquée pour diagnostiquer des causes comme la sclérose en plaques, un AVC ou une tumeur, qui sont associées à la PFP périphérique.",Scanner cérébral,"Incorrecte. Le scanner est principalement utilisé en cas de traumatisme ou d'écoulement auriculaire purulent, pas pour les causes neurodégénératives comme la sclérose en plaques.",Radiographie cervicale,"Incorrecte. La radiographie n'est pas mentionnée comme examen de choix pour la PFP, sauf dans des cas rares de suspicion de fracture osseuse.",Échographie cervicale,"Incorrecte. L'échographie n'est pas indiquée pour la PFP, car elle ne permet pas d'explorer les structures cérébrales ou les tumeurs associées.",a
296,OIC-101-11-A,Quelle est la caractéristique clinique principale d'une paralysie faciale unilatérale typique?,Cette question évalue la capacité à identifier les signes cliniques spécifiques d'une paralysie faciale unilatérale. Un piège courant est de confondre les symptômes bilatéraux ou d'autres manifestations non mentionnées.,Asymétrie faciale avec immobilité des territoires supérieur et inférieur,Correcte. Cela correspond exactement aux signes décrits dans le contenu éducatif.,Faiblesse faciale bilatérale avec mouvements symétriques,Incorrecte. La paralysie faciale unilatérale ne présente pas de faiblesse bilatérale.,Raideur cervicale et salivation excessive,Incorrecte. Ces symptômes ne sont pas mentionnés dans le contenu éducatif et ne sont pas spécifiques à la paralysie faciale.,Absence de mouvement de la région frontale uniquement,"Incorrecte. Le contenu éducatif indique une immobilité des deux territoires (supérieur et inférieur), pas seulement le supérieur.",a
297,OIC-101-12-A,Quelle est la caractéristique clinique qui oriente vers une paralysie faciale périphérique (PFP) zoostérienne?,La question évalue la capacité à identifier le critère principal de diagnostic différentiel. Le piège réside dans la confusion avec d'autres symptômes associés à la PFP.,Vésicules cutanées dans la conque de l'oreille,"Correcte. Les vésicules de la zone de Ramsay Hunt sont un signe spécifique de la PFP zoostérienne, confirmant l'origine virale.",Paralysie faciale unilatérale sans douleur,Incorrecte. La paralysie faciale peut être due à d'autres causes (ex. : lésion du nerf facial) et ne suffit pas à orienter vers une origine virale.,Perte auditive soudaine bilatérale,"Incorrecte. La perte auditive est un symptôme possible mais non spécifique à la PFP zoostérienne, qui se limite à la zone de Ramsay Hunt.",Douleur thoracique irradiant vers l'oreille,"Incorrecte. La douleur thoracique n'est pas un signe clinique associé à la PFP zoostérienne, qui se manifeste plutôt par des lésions cutanées.",a
298,OIC-101-14-B,Quelle est la fonction principale du nerf facial selon l'illustration mentionnée?,"Cette question évalue la compréhension des fonctions du nerf facial. Le piège courant est de confondre les nerfs crâniens voisins (trigéminal, vague, glossopharyngien) avec des rôles similaires.","Innervation motrice, sensitive et sécretoire du nerf facial","Correcte. Le nerf facial innerve les muscles faciaux (motrice), transmet des sensations (sensitive) et contrôle les glandes (sécrétoire).",Innervation sensorielle du nerf trigéminal,"Incorrecte. Le nerf trigéminal (CN V) est principalement sensoriel pour la face, mais ne possède pas de fonction motrice ou sécrétoire.",Innervation motrice du nerf vague,"Incorrecte. Le nerf vague (CN X) innerve les muscles de la gorge et le diaphragme, mais pas les muscles faciaux.",Innervation sécrétoire du nerf glossopharyngien,"Incorrecte. Le nerf glossopharyngien (CN IX) a une fonction sécrétoire limitée (glandes salivaires postérieures), mais pas de rôle motrice ou sensitive pour la face.",a
299,OIC-102-01-B,Quelle est la fonction principale du faisceau longitudinal médial (FLM)?,Cette question évalue la compréhension de la coordination des mouvements oculaires via le FLM. Un piège courant est de confondre son rôle avec celui des nerfs oculomoteurs.,Relier les noyaux du nerf abducens (VI) et du nerf oculomoteur (III) pour assurer des mouvements oculaires conjugués,"Correcte. Le FLM permet l'abduction d'un œil et l'adduction de l'œil controlatéral, évitant la diplopie.",Transmettre les signaux du nerf optique (II) vers le cortex visuel,"Incorrecte. Le nerf optique est innervé par le tronc cérébral, pas par le FLM.",Contrôler les muscles obliques de l'œil via le nerf trochléaire (IV),"Incorrecte. Les muscles obliques sont innervés par le IV et le VI, pas directement par le FLM.",Assurer la circulation sanguine dans le sinus caverneux,"Incorrecte. La circulation sanguine est gérée par les artères, pas par le FLM.",a
300,OIC-102-04-B,"Quel terme désigne le mouvement des deux yeux vers l'intérieur, permettant la vision de près?",Cette question évalue la compréhension des vergences et leur rôle dans la vision. Le piège courant est de confondre convergence et divergence.,Abduction,"C'est une duction monoculaire (mouvement de l'œil vers l'extérieur), pas un mouvement conjugué des deux yeux.",Divergence,"Correspond à la convergence des yeux vers l'extérieur, contraire du mouvement demandé.",Convergence,Correcte : c'est le mouvement des deux yeux vers l'intérieur pour la vision de près.,Adduction,"C'est une duction monoculaire (mouvement de l'œil vers l'intérieur), pas un mouvement conjugué des deux yeux.",c
301,OIC-102-05-B,Quelle déviation correspond à l'exotropie?,Cette question évalue la compréhension des définitions des tropies. Un piège courant est de confondre les directions des déviances (intérieur/extérieur/haut/bas).,Déviation vers l'intérieur,"Incorrect. C'est la définition de l'esotropie, non de l'exotropie.",Déviation vers l'extérieur,Correct. L'exotropie correspond à une déviation vers l'extérieur.,Déviation vers le haut,"Incorrect. C'est la définition de l'hypertropie, non de l'exotropie.",Déviation vers le bas,"Incorrect. C'est la définition de l'hypotropie, non de l'exotropie.",b
302,OIC-102-06-A,Quelle est la position compensatrice de la tête dans une paralysie complète du VI?,Cette question évalue la compréhension de la position vicieuse de la tête liée à la paralysie du VI. Un piège courant est de confondre cette position avec celle de la paralysie du IV.,Inclinée du côté sain,"Incorrect. Cette position correspond à la paralysie du IV, non du VI.",Menton abaissé,"Incorrect. Ce signe est associé à la paralysie du IV, pas du VI.",Ptosis total,"Incorrect. Le ptosis est un symptôme de la paralysie du III, pas du VI.",Tournée du côté de la paralysie oculomotrice,Correct. La position compensatrice du VI consiste à tourner la tête vers le côté de la paralysie pour réduire la diplopie.,d
303,OIC-102-08-A,Quelle image illustre une paralysie extrinsèque/intrinsèque du IIIe nerf crânien?,"Cette question évalue la capacité à distinguer les manifestations cliniques d'une paralysie du IIIe nerf, souvent associée à des troubles de la motricité oculaire et de la ptose. Le piège réside dans la confusion avec d'autres nerfs crâniens.",Ptose avec déviation latérale de l'œil,Correcte. La paralysie du IIIe nerf provoque une ptose et une déviation latérale due à la perte de contrôle des muscles extraoculaires.,Ptose sans déviation oculaire,"Incorrecte. Une ptose isolée sans déviation suggère une autre pathologie (ex. syndrome de Horner), non liée au IIIe nerf.",Déviation vers le haut et vers l'intérieur,"Incorrecte. Cela correspond à une paralysie du IVe nerf (muscle suprachoridien), non du IIIe.",Déviation vers l'extérieur et perte de convergence,"Incorrecte. Cela correspond à une paralysie du VIe nerf (muscle latéral rectus), non du IIIe.",a
304,OIC-102-09-B,Quelle affirmation est correcte concernant la paralysie du VIe nerf crânien?,La question évalue la compréhension de la valeur localisatrice de la paralysie du VIe nerf crânien. Un piège courant est de confondre cette paralysie avec d'autres lésions oculomotrices.,La paralysie du VIe nerf crânien est toujours due à une lésion du noyau.,"Incorrect. La paralysie du VIe nerf peut être causée par une hypertension intracrânienne, non pas toujours par une lésion du noyau.",La paralysie du VIe nerf crânien est toujours due à une hypertension intracrânienne.,"Incorrect. Bien que l'hypertension intracrânienne puisse causer cette paralysie, elle n'est pas la seule cause possible.",La paralysie du VIe nerf crânien a une faible valeur localisatrice.,Correct. La paralysie du VIe nerf due à l'hypertension intracrânienne n'indique pas une lésion spécifique du noyau ou des trajets.,La paralysie du VIe nerf crânien indique une lésion du trajet du nerf.,Incorrect. Seules les paralysies oculomotrices autres que celle du VIe nerf indiquent une lésion des noyaux ou trajets.,c
305,OIC-102-10-A,Quelle est la caractéristique clinique principale justifiant l'exploration d'une myasthénie en cas de diplopie?,"Cette question évalue la compréhension des arguments cliniques spécifiques à la myasthénie. Le piège courant est de confondre les signes de ptose avec d'autres pathologies (ex. : syndrome de Horner, pathologie thyroïdienne).","Ptose unilatérale progressive, variable au cours de la journée et associée à la fatigue","Correcte. Ces caractéristiques correspondent aux signes typiques de la myasthénie (fluctuation, aggravation diurne, lien avec la fatigue).",Ptose bilatérale statique sans lien avec la fatigue,"Incorrecte. La ptose myasthénique est fluctuante et dépend de la fatigue, pas statique.",Ptose associée à un syndrome de Horner,"Incorrecte. Le syndrome de Horner implique des troubles de la pupille et de la contraction du muscle sphincter, pas une ptose fluctuante.",Ptose liée à une pathologie thyroïdienne,Incorrecte. La pathologie thyroïdienne (ex. : ophthalmopathie thyroïdienne) provoque une ptose mais non fluctuante ni liée à la fatigue.,a
306,OIC-102-11-A,Quel est le facteur clé justifiant une exploration urgence en cas de paralysie du III associée à des signes pupillaires?,"La question évalue la capacité à identifier les signes cliniques spécifiques qui orientent vers une urgence aneurysmique. Le piège réside dans la confusion entre les symptômes associés (céphalées, âge jeune) et les signes pathognomiques.",Présence de signes pupillaires et de douleurs,"Correcte. La combinaison de signes pupillaires (atteinte du III intrinsèque) et de douleurs est un critère clé pour suspecter un anévrisme intracrânien, nécessitant une exploration urgence.",Céphalées,"Incorrecte. Bien que les céphalées soient fréquentes, elles ne sont pas spécifiques à l'anévrisme et peuvent être présentes dans d'autres pathologies.",Absence de facteurs de risque vasculaire,"Incorrecte. L'absence de facteurs de risque peut être un élément d'alerte, mais elle ne suffit pas à justifier une urgence sans signes cliniques spécifiques.",Atteinte oculomotrice partielle sans signes pupillaires,Incorrecte. Une atteinte oculomotrice isolée sans signes pupillaires est plus souvent liée à d'autres causes (ex. : traumatisme) et ne justifie pas une urgence aneurysmique.,a
307,OIC-102-12-B,Quelle est l'indication principale des examens d'imagerie devant une diplopie aiguë récente?,Cette question évalue la compréhension de l'indication des examens d'imagerie dans le contexte d'une diplopie aiguë. Le piège courant est de confondre la diplopie monoculaire (non imagerie) avec la diplopie binoculaire (imagerie nécessaire).,Imagerie cérébrale en cas de suspicion d'AVC ou d'anévrisme intracrânien,"Correcte. L'imagerie est indiquée pour identifier des causes neurovasculaires comme l'AVC ou les anévrismes, qui nécessitent une exploration urgente.",Imagerie cérébrale en cas de diplopie chronique,"Incorrecte. La diplopie chronique n'indique pas de cause neurologique aiguë, donc l'imagerie n'est pas justifiée.",Imagerie cérébrale devant une diplopie monoculaire,"Incorrecte. La diplopie monoculaire est liée à un trouble optique de l'œil, pas à une cause neurologique, donc l'imagerie n'est pas nécessaire.",Imagerie cérébrale en cas de diabète sucré,Incorrecte. Le diabète n'est pas une cause directe de diplopie aiguë et n'indique pas l'urgence d'une imagerie cérébrale.,a
308,OIC-107-02-A,Quelle est la principale cause du tremblement de repos (tremblement parkinsonien)?,Cette question évalue la compréhension des associations entre les types de tremblements et leurs causes principales. Le piège courant est de confondre le tremblement de repos avec d'autres types de tremblements.,La maladie de Parkinson (atteinte de la voie nigro-striée),"Correcte. Le tremblement de repos est un signe évocateur de la maladie de Parkinson, lié à une atteinte de la voie nigro-striée.",Le tremblement essentiel,"Incorrecte. Le tremblement essentiel est un tremblement d'action, non de repos, et ne provoque pas de tremblement au repos.",Le tremblement cérébelleux,"Incorrecte. Le tremblement cérébelleux est lié à des lésions cérébellaires, non à une atteinte de la voie nigro-striée.",Le tremblement fonctionnel (psychogène),"Incorrecte. Le tremblement fonctionnel n'est pas une cause organique du tremblement de repos, mais un phénomène non pathologique.",a
309,OIC-107-03-A,Quel est le principal médicament responsable du syndrome parkinsonien iatrogène avec tremblement?,Cette question évalue la capacité à identifier la cause principale d'un syndrome parkinsonien iatrogène. Un piège courant est de confondre les antipsychotiques (partie des neuroleptiques) avec d'autres médicaments.,Neuroleptiques (antipsychotiques),Correcte. Les neuroleptiques et antipsychotiques sont explicitement mentionnés comme la cause principale du syndrome parkinsonien iatrogène avec tremblement.,L-dopa,"Incorrecte. L-dopa est responsable de dyskinésies, non de syndrome parkinsonien iatrogène.",Antipsychotiques,"Plausible mais incorrecte. Les antipsychotiques sont un sous-groupe des neuroleptiques, mais la question exige la réponse la plus précise.",Amiodarone,"Incorrecte. L'amiodarone peut exacerber un tremblement physiologique, mais ne provoque pas de syndrome parkinsonien iatrogène.",a
310,OIC-107-05-B,Quels sont les principaux signes cliniques de la maladie de Huntington?,"Cette question évalue la capacité à identifier les trois catégories principales de signes cliniques. Le piège courant est de négliger l'une des dimensions (mouvements, troubles psychiatriques, troubles cognitifs).","Mouvements anormaux, troubles psychiatriques et troubles cognitifs",Correcte. Elle résume les trois dimensions clés évoquées dans le contenu.,Mouvements anormaux et troubles psychiatriques,"Incorrecte. Elle omet les troubles cognitifs, essentiels à la définition de la maladie.",Troubles psychiatriques et troubles cognitifs,"Incorrecte. Elle néglige les mouvements anormaux, qui sont un pilier des manifestations cliniques.",Mouvements anormaux et troubles génétiques,"Incorrecte. Les troubles génétiques sont une cause, pas un signe clinique direct.",a
311,OIC-107-06-A,Quelle est la caractéristique essentielle du diagnostic de la maladie de Gilles de la Tourette?,La question évalue la compréhension des critères diagnostiques spécifiques de la maladie de Gilles de la Tourette. Le piège courant est de confondre les tics isolés avec le syndrome.,"Présence simultanée de tics moteurs et vocaux, récurrents et perturbant l'adaptation socioprofessionnelle",Correcte. C'est la définition précise du syndrome de Gilles de la Tourette selon le contenu éducatif.,Survenue exclusive de tics moteurs dans l'enfance,Incorrecte. Les tics isolés peuvent être bénins et ne pas impliquer le syndrome de Gilles de la Tourette.,Association systématique à des troubles obsessionnels compulsifs,Incorrecte. Les comorbidités sont possibles mais non essentielles au diagnostic.,Diagnostic basé sur des tests biologiques spécifiques,"Incorrecte. Le diagnostic repose sur l'observation clinique, non sur des examens laboratoires.",a
312,OIC-107-07-B,Quelle est la principale forme de dyskinésie liée à la L-dopa?,Cette question évalue la capacité à distinguer les types de dyskinésies selon leur origine (L-dopa vs neuroleptiques). Le piège réside dans la confusion entre les formes induites par les neuroleptiques et celles par la L-dopa.,Dyskinésies de pic de dose et biphasiques,Correcte. Ces dyskinésies sont spécifiques à la L-dopa et correspondent aux formes principales mentionnées dans le contenu.,Dyskinésies aigues induites par les neuroleptiques,"Incorrecte. Les dyskinésies aigues sont associées aux neuroleptiques, non à la L-dopa.",Dyskinésies tardives induites par les neuroleptiques,"Incorrecte. Les dyskinésies tardives sont liées aux neuroleptiques, pas à la L-dopa.",Akathisie induite par les neuroleptiques,"Incorrecte. L'akathisie est une complication distincte des dyskinésies, même si elle est liée aux neuroleptiques.",a
313,OIC-108-02-A,Quelle est la principale différence entre la confusion et la démence?,"Cette question évalue la capacité à distinguer les deux syndromes en fonction de leur durée, de leur progression et de leur impact sur l'autonomie. Un piège courant est de confondre la nature aiguë de la confusion avec la durée chronique de la démence.",La confusion est une altération durable de la cognition liée à une perte d'autonomie progressive.,"Incorrect. La confusion est un trouble aigu ou subaigu, non durable, contrairement à la démence.",La démence est un trouble neurocognitif majeur avec une altération progressive de l'autonomie.,"Correct. La démence est définie comme un syndrome chronique avec une perte d'autonomie progressive, contrairement à la confusion.",La confusion est un trouble chronique avec des symptômes fluctuants liés à des troubles du sommeil.,"Incorrect. La confusion est aiguë ou subaiguë, non chronique, et ses symptômes fluctuent, pas les troubles du sommeil.",La démence est un trouble temporaire lié à un syndrome confusionnel.,"Incorrect. La démence est une altération durable non liée à la confusion, contrairement à ce que suggère cette option.",b
314,OIC-108-03-A,Quelle est la principale cause neurologique de confusion mentale mentionnée dans le contenu?,Cette question évalue la compréhension de la distinction entre causes directes et facteurs de risque de confusion. Le piège réside dans la confusion entre causes immédiates (ex. méningites) et facteurs aggravants (ex. stress physique).,Méningites et méningo-encéphalites,"C'est une cause directe de confusion, mais elle n'est pas la principale selon le contenu, qui souligne plutôt les facteurs de risque associés aux pathologies chroniques.",Tumeurs cérébrales,"Une cause neurologique validée, mais elle est classée comme un processus expansif, non comme la principale cause selon le texte.","Les maladies neurologiques chroniques (sclérose en plaques, maladie de Parkinson, maladie d’Alzheimer) en présence d’un stress physique","Correcte. Le contenu indique que ces pathologies sont des facteurs de risque, non des causes directes, et que le stress physique est un élément clé.",Traumatismes crâniens,"Une cause neurologique validée, mais elle est présentée comme une cause spécifique, pas la principale selon le texte.",c
315,OIC-108-04-A,Quelle est la principale cause non neurologique de confusion mentale?,La question évalue la compréhension des catégories principales de causes non neurologiques. Le piège courant est de confondre des causes spécifiques (comme l'alcool) avec des catégories plus larges.,Troubles hydro-électrolytiques et hypoglycémie,"Correcte. Les troubles métaboliques, notamment les déséquilibres électrolytiques et l'hypoglycémie, sont des causes majeures de confusion mentale non neurologique.",Alcool et sevrage/delirium tremens,"Incorrecte. Bien que l'alcool soit une cause toxique, elle appartient à une sous-catégorie des causes toxiques, pas à la catégorie principale.",Infections urinaires ou pulmonaires,"Incorrecte. Les infections sont une cause importante, mais elles relèvent de la catégorie 'infectieuses', pas de la principale cause globale.",Douleur aiguë et rétention d'urines,"Incorrecte. Ces causes sont des facteurs secondaires, classées sous 'autres causes', et ne représentent pas la principale catégorie.",a
316,OIC-108-05-A,Quelle est la démarche diagnostique systématique dans la recherche des causes de la confusion mentale?,Cette question évalue la compréhension de l'ordre des étapes diagnostiques. Un piège courant est de confondre les examens paracliniques systématiques avec les examens d'imagerie ou la ponction lombaire.,Examen neurologique et recherche de signes de focalisation,"Incorrect. L'examen neurologique est une étape précoces, mais les examens paracliniques systématiques (hémogramme, ionogramme, etc.) sont la démarche principale.",Scanner cérébral sans injection en cas de doute,"Incorrect. Le scanner cérébral est indiqué en cas de doute, mais non systématique. Les examens paracliniques sont prioritaires.",Ponction lombaire en cas de fièvre sans point d'appel,"Incorrect. La ponction lombaire est une étape de seconde intention, non systématique. Les examens paracliniques sont la base.","Examens paracliniques systématiques (hémogramme, ionogramme, etc.)","Correct. Les examens paracliniques systématiques sont la démarche diagnostique principale, comme indiqué dans le contenu éducatif.",d
317,OIC-108-09-A,Quelle est la caractéristique principale du trouble de la consolidation en mémoire épisodique dans la maladie d'Alzheimer?,"La question évalue la compréhension du profil mnésique spécifique de la maladie d'Alzheimer. Le piège réside dans la confusion entre les troubles d'encodage, de récupération et de consolidation.",Le patient a des difficultés d'encodage mais peut rappeler immédiatement la liste de mots.,"Incorrect. Les troubles d'encodage ne sont pas associés à la consolidation, mais à d'autres troubles comme la dépression.",Le patient peut rappeler immédiatement la liste de mots mais échoue à la retenir après un délai.,"Correct. Cela illustre le trouble de la consolidation, caractéristique de la maladie d'Alzheimer.",Le patient utilise efficacement les indices de catégorie pour retrouver les mots.,"Incorrect. Les indices sont inefficaces dans la consolidation, contrairement aux troubles de récupération.",Le trouble est causé par une atteinte directe des structures hippocampiques.,"Incorrect. Bien que l'hippocampe soit impliqué, la question porte sur le profil mnésique et non la cause anatomique.",b
318,OIC-108-12-B,Quelle région cérébrale est principalement impliquée dans la mémoire épisodique?,Cette question évalue la compréhension des régions cérébrales associées aux fonctions cognitives. Un piège courant est de confondre le lobe temporal (région plus large) avec le hippocampe (structure spécifique).,Lobe frontal,"Incorrect. Le lobe frontal est principalement lié aux fonctions exécutives, non à la mémoire épisodique.",Lobe temporal,"Partiellement correct. Le lobe temporal contient le hippocampe, mais la mémoire épisodique dépend spécifiquement du hippocampe, une structure située à l'intérieur du lobe temporal.",Lobe pariétal,"Incorrect. Le lobe pariétal est associé aux fonctions d'intégration perceptive et à la négligence visuelle, pas à la mémoire épisodique.",Hippocampe,"Correct. L'hippocampe, situé dans le lobe temporal, est crucial pour la formation et la consolidation de la mémoire épisodique.",d
319,OIC-108-14-B,Quelle est la caractéristique radiologique typique de l'hématome sous-dural chronique sur scanner cérébral?,Cette question évalue la compréhension des aspects radiologiques de l'HSD chronique. Le piège courant est de confondre les signes de l'HSD chronique avec ceux d'une hémorragie aiguë.,Aspect en « croissant de lune » et souvent bilatéral,"Correcte. C'est la description typique de l'HSD chronique, limité par les sinus duraux et souvent bilatéral.",Forme en lentille et localisation unilatérale,Incorrecte. La forme en lentille et la localisation unilatérale correspondent à des caractéristiques d'autres pathologies cérébrales.,Hypodensité en phase aiguë,"Incorrecte. L'hypodensité est observée en phase chronique, pas en phase aiguë (où l'hématome est hyperdense).",Mélange de zones hypodenses et hyperdenses en phase chronique,"Incorrecte. Ce mélange correspond à un saignement récent, non à l'HSD chronique.",a
320,OIC-109-01-A,Quel élément est essentiel pour évaluer la sévérité d'un trouble de la marche?,Cette question évalue la compréhension de l'importance des conséquences fonctionnelles des troubles de la marche. Un piège courant est de confondre les symptômes initiaux avec l'impact global sur la vie quotidienne.,"La fréquence des chutes et leurs conséquences (traumatismes, hospitalisations, perte d'autonomie)","Correcte. Les chutes et leurs conséquences sont des indicateurs clés de la sévérité, comme indiqué dans le contenu éducatif.",Le type de douleur et sa relation avec l'effort,"Incorrecte. Cela relève de l'interrogatoire initial, non de l'évaluation de la sévérité.",Les capacités cognitives du sujet,"Incorrecte. Les capacités cognitives sont un élément distinct, non directement lié à la sévérité des troubles de la marche.",La liste des médicaments pris,"Incorrecte. Bien que les médicaments soient un facteur de risque, ils ne mesurent pas la sévérité du trouble.",a
321,OIC-109-02-A,Quelle partie de l'examen est principalement liée à la recherche de déficits moteurs et neurologiques chez un patient avec un trouble de la marche?,"Cette question évalue la compréhension des composantes principales de l'examen. Le piège courant est de confondre les examens généraux (dermatologique, cardiovasculaire, ophtalmologique) avec l'examen neurologique spécifique.",Examen neurologique,"Correcte. L'examen neurologique inclut la recherche de déficits moteurs, des réflexes, d'amyotrophie et de syndromes neurologiques, ce qui est central pour identifier les causes des troubles de la marche.",Examen dermatologique,Incorrecte. L'examen dermatologique est une composante du bilan général et ne se concentre pas sur les troubles neurologiques ou moteurs.,Examen cardiovasculaire,Incorrecte. L'examen cardiovasculaire est une partie du bilan général et ne traite pas directement les troubles de la marche liés à la neurologie.,Examen ophtalmologique,Incorrecte. L'examen ophtalmologique est une composante du bilan général et ne se concentre pas sur les troubles neurologiques ou moteurs.,a
322,OIC-109-05-A,Quelle est la modalité diagnostique spécifique associée à la boiterie de Trendelebourg?,Cette question évalue la compréhension des méthodes diagnostiques pour les troubles de la marche. Le piège réside dans la confusion entre les types de boiterie et les tests cliniques.,Boiterie d'esquive,"Incorrect. La boiterie d'esquive est un type de gait, non un test diagnostique.",Boiterie de salutation,"Incorrect. La boiterie de salutation est un type de gait, non un test diagnostique.",Test de Trendelebourg,"Correct. Le test de Trendelebourg évalue la force des abducteurs de hanche, un élément clé pour diagnostiquer certaines boiteries.",Test de marche en étoile,Incorrect. Ce test n'est pas mentionné dans le contenu éducatif et n'est pas lié à la boiterie de Trendelebourg.,c
323,OIC-109-08-B,Quelle est la cause principale de la démarche dandinante?,Cette question évalue la compréhension de l'étiologie de la démarche dandinante. Un piège courant est de confondre les symptômes (comme l'hyperlordose) avec la cause réelle.,Déficit moteur des muscles des racines des membres inférieurs et de la ceinture pelvienne,Correcte. Le texte indique clairement que le déficit moteur est la cause principale de la démarche dandinante.,Hyperlordose,"Incorrecte. L'hyperlordose est un symptôme associé, non la cause de la démarche dandinante.",Arthrite inflammatoire,Incorrecte. L'arthrite inflammatoire n'est pas mentionnée comme cause de la démarche dandinante.,Myopathie métabolique,"Incorrecte. La myopathie métabolique est une cause possible de symptômes associés (comme les crampes), mais non de la démarche elle-même.",a
324,OIC-109-09-A,Quelle composante du syndrome post-chute est principalement associée à des troubles de la marche et de l'équilibre?,Cette question évalue la capacité à identifier la composante motrice comme l'élément central du syndrome post-chute. Un piège courant est de confondre cette composante avec les aspects psychologiques ou dépressifs.,Une composante motrice,"Correcte. La composante motrice décrit directement les troubles de la marche et de l'équilibre, comme la rétropulsion et la marche talonnante.",Une composante psychologique,"Incorrecte. Bien que présente, la composante psychologique (anxiété, peur du vide) n'est pas liée directement aux troubles moteurs.",Un syndrome de régression psychomotrice,"Incorrecte. Ce syndrome concerne une dépendance et des comportements, non les troubles moteurs immédiats post-chute.",Un syndrome dépressif,"Incorrecte. La dépression est une conséquence possible, mais non la composante principale des troubles moteurs.",a
325,OIC-109-11-B,"Quel trouble de la marche est le plus probablement observé dans une vidéo montrant une marche ralenti, avec des pas courts et une posture cambrée?",Cette question évalue la capacité à reconnaître les caractéristiques cliniques spécifiques des troubles de la marche. Le piège courant est de confondre les signes de différents troubles neurologiques.,Trouble de la marche parkinsonienne,"Correcte. La marche parkinsonienne se caractérise par un ralentissement, des pas courts et une posture cambrée (« marche à l'escalier »).",Trouble de la marche cérébelleuse,"Incorrecte. La marche cérébelleuse présente une base de marche large et instable, avec des mouvements désordonnés, pas un ralentissement progressif.",Trouble de la marche spastique,"Incorrecte. La marche spastique est associée à des pas en « débarquement » (pieds écartés) et à une rigidité musculaire, pas à un ralentissement progressif.",Trouble de la marche ataxique,"Incorrecte. La marche ataxique est marquée par une instabilité, des chutes fréquentes et une base de marche large, pas par un ralentissement progressif.",a
326,OIC-109-12-A,Quelle est l'indication principale de l'IRM cérébrale dans le cadre d'un trouble de la marche ou de l'équilibre non aigu?,Cette question évalue la compréhension des indications spécifiques des examens d'imagerie selon la nature de la symptomatologie. Le piège courant est de confondre les indications aiguës et non aiguës.,Évaluer un accident vasculaire cérébral ischémique aigu,"Incorrect. L'IRM avec séquence de diffusion est indiquée en cas de symptomatologie aiguë, non non aiguë.",Éliminer une hydrocéphalie chronique de l'adulte,Correct. L'IRM est proposée en premier temps en cas de symptomatologie non aiguë pour exclure des pathologies comme l'hydrocéphalie chronique.,Diagnostiquer une maladie de Parkinson typique,Incorrect. L'imagerie cérébrale n'est pas utile pour le diagnostic typique de la maladie de Parkinson.,Évaluer un hématome sous-dural aigu,Incorrect. L'hématome sous-dural aigu est mieux évalué par scanner en cas de contre-indication à l'IRM.,b
327,OIC-112-01-A,Quelle est la caractéristique principale d'une dermatose bulleuse auto-immune?,La question évalue la compréhension de la définition spécifique des dermatoses bulleuses auto-immunes. Le piège courant est de confondre les caractéristiques cliniques (comme la localisation des bulles) avec les marqueurs immunologiques.,Présence d'immunoglobulines déposées à la jonction dermo-épidermique ou à la surface des kératinocytes,"Correcte. C'est la définition clé des dermatoses bulleuses auto-immunes, liée à la réponse immunitaire.",Formation de bulles intra-épidermiques sur les muqueuses,"Incorrecte. Les bulles intra-épidermiques peuvent survenir dans divers contextes, y compris non auto-immuns, et ne sont pas spécifiques.",Signe de Nikolsky positif en frottant la peau normale,"Incorrecte. Le signe de Nikolsky est un signe clinique associé à certaines formes de dermatoses bulleuses, mais non exclusivement auto-immunes.",Décollement en linge mouillé sans lésions bulleuses,"Incorrecte. Ce signe est lié à la rupture des bulles, mais ne définit pas le mécanisme auto-immun.",a
328,OIC-112-02-A,Quelle méthode permet de confirmer la nature auto-immune d'une dermatose bulleuse?,La question évalue la compréhension de la validation diagnostique d'une dermatose bulleuse auto-immune. Un piège courant est de confondre les examens cliniques avec les méthodes de confirmation.,La positivité de l'immunofluorescence directe,"Correcte. La positivité de l'immunofluorescence directe montre la présence d'auto-anticorps, confirmant le mécanisme auto-immun.",L'analyse histologique standard,Incorrecte. L'histologie distingue la localisation de la bulle mais ne précise pas le mécanisme auto-immun.,La présence de signe de Nikolsky,"Incorrecte. Le signe de Nikolsky est un critère clinique de suspicion, non de confirmation.",Le nombre de biopsies cutanées,"Incorrecte. Deux biopsies sont nécessaires pour les analyses, mais leur nombre ne confirme pas la nature auto-immune.",a
329,OIC-112-04-A,Quelle est la principale utilité de la biopsie cutanée dans le diagnostic d'une dermatose bulleuse?,Cette question évalue la compréhension de l'objectif principal de la biopsie cutanée dans le contexte des maladies bulleuses. Un piège courant est de confondre la distinction entre causes auto-immunes et non auto-immunes avec d'autres aspects diagnostiques.,Confirmer la présence d'une infection bactérienne sous-jacente,"Incorrect. La biopsie ne permet pas de diagnostiquer directement les infections bactériennes, qui sont évoquées comme étiologies non auto-immunes mais ne sont pas le principal objectif de la biopsie.",Affirmer le diagnostic de maladie bulleuse auto-immune ou évoquer une cause non auto-immune,Correct. C'est l'objectif principal mentionné dans le texte : la biopsie permet de confirmer ou d'exclure les causes auto-immunes et d'orienter vers d'autres étiologies.,Déterminer la gravité de la lésion bulleuse,"Incorrect. La gravité des lésions n'est pas l'objectif principal de la biopsie, mais plutôt la nature de l'étiologie (auto-immune ou non).",Identifier la cause exacte de la maladie sans examen complémentaire,"Incorrect. La biopsie est un examen complémentaire, et son interprétation nécessite des analyses spécifiques comme l'immunofluorescence directe.",b
330,OIC-112-05-B,Quelle est l'étiologie des maladies bulleuses qui n'est pas mentionnée dans le contenu?,Cette question évalue la capacité à distinguer les étiologies des maladies bulleuses. Le piège réside dans la confusion entre les causes directes et les pathologies associées (comme la vascularite).,Toxidermie bulleuse,Correcte. La toxidermie bulleuse (syndrome de Lyell) est explicitement mentionnée comme étiologie.,Érythème polymorphe bulleux,Correcte. L'érythème polymorphe bulleux est listé comme une étiologie spécifique.,Bulles d'origine thermique,"Correcte. Les causes thermiques (froid, chaleur, frottement) sont explicitement évoquées.",Vascularite,"Incorrecte. La vascularite est mentionnée comme un item séparé (voir item 193), non comme une étiologie directe des maladies bulleuses.",d
331,OIC-112-06-A,Quelle est la caractéristique principale d'une lésion bulleuse?,Cette question évalue la capacité à identifier les caractéristiques visuelles d'une lésion bulleuse. Un piège courant est de confondre les bulles avec d'autres lésions cutanées comme les pustules ou les vésicules.,"Contenu clair, paroi mince et tendue",Correcte. Les bulles sont définies par leur contenu liquide clair et leur paroi fragile.,"Contenu purulent, paroi épaisse et rouge","Incorrecte. Cela décrirait une pustule, une lésion remplie de pus, non une bulle.","Surface solide, rouge et inflammatoire","Incorrecte. Cela correspond à une abcès, une lésion profonde et infectée.",Petite zone rougeâtre et prurigineuse,"Incorrecte. Cela décrirait une vésicule, une lésion plus petite que une bulle.",a
332,OIC-112-07-B,Quelle est la caractéristique principale de la pemphigoïde bulleuse observée sur la photographie?,Cette question évalue la capacité à identifier les signes cliniques distinctifs de la pemphigoïde bulleuse. Le piège réside dans la confusion avec d'autres pathologies cutanées.,Bulles tendues à contenu clair ou hémorragique avec des croûtes rondes,Correcte. Cette description correspond exactement aux caractéristiques cliniques de la pemphigoïde bulleuse mentionnées dans le contenu.,Bulles flasques avec contenu sanguin et des lésions de type eczémateux,"Incorrecte. Les bulles flasques et l'eczéma ne sont pas les signes typiques de la pemphigoïde bulleuse, qui présente des bulles tendues.",Lésions pustuleuses avec des croûtes irrégulières,"Incorrecte. Les pustules et les croûtes irrégulières sont associées à d'autres affections cutanées, comme le psoriasis.",Lésions prurigineuses avec des plaques érythémateuses,Incorrecte. Les lésions prurigineuses et érythémateuses correspondent plutôt à une urticarie ou à une allergie cutanée.,a
333,OIC-112-08-B,Quelle est la caractéristique clinique principale des lésions de pemphigus vulgaire observées sur la photographie?,Cette question évalue la capacité à identifier les lésions typiques du pemphigus vulgaire. Le piège réside dans la confusion avec d'autres pathologies cutanées présentant des bulles.,Bulles flasques avec érosions à bords déchiquetés,Correcte. Les bulles flasques et les érosions à bords irréguliers sont des signes cliniques emblématiques du pemphigus vulgaire.,Bulles tendues avec des croûtes brunes,"Incorrecte. Les bulles tendues et les croûtes brunes sont typiques du bullous pemphigoid, une autre dermatose bulleuse différente.",Vésicules groupées avec des lésions pustuleuses,"Incorrecte. Les vésicules et les pustules sont associées à des infections virales comme la varicelle, pas au pemphigus.",Lésions érythémateuses avec des plaques squameuses,"Incorrecte. Les lésions érythémateuses et squameuses correspondent à des pathologies comme la psoriasis, non au pemphigus.",a
334,OIC-121-02-B,Quelle est la principale finalité de la prise en charge du handicap psychique selon le contenu?,"La question évalue la compréhension des objectifs de la prise en charge, en mettant en évidence le focus sur les compétences sociales et professionnelles. Le piège réside dans l'option qui mentionne la médication ou la réduction des symptômes.",La réhabilitation psychosociale vise à aider la personne à se rétablir en développant ses compétences sociales et professionnelles.,"Correcte. Elle reflète l'objectif de développement des compétences pour vivre avec les trois niveaux du handicap (scolarité, travail, etc.).",La prise en charge se concentre principalement sur la médication pour traiter les symptômes.,"Incorrecte. Le contenu ne mentionne pas la médication comme axe principal, mais plutôt la psychoéducation et la réhabilitation psychosociale.",Le rétablissement est uniquement axé sur la réduction des symptômes psychiques.,"Incorrecte. Le contenu insiste sur l'adaptation à la vie quotidienne, non seulement sur la réduction des symptômes.",La psychoéducation est limitée à l'information des proches du patient.,Incorrecte. Le contenu précise que la psychoéducation vise à éduquer à la fois le patient et ses proches.,a
335,OIC-121-03-B,Quelle méthode est utilisée pour combiner les trois approches de prise en charge psychothérapeutique afin d'atteindre une efficacité globale?,"Cette question évalue la compréhension de l'importance de la combinaison des trois méthodes (éducation thérapeutique, psychothérapies, remédiation cognitive) pour une prise en charge complète. Un piège courant est de croire qu'une seule méthode suffit.",L'éducation thérapeutique seule,"Incorrect. L'éducation thérapeutique est une des trois méthodes, mais elle ne suffit pas seule pour une prise en charge globale.",La remédiation cognitive seule,"Incorrect. La remédiation cognitive est une des trois méthodes, mais elle ne couvre pas les aspects sociaux et relationnels.",Les thérapies cognitivo-comportementales (TCC) seule,"Incorrect. Les TCC sont une sous-catégorie des psychothérapies, mais elles ne remplacent pas les autres méthodes essentielles.",La combinaison des trois méthodes,Correct. Le texte souligne clairement que les trois méthodes doivent être combinées pour une efficacité médicale et sociale optimale.,d
336,OIC-121-04-B,Quelle est la principale mesure de soutien au logement pour les personnes en réhabilitation psychosociale?,Cette question évalue la compréhension des mesures spécifiques liées au logement dans la réhabilitation psychosociale. Un piège courant est de confondre les aides au logement avec les dispositifs liés au travail ou à la vie sociale.,"Des appartements thérapeutiques, des services d’aides à la vie sociale (SAVS) et des établissements d’hébergement collectif",Correcte. Ces mesures correspondent aux options de logement mentionnées dans le contenu éducatif.,Des emplois en milieu protégé et une reconnaissance en qualité de travailleur handicapé (RQTH),"Incorrecte. Ces mesures relèvent du domaine du travail, pas du logement.",Des groupes d’entraide mutuelle (GEM) et la participation aux instances publiques,"Incorrecte. Ces mesures sont liées à la vie sociale, non au logement.",Des traitements médicaux et des consultations psychiatriques régulières,Incorrecte. Ces mesures ne sont pas mentionnées comme des aides au logement dans le contenu.,a
337,OIC-121-05-B,Quelle mesure de protection juridique est temporaire et utilisée en attendant une curatelle ou une tutelle?,Cette question évalue la compréhension des différences entre les mesures de protection juridique. Un piège courant est de confondre la sauvegarde de justice avec la curatelle ou la tutelle.,Sauvegarde de justice,"Correcte. La sauvegarde de justice est une mesure temporaire et provisoire, utilisée pour une protection rapide ou en attente d'une décision plus définitive.",Curatelle,"Incorrecte. La curatelle est une mesure de protection permanente qui permet à la personne d'être assistée dans ses actes, sans la représenter.",Tutelle,"Incorrecte. La tutelle est une mesure de protection permanente qui permet à la personne d'être représentée dans ses actes, contrairement à la sauvegarde de justice.",Protection permanente,Incorrecte. Cette option est ambiguë et ne correspond pas à une mesure spécifique mentionnée dans le contenu éducatif.,a
338,OIC-124-01-A,Quelle est la définition correcte de la ménopause selon le texte?,"Cette question évalue la compréhension de la définition de la ménopause. Le piège réside dans la confusion entre la ménopause et la péri-ménopause, ainsi que dans l'interprétation des critères diagnostiques.","Arrêt permanent des menstruations après 12 mois d'aménorrhée sans cause évidente, chez une femme de plus de 45 ans.",Correcte. Cela correspond exactement à la définition OMS 1996 citée dans le texte.,Période avant la ménopause caractérisée par des cycles irréguliers et des bouffées de chaleur.,"Incorrecte. Cette description correspond à la péri-ménopause, non à la ménopause.",Dosage de la FSH et de l'estradiol plasmatique est toujours utile pour diagnostiquer la ménopause.,"Incorrecte. Le texte précise que ces dosages n'ont qu'un intérêt limité, sauf cas particuliers.",La ménopause est définie par la présence de symptômes comme la sécheresse vaginale et les sueurs nocturnes.,Incorrecte. Ces symptômes sont associés à la ménopause mais ne constituent pas sa définition officielle.,a
339,OIC-124-03-B,Quelle est la définition correcte de l'insuffisance ovarienne prématurée (IOP)?,Cette question évalue la compréhension des critères diagnostiques de l'IOP. Un piège courant est de confondre l'âge de 40 ans avec d'autres seuils (ex. 35 ans).,"Aménorrhée primaire ou secondaire de plus de 4 mois avant 40 ans, associée à une augmentation des gonadotrophines hypophysaires","Correcte : Cite les trois critères essentiels (aménorrhée, âge, gonadotrophines) conformément à la définition.","Aménorrhée primaire de plus de 4 mois avant 35 ans, sans mention des gonadotrophines",Incorrecte : Le seuil d'âge est erroné (35 vs 40 ans) et omit l'élément des gonadotrophines.,"FSH > 25 UI/l et estradiol < 20 pg/ml à 2 reprises, sans mention de l'âge",Incorrecte : Les valeurs biologiques sont nécessaires mais ne suffisent pas sans le critère de l'âge.,"Insuffisance ovarienne liée à une maladie auto-immune, sans mention de l'âge","Incorrecte : La cause auto-immune est une étiologie possible, mais non le critère diagnostique principal.",a
340,OIC-124-05-A,Quels sont les principaux symptômes du syndrome climatérique liés à la carence oestrogénique?,Cette question évalue la compréhension des symptômes principaux du syndrome climatérique. Un piège courant est de confondre les symptômes secondaires (comme la prise de poids) avec les principaux.,Troubles vaso-moteurs et troubles de l'humeur,Correcte. Ces symptômes sont directement attribuables à la carence oestrogénique et figurent en gras dans le contenu.,Arthralgies et insomnie,"Incorrecte. Les arthralgies sont mentionnées mais décrites comme de type inflammatoire, non principales. L'insomnie est un symptôme secondaire.",Perte de mémoire et prise de poids,Incorrecte. Ces symptômes sont liés à la carence oestrogénique mais classés comme secondaires dans le tableau.,Sécheresse vulvo-vaginale et asthénie,"Incorrecte. Ces symptômes sont associés à la carence oestrogénique mais figurent dans la catégorie des signes physiques, non comme principaux.",a
341,OIC-124-06-B,Quelle est la caractéristique principale des bouffées vaso-motrices atypiques?,"Cette question évalue la capacité à distinguer les bouffées atypiques des typiques. Un piège courant est de confondre les facteurs déclencheurs (émotions, température) avec des signes atypiques.",Ne cèdent pas avec l’utilisation d’un traitement hormonal de ménopause adapté,Correcte. L'inefficacité du traitement hormonal est un critère clé pour identifier les bouffées atypiques.,Sont essentiellement nocturnes et sans signe prémonitoire,"Incorrecte. C’est une caractéristique des bouffées typiques, non atypiques.",Apparaissent le plus souvent pendant la ménopause,Incorrecte. Les bouffées atypiques peuvent survenir à distance de la ménopause.,Sont favorisées par des émotions ou des températures élevées,"Incorrecte. Ces facteurs favorisent les bouffées typiques, pas atypiques.",a
342,OIC-124-07-A,Quel est le principal symptôme associé à l'hypoœstrogénie selon le contenu?,Cette question évalue la capacité à identifier les symptômes spécifiques de l'hypoœstrogénie. Le piège réside dans la confusion avec les symptômes de l'hyperœstrogénie ou les manifestations comunes à plusieurs états.,Sécheresse vulvo-vaginale,"Correcte. La sécheresse vulvo-vaginale est un symptôme clé de l'hypoœstrogénie, directement lié à la baisse des estrogènes.",Mastodynies bilatérales,"Incorrecte. Les mastodynies sont des symptômes de l'hyperœstrogénie, non de l'hypoœstrogénie.",Prise de poids,"Incorrecte. Bien que mentionnée dans les deux conditions, la prise de poids n'est pas spécifique à l'hypoœstrogénie.",Irritabilité,"Incorrecte. L'irritabilité est associée à l'hyperœstrogénie, non à l'hypoœstrogénie.",a
343,OIC-124-09-B,Quelle est la principale raison de l'association obligatoire d'un progestatif avec les estrogènes dans le traitement hormonal de la ménopause?,"La question évalue la compréhension de la nécessité de l'association progestatif-estrogène pour prévenir le cancer de l'endomètre. Un piège courant est de confondre cette association avec d'autres aspects du traitement (voie d'administration, risques thrombo-emboliques).",Prévenir le risque de cancer de l'endomètre induit par les estrogènes seuls,"Correcte. L'association progestatif-estrogène est essentielle pour protéger l'endomètre, qui est à risque de hyperplasie sous l'effet des estrogènes isolés.",Réduire les effets secondaires liés à la voie orale des estrogènes,"Incorrecte. La voie d'administration (orale vs parentérale) est liée à la réduction des risques thrombo-emboliques, pas à l'association progestatif-estrogène.",Améliorer l'efficacité des estrogènes sur la densité osseuse,"Incorrecte. L'efficacité sur l'ostéoporose est un effet secondaire du THM, mais non la raison de l'association obligatoire avec un progestatif.",Minimiser le risque de cancer du sein,"Incorrecte. Les progestatifs recommandés (progesterone naturelle, dydrogestérone) ont un meilleur profil de risque pour le sein, mais ce n'est pas la principale raison de l'association.",a
344,OIC-124-16-B,Quelle est la principale cause de l'augmentation des symptômes liés à la baisse de testostérone chez l'homme âgé?,La question évalue la compréhension des mécanismes physiopathologiques de la baisse de testostérone. Un piège courant est de négliger l'impact des récepteurs androgéniques.,La diminution de la sécrétion de GnRH et la réduction des récepteurs androgéniques,"Incorrect : Omet la baisse de testostérone, qui est un facteur clé dans la pathogénie des symptômes.",La diminution de la sécrétion de testostérone et la réduction des récepteurs androgéniques,"Incorrect : Omet la diminution de GnRH, qui influence la sécrétion testiculaire.",La diminution de la sécrétion de GnRH et la diminution de la sécrétion de testostérone,Incorrect : Omet l'effet des récepteurs androgéniques sur l'expression des symptômes.,"La diminution de la sécrétion de GnRH, la diminution de la sécrétion de testostérone et la réduction des récepteurs androgéniques","Correct : Intègre les trois mécanismes clés (GnRH, testostérone, récepteurs) expliquant l'aggravation des symptômes.",d
345,OIC-124-17-A,Quelle est la définition correcte du déficit biochimique dans le diagnostic d'andropause?,La question évalue la compréhension des critères biologiques du diagnostic d'andropause. Le piège courant est de confondre les symptômes cliniques (comme la gynécomastie) ou les outils d'évaluation (comme le score ADAM) avec les seuils hormonaux.,"Testostérone totale < 2,3 ng/ml ou entre 2,3 et 3,5 ng/ml avec testostérone biodisponible < 0,7 ng/ml et testostérone libre < 0,07 ng/ml",Correcte. Cela correspond aux seuils biologiques définis pour le déficit biochimique.,Score ADAM pour évaluer les troubles de la sexualité,"Incorrecte. Le score ADAM est un outil clinique d'évaluation des symptômes, non un critère biologique de diagnostic.",Présence de gynécomastie et de sarcopénie,"Incorrecte. Ces signes sont des éléments cliniques, mais non des critères biologiques définissant le déficit biochimique.",Confirmation des niveaux de testostérone après 2 à 4 semaines,"Incorrecte. Cette étape est une validation secondaire, pas le critère initial de diagnostic.",a
346,OIC-124-18-B,Quel est le diagnostic différentiel principal à considérer lors d'un SDT (syndrome de déficit androgénique lié à l'âge)?,Cette question évalue la capacité à identifier le diagnostic différentiel principal dans un contexte de SDT. Le piège réside dans la confusion avec d'autres pathologies moins fréquentes.,Hypothyroïdie,Incorrect. L'hypothyroïdie est un diagnostic différentiel possible mais non principal dans le SDT.,Adénome à prolactine,"Incorrect. Cet adénome est une cause spécifique de hypogonadisme, mais pas le diagnostic différentiel principal.",Hypogonadisme iatrogène,"Incorrect. L'hypogonadisme iatrogène est une cause secondaire, non le diagnostic différentiel principal.",Vieillissement naturel,Correct. Le vieillissement naturel est le diagnostic différentiel principal à éliminer en premier lieu.,d
347,OIC-127-02-A,Quelle est la démarche diagnostique principale pour l'hypertrophie bénigne de la prostate (HBP)?,Cette question évalue la compréhension des étapes clés du diagnostic de l'HBP. Un piège courant est de confondre les examens complémentaires (comme l'ultrason) avec les éléments centraux du diagnostic.,"Contexte clinique, interrogatoire, absence d'autre cause et toucher rectal",Correcte. Ces éléments sont les bases du diagnostic de l'HBP selon le contenu éducatif.,Imagerie par résonance magnétique et dosage de la PSA,"Incorrecte. Bien que la PSA soit utilisée, l'imagerie n'est pas le pilier principal du diagnostic initial.",Recherche d'hématurie et de facteurs de risque de sténose urétrale,"Incorrecte. Ces éléments relèvent des diagnostics différentiels, non de la démarche diagnostique principale.",Présence de polyurie et de troubles alimentaires,"Incorrecte. Ces signes sont des éléments de différentielle, pas des critères diagnostiques directs.",a
348,OIC-127-03-A,Quelle complication de l'hypertrophie bénigne de la prostate (HBP) nécessite une prise en charge thérapeutique immédiate?,Cette question évalue la compréhension des urgences liées à l'HBP. Le piège courant est de confondre les complications aiguës avec des manifestations moins urgentes.,Rétention aiguë d'urine,Correcte. La rétention aiguë d'urine est une urgence médicale nécessitant une dérivation urinaire immédiate et un traitement alpha-bloquant.,Infection urinaire,"Incorrecte. Bien qu'urgente, l'infection urinaire est traitée avec une antibiothérapie probabiliste, non une dérivation urinaire immédiate.",Hématurie macroscopique,"Incorrecte. L'hématurie est une complication possible mais non urgente, nécessitant une investigation pour éliminer d'autres causes.",Insuffisance rénale aiguë,"Incorrecte. L'insuffisance rénale est une complication secondaire, traitée après dérivation urinaire et surveillance des signes d'obstruction.",a
349,OIC-127-06-B,Quelle exploration paraclinique n'est PAS réalisée en première intention pour le bilan d'une hypertrophie bénigne de la prostate (HBP)?,Cette question évalue la compréhension des examens initiaux pour l'HBP. Le piège courant est de confondre le test PSA (non mentionné) avec les examens listés.,ECBU,Correcte. L'ECBU est explicitement mentionnée comme examen initial pour détecter l'hématurie ou une infection urinaire.,Débitmétrie,Correcte. Le débitmètre est cité comme examen initial pour objectiver la dysurie et analyser la vidange vésicale.,Résidu post-mictionnel,"Correcte. Le résidu post-mictionnel est explicitement décrit comme examen initial, évalué par échographie ou Bladder Scan©.",PSA (protéine spécifique de la prostate),"Incorrecte. Le PSA n'est pas mentionné comme examen initial dans le contenu éducatif, contrairement aux trois autres options.",d
350,OIC-127-07-B,Quelle exploration paraclinique n'est pas systématique en première intention pour l'hypertrophie bénigne de la prostate?,Cette question évalue la compréhension des explorations paracliniques de première intention. Le piège courant est de confondre l'urodynamique avec d'autres examens.,PSA total,"Incorrect. Le PSA est non systématique mais utile pour écarter le cancer de la prostate, non systématique en première intention.",Créatininémie,"Incorrect. La créatininémie est optionnelle en l'absence de signes d'insuffisance rénale, pas systématique en première intention.",Échographie vésicale,"Incorrect. L'échographie vésicale est optionnelle en l'absence de retentissement vésical, pas systématique en première intention.",Bilan urodynamique,"Correct. Le bilan urodynamique est un examen invasif de deuxième intention, réalisé uniquement en cas de discordance clinique ou de pathologie neurologique.",d
351,OIC-127-09-A,Quelle situation justifie un avis spécialisé selon l'Association Française d'Urologie?,La question évalue la compréhension des critères cliniques justifiant une consultation spécialisée. Le piège réside dans la confusion entre les situations liées à l'HBP et celles non liées.,"SBAU a priori non liés à une HBP (patient < 50 ans, nycturie isolée, contexte particulier...)",Correcte. Cette situation est explicitement mentionnée comme justifiant un avis spécialisé.,"Anomalie à l'examen clinique (globe palpable, phimosis serré)","Incorrecte. Bien que mentionnée, cette situation est un critère secondaire et non prioritaire.","ECBU anormal (bactériurie, hématurie)","Incorrecte. L'ECBU anormal est un critère de surveillance, pas une indication immédiate de spécialisation.",Augmentation du PSA,"Incorrecte. L'augmentation du PSA est un facteur de risque, mais non une justification directe d'un avis spécialisé.",a
352,OIC-132-02-A,Quelle est la caractéristique histopathologique principale de la maladie d'Alzheimer?,"Cette question évalue la compréhension des lésions cérébrales spécifiques à la maladie d'Alzheimer. Le piège réside dans la confusion entre les différents types de lésions (plaques, tangles, neuroinflammation, perte neuronale).",Plaques amyloïdes,"Correcte. Les plaques amyloïdes sont les lésions extracellulaires caractéristiques de la maladie d'Alzheimer, formées de dépôts de peptides Aβ.",Dégénérescences neurofibrillaires,"Incorrecte. Les tangles neurofibrillaires sont des lésions intracellulaires associées, mais elles ne sont pas la principale caractéristique diagnostique.",Activation de la neuroinflammation,"Incorrecte. La neuroinflammation est une réponse secondaire aux lésions, non une lésion spécifique de la maladie.",Perte neuronale,"Incorrecte. La perte neuronale est une conséquence des lésions, pas une lésion histopathologique directe.",a
353,OIC-132-04-B,Quelle est la combinaison correcte des éléments cliniques positifs permettant de poser le diagnostic de la maladie à corps de Lewy?,La question évalue la compréhension des critères diagnostiques spécifiques de la MCL. Le piège réside dans la confusion avec les symptômes de la maladie de Parkinson ou d'autres démences.,"Troubles cognitifs progressifs, syndrome parkinsonien, hallucinations visuelles précoces et fluctuations",Correcte. Ces éléments correspondent aux critères cliniques de Mc Keith (2017) pour le diagnostic de la MCL.,"Atteinte des fonctions exécutives, tremblements, hallucinations auditives et dépression","Incorrecte. Les tremblements sont plus associés à la maladie de Parkinson, et la dépression est un symptôme secondaire non spécifique.","Hypotension orthostatique, hypersensibilité aux neuroleptiques et apathie","Incorrecte. Ces symptômes sont des manifestations secondaires, non diagnostiques en eux-mêmes.","Troubles du comportement en sommeil paradoxal, hypersomnie et hyposmie","Incorrecte. Ces symptômes, bien que présents, ne suffisent pas à établir un diagnostic spécifique de MCL.",a
354,OIC-132-05-A,Quelle pathologie est une cause réversible de troubles neuro-cognitifs selon le contenu?,La question évalue la capacité à distinguer les causes réversibles des causes irréversibles des troubles neuro-cognitifs. Un piège courant est de confondre les pathologies traitables avec celles qui ne le sont pas.,Hydrocéphalie à pression normale,"Correcte : Cette pathologie peut être traitée par des interventions chirurgicales ou médicamenteuses, permettant une amélioration ou une réversibilité des troubles.",Tumeur intra-crânienne,"Incorrecte : Les tumeurs cérébrales sont généralement irréversibles sans traitement curatif, qui est rare dans les cas avancés.",Maladies inflammatoires systémiques,"Incorrecte : Ces pathologies nécessitent souvent un traitement prolongé et ne sont pas systématiquement réversibles, surtout en cas d'atteinte cérébrale irréversible.",Syndromes paranéoplasiques,"Incorrecte : Bien que certains syndromes paranéoplasiques soient traitables, leur réversibilité dépend de la réponse au traitement et n'est pas garantie dans tous les cas.",a
355,OIC-132-08-A,Quels examens biologiques sont considérés comme prioritaires dans l'évaluation d'un trouble neuro-cognitif?,Cette question évalue la compréhension des examens de base à réaliser en premier lieu. Le piège réside dans la confusion entre les examens de première intention et ceux réalisés selon le contexte.,"Numération-Formule sanguine, CRP, TSH, ionogramme sanguin avec calcémie, glycémie à jeun, albuminémie",Correcte. Ces examens constituent la première intention pour identifier des facteurs aggravants ou des comorbidités.,"SGOT/SGPT, γGT, sérologies TPHA-VDRL, HIV, vitamines B12, B9",Incorrecte. Ces examens sont réalisés selon le contexte et non comme première intention.,"Numération-Formule sanguine, CRP, TSH, SGOT/SGPT, γGT",Incorrecte. Mélange des examens de première intention avec ceux réalisés selon le contexte.,Ponction lombaire pour détecter des biomarqueurs de la maladie d'Alzheimer,"Incorrecte. La ponction lombaire est une procédure secondaire, non prioritaire dans l'évaluation initiale.",a
356,OIC-132-09-A,Quelle est la principale composante de la prise en charge médicale d’un patient avec trouble neuro-cognitif?,La question évalue la compréhension des axes principaux de la prise en charge. Le piège réside dans la confusion entre les éléments spécifiques (ex : traitements médicamenteux) et les fondamentaux (ex : ALD 15).,Mise en place de l’ALD 15 et interventions non médicamenteuses,"Correcte. L’ALD 15 est une étape clé de la prise en charge initiale, et les interventions non médicamenteuses (ex : rééducation) sont des piliers essentiels.",Traitements médicamenteux et gestion des comorbidités,"Incorrecte. Bien que pertinents, ces éléments sont des composantes secondaires par rapport aux mesures préventives et structurelles (ex : ALD 15).",Évitement de l’iatrogénie et surveillance nutritionnelle,"Incorrecte. Ces aspects sont importants mais représentent des mesures de sécurité, non la base de la prise en charge globale.",Remédiation cognitive et orientation vers les services sociaux,"Incorrecte. Ces actions sont des mesures complémentaires, non la priorité immédiate de la prise en charge médicale.",a
357,OIC-132-10-A,Quelle mesure est associée à la prise en charge des aidants dans le contexte des troubles neuro-cognitifs?,Cette question évalue la compréhension des axes de prise en charge des aidants. Le piège réside dans la confusion entre les mesures de protection juridique et les actions spécifiques de soutien aux aidants.,Mise en place d'un gestionnaire de cas pour surveiller l'environnement du patient,"Incorrect. Le gestionnaire de cas relève des mesures de protection juridique, non directement de la prise en charge des aidants.",Prise en charge de répit via des séjours en EHPAD ou des auxiliaires de vie,Correct. La prise en charge de répit est explicitement mentionnée comme une mesure de soutien aux aidants.,Stimulation multisensorielle en groupe pour le patient,"Incorrect. La stimulation multisensorielle est une thérapie non médicamenteuse pour le patient, pas pour les aidants.",Examen des risques liés à la conduite automobile du patient,"Incorrect. Cette mesure relève de la protection du patient, non de la prise en charge des aidants.",b
358,OIC-132-12-B,Quelle est la principale approche recommandée dans la prise en charge des troubles du comportement perturbateurs chez un sujet âgé avec trouble neuro-cognitif?,La question évalue la compréhension de la priorité donnée aux approches non médicamenteuses. Un piège courant est de privilégier immédiatement les traitements pharmacologiques.,Éliminer un syndrome confusionnel,"C'est une étape diagnostique essentielle, mais elle n'est pas la principale approche thérapeutique.",Protéger le patient et se protéger,"Cette mesure est cruciale pour la sécurité, mais elle relève de la gestion d'urgence et non du principe central de prise en charge.",Privilégier les approches non médicamenteuses,"Correcte. C'est le principe fondamental évoqué dans le contenu, priorisant le calme et les interventions non invasives.",Utiliser des antipsychotiques atypiques,Cette approche est réservée aux cas graves et ne constitue pas le premier plan de traitement.,c
359,OIC-132-13-B,Les lésions cérébrales de la maladie d’Alzheimer sont principalement caractérisées par :,Cette question évalue la compréhension des éléments physiopathologiques centraux de la maladie d’Alzheimer. Le piège réside dans la confusion avec d’autres pathologies neurodégénératives ou les lésions secondaires.,"Plaques amyloïdes, dégénérescences neurofibrillaires, neuroinflammation et perte neuronale","Correcte. Ces éléments sont les lésions principales et spécifiques de la maladie d’Alzheimer, décrites dans le contenu.",Lésions vasculaires ischémiques et micro-hémorragies,"Incorrecte. Ces lésions sont fréquentes chez les personnes âgées, mais elles sont des co-pathologies, non des caractéristiques principales de la maladie d’Alzheimer.",Lésions de type Lewy et atrophie cérébrale,"Incorrecte. Les lésions de type Lewy sont associées à la maladie de Parkinson, pas à la maladie d’Alzheimer.",Dégénérescence striatale et dystrophie musculaire,"Incorrecte. Ces lésions correspondent à des pathologies distinctes (ex : Huntington, myopathies), non à la maladie d’Alzheimer.",a
360,OIC-132-14-B,Quel est l'élément clinique principal permettant de poser le diagnostic d'une dégénérescence lobaire fronto-temporale (DFT)?,Cette question évalue la compréhension des critères diagnostiques spécifiques des DFT. Le piège réside dans la confusion avec d'autres pathologies neurodégénératives.,Troubles du comportement et syndrome dysexécutif,"Correcte. Ces troubles cliniques sont des éléments diagnostiques majeurs des DFT, reflétant l'atteinte des aires frontales et temporales.",Présence d'antécédents familiaux de DFT,"Incorrecte. Bien que les antécédents familiaux puissent être présents, ils ne constituent pas un critère diagnostique principal.",Atrophie frontale et temporaire bilatérale à l'IRM,"Incorrecte. L'atrophie est un élément radiologique important, mais le diagnostic repose principalement sur les signes cliniques.",Apparition de signes pyramidaux et astasie-abasie,Incorrecte. Ces signes neurologiques apparaissent en phase avancée et ne sont pas spécifiques aux DFT.,a
361,OIC-133-02-B,Quels sont les éléments constitutifs du score GIR?,Cette question évalue la compréhension des variables discriminantes du score GIR. Un piège courant est de confondre les variables avec les groupes Iso-ressources (GIR 1 à 6) ou le score lui-même.,"Cohérence, Orientation, Toilette, Habillage, Alimentation, Élimination urinaire et fécale, Transfert, Déplacement à l’intérieur, Déplacement à l’extérieur, Communication à distance",Correcte. Cette option liste toutes les variables discriminantes du score GIR définies dans le contenu.,Groupes Iso-ressources (GIR 1 à 6),"Incorrecte. Les groupes Iso-ressources sont des catégories de dépendance, pas les éléments constitutifs du score GIR.","Score GIR, Coopération, Résistance, Indépendance","Incorrecte. Le score GIR ne comprend pas ces termes. « Score GIR » est le nom du système, pas une variable.","Cohérence, Orientation, Toilette, Habillage, Alimentation, Élimination urinaire et fécale, Transfert, Déplacement à l’intérieur",Incorrecte. Cette option manque les variables « Déplacement à l’extérieur » et « Communication à distance ».,a
362,OIC-133-03-A,Quelle est la séquence correcte des termes selon la théorie de Wood pour expliquer la perte d'indépendance fonctionnelle?,"Cette question évalue la compréhension de la séquence de Wood. Un piège courant est de confondre les termes 'déficit', 'incapacité' et 'handicap' dans un ordre incorrect.",Déficit → Incapacité → Handicap,"Correcte. Cette séquence reflète l'ordre logique : une anomalie (déficit) entraîne une perte de fonction (incapacité), qui se traduit par un désavantage (handicap).",Déficit → Handicap → Incapacité,"Incorrecte. Le handicap est une conséquence de l'incapacité, pas de la déficience directement. Cette option inverse les étapes clés.",Incapacité → Déficit → Handicap,"Incorrecte. Le déficit précède l'incapacité, car la déficience est la cause initiale de la perte de fonction. Cette option inverse l'ordre logique.",Handicap → Déficit → Incapacité,"Incorrecte. Le handicap est une conséquence finale, pas une cause. Cette option inverse la séquence et confond les concepts.",a
363,OIC-133-04-A,Quelle échelle permet d'évaluer la capacité d'une personne âgée à vivre seule à son domicile?,Cette question évalue la compréhension des objectifs des échelles ADL et IADL. Le piège courant est de confondre l'objectif principal de chaque échelle.,L'échelle de Katz,"Incorrect. L'échelle de Katz mesure les actes de base (ADL), pas la capacité à vivre seul.",L'échelle d'activités instrumentales de la vie quotidienne (IADL),"Correct. L'IADL évalue les compétences nécessaires pour vivre seul, comme gérer son budget ou faire des courses.",L'échelle de continence,"Incorrect. La continence est un item spécifique de l'ADL, non une échelle indépendante.",L'échelle de dépendance cognitive,Incorrect. Aucune échelle de ce nom n'est mentionnée dans le contenu éducatif.,b
364,OIC-133-05-B,Quel est le facteur de risque commun à toutes les causes de dépendance iatrogène mentionnées?,Cette question évalue la compréhension des interactions entre les facteurs de risque et la notion de facteurs communs. Un piège courant est de confondre les causes spécifiques avec les facteurs de risque partagés.,Syndrome d’immobilisation,Incorrect. Ce facteur est spécifique à l’hospitalisation et non un risque commun à toutes les causes.,Confusion aiguë,"Incorrect. Bien que fréquent, la confusion aiguë n’est pas un facteur de risque partagé par toutes les causes mentionnées.",Dénutrition,"Incorrect. La dénutrition est une cause spécifique, non un facteur de risque commun à toutes les situations.",Effets indésirables des médicaments,Correct. Les effets indésirables des médicaments sont cités comme un facteur de risque commun à toutes les causes de dépendance iatrogène.,d
365,OIC-133-07-A,Quelle aide financière est principalement attribuée aux personnes âgées selon le degré d'autonomie évalué par la grille GIR?,Cette question évalue la compréhension des aides financières liées au degré d'autonomie. Un piège courant est de confondre les aides pour les GIR 5-6 avec celles des GIR 1-4.,Allocation Personne Âgée (APA) pour les GIR 1 à 4,Correcte. L'APA est spécifiquement attribuée aux GIR 1 à 4 et couvre les aides à domicile et les aménagements.,Aides sociales pour tous les GIR,Incorrecte. Les aides sociales ne sont pas mentionnées comme étant universelles dans le contenu.,Financement des EHPAD pour les GIR 5 à 6,"Incorrecte. Le financement des EHPAD est une partie de l'APA, non une aide distincte pour les GIR 5 à 6.",Aides mutuelles pour les GIR 1 à 4,"Incorrecte. Les mutuelles interviennent pour les GIR 5 à 6, pas pour les GIR 1 à 4.",a
366,OIC-133-09-B,Quel dispositif d’hébergement collectif est principalement destiné à accueillir des personnes âgées dépendantes en situation de maintien à domicile difficile et temporaire?,Cette question évalue la capacité à distinguer les dispositifs d’hébergement selon leur objectif principal. Le piège réside dans la confusion entre hébergement temporaire et structures médicales.,Établissements d’hébergement pour personnes âgées dépendantes (EHPAD),Correcte. Les EHPAD offrent un hébergement médicalisé et temporaire pour les personnes dépendantes en difficulté de maintien à domicile.,Établissements d’hébergement pour personnes âgées (EHPA),"Incorrecte. Les EHPA sont non médicalisés et destinés aux personnes autonomes, pas aux dépendantes.",Résidences autonomie,"Incorrecte. Bien qu’elles permettent un hébergement temporaire, elles sont conçues pour des personnes partiellement autonomes, non dépendantes.",Accueillants familiaux,"Incorrecte. Les accueillants familiaux offrent un cadre familial, mais non un hébergement collectif médicalisé.",a
367,OIC-134-05-B,Quel pourcentage des Français de plus de 18 ans souffrent de douleur quotidienne depuis plus de 3 mois?,Cette question évalue la compréhension des données d'épidémiologie des douleurs aiguës. Le piège réside dans la confusion entre prévalence des douleurs chroniques et douleurs quotidiennes.,31 %,Correcte. Cette statistique est explicitement mentionnée dans le contenu éducatif.,20 %,"Incorrecte. Ce pourcentage correspond à la prévalence des douleurs chroniques d'intensité modérée à sévère, non à la douleur quotidienne.",45 %,"Incorrecte. Ce taux concerne les arrêts de travail liés aux douleurs chroniques, non la prévalence de la douleur quotidienne.",70 %,"Incorrecte. Ce pourcentage correspond aux répercussions psycho-sociales des douleurs chroniques, pas à la douleur quotidienne.",a
368,OIC-134-07-A,Quelle est la principale étiologie des douleurs nociceptives selon le contenu?,La question évalue la compréhension des étiologies principales des douleurs nociceptives. Un piège courant est de confondre les douleurs nociceptives avec les douleurs neuropathiques.,"Douleurs traumatiques, inflammatoires, mécaniques, cancéreuses et induites par les soins",Correcte. Cette option résume toutes les étiologies mentionnées dans le contenu.,"Douleurs neuropathiques, inflammatoires et mécaniques","Incorrecte. Les douleurs neuropathiques ne sont pas des étiologies des douleurs nociceptives, mais une catégorie distincte.","Douleurs chroniques, inflammatoires et liées aux soins","Incorrecte. Les douleurs chroniques ne sont pas une étiologie spécifique, mais une classification temporelle. De plus, elle omet des étiologies clés comme les traumatismes.","Douleurs psychogènes, mécaniques et cancéreuses","Incorrecte. Les douleurs psychogènes ne sont pas évoquées dans le contenu. De plus, elle omet les étiologies traumatiques et inflammatoires essentielles.",a
369,OIC-134-08-A,Quel outil est utilisé pour différencier une douleur neuropathique d'une douleur nociceptive avec une sensibilité et spécificité élevées?,"La question évalue la connaissance du questionnaire DN4 comme outil diagnostique spécifique. Un piège courant est de confondre les examens complémentaires (IRM, électromyogramme) avec le diagnostic de nature neuropathique.",Questionnaire DN4,Correcte. Le DN4 est spécifiquement conçu pour différencier les douleurs neuropathiques des nociceptives avec une excellente sensibilité (>80%) et spécificité.,Imagerie par résonance magnétique (IRM),Incorrecte. L'IRM confirme la lésion nerveuse mais ne permet pas de différencier la nature de la douleur (neuropathique vs nociceptive).,Examen clinique complet,"Incorrecte. Bien que l'examen clinique soit utile, il ne remplace pas le questionnaire DN4 pour le diagnostic spécifique de la douleur neuropathique.",Électromyogramme (EMG),Incorrecte. L'EMG évalue la fonction nerveuse mais ne permet pas de différencier la douleur neuropathique des douleurs nociceptives.,a
370,OIC-134-09-A,Quelle est la classification principale des douleurs cancéreuses selon leur origine?,"Cette question évalue la compréhension de la classification des douleurs cancéreuses selon leur origine (liée au cancer ou aux traitements). Un piège courant est de confondre les mécanismes (nociceptifs, neuropathiques) avec les causes (tumeur, traitements).",Nociceptive ou neuropathique,Correcte. Les douleurs liées au cancer sont classées en nociceptive (par compression tissulaire) ou neuropathique (par lésion du système nerveux).,Mixte (neuropathique et nociceptive),"Incorrecte. Bien que les douleurs mixtes existent, la classification principale se base sur l'origine (tumeur vs traitements), non sur la combinaison de mécanismes.",Nociplastique,"Incorrecte. La nociplasticité est un mécanisme de douleur, non une classification selon l'origine. Elle est associée à des douleurs chroniques persistantes.",Douloureux paroxystique (ADP),"Incorrecte. Les ADP sont un type de douleur chronique, non une classification selon l'origine. Ils correspondent à des accès douloureux intenses.",a
371,OIC-136-02-A,Quelle est la mortalité actuelle imputable à l’anesthésie en France?,La question évalue la compréhension de l'évolution de la mortalité liée à l'anesthésie en France. Un piège courant est de confondre les données historiques avec les chiffres actuels.,1 décès pour 200 000 anesthésies,Correcte. Le texte indique que la mortalité actuelle est « autour de 1/200 000 ».,1 décès pour 150 000 anesthésies,"Incorrecte. Cette valeur correspond aux données de 1999, non à la mortalité actuelle.",1 décès pour 10 000 anesthésies,"Incorrecte. Cette valeur représente le taux des années 1980, avant les améliorations des procédures de sécurité.",1 décès pour 500 000 anesthésies,Incorrecte. Ce taux est inférieur à la valeur actuelle mentionnée dans le texte et n’est pas évoqué.,a
372,OIC-136-05-A,Quel type d’anesthésie peut être utilisé à des fins analgésiques ou dans la prise en charge de la douleur chronique?,Cette question évalue la compréhension des usages spécifiques des types d’anesthésie. Le piège réside dans la confusion entre les définitions des trois types.,Anesthésie générale,Incorrect. L’anesthésie générale induit une perte de conscience et ne sert pas à la douleur chronique.,Anesthésie locale,Incorrect. L’anesthésie locale est limitée à une zone spécifique et ne sert pas à la douleur chronique.,Anesthésie locorégionale,"Correct. Elle permet à la fois une analgésie et une gestion de la douleur chronique, comme mentionné dans le contenu.",Anesthésie locale (par infiltration),"Incorrect. Bien que réalisable par tout médecin, elle ne sert pas spécifiquement à la douleur chronique.",c
373,OIC-136-06-A,Quel est le mécanisme d'action des curares?,"Cette question évalue la compréhension du mécanisme d'action spécifique des curares, un élément clé des principes de l'anesthésie générale. Un piège courant est de confondre ce mécanisme avec les indications ou les complications.",Ils bloquent la transmission neuromusculaire en se liant aux récepteurs nicotiniques postsynaptiques.,"Correcte. Les curares agissent en bloquant la transmission neuromusculaire, ce qui induit une paralysie musculaire.",Ils provoquent une hypotension en inhibant la fonction cardiaque.,"Incorrecte. L'hypotension est une complication possible de l'anesthésie générale, mais non le mécanisme d'action des curares.",Ils inhibent la respiration en agissant sur le centre respiratoire.,"Incorrecte. L'inhibition respiratoire est une complication, pas le mécanisme d'action des curares.",Ils sont utilisés pour anesthésier la région opératoire localement.,"Incorrecte. Les curares sont des agents neuromusculaires, non des anesthésiques locaux.",a
374,OIC-136-08-B,Quel mécanisme principal les anesthésiques locaux utilisent-ils pour bloquer la conduction nerveuse?,Cette question évalue la compréhension du mécanisme d'action des anesthésiques locaux. Un piège courant est de confondre les canaux sodiques avec d'autres types de canaux ioniques.,Blocage des canaux sodiques voltages dépendants,"Correcte. Les anesthésiques locaux agissent en bloquant spécifiquement les canaux sodiques, essentiels à la génération du potentiel d'action.",Inhibition des canaux potassium,"Incorrecte. Les canaux potassium régulent la repolarisation, mais ne sont pas ciblés par les anesthésiques locaux.",Occlusion des canaux calcium,"Incorrecte. Les canaux calcium sont principalement impliqués dans la libération des neurotransmetteurs, pas dans la conduction nerveuse.",Modification de la perméabilité de la membrane cellulaire,"Incorrecte. Bien que la membrane soit affectée, le mécanisme spécifique est le blocage des canaux sodiques, non une modification générale de la perméabilité.",a
375,OIC-136-09-B,Quel est le principal anesthésique local qui n'est pas mentionné dans la liste des principaux anesthésiques locaux?,Cette question évalue la capacité à identifier les anesthésiques locaux principaux. Le piège courant est de confondre les noms similaires ou de négliger les détails précis.,Lidocaïne,Correcte. La lidocaïne est explicitement mentionnée comme un anesthésique local principal.,Mépivacaïne,Correcte. La mépivacaïne est explicitement mentionnée comme un anesthésique local principal.,Bupivacaïne,Correcte. La bupivacaïne est explicitement mentionnée comme un anesthésique local principal.,Prilocaine,Incorrecte. La prilocaine n'est pas mentionnée dans la liste des principaux anesthésiques locaux présentée.,d
376,OIC-136-10-B,Quelles racines nerveuses sont impliquées dans la transmission de la douleur somatique pendant la deuxième phase du travail?,Cette question évalue la compréhension des voies nerveuses spécifiques aux douleurs somatiques pendant l'accouchement. Un piège courant est de confondre les racines responsables de la douleur viscérale (T10-L1) avec celles de la douleur somatique.,T10 à L1,"Incorrect. Ces racines sont associées au relais des fibres C (douleur viscérale), non à la douleur somatique.",L2 à L4,Incorrect. Ces racines ne sont pas spécifiquement liées à la douleur somatique pendant l'accouchement.,S1 à S3,"Incorrect. Bien que les nerfs sacrés soient impliqués, les racines exactes sont S2-S4, non S1-S3.",S2 à S4,Correct. Les nerfs honteux (nerfs sacrés S2-S4) transmettent la douleur somatique liée à la distension du plancher pelvien.,d
377,OIC-136-11-A,Quelle technique est principalement utilisée pour l’analgésie/anesthésie obstétricale?,"Cette question évalue la compréhension des principes techniques en obstétrique. Le piège réside dans la confusion entre les techniques régionales (épidurale, péridurale) et les techniques générales.",Anesthésie péridurale,"Correcte. L’anesthésie péridurale (spinal) est le choix principal pour l’analgésie obstétricale, comme indiqué dans le contenu.",Anesthésie épidurale,"Incorrecte. Bien que souvent utilisée, l’anesthésie épidurale n’est pas le choix technique principal mentionné dans le contenu.",Anesthésie générale,"Incorrecte. L’anesthésie générale est utilisée dans des cas spécifiques, mais pas comme technique de choix pour l’analgésie obstétricale.",Anesthésie locale,Incorrecte. L’anesthésie locale est trop limitée pour couvrir les besoins d’analgésie en obstétrique.,a
378,OIC-136-12-B,Quel est l'objectif principal de la réhabilitation précoce après chirurgie (RAC)?,Cette question évalue la compréhension de l'objectif central de la RAC. Un piège courant est de confondre l'objectif avec des aspects secondaires comme la réduction du temps d'hospitalisation.,Promouvoir le rétablissement précoce des capacités du patient,"Correcte. C'est l'objectif principal de la RAC, comme indiqué dans le contenu éducatif.",Réduire la durée de l'hospitalisation,"Incorrecte. Bien que la RAC puisse contribuer à une sortie plus rapide, son objectif principal est le rétablissement des capacités, pas uniquement la durée d'hospitalisation.",Minimiser les complications chirurgicales,"Incorrecte. La réduction des complications est un moyen, pas l'objectif principal de la RAC.",Améliorer les techniques chirurgicales,"Incorrecte. L'amélioration des techniques est liée à la chirurgie elle-même, pas à la réhabilitation précoce.",a
379,OIC-142-01-B,Quelle est la définition correcte de la population concernée par les soins palliatifs en pédiatrie selon le contenu?,Cette question évalue la compréhension de la définition des soins palliatifs en pédiatrie. Le piège courant est de confondre les groupes spécifiques (ex. groupe 5 ou 6) avec la définition générale.,Tous les enfants atteints d’une maladie grave engageant le pronostic vital,Correcte. C’est la définition principale évoquée dans le contenu.,Les membres d’une famille ayant perdu un enfant de façon imprévue,"Incorrecte. Cela correspond au groupe 6, une sous-catégorie spécifique, non la définition générale.",Les situations de réanimation néonatale avec impasse thérapeutique,"Incorrecte. C’est une situation particulière évoquée dans le cadre des soins palliatifs, non la population globale.",Les soins palliatifs en salle de naissance,"Incorrecte. C’est une modalité de prise en charge, pas la population concernée.",a
380,OIC-145-01-A,Quelle est la définition correcte d'une maladie infectieuse transmissible?,"Cette question évalue la compréhension de la définition des maladies infectieuses transmissibles, en distinguant les concepts de contagiosité et de transmission. Un piège courant est de confondre les maladies transmissibles non contagieuses (comme le tétanos) avec les contagieuses.",Une maladie causée par un agent infectieux et transmissible entre individus ou à plusieurs individus à partir d'une source commune,Correcte. Cela correspond exactement à la définition donnée dans le contenu éducatif.,"Une maladie contagieuse uniquement, sans transmission à partir d'une source commune","Incorrecte. Les maladies transmissibles ne sont pas toutes contagieuses (ex. tétanos), et la transmission à partir d'une source commune est aussi mentionnée.",Un indicateur utilisé pour mesurer l'incidence d'une maladie,"Incorrecte. Les indicateurs (mortalité, incidence) sont des outils d'évaluation, pas la définition d'une maladie.",Une épidémie ou une pandémie sur une période prolongée,"Incorrecte. Épidémie et pandémie décrivent des évolutions de fréquence d'une maladie, pas sa définition.",a
381,OIC-145-02-B,"Quelle forme de surveillance implique la collecte active de données par un personnel dédié, permettant d'obtenir des informations plus exhaustives?","Cette question évalue la compréhension des types de surveillance (passive, active, semi-active). Le piège courant est de confondre la surveillance active avec la collecte continue des données.",Surveillance active,Correcte. La surveillance active implique un personnel dédié pour recueillir des données plus détaillées et structurées.,Surveillance passive,Incorrecte. La surveillance passive repose sur des déclarations spontanées des acteurs de terrain sans collecte active.,Surveillance semi-active,"Incorrecte. La surveillance semi-active implique des rappels ou relances, mais pas une collecte exhaustive par personnel dédié.",Surveillance continue,"Incorrecte. La surveillance continue désigne la fréquence de collecte (continue ou ponctuelle), non un type de surveillance.",a
382,OIC-145-03-B,"En France, quelle structure est principalement chargée de la surveillance des maladies infectieuses transmissibles?",Cette question évalue la compréhension des structures principales en charge de la surveillance épidémiologique. Le piège réside dans la confusion entre les rôles des ARS et des réseaux de surveillance.,Santé Publique France,Correcte. Santé Publique France est l'agence nationale de santé publique qui coordonne la surveillance épidémiologique via le RNSP et les CIRE.,Agences Régionales de Santé (ARS),Incorrecte. Les ARS gèrent la déclaration obligatoire des maladies mais ne sont pas la structure principale de surveillance.,Centres Nationaux de Référence (CNR),Incorrecte. Les CNR sont des laboratoires spécialisés dans la surveillance épidémiologique mais ne représentent pas l'organisation principale.,Réseaux Sentinelles et RéPIAS,"Incorrecte. Ces réseaux sont des outils de surveillance complémentaires, non la structure centrale responsable.",a
383,OIC-145-04-B,Quel indicateur épidémiologique mesure le nombre total de personnes atteintes d'une maladie dans une population à un moment donné?,Cette question évalue la compréhension de la différence entre prévalence et incidence. Un piège courant est de confondre ces deux concepts.,Prévalence,Correcte. La prévalence correspond au rapport entre le nombre total de cas existants et la population totale à un moment donné.,Incidence,"Incorrecte. L'incidence mesure le nombre de nouveaux cas sur une période donnée, non le total des cas existants.",Taux d'attaque,Incorrecte. Le taux d'attaque est spécifique aux épidémies et mesure la proportion de contacts non infectés atteints pendant une période.,Nombre de reproduction de base (R0),"Incorrecte. L'R0 mesure la transmissibilité d'une maladie, non le nombre total de cas dans une population.",a
384,OIC-145-05-B,Quelle définition correspond à la sensibilité d’un examen diagnostique?,"Cette question évalue la compréhension de la sensibilité, un indicateur clé de la performance des tests diagnostiques. Un piège courant est de confondre la sensibilité avec la valeur prédictive positive.",Proportion de sujets malades parmi ceux classés positifs,"Incorrect. C’est la valeur prédictive positive (VPP), non la sensibilité.",Proportion de sujets classés positifs parmi ceux réellement malades,Correct. C’est la définition exacte de la sensibilité (a/(a + c)).,Proportion de sujets non malades parmi ceux classés négatifs,"Incorrect. C’est la valeur prédictive négative (VPN), non la sensibilité.",Proportion de sujets classés négatifs parmi ceux réellement non malades,"Incorrect. C’est la spécificité, non la sensibilité.",b
385,OIC-145-06-B,Quelle est la quatrième mission de Santé Publique France en matière de maladies infectieuses?,"Cette question évalue la capacité à identifier les missions principales de Santé Publique France. Le piège réside dans la confusion entre les ordres de missions (surveillance, vigilance, alerte, gestion des crises).",La surveillance et l'observation permanente de l’état de santé de la population,"Correcte, mais correspond à la première mission, pas la quatrième.",La veille et la vigilance sanitaire,"Correcte, mais correspond à la deuxième mission, pas la quatrième.",L'alerte sanitaire,"Correcte, mais correspond à la troisième mission, pas la quatrième.",La contribution à la gestion des situations de crise sanitaire,"Correcte, car cette mission correspond à la quatrième et dernière tâche mentionnée.",d
386,OIC-145-07-B,Quelle est la composante essentielle de la chaîne de transmission d'une maladie infectieuse?,Cette question évalue la compréhension de la chaîne de transmission des maladies infectieuses. Un piège courant est de confondre les facteurs de l'hôte (ex. immunité) avec les éléments de la chaîne de transmission.,"Un agent infectieux, un réservoir, un vecteur, une source et un hôte","Correcte. Ces éléments forment la chaîne de transmission complète des maladies infectieuses, comme expliqué dans le contenu.",Le système immunitaire de l'hôte et ses défenses,"Incorrecte. Bien que l'hôte soit un élément de la chaîne, le système immunitaire est une caractéristique de l'hôte et non une composante distincte de la chaîne.","Les facteurs environnementaux (température, humidité)","Incorrecte. Les facteurs environnementaux peuvent influencer la transmission, mais ils ne constituent pas les éléments fondamentaux de la chaîne de transmission.",La résistance aux anti-infectieux,"Incorrecte. La résistance aux anti-infectieux est une propriété de l'agent infectieux, non une composante de la chaîne de transmission.",a
387,OIC-145-08-A,Quelle transmission n'appartient pas au mode horizontal?,Cette question évalue la distinction entre les modes de transmission horizontale (entre individus) et verticale (mère-enfant). Le piège réside dans la confusion entre les catégories.,Contact direct,Correcte. Le contact direct est un mode de transmission horizontale.,Gouttelettes,Correcte. La transmission par gouttelettes est un mode horizontal.,Transmission par l'air,Correcte. La transmission aérienne est un mode horizontal.,Transmission verticale,Incorrecte. La transmission verticale est un mode distinct de la transmission horizontale.,d
388,OIC-145-10-A,Quels sont les trois acteurs principaux impliqués dans la déclaration obligatoire des maladies?,Cette question évalue la compréhension des acteurs clés du système de déclaration obligatoire. Un piège courant est de confondre les acteurs avec des entités comme le ministère ou le public.,"Les déclarants, les médecins inspecteurs des ARS, les épidémiologistes de Santé Publique France",Correcte. Ces trois acteurs sont explicitement mentionnés dans le contenu comme les principaux responsables de la déclaration obligatoire.,"Le ministre de la Santé, les déclarants, les patients","Incorrecte. Le ministre n'est pas un acteur direct du processus, et les patients ne sont pas des acteurs impliqués dans la déclaration.","Les biologistes, les autorités locales, le public","Incorrecte. Les autorités locales ne sont pas spécifiées comme acteurs principaux, et le public n'intervient pas directement dans la déclaration.","Les médecins, les laboratoires, les médias",Incorrecte. Les médias ne sont pas mentionnés comme acteurs dans le processus de déclaration obligatoire.,a
389,OIC-145-14-B,Quelle est la principale fonction du réseau Sentinelles en France?,"Cette question évalue la compréhension de l'objectif principal du réseau Sentinelles. Le piège réside dans la confusion entre les objectifs secondaires (prédiction épidémique, études cliniques) et la fonction centrale de collecte de données.",Constituer des bases de données pour la veille sanitaire et la recherche,"Correcte. C'est l'objectif principal mentionné dans le texte, centré sur la collecte et l'analyse des données.",Développer des outils de détection épidémique,Incorrecte. Cet objectif est secondaire et s'appuie sur la collecte de données pour la prévision.,Mettre en place des études cliniques et épidémiologiques,"Incorrecte. Cet objectif est une application des données collectées, non la fonction principale.",Recueillir des données sur les médecins généralistes et pédiatres,"Incorrecte. Ce détail concerne la structure du réseau, pas son objectif principal.",a
390,OIC-153-02-A,Quelle est la complication la plus fréquente chez les porteurs de prothèses valvulaires?,La question évalue la compréhension des prévalences des complications. Le piège courant est de confondre les complications thrombo-emboliques (fréquentes) avec l'endocardite infectieuse (moins fréquente).,Complications thrombo-emboliques,"Correcte. Les thromboses et embolies sont mentionnées comme les complications les plus fréquentes, surtout chez les valves mécaniques.",Désinsertion de prothèse,"Incorrecte. Bien que possible, cette complication est moins fréquente et souvent liée à l'endocardite infectieuse.",Dégénérescence des bioprothèses,"Incorrecte. Elle est une complication à long terme, non la plus fréquente initialement.",Endocardite infectieuse,"Incorrecte. Bien que grave, elle est moins fréquente que les complications thrombo-emboliques.",a
391,OIC-153-04-A,Quel antibiotique est le choix de première ligne pour la prophylaxie des endocardites infectieuses chez les porteurs de prothèses valvulaires avant un acte dentaire?,Cette question évalue la compréhension des recommandations antibiotiques pour la prévention des endocardites infectieuses. Un piège courant est de confondre les antibiotiques utilisés pour d'autres indications (ex. infections urinaires ou cutanées).,Amoxicilline,Correcte. L'amoxicilline est l'antibiotique de choix mentionné dans le contenu pour la prophylaxie dentaire.,Céftriaxone,"Incorrecte. La céftriaxone est utilisée pour d'autres types d'infections, notamment les infections urinaires, mais pas comme prophylaxie dentaire standard.",Vancomycine,"Incorrecte. La vancomycine est réservée aux cas de suspicion de staphylocoque résistant à la méthicilline (MRSA), non à la prophylaxie dentaire courante.",Métronidazole,"Incorrecte. Le métronidazole est utilisé pour les infections anaérobies, mais pas comme prophylaxie dentaire standard pour les porteurs de prothèses valvulaires.",a
392,OIC-153-06-B,Quel examen est considéré comme clé pour diagnostiquer une désinsertion de prothèse valvulaire?,"La question évalue la compréhension des modalités diagnostiques principales. Le piège réside dans la confusion entre les examens complémentaires (hémoculture, Doppler) et l'examen principal.",Échocardiographie trans thoracique (ETT) et échocardiographie transœsophagienne (ETO),"Correcte. L'ETT et l'ETO sont les examens clés pour évaluer la désinsertion, grâce à leur capacité à détecter la fuite paraprothétique et à quantifier son impact.",Hémoculture,"Incorrecte. Bien que systématique pour détecter l'endocardite infectieuse, l'hémoculture n'est pas l'examen principal de diagnostic de la désinsertion.",Doppler couleur,"Incorrecte. Le Doppler est un outil complémentaire de l'ETT pour identifier la fuite, mais non l'examen principal.",Tests sanguins pour détecter l'hémolyse,"Incorrecte. Les tests sanguins (LDH, haptoglobine) sont utiles pour évaluer l'hémolyse, mais ne constituent pas le diagnostic principal de la désinsertion.",a
393,OIC-156-01-A,Quelle est la forme d'infection ostéo-articulaire la plus fréquente chez l'enfant?,Cette question évalue la compréhension des entités cliniques des IOA et leur prévalence selon l'âge. Le piège réside dans la confusion entre les formes aiguës et chroniques.,Ostéomyélite aiguë,Correcte. L'ostéomyélite aiguë est spécifiquement mentionnée comme la forme la plus fréquente chez l'enfant.,Arthrite septique,Incorrecte. L'arthrite septique est plus fréquente chez les adultes et moins courante chez les enfants.,Spondylodiscite,"Incorrecte. La spondylodiscite est une infection spécifique des vertèbres et des disques, moins fréquente que l'ostéomyélite aiguë.",Ostéite chronique,"Incorrecte. L'ostéite chronique est une forme lente et progressive, non la plus fréquente chez l'enfant.",a
394,OIC-156-02-B,Quelle est la prévalence annuelle des infections ostéoarticulaires (IOA) chez les enfants en France?,Cette question évalue la compréhension des données épidémiologiques spécifiques aux enfants. Le piège courant est de confondre les prévalences générales et les données pédiatriques.,22/100 000 habitants/an,"Correcte. C'est la prévalence spécifique des IOA communautaires chez les enfants, conforme aux données fournies.",70/100 000 habitants/an,"Incorrecte. Cette valeur correspond à la prévalence globale (IOA communautaires et sur matériel), non spécifique aux enfants.",80/100 000 habitants/an,"Incorrecte. Cette valeur correspond à la prévalence des IOA chez les enfants de moins de 1 an, non la moyenne générale des enfants.",5% de mortalité,"Incorrecte. La mortalité globale est un indicateur séparé, non lié à la prévalence des IOA chez les enfants.",a
395,OIC-156-04-B,Quels sont les principaux agents infectieux responsables des infections ostéoarticulaires (IOA) chez l'enfant selon le terrain et le mode de contamination?,"Cette question évalue la compréhension des agents pathogènes spécifiques aux IOA chez l'enfant, en tenant compte de l'âge et des voies d'entrée. Un piège courant est de confondre les agents rares (comme la tuberculose) avec les principaux.","Staphylococcus aureus, Streptococcus, Kingella kingae","Correcte. Ces agents correspondent aux principaux responsables des IOA chez l'enfant, avec des variations selon l'âge et les voies d'entrée.","Mycobacterium tuberculosis, Neisseria gonorrhoeae","Incorrecte. Ces agents sont des cas rares de tuberculose ou d'infections sexuellement transmissibles, non majoritaires chez l'enfant.","Salmonella sp., Entérobactéries, Pseudomonas aeruginosa","Incorrecte. Ces agents sont plus liés aux infections de contiguïté ou aux patients drépanocytaires, non aux IOA infantiles classiques.","Streptocoques de groupe B, Escherichia coli, Pasteurella multocida","Incorrecte. Ces agents sont spécifiques aux infections néonatales ou aux morsures, non aux IOA infantiles généralisées.",a
396,OIC-156-05-A,Quelle est la localisation la plus fréquente de l'IOA aiguë chez l'enfant et chez l'adulte?,Cette question évalue la compréhension des différences de localisation des IOA selon l'âge. Un piège courant est de confondre les sites les plus fréquents chez l'enfant et l'adulte.,Articulation chez l'enfant et rachis chez l'adulte,"Correcte. L'IOA aiguë chez l'enfant se localise souvent dans les articulations, tandis que chez l'adulte, elle touche plus fréquemment le rachis.",Articulation chez l'enfant et articulation chez l'adulte,"Incorrecte. Bien que les articulations soient fréquentes chez l'enfant, le rachis est plus courant chez l'adulte.",Rachis chez l'enfant et rachis chez l'adulte,"Incorrecte. L'IOA aiguë chez l'enfant est plus fréquente dans les articulations, pas dans le rachis.",Membre chez l'enfant et articulation chez l'adulte,Incorrecte. La localisation dans les membres est moins fréquente chez l'enfant que dans les articulations.,a
397,OIC-156-06-B,Quel examen d'imagerie est considéré comme le diagnostic de référence pour la spondylodiscite?,Cette question évalue la compréhension des examens d'imagerie spécifiques à la spondylodiscite. Le piège courant est de confondre l'IRM avec d'autres modalités comme le scanner ou l'échographie.,IRM,"Correcte. L'IRM est le diagnostic de référence pour la spondylodiscite, permettant d'évaluer les lésions osseuses et les complications neurologiques.",Scanner avec injection de produit de contraste,"Incorrecte. Le scanner est utilisé en cas de contre-indication à l'IRM, mais il n'est pas le diagnostic de référence pour la spondylodiscite.",Échographie,Incorrecte. L'échographie est principalement utilisée pour l'arthrite septique et la recherche d'abcès des parties molles.,Imagerie fonctionnelle (ex : TEP-CT),"Incorrecte. L'imagerie fonctionnelle est utilisée en cas de contre-indication à l'IRM, mais non comme examen de référence pour la spondylodiscite.",a
398,OIC-156-08-B,Quelle mesure thérapeutique est prioritaire dans la prise en charge initiale des infections ostéo-articulaires non compliquées?,Cette question évalue la compréhension des priorités thérapeutiques. Le piège réside dans la confusion entre immobilisation et autres mesures comme la chirurgie ou la rééducation.,Immobilisation antalgique initiale,"Correcte. L'immobilisation est prioritaire pour soulager la douleur et éviter l'enraidissement, conformément au contenu.",Chirurgie immédiate,"Incorrecte. La chirurgie est réservée aux cas compliqués (abcès, ostéite chronique), pas aux formes non compliquées.",Rééducation immédiate,"Incorrecte. La rééducation commence après amélioration des signes inflammatoires, pas dès le début.",Prévention de la thrombo-embolie,"Incorrecte. Cette mesure est secondaire et dépend du contexte clinique spécifique, pas une priorité initiale.",a
399,OIC-156-09-A,Quelle est la mesure urgente à prendre en cas d'arthrite septique?,La question évalue la compréhension de l'urgence thérapeutique liée à l'arthrite septique. Un retard dans la prise en charge peut entraîner des complications graves.,Hospitalisation immédiate pour prise en charge urgente,Correcte. L'arthrite septique est une urgence nécessitant une intervention rapide pour éviter les lésions articulaires irréversibles.,Prise de médicaments antibiotiques à domicile,"Incorrecte. Les antibiotiques doivent être administrés sous surveillance médicale immédiate, non à domicile.",Attente des résultats d'analyses sanguines,Incorrecte. Le retard dans le diagnostic et le traitement augmente le risque de complications graves.,Application de glace pour réduire l'inflammation,Incorrecte. L'application de glace ne remplace pas la prise en charge médicale urgente nécessaire.,a
400,OIC-156-10-A,Quel est le site articulaire le plus fréquemment affecté dans l'arthrite septique aiguë?,Cette question évalue la compréhension des données épidémiologiques sur la localisation des infections ostéo-articulaires. Le piège réside dans la confusion entre les sites les plus fréquents et les autres articulations.,Genou,Correcte. Le genou est le site le plus fréquemment affecté (50%) selon les données fournies.,Hanche,"Incorrecte. Bien que la hanche soit souvent touchée, elle est moins fréquente que le genou (50% vs. 80% de localisation mono-articulaire).",Cheville,Incorrecte. La cheville n'est pas mentionnée dans les données et n'est pas un site principal d'arthrite septique aiguë.,Épaule,Incorrecte. L'épaule n'est pas évoquée dans les données et n'est pas un site courant d'arthrite septique aiguë.,a
401,OIC-156-11-B,Quelle est une complication directe de l'arthrite septique aiguë?,Cette question évalue la compréhension des complications spécifiques de l'arthrite septique. Le piège réside dans la confusion entre complications locales et systémiques.,Sepsis,"Incorrect. Le sepsis est une complication systémique, mais pas directement liée à la destruction articulaire.",Abscesses des parties molles adjacentes,"Incorrect. C'est une complication locale, mais non la conséquence principale de l'infection articulaire.",Destruction articulaire avec séquelles fonctionnelles,Correct. C'est une complication directe liée à l'atteinte du cartilage et des structures articulaires.,Endocardite infectieuse,"Incorrect. C'est une complication secondaire liée à la bactériémie, non à l'arthrite elle-même.",c
402,OIC-156-12-B,Quel antibiotique est recommandé en première intention pour un adulte avec une arthrite septique causée par Staphylococcus aureus sensible à la méticilline?,Cette question évalue la compréhension des principes de l'antibiothérapie de première intention pour les arthrites septiques. Le piège courant est de confondre les traitements selon l'âge ou les germes spécifiques.,Céfazoline,"Correcte. La céfazoline est le choix initial recommandé pour S. aureus sensible à la méticilline chez l'adulte, conformément aux recommandations du contenu.",Amoxicilline-acide clavulanique,"Incorrecte. Cette association est principalement utilisée chez l'enfant pour cibler à la fois S. aureus et K. kingae, pas chez l'adulte.",Gentamicine,"Incorrecte. La gentamicine est associée en cas de sepsis/choc septique, mais n'est pas un antibiotique de première intention monothérapeutique.",Amoxicilline,"Incorrecte. L'amoxicilline est utilisée pour les infections à streptocoques, pas pour S. aureus sensible à la méticilline.",a
403,OIC-156-14-A,Quels sont les signaux d'alerte ('drapeau rouge') à évoquer devant une rachialgie d'installation récente?,Cette question évalue la compréhension des signes cliniques spécifiques associés à la spondylodiscite. Le piège réside dans la confusion entre les signes courants (comme la douleur lombaire) et les signaux d'alerte.,"Fièvre, âge ≥ 55 ans, douleur thoracique, notion d'usage intraveineux de drogue",Correcte. Ces éléments correspondent aux signaux d'alerte explicitement mentionnés dans le contenu.,"Douleur lombaire, CRP élevée, douleur chronique","Incorrecte. La douleur lombaire est fréquente mais non un signal d'alerte. La CRP est un paramètre biologique, pas un signe clinique. La douleur chronique n'est pas un critère de diagnostic.","Douleur raideur rachidienne, impossibilité de marcher, douleur radiculaire",Incorrecte. Ces signes sont des manifestations cliniques possibles mais ne constituent pas les signaux d'alerte spécifiques à la spondylodiscite.,"Douleur thoracique, fièvre modérée, douleur récente","Incorrecte. La fièvre modérée n'est pas un signal d'alerte. La douleur thoracique est un critère, mais la fièvre modérée ne suffit pas à évoquer la spondylodiscite.",a
404,OIC-156-15-B,Quelle est la complication neurologique principale d'une spondylodiscite?,Cette question évalue la compréhension des complications neurologiques liées à la spondylodiscite. Le piège réside dans la confusion avec d'autres complications comme les abcès ou la sepsis.,Sepsis et choc septique,"Incorrect. La sepsis est une complication systémique, non neurologique, liée à la bactériémie.",Syndrome lésionnel ou sous-lésionnel (compression médullaire ou radiculaire),"Correct. C'est une complication neurologique majeure, avec des manifestations comme des troubles sensitifs/moteurs ou sphinctériens.",Abcès para-vertébraux,"Incorrect. C'est une complication locale, non neurologique, liée à la propagation de l'infection.",Endocardite infectieuse,"Incorrect. C'est une complication secondaire liée à la bactériémie, non directement neurologique.",b
405,OIC-156-16-B,Quel examen est considéré comme le diagnostic de référence pour la spondylodiscite?,Cette question évalue la compréhension des examens complémentaires clés pour la spondylodiscite. Le piège courant est de confondre l'IRM avec d'autres examens comme la scintigraphie ou le scanner.,IRM,"Correcte. L'IRM est le diagnostic de référence pour détecter les lésions discales et les complications, comme les érosions en miroir des plateaux vertébraux.",Scanner,"Incorrecte. Le scanner est utilisé en cas de contre-indication à l'IRM, mais il n'est pas le diagnostic de référence principal.",Scintigraphie osseuse,"Incorrecte. La scintigraphie est une alternative en cas de contre-indication à l'IRM, mais elle ne remplace pas l'IRM comme examen de référence.",Echographie cardiaque,"Incorrecte. L'échographie cardiaque est utilisée pour rechercher une endocardite infectieuse, pas pour diagnostiquer la spondylodiscite.",a
406,OIC-156-17-A,Quel est le signe clinique principal de l'ostéomyélite aiguë chez l'enfant?,"Cette question évalue la capacité à identifier les signes spécifiques de l'ostéomyélite aiguë chez l'enfant, un diagnostic crucial pour un traitement rapide. Le piège réside dans la confusion avec les manifestations des ostéites chroniques ou des cas diabétiques.",Fièvre ≥ 38°C et douleur métaphysaire douloureuse,"Correcte. La fièvre élevée et la douleur à la palpation métaphysaire sont des signes clés de l'ostéomyélite aiguë chez l'enfant, conformément au contenu éducatif.",Fistule cutanée productive et tuméfaction inconstante,"Incorrecte. Ces signes correspondent à l'ostéite chronique de l'adulte, non à l'ostéomyélite aiguë chez l'enfant.",Douleur chronique et écoulement intermittent,"Incorrecte. Ces manifestations sont typiques de l'ostéite du pied diabétique, non de l'ostéomyélite aiguë pédiatrique.",Escarre de décubitus et gangrène sèche,"Incorrecte. Ces signes sont associés à des complications de l'ostéite chronique diabétique, pas à l'ostéomyélite aiguë chez l'enfant.",a
407,OIC-156-18-B,Quel signe est le plus spécifique pour identifier une infection de l'orteil sur la photographie?,"Cette question évalue la capacité à reconnaître les signes cliniques spécifiques d'une infection. Le pus est un signe clé, tandis que les autres symptômes sont plus généraux.",A. Rougeur,"La rougeur est un signe courant d'inflammation, mais elle peut être présente dans d'autres conditions non infectieuses.",B. Chaleur,"La chaleur est un signe d'inflammation, mais elle n'est pas spécifique à l'infection et peut survenir avec d'autres pathologies.",C. Pus,"Le pus est un signe spécifique d'infection bactérienne, confirmant la présence d'une infection locale.",D. Douleur,"La douleur est un symptôme généralisé et peut être associée à de nombreuses causes, y compris des lésions mécaniques.",c
408,OIC-156-19-B,Quel examen d'imagerie est le plus adapté pour diagnostiquer une ostéomyélite aiguë chez l'enfant dans les premiers jours de l'évolution?,La question évalue la compréhension des protocoles d'imagerie en fonction de l'âge et de la gravité de l'infection. Le piège réside dans la confusion entre les examens utilisés chez l'adulte et l'enfant.,Scanner,"Incorrect. Le scanner est utilisé chez l'adulte pour évaluer les structures osseuses, mais il n'est pas le premier examen réalisé chez l'enfant dans les premiers jours.",Radiographies simples,"Incorrect. Les radiographies sont systématiques mais montrent des signes retardés (8-10 jours), ce qui les rend inadaptées aux premiers jours de l'évolution.",Échographie,"Incorrect. L'échographie est utilisée en urgence pour détecter des abcès sous-périosté, mais elle ne confirme pas le diagnostic principal dans les premiers jours.",IRM,"Correct. L'IRM est le meilleur examen pour confirmer le diagnostic dans les premiers jours, surtout chez le jeune enfant où la scintigraphie osseuse est difficile à réaliser.",d
409,OIC-157-01-A,Quelle est la définition correcte d'une bactériémie?,Cette question évalue la compréhension de la définition microbiologique de la bactériémie. Le piège courant est de confondre le terme avec le sepsis ou de mélanger avec la fongémie.,Présence de bactéries dans le sang détectables dans un flacon d'hémocultures,Correcte. C'est la définition exacte donnée dans le contenu éducatif.,Présence de champignons dans le sang,"Incorrecte. C'est la définition de la fongémie, non de la bactériémie.",Évolution vers le sepsis sans traitement,"Incorrecte. C'est un risque évolutif, pas la définition.",Présence de bactéries dans les tissus périphériques,"Incorrecte. La bactériémie concerne le sang, pas les tissus périphériques.",a
410,OIC-157-03-A,Quelle est la démarche clé pour identifier les localisations septiques secondaires en cas de fièvre ou de sepsis?,La question évalue la capacité à identifier les éléments cliniques essentiels pour localiser les foyers infectieux. Le piège réside dans la confusion entre les examens complémentaires et les éléments d'orientation clinique.,"Rechercher une localisation rétinienne, une endocardite et contrôler les cathéters",Correcte. Ces éléments sont explicitement mentionnés comme essentiels dans le contexte d'une fongémie ou de fièvre persistante.,Répéter les hémocultures après 24 heures,"Incorrecte. Les hémocultures sont déjà prélevées et les résultats ne sont pas disponibles avant 24 heures, ce qui n'orienterait pas la prise en charge immédiate.",Analyser les urines pour détecter une infection urinaire,Incorrecte. L'analyse des urines n'est pas priorisée dans la recherche des localisations septiques secondaires selon le contenu.,Examiner les lésions cutanées pour identifier des métastases,"Incorrecte. Bien que l'examen cutané soit mentionné, il est secondaire par rapport aux localisations spécifiques comme la rétine ou l'endocardite.",a
411,OIC-157-05-B,Quel est l'agent infectieux le plus fréquemment impliqué dans les fongémies?,Cette question évalue la compréhension de l'étiologie dominante des fongémies. Le piège réside dans la confusion avec d'autres agents comme Cryptococcus ou Aspergillus.,Candida spp.,"Correcte. Les candidémies représentent 90% des fongémies, avec des espèces comme C. albicans ou C. glabrata.",Cryptococcus sp.,"Incorrecte. Bien que responsable de fongémies, Cryptococcus est moins fréquent que Candida et n'est pas le principal agent.",Malassezia,"Incorrecte. Malassezia est associée à des infections cutanées ou muqueuses, pas aux fongémies sanguines.",Aspergillus,Incorrecte. Aspergillus ne pousse pas dans les hémocultures et n'est pas un agent principal des fongémies.,a
412,OIC-157-06-B,Quel est le pathogène le plus fréquemment impliqué dans les infections liées aux cathéters?,Cette question évalue la compréhension des données épidémiologiques clés. Le piège réside dans la confusion entre la variabilité des Candida et leur fréquence réelle.,Staphylocoques,"Correcte. Les staphylocoques représentent 50 à 60% des cas, ce qui en fait le pathogène le plus courant.",Bacilles à Gram négatif,"Incorrecte. Bien que représentant 20 à 40% des cas, ils sont moins fréquents que les staphylocoques.",Candida,"Incorrecte. La proportion de Candida varie selon le terrain, mais elle est inférieure à celle des staphylocoques.",Une combinaison de tous les pathogènes,"Incorrecte. Les données indiquent des proportions spécifiques, non une distribution aléatoire.",a
413,OIC-157-08-A,Quelle est l'exception à la règle de prélever des examens microbiologiques avant l'antibiothérapie d'urgence?,Cette question évalue la compréhension des exceptions à la procédure standard. Un piège courant est de confondre les cas d'urgence avec des situations non urgentes.,"Purpura fulminans, état de choc septique ou méningite bactérienne avec retard de prélèvement supérieur à 1 heure",Correcte. Ces cas sont explicitement mentionnés comme exceptions dans le contenu.,Infection virale aiguë sans signes d'urgence,Incorrecte. Les infections virales ne relèvent pas des exceptions mentionnées.,Prélèvement d'hémoculture après l'antibiothérapie,"Incorrecte. Le retard de prélèvement est une condition spécifique, pas une action post-antibiothérapie.",Fongémie chez un patient immunodéprimé,Incorrecte. Les fongémies ne sont pas explicitement mentionnées comme exceptions.,a
414,OIC-157-10-B,Quel examen est indiqué pour un patient avec une bactériémie par Staphylococcus aureus?,Cette question évalue la capacité à relier un pathogène spécifique à son examen complémentaire approprié. Un piège courant est de confondre les examens requis pour différents pathogènes.,Échocardiographie systématique,Correcte. Le Staphylococcus aureus nécessite une échocardiographie systématique pour évaluer les risques d'endocardite.,Fond d’œil systématique,"Incorrecte. Le fond d’œil est indiqué pour les infections par Candida, pas pour le Staphylococcus aureus.",Imagerie abdominale,"Incorrecte. L'imagerie abdominale est associée aux entérobactéries et aux anaérobies, pas au Staphylococcus aureus.",Radiographie de thorax,"Incorrecte. La radiographie de thorax est indiquée pour le Streptococcus pneumoniae, pas pour le Staphylococcus aureus.",a
415,OIC-157-11-A,Quelle interprétation est correcte concernant la procalcitonine dans le contexte d'une bactériémie/fongémie?,La question évalue la compréhension de l'interprétation des marqueurs bioinflammatoires. Un piège courant est de confondre la valeur seuil de la procalcitonine avec celle du CRP.,"La procalcitonine < 0,25 ng/ml suggère une forte probabilité de bactériémie/fongémie","Incorrect. Une valeur basse de procalcitonine rend peu probable une bactériémie/fongémie, non pas probable.",Le CRP est le marqueur le plus spécifique pour diagnostiquer une bactériémie/fongémie,Incorrect. Les marqueurs bioinflammatoires sont non spécifiques et ne permettent qu'une orientation diagnostique.,La dosage de la procalcitonine est recommandé pour tous les patients suspects d'infection,"Incorrect. Le dosage n'est pas indiqué de manière systématique, mais en fonction du contexte clinique.","La procalcitonine < 0,25 ng/ml rend peu probable une bactériémie/fongémie","Correct. Cette valeur seuil est associée à une faible probabilité de bactériémie/fongémie, conformément aux données fournies.",d
416,OIC-157-13-A,Quel antibiotique est recommandé pour le traitement d'un Staphylococcus aureus résistant à la méticilline (SARM)?,Cette question évalue la capacité à relier l'agent pathogène à son traitement antibiotique spécifique. Un piège courant est de confondre les traitements pour SASM et SARM.,Vancomycine,"Correcte. La vancomycine est le traitement de choix pour les SARM, qui résistent aux céphalosporines et aux pénicillines.",Céfazoline,"Incorrecte. La céfazoline est utilisée pour les SASM, non pour les SARM résistants.",Amoxicilline,"Incorrecte. L'amoxicilline est indiquée pour les streptocoques et les entérocoques, pas pour les SARM.",Fluconazole,"Incorrecte. Le fluconazole est un antifongique utilisé contre les Candida, pas contre les bactéries comme les SARM.",a
417,OIC-157-15-B,Quelle situation nécessite un contrôle chirurgical ou radiologique de la source infectieuse?,Cette question évalue la capacité à identifier les situations cliniques où une intervention chirurgicale ou radiologique est indispensable. Un piège courant est de confondre les conditions nécessitant une intervention avec celles traitées par d'autres moyens.,Pyélonéphrite aiguë bloquée,"Incorrect. Bien que la dérivation urinaire soit une intervention, elle est plus souvent associée à une gestion urologique que chirurgicale/radiologique.",Endocardite compliquée d’un choc cardiogénique,"Incorrect. L’endocardite nécessite une intervention chirurgicale, mais le contexte décrit ici est plus lié à la gestion cardiaque qu’à la source infectieuse.",Arthrite avec sepsis/choc septique,"Incorrect. Le lavage articulaire est une intervention chirurgicale, mais la question se concentre sur la source infectieuse, pas sur la complication septique.",Fasciite nécrosante,Correct. La fasciite nécrosante exige une intervention rapide chirurgicale ou radiologique pour éviter la propagation de l’infection.,d
418,OIC-157-16-B,"Quelle est la durée recommandée du traitement par voie parentérale IV pour une bactériémie non compliquée à Staphylococcus aureus, sans endocardite et sans localisation septique secondaire?",Cette question évalue la compréhension des critères de durée du traitement selon la complexité de la bactériémie. Un piège courant est de confondre les cas simples et compliqués.,14 jours,Correcte. Le contenu indique explicitement 14 jours par voie IV pour les cas non compliqués.,7 jours,Incorrecte. Une durée trop courte ne permet pas la stérilisation des hémocultures.,3 semaines,"Incorrecte. Cette durée correspond à des cas compliqués (4-6 semaines), non aux cas simples.",6 semaines,"Incorrecte. C'est la durée maximale pour les cas compliqués, non pour les cas simples.",a
419,OIC-157-17-B,Quel facteur n'est pas un élément à intégrer pour évaluer le risque d'agent infectieux résistant chez un patient avec une infection liée aux soins?,Cette question évalue la capacité à distinguer les facteurs de risque associés aux infections nosocomiales résistantes. Le piège réside dans la confusion entre les éléments clés et les facteurs non pertinents.,Antécédent de chirurgie récente,Incorrect. L'antécédent récent de chirurgie est un facteur de risque mentionné dans le contenu.,Durée d'hospitalisation,Correct. La durée d'hospitalisation est un élément clé pour évaluer le risque de résistance.,Présence de matériel implanté,Correct. La présence de matériel implanté augmente le risque d'infection résistante.,Antécédent de colonisation par un agent résistant,Correct. L'antécédent de colonisation est un facteur de risque explicitement mentionné.,a
420,OIC-161-01-A,Quelle est la caractéristique principale d'une infection urinaire à risque de complication?,"Cette question évalue la capacité à distinguer les infections urinaires simples des complications, en se basant sur la présence de facteurs de risque. Un piège courant est de confondre la fièvre ou l'âge comme critère principal.",Présence de fièvre,"Incorrect. La fièvre peut être associée à certaines infections (comme la prostatite), mais elle n'est pas un critère de définition des infections à risque de complication.",Âge supérieur à 75 ans,"Plausible mais incorrect. L'âge est un facteur de risque, mais la classification repose sur la présence d'au moins un facteur de risque, pas sur un critère unique.",Genre masculin,"Plausible mais incorrect. Le genre masculin est un facteur de risque, mais il ne définit pas seul une infection à risque de complication.","Présence d'au moins un facteur de risque (anomalie anatomique, âge avancé, immunodépression, etc.)","Correct. La définition des infections à risque de complication repose sur la présence d'au moins un facteur de risque, comme indiqué dans le contenu éducatif.",d
421,OIC-161-03-A,Quels examens complémentaires sont recommandés en première intention pour une pyélonéphrite à risque de complications?,"Cette question évalue la capacité à distinguer les examens adaptés selon la gravité de l'infection urinaire. Le piège réside dans la confusion entre les examens de base (BU) et ceux systématiques (ECBU, antibiogramme).","ECBU avec antibiogramme, urée, créatininémie, CRP et imagerie","Correcte : L'ECBU avec antibiogramme est systématique pour identifier le germe et la résistance, accompagné de paramètres biologiques et d'imagerie pour évaluer les complications.",BU et échographie des reins,"Incorrecte : La BU est déconseillée en cas de suspicion de complication, et l'échographie n'est pas prioritaire en première intention pour ce type d'infection.",Hémocultures et numération formule sanguine,"Incorrecte : Ces examens sont réservés aux cas graves (sepsis, choc septique) et non à la pyélonéphrite à risque de complications modérée.",Échographie et urée,"Incorrecte : L'échographie n'est pas un examen complémentaire de première intention pour ce diagnostic, et l'urée est insuffisante sans autres paramètres biologiques.",a
422,OIC-161-07-A,Quelle est la définition correcte de la colonisation urinaire?,La question évalue la compréhension de la distinction entre colonisation urinaire et infection urinaire. Elle met en évidence un piège courant : confondre la présence bactérienne asymptomatique avec une pathologie.,C'est une infection urinaire asymptomatique qui nécessite toujours un traitement antibiotique,Incorrect. La colonisation urinaire n'est pas une infection et n'est pas traitée systématiquement,C'est la présence de bactéries dans l'urine sans symptômes cliniques,Correct. Cela correspond exactement à la définition donnée dans le contenu éducatif,C'est une infection urinaire qui se manifeste toujours par des symptômes urinaires,Incorrect. La colonisation urinaire est asymptomatique par définition,C'est une infection urinaire qui se développe uniquement chez les patients âgés,"Incorrect. La colonisation urinaire peut survenir chez divers groupes, notamment les diabétiques et les patients avec sonde urinaire",b
423,OIC-161-09-A,Quel est le critère principal de gravité dans une pyélonéphrite aiguë?,"Cette question évalue la capacité à identifier les signes de gravité dans une pyélonéphrite aiguë, un point clé pour la prise en charge urgente. Le piège réside dans la confusion entre les symptômes classiques et les signes d'obstruction ou de sepsis.",Obstruction des voies urinaires,"Correcte. L'obstruction est un critère de gravité définissant la pyélonéphrite aiguë obstructive, nécessitant une intervention urgente.",Fièvre et douleur lombaire unilatérale,Incorrecte. Ces symptômes sont classiques de la pyélonéphrite mais ne reflètent pas nécessairement la gravité.,Nausées et vomissements,Incorrecte. Ces symptômes peuvent être associés à l'obstruction mais ne constituent pas un critère de gravité spécifique.,Présence d'Escherichia coli dans les urines,Incorrecte. L'identité du pathogène est importante pour le diagnostic mais ne détermine pas la gravité clinique.,a
424,OIC-161-10-A,Quelle est la molécule de première ligne recommandée pour le traitement des cystites aiguës simples?,"La question évalue la connaissance des recommandations thérapeutiques pour les cystites aiguës simples, en mettant en évidence le choix des antibiotiques et la prohibition des fluoroquinolones. Le piège réside dans la confusion avec les alternatives secondaires ou les tests complémentaires.",Fosfomycine-Trométamol en monodose,Correcte. C'est la molécule de première ligne recommandée pour son efficacité et sa sécurité dans cette indication.,Pivmécillinam,"Incorrecte. C'est une alternative secondaire, utilisée uniquement si la fosfomycine n'est pas disponible.",ECBU (examen des urines en culture),"Incorrecte. L'ECBU est une mesure de diagnostic ou de surveillance, non un traitement antibiotique.",Fluoroquinolones,Incorrecte. Les fluoroquinolones sont explicitement déconseillées pour éviter la résistance et les effets secondaires chez les patients jeunes.,a
425,OIC-161-11-A,Quel est le traitement antibiotique de première intention pour une pyélonéphrite aiguë simple non compliquée?,Cette question évalue la compréhension des protocoles de traitement standard. Le piège courant est de confondre les durées ou les classes d'antibiotiques.,Fluoroquinolones pendant 7 jours,"Correcte : C'est le traitement de première intention pour les cas ambulatoires non compliqués, sauf contre-indication.",Céphalosporines pendant 10 jours,"Incorrecte : Les céphalosporines sont utilisées en cas de résistance ou de contre-indication aux fluoroquinolones, mais pas comme première intention.",Amoxicilline-clavulanate pendant 14 jours,"Incorrecte : Cette association est plus adaptée aux infections urinaires simples, pas aux pyélonéphrites aiguës.",C3G IV pendant 7 jours,Incorrecte : Le C3G IV est réservé aux cas hospitalisés ou en cas d'échec du traitement ambulatoire.,a
426,OIC-161-14-A,"Quelle est la durée recommandée du traitement des infections urinaires masculines en cas d'utilisation de fluroroquinolones, de C3G IV ou de cotrimoxazole?",Cette question évalue la compréhension des durées de traitement spécifiques selon les molécules utilisées. Un piège courant est de confondre les durées pour différentes classes d'antibiotiques.,14 jours,"Correcte. La durée de 14 jours est recommandée pour ces molécules, conformément aux recommandations HAS.",21 jours,"Incorrecte. Cette durée s'applique aux autres molécules non mentionnées, pas aux fluroroquinolones, C3G IV ou cotrimoxazole.",7 jours,"Incorrecte. Une durée trop courte, insuffisante pour éradiquer l'infection et prévenir la résistance.",30 jours,"Incorrecte. Une durée excessive, non recommandée pour les infections urinaires masculines simples.",a
427,OIC-161-16-A,Quelle est la principale considération lors du diagnostic d'infection urinaire chez une personne âgée?,"Cette question évalue la compréhension des spécificités du diagnostic d'infection urinaire chez les personnes âgées, notamment la prise en compte des symptômes atypiques et la prévalence de la colonisation urinaire.","Les symptômes atypiques doivent être liés à d'autres pathologies qu'une infection urinaire, même en cas d'ECBU positif","Correcte. Le texte souligne que les symptômes atypiques ne doivent pas être automatiquement attribués à une infection urinaire, même avec un ECBU positif.","Les symptômes classiques d'infection urinaire (douleur, urèse fréquente) sont toujours présents","Incorrecte. Le texte précise que les personnes âgées expriment souvent des pathologies aiguës de façon atypique, sans symptômes classiques.",Un ECBU positif confirme toujours une infection urinaire,"Incorrecte. La colonisation urinaire est fréquente chez les personnes âgées, et un ECBU positif ne suffit pas à confirmer une infection.",La prévalence de la colonisation urinaire est inférieure à 50% chez les personnes âgées,Incorrecte. Le texte indique que la colonisation urinaire peut atteindre 80% chez certaines populations gériatriques.,a
428,OIC-161-17-A,Quelle combinaison de symptômes est le plus spécifique pour évoquer une infection urinaire haute chez un enfant?,Cette question évalue la capacité à distinguer les manifestations cliniques des infections urinaires hautes (pyélonéphrite) des infections basses. Le piège réside dans la confusion entre les symptômes non spécifiques (fièvre) et les signes fonctionnels urinaires.,Fièvre et lombalgies fébriles,"Correcte. La fièvre associée à des lombalgies fébriles est un critère clé pour suspecter une infection urinaire haute, notamment chez les grands enfants.",Dysurie et pollakiurie,"Incorrecte. Ces symptômes correspondent à une infection urinaire basse, non haute, et ne nécessitent pas de suspicion de pyélonéphrite.",Fièvre isolée chez un nourrisson <3 mois,Incorrecte. La fièvre isolée chez un nourrisson peut être liée à d'autres causes (ex. infection virale) et ne suffit pas à évoquer spécifiquement une infection urinaire haute.,Déshydratation et tachycardie,"Incorrecte. Ces signes indiquent une sévérité de l'infection, mais ne permettent pas de distinguer entre infection urinaire haute ou basse.",a
429,OIC-161-19-A,Quelle est la démarche correcte pour traiter une pyélonéphrite aiguë chez un enfant avec fièvre et signes d'infection urinaire?,"La question évalue la compréhension de la démarche thérapeutique standardisée, en mettant en évidence le piège de débuter le traitement sans ECBU ou sans considérer l'âge et la gravité.",Débuter un traitement antibiotique probabiliste après réalisation d'un ECBU,"Correcte : L'ECBU est indispensable pour guider le choix antibiotique et éviter les résistances, conformément aux recommandations.",Commencer un traitement oral sans ECBU en cas de fièvre,"Incorrecte : Le traitement doit être initié après ECBU pour adapter l'antibiothérapie, même en cas de fièvre.",Utiliser uniquement des antibiotiques oraux dès 3 mois,"Incorrecte : Le choix des antibiotiques dépend de l'âge, de la gravité et des résultats de l'ECBU, pas seulement de l'âge.",Hospitaliser systématiquement tous les enfants avec fièvre,"Incorrecte : L'hospitalisation dépend de critères spécifiques (âge < 3 mois, signes de sévérité, etc.), pas de la fièvre seule.",a
430,OIC-162-01-A,"Quel pathogène est responsable de la syphilis primaire, caractérisée par un chancre au point d'inoculation?",Cette question évalue la capacité à relier les manifestations cliniques spécifiques aux agents pathogènes correspondants. Le piège réside dans la confusion entre les infections causées par différents agents.,Neisseria gonorrhoeae,"Incorrect. Cette bactérie est responsable d'infections urogénitales comme l'urétrite, mais pas de la syphilis.",Chlamydia trachomatis,"Incorrect. Cette bactérie provoque principalement des cervicités asymptomatiques, pas la syphilis.",Human papillomavirus (HPV),"Incorrect. L'HPV est lié aux condylomes et aux néoplasies précancéreuses, pas à la syphilis.",Treponema pallidum,"Correct. Cette spirochète est le seul agent pathogène associé à la syphilis, dont la forme primaire se manifeste par un chancre.",d
431,OIC-162-03-A,Quelle mesure est considérée comme une mesure préventive principale des infections sexuellement transmissibles (IST)?,Cette question évalue la compréhension des mesures préventives primaires des IST. Le piège courant est de confondre les mesures de dépistage (ex. tests sanguins) avec les mesures préventives.,Utilisation du préservatif et vaccination contre l'HPV et l'hépatite B,Correcte. Le préservatif et la vaccination sont explicitement mentionnés comme mesures préventives principales dans le contenu.,Abstinence sexuelle totale,"Incorrecte. Bien que l'abstinence réduise les risques, elle n'est pas explicitement évoquée comme mesure préventive dans le contenu éducatif.",Traitement des infections existantes chez les partenaires,"Incorrecte. Le traitement des infections est une mesure de prise en charge, non une mesure préventive.",Prise régulière de tests sanguins pour le VIH,"Incorrecte. Les tests sanguins sont une mesure de dépistage, non une mesure préventive directe.",a
432,OIC-162-04-A,Quelle est la principale démarche de prise en charge des partenaires lors d'une infection sexuellement transmissible (IST)?,Cette question évalue la compréhension des protocoles standardisés de dépistage et de traitement des partenaires. Le piège réside dans la confusion entre les tests obligatoires et les recommandations contextuelles.,"Proposer systématiquement la sérologie VIH, le test tréponémique, la sérologie d'hépatite B, la PCR urinaire/génitale pour Neisseria gonorrhoeae et Chlamydia trachomatis, ainsi que la PCR pharyngée/anale selon les pratiques sexuelles","Correcte. Elle recouvre toutes les étapes obligatoires mentionnées dans le contenu éducatif, y compris les tests spécifiques et les adaptations selon les pratiques sexuelles.","Se concentrer uniquement sur la sérologie VIH et le test tréponémique, en négligeant les tests PCR pour les infections bactériennes","Incorrecte. Elle omet les tests PCR essentiels pour gonococcie et chlamydiose, ainsi que les examens pharyngés/anaux.",Recommander un traitement de type PrEP sans évaluer les partenaires,"Incorrecte. Le PrEP est une mesure préventive, non une démarche de prise en charge des partenaires contaminés.",Se limiter à l'éducation sur les risques de recontamination sans tests,"Incorrecte. L'éducation est une étape importante, mais elle ne remplace pas les tests obligatoires pour diagnostiquer les IST.",a
433,OIC-162-05-A,Quelle est une cause infectieuse des ulcérations génitales?,La question évalue la capacité à distinguer les causes infectieuses des non-infectieuses. Le piège réside dans la confusion entre les symptômes spécifiques des IST et les lésions non infectieuses.,Syphilis,"Correcte. La syphilis est une IST causée par Treponema pallidum, caractérisée par un chancre indolore.",Herpès génital,"Incorrecte. Bien que lié à une IST, l'herpès présente des ulcérations douloureuses, non mentionnées dans le contenu.",Chancre mou,"Incorrecte. Le chancre mou est une IST spécifique à certains terrains, mais son diagnostic est moins fréquent que la syphilis.",Lésion traumatique,Incorrecte. Les lésions traumatiques sont non infectieuses et ne relèvent pas des IST.,a
434,OIC-162-07-A,Quelle est la caractéristique principale d'un chancre syphilitique primaire?,Cette question évalue la capacité à identifier la caractéristique clé d'une syphilis primaire. Un piège courant est de confondre le chancre syphilitique avec d'autres lésions génitales.,Ulcération non douloureuse,"Correcte. Le chancre syphilitique est typiquement indolore, ce qui le distingue des lésions d'autres IST.",Lésion à bord rouge vif,Incorrecte. Les lésions à bord rouge sont plus souvent associées à d'autres infections comme la chlamydiose.,Ulcération douloureuse avec érosion,"Incorrecte. La douleur est absente dans la syphilis primaire, contrairement à certaines autres IST.",Vésicule avec liquide clair,"Incorrecte. Les vésicules sont typiques de l'herpès génital, non de la syphilis.",a
435,OIC-162-08-A,Quelle est la combinaison des signes cliniques typiques de l'urétrite masculine?,Cette question évalue la capacité à identifier les symptômes spécifiques de l'urétrite masculine. Le piège courant est de confondre les symptômes avec ceux de complications comme la prostatite.,"Écoulement urétral, dysurie, douleurs urétrales, prurit urétral, méatite ou balanite",Correcte. Ces symptômes correspondent exactement aux signes cliniques listés dans le contenu éducatif.,"Févrilité, douleurs lombaires, écoulement urétral, douleurs abdominales","Incorrecte. La fièvre et les douleurs lombaires ne sont pas mentionnées comme signes de l'urétrite, mais plutôt associées à des complications comme la prostatite.","Prurit urétral, douleurs urétrales, écoulement urétral, érythème cutané",Incorrecte. L'érythème cutané n'est pas un signe clinique spécifique de l'urétrite masculine selon le contenu.,"Douleurs urétrales, écoulement urétral, fièvre, douleurs abdominales","Incorrecte. La fièvre et les douleurs abdominales ne sont pas des signes principaux de l'urétrite, mais peuvent être liées à d'autres pathologies.",a
436,OIC-162-09-B,Quelle est la cause principale des urétrites chez l'homme selon le contenu?,Cette question évalue la capacité à distinguer les causes vénériennes et non vénériennes des urétrites. Un piège courant est de confondre la trichomonose avec une cause non vénérienne.,"Gonococcie, chlamydiose et trichomonose",Correcte : Ces trois causes sont explicitement mentionnées comme vénériennes dans le contenu.,"Escherichia coli, traumatisme et irritation","Incorrecte : Ces causes sont classées comme non vénériennes, mais la question demande la cause principale (non exclusive).","Chlamydiose, trichomonose et infection par le papillomavirus","Incorrecte : La trichomonose est vénérienne, pas non vénérienne, et le papillomavirus n'est pas cité comme cause d'urétrite.","Gonococcie, chlamydiose et infection par le papillomavirus",Incorrecte : Le papillomavirus n'est pas mentionné comme cause d'urétrite dans le contenu.,a
437,OIC-162-10-A,Quelle est une manifestation clinique spécifique de la vulvo-vaginite chez la femme?,La question évalue la capacité à distinguer les symptômes de la vulvo-vaginite des signes de la cervicite. Le prurit et la dyspareunie sont des signes distinctifs de la vulvo-vaginite.,Prurit et dyspareunie,Correcte. Ces symptômes sont spécifiques à la vulvo-vaginite et ne sont pas mentionnés dans les signes de la cervicite.,Leucorrhée et pesanteur pelvienne,"Incorrecte. Ces signes sont associés à la cervicite, non à la vulvo-vaginite.",Col inflammatoire et écoulement cervical,"Incorrecte. Ces signes correspondent à la cervicite, pas à la vulvo-vaginite.",Écoulement cervical et vulve œdématiée,"Incorrecte. L'œdème vulvaire est lié à la vulvo-vaginite, mais l'écoulement cervical est un signe de cervicite.",a
438,OIC-162-13-B,Quelle est une cause vénérienne d'infections génitales hautes chez la femme?,Cette question évalue la capacité à distinguer les causes vénériennes des causes non vénériennes des infections génitales. Le piège courant est de confondre Mycoplasma genitalium (vénérien) avec des bactéries non vénériennes.,Streptocoque,"Incorrect. Le streptocoque est une bactérie non vénérienne, souvent associée à des infections non sexuellement transmissibles.",Staphylocoque,"Incorrect. Le staphylocoque est une bactérie non vénérienne, généralement liée à des infections locales non sexuellement transmissibles.",Entérocoque,"Incorrect. L'entérocoque est une bactérie non vénérienne, souvent isolée dans des infections urinaires ou intestinales non sexuellement transmissibles.",Mycoplasma genitalium,"Correct. Mycoplasma genitalium est une cause vénérienne spécifique des infections génitales hautes chez la femme, mentionnée explicitement dans le contenu.",d
439,OIC-162-14-B,Quelle est une manifestation extra-génitale spécifique de la syphilis secondaire?,"Cette question évalue la capacité à identifier les manifestations cutanéo-phanériennes typiques de la syphilis secondaire, un point clé dans le diagnostic. Le piège réside dans la confusion avec les symptômes de l'IST chlamydienne ou gonococcique.",Roséole syphilitique (macules rosées sur le tronc),"Correcte. Le roséole syphilitique est une éruption cutanée spécifique à la syphilis secondaire, mentionnée explicitement dans le contenu.",Anorectite asymptomatique,"Incorrecte. L'anorectite asymptomatique est associée à la chlamydiose et à la gonococcie, non spécifiquement à la syphilis.",Oropharyngite asymptomatique,"Incorrecte. L'oropharyngite asymptomatique est une manifestation de la gonococcie, pas de la syphilis secondaire.","Syndrome oculo-uréthro-synovial (polyarthrite, conjonctivite)","Incorrecte. Ce syndrome est lié à la chlamydiose, non à la syphilis secondaire.",a
440,OIC-162-15-A,Quel examen complémentaire est réalisé pour évaluer une localisation extragénitale d'une IST?,Cette question évalue la compréhension des examens spécifiques aux localisations extragénitales des IST. Un piège courant est de confondre les examens systémiques (serologies) avec ceux ciblés sur les zones extragénitales.,"Sérologies (VIH, VHB, tests tréponémiques)","Incorrect. Les sérologies sont utilisées pour détecter des infections systémiques, non spécifiques aux localisations extragénitales.",Culture du gonocoque sur écoulement urétral,"Incorrect. La culture du gonocoque est réalisée pour les symptômes génitaux, non pour les localisations extragénitales.",CRP et NFS pour infection haute de la femme,"Incorrect. Ces paramètres sont associés aux infections hautes de la femme, non aux localisations extragénitales.",PCR pharyngée et anale selon les pratiques sexuelles,Correct. Les PCR pharyngée et anale sont spécifiques aux localisations extragénitales et adaptées aux pratiques sexuelles.,d
441,OIC-162-17-B,Quelle est l'exploration correcte à réaliser en cas d'infection génitale haute chez la femme?,La question évalue la connaissance des examens complémentaires spécifiques aux infections génitales hautes. Un piège courant est de confondre les tests de dépistage des IST avec des examens non pertinents.,"CRP, NFS, prélèvement avec speculum pour examen direct + culture standard + PCR Neisseria gonorrhoeae et Chlamydia trachomatis",Correcte : Ces examens correspondent exactement aux explorations mentionnées dans le contenu éducatif.,Échographie pelvienne + test de dépistage du VIH,"Incorrecte : L'échographie pelvienne n'est pas mentionnée comme exploration standard, et le VIH n'est pas lié à l'infection génitale haute.",Prélèvement de sang pour dosage des hormones sexuelles,Incorrecte : Les hormones sexuelles ne sont pas liées à la diagnostic des infections génitales hautes.,Prélèvement de lésions cutanées pour examen histologique,"Incorrecte : L'examen histologique n'est pas indiqué pour les infections génitales hautes, sauf en cas de suspicion de malignité.",a
442,OIC-162-19-A,Quelle est la méthode de dépistage principale pour détecter l'infection à papillomavirus humain (HPV) chez les femmes?,Cette question évalue la compréhension des modalités de dépistage spécifiques à l'HPV chez les femmes. Le piège courant est de confondre le test HPV-HR avec d'autres examens comme le frottis cervical.,Colposcopie avec biopsie,"Incorrect. La colposcopie est utilisée en complément du test HPV-HR, mais non comme méthode principale de dépistage.",Test HPV-HR,"Correct. Le test HPV-HR est la méthode principale pour détecter l'infection à HPV chez les femmes, souvent associé à un frottis cervical.",Uroscopie urétrale,"Incorrect. L'uroscopie est utilisée chez l'homme pour une atteinte urétrale, pas chez les femmes.",Examen proctologique,"Incorrect. L'examen proctologique est réservé aux atteintes anales, non aux femmes pour le dépistage de l'HPV.",b
443,OIC-162-20-A,Quel antibiotique est recommandé en première intention pour le traitement de la gonococcie?,Cette question évalue la compréhension des protocoles antibiotiques spécifiques aux IST. Un piège courant est de confondre les traitements entre les IST (ex. métronidazole pour la trichomonose vs ceftriaxone pour la gonococcie).,Ceftriaxone 1000 mg IM/IV dose unique,Correcte. La ceftriaxone est le traitement de choix pour la gonococcie selon les recommandations.,Azithromycine 1 g dose unique,"Incorrecte. L'azithromycine est une alternative en cas d'allergie aux β-lactamines, mais non le traitement de première intention.",Doxycycline 200 mg pendant 7 jours,"Incorrecte. La doxycycline est utilisée pour la chlamydiose, pas la gonococcie.","Benzathine pénicilline G 2,4 millions d'unités IM","Incorrecte. La benzathine pénicilline est indiquée pour la syphilis, non la gonococcie.",a
444,OIC-162-21-B,Quelle est la recommandation thérapeutique correcte pour une infection génitale haute non compliquée selon les directives de 2018?,Cette question évalue la compréhension des protocoles combinés pour le traitement des IGH. Le piège courant est de confondre les durées ou les associations de médicaments.,Ceftriaxone 1g IV/IM + Doxycycline 100mg/12h + Métronidazole 500mg/12h pendant 10 jours,Correcte : Cet ensemble correspond exactement aux recommandations combinées pour l'IGH non compliquée.,Ceftriaxone 1g/j IV pendant 14 jours,"Incorrecte : Cette association correspond uniquement au traitement de la gonocoque, pas à l'IGH non compliquée.",Doxycycline 100mg/12h pendant 7 jours,Incorrecte : La durée est trop courte et ne comprend pas les associations nécessaires pour l'IGH non compliquée.,Métronidazole 500mg/12h + Doxycycline 100mg/12h pendant 10 jours,"Incorrecte : Manque de Ceftriaxone, essentiel pour couvrir la gonocoque dans le contexte des IGH.",a
445,OIC-162-23-A,Quel est le signe clinique principal de la syphilis précoce?,Cette question évalue la capacité à identifier le signe clinique spécifique de la syphilis précoce. Le piège courant est de confondre les manifestations de la phase secondaire avec celles de la phase primaire.,Chancre induré et spontanément régressif,"Correcte. Le chancre est le signe clinique principal de la syphilis primaire, phase précoce de la maladie.",Roséole syphilitique avec macules rosées,"Incorrecte. Le roséole est une manifestation de la phase secondaire, non de la phase précoce.",ADP satellite non inflammatoire,"Incorrecte. L'ADP satellite est une complication de la phase primaire, mais non le signe principal.",Fébricule et céphalées,"Incorrecte. Ces symptômes sont associés à la phase secondaire, non à la phase précoce.",a
446,OIC-162-24-B,Quelle est la caractéristique principale de la syphilis latente tardive?,Cette question évalue la compréhension des stades de la syphilis et distingue la syphilis latente tardive des formes cliniques tertiaires. Un piège courant est de confondre la latence avec les manifestations tertiaires.,Absence de signe clinique et sérologie positive avec contact plus d'un an auparavant,Correcte. La syphilis latente tardive est définie par l'absence de symptômes et une sérologie positive après un an de contact.,Présence de lésions cutanées et de fièvre,"Incorrecte. Ces signes correspondent à la syphilis primaire, non à la latente tardive.",Apparition de lésions gommeuses et de troubles neurologiques,"Incorrecte. Ces manifestations appartiennent à la syphilis tertiaire, non à la latente tardive.",Dysfonction rénale et éruption cutanée,Incorrecte. Ces signes sont associés à d'autres IST comme la chlamydiose ou le papillomavirus.,a
447,OIC-162-26-B,Quelle est la caractéristique principale de l'éruption observée dans la photographie de syphilis secondaire?,Cette question évalue la capacité à identifier les manifestations cutanées spécifiques de la syphilis secondaire. Un piège courant est de confondre cette éruption avec celles d'autres IST comme la chlamydiose ou le papillomavirus.,Syphilid rash (rash palmaire),"Correcte. Les syphilides palmaires sont des lésions cutanées typiques de la syphilis secondaire, observées sur les paumes et les plantes des pieds.",Chancre (lésion primaire),"Incorrecte. Le chancre est une lésion indolore spécifique à la phase primaire de la syphilis, non à la phase secondaire.",Gummas (lésions tertiaires),"Incorrecte. Les gummas sont des lésions nodulaires caractéristiques de la syphilis tertiaire, non de la phase secondaire.",Verrues (papillomavirus),"Incorrecte. Les verrues sont causées par le papillomavirus humain (HPV), une IST différente de la syphilis.",a
448,OIC-162-27-A,Quelle combinaison de résultats de tests sérologiques indique une syphilis guérie ou très précoce?,Cette question évalue la compréhension de l'interprétation des tests sérologiques en syphilis. Un piège courant est de confondre les résultats de TT et TNT.,TT positif et TNT positif,"Incorrect. Cette combinaison nécessite une interprétation selon la cinétique du TNT, pas une conclusion directe.",TT négatif et TNT positif,Incorrect. Cela correspond à un faux positif ou à une syphilis récente non traitée.,TT négatif et TNT négatif,Incorrect. Cela suggère une absence de tréponématose ou une syphilis très récente.,TT positif et TNT négatif,"Correct. Indique une syphilis guérie, très précoce ou syphilis tertiaire très ancienne.",d
449,OIC-162-28-A,Quel est le traitement principal de la syphilis primaire selon le contenu éducatif?,La question évalue la compréhension des protocoles de traitement standard. Le piège courant est de confondre le traitement de base avec les alternatives (allergie pénicilline).,"Benzathine pénicilline G dose unique IM 2,4 millions d’unités",Correcte. C’est le traitement standard mentionné explicitement dans le contenu.,Doxycycline 14 jours,"Incorrecte. C’est une alternative en cas d’allergie à la pénicilline, non le traitement principal.",Pénicilline orale à dose élevée,"Incorrecte. Le contenu précise une administration intramusculaire, pas orale.",Ceftriaxone 1 dose intraveineuse,Incorrecte. Ceftriaxone n’est pas mentionnée comme traitement principal dans le contenu.,a
450,OIC-162-29-B,Quelle est la durée du traitement par benzathine pénicilline G pour la syphilis secondaire précoce?,Cette question évalue la compréhension des modalités de traitement de la syphilis secondaire. Le piège courant est de confondre la syphilis secondaire avec la syphilis tardive.,Une dose unique intramusculaire,Correcte. La syphilis secondaire précoce est traitée par une dose unique de benzathine pénicilline G.,14 jours de doxycycline,"Incorrecte. Cette durée correspond à la prise en charge en cas d'allergie à la pénicilline, non à la syphilis secondaire précoce.",28 jours de doxycycline,"Incorrecte. Cette durée est utilisée pour la syphilis tardive, non pour la syphilis secondaire précoce.",3 semaines de benzathine pénicilline G,"Incorrecte. Cette durée correspond à la syphilis tardive, pas à la syphilis secondaire précoce.",a
451,OIC-162-30-A,Quelle manifestation clinique liée au papillomavirus humain (HPV) est considérée comme une lésion pré-cancéreuse?,Cette question évalue la capacité à distinguer les lésions bénignes des lésions pré-cancéreuses liées au HPV. Un piège courant est de confondre les condylomes acuminés (bénins) avec les néoplasies intra-épithéliales.,Condylomes acuminés (« crêtes-de-coq »),"Incorrect. Les condylomes acuminés sont des lésions bénignes, non pré-cancéreuses.",Condylomes plans (maculo-papules rosées),"Incorrect. Les condylomes plans sont également des lésions bénignes, non pré-cancéreuses.",Néoplasie intra-épithéliale (NIE) : lésions pré-cancéreuses (LSIL ou HSIL),"Correct. La NIE est une lésion pré-cancéreuse associée au HPV, classée en LSIL (lésion de bas grade) ou HSIL (lésion de haut grade).",Herpès simplex,"Incorrect. L'herpès simplex est une infection virale différente du HPV, non liée aux lésions pré-cancéreuses.",c
452,OIC-162-32-B,Quelle infection sexuellement transmissible (IST) est causée par un agent parasitaire?,"La question évalue la capacité à distinguer les étiologies parasitaires des IST. Le piège réside dans la confusion entre agents bactériens, viraux et parasitaires.",Trichomonas vaginalis,"Correcte. Trichomonas vaginalis est un protozoaire (agent parasitaire) responsable de la trichomonose, une IST.",Neisseria gonorrhoeae,"Incorrecte. Neisseria gonorrhoeae est une bactérie causant la gonococcie, une IST non parasitaire.",Treponema pallidum,"Incorrecte. Treponema pallidum est une bactérie responsable de la syphilis, une IST non parasitaire.",Papillomavirus humain (HPV),"Incorrecte. Le HPV est un virus causant des lésions génitales, une IST non parasitaire.",a
453,OIC-162-34-B,Quel est le traitement standard de la trichomonose chez un adulte non enceinte?,Cette question évalue la compréhension des traitements spécifiques pour la trichomonose. Un piège courant est de confondre les molécules utilisées pour les autres IST.,Metronidazole 2g dose unique,"Correcte. Le metronidazole est le traitement de référence pour la trichomonose, administré en dose unique.",Doxycycline 200mg pendant 7 jours,"Incorrecte. La doxycycline est utilisée pour la chlamydiose, pas la trichomonose.",Azithromycine 1g dose unique,"Incorrecte. L'azithromycine est associée à la chlamydiose, non à la trichomonose.",Ceftriaxone 1000mg dose unique,"Incorrecte. La ceftriaxone traite les infections gonococciques, pas la trichomonose.",a
454,OIC-162-35-A,Quelles sont les principales conséquences à long terme des infections génitales hémorragiques (IGH) chez la femme?,Cette question évalue la compréhension des complications chroniques des IGH. Le piège courant est de confondre les effets directs des infections avec les complications indirectes.,"Algies pelviennes inflammatoires, stérilité tubaire et grossesse extra-utérine",Correcte. Ces conséquences sont directement liées aux lésions des trompes de Fallope causées par les IGH.,Cancer du col de l'utérus et infections urinaires récidivantes,"Incorrecte. Le cancer du col est lié au papillomavirus humain (HPV), mais les infections urinaires ne sont pas une conséquence spécifique des IGH.",Ovarian cysts et infertilité ovarienne,"Incorrecte. Les kystes ovariens sont plus liés à d'autres pathologies, et l'infertilité ovarienne n'est pas une conséquence majeure des IGH.",Dysplasie cervicale et syndrome des ovaires polykystiques,"Incorrecte. La dysplasie cervicale est une précurseur du cancer, et le syndrome des ovaires polykystiques est une pathologie hormonale distincte.",a
455,OIC-162-37-B,Quelle infection sexuellement transmissible est illustrée par la photographie de condylomes sur les grandes lèvres?,Cette question évalue la capacité à identifier une infection spécifique à partir de ses manifestations cutanées. Le piège réside dans la confusion avec d'autres IST comme la syphilis ou la trichomonose.,Infection au papillomavirus humain (HPV),"Correcte. Les condylomes acuminés sont une manifestation typique de l'infection par le HPV, notamment le type 6 ou 11.",Syphilis,"Incorrecte. La syphilis présente des lésions pustuleuses ou des chancres, pas des condylomes.",Gonococcie,"Incorrecte. La gonococcie affecte principalement le col de l'utérus et les voies urinaires, pas les lèvres externes.",Trichomonose,"Incorrecte. La trichomonose provoque des symptômes comme des écoulements, pas des condylomes.",a
456,OIC-164-02-A,Quelle est l'urgence vitale immédiate associée à une éruption cutanée chez l'enfant?,Cette question évalue la capacité à identifier l'urgence la plus critique liée aux exanthèmes. Le piège réside dans la confusion entre les urgences infectieuses et les urgences vitales immédiates.,Purpura fulminans,Correcte. Le purpura fulminans est une urgence vitale immédiate avec des signes de défaillance hémodynamique et de nécrose cutanée.,Syndrome de choc toxique staphylococcique,"Incorrecte. Bien que grave, ce syndrome est une urgence infectieuse, non une urgence vitale immédiate.",DRESS (réaction médicamenteuse sévère),"Incorrecte. Le DRESS est une réaction allergique sévère, mais pas une urgence vitale immédiate.",Maladie de Kawasaki,"Incorrecte. La maladie de Kawasaki est une urgence inflammatoire, mais pas une urgence vitale immédiate.",a
457,OIC-164-04-A,Quelle affirmation décrit correctement la contagiosité de la rougeole?,Cette question évalue la compréhension des mécanismes de transmission de la rougeole. Le piège courant est de confondre les données épidémiologiques avec les complications ou les phases cliniques.,"Le virus de la rougeole a un R0 de 15 à 20, ce qui signifie qu'une personne infectée peut provoquer 15 à 20 cas secondaires.",Correcte. Le R0 élevé reflète la forte contagiosité du virus par voie aérienne.,L'incubation de la rougeole dure 10 à 12 jours.,"Incorrecte. L'incubation est un fait clinique, mais ne décrit pas la contagiosité.",La vaccination ROR est obligatoire à 12 et 16-18 mois.,"Incorrecte. Cela concerne la prévention, pas la transmission.",La rougeole peut provoquer des complications neurologiques comme l'encéphalite.,"Incorrecte. Les complications sont liées à la maladie, non à sa contagiosité.",a
458,OIC-164-05-A,Quelle période de la grossesse présente le risque le plus élevé de complications fœtales liées à l'infection par le virus de la rubéole?,"Cette question évalue la compréhension du risque fœtal lié à l'infection maternelle par la rubéole, un piège courant étant de confondre la période de risque avec la fin de la grossesse.",Premier trimestre (avant 12 SA),"Correcte. L'infection avant 11 SA (premier trimestre) entraîne un risque de 70 à 100% de malformations fœtales, ce qui correspond à la période critique.",Deuxième trimestre (12-24 SA),"Incorrecte. Le risque diminue après 12 SA, avec une probabilité de 80% de complications entre 12 et 18 SA, mais reste inférieur à celui du premier trimestre.",Troisième trimestre (après 24 SA),"Incorrecte. Le risque est faible après 24 SA, car le virus a déjà traversé la barrière placentaire et l'organisme fœtal est plus résistant.",Toute la grossesse,Incorrecte. Le risque n'est pas uniforme : il est maximal au début de la grossesse et diminue progressivement.,a
459,OIC-164-06-A,Quelle est la caractéristique clinique principale du mégalérythème épidémique?,Cette question évalue la compréhension des manifestations cutanées spécifiques de la maladie. Un piège courant est de confondre cette éruption avec d'autres formes éruptives.,Éruption maculopapuleuse débutant aux joues avec un aspect en arabesque,Correcte. Cette description correspond exactement aux caractéristiques cliniques décrites dans le contenu.,Syndrome 'gants et chaussettes' (atteinte des extrémités),"Incorrecte. Ce syndrome est une forme atypique de la maladie, mais non la caractéristique principale.",Érythème polymorphe avec des lésions variées,Incorrecte. L'érythème polymorphe est une autre maladie éruptive distincte.,Incubation de 48 à 72 heures,"Incorrecte. L'incubation est de 6 à 18 jours, non une caractéristique clinique de l'éruption.",a
460,OIC-164-07-A,Quelle est la caractéristique clé de l'exanthème dans la forme symptomatique de l'infection à HHV6 chez l'enfant?,"La question évalue la compréhension des signes cliniques distinctifs de l'exanthème subit. Le piège réside dans la confusion entre la durée, la couleur et la relation avec la fièvre.","Exanthème maculopapuleux, rose pâle, fugace, avec disparition de la fièvre","Correcte. Cela correspond aux descriptions clés du texte : couleur pâle, fugacité et lien entre fièvre et éruption.","Exanthème rouge, persistant, avec fièvre persistante","Incorrecte. L'éruption est décrite comme 'pâle' et 'fugace', et la fièvre disparaît avec l'éruption.","Exanthème rouge, fugace, avec fièvre persistante","Incorrecte. Bien que l'éruption soit fugace, la fièvre ne persiste pas : elle disparaît avec l'éruption.","Exanthème maculopapuleux, persistant, avec fièvre persistante","Incorrecte. L'éruption est 'fugace' (24 heures) et la fièvre cesse avec l'éruption, pas après.",a
461,OIC-164-08-A,Quel est l'âge de prédilection de la primo-infection à Epstein-Barr (EBV) dans la mononucléose infectieuse?,Cette question évalue la compréhension de l'épidémiologie de la mononucléose infectieuse. Le piège réside dans la confusion entre l'âge de prédilection et les cas possibles chez d'autres tranches d'âge.,L'adolescence,"Correcte. L'âge de prédilection de la primo-infection à EBV est l'adolescence, bien que la maladie puisse survenir chez les jeunes enfants ou les adultes.",L'infance,"Incorrecte. Bien que la maladie puisse survenir chez les jeunes enfants, l'âge de prédilection reste l'adolescence.",L'âge adulte,"Incorrecte. Les adultes sont généralement immunisés (80-90%), mais la primo-infection se produit principalement chez les adolescents.",La période néonatale,Incorrecte. La transmission par voie salivaire et l'âge de prédilection indiquent que la primo-infection n'est pas typique à la période néonatale.,a
462,OIC-164-09-A,Quelle est la cause principale de la scarlatine?,Cette question évalue la compréhension de l'étiologie de la scarlatine. Le piège courant est de confondre le streptocoque du groupe A (source) avec la toxine érythrogène (cause directe).,La toxine érythrogène du streptocoque du groupe A,"Correcte. La scarlatine est causée par la toxine érythrogène produite par le streptocoque du groupe A, non par le bactérien lui-même.",Le streptocoque du groupe A,"Incorrecte. Bien que le streptocoque du groupe A soit la source de la toxine, c'est la toxine qui provoque les symptômes cliniques spécifiques.",Un virus respiratoire,"Incorrecte. La scarlatine est une infection bactérienne, non virale, causée par le streptocoque du groupe A.",L'érythème cutané,"Incorrecte. L'érythème est un symptôme clinique, non la cause de la maladie.",a
463,OIC-164-10-A,Quelle est la condition nécessaire pour poser le diagnostic de maladie de Kawasaki selon les critères majeurs?,Cette question évalue la compréhension des critères diagnostiques de la maladie de Kawasaki. Le piège courant est de confondre le nombre de critères requis ou de négliger la durée de la fièvre.,Fièvre prolongée pendant 5 jours ou plus et au moins 4 critères majeurs,Correcte. C'est le critère principal pour le diagnostic de la forme classique complète.,Fièvre prolongée pendant 3 jours et 3 critères majeurs,"Incorrecte. La durée de la fièvre doit être de 5 jours ou plus, et au moins 4 critères majeurs sont requis.",Fièvre prolongée pendant 5 jours et 2 critères majeurs,"Incorrecte. Même avec une fièvre prolongée, moins de 4 critères majeurs ne suffisent pas à poser le diagnostic.",Fièvre prolongée pendant 7 jours et 5 critères majeurs,"Incorrecte. Bien que la durée de la fièvre soit correcte, le nombre de critères majeurs est supérieur à celui requis.",a
464,OIC-164-11-A,Quelle complication de la varicelle est associée à la prise d'aspirine?,"Cette question évalue la compréhension des complications de la varicelle, en mettant en évidence un piège courant lié à l'association aspirine-varicelle.",Syndrome de Reye,"Correcte. Le syndrome de Reye est une complication grave liée à l'association de la varicelle et de la prise d'aspirine, surtout chez les enfants.",Pneumonie virale,"Incorrecte. La pneumonie est une complication possible de la varicelle, mais elle n'est pas liée à l'aspirine.",Dermohypodermite bactérienne,"Incorrecte. La dermohypodermite est une surinfection bactérienne, mais elle n'est pas associée à l'aspirine.",Hépatite virale,"Incorrecte. L'hépatite est une complication grave, mais elle n'est pas liée à l'usage d'aspirine.",a
465,OIC-176-01-A,Quelle est la durée définissant une diarrhée chronique chez l'adulte?,Cette question évalue la compréhension des critères de durée pour classer une diarrhée chez l'adulte. Un piège courant est de confondre les durées définies pour les enfants et les adultes.,Plus de 4 semaines,Correcte. La diarrhée chronique chez l'adulte est définie comme persistant plus de 4 semaines.,3 semaines,"Incorrecte. Cette durée correspond à la diarrhée chronique chez l'enfant, non chez l'adulte.",2 semaines,"Incorrecte. Cette durée définit la diarrhée aiguë chez l'adulte, pas la chronique.",1 semaine,"Incorrecte. Cette durée correspond à la diarrhée aiguë chez l'enfant, non à la chronique chez l'adulte.",a
466,OIC-176-02-A,Quelle est la principale cause des diarrhées chez l'adulte selon le contenu?,Cette question évalue la compréhension des causes principales des diarrhées selon l'âge. Le piège courant est de confondre les causes infectieuses et non infectieuses entre adultes et enfants.,Les causes infectieuses,Correcte. Le contenu indique que les causes infectieuses représentent la très grande majorité des diarrhées chez l'adulte.,Les causes virales,"Incorrecte. Bien que les causes virales soient fréquentes chez l'enfant, elles ne sont pas la principale chez l'adulte.",Les causes non infectieuses,"Incorrecte. Les causes non infectieuses (ex. médicamenteuses, allergiques) sont secondaires chez l'adulte.",La transmission manuportée,"Incorrecte. La transmission manuportée est un mode de transmission, pas une cause principale des diarrhées.",a
467,OIC-176-06-B,Quel parasite est le plus fréquemment retrouvé comme étiologie parasitaire de diarrhées chez l'adulte et l'enfant?,"Cette question évalue la compréhension des étiologies parasitaires principales des diarrhées. Le piège réside dans la confusion entre les parasites fréquents et ceux spécifiques à certains contextes (voyages, immunodépression).",Giardia intestinalis,"Correcte. Giardia intestinalis est mentionné comme le parasite le plus fréquemment retrouvé, notamment chez les enfants et les voyageurs.",Cryptosporidium spp,"Incorrecte. Bien que fréquent, Cryptosporidium est secondaire à Giardia intestinalis dans la liste des parasites les plus retrouvés.",Amoebiasis intestinale,"Incorrecte. L'amoebiasis est évoquée comme une cause possible chez les voyageurs, mais pas comme la plus fréquente.",Microsporidies,"Incorrecte. Les microsporidies sont mentionnées, mais comme causes moins fréquentes que Giardia intestinalis.",a
468,OIC-176-07-A,Quel examen complémentaire n'est pas indiqué chez le jeune enfant?,Cette question évalue la compréhension des indications spécifiques des examens complémentaires pour les diarrhées infectieuses. Le piège courant est de confondre les indications pour les tests de C. difficile chez les enfants et les adultes.,Coproculture en cas de diarrhée aiguë fébrile,"Correcte : La coproculture est indiquée pour les diarrhées aiguës fébriles, notamment en cas de TIAC ou de signes de gravité.",Examen parasitologique des selles après séjour en zone d'endémie,Correcte : L'examen parasitologique est recommandé après un séjour en zone d'endémie ou chez l'immunodéprimé.,Recherche de toxines de C. difficile en cas de diarrhée post-antibiotique,Correcte : La recherche de C. difficile est indiquée chez l'adulte en cas de diarrhée hospitalisée ou post-antibiotique.,Recherche de toxines de C. difficile chez l'enfant de moins de 4 ans,Incorrecte : La diarrhée à C. difficile est quasi-inexistante chez les enfants sous 4 ans en raison de l'absence de récepteur à la toxine.,d
469,OIC-176-08-B,Quelle est l'indication principale d'un examen parasitologique des selles?,"Cette question évalue la compréhension des indications spécifiques des examens parasitologiques. Le piège réside dans la confusion entre les différents contextes cliniques (voyage, immunodépression, diarrhées chroniques).",En cas d'immunodépression et de diarrhées chroniques,Correcte. Le contenu indique explicitement que la recherche de cryptosporidiose est indiquée en cas d'immunodépression ou de diarrhées chroniques.,En cas de selles glairo-sanglantes après un voyage en zone endémique,"Incorrecte. Cette indication correspond à l'anguillulose, non à l'indication principale des examens parasitologiques généraux.",En cas de troubles digestifs persistants chez l'enfant,"Incorrecte. Cette indication est spécifique à la giardiase, non à l'indication principale des examens parasitologiques.",En cas de séjour prolongé en zone d'endémie d'anguillulose,"Incorrecte. Cette indication est liée à l'anguillulose, mais ne correspond pas à l'indication principale des examens parasitologiques.",a
470,OIC-176-09-A,Quels examens complémentaires sont principalement utilisés pour évaluer le retentissement des diarrhées infectieuses dans les cas de déshydratation et de sepsis?,Cette question évalue la compréhension des examens spécifiques liés aux complications des diarrhées infectieuses. Un piège courant est de confondre les examens de déshydratation avec ceux de sepsis.,"Ionogramme sanguin, créatininémie, NFS pour la déshydratation ; gaz du sang avec lactates pour la sepsis",Correcte. Les examens cités correspondent aux recommandations pour évaluer la déshydratation et la sepsis.,"PCR sanguin, électrolytes plasmatiques, bilan hépatique pour la déshydratation ; culture urinaire pour la sepsis","Incorrecte. La PCR et le bilan hépatique ne sont pas mentionnés comme examens principaux, et la culture urinaire est moins spécifique que le gaz du sang.","Bilan hématologique complet, électrolytes plasmatiques, urines pour la déshydratation ; radiographies thoraciques pour la sepsis",Incorrecte. Les urines et les radiographies thoraciques ne sont pas des examens standardisés pour ces situations.,"Électrolytes plasmatiques, créatininémie, bilan hépatique pour la déshydratation ; électrocardiogramme pour la sepsis",Incorrecte. L'électrocardiogramme n'est pas un examen de première ligne pour évaluer la sepsis.,a
471,OIC-176-10-B,Quelle est l'indication principale de la rectosigmoïdoscopie ou de la colonoscopie dans le contexte des diarrhées infectieuses?,Cette question évalue la compréhension des indications spécifiques de l'examen endoscopique. Un piège courant est de confondre les diarrhées aiguës avec des causes identifiées avec les cas persistants sans étiologie connue.,Diarrhées persistantes sans cause identifiée malgré un bilan initial complet,Correcte. C'est l'indication principale mentionnée dans le contenu éducatif.,Diarrhées aiguës avec cause évidente (ex : infection bactérienne),Incorrecte. Les endoscopies sont rares dans les cas aigus avec cause identifiée.,Contrôle routinier de l'état intestinal chez un adulte sain,Incorrecte. L'examen n'est pas indiqué pour des vérifications non symptomatiques.,Symptômes non spécifiques comme des ballonnements occasionnels,Incorrecte. Les endoscopies ne sont pas justifiées par des symptômes bénins et transitoires.,a
472,OIC-176-12-A,Quelle est la principale recommandation pour la prise en charge symptomatique de la diarrhée chez l'adulte?,La question évalue la compréhension des priorités dans la gestion de la déshydratation. Un piège courant est de privilégier les voies intraveineuses plutôt que l'hydratation orale.,Privilégier l'hydratation orale pour corriger la déshydratation,Correcte. L'hydratation orale est la première ligne de traitement pour prévenir ou corriger la déshydratation.,Utiliser des solutions intraveineuses dès le début,"Incorrecte. Les voies intraveineuses sont réservées aux cas graves de déshydratation, pas la première option.",Administrer des antidiarrhéiques systémiques,Incorrecte. Les antidiarrhéiques peuvent aggraver les infections à parasites ou bactéries.,Restreindre strictement les apports hydriques,"Incorrecte. La déshydratation doit être combattue par une hydratation adaptée, pas par restriction.",a
473,OIC-176-14-A,Quel est l'élément principal de prévention d'une diarrhée infectieuse selon le contenu?,La question évalue la compréhension de l'importance de l'hygiène des mains comme mesure de prévention primaire. Un piège courant est de confondre cette mesure avec d'autres pratiques secondaires.,Hygiène des mains,"Correcte. L'hygiène des mains est explicitement présentée comme la mesure de prévention primaire, essentielle pour éviter la transmission des agents pathogènes.",Conservation des aliments en chaîne du froid,"Incorrecte. Bien que mentionnée, cette mesure est une précaution complémentaire et non la principale de prévention.",Vaccination anti-rotavirus,"Incorrecte. La vaccination est une mesure de prévention secondaire, non primordiale selon le texte.",Consommation d'eau traitée,"Incorrecte. Cette pratique est recommandée en zone tropicale, mais elle relève d'une mesure spécifique et non de la prévention primaire générale.",a
474,OIC-176-15-A,Quelle est la définition correcte d'une toxi-infection alimentaire collective?,"Cette question évalue la compréhension de la définition spécifique d'une toxi-infection alimentaire collective, en distinguant les éléments clés (contamination alimentaire, exposition multiple, symptômes digestifs). Le piège courant est de confondre avec d'autres types d'empoisonnements.","Une épidémie de maladie causée par la consommation de denrées alimentaires contaminées, entraînant des symptômes digestifs chez plusieurs personnes.","Correcte. Elle inclut les trois éléments essentiels : contamination alimentaire, exposition multiple et symptômes digestifs.","Une infection provoquée par l'eau contaminée, affectant une seule personne.",Incorrecte. Elle mélange la source de contamination (eau vs aliment) et la nature de l'exposition (unique vs collective).,"Une intoxication alimentaire due à une mauvaise hygiène personnelle, sans contact avec des denrées contaminées.",Incorrecte. Elle ignore la contamination des aliments et met l'accent sur la responsabilité individuelle plutôt que sur la chaîne de contamination.,"Une réaction allergique à un aliment, provoquant des symptômes cutanés et respiratoires.",Incorrecte. Elle confond une allergie (réaction immunitaire) avec une infection (contamination bactérienne/virale).,a
475,OIC-176-16-A,Quelle situation doit être prise en charge en urgence lors de diarrhées infectieuses?,La question évalue la capacité à identifier les signes d'urgence liés aux diarrhées infectieuses. Le piège réside dans la confusion entre symptômes courants et complications graves.,Déshydration et SHU,Correcte. La déshydratation et le choc hypovolémique (SHU) sont des complications graves nécessitant une prise en charge immédiate.,Vomissements et fièvre,"Incorrecte. Bien que fréquents, les vomissements et la fièvre ne constituent pas une urgence à proprement parler sans signes d'alerte.",Déséquilibre électrolytique et douleur abdominale,"Incorrecte. Le déséquilibre électrolytique peut être grave, mais la douleur abdominale est souvent un symptôme mineur sans urgence immédiate.",Nausées et fatigue,Incorrecte. Ces symptômes sont généralement liés à la maladie mais ne nécessitent pas une prise en charge d'urgence.,a
476,OIC-179-04-B,Quelle est la forme de pollution de l'eau la plus fréquente selon le contenu?,Cette question évalue la capacité à identifier la principale source de pollution mentionnée. Le piège courant est de confondre la pollution microbienne avec la pollution chimique.,La pollution chimique,Correcte. Le texte indique que la pollution chimique est « probablement la plus fréquente ».,La pollution thermique,"Incorrecte. La pollution thermique est mentionnée comme un risque sanitaire, mais pas comme la plus fréquente.",La pollution radioactive,Incorrecte. La pollution radioactive est décrite comme « la plus faible en dehors d'accidents exceptionnels ».,La pollution microbienne,"Incorrecte. Bien que fréquente, la pollution microbienne est associée à des troubles gastro-intestinaux, pas à la fréquence globale.",a
477,OIC-179-09-A,Quelle est la procédure correcte pour signaler une suspicion de TIAC?,La question évalue la compréhension des modalités de signalement d'une TIAC. Un piège courant est de croire que l'enquête ou la documentation sont nécessaires avant le signalement.,Signaler immédiatement auprès de l'ARS via une fiche spécifique,Correcte. Le contenu indique de signaler sans attendre l'enquête ni la documentation.,Attendre l'enquête de la santé publique avant de signaler,Incorrecte. Le texte précise de ne pas attendre l'enquête pour signaler.,Signaler après avoir documenté les cas en détail,Incorrecte. Le contenu mentionne de ne pas attendre la documentation pour le signalement.,Signaler après un examen médical confirmatoire,"Incorrecte. Le processus ne requiert pas d'examen médical préalable, mais une fiche spécifique.",a
478,OIC-179-10-B,Quelle est la première mesure à prendre lors de l'investigation d'une TIAC?,Cette question évalue la compréhension de l'ordre des étapes initiales d'une enquête de TIAC. Un piège courant est de confondre les mesures immédiates avec les analyses ultérieures.,Prévenir le médecin responsable/équipe opérationnelle d'hygiène de l’établissement,"Correcte. Cette mesure est la première étape décrite dans le tableau, avant l'identification des malades ou la collecte de données.",Identifier les malades ayant (eu) des signes cliniques,"Incorrecte. Cette étape suit la notification du médecin, car elle nécessite une coordination préalable.",Conserver les restes des matières premières et des denrées servies,Incorrecte. Cette mesure est réalisée après l'identification des malades et la collecte des données initiales.,Effectuer un signalement de la suspicion de TIAC au médecin inspecteur de l’ARS,"Incorrecte. Le signalement est une étape ultérieure, après la collecte des premières informations.",a
479,OIC-183-02-B,Quelle est une action directe des services de santé au travail sur le terrain?,Cette question évalue la compréhension des actions spécifiques des services de santé au travail. Le piège courant est de confondre les actions directes avec les consultations ou les aspects administratifs.,Évaluer les risques professionnels via des analyses ou mesures,"Correcte. L'évaluation des risques (ex. bruit, substances chimiques) est explicitement mentionnée comme une action directe.",Organiser des consultations médicales individuelles,"Incorrecte. Les consultations individuelles relèvent des actions non directes sur le terrain, non des actions directes.",Assurer la conformité aux normes légales,"Incorrecte. La conformité légale est un objectif global, mais non une action directe spécifique mentionnée dans le contenu.",Gérer les dossiers administratifs des salariés,Incorrecte. La gestion administrative n'est pas décrite comme une action directe sur le terrain dans le contenu.,a
480,OIC-183-05-B,Quel document est soumis au secret médical selon le contenu éducatif?,Cette question évalue la compréhension de la confidentialité des documents médicaux. Un piège courant est de confondre le contenu des documents avec leur statut de confidentialité.,Dossier médical en santé au travail,Correcte. Le dossier médical est explicitement mentionné comme soumis au secret médical.,Fiche d’entreprise,Incorrecte. La fiche d’entreprise est transmise à l’employeur et ne fait pas l’objet de secret médical.,Fiche d’aptitude / inaptitude,Incorrecte. La fiche d’aptitude est transmise à l’employeur sans informations médicales détaillées.,Fiche d’entreprise contenant les risques professionnels,"Incorrecte. Bien que la fiche d’entreprise mentionne les risques, elle n’est pas soumise au secret médical.",a
481,OIC-183-07-B,Quelle étape de la démarche d'évaluation des risques professionnels consiste à comparer les expositions mesurées aux valeurs limites d'exposition?,Cette question évalue la compréhension de la troisième étape de la démarche d'évaluation des risques. Un piège courant est de confondre cette étape avec l'identification des dangers ou l'évaluation de l'exposition.,Identification et caractérisation des dangers,"Cette étape correspond à la première phase, consistant à identifier les dangers liés aux postes de travail et aux produits utilisés.",Evaluation de l'exposition par mesure d'indicateurs biologiques,"Cette méthode relève de la deuxième étape, qui vise à quantifier l'exposition individuelle aux agents dangereux.",Études ergonomiques des postes de travail,"Ces études sont incluses dans la deuxième étape, axées sur l'analyse des conditions de travail.",Estimation des risques encourus en comparant aux valeurs limites,"Cette étape correspond à la troisième phase, où les expositions sont évaluées par rapport aux seuils de sécurité définis.",d
482,OIC-186-04-B,Quelle est la tendance épidémiologique principale des hypersensibilités médicamenteuses selon le contenu?,La question évalue la compréhension de la prévalence et de la nature des hypersensibilités médicamenteuses. Le piège réside dans la confusion entre la prévalence générale et les causes spécifiques des décès.,"Environ 7% de la population générale, majoritairement non allergique (>90% des cas)",Correcte. Le contenu indique clairement que la prévalence est de 7% avec une majorité de cas non allergiques.,L'hypersensibilité allergique est la forme la plus fréquente,"Incorrecte. Le texte précise que l'hypersensibilité allergique est rare, tandis que l'urticaire non allergique est la forme la plus fréquente.",La plupart des décès d'anaphylaxie sont d'étiologie non allergique,"Incorrecte. Le texte mentionne que les décès sont d'étiologie médicamenteuse (y compris allergique et non allergique), mais ne précise pas la proportion exacte.",Les curares sont les allergènes les plus fréquents,"Incorrecte. Les antibiotiques, notamment les bêta-lactamines, sont les allergènes les plus fréquents, pas les curares.",a
483,OIC-186-05-B,Quelle est la nature des allergies aux venins d'hyménoptères selon le contenu éducatif?,Cette question évalue la compréhension de la classification des allergies en tant qu'hypersensibilités de type 1. Le piège réside dans la confusion avec d'autres types d'hypersensibilités ou les mécanismes immunitaires associés.,Hypersensibilité de type 1 médiée par des IgE spécifiques des venins,"Correcte. Les allergies aux venins d'hyménoptères sont bien des hypersensibilités de type 1, médiées par des IgE.",Hypersensibilité de type 2 médiée par des IgG,"Incorrecte. Les allergies aux venins ne sont pas de type 2, qui impliquent des IgG et des mécanismes différents.",Hypersensibilité de type 3 médiée par des IgE,"Incorrecte. Les hypersensibilités de type 3 impliquent des complexes immuns, pas des IgE spécifiques des venins.",Hypersensibilité de type 4 médiée par des IgE,"Incorrecte. Les hypersensibilités de type 4 sont cellulo-médiateures, non IgE-dépendantes.",a
484,OIC-186-08-B,Quel est le test diagnostique considéré comme le « gold standard » pour confirmer une allergie à l’arachide ou aux fruits à coque?,"La question évalue la compréhension de l'algorithme diagnostique. Le piège réside dans la confusion entre les tests de première ligne (pricks, IgE) et le test de provocation, qui est le seul à fournir une preuve définitive.",Les tests cutanés avec des extraits standardisés,"Incorrect. Les tests cutanés sont utiles mais ne sont pas suffisants pour confirmer l’allergie, car ils peuvent être faux positifs ou faux négatifs.",L’anamnèse et l’enquête alimentaire,"Incorrect. L’anamnèse est une étape initiale, mais elle ne permet pas de confirmer de façon certaine l’allergie sans tests complémentaires.",Le dosage des IgE spécifiques,"Incorrect. Les IgE spécifiques indiquent une sensibilisation, mais ne prouvent pas une réaction clinique à l’allergène.",Le test de provocation,"Correct. Le test de provocation est le seul moyen de prouver avec certitude la responsabilité de l’allergène, malgré son caractère invasif et son risque limité.",d
485,OIC-186-09-B,Quelle est la raison de l'allergie croisée entre allergènes respiratoires et alimentaires?,La question évalue la compréhension du mécanisme de reconnaissance des allergènes par les IgE. Un piège courant est de confondre les mécanismes d'immunité ou les types d'anticorps impliqués.,Reconnaissance par les IgE de molécules allergéniques similaires provenant de sources différentes,Correcte. Les IgE spécifiques reconnaissent des allergènes homologues présents dans des sources distinctes (respiratoires/alimentaires).,Réaction des IgG à des allergènes différents provenant de la même source,"Incorrecte. Les IgG ne sont pas impliquées dans la médiation des allergies, et les allergènes croisés sont similaires, non différents.",Activation des lymphocytes T par des allergènes identiques provenant de sources identiques,"Incorrecte. Les allergies croisées dépendent de la reconnaissance par IgE, non de mécanismes T-cellulaires ou de sources identiques.",Réaction des IgE à des allergènes différents provenant de sources différentes,"Incorrecte. Les allergies croisées reposent sur la similitude des allergènes, non sur leur diversité.",a
486,OIC-186-12-B,Quelle est l'indication principale du test de dépistage IgE multiallergénique selon le contenu?,La question évalue la compréhension de l'indication clinique du test. Le piège réside dans la confusion entre le médecin de soin primaire et l'allergologue.,Le médecin de soin primaire prescrit le test lorsque l'interrogatoire oriente vers une allergie mais l'allergologue n'est pas disponible,Correcte. Le contenu indique explicitement que le médecin de soin primaire prescrit ce test dans ces conditions.,L'allergologue prescrit le test pour confirmer une allergie alimentaire,"Incorrecte. Le test est prescrit par le médecin de soin primaire, pas par l'allergologue, lorsque celui-ci n'est pas disponible.",Le test est prescrit uniquement pour les patients allergiques à l'arachide,"Incorrecte. Le test détecte des IgE spécifiques à un panel d'allergènes variés, pas uniquement l'arachide.",Le test est réalisé exclusivement par un pédiatre pour les enfants,"Incorrecte. Bien que des tests spécifiques existent pour les enfants, le contenu ne limite pas le test à la pédiatrie.",a
487,OIC-186-13-B,Quelle est la durée de lecture des tests cutanés de type prick?,Cette question évalue la compréhension des modalités de réalisation des tests cutanés. Le piège courant est de confondre les durées de lecture des tests de type prick (immédiats) et patch (retardés).,15 minutes,"Correcte. Les tests de prick sont lus à 15 minutes pour détecter les réactions immédiates (type I, IgE).",48 heures,"Incorrecte. Cette durée correspond aux tests de patch, qui explorent les réactions retardées (type IV, lymphocytes T).",24 heures,"Incorrecte. Aucune mention de cette durée dans le contenu. Peut être confondue avec les tests de patch, mais n'est pas précise.",30 minutes,"Incorrecte. La lecture est effectuée à 15 minutes, pas à 30. Cette option est une approximation erronée.",a
488,OIC-186-15-A,Quelle modalité de diagnostic est réservée à la recherche dans le cas d'une conjonctivite allergique?,"La question évalue la compréhension des modalités de diagnostic, en mettant en évidence le test de provocation conjonctival comme méthode réservée à la recherche. Un piège courant est de confondre ce test avec une méthode standard.",Les signes cliniques,"Incorrect. Les signes cliniques sont une base essentielle du diagnostic, mais ne constituent pas une modalité réservée à la recherche.",Les prick tests,"Incorrect. Les prick tests sont une méthode standard pour détecter la sensibilisation, pas une approche réservée à la recherche.",La détection d'IgE spécifiques,"Incorrect. La détection d'IgE est une méthode courante de diagnostic, non une technique limitée à la recherche.",Le test de provocation conjonctival,"Correct. Ce test est spécifiquement mentionné comme réservé à la recherche, car il implique une exposition active à l'allergène suspect.",d
489,OIC-187-02-B,Quel mécanisme d'activation des mastocytes est principalement responsable de l'urticaire selon le texte?,Cette question évalue la compréhension des mécanismes physiopathologiques de l'urticaire. Le piège réside dans la confusion entre les mécanismes immunologiques et non immunologiques.,Activation via IgE ou des auto-anticorps IgG,Correcte. C'est le mécanisme immunologique principal mentionné dans le texte.,Activation par des médicaments comme les AINS,"Incorrecte. C'est un exemple de mécanisme non immunologique, non le principal.",Activation par des récepteurs de surface des mastocytes,"Incorrecte. C'est un mécanisme non immunologique, non le principal.",Activation par des cytokines,Incorrecte. Les cytokines ne sont pas mentionnées comme médiateurs principaux dans le texte.,a
490,OIC-187-04-A,Quelle est la caractéristique clinique principale observée dans l'image de l'urticaire?,Cette question évalue la capacité à identifier les signes cliniques spécifiques de l'urticaire. Le piège courant est de confondre les plaques oedémateuses avec d'autres pathologies cutanées.,Plaques oedémateuses éphémères avec prurit,"Correcte. L'urticaire se caractérise par des lésions éphémères, prurigineuses et oedémateuses, typiquement associées à une réaction allergique.",Lésions chroniques avec des squames argentées,"Incorrecte. Cela correspond à la psoriasis, une maladie chronique avec des plaques squameuses, non liées à l'urticaire.",Érythème localisé avec des lésions de contact,"Incorrecte. Cela décrit une dermatite de contact, une réaction locale à un allergène spécifique, non l'urticaire.",Lésions crossées avec des lichenifications,"Incorrecte. Cela correspond à l'eczéma atopique, une maladie chronique avec des lésions de texture rugueuse et des lichenifications.",a
491,OIC-187-07-A,Quel est le traitement principal recommandé pour une urticaire aiguë?,Cette question évalue la compréhension des principes de base du traitement de l'urticaire aiguë. Le piège courant est de confondre le traitement de l'anaphylaxie (adrénaline) avec celui de l'urticaire aiguë.,Antihistaminiques anti H1 de 2<sup>ème</sup> génération 1 à 2 cpés/jour,"Correcte. C'est le traitement de première ligne pour l'urticaire aiguë, conformément aux recommandations.",Corticostéroïdes oraux à longue durée d'action,"Incorrecte. Les corticostéroïdes sont utilisés en cas de résistance ou de chronicisation, mais pas comme traitement principal.",Adrénaline par voie parentérale,"Incorrecte. L'adrénaline est réservée aux cas d'anaphylaxie, non à l'urticaire aiguë isolée.",Antihistaminiques anti H1 de 1<sup>ère</sup> génération 4 cpés/jour,Incorrecte. Les antihistaminiques de 1<sup>ère</sup> génération sont moins efficaces et provoquent plus d'effets secondaires (sédation).,a
492,OIC-187-08-B,Quels sont les facteurs responsables de l’atopie selon le contenu?,"Cette question évalue la compréhension des trois catégories de facteurs (génétiques, immunologiques et environnementaux) impliqués dans l’atopie. Un piège courant est de négliger l’un des facteurs ou de confondre le rôle spécifique d’un gène (comme la filaggrine) avec l’ensemble des facteurs.","Facteurs génétiques, immunologiques et environnementaux",Correcte. Le contenu mentionne explicitement ces trois catégories de facteurs comme responsables de l’atopie.,Seuls les facteurs génétiques,"Incorrecte. Les facteurs environnementaux et immunologiques jouent également un rôle majeur, comme indiqué dans le texte.",Seuls les facteurs environnementaux,Incorrecte. Les facteurs génétiques et immunologiques sont clairement évoqués comme des causes de l’atopie.,Le gène de la filaggrine seul,"Incorrecte. Bien que le gène de la filaggrine soit un facteur génétique important, il ne représente pas l’ensemble des facteurs responsables de l’atopie.",a
493,OIC-187-10-A,Quelle est la condition représentée par la photographie de la dermatite atopique du nourrisson en poussée?,Cette question évalue la capacité à identifier une condition cutanée spécifique à partir d'une description. Le piège courant est de confondre la dermatite atopique avec d'autres formes de dermatite ou d'autres affections cutanées.,Dermatite atopique,Correcte. La description mentionne explicitement 'dermatite atopique' comme sujet principal.,Dermatite de contact,"Incorrecte. La dermatite de contact est causée par des allergènes ou irritants externes, contrairement à la dermatite atopique qui est d'origine génétique et environnementale.",Eczéma,"Incorrecte. 'Eczéma' est un terme général qui englobe plusieurs types de dermatites, dont la dermatite atopique, mais ne spécifie pas la forme exacte.",Psoriasis,"Incorrecte. Le psoriasis est une maladie chronique inflammatoire différente, souvent avec des plaques épaisses et des lésions bien définies.",a
494,OIC-187-11-B,Quelle est la principale complication de la dermatite atopique mentionnée dans le contenu?,La question évalue la capacité à identifier les complications principales de la dermatite atopique. Le piège réside dans la confusion entre les complications infectieuses et non infectieuses.,Surinfection par le staphylocoque doré et le virus de l'herpès (HSV-1),Correcte. Les surinfections infectieuses sont explicitement décrites comme les principales complications.,Retentissement sur la qualité de vie,"Incorrecte. Bien que mentionnée, cette complication est secondaire par rapport aux infections.",Eczéma de contact par allergènes des topiques,Incorrecte. C'est une complication possible mais non principale selon le contenu.,Croutes mélicériques et écoulement purulent,"Incorrecte. Ces signes cliniques sont des manifestations de surinfection, non une complication principale.",a
495,OIC-187-12-A,Quel est le critère principal pour le choix de la puissance des dermocorticoïdes (DC) dans la dermatite atopique chez l'enfant?,La question évalue la compréhension des critères de choix de la puissance des DC. Un piège courant est de confondre les indications des différentes puissances.,Utiliser des DC d'activité très forte sur le visage et les plis,Incorrect. Les DC d'activité très forte sont contre-indiqués sur le visage et les plis chez l'enfant.,Privilégier les DC d'activité modérée pour les lésions suintantes,"Incorrect. Les DC d'activité modérée sont indiqués pour le visage et le corps, pas spécifiquement pour les lésions suintantes.",Utiliser des DC d'activité faible pour les poussées sévères,Incorrect. Les DC d'activité faible sont peu ou pas efficaces et ne sont pas recommandés pour les poussées sévères.,Éviter les DC d'activité très forte chez le nourrisson et l'enfant jeune,Correct. Les DC d'activité très forte sont contre-indiqués chez le nourrisson et l'enfant jeune en raison de leur potentiel d'effets secondaires.,d
496,OIC-187-17-B,Quelle est la caractéristique principale d'un test épicutané positif?,Cette question évalue la distinction entre réaction allergique et irritante lors d'un test épicutané. Le piège réside dans la confusion entre les symptômes (érythème vs. eczéma) et leur évolution temporelle.,Un eczéma de contact avec érythème et vésicules,Correcte. Un test positif montre une réaction allergique avec des lésions cutanées spécifiques (eczéma).,"Un érythème seul, disparaissant en quelques heures","Incorrecte. Cela correspond à une réaction irritante, non allergique, et non à un test positif.",Une évolution rapide avec des vésicules persistantes,"Incorrecte. Les vésicules persistent plus longtemps dans les réactions allergiques, mais ce n'est pas la caractéristique principale.",Une absence totale de réaction cutanée,"Incorrecte. Cela correspond à un test négatif, non à un test positif.",a
497,OIC-187-18-A,Quel est le principe principal du traitement de l'eczéma de contact?,Cette question évalue la compréhension du rôle central de l'éviction de l'allergène dans la prise en charge de l'eczéma de contact. Le piège courant est de confondre les étapes de traitement (ex. : crème hydratante vs. corticoïde).,Éviction du contact avec l’allergène,"Correcte. L’éviction est le principe le plus important, car elle prévient la récidive et réduit la gravité de l’eczéma.",Application quotidienne d’une crème hydratante,"Incorrecte. La crème hydratante est recommandée après la phase inflammatoire, mais non comme principe principal du traitement.",Utilisation d’un dermocorticoïde pendant 10 jours,"Incorrecte. Bien que nécessaire, le corticoïde est un traitement secondaire par rapport à l’éviction de l’allergène.",Prise d’antihistaminiques,Incorrecte. Les antihistaminiques ne sont pas mentionnés dans le contenu éducatif comme traitement principal de l’eczéma de contact.,a
498,OIC-188-02-B,Quelle est la prévalence de l'asthme et de la rhinite allergique dans la population générale?,Cette question évalue la compréhension des données épidémiologiques clés. Un piège courant est de confondre les pourcentages ou de négliger la relation entre les deux pathologies.,"Asthme : 24%, Rhinite allergique : 6%",Incorrect. Les chiffres sont inversés : l'asthme a une prévalence de 6% et la rhinite allergique de 24%.,"Asthme : 6%, Rhinite allergique : 24%",Correct. Cela correspond aux données précitées dans le contenu éducatif.,"Asthme : 80%, Rhinite allergique : 24%","Incorrect. 80% correspond au taux de rhinite allergique chez les asthmatiques, non à la prévalence générale.","Asthme : 50%, Rhinite allergique : 24%","Incorrect. 50% est un risque génétique pour l'asthme, non une prévalence de la maladie.",b
499,OIC-188-03-B,Quelle est la caractéristique principale de la physiopathologie de l'asthme?,Cette question évalue la compréhension des mécanismes centraux de l'asthme. Le piège réside dans la confusion entre les phénotypes (Th2/non-Th2) et les manifestations anatomiques.,Hyperréactivité bronchique et remodelage bronchique,Correcte. Ces éléments sont explicitement mentionnés comme des caractéristiques clés de l'asthme dans le contenu.,Présence d'éosinophiles et de lymphocytes Th2,"Incorrecte. Ces marqueurs sont associés au phénotype Th2, non à la physiopathologie fondamentale de l'asthme.",Hypertrophie des glandes muqueuses et épaississement de la membrane basale,"Incorrecte. Ces modifications sont des conséquences secondaires, non la caractéristique principale.",Hypersécrétion de mucus et œdème muqueux,"Incorrecte. Ces phénomènes sont des manifestations de l'inflammation, pas la cause centrale de l'asthme.",a
500,OIC-188-04-A,Quelle est la combinaison correcte des critères pour établir un diagnostic positif de rhinite allergique?,La question évalue la compréhension des critères diagnostiques combinés (symptômes et objectivation allergénique). Un piège courant est de négliger l'objectivation nécessaire.,Présence des symptômes PAREO et objectivation allergénique (test cutané positif ou IgE spécifiques),Correcte : combine les symptômes cliniques et la preuve objective de sensibilisation allergique.,Présence des symptômes PAREO sans objectivation allergénique,Incorrecte : manque l'objectivation nécessaire pour confirmer l'allergie.,Diagnostic différentiel avec rhinite vasomotrice,"Incorrecte : le diagnostic différentiel est une étape séparée, non un critère de diagnostic positif.",Symptômes oculaires associés à une obstruction nasale,Incorrecte : ces symptômes sont inclus dans PAREO mais ne suffisent pas à eux seuls pour un diagnostic.,a
501,OIC-188-05-A,Quelle est la condition essentielle pour établir un diagnostic d'asthme selon le contenu?,"La question évalue la compréhension des critères diagnostiques de l'asthme, en mettant l'accent sur la combinaison de symptômes et de l'obstruction réversible des voies aériennes. Un piège courant est de négliger la réversibilité.",Présence de symptômes respiratoires et d'une obstruction réversible des voies aériennes (EFR),Correcte. Elle résume les deux critères essentiels : symptômes et obstruction réversible confirmée par l'EFR.,Symptômes respiratoires uniquement,Incorrecte. Les symptômes seuls ne suffisent pas à confirmer l'asthme sans preuve d'obstruction réversible.,Obstruction des voies aériennes irréversible,"Incorrecte. L'asthme se caractérise par une obstruction réversible, pas irréversible.",Hyper-réactivité bronchique détectée par la métacholine,"Incorrecte. L'hyper-réactivité est une méthode complémentaire, non un critère principal du diagnostic.",a
502,OIC-188-06-B,Quelle est la principale démarche diagnostique pour identifier un asthme professionnel?,"La question évalue la capacité à identifier le lien entre l'asthme et l'exposition professionnelle, un élément clé du diagnostic. Un piège courant est de confondre l'exposition avec les symptômes asthmatiques.",La mise en évidence d’un asthme chez un patient avec ou sans antécédents allergiques,"Incorrect. Cela décrit une étape initiale du diagnostic, mais ne correspond pas au critère principal de l'asthme professionnel.",La détection d’une exposition professionnelle à un agent sensibilisant,"Incorrect. Bien que nécessaire, l'exposition est un facteur contextuel, pas le lien causal principal.",La mise en évidence d’un lien entre l’asthme et l’exposition professionnelle,Correct. Ce lien clinique ou fonctionnel est le critère central pour établir le diagnostic d’asthme professionnel.,La présence d’une exposition à des irritants non sensibilisants (ex. chlore gazeux),"Incorrect. Cela correspond à un syndrome d’irritation bronchique, non à un asthme professionnel.",c
503,OIC-188-07-B,Quel métier est associé à l'exposition aux isocyanates?,Cette question évalue la capacité à relier un métier à son allergène spécifique. Le piège réside dans la confusion entre les allergènes des différents métiers.,"Boulanger, pâtissier (blé, acarien de farine)","Incorrect. Les boulangeries/pâtisseries sont liées à l'exposition au blé et aux acariens de farine, pas aux isocyanates.","Professionnels de santé (latex, aldéhydes, ammoniums)","Incorrect. Les professionnels de santé sont exposés au latex, aux aldéhydes et aux ammoniums, pas aux isocyanates.",Coiffeurs (persulfates),"Incorrect. Les coiffeurs sont exposés aux persulfates, pas aux isocyanates.",Peintres (isocyanates),"Correct. Les peintres sont exposés aux isocyanates, un allergène spécifique lié à leur métier.",d
504,OIC-188-08-A,Quelle est la condition qui indique que l'asthme est contrôlé?,La question évalue la compréhension des trois critères clés pour évaluer le contrôle de l'asthme. Un piège courant est de confondre les seuils de VEMS/CVF ou de mal interpréter le nombre d'exacerbations.,"Les symptômes sont contrôlés par le questionnaire ACT, les exacerbations < 2, et VEMS/CVF > 0.7 avec VEMS ≥ 80%",Correcte. Elle inclut tous les trois critères essentiels pour le contrôle de l'asthme.,Les symptômes sont contrôlés par le questionnaire ACT et les exacerbations < 2,Incorrecte. Elle néglige le critère de la fonction pulmonaire (VEMS/CVF et VEMS).,Les exacerbations sont < 2 et VEMS/CVF > 0.7 avec VEMS ≥ 80%,Incorrecte. Elle manque le critère d'évaluation des symptômes via le questionnaire ACT.,Les symptômes sont contrôlés par le questionnaire ACT et VEMS/CVF > 0.8 avec VEMS ≥ 80%,Incorrecte. Elle utilise un seuil erroné pour VEMS/CVF (0.8 au lieu de 0.7).,a
505,OIC-188-10-A,Quel signe indique une situation critique lors d'une exacerbation d'asthme?,Cette question évalue la capacité à distinguer les signes de gravité dans une exacerbation d'asthme. Le piège réside dans la confusion entre les signes de lutte (modérés) et les signes de défaillance (critiques).,Parle avec des phrases courtes ou interrompues par l'inspiration,"C'est un signe de lutte respiratoire modérée, non critique.",Préfère la position assise qu'allongée,"Indique une détresse respiratoire, mais pas une urgence vitale immédiate.",FR > 30/min,"Correspond à un signe de défaillance respiratoire, mais pas le plus grave.",Silence auscultatoire,"Signe de gravité extrême, indiquant une obstruction totale des voies respiratoires.",d
506,OIC-188-11-B,Quelle est la sémiologie radiologique typique d'une distension thoracique?,Cette question évalue la capacité à identifier les signes radiologiques spécifiques d'une distension thoracique. Un piège courant est de confondre ces signes avec ceux d'autres pathologies respiratoires.,Hyperclarté des champs pulmonaires avec aplatissement des coupoles diaphragmatiques et horizontalisation des côtes,Correcte. Cette option résume exactement les trois signes clés mentionnés dans le contenu éducatif.,Hyperclarté des champs pulmonaires et horizontalisation des côtes,"Incorrecte. Elle manque l'aplatissement des coupoles diaphragmatiques, un élément essentiel de la sémiologie.",Hyperclarté des champs pulmonaires et aplatissement des coupoles diaphragmatiques,"Incorrecte. Elle néglige la horizontalisation des côtes, un signe spécifique de distension thoracique.",Hyperclarté des champs pulmonaires et épaississement des coupoles diaphragmatiques,Incorrecte. L'épaississement des diaphragmes est un signe inverse de la distension thoracique.,a
507,OIC-188-12-B,Quelle est la définition correcte de la réversibilité dans les explorations fonctionnelles respiratoires (EFR)?,Cette question évalue la compréhension des critères de réversibilité dans les troubles obstructifs. Un piège courant est de confondre les seuils absolus et relatifs de l'augmentation du VEMS.,Une augmentation du VEMS post-bronchodilatateur de plus de 200 mL et ≥12% de la valeur avant bronchodilatateur,Correcte. C'est la définition exacte de la réversibilité selon les critères mentionnés dans le contenu éducatif.,Une augmentation du VEMS post-bronchodilatateur de plus de 150 mL et ≥10% de la valeur avant bronchodilatateur,"Incorrecte. Les seuils de 200 mL et 12% sont spécifiques à la réversibilité, pas à 150 mL et 10%.","Un ratio VEMS/CV ≥0,7 après bronchodilatation indique une réversibilité complète","Incorrecte. Un ratio ≥0,7 après bronchodilatation correspond à la réversibilité complète, pas à la réversibilité en général.","Un ratio VEMS/CV <0,7 après bronchodilatation indique une réversibilité","Incorrecte. Un ratio <0,7 après bronchodilatation signifie un trouble obstructif persistant, pas une réversibilité.",a
508,OIC-188-13-B,Quelle est l'indication principale des tests immuno-allergiques mentionnés dans le contenu?,Cette question évalue la compréhension des indications spécifiques des tests immuno-allergiques. Un piège courant est de confondre ces indications avec d'autres pathologies comme l'eczéma ou les allergies alimentaires.,Diagnostic d'asthme et suspicion d'origine allergique de la rhinite chronique,Correcte. Correspond exactement aux deux indications mentionnées dans le contenu.,Diagnostic d'eczéma atopique,Incorrect. L'eczéma n'est pas mentionné comme indication dans le contenu.,Dépistage des allergies alimentaires,Incorrect. Les allergies alimentaires ne sont pas abordées dans les indications fournies.,Évaluation de la rhinite non allergique,Incorrect. Les tests immuno-allergiques ne sont pas indiqués pour les rhinites non allergiques.,a
509,OIC-188-15-B,Quel est le principal facteur de non contrôle de l'asthme mentionné dans le contenu?,Cette question évalue la compréhension des facteurs clés influençant le contrôle de l'asthme. Le piège réside dans la confusion entre les facteurs environnementaux et les comportements patients.,Problème d’observance médicamenteuse,"Correcte. L’observance thérapeutique est un facteur central, car elle détermine l’efficacité du traitement.",Exposition à un allergène,"Incorrecte. Bien que mentionnée, l’exposition allergique est un facteur secondaire par rapport à l’observance médicale.",Infections respiratoires,"Incorrecte. Les infections sont des déclencheurs, mais non le principal facteur de non contrôle.",Stress psychologique,"Incorrecte. Le stress est un facteur modérateur, mais pas le principal déterminant de l’insuffisance thérapeutique.",a
510,OIC-188-16-A,Quelle est la combinaison principale des traitements médicamenteux recommandés pour la rhinite allergique?,Cette question évalue la compréhension des principes thérapeutiques centraux. Un piège courant est de confondre les rôles des différents types de traitements.,Éviction de l’allergène et lavage nasal,"Ces mesures sont des approches préventives, mais ne constituent pas le traitement médicamenteux principal.",Anti-histaminiques et corticoïdes,Ces deux classes de médicaments sont explicitement mentionnées comme essentielles dans la prise en charge thérapeutique.,Traitement médicamenteux seul,"Le contenu indique que les traitements sont utilisés seuls ou en association, ce qui rend cette option trop restrictive.",Lavage nasal seul,"Le lavage nasal est une mesure d'hygiène, mais non le traitement médicamenteux principal.",b
511,OIC-188-17-A,Quelle est la combinaison thérapeutique de fond principale dans le traitement de l'asthme persistant?,Cette question évalue la compréhension des principes thérapeutiques fondamentaux de l'asthme. Un piège courant est de confondre les traitements de secours (BDCA) avec les traitements de fond.,Bronchodilatateurs B2-mimétiques de courte durée d’action (BDCA) seul,"Incorrect. Les BDCA sont utilisés en cas d'exacerbation, jamais comme traitement de fond.",Bronchodilatateurs B2-mimétiques de longue durée d’action (BDLA) seul,Incorrect. Les BDLA ne doivent jamais être prescrits seuls car ils augmentent le risque d'aggravation de l'asthme (AAG).,Corticostéroïdes inhalés (CSI) et bronchodilatateurs B2-mimétiques de longue durée d’action (BDLA),"Correct. Les CSI sont le traitement de fond le plus efficace, et les BDLA sont toujours associés pour optimiser le contrôle.",Corticoïdes systémiques à long terme sans association,Incorrect. Les corticoïdes systémiques sont réservés aux cas sévères et ne remplacent pas les CSI inhalés comme traitement de fond.,c
512,OIC-188-18-B,Quel critère est essentiel pour choisir un dispositif d'inhalation chez un patient asthmatique?,"La question évalue la compréhension des critères de sélection des dispositifs inhalés, un point clé dans la prise en charge de l'asthme. Le piège courant est de confondre les critères techniques avec des facteurs externes comme le coût ou la disponibilité.",La coordination du patient et son débit inspiratoire,"Correcte. Le contenu indique que le choix du dispositif dépend de ces deux facteurs, essentiels pour une utilisation efficace.",Le coût du dispositif,"Incorrecte. Le contenu ne mentionne pas le coût comme critère de sélection, ce qui en fait un distracteur plausiblement erroné.",La disponibilité du dispositif en pharmacie,"Incorrecte. La disponibilité n'est pas abordée dans le contenu, ce qui en fait une option non pertinente.",La nécessité d'une ordonnance pour le dispositif,"Incorrecte. Le contenu ne traite pas de la prescription des dispositifs, ce qui en fait un distracteur non lié au sujet.",a
513,OIC-188-19-A,Quelle est la composition correcte de la surveillance du traitement de fond de l'asthme en première intention?,Cette question évalue la compréhension des composantes essentielles de la surveillance du traitement de fond de l'asthme. Un piège courant est de négliger l'évaluation des effets secondaires.,"Évaluation de l'observance thérapeutique, technique de prise et recherche d'effets secondaires",Correcte. Elle inclut les trois éléments clés mentionnés dans le contenu éducatif.,Évaluation de l'observance thérapeutique et technique de prise,"Incorrecte. Elle omit la recherche d'effets secondaires (mycose buccale), un élément essentiel.",Évaluation de l'observance thérapeutique et coûts des médicaments,Incorrecte. Le coût des médicaments n'est pas mentionné comme composante de la surveillance.,Évaluation de l'observance thérapeutique et surveillance de la pression artérielle,Incorrecte. La surveillance de la pression artérielle n'est pas liée au traitement de fond de l'asthme.,a
514,OIC-188-22-A,Quelle mesure est principalement recommandée pour réduire l'exposition aux acariens dans l'asthme et la rhinite allergique?,"Cette question évalue la compréhension des mesures clés pour l'éviction allergénique. Le piège courant est de confondre les mesures spécifiques à différents allergènes (ex. : pollens, moisissures).",Réduire l'humidité relative intérieure en dessous de 50%,Correcte. La réduction de l'humidité est une mesure essentielle pour limiter la prolifération des acariens.,Éviter les animaux domestiques dans la chambre à coucher,"Incorrecte. Cette mesure vise principalement les allergènes d'animaux, non les acariens.",Utiliser de la javel pour nettoyer les moisissures,"Incorrecte. Cette mesure est spécifique aux moisissures, pas aux acariens.",Limiter les sorties en période de pic pollinique,"Incorrecte. Cette mesure vise les pollens, non les acariens.",a
515,OIC-188-23-B,Quelle est une complication de l’asthme mentionnée dans le contenu?,La question évalue la capacité à identifier une complication spécifique de l’asthme. Le piège réside dans la confusion entre les conséquences (comme la sédentarité) et les complications directes.,Absentéisme scolaire ou professionnel en cas d’asthme mal contrôlé,Correcte. L’absentéisme est explicitement mentionné comme une complication liée à un contrôle insuffisant de l’asthme.,Sédentarité,"Incorrecte. Bien que la sédentarité soit évoquée, elle est présentée comme une conséquence secondaire, non une complication directe de l’asthme.",Développement d’asthme bronchique,"Incorrecte. Ce terme désigne une forme spécifique d’asthme, pas une complication associée à l’asthme.",Augmentation de la fréquence des crises,"Incorrecte. Bien que plausible, cette option n’est pas explicitement mentionnée dans le contenu éducatif.",a
516,OIC-190-01-A,Quelle est la définition correcte d'une fièvre prolongée « classique »?,Cette question évalue la compréhension des critères diagnostiques de la fièvre prolongée. Un piège courant est de confondre la température minimale ou la durée requise.,"Température ≥38,3°C répétée, durée ≥3 semaines, sans cause identifiée après 3 jours d’hospitalisation ou 3 consultations","Correcte : Recouvre tous les critères essentiels (température, durée, absence de cause identifiée après investigations)","Température ≥38°C répétée, durée ≥2 semaines, avec cause identifiée après 3 jours d’hospitalisation","Incorrecte : Utilise une température inférieure (38°C au lieu de 38,3°C) et une durée trop courte (2 semaines au lieu de 3)","Température ≥38,3°C répétée, durée ≥3 semaines, avec liste fixe d’investigations préétablies","Incorrecte : Précise une liste fixe d’investigations, alors que celles-ci varient selon le contexte clinique","Température ≥38,3°C répétée, durée ≥3 semaines, avec cause identifiée après 1 journée d’hospitalisation",Incorrecte : Exige une identification de la cause trop rapide (1 jour au lieu de 3 jours ou 3 consultations),a
517,OIC-190-02-A,Quelle est la bonne classification des causes de fièvres prolongées?,Cette question évalue la compréhension des trois catégories principales. Un piège courant est de confondre les termes 'inflammatoires non infectieuses' et 'auto-immunes'.,"Infectieuses, néoplasiques, inflammatoires non infectieuses",Correcte. C'est la classification exacte présentée dans le contenu éducatif.,"Infectieuses, auto-immunes, inflammatoires","Incorrecte. 'Auto-immunes' est une sous-catégorie des 'inflammatoires non infectieuses', pas une catégorie distincte.","Virales, néoplasiques, inflammatoires","Incorrecte. 'Virales' est une sous-catégorie des 'infectieuses', pas une catégorie principale.","Infectieuses, néoplasiques, métaboliques",Incorrecte. 'Métaboliques' n'est pas une catégorie reconnue pour les fièvres prolongées.,a
518,OIC-190-04-A,Quelle infection est considérée comme une cause fréquente de fièvre prolongée?,"La question évalue la capacité à distinguer les infections fréquentes des rares. Un piège courant est de confondre fièvre prolongée avec fièvres répétées, qui sont plus courantes.",Tuberculose,Correcte. La tuberculose est explicitement mentionnée comme une infection fréquente dans les sections principales.,Virus Epstein-Barr (EBV),"Incorrecte. Bien que l'EBV soit une cause virale, il est classé comme une infection fréquente chez l'enfant mais moins spécifique que la tuberculose.",Paludisme,"Incorrecte. Le paludisme est mentionné comme une infection fréquente, mais il est plus spécifique aux zones à risque et moins général que la tuberculose.",Brucellose,"Incorrecte. La brucellose est classée comme une infection rare, donc peu probable comme cause principale de fièvre prolongée.",a
519,OIC-190-05-A,Quelle est la principale cause non infectieuse de fièvre prolongée chez l'enfant?,Cette question évalue la capacité à identifier les causes principales non infectieuses. Le piège réside dans la confusion entre les causes spécifiques (comme Kawasaki) et les catégories générales.,Cancers et maladies auto-immunes,Correcte. Les cancers (ex. hémopathies) et les maladies auto-immunes (ex. maladie de Still) sont les causes principales évoquées dans le contenu.,Médicaments et causes rares,"Incorrecte. Les médicaments et causes rares (ex. hyperthyroïdie) sont des facteurs secondaires, non les principales causes.",Hyperthyroïdie et maladie thrombo-embolique veineuse,Incorrecte. Ces causes sont mentionnées comme rares et non prioritaires par rapport aux catégories principales.,Kawasaki et polyarthrite rhumatoïde,"Incorrecte. Ces maladies sont des exemples spécifiques de maladies auto-immunes, non les catégories principales.",a
520,OIC-190-06-B,Quels sont les examens d'imagerie de première intention devant une fièvre prolongée chez un adulte?,Cette question évalue la compréhension des examens prioritaires en médecine interne. Un piège courant est de confondre les examens de première intention avec ceux de seconde intention ou spécifiques aux enfants.,Radiographie thoracique et échographie abdomino-pelvienne,Correcte. Ces examens sont mentionnés comme minimum requis en première intention pour l'adulte.,Tomodensitométrie thoraco-abdomino-pelvienne avec injection,"Incorrecte. La TDM est souvent utilisée comme remplacement de la radiographie et de l'échographie, mais pas comme examen de première intention.",Échocardiographie trans-thoracique,"Incorrecte. L'échocardiographie est indiquée en cas de suspicion d'endocardite, mais n'est pas un examen de première intention général.",Imagerie par résonance magnétique cérébrale,"Incorrecte. L'IRM cérébrale est un examen de seconde intention, réservé à des contextes cliniques spécifiques.",a
521,OIC-190-07-B,Quelle est la démarche diagnostique prioritaire pour une fièvre prolongée chez l'enfant?,Cette question évalue la capacité à identifier les examens complémentaires essentiels dans la première intention. Le piège réside dans l'inclusion d'examen non mentionné dans la démarche initiale.,"NFS, CRP, fibrinogène, VS, HAA, iono ASAT ALAT, ferritine, hémocultures, sérologie EBV/CMV/parvovirus, BU + ECBU",Correcte : Recense tous les examens biologiques et microbiologiques prioritaires mentionnés dans le contenu éducatif.,"NFS, CRP, électrophorèse des protéines, ionogramme, transaminases, TSH, temps de céphaline activé","Incorrecte : Manque les hémocultures et les sérologies essentielles, et inclut des examens non prioritaires dans la première intention.","Radiographie thoracique, échographie abdominale, échographie cardiaque","Incorrecte : Ces examens morphologiques sont mentionnés en deuxième ligne, non en première intention.","NFS, CRP, électrophorèse, TSH, temps de Quick, fibrinogène, CT scan","Incorrecte : Le CT scan n'est pas mentionné dans le contenu, et manque les hémocultures et sérologies prioritaires.",a
522,OIC-191-03-A,Quelle est la caractéristique principale de l’examen clinique en cas de neutropénie fébrile?,La question évalue la compréhension de la nécessité d’un examen clinique complet et répété. Le piège courant est de penser que seules les constantes vitales sont pertinentes.,"Un examen minutieux, complet et répété",Correcte. L’examen doit être approfondi et répété pour ne pas manquer de signes subtils.,Une vérification uniquement des constantes vitales,Incorrecte. Les constantes sont utiles mais ne suffisent pas à l’examen complet.,Une analyse des résultats d’analyses de laboratoire,Incorrecte. Les analyses complémentaires sont secondaires par rapport à l’examen clinique.,Un examen unique et rapide,Incorrecte. L’examen doit être répété pour surveiller l’évolution des signes.,a
523,OIC-191-04-B,Quel est l'ensemble des agents pathogènes associés à une neutropénie persistante (≥7 jours)?,Cette question évalue la compréhension de la relation entre la durée de la neutropénie et les agents pathogènes dominants. Un piège courant est de confondre les pathogènes liés à des déficits immunitaires spécifiques avec ceux de la neutropénie.,"Bactéries extracellulaires, HSV, Aspergillus","Incorrect. Ces agents sont associés à une neutropénie courte (<7 jours) et à un déficit des phagocytes, non à une neutropénie prolongée.","Bactéries intracellulaires, CMV, Candida, Toxoplasma","Incorrect. Ces agents correspondent à un déficit de l’immunité cellulaire, non à la neutropénie prolongée.","Bactéries encapsulées, Entérovirus, Giardia","Incorrect. Ces agents sont liés à des déficits en complément ou à l’asplénie, pas à la neutropénie prolongée.","Pseudomonas aeruginosa, candidose invasive, Aspergillus","Correct. Ces agents sont spécifiques des infections en neutropénie prolongée, reflétant une vulnérabilité accrue aux bactéries opportunistes et champignons.",d
524,OIC-191-05-A,Quelles sont les trois principales portes d’entrée de fièvre du neutropénique selon le contenu?,Cette question évalue la capacité à identifier les trois principaux sites d'entrée infectieux. Un piège courant est de confondre les voies urinaires ou sanguines avec les portes d’entrée mentionnées.,"Respiratoire, tube digestif, peau",Correcte : ces trois portes d’entrée sont explicitement citées dans le contenu.,"Respiratoire, tube digestif, voie urinaire",Incorrecte : la voie urinaire n’est pas mentionnée comme porte d’entrée principale dans le contenu.,"Tube digestif, peau, système lymphatique",Incorrecte : le système lymphatique n’est pas évoqué comme porte d’entrée dans le contenu.,"Voie sanguine, tube digestif, peau","Incorrecte : la voie sanguine n’est pas considérée comme une porte d’entrée, mais plutôt un chemin de propagation.",a
525,OIC-191-06-A,Quelle est la démarche correcte pour gérer une neutropénie fébrile chez un patient immunodéprimé?,La question évalue la compréhension de l'urgence thérapeutique et des protocoles de prise en charge. Le piège réside dans la confusion entre l'initiation immédiate des antibiotiques et l'attente des résultats microbiologiques.,Débuter une antibiothérapie large après prélèvements microbiologiques appropriés,Correcte. L'antibiothérapie doit être initiée rapidement après les prélèvements pour garantir une prise en charge efficace tout en évitant les risques de résistance.,Attendre les résultats microbiologiques avant de prescrire des antibiotiques,"Incorrecte. La fièvre chez un patient immunodéprimé est une urgence, et les antibiotiques doivent être débutés immédiatement pour prévenir les complications.",Préférer une antibiothérapie étroite adaptée au profil du patient,Incorrecte. Une antibiothérapie large est nécessaire en raison du risque élevé d'infections graves et de la possible résistance bactérienne.,Ne pas tenir compte des antécédents microbiologiques du patient,Incorrecte. Les antécédents microbiologiques (ex : bactéries multirésistantes) influencent fortement le choix des antibiotiques et doivent être pris en compte.,a
526,OIC-191-08-B,Quels examens complémentaires doivent être réalisés en cas de persistance de la fièvre après 48 heures d’une antibiothérapie probabiliste chez un neutropénique?,Cette question évalue la compréhension des protocoles d’investigation spécifique en cas de fièvre persistante chez un patient immunodéprimé. Le piège réside dans la confusion entre les examens systématiques et ceux liés à des signes cliniques.,Hémocultures aéro-anaérobies périphériques et centrales,"Incorrect. Les hémocultures sont systématiques avant toute antibiothérapie, mais ne sont pas spécifiques à la persistance de la fièvre.",Examen cytobactériologique des urines (ECBU),"Incorrect. L’ECBU est un examen systématique, mais ne correspond pas à la situation de persistance de la fièvre après traitement.",Examen cytobactériologique des crachats (ECBC) et prélèvement naso-pharyngé,"Incorrect. Ces examens sont réalisés en fonction de symptômes respiratoires, non en cas de fièvre persistante.",Scanner thoraco-abdomino-pelvien et antigénémie aspergillaire,Correct. Ces examens sont spécifiquement recommandés pour rechercher des foyers infectieux profonds et des infections fongiques en cas de fièvre persistante.,d
527,OIC-191-10-B,Quel est le traitement d'urgence recommandé en cas de fièvre chez un patient asplénique?,Cette question évalue la compréhension des principes de gestion d'urgence chez l'asplénique. Le piège courant est de confondre la prophylaxie (pénicilline V) et le traitement d'urgence (antibiothérapie ciblée).,"Céphalosporines de 3e génération parentérales (céfotaxime, ceftriaxone) après prélèvements microbiologiques","Correcte. Les céphalosporines de 3e génération sont efficaces contre les bactéries encapsulées, et les prélèvements microbiologiques sont essentiels pour adapter le traitement.",Pénicilline V pendant 2 ans après la splénectomie,"Incorrecte. C'est une antibiothérapie de prévention, non un traitement d'urgence. Elle est utilisée pour réduire le risque d'infections à long terme.",Vaccination contre le pneumocoque et le méningocoque,"Incorrecte. Les vaccinations sont des mesures préventives, pas un traitement d'urgence en cas de fièvre. Elles doivent être réalisées avant la splénectomie.","Aucun traitement antibiotique, surveillance clinique seule",Incorrecte. La fièvre chez l'asplénique est une urgence médicale due au risque d'OPSI. Un retard dans le traitement peut entraîner des complications graves.,a
528,OIC-197-01-A,Quelle est la principale classification des spondyloarthrites selon le contenu?,Cette question évalue la compréhension de la classification des spondyloarthrites. Un piège courant est de confondre les sous-catégories (radiographiques/non radiographiques) avec la classification principale.,Axiale vs. périphérique,Correcte. La classification principale distingue les spondyloarthrites axiales (avec sacro-iliite) des périphériques (articulaires ou enthésitiques).,Radiographiques vs. non radiographiques,"Incorrecte. C'est une sous-catégorie des spondyloarthrites axiales, non la classification principale.",Érosives vs. non érosives,"Incorrecte. C'est une caractéristique des spondyloarthrites périphériques articulaires, non une classification globale.",Psoriasique vs. ankylosante,"Incorrecte. Ces termes désignent des types spécifiques, pas une classification systématique.",a
529,OIC-197-02-B,Quelle est la prévalence globale des spondyloarthrites en France?,Cette question évalue la compréhension de la prévalence des spondyloarthrites. Un piège courant est de confondre le chiffre avec une autre statistique (ex. taux d'incidence ou âge moyen).,"0,35 %",Correcte. La prévalence globale est explicitement mentionnée dans le contenu éducatif.,"3,5 %","Incorrecte. Cette valeur correspond à un facteur 10 fois plus élevée que la prévalence réelle, souvent confondue par erreur.","0,035 %","Incorrecte. Cette valeur est 10 fois plus faible que la prévalence réelle, due à une erreur de virgule.",45 %,"Incorrecte. Ce chiffre correspond à l'âge moyen de début des symptômes, non à la prévalence.",a
530,OIC-197-03-B,Quelle est la prévalence du gène HLA-B27 chez les patients atteints de spondylarthrite ankylosante?,Cette question évalue la compréhension du lien spécifique entre le gène HLA-B27 et la spondylarthrite ankylosante. Un piège courant est de confondre les taux de prévalence généraux avec ceux des patients.,Plus de 90 %,Correcte. Le texte indique clairement que la prévalence est supérieure à 90 % chez les patients atteints de spondylarthrite ankylosante.,6 à 8 %,"Incorrecte. Cette valeur correspond à la prévalence du HLA-B27 dans les populations caucasiennes générales, non chez les patients atteints de la maladie.",Moins de 10 %,"Incorrecte. Ce taux est incompatible avec les données fournies, qui montrent une association très forte avec le HLA-B27.",100 %,"Incorrecte. Bien que le HLA-B27 soit fortement associé à la maladie, il n'est pas présent chez tous les patients.",a
531,OIC-197-04-B,Quelle est la caractéristique principale de l'enthésite dans les spondyloarthrites?,"Cette question évalue la capacité à distinguer l'enthésite (lésion des enthèses) des autres formes d'arthrite, comme la polyarthrite rhumatoïde. Un piège courant est de confondre l'enthésite avec la synovite.",Elle est associée aux spondyloarthrites,"Correcte. L'enthésite est la lésion élémentaire des spondyloarthrites, par opposition à la synovite des polyarthrites rhumatoïdes.",Elle est une manifestation de la polyarthrite rhumatoïde,"Incorrecte. La polyarthrite rhumatoïde se caractérise par une synovite, non une enthésite.",Elle est une forme d'arthrose dégénérative,"Incorrecte. L'enthésite est une lésion inflammatoire, non dégénérative, contrairement à l'arthrose.",Elle est une affection non inflammatoire,"Incorrecte. L'enthésite est une lésion inflammatoire, comme indiqué dans le contenu éducatif.",a
532,OIC-197-05-A,Quel syndrome est caractérisé par des douleurs lombaires inflammatoires et une sacro-iliite?,Cette question évalue la capacité à distinguer les syndromes articulaires spécifiques de la spondyloarthrite. Le piège réside dans la confusion entre les manifestations périphériques et les atteintes enthesopathiques.,Syndrome pelvi-rachidien,"Correcte. Le syndrome pelvi-rachidien inclut des douleurs lombaires inflammatoires et une sacro-iliite, qui sont des manifestations typiques de ce syndrome.",Syndrome articulaire périphérique,"Incorrecte. Ce syndrome se manifeste par une oligoarthrite des membres inférieurs, non par des douleurs lombaires ou une sacro-iliite.",Atteinte enthésopathique périphérique,"Incorrecte. L'atteinte enthésopathique inclut des symptômes comme la talalgie ou la dactylite, mais pas de douleurs lombaires inflammatoires.",Atteinte de la paroi thoracique antérieure,"Incorrecte. Cette manifestation est liée à l'atteinte enthésopathique, mais ne correspond pas au syndrome pelvi-rachidien.",a
533,OIC-197-06-B,Quel est le signe extra-articulaire le plus spécifique de la spondyloarthrite?,"Cette question évalue la capacité à identifier les manifestations cliniques typiques de la spondyloarthrite. L'uvéite aiguë antérieure est un signe clé, souvent associé à ce groupe de maladies.",Uvéite aiguë antérieure,"Correcte. L'uvéite est un signe extra-articulaire fréquent et spécifique des spondyloarthritides, notamment de la spondylite ankylosante.",Entérocolopathie inflammatoire,"Incorrecte. Bien que la maladie de Crohn ou la rectocolite hémorragique puissent être associées, elles sont plus spécifiques à d'autres pathologies inflammatoires.",Psoriasis cutané,"Incorrecte. Le psoriasis est un signe possible, mais moins spécifique que l'uvéite et plus souvent lié à d'autres formes de polyarthrite.","Troubles cardiaques (valvulopathies, troubles de conduction)","Incorrecte. Ces manifestations sont rares et non spécifiques à la spondyloarthrite, souvent confondues avec d'autres pathologies cardiovasculaires.",a
534,OIC-197-07-B,Quels critères de classification sont utilisés pour distinguer les spondyloarthrites axiales des spondyloarthrites périphériques selon les critères ASAS 2009?,"Cette question évalue la compréhension des critères ASAS 2009, qui classent les spondyloarthrites en axial ou périphérique. Un piège courant est de confondre les critères d’Amor ou d’ESSG avec les critères ASAS.","Critères de l’ASAS (rachialgie >3 mois, âge de début <45 ans pour l’axiale ; atteinte périphérique pour le périphérique)",Correcte. Les critères ASAS 2009 définissent clairement les critères cliniques pour l’axiale et le périphérique.,"Critères d’Amor (rachialgie >3 mois, âge de début <45 ans)","Incorrecte. Les critères d’Amor ne distinguent pas les formes axiale et périphérique, contrairement aux critères ASAS.",Critères de l’ESSG (atteinte périphérique et enthesopathie),"Incorrecte. Les critères de l’ESSG ne couvrent pas la distinction entre axial et périphérique, contrairement aux critères ASAS.","Critères combinés (rachialgie >3 mois, âge de début <45 ans, atteinte périphérique)",Incorrecte. Cette option mélange des critères de différentes classifications et ne reflète pas la distinction claire des critères ASAS.,a
535,OIC-197-08-B,Quelle spondyloarthrite est caractérisée par une atteinte du squelette axial (rachis et sacro-iliaques) pouvant conduire à une ankylose?,Cette question évalue la compréhension des types de spondyloarthrites et de leur localisation clinique. Le piège réside dans la confusion entre les formes axiales et périphériques.,Spondylarthrite ankylosante,Correcte. Cette forme est explicitement décrite comme typique avec atteinte du squelette axial et risque d'ankylose.,Rhumatisme psoriasique,"Incorrecte. Le rhumatisme psoriasique est associé à des atteintes périphériques et cutanées, non spécifiquement à l'ankylose sacro-iliaque.",Arthrite réactionnelle,"Incorrecte. L'arthrite réactionnelle est liée à des infections antérieures et présente une triade urétrite-conjonctivite-arthrite, sans ankylose typique.",Entérocolopathies inflammatoires chroniques,"Incorrecte. Ces maladies sont associées à des arthrites périphériques ou sacro-iliaques, mais pas à une ankylose du squelette axial.",a
536,OIC-197-09-A,Quelle est la caractéristique principale d'une dactylite visible sur la photographie?,"La question évalue la capacité à identifier la dactylite comme une inflammation du membre supérieur, souvent associée à la spondyloarthrite. Un piège courant est de confondre cette pathologie avec d'autres formes d'arthrite.",Inflammation du membre supérieur entier (digit),"Correcte. La dactylite se définit par une épaississement et une dilatation du membre supérieur, donnant un aspect de « doigt de saucisse ».",Crise aiguë de gout au niveau du gros orteil,"Incorrecte. La goutte affecte généralement le gros orteil, non le deuxième orteil, et présente des signes cliniques distincts.",Arthrite rhumatoïde avec gonflement articulaire,"Incorrecte. L'arthrite rhumatoïde provoque un gonflement articulaire localisé, pas une dilatation du membre supérieur.",Ostéoporose avec atrophie du membre,"Incorrecte. L'ostéoporose ne provoque pas de dilatation du membre, mais une perte de densité osseuse.",a
537,OIC-197-10-A,Quelle est la description correcte d'un syndesmophyte sur une radiographie du rachis?,"Cette question évalue la capacité à identifier les caractéristiques spécifiques des syndesmophytes, un élément clé dans le diagnostic des spondyloarthrites. Le piège réside dans la confusion avec d'autres structures osseuses.",Construction osseuse fine et verticale entre deux vertèbres,Correcte. Cette description correspond exactement à la définition des syndesmophytes.,Épaississement osseux au niveau des facettes articulaires,"Incorrecte. Cela décrirait plutôt une ostéophyte, une structure différente.",Lésion osseuse cavitaire avec contours irréguliers,"Incorrecte. Cela correspond à une description d'une cyste osseuse, non à un syndesmophyte.",Fracture linéaire transversale entre deux vertèbres,"Incorrecte. Une fracture est une lésion traumatique, non une formation osseuse pathologique.",a
538,OIC-197-11-B,Quelle est la caractéristique radiographique clé de la sacroiliite dans une coxite sur une radiographie du bassin?,Cette question évalue la capacité à identifier les signes radiologiques spécifiques de la sacroiliite dans le contexte d'une coxite. Un piège courant est de confondre les signes de la sacroiliite avec d'autres lésions articulaires.,Pincement du pied d'une sacroiliaque et irrégularités des berges,Correcte. Ces signes correspondent aux descriptions du pincement global de l'interligne articulaire et de l'aspect irrégulier des berges mentionnés dans le contenu.,Présence d'ostéophytes dans l'interligne articulaire,"Incorrecte. La coxite est définie comme une atteinte sans ostéophytes, ce qui distingue clairement cette pathologie d'autres formes d'arthrose.",Élargissement de l'interligne articulaire avec marges lisses,"Incorrecte. L'interligne articulaire est pincé (réduit), non élargi, et les marges sont irrégulières, pas lisses.",Calcinose des ligaments sacro-iliaques,"Incorrecte. Aucune mention de calcinose n'est faite dans le contenu, ce qui en fait un distracteur non pertinent.",a
539,OIC-197-13-A,Quel est le principe central de la prise en charge de la spondyloarthrite selon le contenu?,"La question évalue la compréhension des principes généraux de la prise en charge, en mettant en évidence la combinaison des approches pharmacologiques et non pharmacologiques. Le piège réside dans la confusion entre les différents aspects (ex. coordination médecin-rhumatologue vs. traitements spécifiques).",Coordination entre le rhumatologue et le médecin généraliste,"Plausible, mais correspond à un principe secondaire. Le texte souligne cette coordination, mais ne la présente pas comme le principe central.",Utilisation exclusive des anti-inflammatoires non stéroïdiens,"Incorrect. Le texte précise une rotation possible des AINS et mentionne d'autres traitements (DMARDs, traitements locaux).",Combinaison de traitements pharmacologiques et non pharmacologiques,"Correct. Le contenu insiste sur l'importance des deux approches (ex. rééducation, kinésithérapie, médicaments).",Priorité à la chirurgie pour toutes les formes sévères,Incorrect. La chirurgie est mentionnée comme une option rare (remplacement prothétique ou ostéotomie).,c
540,OIC-198-01-A,Quels sont les trois principaux microcristaux impliqués dans les pathologies humaines mentionnées?,Cette question évalue la capacité à identifier les trois microcristaux clés associés aux arthropathies microcristallines. Un piège courant est de confondre les types de cristaux calciques (pyrophosphate vs apatite) ou de mélanguer les conditions associées.,"Cristaux d'urate de sodium, cristaux de pyrophosphate de calcium, cristaux d'apatite","Correcte. Ces trois microcristaux sont explicitement mentionnés dans le contenu pour les pathologies respectives (goutte, rhumatisme à pyrophosphate, calcinoses).","Cristaux d'urate de sodium, cristaux de pyrophosphate de calcium, cristaux de phosphate de calcium","Incorrecte. Le phosphate de calcium est un type de cristal calcique, mais le contenu précise que l'apatite est spécifique aux dépôts radiopaques, non le phosphate de calcium.","Cristaux d'urate de sodium, cristaux d'apatite, cristaux de cholestérol","Incorrecte. Les cristaux de cholestérol ne sont pas mentionnés dans le contenu, ce qui en fait un distracteur plausiblement lié à d'autres pathologies.","Cristaux d'urate de sodium, cristaux de pyrophosphate de calcium, cristaux de silice","Incorrecte. Les cristaux de silice ne sont pas évoqués dans le contenu, ce qui en fait un choix éloigné des informations fournies.",a
541,OIC-198-02-A,Quelle est la valeur seuil de l’hyperuricémie?,Cette question évalue la compréhension de la définition de l’hyperuricémie. Le piège courant est de confondre les unités (µmol/l vs mg/l) ou les valeurs numériques.,360 µmol/l ou 60 mg/l,Correcte. C’est la valeur seuil exacte mentionnée dans le contenu éducatif.,360 mg/l ou 60 µmol/l,"Incorrecte. Elle inverse les unités et les valeurs numériques, ce qui est une erreur courante.",60 µmol/l ou 360 mg/l,"Incorrecte. Elle mélange les unités et les valeurs sans cohérence, ce qui est faux.",420 µmol/l ou 60 mg/l,Incorrecte. La valeur de 420 µmol/l est supérieure au seuil réel et n’est pas mentionnée dans le contenu.,a
542,OIC-198-03-B,"Quelle est la valeur d'uricémie correspondant au seuil de saturation du plasma en urate de sodium à 35 °C, permettant la formation de cristaux d’urate de sodium?",Cette question évalue la compréhension du seuil d'uricémie critique pour la cristallisation. Le piège courant est de confondre cette valeur avec d'autres seuils physiologiques.,360 µmol/l,"Correcte. Cette valeur correspond au seuil de saturation du plasma en urate de sodium à 35 °C, nécessaire à la formation de cristaux.",300 µmol/l,"Incorrecte. Cette valeur est inférieure au seuil critique, donc incapable de provoquer la cristallisation.",400 µmol/l,"Incorrecte. Cette valeur est supérieure au seuil critique, mais la question demande précisément la valeur seuil, non une valeur associée à une surcharge.",350 µmol/l,Incorrecte. Cette valeur est proche du seuil mais ne correspond pas exactement à la valeur de saturation mentionnée dans le texte.,a
543,OIC-198-05-B,Quelle structure est associée à la calcification méniscale et cartilagineuse sur une radiographie du genou?,La question évalue la compréhension des lésions radiologiques spécifiques des arthropathies microcristallines. Un piège courant est de confondre ces calcifications avec des lésions osseuses ou synoviennes.,Ménisque et cartilage,"Correcte. Les calcifications méniscales et cartilagineuses sont des signes typiques des arthropathies microcristallines, comme la goutte.",Ligaments et synovie,Incorrecte. Les ligaments et la synovie ne présentent pas de calcifications dans ce contexte pathologique.,Os et ostéophytes,"Incorrecte. Les ostéophytes (spurs osseux) sont liés à l'arthrose, non aux calcifications méniscales ou cartilagineuses.",Articulation et tissu adipeux,"Incorrecte. Le tissu adipeux ne calcifie pas dans ce type de lésion, et l'articulation est une structure globale non spécifique.",a
544,OIC-198-07-B,Quelle est la prévalence de la goutte en France selon le texte?,Cette question évalue la compréhension de la prévalence de la goutte et de son comparatif avec d'autres rhumatismes. Le piège réside dans la confusion avec des chiffres proches ou erronés.,"0,9 %","Correcte. Le texte indique explicitement cette prévalence, supérieure à celle des rhumatismes inflammatoires courants.","1,5 %",Incorrecte. Ce chiffre est supérieur à celui mentionné dans le texte et ne correspond pas aux données fournies.,"2,3 %",Incorrecte. Ce taux est plus élevé que la prévalence indiquée et n'est pas mentionné dans le contenu éducatif.,"0,3 %",Incorrecte. Ce pourcentage est inférieur à la prévalence réelle et pourrait être confondu avec une erreur de lecture.,a
545,OIC-198-08-A,Quelle est la caractéristique sémiologique typique d'un accès aigu microcristallin?,Cette question évalue la compréhension des symptômes clés d'un accès aigu microcristallin. Le piège réside dans la confusion avec d'autres pathologies inflammatoires chroniques.,"Début brutal, douleur intense ≥7/10, rougeur locale, résolution spontanée en quelques jours",Correcte. Ces éléments correspondent aux critères stéréotypés d'un accès aigu microcristallin mentionnés dans le contenu.,"Douleur chronique, onset progressif, absence de rougeur","Incorrecte. La douleur est aiguë et brutale, non chronique, et la rougeur est une caractéristique majeure.","Douleur persistante, absence de rougeur, durée de plusieurs semaines","Incorrecte. La résolution est spontanée en quelques jours, pas plusieurs semaines, et la rougeur est présente.","Douleur légère, onset progressif, absence de rougeur","Incorrecte. La douleur est intense (>7/10) et l'onset est brutal, non progressif.",a
546,OIC-198-10-A,Quelle situation nécessite un avis spécialisé en cas de goutte?,Cette question évalue la capacité à identifier les situations cliniques justifiant une consultation spécialisée. Un piège courant est de confondre les signes cliniques avec des situations nécessitant une expertise.,Toute goutte précoce débutant avant l'âge de 35 ans,"Correcte. La goutte précoce (avant 35 ans) est un signe de maladie génétique ou rénale, nécessitant une expertise rhumatologique ou néphrologique.",Uricémie normale pendant une crise,"Incorrecte. L'uricémie peut être normale pendant une crise, mais elle doit être répétée après la résolution pour évaluer la basale, sans nécessiter un avis spécialisé.",Présence de tophus visibles,"Incorrecte. Les tophus visibles sont un signe clinique, mais leur présence seule ne justifie pas un avis spécialisé sans complications ou comorbidités.",Inefficacité de la colchicine,"Incorrecte. L'inefficacité de la colchicine est une indication pour un avis spécialisé, mais l'option est trop spécifique et ne couvre pas toutes les situations mentionnées dans le contenu.",a
547,OIC-198-14-A,Où un tophus cliniquement décelable est-il typiquement observé?,Cette question évalue la compréhension des sites cliniques typiques des tophus. Un piège courant est de confondre les localisations avec d'autres arthropathies.,"Helix, pulpe du doigt, orteil",Correcte. Le contenu indique explicitement ces localisations comme typiques.,"Genou, coude","Incorrecte. Bien que ces articulations puissent être touchées, elles ne sont pas mentionnées comme typiques dans le contenu.","Dos, poignet",Incorrecte. Ces sites ne sont pas spécifiés dans le contenu éducatif.,"Épaule, cou",Incorrecte. Ces localisations sont peu fréquentes pour les tophus et non mentionnées dans le texte.,a
548,OIC-198-15-A,Quels sont les deux examens biologiques indispensables à visée diagnostique dans la goutte?,La question évalue la compréhension des examens clés pour le diagnostic de la goutte. Un piège courant est de confondre les tests de fonction rénale avec d'autres paramètres comme l'hémogramme.,Uricémie et estimation du débit de filtration glomérulaire (MDRD ou CKD-EPI),Correcte. Ces deux examens sont mentionnés explicitement comme essentiels pour le diagnostic de la goutte.,Vitesse de sédimentation (ESR) et protéine C-réactive (CRP),"Incorrecte. Ces tests mesurent l'inflammation générale, mais ne sont pas spécifiques à la goutte.",Analyse urinaire et créatininémie,"Incorrecte. La créatininémie est une composante de l'estimation du débit de filtration glomérulaire, mais l'analyse urinaire n'est pas un examen diagnostique principal pour la goutte.",Hémogramme et uricémie,Incorrecte. L'hémogramme est réalisé mais ne constitue pas un examen indispensable à visée diagnostique spécifique à la goutte.,a
549,OIC-198-17-B,"Quelle maladie est associée à un terrain de patient masculin mûr, souvent en surpoids ou obèse?",Cette question évalue la compréhension des différences de terrain entre les arthropathies microcristallines. Le piège courant est de confondre les âges et les profils sexuels des différentes pathologies.,Goutte,Correcte. La goutte est liée à un terrain masculin mûr avec facteurs de risque comme l'obésité et les maladies cardiovasculaires.,Arthropathie à pyrophosphate de calcium (PPCa),"Incorrecte. Le PPCa est associé à des patients âgés, non à des hommes mûrs en surpoids.",Calcification apatitique,"Incorrecte. Les calcifications apatitiques touchent principalement les femmes jeunes, pas les hommes mûrs.",Rhumatisme à cristaux de PPCD chez les femmes,"Incorrecte. Le rhumatisme à cristaux de PPCD est lié à l'âge avancé, pas au sexe féminin.",a
550,OIC-198-19-A,Quelle est la principale mesure à privilégier dans la prise en charge à long terme de la goutte?,"La question évalue la compréhension des principes fondamentaux de la gestion de la goutte, notamment l'importance de l'information du patient. Le piège courant est de confondre les règles diététiques avec les principes thérapeutiques.",L'information et l'éducation du patient sont essentielles au succès du traitement,Correcte. L'éducation du patient est un pilier clé pour l'adoption durable des mesures hygiénodietétiques et du traitement hypouricémiant.,L'amaigrissement progressif est la priorité dans la gestion de la goutte,"Incorrecte. Bien que l'amaigrissement soit une règle hygiénodietétique, il s'agit d'une mesure secondaire par rapport à l'information du patient.",L'interdiction totale de l'alcool est la mesure la plus importante,"Incorrecte. L'abstention de l'alcool est une recommandation spécifique, mais non la principale mesure de prise en charge globale.",La cible d'uricémie est de 60 mg/l indépendamment des tophus,"Incorrecte. La cible est de 50 mg/l en cas de tophus, ce qui montre la nécessité d'adapter les objectifs selon la gravité de la maladie.",a
551,OIC-198-22-A,Quelle est la principale recommandation pour le traitement d'un accès aigu à cristaux de pyrophosphate de calcium?,La question évalue la compréhension des principes de traitement et des adaptations nécessaires liées à l'âge et aux comorbidités. Un piège courant est de négliger l'ajustement des posologies.,"Même traitement que pour la goutte, avec adaptation des posologies selon l'âge","Correcte. Le contenu indique un traitement similaire à la goutte, mais avec des ajustements pour les patients plus âgés.",Utilisation exclusive de la colchicine sans adaptation de posologie,Incorrecte. La colchicine doit être utilisée avec prudence et adaptation des doses en raison des comorbidités et des interactions.,Infiltration cortisonique sans vérification d'une infection,Incorrecte. L'infiltration est possible uniquement après exclusion d'une infection par examen du liquide synovial.,Prise d'AINS sans prise en compte des comorbidités,Incorrecte. Les AINS nécessitent une prudence accrue en raison des risques liés aux comorbidités et aux interactions médicamenteuses.,a
552,OIC-201-01-A,Quelle est la catégorie de donneurs d’organe qui représente la majorité des donneurs?,Cette question évalue la compréhension des catégories de donneurs d’organe. Le piège courant est de confondre les donneurs en état de mort encéphalique avec les DDAC.,Les donneurs en état de mort encéphalique,Correcte. Les donneurs en état de mort encéphalique constituent la majorité des donneurs d’organe.,Les donneurs décédés après arrêt circulatoire (DDAC),"Incorrecte. Les DDAC représentent une minorité des donneurs, contrairement à une croyance courante.",Les donneurs vivants,Incorrecte. Les donneurs vivants sont une catégorie marginale par rapport aux autres catégories.,Les donneurs décédés après arrêt circulatoire non-contrôlé,Incorrecte. Cette sous-catégorie des DDAC est moins représentative que les donneurs en état de mort encéphalique.,a
553,OIC-201-02-A,Quel groupe d'éléments correspond uniquement aux organes transplantés?,Cette question évalue la capacité à distinguer les organes des tissus et cellules transplantés. Un piège courant est de confondre les tissus (comme la peau) avec des organes.,"Rein, foie, cœur, pancréas, poumons, intestins",Correcte. Ces éléments sont explicitement listés comme organes transplantés dans le contenu.,"Cornée, peau, valves cardiaques","Incorrecte. Ces éléments sont des tissus ou des structures non organiques, non classés comme organes transplantés.","Cellules souches hématopoïétiques, membranes amniotiques","Incorrecte. Ces éléments sont des cellules ou tissus, non des organes transplantés.","Os, tendons, ligaments, ménisques","Incorrecte. Ces éléments sont des tissus conjonctifs, non des organes transplantés.",a
554,OIC-201-03-B,Quels sont les principaux facteurs de compatibilité immunologique évalués lors d'une transplantation d'organe?,"Cette question évalue la compréhension des règles fondamentales de compatibilité immunologique. Le piège courant est de confondre les facteurs de compatibilité (ABO, HLA) avec des tests ou des facteurs non pris en compte (Rh).",Le groupe sanguin ABO et le système HLA,Correcte. Ces deux systèmes sont les principaux critères de compatibilité immunologique évoqués dans le contenu.,Le groupe sanguin ABO et le groupe rhésus,"Incorrecte. Le groupe rhésus n'est pas pris en compte dans la compatibilité pour les transplantations d'organes, contrairement à ce qui est souvent confondu avec le système ABO.",Le système HLA et le test du cross-match,"Incorrecte. Le test du cross-match est un examen réalisé avant la transplantation, mais il n'est pas un critère de compatibilité en soi.",Le groupe sanguin ABO et le test du cross-match,"Incorrecte. Le test du cross-match est un outil diagnostique, pas un critère de compatibilité immunologique principal.",a
555,OIC-201-05-A,Quels sont les trois principes éthiques du don d'organe selon la loi de bioéthique?,Cette question évalue la compréhension des trois principes fondamentaux du don d'organe. Le piège courant est de confondre 'consentement obligatoire' avec 'consentement présumé'.,"Consentement présumé, gratuité, anonymat",Correcte. Ces trois principes sont explicitement mentionnés dans le contenu éducatif.,"Consentement obligatoire, gratuité, anonymat","Incorrecte. Le 'consentement obligatoire' n'est pas un principe éthique du don d'organe, contrairement au 'consentement présumé'.","Consentement présumé, gratuité, publicité","Incorrecte. La 'publicité' n'est pas un principe éthique du don d'organe, mais l'anonymat est mentionné.","Consentement présumé, gratuité, équité","Incorrecte. L' 'équité' n'est pas un principe éthique du don d'organe, contrairement à l'anonymat.",a
556,OIC-201-06-A,Quelle est la définition correcte de la mort encéphalique?,"La question évalue la compréhension de la définition précise de la mort encéphalique, souvent confondue avec d'autres états neurologiques. Le piège courant est de confondre la mort encéphalique avec un coma ou une absence de réactivité.",Destruction irréversible de l'encéphale,"Correcte. La mort encéphalique implique une destruction irréversible du cerveau, y compris du tronc cérébral, qui contrôle les fonctions vitales.",Coma profond et absence de réactivité,"Incorrecte. Un coma profond peut être réversible, contrairement à la mort encéphalique, qui est irréversible.",Fonctionnement anormal du cerveau,"Incorrecte. La mort encéphalique ne se limite pas à une altération fonctionnelle, mais à une destruction irréversible du tissu cérébral.",Absence de respiration spontanée,"Incorrecte. L'absence de respiration spontanée est un signe, mais non la définition complète de la mort encéphalique.",a
557,OIC-201-07-B,Quels sont les critères utilisés pour diagnostiquer la mort encéphalique?,Cette question évalue la compréhension des critères cliniques et paracliniques nécessaires pour le diagnostic de mort encéphalique. Un piège courant est de négliger les critères paracliniques.,Critères cliniques et paracliniques,"Correcte. Le diagnostic de mort encéphalique exige à la fois des critères cliniques (absence de conscience, réflexes) et paracliniques (EEG, angiographie).",Seulement des critères cliniques,Incorrecte. Les critères cliniques seuls ne suffisent pas : des tests paracliniques sont indispensables pour confirmer l'arrêt cérébral.,Seulement des critères paracliniques,Incorrecte. Les critères paracliniques (comme les EEG) ne remplacent pas les observations cliniques essentielles.,Des tests d'imagerie médicale uniquement,"Incorrecte. L'imagerie médicale est un critère paraclinique, mais elle doit être associée à des critères cliniques pour un diagnostic complet.",a
558,OIC-201-08-B,Quelles sont les principales classes d’immunosuppresseurs utilisées en transplantation d’organe?,Cette question évalue la compréhension des classes d’immunosuppresseurs clés. Le piège réside dans la confusion entre les molécules spécifiques et les familles thérapeutiques.,"Anticorps polyclonaux anti-lymphocytaires, inhibiteurs de la calcineurine et corticostéroïdes",Correcte. Ces classes sont mentionnées dans le tableau et représentent des familles thérapeutiques principales.,"Belatacept, inhibiteurs de mTOR et azathioprine","Incorrecte. Bien que ces molécules soient présentes, elles ne couvrent pas les classes principales (ex. anticorps anti-lymphocytes).","Antibiotiques, antifongiques et corticostéroïdes","Incorrecte. Les antibiotiques et antifongiques ne sont pas des immunosuppresseurs, mais des agents antipathogènes.","Inhibiteurs du signal 1, inhibiteurs du signal 2 et anti-inflammatoires","Incorrecte. Bien que ces mécanismes soient décrits, ils ne correspondent pas directement aux classes thérapeutiques listées.",a
559,OIC-201-09-B,Quelle est la base des particularités diagnostiques de la mort encéphalique?,Cette question évalue la compréhension des critères diagnostiques de la mort encéphalique. Un piège courant est de confondre ces critères avec les étapes de prélèvement d'organes.,L'enregistrement d'un électrocardiogramme sans complexes QRS pendant 5 minutes,"Incorrect. Cet examen est utilisé pour confirmer le décès, pas pour diagnostiquer la mort encéphalique.",Des critères cliniques et paracliniques spécifiques,"Correct. Les critères cliniques (absence de conscience, réflexes abolis) et paracliniques (EEG nuls, angiographie) sont les bases du diagnostic.",La vérification du refus d'organes via le RNR,"Incorrect. Le RNR est consulté après confirmation du décès, pas lors du diagnostic de mort encéphalique.",La distinction entre donneurs à cœur arrêté et donneurs vivants,"Incorrect. Cette distinction concerne les types de donneurs, pas les critères diagnostiques de la mort encéphalique.",b
560,OIC-201-11-A,Quelle est l'une des principales avantages de la transplantation rénale avec donneur vivant selon le texte?,La question évalue la compréhension des avantages clés de la transplantation avec donneur vivant. Le piège réside dans la confusion entre les aspects réglementaires et les bénéfices pour le receveur.,Elle permet une meilleure survie à long terme de l’organe transplanté,Correcte. Le texte mentionne explicitement ce point comme un avantage principal.,Elle garantit la protection légale du donneur vivant,"Incorrecte. La protection légale est une procédure réglementaire, non un avantage direct pour le receveur.",Elle réduit les risques pour le donneur,"Incorrecte. L'évaluation médicale vise à minimiser les risques, mais ce n'est pas un avantage pour le receveur.",Elle élargit le cercle des donneurs potentiels,"Incorrecte. L'élargissement du cercle des donneurs est une conséquence de la pénurie, non un avantage direct.",a
561,OIC-207-02-B,Quel examen est le plus sensible pour détecter une fracture de côte chez un patient polytraumatisé?,Cette question évalue la compréhension de la sensibilité des examens d'imagerie pour le diagnostic des fractures costales. Elle met en évidence un piège courant : l'oubli de la valeur diagnostique du scanner face aux clichés standards.,La radiographie thoracique,"Incorrect. Les clichés standards manquent de sensibilité pour détecter les fractures costales, qui sont souvent méconnues dans plus de la moitié des cas.",L'IRM thoracique,Incorrect. L'IRM n'est pas mentionnée dans le contenu éducatif comme examen de choix pour le diagnostic des fractures costales.,L'échographie thoracique,Incorrect. L'échographie n'est pas abordée dans le contenu comme méthode de diagnostic des fractures costales.,Le scanner thoracique,"Correct. Le scanner est explicitement présenté comme plus sensible que la radiographie pour détecter les fractures costales, notamment les fractures peu déplacées.",d
562,OIC-207-03-A,Quelle est la caractéristique radiographique clé d'un épanchement pleural liquidien sur une radiographie de thorax debout de face?,Cette question évalue la capacité à identifier les signes radiographiques spécifiques d'un épanchement pleural. Le piège courant est de confondre ces signes avec d'autres pathologies comme les masses ou les calcifications.,Une ligne concave en haut et en dedans (ligne de Damoiseau) effaçant la coupole diaphragmatique,"Correcte. La ligne de Damoiseau est un signe spécifique de l'épanchement pleural liquidien, limitant l'opacité et effaçant les structures normales.",Une masse nodulaire circonférentielle de plus d'un centimètre,"Incorrecte. Cela correspond à une plèvre tumorale maligne, non à un épanchement pleural.",Des calcifications épaisses des feuillets pleuraux,"Incorrecte. Les calcifications sont des séquelles d'une pleurésie chronique, non des signes d'épanchement aigu.",Un niveau hydro-aérique dans la cavité pleurale,"Incorrecte. Ce niveau est spécifique à un hydropneumothorax, une combinaison de liquide et de gaz.",a
563,OIC-207-06-B,Quelle est la caractéristique radiologique principale d'une pneumopathie interstitielle diffuse (PID)?,Cette question évalue la capacité à identifier les signes radiologiques spécifiques des PID. Le piège réside dans la confusion avec d'autres lésions comme les micronodules ou les kystes.,Lignes septales lisses et régulières,"Incorrect. Les lignes septales peuvent être présentes dans diverses pathologies (œdème, fibrose) mais ne sont pas spécifiques aux PID.",Réticulations intralobulaires sous-pleurales,"Correct. Les réticulations intralobulaires sont un marqueur clé des fibroses pulmonaires, typiques des PID.",Micronodules péri-lymphatiques nets,"Incorrect. Les micronodules sont associés à des pathologies spécifiques comme la sarcoïdose, non aux PID en général.",Kystes sous-pleuraux multiples,"Incorrect. Les kystes sont rares et associés à des maladies atypiques (lymphangioléiomyomatose), pas aux PID classiques.",b
564,OIC-207-09-A,Quelle situation d'urgence justifie une radiographie thoracique en premier lieu?,Cette question évalue la capacité à distinguer les indications de la radiographie thoracique des non-indications ou des examens alternatifs. Un piège courant est de confondre les situations nécessitant un scanner ou un ECG.,Dyspnée aiguë,Correcte. La dyspnée aiguë est explicitement mentionnée comme une indication de la radiographie thoracique en urgence.,Suspicion de dissection aortique,Incorrecte. La dissection aortique est une non-indication : le scanner avec injection est prioritaire.,Bronchiolite de l'enfant non compliquée,Incorrecte. Les infections des voies aériennes hautes sont explicitement déclarées comme non-indications pour l'imagerie.,Douleur thoracique avec suspicion d'embolie pulmonaire,Incorrecte. L'embolie pulmonaire est une non-indication : le scanner avec injection est le premier examen à réaliser.,a
565,OIC-207-12-B,Quelle est la principale hypothèse diagnostique pour une lésion médiastinale postérieure chez l'enfant?,Cette question évalue la capacité à relier la topographie des lésions médiastinales à leurs causes principales. Un piège courant est de confondre les lésions postérieures avec celles de la région moyenne.,"Tumeurs neurogènes (neuroblastomes, ganglioneuroblastomes, neurofibromes)","Correcte. Les tumeurs neurogènes sont les lésions médiastinales postérieures les plus fréquentes chez l'enfant, comme indiqué dans le tableau.","Adénopathies (lymphomes, tuberculose…)","Incorrecte. Les adénopathies sont classées dans les lésions médiastinales moyennes, non postérieures.","Tumeurs d’origine thymique (hyperplasie bénigne, lymphomes, thymome)","Incorrecte. Les tumeurs thymiques sont localisées dans le médiastin antérieur, non postérieur.",Kystes bronchogéniques,"Incorrecte. Les kystes bronchogéniques appartiennent aux lésions médiastinales moyennes, pas postérieures.",a
566,OIC-208-03-A,Quelle est la définition de l'hypertension pulmonaire (HTP) chez l'adulte?,Cette question évalue la compréhension de la définition clinique de l'HTP. Un piège courant est de confondre la pression systolique avec la pression moyenne.,Une pression artérielle pulmonaire moyenne >20 mmHg et des résistances >3 UW mesurées par cathétérisme cardiaque droit,Correcte : Cela correspond exactement à la définition donnée dans le contenu éducatif.,Une pression artérielle systolique pulmonaire >35 mmHg détectée par échographie cardiaque,"Incorrecte : La valeur de 35 mmHg correspond à la pression systolique, non à la pression moyenne, et est une indication suspecte, pas une définition.",Une classification dans le groupe 3 des HTP liée à une insuffisance respiratoire chronique,"Incorrecte : Le groupe 3 est une classification clinique, pas la définition de l'HTP elle-même.",Une résistance pulmonaire >3 UW mesurée sans cathétérisme cardiaque droit,Incorrecte : Le cathétérisme cardiaque droit est indispensable pour mesurer la pression moyenne et les résistances.,a
567,OIC-208-05-A,Quel examen est utilisé pour distinguer une insuffisance respiratoire chronique obstructive (IRC-O) d'une insuffisance respiratoire chronique restrictive (IRC-R)?,Cette question évalue la compréhension des examens clés pour différencier les types d'IRC. Un piège courant est de confondre la pléthysmographie (utilisée pour les IRC-R) avec la spirométrie (utilisée pour les IRC-O).,"Spirométrie avec courbe débit-volume (TVO) : VEMS/CV < 0,7","Correcte. La spirométrie avec TVO est le test principal pour identifier les IRC-O, grâce à l'indice VEMS/CV.",Pléthysmographie : CPT > 120% des valeurs prédites,"Incorrecte. La pléthysmographie est utilisée pour détecter la distension thoracique (CPT > 120%) dans les IRC-O, mais elle est principalement associée aux IRC-R (CPT < 80%).","Test de diffusion alvéolaire (TLCO) < 0,7","Incorrecte. Le TLCO est utilisé pour suspecter une pneumopathie infiltrante, non pour distinguer les types d'IRC.",Gaz du sang pour évaluer la sévérité,"Incorrecte. Les gaz du sang confirment le diagnostic et évaluent la sévérité, mais ne permettent pas de distinguer les types d'IRC.",a
568,OIC-208-06-B,Quelle exploration fonctionnelle est typique d'une insuffisance respiratoire chronique obstructive?,La question évalue la capacité à interpréter les paramètres clés des explorations fonctionnelles (EFR/PFT) pour distinguer les formes obstructives et restrictives. Un piège courant est de confondre les variations du volume résiduel et du TLC.,"FEV1/FVC < 0,7 et TLC normal","Correcte. Une diminution du rapport FEV1/FVC (< 0,7) indique une obstruction, tandis qu'un TLC normal est typique de l'IRC obstructive.","FEV1/FVC > 0,8 et TLC diminué","Incorrecte. Un FEV1/FVC > 0,8 et un TLC diminué correspondent à une insuffisance respiratoire restrictive, non obstructive.","FEV1/FVC < 0,7 et TLC diminué","Incorrecte. Un TLC diminué est associé à des troubles restrictifs, pas obstructifs. La confusion entre les paramètres est un piège classique.","FEV1/FVC > 0,8 et TLC normal","Incorrecte. Un FEV1/FVC > 0,8 et un TLC normal suggèrent une fonction pulmonaire normale, pas une insuffisance respiratoire.",a
569,OIC-208-08-A,Quelle est la conséquence directe de l'hypoxémie chronique dans l'insuffisance respiratoire chronique (IRC)?,Cette question évalue la compréhension de la relation entre l'hypoxémie et les complications spécifiques de l'IRC. Le piège réside dans la confusion entre les conséquences indirectes (comme la polyglobulie) et les mécanismes physiopathologiques directs.,Hypertension pulmonaire du groupe 3,"Correcte. L'hypoxémie chronique induit une vasoconstriction pulmonaire (mécanisme du groupe 3), augmentant la pression artérielle pulmonaire.",Polyglobulie inconstante,"Incorrecte. Bien que mentionnée, la polyglobulie est une réponse compensatoire inconstante et peut être contrecarrée par d'autres facteurs inflammatoires.",Asthénie et altération des fonctions supérieures,"Incorrecte. Ces symptômes sont liés à l'hypercapnie, non à l'hypoxémie chronique directe.",Insuffisance respiratoire aigüe,"Incorrecte. L'insuffisance respiratoire aigüe est une complication possible, mais non une conséquence directe de l'hypoxémie chronique.",a
570,OIC-208-10-B,Quel mécanisme est principalement responsable de l'hypoxémie initiale dans la BPCO?,Cette question évalue la compréhension des mécanismes physiopathologiques de l'hypoxémie dans la BPCO. Le piège courant est de confondre l'hypoxémie initiale avec l'hypoventilation secondaire.,Dysfonction de l'échangeur pulmonaire,"Correcte. La BPCO commence par une altération de l'échange gazeux (dyspnée obstructive), entraînant une hypoxémie avec normo/hypocapnie.",Hypoventilation alvéolaire prédominante,"Incorrecte. L'hypoventilation est une complication tardive de la BPCO, non le mécanisme initial.",Faiblesse des muscles respiratoires,"Incorrecte. La faiblesse musculaire est une cause secondaire d'hypoventilation, pas d'hypoxémie initiale.",Augmentation de la production de CO₂,"Incorrecte. L'hypercapnie (augmentation de CO₂) est une conséquence de l'hypoventilation, non une cause d'hypoxémie initiale.",a
571,OIC-208-12-B,Quelle est l'implication médico-sociale de l'IRC grave (PaO2 <60mmHg) selon le texte?,La question évalue la compréhension des critères d'exonération liés à l'ALD 14. Un piège courant est de confondre le seuil de PaO2 ou le numéro d'ALD.,L’IRC grave (PaO2 <60mmHg) donne droit à une exonération du ticket modérateur au titre de l’ALD 14.,Correcte. C'est la définition exacte donnée dans le texte.,L’IRC grave (PaO2 <50mmHg) donne droit à une réduction de 50% du ticket modérateur au titre de l’ALD 13.,Incorrecte. Le seuil de PaO2 est erroné (60mmHg vs 50mmHg) et l'ALD mentionné est faux (14 vs 13).,L’IRC modérée (PaO2 50-60mmHg) donne droit à une exemption totale du ticket modérateur au titre de l’ALD 14.,Incorrecte. Le seuil de PaO2 est incorrect (50-60mmHg vs <60mmHg) et l'ALD est mal appliqué.,L’IRC grave (PaO2 <60mmHg) donne droit à une réduction de 30% du ticket modérateur au titre de l’ALD 14.,"Incorrecte. L'exonération totale est mentionnée, pas une réduction partielle.",a
572,OIC-208-13-B,Quelle est la cible de saturation en oxygène recommandée chez un patient hypercapnique?,Cette question évalue la compréhension des paramètres cibles pour l'oxygénothérapie chez les patients hypercapniques. Un piège courant est de confondre les cibles avec celles des patients hypoxémiques.,88% < Saturation < 92%,Correcte. Cette plage évite d'aggraver l'hypercapnie tout en corrigeant l'hypoxémie.,94% < Saturation < 98%,"Incorrecte. Cette plage est adaptée aux patients hypoxémiques, non aux hypercapniques.",80% < Saturation < 85%,Incorrecte. Une saturation trop basse peut aggraver l'hypercapnie en réduisant la ventilation.,90% < Saturation < 95%,Incorrecte. Cette plage est proche des valeurs hypoxémiques et pourrait augmenter la PaCO2.,a
573,OIC-208-14-B,Quelle est l'indication principale des examens d'imagerie dans l'insuffisance respiratoire chronique?,Cette question évalue la compréhension des indications des examens d'imagerie dans le diagnostic et le suivi de l'IRC. Un piège courant est de confondre la radiographie thoracique et la TDM thoracique.,Une radiographie thoracique systématique au diagnostic et une TDM en cas de suspicion de PID,"Correcte. La radiographie thoracique est l'examen de première intention, complété par une TDM en cas de suspicion de PID.",Une TDM thoracique systématique au diagnostic,"Incorrecte. La TDM n'est pas demandée systématiquement, mais uniquement en cas de suspicion de PID après une radiographie.",Une bronchoscopie pour évaluer la fonction pulmonaire,Incorrecte. La bronchoscopie n'est pas mentionnée comme indication des examens d'imagerie dans le contenu.,Une IRM thoracique pour détecter les lésions vasculaires,"Incorrecte. L'IRM n'est pas indiquée dans le contexte de l'IRC, contrairement à la radiographie et à la TDM.",a
574,OIC-215-02-A,Quel est le mécanisme principal du purpura vasculaire?,Cette question évalue la compréhension de la distinction entre les mécanismes du purpura vasculaire et du purpura thrombopénique. Un piège courant est de confondre la pathologie vasculaire avec une anomalie plaquettaire.,Pathologie de la paroi vasculaire,"Correcte. Le purpura vasculaire résulte d'une inflammation ou d'une fragilité de la paroi vasculaire, ce qui est distinct d'une anomalie plaquettaire.",Trouble de l'hémostase secondaire,"Incorrecte. Le trouble de l'hémostase secondaire concerne les facteurs de coagulation, non la paroi vasculaire.",Thrombopénie due à une anomalie des plaquettes,"Incorrecte. C'est le mécanisme du purpura thrombopénique, non du purpura vasculaire.",Fragilité capillaire non vascularitique,"Incorrecte. Bien que la fragilité capillaire puisse causer un purpura vasculaire, elle n'est pas le mécanisme principal du purpura vasculaire.",a
575,OIC-215-03-A,Quelle est la caractéristique principale du purpura fulminans?,"Cette question évalue la capacité à identifier la définition clinique du purpura fulminans, un diagnostic différentiel crucial en médecine d'urgence. Le piège réside dans la confusion avec d'autres manifestations hémorragiques ou infectieuses.",Extension rapide de purpura nécrotique avec sepsis,Correcte. La définition clinique du purpura fulminans inclut l'extension rapide des lésions vasculaires nécrotiques associée à un sepsis ou choc septique.,Fièvre et hypotension artérielle,"Incorrecte. Ces signes sont des manifestations secondaires du sepsis, mais ne définissent pas le purpura fulminans.",Troubles neurologiques et coma,"Incorrecte. Les troubles neurologiques peuvent survenir en cas de sepsis sévère, mais ne constituent pas la caractéristique principale du purpura fulminans.",Thrombopénie profonde avec hémorragie digestive,"Incorrecte. La thrombopénie profonde est une cause possible d'hémorragie, mais n'est pas spécifique au purpura fulminans.",a
576,OIC-215-04-A,Quelle combinaison de signes cliniques justifie l'évoquation du purpura fulminans?,Cette question évalue la capacité à identifier les critères cliniques essentiels du purpura fulminans. Un piège courant est de négliger l'absence possible de syndrome méningé.,"Fièvre, hypotension, purpura nécrotique et signes neurologiques","Correcte. Elle inclut tous les critères clés : fièvre, signes hémodynamiques, purpura et signes neurologiques.","Fièvre, hypotension et ecchymoses localisées",Incorrecte. Les ecchymoses localisées ne correspondent pas aux purpuras extensifs décrits.,Purpura cutané et syndrome méningé,"Incorrecte. Le syndrome méningé peut être absent, et le purpura seul ne suffit pas.","Marbrures, polypnée et rash cutané","Incorrecte. La polypnée est un signe de défaillance hémodynamique, mais le rash ne doit être extensif.",a
577,OIC-215-06-A,Quel examen biologique est prioritaire à prescrire en urgence devant un purpura thrombopénique?,Cette question évalue la capacité à identifier l'examen principal dans un purpura thrombopénique. Le piège réside dans la confusion avec d'autres examens secondaires ou pertinents pour d'autres types de purpura.,Hémogramme (sur tube citraté),"Correcte. L'hémogramme permet de confirmer la thrombopénie (anomalie des plaquettes) en cas de purpura thrombopénique, ce qui est prioritaire cliniquement.",Protéine C-réactive (CRP),"Incorrecte. La CRP est pertinente pour le purpura vasculaire, non pour le purpura thrombopénique, où elle n'est pas le premier examen à prescrire.",Recherche de diminution du taux de prothrombine (TP) ou allongement du TCA,"Incorrecte. Ces examens sont secondaires pour évaluer une coagulation intravasculaire disséminée (CIVD), mais ne remplacent pas l'hémogramme principal.",Protéinurie,"Incorrecte. La protéinurie est associée au purpura vasculaire, non au purpura thrombopénique, et n'est pas prioritaire en urgence.",a
578,OIC-215-07-B,Quel examen biologique est prescrit en première intention devant un purpura vasculaire en dehors de l'urgence?,Cette question évalue la connaissance des examens biologiques de première intention pour le diagnostic du purpura vasculaire. Un piège courant est de confondre ces examens avec d'autres tests comme le profil de coagulation ou le comptage des globules rouges.,Anticorps anti-cytoplasme des polynucléaires neutrophiles (ANCA) et cryoglobulinémie,Correcte. Les ANCA et la cryoglobulinémie sont explicitement mentionnés comme examens de première intention dans le contenu éducatif.,Profil de coagulation,Incorrecte. Le profil de coagulation n'est pas mentionné comme examen de première intention pour le purpura vasculaire dans le contenu.,Comptage des globules rouges,"Incorrecte. Le comptage des globules rouges est un examen général, mais non spécifique au purpura vasculaire selon le contenu.",Test de dépistage du VIH,Incorrecte. Le test VIH n'est pas lié à la pathologie du purpura vasculaire et n'est pas mentionné dans le contenu.,a
579,OIC-215-08-A,Quelle est une cause infectieuse principale de purpura?,Cette question évalue la capacité à distinguer les causes infectieuses des autres types de purpura. Le piège courant est de confondre les vascularites ou les fragilités capillaires avec des causes infectieuses.,Purpura fulminans,Correcte. Le purpura fulminans est une infection bactérienne grave (souvent par Neisseria meningitidis) associée à une coagulation intravasculaire disséminée.,Vascularite associée aux ANCA,"Incorrecte. Les vascularites ANCA sont des maladies auto-immunes inflammatoires, non infectieuses.",Purpura sénile de Bateman,"Incorrecte. Cela résulte de la fragilité capillaire liée à l'âge, pas d'une infection.",Scurbut,"Incorrecte. La carence en vitamine C est une cause de fragilité capillaire, non d'une infection directe.",a
580,OIC-217-02-B,Quelle est la caractéristique principale du frottis sanguin dans le syndrome mononucléosique?,Cette question évalue la compréhension des cellules mononucléées activées. Un piège courant est de confondre les blastocytes (absents) avec les lymphocytes atypiques.,Présence de lymphocytes atypiques à cytoplasme hyperbasophile,Correcte. Les cellules mononucléées activées sont décrites comme atypiques avec cytoplasme hyperbasophile.,Présence de blastocytes,Incorrecte. Les blastocytes sont absents dans ce contexte.,Normale des globules rouges,"Incorrecte. Bien que les autres lignées soient normales, ce n'est pas la caractéristique principale.",Présence de neutrophiles atypiques,Incorrecte. Les neutrophiles ne sont pas spécifiques du syndrome mononucléosique.,a
581,OIC-223-01-A,Quelle est la plage d'âge valide pour l'utilisation des équations SCORE2 et SCORE2-OP?,Cette question évalue la compréhension des limites d'application des équations SCORE2 et SCORE2-OP. Un piège courant est de confondre les plages d'âge ou d'oublier les exceptions spécifiques.,SCORE2 pour ≥40 et <70 ans ; SCORE2-OP pour ≥70 ans,Correcte. C'est la description exacte des plages d'âge valides mentionnée dans le contenu.,SCORE2 pour 50-69 ans ; SCORE2-OP pour 70-80 ans,"Incorrecte. La plage d'âge pour SCORE2-OP est ≥70 ans, pas 70-80, et SCORE2 ne s'applique pas à 50-69 ans uniquement.",Les deux équations sont valides pour 40-70 ans,"Incorrecte. SCORE2-OP est spécifiquement validé pour ≥70 ans, pas pour la même plage que SCORE2.",SCORE2 pour ≥70 ans ; SCORE2-OP pour 40-70 ans,Incorrecte. Les plages d'âge sont inversées par rapport à la description du contenu.,a
582,OIC-223-02-A,Quels sont les trois grands types de dyslipidémies selon le contenu?,Cette question évalue la capacité à identifier les trois catégories principales de dyslipidémies. Un piège courant est de confondre les causes secondaires avec les types principaux.,"Hypercholestérolémie pure, hypertriglycéridémie pure, hyperlipidémie mixte",Correcte. Ces trois types correspondent exactement aux classifications mentionnées dans le contenu.,"Hyperlipidémies primaires, secondaires et associées au diabète","Incorrecte. Ces catégories correspondent aux causes (primaire, secondaire, diabète) et non aux types de dyslipidémies.","Hypercholestérolémie, hypertriglycéridémie et hyperlipoprotéinémie",Incorrecte. L'hyperlipoprotéinémie n'est pas un type principal mentionné dans le contenu.,"Hyperlipidémie mixte, hypertriglycéridémie et dyslipidémie associée au syndrome métabolique","Incorrecte. La dyslipidémie associée au syndrome métabolique est une cause secondaire, pas un type principal.",a
583,OIC-223-03-B,Quel facteur est le plus directement impliqué dans le développement de l'athérosclérose selon le contenu?,"Cette question évalue la compréhension de la relation entre les dyslipidémies et l'athérosclérose, en mettant l'accent sur la preuve scientifique des liens entre LDL-cholestérol et risque cardiovasculaire.",Le LDL-cholestérol,Correcte. Le contenu souligne que le LDL-cholestérol est directement impliqué dans la formation des plaques d'athérome et que sa réduction diminue le risque cardiovasculaire.,L'HDL-cholestérol,"Incorrecte. Bien que l'HDL-cholestérol soit mentionné dans le contexte du syndrome métabolique, son rôle n'est pas directement lié à l'athérosclérose comme le LDL-cholestérol.",L'hypertriglycéridémie,"Incorrecte. L'hypertriglycéridémie est associée à l'athérosclérose, mais le niveau de preuve est moins fort que pour le LDL-cholestérol.",L'inflammation,"Incorrecte. L'inflammation est un facteur contributif, mais elle n'est pas le facteur principal directement impliqué dans la formation des plaques d'athérome.",a
584,OIC-223-04-A,Quand faut-il impérativement dépister une dyslipidémie?,Cette question évalue la compréhension des situations prioritaires de dépistage. Le piège courant est de confondre les critères impératifs et conseillés.,En cas de prévention secondaire ou de facteurs de risque cardiovasculaire,Correcte. Cela correspond aux critères impératifs mentionnés dans le contenu.,Chez toute femme lors de la mise en place d’une contraception hormonale,"Incorrecte. C’est un critère conseillé, non impératif.",À partir de 40 ans chez l’homme,"Incorrecte. C’est un critère conseillé, non impératif.",En cas de diabète ou d’hypertension artérielle,"Incorrecte. Ces facteurs sont des critères impératifs, mais la réponse la plus complète est l’option a.",a
585,OIC-223-07-A,Quelle est la combinaison des principales causes d'hyperlipidémies secondaires?,Cette question évalue la compréhension des causes principales des hyperlipidémies secondaires. Le piège réside dans la confusion entre les causes endocriniennes et les causes médicamenteuses.,"Endocrinopathies, maladies rénales, cholestase, médicaments",Correcte. Elle inclut toutes les catégories mentionnées dans le contenu éducatif.,"Endocrinopathies, maladies rénales, cholestase","Incorrecte. Elle omit les médicaments, une cause clé des hyperlipidémies secondaires.","Endocrinopathies, maladies rénales, obésité",Incorrecte. L'obésité n'est pas mentionnée comme cause principale dans le contenu.,"Endocrinopathies, maladies rénales, diabète",Incorrecte. Le diabète n'est pas explicitement listé comme cause dans le contenu.,a
586,OIC-223-08-B,"Quel bilan biologique doit être prescrit pour rechercher une dyslipidémie secondaire, guidé par le contexte clinique?",La question évalue la capacité à identifier les examens complémentaires essentiels pour détecter une dyslipidémie secondaire. Un piège courant est de négliger l'une des analyses mentionnées.,"TSH, créatininémie, protéinurie (bandelette urinaire)","Incorrect : Manque les phosphatases alcalines, essentielles pour évaluer les causes hépatiques ou biliaires.","TSH, créatininémie, phosphatases alcalines","Incorrect : Manque la protéinurie (bandelette urinaire), cruciale pour identifier les causes rénales.","TSH, protéinurie (bandelette urinaire), phosphatases alcalines","Incorrect : Manque la créatininémie, nécessaire pour évaluer la fonction rénale.","TSH, créatininémie, protéinurie (bandelette urinaire), phosphatases alcalines","Correct : Inclut tous les éléments clés pour identifier les causes secondaires (thyroïdienne, rénale, hépatique/biliaire).",d
587,OIC-223-09-A,"Quel est l'objectif de LDL-cholestérol recommandé pour un patient de 50 ans sans diabète, insuffisance rénale ou maladie cardiovasculaire avérée, présentant un risque cardiovasculaire très élevé?",Cette question évalue la compréhension des seuils d'objectifs LDL-cholestérol selon le profil de risque. Le piège courant est de confondre les seuils pour les différents niveaux de risque.,"<1,4 mmol/L","Correcte. Pour un risque très élevé, le consensus ESC 2021 recommande un objectif strict (<1,4 mmol/L) pour réduire le risque cardiovasculaire.","<1,8 mmol/L","Incorrecte. Ce seuil correspond au risque cardiovasculaire élevé, non très élevé.","<2,6 mmol/L","Incorrecte. Ce seuil est adapté au risque modéré ou faible, pas très élevé.","<4,9 mmol/L","Incorrecte. Ce seuil provient des recommandations NSFA-SFD-SFE 2014 pour le risque faible, non applicable ici.",a
588,OIC-223-10-A,Quelle recommandation diététique est spécifique aux hypercholestérolémies?,Cette question évalue la capacité à distinguer les recommandations selon le type de dyslipidémie. Le piège réside dans la confusion entre les conseils pour les hypertriglycéridémies et les hypercholestérolémies.,Limiter l'apport quotidien en graisses à moins de 35% de l'apport calorique total,"Correcte : C'est la recommandation principale pour les hypercholestérolémies, visant à réduire les lipides sanguins.","Réduire les apports glucidiques, en particulier les sucres simples","Incorrecte : Cela concerne les hypertriglycéridémies modérées, pas les hypercholestérolémies.",Privilégier les acides gras saturés,"Incorrecte : Les acides gras saturés doivent être réduits, non privilégiés, pour les hypercholestérolémies.",Réduire la consommation d'alcool,"Incorrecte : Cela est recommandé pour les hypertriglycéridémies sévères, pas pour les hypercholestérolémies.",a
589,OIC-225-04-A,Quel examen est considéré comme le premier choix pour confirmer l'artériopathie oblitérante des membres inférieurs (AOMI)?,Cette question évalue la compréhension des examens de première intention dans la diagnostic de l'AOMI. Le piège réside dans la confusion entre l'examen de référence (écho-Doppler) et l'examen de confirmation (mesure des pressions).,Mesure des pressions de cheville et calcul de l'indice de perfusion systémique (IPS),"Correcte. La mesure des pressions de cheville et le calcul de l'IPS sont les examens de première intention pour confirmer l'AOMI, conformément au contenu éducatif.",Écho-Doppler de l'aorte et des artères des membres inférieurs,"Incorrecte. L'écho-Doppler est l'examen de référence pour évaluer la localisation des lésions et leur retentissement hémodynamique, mais il n'est pas le premier choix pour la confirmation diagnostique.",Angioscanner de l'aorte et des artères des membres inférieurs,"Incorrecte. L'angioscanner n'est pas mentionné comme examen de première intention, mais plutôt comme exploration ultérieure.",Artériographie des membres inférieurs,Incorrecte. L'artériographie est explicitement désignée comme non première intention et réservée à des explorations ultérieures.,a
590,OIC-225-05-A,Quel est le traitement médical recommandé pour les patients asymptomatiques d'AOMI?,"Cette question évalue la compréhension des principes du traitement médical de l'AOMI, en mettant l'accent sur la gestion des facteurs de risque et les prescriptions spécifiques selon la présence de symptômes. Le piège courant est de confondre les recommandations pour les patients symptomatiques et asymptomatiques.",Statine et IEC même en l'absence de dyslipidémie ou d'HTA,"Correcte. Les statines et les IEC sont prescrits systématiquement pour les patients asymptomatiques, indépendamment des paramètres lipidiques ou pressionnels, pour freiner l'évolution athéromateuse.",Antiplaquettaire et statine,"Incorrecte. Les antiplaquettaire sont discutés selon le risque global cardiovasculaire, mais ne sont pas systématiques pour les patients asymptomatiques.",Antiplaquettaire et IEC,"Incorrecte. Les IEC sont prescrits systématiquement, mais les antiplaquettaire ne sont pas recommandés de base pour les patients asymptomatiques.",Statine et antiplaquettaire,"Incorrecte. Les antiplaquettaire ne sont pas prescrits de manière systématique pour les patients asymptomatiques, contrairement aux statines et aux IEC.",a
591,OIC-225-06-A,Quelle est la principale complication liée à l'ischémie aiguë d'un membre inférieur selon le texte?,"Cette question évalue la compréhension des complications graves de l'ischémie aiguë. Le piège réside dans la confusion entre les taux de mortalité, d'amputation et de séquelles.",25 % des cas entraînent une amputation,Correcte. Le texte indique explicitement que 25 % des cas d'ischémie aiguë nécessitent une amputation.,10 % des cas se terminent par un décès,"Incorrecte. Bien que le texte mentionne 10 % de décès, cette proportion est inférieure à celle des amputations, ce qui en fait une complication secondaire.",15 % des cas provoquent des séquelles permanentes,"Incorrecte. Les séquelles (15 %) sont moins fréquentes que les amputations (25 %), ce qui en fait une conséquence moins grave.",50 % des cas ont un bon pronostic,"Incorrecte. Le taux de bons résultats (50 %) inclut les cas non amputés, mais ne représente pas la principale complication.",a
592,OIC-225-10-A,Quelle est la localisation la plus fréquente d’un anévrisme artériel?,Cette question évalue la compréhension de la prévalence des anévrismes. Le piège réside dans la confusion entre les localisations périphériques (poplités) et la localisation dominante (aorte abdominale).,Aorte abdominale,Correcte. Le texte indique que l’aorte abdominale est la localisation la plus fréquente.,Artères poplitées,"Incorrecte. Bien que fréquentes, les anévrismes poplités sont des localisations périphériques secondaires, pas la principale.",Artères iliaques,Incorrecte. Les anévrismes iliaques sont moins fréquents que ceux de l’aorte abdominale et sont systématiquement recherchés en imagerie.,Aorte thoracique,Incorrecte. Les anévrismes thoraciques sont rares et associés à des pathologies spécifiques.,a
593,OIC-225-11-B,Quelle est la principale étiologie des anévrismes de l’aorte abdominale (AAA)?,"Cette question évalue la compréhension des causes principales des AAA. Le piège réside dans la confusion entre les causes fréquentes (athérosclérose) et les causes rares (infectieuses, dissection, dystrophies).",L’athérosclérose,"Correcte. L’athérosclérose est la cause la plus fréquente des AAA, touchant les artères coronaires, rénales, et des membres inférieurs.",L’anévrisme infectieux,"Incorrecte. Les anévrismes infectieux sont rares et représentent une cause secondaire, souvent associée à une infection bactérienne.",La dissection aortique,"Incorrecte. La dissection aortique peut évoluer vers un anévrisme, mais elle n’est pas la principale étiologie des AAA.",Les dystrophies héréditaires du tissu conjonctif,"Incorrecte. Ces pathologies (ex. maladie de Marfan) sont des causes rares, responsables de moins de 10 % des AAA.",a
594,OIC-225-12-A,Quel est le signe clinique le plus fréquent d'un anévrisme de l'aorte abdominal (AAA) lorsqu'il est symptomatique?,"Cette question évalue la compréhension des manifestations cliniques de l'AAA. Le piège réside dans la confusion entre les symptômes de rupture (douleur abdominale/ombilicale) et les complications secondaires (embolie, compression).",Douleur abdominale ou lombaire,"Correcte. La douleur abdominale ou lombaire est le signe clinique principal de l'AAA symptomatique, qu'il s'agisse d'une rupture ou d'une complication.",Douleur thoracique,"Incorrecte. La douleur thoracique n'est pas un signe clinique typique de l'AAA, sauf en cas de complications rares comme une embolie pulmonaire.",Douleur ischémique des membres inférieurs,Incorrecte. La douleur ischémique des membres inférieurs est une complication secondaire (embolie) et non le signe principal de l'AAA.,Douleur épigastrique avec vomissements,"Incorrecte. La douleur épigastrique avec vomissements peut être liée à une compression des organes voisins, mais est moins fréquente que la douleur abdominale/lombaire.",a
595,OIC-225-15-A,Quelle situation d'urgence est associée à la plus haute mortalité chez les patients porteurs d'un anévrisme de l'aorte abdominale?,La question évalue la compréhension de la gravité des situations d'urgence liées aux anévrismes. Le piège réside dans la confusion entre les taux de mortalité et la fréquence des événements.,Anévrisme rompu,"Correcte. La rupture d'anévrisme a une mortalité globale >80%, ce qui en fait la situation la plus critique.",Fistule aorto-cave,"Incorrecte. Bien que grave, la fistule aorto-cave a une mortalité élevée mais est rare et ne dépasse pas le taux de l'anévrisme rompu.",Anévrisme douloureux,Incorrecte. L'anévrisme douloureux nécessite une intervention urgente mais a une mortalité plus faible que celle d'une rupture.,Ischémie aiguë de membre inférieur,"Incorrecte. L'ischémie aiguë est rare et nécessite une prise en charge immédiate, mais son taux de mortalité est inférieur à celui d'une rupture d'anévrisme.",a
596,OIC-225-16-A,Quelle est la cause principale de l'ischémie intestinale chronique?,La question évalue la distinction entre les causes aiguës et chroniques de l'ischémie intestinale. Un piège courant est de confondre les mécanismes aigu et chronique.,Une embolie artérielle,"Incorrect. L'embolie artérielle provoque une ischémie aiguë, non chronique.",Une occlusion artérielle aiguë,"Incorrect. Cela correspond à l'ischémie aiguë, pas chronique.",Une obstruction chronique d'origine athéromateuse,"Correct. L'ischémie chronique est liée à des obstructions progressives (athéromateuses), contrairement aux causes aiguës.",Une hyperémie post-prandiale,"Incorrect. L'hyperémie est une augmentation du débit sanguin, pas une cause d'ischémie.",c
597,OIC-225-17-A,Quelle est la triade des signes fonctionnels de l'ischémie intestinale chronique?,"Cette question évalue la capacité à identifier les signes fonctionnels spécifiques de l'ischémie intestinale chronique, un concept clé pour distinguer cette pathologie de l'ischémie aiguë.","Douleur abdominale post-prandiale, éviction alimentaire et amaigrissement",Correcte. Cette triade correspond aux signes fonctionnels décrits dans le contenu éducatif pour l'ischémie chronique.,"Douleur abdominale aiguë, vomissements et fièvre","Incorrecte. Ces symptômes correspondent à l'ischémie intestinale aiguë, non chronique.",Souffle abdominal constant et abolition des pouls périphériques,"Incorrecte. Ces signes physiques sont associés à des lésions athéromateuses, mais ne constituent pas la triade fonctionnelle de l'ischémie chronique.",Crampes abdominales soudaines et signes péritonéaux,"Incorrecte. Ces signes correspondent à l'ischémie aiguë, non à la forme chronique.",a
598,OIC-226-01-A,Quelle est la caractéristique principale qui distingue une TVP proximale d'une TVP distale?,Cette question évalue la compréhension des classifications des TVP. Le piège courant est de confondre les localisations et leur gravité.,La TVP proximale affecte les veines des membres inférieurs supérieurs (poplitée et sus-poplitée) et est plus dangereuse,Correcte. La TVP proximale est associée à un risque accru d'embolie pulmonaire en raison de sa localisation proche du cœur.,La TVP distale touche les veines des membres inférieurs inférieurs et est plus dangereuse,Incorrecte. La TVP distale est moins dangereuse car le thrombus est éloigné du cœur et moins susceptible de migrer.,La TVP proximale est associée à une défaillance hémodynamique,"Incorrecte. La défaillance hémodynamique est un critère de l'EP à haut risque, pas de la TVP proximale.",Les TVP proximale et distale sont équivalentes en termes de gravité,Incorrecte. La TVP proximale présente un risque d'embolie pulmonaire plus élevé que la TVP distale.,a
599,OIC-226-02-A,Quelle est la principale catégorie de facteurs favorisants de la maladie thromboembolique veineuse (MTEV)?,La question évalue la capacité à distinguer les facteurs favorisants majeurs et mineurs. Un piège courant est de confondre les facteurs transitoires avec les persistants.,"Chirurgie avec anesthésie générale > 30 min, traumatisme, immobilisation médicale > 3 jours, contraception oestroprogestative",Correcte. Ces facteurs transitoires majeurs sont explicitement mentionnés comme favorisant la MTEV dans le contenu.,"Traumatisme d’un membre inférieur non platrée avec mobilité réduite ≥ 3 jours, voyage prolongé (avion > 6h)","Incorrecte. Ces facteurs sont classés comme transitoires mineurs, moins importants que les majeurs.","Cancer actif, syndrome des antiphospholipides, antécédents de MTEV chez les proches",Incorrecte. Ces facteurs persistants majeurs sont moins fréquents que les transitoires majeurs.,"Maladies inflammatoires chroniques, âge ≥ 65 ans, IMC ≥ 30 kg/m²",Incorrecte. Ces facteurs persistants mineurs ont un impact moindre que les transitoires majeurs.,a
600,OIC-226-05-A,Quel examen est considéré comme le référentiel pour le diagnostic de l'EP à haut risque lorsqu'il est réalisable sans délai?,Cette question évalue la compréhension des priorités diagnostiques en cas d'EP grave. Le piège réside dans la confusion avec les examens alternatifs ou non pertinents.,Angioscanner thoracique,Correcte. L'angioscanner thoracique est explicitement mentionné comme examen de référence dans le contexte d'une urgence vitale.,Échographie cardiaque trans-thoracique,"Incorrecte. Cet examen est utilisé en cas d'impossibilité de réaliser l'angioscanner, non comme examen de choix principal.",Dosage des D-dimères,"Incorrecte. Le dosage des D-dimères est exclu dans le contexte d'une EP à haut risque, car il n'a pas sa place en urgence vitale.",Radiographie thoracique,Incorrecte. La radiographie thoracique n'est pas mentionnée comme examen diagnostique pertinent pour l'EP à haut risque.,a
601,OIC-226-06-A,Quelle est l'indication correcte de l'ajustement du seuil des D-dimères pour l'exclusion d'une embolie pulmonaire (EP)?,La question évalue la compréhension de l'ajustement du seuil des D-dimères selon l'âge pour l'exclusion d'une EP non grave. Un piège courant est de confondre cette indication avec celle de la thrombose veineuse profonde (TVP).,Le seuil est ajusté à l’âge pour la TVP,"Incorrect. L'ajustement à l’âge ne s'applique pas à la TVP, selon le contenu.",Le seuil est le même pour tous les âges,"Incorrect. Le seuil est ajusté à l’âge pour l’EP non grave, comme indiqué dans le texte.",Le seuil est ajusté à l’âge pour l’EP grave,Incorrect. L'ajustement à l’âge ne s'applique pas aux EP graves ou de probabilité forte.,Le seuil est ajusté à l’âge pour l’EP non grave,Correct. Le seuil est ajusté à l’âge (< [âge × 10] µg/L pour les patients de plus de 50 ans) pour l’exclusion d’EP non grave.,d
602,OIC-226-07-A,Quelle est la principale utilisation de l’écho-Doppler veineux en cas de diagnostic de thrombose veineuse profonde (TVP)?,La question évalue la compréhension de la place de l’écho-Doppler comme examen de première intention pour confirmer le diagnostic de TVP. Un piège courant est de confondre son utilisation avec celle de l’embolie pulmonaire (EP).,Examen de première intention pour confirmer le diagnostic de TVP,"Correcte. L’écho-Doppler est le choix initial pour diagnostiquer la TVP, conformément au contenu.",Examen utilisé pour diagnostiquer l’embolie pulmonaire (EP) en cas de suspicion,"Incorrecte. L’écho-Doppler est un critère d’EP, mais non l’examen de première intention pour ce diagnostic.",Examen réservé aux patients non obèses ou sans interpositions digestives,"Incorrecte. Bien que les limitations soient mentionnées, l’écho-Doppler n’est pas exclu pour ces patients, mais reste utilisable avec des adaptations.",Examen contre-indiqué en cas de douleur ou de plaie,"Incorrecte. Aucune contre-indication n’est mentionnée ; les difficultés d’accès sont des limites, non des contre-indications.",a
603,OIC-226-09-A,Quelle est la condition nécessaire pour proposer une prise en charge ambulatoire en cas d’EP?,La question évalue la compréhension des critères de gravité et de la stratification du risque en EP. Un piège courant est de confondre les scores sPESI ou les marqueurs cardiaques.,EP à faible risque de mortalité (score sPESI = 0 et absence de retentissement cardiaque),Correcte. C’est le critère principal pour une prise en charge ambulatoire selon le texte.,EP associée à une défaillance hémodynamique (PAS < 90 mmHg),"Incorrecte. Cela correspond à une EP à risque élevé, nécessitant une prise en charge urgente en unité de soins intensifs.",Score sPESI = 1 et présence de marqueurs de dysfonction cardiaque,"Incorrecte. Un score sPESI = 1 indique un risque intermédiaire, et les marqueurs cardiaques augmentent le risque, excluant la prise en charge ambulatoire.",EP avec une chute de PAS ≥ 40 mmHg pendant 15 minutes sans cause connue,"Incorrecte. Cela définit une défaillance hémodynamique, caractéristique d’une EP grave nécessitant une prise en charge immédiate.",a
604,OIC-226-11-A,Quelle est la contre-indication absolue à l'utilisation de la compression élastique de classe 3 en cas de TVP des membres inférieurs?,Cette question évalue la compréhension des critères de contre-indication à la compression élastique. Un piège courant est de confondre l'indice de pression systolique à la cheville avec d'autres paramètres cliniques.,"L'index de pression systolique à la cheville < 0,60","Correcte. L'indice de pression systolique à la cheville < 0,60 indique une insuffisance artérielle périphérique, rendant la compression élastique dangereuse.",La présence d'une infection cutanée,"Incorrecte. L'infection cutanée n'est pas une contre-indication absolue à la compression élastique, mais une indication de consultation médicale.",La préférence du patient pour ne pas porter de compression,"Incorrecte. La préférence du patient ne constitue pas une contre-indication médicale, mais un facteur à prendre en compte dans la prise en charge.",L'absence de douleur ou d'œdème,"Incorrecte. L'absence de symptômes ne justifie pas l'arrêt de la compression, qui reste indiquée pour prévenir le syndrome post-thrombotique.",a
605,OIC-226-12-A,"En cas d'antécédent de thrombose veineuse profonde (TVP) ou d'embolie pulmonaire (EP), quelle contraception est contre-indiquée?",Cette question évalue la compréhension des contre-indications des contraceptifs en cas de risque thrombo-embolique. Le piège courant est de confondre les effets des œstrogènes avec ceux des progestatifs.,Toute contraception contenant des œstrogènes,"Correcte. Les œstrogènes augmentent le risque thrombo-embolique, donc ils sont contre-indiqués en cas d'antécédent de TVP/EP.",Les contraceptifs progestatifs micro-œstrogéniques,"Incorrecte. Les progestatifs micro-œstrogéniques contiennent une faible dose d'œstrogènes et sont généralement tolérés, sauf en cas de contre-indication spécifique.",Aucune contraception hormonale,Incorrecte. Des méthodes comme les pilules micro-progestatives ou les DIU sont recommandées en cas d'antécédent de TVP/EP.,Toutes les méthodes hormonales,"Incorrecte. Seuls les contraceptifs contenant des œstrogènes sont contre-indiqués, pas toutes les méthodes hormonales.",a
606,OIC-226-13-A,Quelle situation nécessite une thromboprophylaxie médicamenteuse selon le contenu?,La question évalue la compréhension des critères de prescription de la thromboprophylaxie médicamenteuse. Un piège courant est de confondre les situations à risque élevé avec les mesures préventives non médicamenteuses.,Un patient hospitalisé en chirurgie orthopédique avec un seul facteur de risque,"Incorrect. La thromboprophylaxie médicamenteuse est prescrite en cas de chirurgie orthopédique, même avec un seul facteur de risque, conformément aux recommandations.",Un patient à domicile avec un risque faible de MVTE,"Incorrect. La prévention systématique est requise pour tout patient alité, mais la thromboprophylaxie médicamenteuse n'est pas indiquée en cas de risque faible.",Un patient en déshydratation avec compression pneumatique intermittente,"Incorrect. La compression pneumatique est une mesure mécanique, non médicamenteuse, et ne remplace pas la thromboprophylaxie médicamenteuse en cas de risque élevé.",Un patient en réanimation avec une durée de prophylaxie non définie,"Incorrect. La durée de la prophylaxie médicamenteuse est codifiée et doit couvrir la durée du risque, même en réanimation.",a
607,OIC-226-15-B,"Quelle est la recommandation concernant les examens complémentaires en cas de MTEV (TVP, EP) sans orientation clinique?",Cette question évalue la compréhension des limites des examens complémentaires en l'absence de suspicion clinique. Un piège courant est de croire que tous les examens sont systématiquement prescrits.,Ajouter systématiquement un dosage du PSA chez l'homme et un bilan gynécologique chez la femme,Incorrect. Ces examens sont spécifiques et ne sont pas systématiques en l'absence d'orientation clinique.,Prescrire des examens complémentaires sans restriction,"Incorrect. Les examens sont limités à la première étape (interrogatoire, examen clinique, bilans de routine) en l'absence de suspicion.",Ne pas réaliser d'autres examens que les bilans de routine,"Incorrect. Les bilans de routine sont la première étape, mais des examens supplémentaires peuvent être nécessaires en cas de récidive.",Ne pas réaliser d'autres examens sauf en cas de MTEV récidivante,Correct. La recommandation souligne la prudence en l'absence de suspicion clinique et la nécessité d'une indication spécifique.,d
608,OIC-227-02-B,Quel est le mécanisme principal responsable de l’insuffisance veineuse chronique (IVC)?,Cette question évalue la compréhension des mécanismes physiopathologiques de l’IVC. Un piège courant est de ne pas relier les deux causes principales (reflux et obstruction).,Reflux veineux,"Incorrect. Le reflux veineux est une cause, mais l’obstruction veineuse est également impliquée. Cette option est incomplète.",Reflux veineux ou obstruction veineuse,"Correct. Le texte indique que l’IVC peut résulter soit d’un reflux veineux, soit d’une obstruction veineuse (séquellaire d’une thrombose).",Obstruction veineuse,"Incorrect. L’obstruction veineuse est une cause, mais le reflux veineux est également un mécanisme principal. Cette option est incomplète.",Pompe veino-musculaire,"Incorrect. La pompe veino-musculaire est un facteur de retour veineux, mais non une cause directe de l’IVC.",b
609,OIC-227-04-B,Quelle est la cause la plus fréquente d'insuffisance veineuse chronique (IVC)?,Cette question évalue la compréhension des étiologies principales de l'IVC. Le piège courant est de confondre les causes secondaires avec les causes primaires.,La maladie variqueuse (varices primitives),"Correcte. Les varices primitives sont l'étiologie la plus fréquente de l'IVC, représentant environ 80% des cas.",Le syndrome post-thrombotique,"Incorrecte. Le syndrome post-thrombotique est une cause secondaire, moins fréquente que les varices primitives.",L'insuffisance veineuse fonctionnelle,"Incorrecte. L'insuffisance veineuse fonctionnelle est une cause moins fréquente, liée à des facteurs comme la réduction de la marche.",L'insuffisance veineuse congénitale,"Incorrecte. L'insuffisance veineuse congénitale est une catégorie de la classification CEAP, mais représente une minorité des cas.",a
610,OIC-227-06-B,Quelle est la prévalence estimée de l’insuffisance veineuse chronique (IVC) dans les pays industrialisés selon les études mentionnées?,Cette question évalue la compréhension de la prévalence de l’IVC. Un piège courant est de confondre la prévalence globale avec les chiffres spécifiques à la France ou aux ulcères veineux.,30 à 60 %,Correcte. Le texte indique clairement que la prévalence globale est estimée entre 30 et 60 %.,10 à 20 %,Incorrecte. Cette valeur est trop faible par rapport aux données mentionnées (30-60 %).,70 à 80 %,Incorrecte. Cette valeur est trop élevée et n’est pas mentionnée dans le texte.,50 à 60 %,"Incorrecte. Bien que la borne supérieure soit correcte, la borne inférieure (50 %) est erronée : le texte précise 30 %.",a
611,OIC-227-07-A,Quel est le symptôme le plus fréquent de l'insuffisance veineuse chronique (IVC)?,Cette question évalue la capacité à identifier le symptôme principal de l'IVC. Un piège courant est de confondre les signes cutanés (comme les varices) avec les symptômes fonctionnels.,Pesanteurs ou lourdeurs des membres inférieurs,Correcte. Cette symptomatologie est explicitement mentionnée comme le symptôme le plus fréquent dans le contenu.,Crampes,"Incorrecte. Les crampes sont présentes mais moins fréquentes que les pesanteurs, et peuvent être associées à d'autres pathologies.",Varices ou télangiectasies,"Incorrecte. Ces signes cutanés sont des manifestations visibles, non des symptômes fonctionnels principaux.",Ulcère veineux,"Incorrecte. L'ulcère est un signe trophique avancé, non le symptôme initial le plus fréquent.",a
612,OIC-227-08-A,Quelle est la caractéristique principale d'un ulcère variqueux?,Cette question évalue la capacité à identifier les caractéristiques clés d'un ulcère variqueux. Le piège réside dans la confusion avec d'autres types d'ulcères (ex. ulcères trophiques diabétiques) qui présentent des traits différents.,"Siège péri-malléolaire, aspect superficiel non creusant, exsudatif et fibrineux, grande taille",Correcte. Ces caractéristiques correspondent aux critères diagnostiques de l'ulcère variqueux décrits dans le contenu éducatif.,"Siège sur la jambe, aspect profond, non exsudatif, petite taille","Incorrecte. Les ulcères variqueux sont toujours situés péri-malléolairement et présentent un aspect superficiel, non profond, avec exsudation.","Siège sur le pied, aspect creusant, non exsudatif, douloureux",Incorrecte. Les ulcères variqueux sont indolores ou peu douloureux et ne présentent pas d'aspect creusant.,"Siège sur le genou, aspect non exsudatif, petite taille, associé à des varices","Incorrecte. Bien que les varices soient associées, la localisation péri-malléolaire et la grande taille sont des critères essentiels pour distinguer un ulcère variqueux.",a
613,OIC-227-09-A,Quel examen permet de confirmer le diagnostic d'insuffisance veineuse chronique (IVC)?,"Cette question évalue la compréhension des méthodes diagnostiques de l'IVC, en mettant l'accent sur l'importance du Doppler comme examen confirmatoire. Un piège courant est de confondre l'examen clinique avec le diagnostic définitif.",L'écho-doppler veineux en position debout,Correcte. Le Doppler permet de détecter le reflux veineux et de confirmer le diagnostic en analysant les réseaux veineux profond et superficiel.,L'inspection des varices en position debout,"Incorrecte. L'inspection est une étape du diagnostic clinique, mais elle ne permet pas de confirmer le diagnostic de manière fiable.",La palpation des veines pour détecter la douleur,"Incorrecte. La palpation est utilisée pour identifier des signes comme la thrombose veineuse, mais elle ne confirme pas l'IVC.",La mesure des pressions intraveineuses (IPS),"Incorrecte. La mesure des IPS est une étape complémentaire pour évaluer l'étiologie, mais elle ne constitue pas le diagnostic principal.",a
614,OIC-229-02-A,Quelle complication est spécifiquement associée aux abords veineux centraux parmi les suivantes?,Cette question évalue la capacité à distinguer les complications spécifiques des abords veineux centraux. Le piège réside dans la confusion avec les complications communes aux abords périphériques.,Embolie gazeuse,Correcte. L'embolie gazeuse est une complication spécifique des abords veineux centraux liée à l'introduction de gaz dans la circulation sanguine lors de la pose ou de la manipulation des cathéters.,Infection,"Incorrecte. L'infection est une complication possible des abords veineux périphériques et centraux, mais elle n'est pas spécifique à l'un d'entre eux.",Thrombose,"Incorrecte. La thrombose peut survenir à la fois chez les abords périphériques et centraux, bien qu'elle soit plus fréquente chez les abords centraux.",Complication mécanique (ex. : déplacement du cathéter),"Incorrecte. Les complications mécaniques, comme le déplacement du cathéter, peuvent affecter les abords périphériques et centraux, mais elles ne sont pas exclusives aux abords centraux.",a
615,OIC-229-03-A,Quelle est la technique correcte pour l'insertion d'une voie veineuse périphérique (VVP)?,"Cette question évalue la compréhension des étapes clés de la pose d'une VVP, en mettant en évidence un piège courant lié à la préparation du site.",Sélectionner le site du coude et désinfecter la peau avec de l'alcool avant l'insertion.,Correcte : Le coude est un site courant et la désinfection est essentielle pour prévenir les infections.,Insérer la cannule directement dans la veine sans préparation du site.,Incorrecte : L'absence de désinfection augmente le risque d'infection et la préparation du site est obligatoire.,Choisir le site du cou et ne pas désinfecter la peau.,Incorrecte : Le cou n'est pas un site standard pour une VVP et l'omission de désinfection est dangereuse.,Fixer la cannule sans vérifier la patence de la veine.,Incorrecte : Vérifier la patence est une étape critique pour s'assurer de la bonne fonction de la VVP.,a
616,OIC-229-05-A,Quelle procédure est recommandée pour prévenir l'embolie gazeuse lors du retrait d'une voie veineuse centrale?,"La question évalue la compréhension des mesures spécifiques pour éviter l'embolie gazeuse, un risque particulier lors du retrait de voies veineuses centrales. Le piège courant est de confondre cette procédure avec la compression du point d'insertion.",Positionner le patient allongé et demander de bloquer la respiration ou d'expirer lors du retrait,Correcte. Cette procédure réduit le risque d'embolie gazeuse en limitant la formation de bulles d'air lors du retrait.,Comprimer le point d'insertion pendant 5 minutes,"Incorrecte. La compression prévient l'hématome, mais ne protège pas contre l'embolie gazeuse.",Utiliser un tourniquet autour du bras,Incorrecte. Le tourniquet n'est pas adapté pour prévenir l'embolie gazeuse et peut masquer des complications.,Positionner le patient en position assise et lui demander de respirer normalement,Incorrecte. La position assise augmente le risque d'embolie gazeuse en facilitant la migration des bulles d'air.,a
617,OIC-229-06-B,Quelle est la condition essentielle pour l'insertion d'une voie veineuse centrale?,Cette question évalue la compréhension des critères techniques et cliniques nécessaires à l'insertion d'une VVC. Le piège courant est de confondre les conditions d'insertion avec les complications ou les critères de retrait.,"Évaluation préalable du patient et choix du site d'insertion (ex. jugulaire, fémoral) avec visualisation par échographie",Correcte. L'évaluation clinique et l'orientation échographique sont des étapes critiques pour assurer la sécurité et l'efficacité de l'insertion.,Utilisation d'une sonde de type percutané sans visualisation en temps réel,Incorrecte. L'absence de visualisation en temps réel augmente le risque de complications comme les pénétrations vasculaires.,Insertion uniquement en cas de besoin d'une perfusion à long terme,"Incorrecte. La VVC est indiquée pour des besoins courts ou moyens, pas exclusivement pour les perfusions prolongées.",Prise en charge par un infirmier sans surveillance continue,Incorrecte. Une surveillance étroite par un professionnel qualifié est obligatoire pour détecter les complications en temps réel.,a
618,OIC-229-07-B,Quelle est la démarche correcte pour traiter une infection systémique liée à une voie veineuse?,La question évalue la compréhension des critères de prescription d'antibiothérapie selon la gravité des symptômes. Un piège courant est de confondre les infections locales et systémiques.,Retirer le cathéter et prescrire des antibiotiques pour une infection locale,"Incorrect. Les antibiotiques sont prescrits pour les infections systémiques, pas locales. Le retrait du cathéter est une mesure de précaution, mais non une indication d'antibiothérapie.",Prescrire des antibiotiques ciblant les staphylocoques pour une infection systémique,"Correct. Les staphylocoques aureus et epidermidis sont les agents pathogènes principaux, et l'antibiothérapie est initiée en cas de signes généraux ou de sepsis.",Laisser le cathéter en place et prescrire une anticoagulation pour une thrombose,"Incorrect. Cette démarche concerne les complications thrombotiques, non infectieuses. L'anticoagulation est une gestion de la thrombose, pas d'une infection.",Réaliser des hémocultures uniquement en cas de fièvre,"Incorrect. Les hémocultures sont réalisées en cas de signes généraux (fièvre, sepsis) et non exclusivement en cas de fièvre isolée.",b
619,OIC-230-06-A,Quelle est la démarche diagnostique clé dans la gestion des urgences cardio-vasculaires selon le contenu éducatif?,"La question évalue la compréhension de l'ordre des étapes diagnostiques. Le piège réside dans la confusion entre les étapes initiales (anamnèse, examen clinique) et la priorité de l'ECG.",Analyser le terrain évocateur et les facteurs de risque cardiovasculaires,"Incorrect. C'est une étape initiale, mais non la démarche clé prioritaire dans l'urgence.",Effectuer des tests biologiques dès la première consultation,Incorrect. Les bilans biologiques sont orientés après l'ECG et l'examen clinique.,Identifier les anomalies à l'auscultation cardio-pulmonaire,"Incorrect. C'est une partie de l'examen clinique, mais non la démarche diagnostique centrale.",Réaliser et interpréter l'ECG,Correct. L'ECG est la démarche clé pour identifier les urgences cardio-vasculaires en urgence.,d
620,OIC-230-07-A,Quelle anomalie électrocardiographique est typiquement associée à l'embolie pulmonaire?,Cette question évalue la capacité à identifier les signes ECG spécifiques à chaque urgence cardiovasculaire. Le piège courant est de confondre les anomalies de l'embolie pulmonaire avec celles de l'infarctus ou de la péricardite.,Aspect S1Q3 (onde S en DI et Q en DIII) avec bloc de branche droite,"Correcte. L'aspect S1Q3 est un signe spécifique de l'embolie pulmonaire, souvent accompagné d'une tachycardie et de bloc de branche droite.",Sus-décalage du segment ST ≥ 2 mm en précordiales,"Incorrect. C'est le signe principal du syndrome coronarien aigu (ST+), non de l'embolie pulmonaire.",Négativation diffuse des ondes T avec normalisation progressive,"Incorrect. Cela correspond à la péricardite avec tamponnade, non à l'embolie pulmonaire.",ECG normal ou sous-décalage du segment ST horizontal,"Incorrect. Cela décrit le syndrome coronarien aigu sans sus-décalage (ST-), non l'embolie pulmonaire.",a
621,OIC-230-08-A,Quelle est l'urgence cardio-vasculaire pour laquelle la radiographie thoracique n'est pas utile?,Cette question évalue la compréhension des limites de la radiographie thoracique dans le diagnostic des urgences cardio-vasculaires. Un piège courant est de croire que la radiographie est utile pour toutes les urgences.,Infarctus du myocarde aigu (SCA typique),"Correcte. La radiographie thoracique est inutile dans le cas d'un SCA typique, car elle ne permet pas de confirmer le diagnostic.",Dissection aortique,"Incorrecte. La radiographie thoracique peut montrer des anomalies comme un élargissement du médiastin, utiles pour le diagnostic différentiel.",Embolie pulmonaire,"Incorrecte. Bien que souvent normale, la radiographie peut révéler des signes comme une hyperclarté pulmonaire ou une ascension diaphragmatique.",Péricardite avec tamponnade,"Incorrecte. La radiographie thoracique peut montrer une cardiomégalie avec un cœur en carafe, un signe spécifique de tamponnade.",a
622,OIC-230-09-A,Quel examen biologique est le plus utile pour distinguer une infarctus du myocarde aigu (SCA) d'une embolie pulmonaire (EP)?,Cette question évalue la compréhension de l'interprétation des examens biologiques dans les urgences cardiovasculaires. Le piège réside dans la confusion entre les indicateurs spécifiques et non spécifiques.,Troponines ultrasensibles,Correcte. Les troponines sont spécifiques du myocarde et s'élèvent dans la SCA mais pas dans l'EP.,D-dimères,Incorrecte. Les D-dimères éliminent l'EP en cas de valeur normale mais ne permettent pas de confirmer un diagnostic.,CRP (protéine C-réactive),"Incorrecte. La CRP est non spécifique et peut s'élever dans diverses pathologies inflammatoires, y compris la péricardite.",Gaz du sang,Incorrecte. Les gaz du sang aident à évaluer la détresse respiratoire mais ne confirment pas directement l'EP.,a
623,OIC-230-10-B,Quelle est l'indication principale de la coronarographie dans le syndrome coronarien aigu non ST+?,Cette question évalue la compréhension des indications de la coronarographie dans le SCA non ST+. Un piège courant est de confondre les délais de réalisation avec ceux du SCA ST+.,"L'angio est indiquée dans les 24h après le début des symptômes, surtout en cas d'élévation de la troponine",Correcte. Le texte précise que la coronarographie est généralement réalisée dans les 24h pour le SCA non ST+ avec élévation de troponine.,L'angio est uniquement indiquée pour le SCA ST+,Incorrecte. Le texte explique que la coronarographie est aussi utilisée pour le SCA non ST+ dans certains cas.,L'angio doit être réalisée en moins de 120 min pour le SCA non ST+,"Incorrecte. Le délai de 120 min s'applique au SCA ST+, pas au SCA non ST+.",L'angio n'est pas nécessaire si la troponine est normale,Incorrecte. Le texte indique que la coronarographie est indiquée même avec des troponines normales en cas de doute diagnostique.,a
624,OIC-230-13-A,Quelle est la cause thoracique de douleur aiguë qui n'appartient pas aux quatre urgences cardio-vasculaires?,La question évalue la capacité à distinguer les causes thoraciques de douleur aiguë non cardio-vasculaires. Un piège courant est de confondre pneumothorax ou épanchement pleural avec des urgences cardio-vasculaires.,Pneumonie,"Correcte. La pneumonie est une infection pulmonaire non cardio-vasculaire, contrairement aux quatre urgences cardio-vasculaires.",Pneumothorax,"Incorrecte. Le pneumothorax est une cause non cardio-vasculaire, mais il est mentionné comme cause thoracique dans le contenu.",Épanchement pleural,"Incorrecte. L'épanchement pleural est une cause non cardio-vasculaire, mais il est explicitement listé dans le contenu.",Douleurs musculo-squelettiques,"Incorrecte. Les douleurs musculo-squelettiques sont des causes non cardio-vasculaires, mais elles sont également mentionnées dans le contenu.",a
625,OIC-230-14-A,Quelle est une cause extra-thoracique de douleur thoracique aiguë?,La question évalue la capacité à distinguer les causes extra-thoraciques des causes thoraciques. Le piège réside dans la confusion entre les pathologies digestives et pulmonaires.,Pancréatite,Correcte. La pancréatite est une cause extra-thoracique de douleur thoracique due à l'irritation des nerfs parasympathiques.,Pneumothorax,Incorrecte. Le pneumothorax est une cause thoracique liée à la pression intrathoracique.,Infarctus du myocarde,Incorrecte. L'infarctus du myocarde est une cause thoracique liée à l'ischémie myocardique.,Pleurite,Incorrecte. La pleurite est une cause thoracique associée à l'inflammation de la couche serosale.,a
626,OIC-233-01-A,"Quelle condition est caractérisée par un défaut de fermeture de la valve pendant la systole, entraînant une régurgitation du sang du ventricule gauche vers l'oreillette gauche?",Cette question évalue la capacité à distinguer les pathologies valvulaires selon leur mécanisme (régurgitation vs sténose) et leur moment de survenue (systole vs diastole). Un piège courant est de confondre les défauts de fermeture systolique et diastolique.,Insuffisance mitrale (IM),Correcte. L'IM est une régurgitation systolique due à un défaut de fermeture de la valve mitrale.,Rétrécissement aortique (RA),"Incorrecte. Le RA est une sténose aortique, non une régurgitation, et ne se produit pas pendant la systole.",Insuffisance aortique (IA),"Incorrecte. L'IA est une régurgitation diastolique, non systolique, causée par un défaut de fermeture de la valve aortique.",Rétrécissement mitral (RM),"Incorrecte. Le RM est une sténose mitrale, non une régurgitation, et se produit pendant la diastole.",a
627,OIC-233-02-B,Quelle est la conséquence principale de l'insuffisance mitrale aiguë?,Cette question évalue la compréhension des conséquences physiopathologiques de l'insuffisance mitrale aiguë. Le piège courant est de confondre les effets aigus et chroniques des différentes valvulopathies.,Œdème aigu pulmonaire (OAP),"Correcte. L'IM aiguë provoque une surcharge brutale de la précharge et des pressions pulmonaires, entraînant un OAP.",Hypertrophie ventriculaire gauche (HVG) concentrique,"Incorrecte. L'HVG concentrique est une adaptation chronique au rétrécissement aortique, non à l'IM aiguë.",Fibrillation auriculaire (FA),"Incorrecte. La FA est une complication tardive de la sténose mitrale, non de l'IM aiguë.",Dilatation de l'oreillette gauche,"Incorrecte. La dilatation de l'oreillette gauche est une conséquence chronique de l'IM, non aiguë.",a
628,OIC-233-04-A,Quelle valvulopathie est associée à un souffle holodiastolique et à un roulement diastolique de Flint?,Cette question évalue la compréhension des signes d'auscultation spécifiques aux valvulopathies. Le piège courant est de confondre les types de souffles (systolique vs diastolique) et leur localisation.,Insuffisance mitrale,"Incorrect. L'insuffisance mitrale présente un souffle holosystolique, pas holodiastolique.",Rétrécissement aortique,"Incorrect. Le rétrécissement aortique est associé à un souffle systolique râpeux, pas holodiastolique.",Rétrécissement mitral,"Incorrect. Le rétrécissement mitral présente un roulement diastolique, mais pas de souffle holodiastolique.",Insuffisance aortique,Correct. L'insuffisance aortique sévère provoque un souffle holodiastolique et un roulement diastolique de Flint.,d
629,OIC-233-05-B,Quel examen complémentaire est principalement indiqué pour évaluer l'intérêt d'une intervention chirurgicale chez une patiente asymptomatique avec une valvulopathie aortique serrée (RA)?,La question évalue la compréhension des indications spécifiques des examens complémentaires dans les valvulopathies. Le piège réside dans la confusion entre les indications des différents examens.,L'électrocardiogramme (ECG) pour détecter l'hypertrophie ventriculaire gauche,"Incorrect. L'ECG est peu spécifique et rarement normal dans les valvulopathies chroniques sévères, mais ne permet pas d'évaluer directement l'intérêt d'une intervention.",La radiographie thoracique pour détecter une surcharge pulmonaire précoce,Incorrect. La radiographie thoracique est peu spécifique et ne permet pas de diagnostiquer précocement les valvulopathies.,L'épreuve d'effort pour évaluer la fonction cardiaque chez une valvulopathie mitrale (IM),Incorrect. L'épreuve d'effort est contre-indiquée dans les valvulopathies symptomatiques et non indiquée pour l'IM asymptomatique.,L'épreuve d'effort pour identifier des critères chirurgicaux chez une valvulopathie aortique serrée (RA) asymptomatique,Correct. L'épreuve d'effort est spécifiquement indiquée pour la RA serrée asymptomatique afin de rechercher des signes justifiant une intervention.,d
630,OIC-233-07-B,Quelle évolution chronique est associée au rétrécissement mitral (RM)?,Cette question évalue la compréhension des évolutions chroniques des valvulopathies. Le piège réside dans la confusion entre les complications des différents types de valvulopathies.,"Insuffisance cardiaque gauche, FA, endocardite, complications thromboemboliques","Correcte. Ces complications sont spécifiques au RM chronique, liées à la surcharge ventriculaire gauche.",Choc cardiogénique et décès aigu en l'absence d'intervention,"Incorrecte. C'est l'évolution aiguë de l'insuffisance aortique (IA) qui présente ce risque, non le RM.",Diminution progressive de la surface aortique avec bon pronostic,"Incorrecte. C'est l'évolution du rétrécissement aortique (RA) asymptomatique, non du RM.",Décompensation cardiaque en cas de grossesse et HTAP fixée,"Incorrecte. Ces complications sont liées au RM chronique, mais cette option mélange des éléments pertinents avec des informations incomplètes.",a
631,OIC-233-08-B,Quelle est la bonne approche chirurgicale pour l'insuffisance aortique?,"Cette question évalue la compréhension des principes du traitement chirurgical spécifique à l'insuffisance aortique, en mettant en évidence la prise en charge des cas d'endocardite.","Remplacement valvulaire aortique par prothèse mécanique, biologique ou homogreffe","Correcte. L'insuffisance aortique nécessite un remplacement valvulaire, avec des options adaptées selon la présence d'endocardite.",Plastie mitrale en première intention,"Incorrecte. La plastie mitrale est indiquée pour l'insuffisance mitrale, pas pour l'insuffisance aortique.",Commissurotomy chirurgicale à cœur fermé,"Incorrecte. La commissurotomy est utilisée pour le rétrécissement mitral, non pour l'insuffisance aortique.",Intervention de Bentall sans remplacement valvulaire,"Incorrecte. L'intervention de Bentall associe toujours le remplacement valvulaire et aortique, ce qui n'est pas mentionné ici.",a
632,OIC-233-09-B,Quel est le traitement percutané principal du rétrécissement aortique?,Cette question évalue la compréhension des traitements percutanés spécifiques aux pathologies valvulaires. Le piège courant est de confondre les indications des différentes procédures.,Implantation d'une bioprothèse aortique par voie percutanée (TAVI),"Correcte. Le TAVI est le traitement percutané standard du rétrécissement aortique, avec une bonne efficacité à long terme.",Valvuloplastie aortique au ballon,"Incorrecte. Bien que pratiquée en urgence, elle présente une forte taux de resténose et est moins utilisée en routine.",Réparation mitrale percutanée (Mitraclip),"Incorrecte. Le Mitraclip est indiqué pour l'insuffisance mitrale, pas pour le rétrécissement aortique.",Commissurotomie percutanée,"Incorrecte. Cette procédure est réservée au rétrécissement mitral rhumatismal, pas au rétrécissement aortique.",a
633,OIC-233-11-B,Quelle est l'indication principale du traitement percutané des valvulopathies?,La question évalue la compréhension des critères d'indication pour le traitement percutané. Le piège courant est de confondre les indications avec les contre-indications chirurgicales.,Patient avec rétrécissement aortique et contre-indication chirurgicale,Correcte. Les contre-indications chirurgicales sont une indication majeure pour le TAVI.,Patient avec insuffisance mitrale fonctionnelle et absence de traitement médical optimisé,"Incorrecte. L'indication du mitraclip est liée à la persistance d'IC malgré le traitement médical, pas à l'absence de traitement.",Patient avec rétrécissement aortique et faible risque chirurgical,Incorrecte. Le faible risque chirurgical est une contre-indication au traitement percutané.,Patient avec insuffisance mitrale organique et FEVG > 30%,"Incorrecte. La FEVG > 30% est une contre-indication au mitraclip, car le risque chirurgical est acceptable.",a
634,OIC-234-02-A,Quelle est la classification de l'insuffisance cardiaque associée aux traitements thérapeutiques principaux?,Cette question évalue la compréhension de la classification de l'insuffisance cardiaque en fonction de la fraction d'éjection ventriculaire gauche (FEVG) et son lien avec les approches thérapeutiques. Le piège réside dans la confusion entre les catégories de FEVG.,Insuffisance cardiaque à fraction d'éjection réduite (FEVG ≤40%),"Correcte. Cette classification correspond aux cas où la contraction myocardique est défaillante, et c'est la forme principalement ciblée par les traitements.",Insuffisance cardiaque systolique ou à fraction d'éjection légèrement réduite (41-49%),"Incorrecte. Bien qu'elle combine des caractéristiques des deux autres types, elle n'est pas la forme principalement traitée par les thérapeutiques standard.",Insuffisance cardiaque diastolique ou à fraction d'éjection préservée (FEVG ≥50%),"Incorrecte. Elle résulte d'une défaillance du remplissage ventriculaire, mais les traitements ciblent principalement les formes avec FEVG réduite.",Insuffisance cardiaque à fraction d'éjection ≥40%,"Incorrecte. Cette option inclut les cas de FEVG préservée et légèrement réduite, mais ne correspond pas à la classification thérapeutique principale.",a
635,OIC-234-03-A,Quelle est la cause principale de l'œdème aigu pulmonaire (OAP) cardiogénique?,Cette question évalue la compréhension de la physiopathologie de l'OAP. Le piège courant est de confondre l'OAP avec d'autres pathologies respiratoires.,Insuffisance cardiaque gauche,"Correcte. L'insuffisance cardiaque gauche entraîne une élévation des pressions ventriculaires gauches, provoquant un transsudat alvéolaire.",Insuffisance cardiaque droite,"Incorrecte. L'insuffisance droite cause des œdèmes périphériques, pas un œdème pulmonaire.",Embolie pulmonaire,Incorrecte. L'embolie pulmonaire augmente la pression pulmonaire mais ne provoque pas un transsudat alvéolaire.,Asthme aigu,"Incorrecte. L'asthme affecte les voies respiratoires, pas les pressions ventriculaires.",a
636,OIC-234-04-A,Quelle est la définition correcte du choc cardiogénique?,Cette question évalue la compréhension de la définition du choc cardiogénique. Le piège courant est de confondre ce type de choc avec d'autres (ex. choc septique ou hypovolémique).,Défaillance aiguë et sévère de la fonction cardiaque entraînant une altération profonde de la perfusion périphérique et une anoxie tissulaire,Correcte. C'est la définition exacte du choc cardiogénique selon le contenu éducatif.,Choc causé par une infection systémique,"Incorrecte. C'est la définition du choc septique, non du choc cardiogénique.",Choc lié à une perte de volume sanguin,"Incorrecte. C'est la définition du choc hypovolémique, non du choc cardiogénique.",Défaillance cardiaque due à une arythmie bradyarythmique,"Incorrecte. Bien que l'arythmie puisse être une cause, la définition principale du choc cardiogénique est une défaillance aiguë de la pompe cardiaque.",a
637,OIC-234-05-B,Quelle est la cause la plus fréquente d'une insuffisance cardiaque droite?,Cette question évalue la compréhension de la relation entre l'insuffisance cardiaque gauche et droite. Un piège courant est de confondre la cause directe (atteinte du ventricule droit) avec la cause secondaire (hypertension pulmonaire liée à l'IC gauche).,Une atteinte intrinsèque du ventricule droit,"Incorrect. Bien que possible, c'est une cause rare. L'IC droite est majoritairement secondaire à une IC gauche.",Une hypertension pulmonaire précapillaire,"Incorrect. L'hypertension pulmonaire est une conséquence de l'IC gauche, non la cause principale de l'IC droite.",Une hypertension veineuse systémique,"Incorrect. L'hypertension veineuse systémique est une conséquence de l'IC droite, pas sa cause principale.",Une insuffisance cardiaque gauche,"Correct. L'IC gauche provoque une hypertension pulmonaire, qui entraîne une surcharge de la pompe droite, causant l'IC droite.",d
638,OIC-234-06-B,Quelle est la principale différence entre l'œdème lésionnel et l'œdème pulmonaire cardiogénique?,Cette question évalue la compréhension des mécanismes physiopathologiques de chaque type d'œdème. Le piège courant est de confondre les causes (altération membranaire vs. pression capillaire) et les conséquences (ARDS vs. hypoxémie).,"L'œdème lésionnel est lié à une altération de la membrane alvéolo-capillaire avec une forte teneur en protides, tandis que l'œdème cardiogénique est dû à une hyperpression capillaire avec une teneur en protides plus faible.",Correcte. Elle distingue clairement les causes (altération membranaire vs. pression capillaire) et les caractéristiques des liquides (protides élevés vs. faibles).,"L'œdème lésionnel est causé par une hyperpression capillaire, tandis que l'œdème cardiogénique résulte d'une altération membranaire avec une teneur en protides faible.","Incorrecte. Inverse les causes et les teneurs en protides. L'œdème cardiogénique est lié à la pression capillaire, non à l'altération membranaire.","L'œdème lésionnel provoque une hypoxémie sévère, tandis que l'œdème cardiogénique est associé à une fibrose interstitielle.","Incorrecte. L'œdème lésionnel est lié à l'ARDS (fibrose interstitielle), et l'œdème cardiogénique est associé à l'hypoxémie. Cette option mélange les conséquences.","L'œdème lésionnel se caractérise par une pression capillaire pulmonaire supérieure à 25 mmHg, tandis que l'œdème cardiogénique a une pression capillaire normale.","Incorrecte. L'œdème cardiogénique est lié à une pression capillaire pulmonaire supérieure à 25 mmHg, contrairement à l'œdème lésionnel où la pression capillaire est normale ou basse.",a
639,OIC-234-08-B,Quelle est la valeur seuil de la fraction d'éjection ventriculaire gauche (FEVG) pour définir une insuffisance cardiaque à FEVG diminuée?,Cette question évalue la compréhension des seuils de la FEVG pour classer les types d'insuffisance cardiaque. Un piège courant est de confondre les seuils de FEVG diminuée et conservée.,FEVG ≤ 40%,"Correcte. La FEVG ≤ 40% correspond à une insuffisance cardiaque à FEVG diminuée, selon la description.",FEVG ≥ 50%,"Incorrecte. Cette valeur correspond à une insuffisance cardiaque à FEVG conservée, non diminuée.",FEVG entre 41 et 49%,"Incorrecte. Cette plage correspond à une insuffisance cardiaque à FEVG modérément altérée, non diminuée.",FEVG ≥ 45%,"Incorrecte. Cette valeur est supérieure au seuil de 50% pour la FEVG conservée, mais ne définit pas la FEVG diminuée.",a
640,OIC-234-10-B,Quel examen est considéré comme le référentiel dans le bilan d'une insuffisance cardiaque?,La question évalue la compréhension de l'importance de l'échocardiographie transthoracique (ETT) comme examen de référence. Un piège courant est de confondre l'ECG ou la coronarographie avec le référentiel principal.,L'électrocardiogramme (ECG),L'ECG est utile pour orienter l'étiologie mais ne permet pas de confirmer seul le diagnostic d'insuffisance cardiaque.,La mesure du BNP (ou NT-proBNP),"Le BNP est un marqueur biologique, non un examen d'imagerie, et ne remplace pas l'ETT comme examen de référence.",La coronarographie,"La coronarographie est indiquée pour évaluer la coronaropathie, mais elle n'est pas le référentiel principal du bilan d'insuffisance cardiaque.",L'échocardiographie transthoracique (ETT),"L'ETT est l'examen de référence, indispensable pour évaluer la fonction ventriculaire gauche et confirmer le diagnostic d'insuffisance cardiaque.",d
641,OIC-234-15-A,Quelle est la principale caractéristique radiologique observée sur la radiographie thoracique d’un OAP d’origine hémodynamique?,"Cette question évalue la capacité à identifier la principale manifestation radiologique de l’œdème aigu du poumon, un signe clé de l’insuffisance cardiaque. Le piège réside dans la confusion avec d’autres signes secondaires.",Présence d’un aspect en ailes de battement (bat wing) des poumons,"Correcte. L’aspect en ailes de battement est le signe radiologique principal de l’œdème aigu du poumon, lié à l’accumulation de liquide interstitiel et alvéolaire.",Présence de liquide pleural bilatéral,"Incorrecte. Bien que possible, le liquide pleural est un signe secondaire et non le principal de l’œdème aigu du poumon.",Apparition de lignes de Kerley B,"Incorrecte. Les lignes de Kerley B sont des signes secondaires associés à l’œdème interstitiel, mais non spécifiques à l’origine hémodynamique.",Absence de lésion pulmonaire visible,Incorrecte. La radiographie thoracique montre systématiquement des anomalies en cas d’œdème aigu du poumon.,a
642,OIC-234-18-A,Quel est le traitement initial principal prescrit en cas d'œdème pulmonaire aigu cardiogénique?,Cette question évalue la compréhension des priorités du traitement d'urgence. Le piège courant est de confondre les étapes (ex. diurétiques vs nitrates).,Injection de furosémide (diurétique de l'anse),Correcte. Les diurétiques de l'anse sont la première mesure thérapeutique pour réduire le volume sanguin et atténuer l'œdème.,Administration de trinitrine (dérivé nitreux),"Incorrecte. Les dérivés nitrés sont utilisés uniquement si la pression artérielle systolique est > 100 mmHg, non comme traitement initial.",Morphine intraveineuse,"Incorrecte. La morphine est réservée aux cas d'anxiété ou de douleur thoracique non contrôlée, pas comme première mesure.",Anticoagulation avec héparine,"Incorrecte. L'anticoagulation est une mesure de fond ou secondaire, non une priorité immédiate en cas d'œdème aigu.",a
643,OIC-234-21-B,Quelle est la principale cause de mortalité liée à l'insuffisance cardiaque (IC)?,"Cette question évalue la compréhension des complications graves de l'IC, en mettant l'accent sur la cause de décès la plus fréquente. Un piège courant est de confondre l'insuffisance rénale avec la mort subite.",Mort subite secondaire à des troubles du rythme ventriculaire,"Correcte. Les troubles du rythme ventriculaire (TV, FV) sont explicitement mentionnés comme cause majeure de décès dans le contenu.",Insuffisance rénale terminale,"Incorrecte. Bien que liée à l'IC, l'insuffisance rénale est une complication secondaire, pas la principale cause de mortalité.",Décompensations aiguës de l'IC,"Incorrecte. Les décompensations sont des événements graves, mais elles ne sont pas la cause directe de la majorité des décès.",Embolie systémique ou pulmonaire,"Incorrecte. Les embolies sont des complications possibles, mais elles ne représentent pas la principale cause de mortalité.",a
644,OIC-234-23-B,Quel est le traitement inotrope de première intention dans le choc cardiogénique?,Cette question évalue la compréhension des principes du traitement inotrope dans le choc cardiogénique. Le piège courant est de confondre les agents inotropes de première et de deuxième ligne.,Dobutamine,Correcte. La dobutamine est un agoniste bêta-1 utilisé en première intention pour son effet inotrope positif.,Noradrénaline,Incorrecte. La noradrénaline est un agoniste alpha prédominant utilisé en deuxième ligne en cas de vasoplégie.,Lévosimendan,Incorrecte. Le lévosimendan est utilisé chez les patients non sevrés des inotropes et non candidates à une assistance mécanique.,Furosemide,"Incorrecte. Le furosemide est un diurétique utilisé pour la surcharge hydro-électrolytique, pas comme traitement inotrope principal.",a
645,OIC-235-02-A,Quelle combinaison de signes est nécessaire pour confirmer le diagnostic de péricardite aiguë?,Cette question évalue la compréhension des critères diagnostiques. Un piège courant est de confondre les signes fonctionnels avec les critères essentiels.,Douleur thoracique évocatrice et frottement péricardique,Correcte. Ces deux critères sont parmi les quatre nécessaires pour le diagnostic.,Fièvre modérée et asthénie,Incorrecte. Ces signes généraux ne suffisent pas à confirmer le diagnostic.,Dyspnée et modifications ECG typiques,"Incorrecte. La dyspnée est un signe fonctionnel, mais les modifications ECG sont un critère requis, ce mélange est imprecis.",Epanchement péricardique et toux sèche,"Incorrecte. L'épanchement péricardique est un critère, mais la toux sèche n'en est pas un.",a
646,OIC-235-04-A,Quelle est l'évolution typique du segment ST sur l'ECG dans la péricardite aiguë au cours du premier mois?,Cette question évalue la compréhension de l'évolution temporelle des anomalies ECG dans la péricardite aiguë. Un piège courant est de confondre les stades avec d'autres signes comme l'alternance électrique.,"Sous décalage du segment ST concave vers le haut, diffus, avec ondes T positives","Incorrect. Cela correspond au stade 1 (premier jour), non à l'évolution finale.",Ondes T plates entre la 24e et la 48e heure,"Incorrect. Cela correspond au stade 2 (24-48h), non à la normalisation finale.",Ondes T négatives la première semaine,"Incorrect. Cela correspond au stade 3 (première semaine), non à la normalisation finale.",Normalisation du segment ST au cours du 1er mois,"Correct. Cela correspond au stade 4, qui marque la résolution de l'inflammation.",d
647,OIC-235-05-B,Quelle est la principale raison de réaliser une ponction péricardique dans le diagnostic d'un épanchement péricardique?,"Cette question évalue la compréhension de l'intérêt diagnostique de la ponction péricardique, un piège courant étant de confondre cette procédure avec une mesure thérapeutique.",Pour soulager les symptômes en cas de tamponnade cardiaque,"Incorrect. Cette option décrit une indication thérapeutique, non diagnostique.",Pour identifier l'origine étiologique de l'épanchement,Correct. L'analyse du liquide drainé permet d'apporter des éléments au bilan étiologique.,Pour éliminer le liquide en cas d'épanchement chronique,"Incorrect. Cela correspond à une indication thérapeutique, non diagnostique.",Pour prévenir les complications comme l'insuffisance cardiaque,"Incorrect. Cela relève d'une prévention secondaire, non d'un diagnostic.",b
648,OIC-235-07-A,Quelle est la description correcte des changements ECG typiques d'une péricardite aiguë?,Cette question évalue la compréhension des caractéristiques ECG spécifiques de la péricardite aiguë. Un piège courant est de confondre ces changements avec ceux d'une infarction myocardique.,"Décalage diffus de ST, concave vers le haut, sans miroir ni onde Q","Correcte. Les changements de ST diffus, concaves et sans miroir ni onde Q sont les signes typiques de la péricardite aiguë.","Décalage diffus de ST, convexe vers le bas, avec miroir et onde Q","Incorrecte. Les décalages convexes et les ondes Q sont observés dans les infarctions myocardiques, pas dans la péricardite.","Décalage localisé de ST, convexe vers le haut, sans miroir ni onde Q","Incorrecte. La péricardite aiguë présente des décalages diffus, non localisés, contrairement à cette option.","Décalage diffus de ST, convexe vers le bas, avec miroir et absence d'onde Q","Incorrecte. Les décalages convexes et les miroirs sont associés à d'autres pathologies, pas à la péricardite aiguë.",a
649,OIC-235-09-A,Quelle est l'étiologie la plus fréquente de la péricardite aiguë clinique usuelle?,Cette question évalue la compréhension de l'étiologie principale de la péricardite aiguë. Le piège courant est de confondre l'étiologie virale avec d'autres causes moins fréquentes.,L'étiologie la plus fréquente est virale,Correcte. Le texte indique que 90% des cas sont bénins et correspondant à une étiologie virale.,L'étiologie la plus fréquente est bactérienne,Incorrecte. Le texte précise que la virologie est souvent négative et que les cas bactériens ne sont pas mentionnés comme fréquents.,L'étiologie la plus fréquente est auto-immune,"Incorrecte. Bien que les auto-immuns soient évoqués dans le bilan, ils ne constituent pas l'étiologie principale des formes simples.",L'étiologie la plus fréquente est fongique,Incorrecte. Aucun virus fongique n'est mentionné dans les causes évoquées.,a
650,OIC-235-10-B,"Quelle est la forme de péricardite associée à un tableau de fièvre, de pleurésie et d'arthralgies, et rare de nos jours?",Cette question évalue la distinction entre les formes précoces et tardives de péricardite post-infarctus. Le piège réside dans la confusion entre les symptômes de la péricardite précoce (effusion hémorragique) et ceux du syndrome de Dressler.,Péricardite précoce avec effusion hémorragique,"Incorrect. La péricardite précoce est liée à l'infarctus et présente une effusion hémorragique, pas de fièvre ou de pleurésie.",Péricardite tardive avec murmure cardiaque,"Incorrect. Le syndrome de Dressler ne présente pas de murmure cardiaque, mais des signes inflammatoires comme la fièvre et les arthralgies.",Péricardite précoce due à une infection virale,"Incorrect. La péricardite précoce est causée par un infarctus transmural, pas par une infection virale.",Syndrome de Dressler avec occurrence rare,Correct. Le syndrome de Dressler est une péricardite tardive associée à des symptômes inflammatoires et est rare de nos jours.,d
651,OIC-235-15-A,Quel est le diagnostic principal évoqué devant la présence de signes droits et un tableau de choc obstructif?,La question évalue la capacité à identifier les signes cliniques spécifiques de la tamponnade péricardique. Le piège réside dans la confusion avec d'autres pathologies cardiaques.,Tamponnade péricardique,"Correcte. La tamponnade péricardique est définie par la compression des cavités cardiaques due à un épanchement, entraînant des signes droits et un tableau de choc.",Infarctus du myocarde aigu,Incorrecte. L'infarctus du myocarde présente des douleurs thoraciques mais pas de signes droits ou de pulsus paradoxal.,Insuffisance cardiaque gauche chronique,Incorrecte. L'insuffisance cardiaque gauche chronique ne provoque pas de choc obstructif ni de signes droits typiques.,Hypertension pulmonaire sévère,Incorrecte. L'hypertension pulmonaire se manifeste par des signes respiratoires mais pas de compression cardiaque ou de pulsus paradoxal.,a
652,OIC-237-01-A,Quelle est la définition correcte des palpitations?,Cette question évalue la compréhension de la définition centrale des palpitations. Le piège courant est de confondre les symptômes spécifiques (comme la tachycardie) avec la définition globale.,"Une sensation de perception anormale de battements cardiaques, normaux ou anormaux, décrite comme « le cœur se débattant » dans la poitrine","Correcte. C'est la définition principale des palpitations, incluant à la fois la perception subjective et les types possibles.",Une sensation que le cœur bat trop fort (palpitation hyperkinétique),"Incorrecte. Cela décrit un sous-type (hyperkinétique), non la définition globale.","Une sensation que le cœur bat trop vite ou irrégulièrement (palpitation rythmique, tachycardie)","Incorrecte. Cela évoque un autre sous-type (rythmique/tachycardie), non la définition complète.",Une sensation ressentie en latéro-cervical le long des axes carotides,"Incorrecte. C'est une localisation possible, mais non la définition des palpitations.",a
653,OIC-237-02-A,Quel est l'élément ECG urgent indiquant un risque d'arrêt cardio-respiratoire?,La question évalue la capacité à identifier les signaux ECG urgents liés aux arythmies ventriculaires. Le piège réside dans la confusion entre tachycardie ventriculaire (urgente) et tachycardie supraventriculaire (non urgente).,Tachycardie régulière à QRS larges avec mauvaise tolérance hémodynamique,Correcte : La tachycardie ventriculaire (QRS larges) avec signes cliniques de gravité est une urgence absolue.,Tachycardie régulière à QRS fins sans signes cliniques,Incorrecte : Les tachycardies supraventriculaires (QRS fins) sans symptômes ne nécessitent pas d'intervention urgente.,Tachycardie régulière à QRS larges sans signes cliniques,"Incorrecte : Bien que le QRS large soit suspect de tachycardie ventriculaire, l'absence de signes cliniques réduit la gravité.",Tachycardie irrégulière à QRS fins avec signes cliniques,Incorrecte : La tachycardie irrégulière (ex. fibrillation auriculaire) ne correspond pas aux critères d'urgence mentionnés.,a
654,OIC-237-03-A,Quel type d'ECG permet d'établir une corrélation électroclinique pour un diagnostic de certitude des palpitations?,La question évalue la compréhension de la distinction entre les deux types d'enregistrement ECG et leur rôle dans le diagnostic. Le piège réside dans la confusion entre les contextes d'utilisation des ECG intercritique et percritique.,ECG percritique,"Correcte. L'ECG percritique est concomitant aux palpitations et permet une corrélation électroclinique, constituant le seul moyen de diagnostic de certitude.",ECG intercritique réalisé en cas de palpitations fréquentes,Incorrecte. L'ECG intercritique est réalisé en dehors des palpitations et ne permet pas une corrélation directe. Les palpitations fréquentes nécessitent un Holter ECG.,Holter ECG pour les palpitations rares,"Incorrecte. Le Holter ECG est utilisé pour les palpitations fréquentes (>1/semaine), tandis que les palpitations rares nécessitent un ECG ambulatoire de longue durée.",ECG intercritique toujours normal,Incorrecte. L'ECG intercritique peut être normal mais peut aussi orienter vers un mécanisme pathologique (ex : pré-excitation ventriculaire).,a
655,OIC-237-05-A,Quelle est la caractéristique ECG spécifique des extrasystoles ventriculaires?,Cette question évalue la capacité à identifier les particularités ECG des extrasystoles ventriculaires. Un piège courant est de confondre les extrasystoles ventriculaires avec les extrasystoles jonctionnelles.,Présence d'une onde P' prématurée,"Incorrect. C'est la caractéristique des extrasystoles atriales, non ventriculaires.",QRS large prématuré sans onde P préalable,"Correct. Les extrasystoles ventriculaires se distinguent par un QRS large et prématuré, sans onde P, en raison de leur origine ventriculaire.",QRS normal avec onde P' cachée dans l'onde T,"Incorrect. C'est la description des extrasystoles jonctionnelles, qui ne sont pas ventriculaires.",Absence d'onde P mais QRS fin,"Incorrect. Cela correspond à des extrasystoles atriales ou jonctionnelles, pas ventriculaires.",b
656,OIC-237-06-A,Quelle est la cause principale de la tachycardie sinusale selon le contenu?,La question évalue la compréhension de la nature principale de la tachycardie sinusale. Le piège courant est de confondre les contextes spécifiques avec la cause principale.,Réactionnelle ou adaptative,"Correcte. Le contenu indique que la tachycardie sinusale est le plus souvent réactionnelle ou adaptative, liée à des contextes physiologiques ou pathologiques.",Due à une arythmie atriale,"Incorrecte. Le contenu ne mentionne pas les arythmies atriales comme cause principale, mais plutôt des contextes adaptatifs.",Liée à une insuffisance cardiaque,"Incorrecte. Bien que l'insuffisance cardiaque soit un contexte possible, elle n'est pas la cause principale de la tachycardie sinusale.",Inappropriée,"Incorrecte. La tachycardie sinusale inappropriée est une exception, non la cause principale.",a
657,OIC-237-07-A,Quelle est la caractéristique clinique principale des tachycardies jonctionnelles?,Cette question évalue la capacité à identifier les signes cliniques distinctifs des tachycardies jonctionnelles. Un piège courant est de confondre les manifestations ECG avec les symptômes cliniques.,"Début et fin brutale, rythme régulier, réponse aux manœuvres vagales",Correcte. Ces éléments correspondent aux caractéristiques cliniques majeures des tachycardies jonctionnelles.,Polyurie post-critique et pré-excitation ventriculaire,"Incorrecte. La polyurie est un effet secondaire, et la pré-excitation est une anomalie ECG non spécifique.",Tachycardie à QRS fins avec onde P’ rétrograde,"Incorrecte. C’est une description ECG, non clinique, et ne correspond pas aux symptômes principaux.",Palpitations associées à une arythmie irrégulière,"Incorrecte. Les tachycardies jonctionnelles sont régulières, contrairement aux arythmies irrégulières comme la fibrillation auriculaire.",a
658,OIC-237-08-B,Quelle est la caractéristique ECG clé permettant d'identifier le syndrome de Wolff-Parkinson-White (WPW)?,Cette question évalue la compréhension des signes ECG spécifiques du WPW. Le piège courant est de confondre les anomalies de conduction avec d'autres troubles rythmiques.,"PR court (<120ms), QRS large et onde delta (δ) au début du QRS","Correcte. La triade classique du WPW inclut un PR court, un QRS large et une onde delta, reflétant la pré-excitation ventriculaire.",QRS large avec bloc de branche de Hanter,"Incorrecte. Le bloc de branche de Hanter présente un QRS large mais pas d'onde delta ni de PR court, et n'est pas lié à une voie accessoire.",Rythme sinusal avec onde P prolongée,"Incorrecte. Une onde P prolongée est associée à des troubles de conduction atriale, pas au WPW, et ne correspond pas aux signes ECG spécifiques.",Fibrillation atriale avec intervalle PR normal,"Incorrecte. La fibrillation atriale montre un rythme irrégulier et un intervalle PR normal, contrairement aux caractéristiques du WPW.",a
659,OIC-237-09-B,Quelle est la condition qui est un diagnostic d'élimination lorsqu'un patient présente des palpitations sans cause cardiaque identifiable et avec des symptômes psychiques?,Cette question évalue la compréhension des critères diagnostiques de la névrose cardiaque. Le piège courant est de confondre cette condition avec des pathologies cardiaques réelles ou des troubles anxieux non spécifiés.,Névrose cardiaque (attaques de panique avec symptômes psychiques),Correcte. La névrose cardiaque est un diagnostic d'élimination lorsqu'il n'y a pas de pathologie cardiaque identifiée et que des symptômes psychiques (dépression/anxiété) sont présents.,Trouble de la conduction cardiaque avec ECG anormal,"Incorrecte. L'ECG est strictement normal dans la névrose cardiaque, contrairement à ce diagnostic.",Trouble anxieux généralisé sans symptômes physiques,"Incorrecte. La névrose cardiaque implique des symptômes physiques (palpitations) associés à des troubles psychiques, pas seulement des symptômes anxieux.",Arrhythmie par bradycardie sinusale,"Incorrecte. L'arrhythmie est une pathologie cardiaque identifiable, contrairement à la névrose cardiaque.",a
660,OIC-239-02-A,Quelle est la caractéristique principale du phénomène de Raynaud (PR) parmi les suivantes?,Cette question évalue la capacité à distinguer les acrosyndromes par leurs manifestations cliniques spécifiques. Le piège réside dans la confusion entre les phases du PR et les symptômes des autres conditions.,"Phases de modification de couleur des extrémités (blanchiment, cyanose, rougeur)",Correcte. Le PR est défini par ces trois phases obligatoires pour le diagnostic.,Crises de douleur brûlante des extrémités avec rougeur et élévation de la température cutanée,"Incorrecte. Cela correspond à l'érythermalgie, non au PR.",Hyperhidrose et coloration cyanotique sans douleur,"Incorrecte. Cela décrit l'acrocyanose, une condition indolore distincte.",Prurit et œdème des extrémités associés au froid humide,"Incorrecte. Cela correspond aux engelures, une manifestation cutanée différente.",a
661,OIC-239-05-B,Quelle est la principale finalité de la manœuvre d'Allen?,Cette question évalue la compréhension de l'objectif principal de la manœuvre d'Allen. Un piège courant est de confondre cette épreuve avec l'évaluation des nerfs ou des veines.,Vérifier la présence d'une obstruction artérielle dans les doigts,"Incorrect. La manœuvre d'Allen ne détecte pas directement les obstructions artérielles, mais évalue la perméabilité des arcades palmaires et des artères digitales.",Évaluer la fonction des nerfs périphériques,Incorrect. Cette épreuve est exclusivement vasculaire et ne teste pas la neurologie.,Mesurer la capacité de retour veineux des mains,"Incorrect. La manœuvre d'Allen se concentre sur la vascularisation artérielle, non sur le retour veineux.",Évaluer la perméabilité des arcades palmaires et des artères digitales,"Correct. La manœuvre d'Allen repose sur l'observation de la recoloration de la main après relâchement d'une artère, ce qui révèle la perméabilité des arcades et des artères digitales.",d
662,OIC-239-06-A,Quelle est la caractéristique principale de la phase syncopale du phénomène de Raynaud?,"Cette question évalue la compréhension des phases du phénomène de Raynaud, en mettant en évidence la séquence de changements colorimétriques. Un piège courant est de confondre l'ordre des phases.","Pallor, cyanose et rougeur progressive",Correcte. La phase syncopale se caractérise par une restriction sanguine sévère entraînant ces trois étapes de changement de couleur.,Rougeur initiale suivie de cyanose,"Incorrecte. Cette séquence correspond à la phase d'ischémie digitale, pas à la phase syncopale.",Pallor persistante sans changement de couleur,Incorrecte. La phase syncopale implique une variation claire des couleurs cutanées.,Rougeur intense avec douleur brûlante,"Incorrecte. Cette description correspond à l'erythromelalgia, un acrosyndrome distinct.",a
663,OIC-239-08-B,Quelle est la principale utilité de la manœuvre d'Allen?,Cette question évalue la compréhension de la fonction de la manœuvre d'Allen dans l'évaluation de la circulation sanguine. Un piège courant est de confondre cette manœuvre avec d'autres tests de circulation ou de nerfs.,Évaluer la patence des artères radiale et ulnaire,Correcte. La manœuvre d'Allen vérifie la circulation sanguine vers la main en bloquant temporairement les deux artères principales.,Tester la fonction nerveuse des doigts,"Incorrecte. Cette manœuvre ne mesure pas la fonction nerveuse, mais la circulation sanguine artérielle.",Diagnostiquer le diabète mellitus,"Incorrecte. Le diabète affecte la microcirculation, mais la manœuvre d'Allen ne permet pas de le diagnostiquer directement.",Évaluer la circulation sanguine des pieds,"Incorrecte. La manœuvre d'Allen est spécifique aux mains, pas aux pieds.",a
664,OIC-239-09-B,Quelle est l'indication majeure de la réalisation d'anticorps anti-nucléaires (AAN) et de la capillaroscopie?,La question évalue la compréhension des indications spécifiques pour ces examens dans le cadre des acrosyndromes. Le piège courant est de confondre les PR primaires et secondaires.,"En cas de PR secondaire suspecté, ou d'apparition récente ou d'aggravation récente","Correcte. Ces examens sont essentiels pour différencier les PR primaires et secondaires, notamment en cas de suspicion de maladie systémique.",En cas de PR primaire confirmé,"Incorrecte. Les PR primaires ne nécessitent généralement pas ces examens, car ils sont d'origine vasculaire et non auto-immune.",En cas d'absence de symptômes,"Incorrecte. Ces examens sont indiqués en cas de symptômes cliniques, pas en l'absence de manifestations.",En cas de diabète ou d'hypertension,Incorrecte. Ces pathologies ne sont pas directement liées à la nécessité de ces examens dans le cadre des acrosyndromes.,a
665,OIC-242-02-B,Quelle est la prévalence et la répartition sexuelle de l'hyperthyroïdie selon les données épidémiologiques?,Cette question évalue la compréhension des données épidémiologiques clés (prévalence et sexe-ratio). Un piège courant est de confondre la répartition sexuelle ou de surestimer la prévalence.,"0,2 à 1,9 % de prévalence, avec un sexe-ratio de 7 femmes pour 1 homme",Correcte : correspond exactement aux données fournies (prévalence et sexe-ratio).,"2 à 3 % de prévalence, avec un sexe-ratio de 1 femme pour 7 hommes",Incorrecte : la prévalence est surestimée et le sexe-ratio est inversé.,"1 à 2 % de prévalence, avec un sexe-ratio de 1 homme pour 7 femmes",Incorrecte : le sexe-ratio est inversé et la prévalence est légèrement surestimée.,"0,5 à 2 % de prévalence, sans précision sur la répartition sexuelle",Incorrecte : elle omet la donnée essentielle du sexe-ratio.,a
666,OIC-242-03-A,Quel est le signe clinique spécifique à la maladie de Basedow (hyperthyroïdie graves) parmi les suivants?,Cette question évalue la capacité à distinguer les signes spécifiques de la maladie de Basedow des symptômes généraux de l'hyperthyroïdie. Un piège courant est de confondre les signes ophtalmologiques avec les manifestations cardiovasculaires ou métaboliques.,Perte de poids et thermophobie,Ces symptômes sont courants dans l'hyperthyroïdie mais ne sont pas spécifiques à la maladie de Basedow.,Tachycardie et troubles du sommeil,Ces signes sont associés à la thyrotoxicose mais ne distinguent pas la maladie de Basedow des autres formes d'hyperthyroïdie.,Fatigue musculaire et diarrhée,Ces manifestations sont observées dans diverses formes d'hyperthyroïdie et ne sont pas exclusives à la maladie de Basedow.,Exophtalmie et rétraction de la paupière,Ces signes ophtalmologiques sont spécifiques à la maladie de Basedow et ne sont pas présents dans les autres formes d'hyperthyroïdie.,d
667,OIC-242-04-A,Quelle est la description correcte d'une crise aiguë thyrotoxique?,La question évalue la capacité à identifier les signes cliniques spécifiques d'une urgence thyrotoxique. Le piège réside dans la confusion avec les symptômes généraux de l'hyperthyroïdie.,"Fièvre, déshydratation, troubles cardiovasculaires et neuropsychiques","Correcte. Ces symptômes correspondent aux manifestations évocatrices d'une crise aiguë thyrotoxique, comme indiqué dans le contenu.","Perte de poids, fatigue et troubles digestifs","Incorrecte. Ces symptômes sont typiques de l'hyperthyroïdie chronique, non de la crise aiguë.","Hypothermie, bradycardie et constipation","Incorrecte. Ces signes correspondent à une hypothyroïdie, pas à une thyrotoxicose aiguë.","Toux, douleurs thoraciques et éruption cutanée","Incorrecte. Ces symptômes sont associés à d'autres pathologies (ex. angine de poitrine, allergie), pas à une crise thyrotoxique.",a
668,OIC-242-05-B,Quelle est la complication la plus grave de l'ophtalmopathie dysthyroïdienne?,Cette question évalue la compréhension des gravités des complications associées à l'ophtalmopathie dysthyroïdienne. Le piège réside dans la confusion entre les symptômes et les complications graves.,Neuropathie optique compressive,Correcte. La neuropathie optique compressive est une complication extrêmement grave pouvant entraîner une perte visuelle irréversible.,Kératite d'exposition,"Incorrecte. Bien qu'une complication, la kératite d'exposition est une atteinte cornéenne secondaire à l'exophtalmie, moins grave que la neuropathie optique.",Diplopie,"Incorrecte. La diplopie est un symptôme lié à l'atteinte musculaire, non une complication spécifique à l'ophtalmopathie dysthyroïdienne.",Inocclusion palpébrale,"Incorrecte. L'inocclusion palpébrale est une manifestation locale de l'exophtalmie, pas une complication grave.",a
669,OIC-242-09-A,Quelles sont les trois étiologies les plus fréquentes d’hyperthyroïdie?,Cette question évalue la compréhension des causes principales de l’hyperthyroïdie. Un piège courant est de confondre le goitre multinodulaire toxique et le goitre nodulaire non toxique.,"La maladie de Basedow, le goitre multinodulaire toxique, l’adénome toxique",Correcte. Ces trois causes sont explicitement mentionnées comme les plus fréquentes dans le contenu.,"La maladie de Basedow, la thyroidite, le goitre nodulaire non toxique","Incorrecte. La thyroidite est une cause moins fréquente, et le goitre nodulaire non toxique n’est pas associé à une hyperthyroïdie.","La maladie de Basedow, le goitre multinodulaire non toxique, l’adénome toxique","Incorrecte. Le goitre multinodulaire non toxique ne provoque pas d’hyperthyroïdie, contrairement à la version toxique.","La maladie de Basedow, la thyroidite, le cancer thyroïdien",Incorrecte. Le cancer thyroïdien est une cause rare et non classée comme principale dans le contenu.,a
670,OIC-242-10-A,Quelle est la combinaison clinique principale évoquant le diagnostic de maladie de Basedow selon le consensus SFE 2016?,Cette question évalue la compréhension des critères diagnostiques principaux. Le piège courant est de confondre les tests complémentaires avec les critères cliniques initiaux.,Hyperthyroidie avec orbitopathie,Correcte : Le consensus SFE 2016 évoque explicitement cette association comme critère principal.,Dosage positif des anticorps anti-récepteurs de la TSH,"Incorrecte : Ce test est utilisé en absence d'orbitopathie, non comme critère principal.",Scintigraphie thyroïdienne montrant une hyperfixation diffuse,"Incorrecte : La scintigraphie est une 2ᵉ intention, non un critère clinique principal.",Échographie-doppler thyroïdienne hypoéchogène,"Incorrecte : L'échographie est un complément, non un critère diagnostique principal.",a
671,OIC-242-11-A,Quelle est la scintigraphie typique d’un goitre multinodulaire toxique?,Cette question évalue la compréhension des critères diagnostiques spécifiques à la scintigraphie dans le cas d’un goitre multinodulaire toxique. Un piège courant est de confondre les résultats d’un adénome toxique (plage unique hyperfixante) avec ceux d’un goitre multinodulaire.,Alternance de plages de fixation chaudes et froides (damier),"Correcte. Les nodules multiples toxiques présentent une alternance de plages chaudes (hypersécrétion) et froides (hypofonction), typique du goitre multinodulaire toxique.",Plage unique hyperfixante avec extinction du parenchyme sain,"Incorrecte. Cela correspond à un adénome toxique (nodule unique), non à un goitre multinodulaire.",Plage unique hypofixante avec hyperfixation du parenchyme sain,Incorrecte. Une hypofixation unique n’est pas un critère diagnostique d’un nodule hypersecrétant.,Scintigraphie normale sans anomalies,Incorrecte. La scintigraphie doit montrer des anomalies (plages chaudes/froides) pour confirmer la suractivité thyroïdienne.,a
672,OIC-242-12-B,Quel critère permet de distinguer l'hyperthyroïdie de type I de celle de type II induite par l'amiodarone?,La question évalue la compréhension des mécanismes d'induction de l'hyperthyroïdie iatrogène. Le piège réside dans la confusion entre les causes de la thyrotoxicose (ex. : Graves vs. amiodarone).,La présence d'une pathologie thyroïdienne préexistante,"Correcte. L'hyperthyroïdie de type I est liée à une pathologie thyroïdienne préexistante, tandis que le type II survient sans pathologie thyroïdienne préexistante.",Une concentration de TSH normale,"Incorrecte. La TSH est normale dans les deux formes d'hyperthyroïdie induite par l'amiodarone, ce qui n'est pas un critère discriminant.",Une saturation en iode de courte durée,"Incorrecte. La saturation en iode est prolongée (9 à 12 mois) chez les patients traités par l'amiodarone, pas de courte durée.",Une thyroïdite auto-immune,"Incorrecte. La thyroïdite auto-immune est associée à la Graves' disease, pas à l'hyperthyroïdie iatrogène par amiodarone.",a
673,OIC-245-01-A,Quelle est la caractéristique principale de l'insuffisance surrénale primaire?,Cette question évalue la compréhension des deux types d'insuffisance surrénale (primaire vs centrale) et leur origine. Le piège courant est de confondre la cause (atteinte des glandes vs hypophyse).,"Déficit en cortisol, aldostérone et androgènes surrénaliens","Correcte. L'insuffisance primaire implique une atteinte des deux glandes surrénales, entraînant un déficit en toutes ces hormones.",Déficit en ACTH hypophysaire,"Incorrecte. Ce déficit est lié à l'insuffisance surrénale centrale, non primaire.",Déficit aigu en hormone(s) sans cause identifiée,"Incorrecte. Ce désignation correspond à l'insuffisance aiguë, non à un type spécifique de pathologie.",Déficit chronique en hormone(s) lié à une infection,"Incorrecte. L'insuffisance lente est un type d'insuffisance, non une cause spécifique de l'insuffisance primaire.",a
674,OIC-245-04-A,Quelle est la différence biologique clé entre l'insuffisance corticotrope et l'insuffisance surrénale primaire?,La question évalue la capacité à distinguer les manifestations biologiques spécifiques de l'insuffisance corticotrope. Le piège réside dans la confusion avec les signes de l'insuffisance surrénale primaire.,Hyponatrémie sans hyperkaliémie,Correcte. L'insuffisance corticotrope ne présente pas d'hyperkaliémie contrairement à l'insuffisance surrénale primaire.,Mélanodermie associée à la pâleur,"Incorrecte. La mélanodermie est un signe de l'insuffisance surrénale primaire, pas de l'insuffisance corticotrope.",Hyperkaliémie associée à la déshydratation,Incorrecte. L'hyperkaliémie est absente dans l'insuffisance corticotrope et associée à l'insuffisance surrénale primaire.,Asthénie avec céphalées persistantes,"Incorrecte. L'asthénie est une manifestation possible, mais les céphalées sont liées à d'autres causes comme l'adénome hypophysaire.",a
675,OIC-245-05-A,Quelle est l'interprétation correcte d'une cortisolémie à 8h?,Cette question évalue la compréhension des seuils de cortisolémie pour le diagnostic de l'insuffisance surrénalienne. Un piège courant est de confondre les seuils normaux et pathologiques.,Cortisolémie < 50 ng/ml = insuffisance surrénale,Correcte. Le seuil de <50 ng/ml indique une insuffisance surrénalienne selon les critères énoncés.,Cortisolémie > 180 ng/ml = insuffisance surrénale,"Incorrecte. Une cortisolémie >180 ng/ml signifie un cortisol normal, éliminant l'insuffisance surrénalienne.",Cortisolémie entre 50 et 180 ng/ml = insuffisance surrénale,"Incorrecte. Cette plage nécessite un test de stimulation, mais ne confirme pas directement l'insuffisance surrénale.",Cortisolémie entre 50 et 180 ng/ml = normal,"Incorrecte. Cette plage n'est pas considérée comme normale, mais comme une zone intermédiaire nécessitant un test complémentaire.",a
676,OIC-245-07-A,Quel est le critère principal pour conclure à une insuffisance surrénale après un test au synacthène?,La question évalue la compréhension des seuils de cortisolémie post-test. Le piège réside dans la confusion entre les seuils de réponse normale et d'insuffisance.,Cortisolémie < 180 ng/ml (500 nmol/l) après le test,"Correcte. Un pic de cortisol inférieur à 180 ng/ml indique une absence de réponse, confirmant l'insuffisance surrénale.",Cortisolémie ≥ 180 ng/ml (500 nmol/l) après le test,"Incorrecte. Une réponse normale (≥ 180 ng/ml) élimine l'insuffisance surrénale, sauf en cas d'insuffisance corticotrope récente.",Cortisolémie < 5 ng/ml (138 nmol/l) avant le test,"Incorrecte. Un cortisol bas avant le test permet de diagnostiquer l'insuffisance sans test, mais ne reflète pas la réponse au test.",Cortisolémie > 500 nmol/l après le test,"Incorrecte. Un pic supérieur à 500 nmol/l exclut l'insuffisance surrénale, indiquant une réponse normale au test.",a
677,OIC-245-08-B,Quelle est la principale cause d'insuffisance surrénalienne primaire chez l'adulte?,"Cette question évalue la compréhension des étiologies principales. Le piège réside dans la confusion entre les causes fréquentes (auto-immune) et les causes rares (tuberculose, métastases).",Rétraction corticale auto-immune,Correcte. C'est la cause la plus fréquente (>80% des cas) avec des antécédents auto-immuns et des auto-anticorps spécifiques.,Tuberculose bilatérale des surrénales,"Incorrecte. Elle représente <10% des cas en Europe, surtout chez les personnes immunodéprimées ou originaire de pays endémiques.",Iatrogénie (surrénalectomie ou traitement anti-cortisolique),"Incorrecte. C'est une cause possible mais rare, liée à des interventions médicales précises.",Métastases bilatérales des surrénales,"Incorrecte. Appartient aux lésions bilatérales, mais représente une minorité des cas par rapport à l'auto-immunité.",a
678,OIC-245-11-B,Quel corticoïde a la demi-vie biologique la plus longue selon le tableau?,Cette question évalue la compréhension des caractéristiques pharmacologiques des corticoïdes. Le piège courant est de confondre la demi-vie avec l'activité glucocorticoïde.,Hydrocortisone,"Incorrect. La demi-vie biologique de l'hydrocortisone est de 8-12 heures, la plus courte parmi les options.",Prednisone,"Incorrect. La demi-vie biologique de la prednisone est de 18-36 heures, plus courte que celle de la dexaméthasone.",Prednisolone,Incorrect. La demi-vie biologique de la prednisolone est identique à celle de la prednisone (18-36 heures).,Dexaméthasone,"Correct. La dexaméthasone a une demi-vie biologique de 36-54 heures, la plus longue parmi les options.",d
679,OIC-245-12-A,Quelle est la mesure initiale de prise en charge recommandée en cas d'insuffisance surrénale aiguë?,Cette question évalue la compréhension des premières étapes de la prise en charge d'une urgence. Le piège courant est de confondre la dose initiale avec les mesures de maintenance.,"Administration de 100 mg d'hydrocortisone IV, IM ou SC",Correcte. La dose initiale de 100 mg d'hydrocortisone est essentielle pour stabiliser le patient en urgence.,Administration de 50 mg d'hydrocortisone IV toutes les 6 heures,"Incorrecte. Cette dose correspond à la maintenance après la dose initiale, non à la prise en charge immédiate.",Supplémentation en potassium pour corriger l'hyperkaliémie,"Incorrecte. L'hyperkaliémie est un risque, mais la supplémentation en potassium est à éviter en cas d'insuffisance surrénale aiguë.",Administration de glucose 5% pour compenser l'hypoglycémie,"Incorrecte. Bien que le glucose soit utilisé, il s'agit d'une mesure secondaire après la prise en charge hormonale immédiate.",a
680,OIC-245-13-B,Quelle est l'essence de l'éducation thérapeutique pour un patient avec insuffisance surrénalienne chronique?,Cette question évalue la compréhension des éléments clés de la prise en charge. Le piège courant est de confondre les recommandations de régime alimentaire avec les traitements essentiels.,"Utiliser un glucocorticoïde (hydrocortisone) et un minéralocorticoïde (fludrocortisone) en cas de besoin, avec une carte d'urgence","Correcte. Cela résume les traitements substitutifs et la préparation d'urgence, qui sont des bases essentielles.",Privilégier un régime hyposodé et éviter les laxatifs,"Incorrecte. Le régime est normosodé, et les laxatifs sont proscrits, mais cette option mélange des éléments corrects et incorrects de manière confuse.",Ne pas avoir de médicaments d'urgence sur soi,Incorrecte. La possession d'une carte d'urgence et de médicaments injectables est obligatoire pour prévenir les décompensations.,Administrer des diurétiques pour réguler la pression artérielle,Incorrecte. Les diurétiques sont proscrits car ils aggravent l'insuffisance surrénalienne.,a
681,OIC-245-15-A,Quelle est la démarche correcte en cas de suspicion d'insuffisance surrénale aiguë?,La question évalue la compréhension de l'urgence vitale de l'insuffisance surrénale aiguë et de la priorité au traitement immédiat. Un piège courant est de retarder le traitement pour attendre des résultats hormonaux.,"Initier le traitement immédiatement, même sans diagnostic certain","Correcte. Le texte précise que le traitement commence dès l'évoquation du diagnostic, sans attendre les résultats hormonaux.",Attendre les résultats de cortisol et ACTH avant de traiter,"Incorrecte. Les dosages hormonaux ne doivent pas retarder le traitement, qui doit être débuté dès la suspicion.",Utiliser des corticostéroïdes uniquement après confirmation par imagerie,"Incorrecte. L'imagerie n'est pas prioritaire ; le traitement est initié dès la suspicion, indépendamment des examens complémentaires.",Prélever des échantillons sanguins pour analyse complète avant toute intervention,"Incorrecte. Le traitement ne doit pas être retardé pour des prélèvements, même si les dosages hormonaux peuvent être réalisés ultérieurement.",a
682,OIC-245-16-A,Quel est le principal signe clinique de l'insuffisance surrénale chez l'adulte et l'enfant?,Cette question évalue la distinction entre les signes cliniques et biologiques. Le piège réside dans la confusion entre les manifestations cliniques (comme l'hypotension) et les anomalies biologiques (comme l'hyponatrémie).,Hypotension artérielle,Correcte. L'hypotension est un signe clinique majeur lié à la déshydratation et à la décompensation.,Hyponatrémie,"Incorrecte. L'hyponatrémie est une anomalie biologique, non un signe clinique direct.",Hypoglycémie,"Incorrecte. L'hypoglycémie est une complication biologique, non un signe clinique principal.",Hyperkaliémie,"Incorrecte. L'hyperkaliémie est une anomalie biologique liée à la carence en aldostérone, non un signe clinique.",a
683,OIC-245-17-B,Quelle est la démarche correcte lorsqu'on soupçonne une insuffisance surrénale sans diagnostic confirmé?,La question évalue la compréhension des protocoles d'urgence en cas de suspicion d'insuffisance surrénale. Un piège courant est de retarder le traitement en attendant les résultats des analyses.,Commencer le traitement immédiatement après avoir dosé le cortisol et l'ACTH (et la rénine chez l'enfant),Correcte. Le contenu indique de ne pas attendre les résultats pour initier le traitement.,Attendre les résultats des analyses avant de commencer le traitement,Incorrecte. Le texte précise de ne pas retarder le traitement.,Se limiter au dosage de la rénine chez l'enfant,"Incorrecte. Le dosage de la rénine est une étape secondaire, pas la priorité.",Ne pas agir si le diagnostic est connu,"Incorrecte. Cette option est pertinente pour un diagnostic déjà établi, pas pour une suspicion.",a
684,OIC-245-18-B,Quelle est la cause principale de décompensation de l'insuffisance surrénale traitée?,La question évalue la compréhension des deux facteurs clés : les pathologies intercurrentes et l'adaptation insuffisante du traitement. Un piège courant est de négliger l'importance de l'éducation thérapeutique.,Les pathologies intercurrentes et l'absence d'adaptation du traitement par hydrocortisone,Correcte. Elle intègre les deux causes mentionnées dans le contenu éducatif.,Seules les pathologies intercurrentes,Incorrecte. Elle ignore l'importance de l'adaptation du traitement par le patient.,Seulement l'absence d'adaptation du traitement,Incorrecte. Elle néglige les pathologies intercurrentes comme cause majeure.,Les changements de régime alimentaire et le stress,Incorrecte. Ces éléments ne sont pas mentionnés comme causes de décompensation.,a
685,OIC-245-20-B,Quelle est la recommandation correcte pour la gestion de l'insuffisance surrénale primaire pendant une chirurgie majeure?,La question évalue la compréhension des principes d'adaptation pharmacologique en cas de stress. Un piège courant est de confondre la gestion de la fludrocortisone avec celle de l'hydrocortisone.,Tripler la dose habituelle d'hydrocortisone par voie orale (minimum 60 mg/24h en trois ou quatre prises),"Correcte. La dose d'hydrocortisone doit être triplée en cas de chirurgie majeure pour compenser le stress, conformément aux recommandations.",Augmenter la dose de fludrocortisone en cas de stress,"Incorrecte. La fludrocortisone ne doit pas être ajustée en cas d'insuffisance surrénale primaire, contrairement à l'hydrocortisone.",Ne pas modifier le traitement habituel,Incorrecte. Une adaptation pharmacologique est nécessaire en cas de stress (chirurgie) pour prévenir l'insuffisance surrénale aiguë.,Utiliser de la prednisolone à la place de l'hydrocortisone,Incorrecte. La prednisolone n'est pas recommandée pour la prévention de l'insuffisance surrénale aiguë en cas de stress.,a
686,OIC-245-22-B,Quelle est la physiopathologie principale de l'insuffisance surrénale due au bloc en 21 hydroxylase chez l'enfant?,Cette question évalue la compréhension des mécanismes physiopathologiques spécifiques à chaque étiologie de l'insuffisance surrénale. Le piège réside dans la confusion entre les effets des deux pathologies (21-hydroxylase vs adrenoleucodystrophie).,Déficit en cortisol et aldostérone avec accumulation des précurseurs androgéniques,"Correcte. Le bloc enzymatique entraîne un manque de cortisol (insuffisance surrénale) et d'aldostérone (perte de sel), avec accumulation des précurseurs androgéniques (hyperandrogénie).",Accumulation d'acides gras à très longues chaînes dans les cellules,"Incorrecte. C'est la physiopathologie de l'adrénoleucodystrophie, non du bloc en 21 hydroxylase.",Hyperandrogénie due à un déficit en aldostérone,"Incorrecte. L'hyperandrogénie provient de l'accumulation des précurseurs androgéniques, non directement du déficit en aldostérone.",Déshydratation liée à un déficit en cortisol,"Incorrecte. La déshydratation est une conséquence du déficit en aldostérone, mais la question demande la physiopathologie principale (déficit en deux hormones).",a
687,OIC-245-23-A,Quel est le tableau clinique principal de l'insuffisance surrénale primitive chez la petite fille dans les formes classiques?,Cette question évalue la capacité à identifier les signes cliniques spécifiques de l'insuffisance surrénale primitive chez l'enfant. Le piège réside dans la confusion entre les symptômes généraux et les signes caractéristiques.,Anomalie des organes génitaux externes (hypertrophie clitoridienne sans testicule),Correcte. C'est le signe clinique spécifique et le plus marquant de la forme classique chez la petite fille.,Hypotonia et convulsions liées à l'hypoglycémie,Incorrecte. Ces symptômes sont présents chez les deux sexes mais ne sont pas spécifiques à la forme classique chez la fille.,Ictère cholestatique persistant,"Incorrecte. L'ictère est un symptôme secondaire, non discriminant pour le diagnostic de la forme classique.",Dépistage néonatal par dosage de la 17-hydroxyprogestérone,"Incorrecte. Ce test est un outil diagnostique, pas un tableau clinique.",a
688,OIC-245-25-B,Quelle est la cause principale d'insuffisance surrénale chez le nouveau-né et le nourrisson?,Cette question évalue la compréhension de l'étiologie principale de l'insuffisance surrénale chez les jeunes enfants. Le piège courant est de confondre la cause génétique la plus fréquente avec d'autres pathologies moins courantes.,Déficit en 21-hydroxylase (hyperplasie congénitale des surrénales),"Correcte. Le déficit en 21-hydroxylase est la cause génétique la plus fréquente, représentant plus de 90 % des cas d'insuffisance surrénale chez les nourrissons.",Adrénoleucodystrophie (maladie liée à l'X),"Incorrecte. Bien que mentionnée comme deuxième cause, l'adrénoleucodystrophie est une maladie rare liée à l'X, touchant principalement les garçons, et non la cause principale.",Déficit en 11-hydroxylase,"Incorrecte. Le déficit en 11-hydroxylase est une cause rare de l'insuffisance surrénale, mais moins fréquente que le déficit en 21-hydroxylase.",Infection virale des surrénales,"Incorrecte. Les infections virales ne sont pas une cause majeure de l'insuffisance surrénale congénitale, contrairement aux anomalies génétiques.",a
689,OIC-247-02-A,Quelle affirmation correspond aux caractéristiques du diabète de type 1?,Cette question évalue la capacité à distinguer les caractéristiques du diabète de type 1 par rapport aux autres types. Un piège courant est de confondre les symptômes avec ceux du diabète de type 2.,"Début rapide, hyperglycémie au diagnostic > 3 g/L, cétose souvent présente","Correcte. Ces caractéristiques correspondent au diabète de type 1 (début aigu, hyperglycémie élevée, cétose fréquente).","Survenue après 35 ans, absence de cétose, complications cardiovasculaires au diagnostic","Incorrecte. Ces éléments décrivent le diabète de type 2, non le type 1.","Absence de cétose, diagnostic souvent fait après 35 ans, obésité fréquente","Incorrecte. L'absence de cétose et l'obésité sont des signes du diabète de type 2, pas du type 1.","Cause principale de mortalité : maladies cardiovasculaires, diagnostic lent","Incorrecte. Ces éléments correspondent au diabète de type 2, dont les complications cardiovasculaires sont la principale cause de mortalité.",a
690,OIC-247-04-A,Quelle est la population cible du dépistage du diabète de type 2 (DT2)?,Cette question évalue la compréhension des populations à risque pour le dépistage du DT2. Un piège courant est de confondre les critères de diagnostic (glycémie ou HbA1c) avec les populations ciblées.,"Patients asymptomatiques âgés de plus de 45 ans, patients avec FDR, et personnes présentant des facteurs de risque comme le syndrome métabolique","Correcte. Cela correspond aux populations ciblées mentionnées dans le contenu : âgés de plus de 45 ans, FDR, et facteurs de risque.","Enfants de moins de 10 ans, patients asymptomatiques âgés de moins de 45 ans, et personnes avec antécédents familiaux de diabète de type 1","Incorrecte. Les enfants ne sont pas ciblés pour le dépistage du DT2, et le diabète de type 1 n'est pas lié aux mêmes critères de dépistage.","Patients avec HbA1c >6,5% et symptômes, personnes sédentaires, et individus vivant en milieu urbain","Incorrecte. L'HbA1c est un critère diagnostique non consensuel, pas un critère de dépistage. La résidence urbaine n'est pas mentionnée comme facteur de risque.","Patients asymptomatiques âgés de moins de 45 ans, personnes sans antécédents familiaux, et individus avec antécédents de grossesse normale",Incorrecte. Les personnes âgées de moins de 45 ans et sans antécédents familiaux ne sont pas prioritaires pour le dépistage du DT2.,a
691,OIC-247-05-B,Quelle est la définition correcte du diabète prégestationnel?,"La question évalue la distinction entre le diabète prégestationnel et le diabète gestationnel, en mettant l'accent sur le moment de diagnostic. Un piège courant est de confondre les deux types.",Un diabète diagnostiqué avant la grossesse,"Correcte. Le diabète prégestationnel est par définition présent avant la grossesse, y compris les types 1 et 2.",Un diabète diagnostiqué pendant la grossesse,"Incorrecte. Cela correspond au diabète gestationnel, non au prégestationnel.",Un diabète de type 1 seulement,"Incorrecte. Le diabète prégestationnel inclut à la fois les types 1 et 2, pas uniquement le type 1.",Un diabète lié à la grossesse,"Incorrecte. Le diabète lié à la grossesse est le diabète gestationnel, diagnostiqué pendant la grossesse.",a
692,OIC-247-08-B,Quel est le mécanisme principal du diabète de type 1?,"Cette question évalue la compréhension du mécanisme fondamental du DT1. Le piège courant est de confondre les facteurs contributifs (génétiques, environnementaux) avec la cause directe.",Destruction auto-immune des cellules bêta pancréatiques,Correcte. La destruction auto-immune des cellules bêta est la cause directe de l'insulinodéficience dans le DT1.,Prédisposition génétique,"Incorrecte. La prédisposition génétique est un facteur de risque, mais non la cause directe de la maladie.",Facteurs environnementaux,"Incorrecte. Les facteurs environnementaux interagissent avec la génétique, mais ne provoquent pas directement la destruction des cellules bêta.",Présence d'autoanticorps comme les anti-GAD,"Incorrecte. Les autoanticorps sont des marqueurs de la réponse auto-immune, non la cause du DT1.",a
693,OIC-247-09-B,Quels sont les deux mécanismes physiopathologiques principaux du diabète de type 2?,Cette question évalue la compréhension des mécanismes centraux du DT2. Le piège courant est de confondre les facteurs environnementaux avec les mécanismes physiopathologiques.,L'insulinorésistance et l'altération des capacités d'insulinosécrétion,Correcte. Ces deux mécanismes sont explicitement mentionnés comme les bases du DT2 dans le contenu.,L'hyperglycémie et la lipotoxicité,"Incorrecte. Ces facteurs contribuent à l'altération de la sécrétion d'insuline, mais ne sont pas les mécanismes principaux.",La sédentarité et l'alimentation excessive,"Incorrecte. Ces facteurs environnementaux favorisent l'insulinorésistance, mais ne constituent pas les mécanismes physiopathologiques eux-mêmes.",Le syndrome métabolique et l'obésité androïde,"Incorrecte. Ces éléments aggravent le risque cardiovasculaire, mais ne sont pas les mécanismes de base du DT2.",a
694,OIC-247-10-B,Quelle gradation du pied diabétique correspond à la présence d'une neuropathie sensitive associée à une artériopathie ou à des déformations du pied?,Cette question évalue la compréhension de la gradation du pied diabétique. Le piège courant est de confondre les critères de chaque niveau de gradation.,Grade 0 : absence de neuropathie sentitive et d'artériopathie,"Incorrect. Ce niveau correspond à l'absence des deux facteurs (neuropathie et artériopathie), pas à leur association.",Grade 1 : présence d'une neuropathie sensitive isolée,"Incorrect. Ce niveau ne mentionne pas d'artériopathie ou de déformations, contrairement à la question.",Grade 2 : association de la neuropathie à l'artériopathie ou aux déformations des pieds/orteils,Correct. Ce niveau correspond exactement à la description de la question.,Grade 3 : antécédents d'ulcération ou d'amputation,"Incorrect. Ce niveau concerne des complications antérieures, pas la présence de neuropathie et d'artériopathie.",c
695,OIC-247-11-B,Quelle est la fréquence de surveillance recommandée pour la rétinopathie diabétique non proliférante (RDNP) sévère?,Cette question évalue la compréhension des rythmes de surveillance selon la gravité de la rétinopathie diabétique. Un piège courant est de confondre les intervalles de suivi entre les différents stades.,1 à 2 ans,"Incorrect. C'est la fréquence pour la RDNP minime, pas pour la RDNP sévère.",Annuel,"Incorrect. C'est la fréquence pour la RDNP modérée, pas pour la RDNP sévère.",3 mois,"Incorrect. C'est la fréquence pour la rétinopathie diabétique proliférante (RDP), pas pour la RDNP sévère.",3 à 4 mois,Correct. La RDNP sévère nécessite un suivi plus fréquent (3 à 4 mois) en raison du risque accru de progression.,d
696,OIC-247-14-B,Quel examen est systématiquement réalisé annuellement pour évaluer la coronaropathie chez les patients diabétiques?,"Cette question évalue la compréhension des méthodes d'évaluation des complications macrovasculaires, en mettant l'accent sur la régularité des examens recommandés.",Électrocardiogramme (ECG) de repos,Correcte. L'ECG est mentionné comme examen systématique annuel pour détecter les anomalies coronariennes.,Test d'effort pour détecter l'ischémie myocardique,"Incorrecte. Le test d'effort est proposé comme option, mais non systématique, et moins prioritaire que l'ECG.",Échographie Doppler des artères des membres inférieurs,"Incorrecte. Cette méthode est spécifique aux artériopathies des membres inférieurs, non à la coronaropathie.",Analyse de sang pour mesurer les lipides,Incorrecte. L'analyse de sang n'est pas explicitement mentionnée comme examen principal pour la coronaropathie.,a
697,OIC-247-15-A,Quelle est la classification du risque cardiovasculaire selon le seuil de probabilité d'événement en 10 ans?,La question évalue la compréhension des seuils de risque cardiovasculaire. Un piège courant est de confondre les catégories de risque (ex. : 10-20 % comme risque majeur).,Un risque supérieur à 20 % est considéré comme important,Correcte. Le texte indique clairement que les risques >20 % sont classés comme importants.,Un risque entre 10 et 20 % est considéré comme majeur,"Incorrecte. Le texte précise que les risques >30 % sont classés comme majeurs, pas les 10-20 %.",Un risque voisin de 10 % est considéré comme majeur,"Incorrecte. Le texte définit le risque voisin de 10 % comme faible, pas majeur.",Un risque supérieur à 30 % est considéré comme intermédiaire,"Incorrecte. Le texte indique que les risques >30 % sont classés comme majeurs, pas intermédiaires.",a
698,OIC-247-17-A,Quelle complication métabolique aiguë est associée aux douleurs abdominales et nausées chez un patient diabétique?,Cette question évalue la capacité à relier les symptômes cliniques à la complication métabolique appropriée. Un piège courant est de confondre la cétose avec l'hyperglycémie ou l'hypoglycémie.,Hyperglycémie,"Incorrect. L'hyperglycémie est liée à la polyurie, la déshydratation et non aux douleurs abdominales.",Cétose,Correct. Les douleurs abdominales et les nausées sont des signes typiques de l'acidocétose.,Hypoglycémie,"Incorrect. L'hypoglycémie se manifeste par des signes adrénergiques (sueurs, tachycardie) et non par des douleurs abdominales.",Coma hyperosmolaire,"Incorrect. Le coma hyperosmolaire est lié à une hyperglycémie extrême et une déshydratation sévère, pas aux douleurs abdominales.",b
699,OIC-247-18-A,Quelle est la cause la plus fréquente de mortalité chez l’enfant diabétique de type 1?,"Cette question évalue la compréhension de la gravité des complications du diabète sucré de type 1. Le piège réside dans la confusion entre les différents types d’urgence (hypoglycémie, acido-cétose, coma hyperosmolaire).",Acidocétose,Correcte. L’acidocétose est explicitement mentionnée comme la cause la plus fréquente de mortalité dans le contenu éducatif.,Hypoglycémie,"Incorrecte. Bien que grave, l’hypoglycémie est une urgence mais non la cause la plus fréquente de mortalité selon le texte.",Coma hyperosmolaire,"Incorrecte. Le coma hyperosmolaire est une complication possible, mais le texte ne l’identifie pas comme la principale cause de mortalité.",Infection,"Incorrecte. Les infections sont des facteurs déclenchants, mais non la cause directe la plus fréquente de mortalité dans le contexte du diabète de type 1.",a
700,OIC-247-19-A,Quel examen est réalisé en urgence à visée diagnostique devant une suspicion de déséquilibre hyperglycémique?,Cette question évalue la capacité à distinguer les examens diagnostiques des examens étiologiques. Le piège courant est de confondre les examens de diagnostic (ex : cétonémie) avec ceux de recherche de causes (ex : hémoculture).,Cétonémie capillaire,"Correcte. La cétonémie capillaire est un examen diagnostique clé pour identifier la présence de cétoses, un signe majeur de déséquilibre hyperglycémique.",Électrocardiogramme (ECG),"Incorrecte. L'ECG est un examen étiologique visant à rechercher des complications cardiaques, non un examen diagnostique direct du déséquilibre hyperglycémique.",Hémoculture,"Incorrecte. L'hémoculture est un examen étiologique pour identifier une infection, une cause potentielle de l'hyperglycémie, mais non un examen diagnostique principal.",pH veineux,"Incorrecte. Le pH veineux est un examen diagnostique secondaire (pour évaluer l'acidose), mais non le premier examen à réaliser en urgence.",a
701,OIC-247-20-A,Quel est l'objectif principal de l'insulinothérapie intensifiée dans le diabète de type 1?,"Cette question évalue la compréhension des objectifs thérapeutiques de l'insulinothérapie intensifiée, en mettant en évidence le compromis entre contrôle glycémique et prévention des complications.",Réduire l'hémoglobine glyquée et prévenir les complications micro- et macroangiopathiques,Correcte. L'insulinothérapie intensifiée vise à améliorer le contrôle glycémique et à réduire les risques de complications à long terme.,Éliminer totalement les hypoglycémies sévères,"Incorrecte. L'insulinothérapie intensifiée augmente le risque d'hypoglycémie, mais ne l'élimine pas.",Normaliser les taux glycémiques à jeun sans tenir compte de la qualité de vie,Incorrecte. Les objectifs glycémiques doivent être personnalisés et équilibrés avec la qualité de vie du patient.,Assurer une éducation thérapeutique complète pour l'autogestion du diabète,"Incorrecte. Bien que l'éducation thérapeutique soit essentielle, elle n'est pas l'objectif principal de l'insulinothérapie intensifiée.",a
702,OIC-247-24-A,Quel traitement antidiabétique oral est strictement contre-indiqué en cas d'insuffisance rénale terminale (DFG <30 ml/min)?,Cette question évalue la compréhension des contre-indications spécifiques des traitements antidiabétiques. Un piège courant est de confondre les ajustements posologiques avec les contre-indications absolues.,La metformine,Correcte. La metformine est formellement contre-indiquée en cas de DFG <30 ml/min en raison de son risque d'acidose lactique.,Les sulfamides hypoglycémiantes,"Incorrecte. Les sulfamides nécessitent un ajustement posologique selon la fonction rénale, mais ne sont pas contre-indiquées en insuffisance rénale terminale.",Les glinides (ex. répaglinide),"Incorrecte. Les glinides ne présentent pas de contre-indication en insuffisance rénale terminale, contrairement aux sulfamides.",Les inhibiteurs SGLT2 (ex. dapagliflozine),"Incorrecte. Les inhibiteurs SGLT2 sont prescrivables jusqu'à un DFG de 25 ml/min, ce qui les rend utilisables dans certaines formes d'insuffisance rénale.",a
703,OIC-247-27-B,Quel est le traitement principal recommandé pour la rétinopathie diabétique en phase sévère selon les soins ophtalmologiques spécialisés?,Cette question évalue la compréhension des principes du traitement spécialisé de la rétinopathie diabétique. Un piège courant est de confondre les soins généraux (ex. contrôle glycémique) avec les interventions ophtalmologiques spécifiques.,Panphotocoagulation rétinienne,Correcte. La panphotocoagulation est recommandée dès le stade de rétinopathie diabétique non proliférante sévère pour fixer la rétine et régresser les néovaisseaux.,Injections intraoculaires de corticoides,"Incorrecte. Les corticoides sont moins indiqués aujourd'hui et utilisés principalement pour des indications spécifiques, non comme traitement principal en phase sévère.",Inhibiteurs du VEGF,"Incorrecte. Les inhibiteurs du VEGF sont réservés aux formes sévères (proliférante, œdème maculaire) et non à toutes les phases sévères de la rétinopathie.",Objectif d'HbA1c < 7 %,Incorrecte. Cet objectif est lié aux soins généraux (équilibre glycémique) et non à l'intervention ophtalmologique spécialisée.,a
704,OIC-247-31-B,Quel est l'objectif principal du suivi multidisciplinaire du diabétique?,Cette question évalue la compréhension des objectifs généraux du suivi transdisciplinaire. Le piège courant est de confondre les objectifs spécifiques (comme la gestion des complications) avec les principes fondamentaux.,"Prévention, dépistage, traitement des complications et contrôle optimal des facteurs de risque cardiovasculaires",Correcte. C'est l'objectif principal évoqué dans le contenu éducatif.,Gestion des infections aiguës et optimisation des doses d'insuline,"Incorrecte. Bien que pertinent, ces aspects relèvent de la gestion quotidienne et non des objectifs principaux du suivi multidisciplinaire.",Coordination des prises en charge avec les spécialistes en gériatrie,"Incorrecte. La coordination est une action spécifique, non un objectif principal du suivi transdisciplinaire.",Surveillance exclusive des taux glycémiques à jeun,"Incorrecte. La surveillance glycémique est un outil, pas un objectif global du suivi multidisciplinaire.",a
705,OIC-254-02-B,Quelle est la prise de poids recommandée pendant la grossesse pour une femme avec un IMC avant la grossesse de 22 kg/m²?,Cette question évalue la compréhension de la relation entre l'IMC initial et la prise de poids recommandée. Un piège courant est de confondre les catégories d'IMC ou d'utiliser la prise de poids moyenne globale (13 kg) au lieu de la plage spécifique.,"12,5 – 18 kg","Incorrect. Cette plage correspond à un IMC < 18,5 kg/m², pas à 22 kg/m².","11,5 – 16 kg","Correct. Cette plage correspond à un IMC entre 18,5 et 25 kg/m², qui inclut la valeur de 22 kg/m².","7 – 11,5 kg","Incorrect. Cette plage correspond à un IMC entre 25 et 30 kg/m², pas à 22 kg/m².",13 kg,"Incorrect. 13 kg est la prise de poids moyenne globale, pas la plage spécifique pour un IMC de 22 kg/m².",b
706,OIC-254-03-B,Quelle est la recommandation correcte pour la complémentation en acide folique (vitamine B9) pour prévenir le spina-bifida?,"Cette question évalue la compréhension des recommandations précises pour la prévention du spina-bifida, en mettant l'accent sur le dosage et la durée de la complémentation.","400 µg/j, 28 jours avant la conception et jusqu’à 12 semaines de gestation",Correcte : Cette réponse correspond exactement aux recommandations mentionnées dans le contenu éducatif.,"800 µg/j, dès le début de la grossesse",Incorrecte : Le dosage est trop élevé et le début de la complémentation est trop tardif (il faut commencer avant la conception).,"400 µg/j, à partir de la 12e semaine de gestation","Incorrecte : La complémentation doit commencer 28 jours avant la conception, pas à partir de la 12e semaine.","100 µg/j, tout au long de la grossesse",Incorrecte : Le dosage est trop faible et ne respecte pas la durée recommandée (28 jours avant la conception).,a
707,OIC-254-04-A,Quelle population est considérée comme une population à risque nutritionnel pendant la grossesse?,Cette question évalue la capacité à identifier les facteurs de risque nutritionnel général. Le piège courant est de confondre les facteurs spécifiques (comme le tabagisme) avec le facteur le plus large (milieux défavorisés).,Milieux défavorisés,Correcte. Les milieux défavorisés représentent un facteur de risque généralisé en raison de l'accès limité aux ressources alimentaires et à la santé.,Adolescentes,"Incorrecte. Bien que les adolescentes soient à risque, cette option est plus spécifique et ne couvre pas l'ensemble des populations mentionnées.",Régimes restrictifs ou déséquilibrés,"Incorrecte. Les régimes restrictifs sont un facteur de risque, mais ils ne constituent pas la catégorie la plus large évoquée dans le contenu.",Tabagisme,"Incorrecte. Le tabagisme est un facteur de risque spécifique, mais il n'est pas le critère principal de risque nutritionnel généralisé.",a
708,OIC-254-06-A,Quelle mesure est recommandée pour réduire le risque d'infection alimentaire chez la femme enceinte non immunisée?,"La question évalue la compréhension des mesures spécifiques de prévention, en évitant les généralisations courantes. Le piège réside dans la confusion entre les aliments à éviter et les pratiques hygiéniques générales.",Lavage des crudités et éviter les aliments à risque comme les fromages crus,"Correcte. Le lavage des crudités est une mesure hygiénique clé, et l'évitement des fromages crus correspond aux aliments à risque mentionnés.",Cuisiner tous les aliments à cœur,"Incorrecte. Le texte ne recommande pas de cuire tous les aliments, mais d'éviter certains aliments crus ou peu cuits, comme les fromages à pâte molle.",Éviter tous les produits laitiers,"Incorrecte. Seuls certains fromages crus sont à éviter, pas tous les produits laitiers (ex : fromages à pâte pressée cuite).",Se laver les mains uniquement avant de manger,"Incorrecte. Le texte mentionne des mesures hygiéniques générales (lavage des crudités), pas seulement le lavage des mains avant les repas.",a
709,OIC-256-02-B,Quelle situation justifie un certificat médical d'inaptitude à l'éducation physique et sportive en milieu scolaire?,La question évalue la compréhension des conditions justifiant une dispense sportive. Le piège réside dans la confusion entre situations nécessitant un certificat et celles pouvant être gérées par des mesures temporaires.,Une fracture non consolidée nécessitant une immobilisation,Correcte. Les affections aigues comme les fractures en cours de consolidation sont explicitement mentionnées comme contre-indications nécessitant un certificat.,Une légère entorse guérie en 10 jours,"Incorrecte. Les blessures mineures et temporaires ne nécessitent pas de certificat, car elles ne constituent pas une contre-indication permanente ou transitoire majeure.",Une allergie saisonnière à la pollen,Incorrecte. Les allergies saisonnières ne sont pas évoquées comme contre-indications pour la pratique sportive en milieu scolaire.,Un retard de croissance non pathologique,Incorrecte. Les retards de croissance non pathologiques ne relèvent pas des contre-indications mentionnées dans le texte.,a
710,OIC-256-03-B,Quelle est la fréquence recommandée pour l'ECG lors de l'examen médical d'absence de contre-indication à la pratique sportive pour les sujets âgés de 12 à 20 ans?,Cette question évalue la compréhension des recommandations pour la fréquence de l'ECG selon l'âge. Un piège courant est de confondre les intervalles pour les différents tranches d'âge.,Tous les 3 ans,"Correcte. Selon les recommandations, un ECG est réalisé tous les 3 ans pour les sujets de 12 à 20 ans.",Tous les 5 ans,"Incorrecte. Cette fréquence s'applique aux sujets de 20 à 35 ans, pas à ceux de 12 à 20 ans.",Tous les 2 ans,Incorrecte. Aucune recommandation ne prévoit une fréquence de 2 ans pour cette tranche d'âge.,Une fois à l'âge de 12 ans,"Incorrecte. L'ECG est réalisé à la première licence (12 ans) puis répété tous les 3 ans, pas uniquement une fois.",a
711,OIC-256-05-A,Quelle est la principale cause de mort subite à l'exercice selon le contenu?,La question évalue la compréhension de la prédominance des causes cardiovasculaires. Un piège courant est de confondre les causes secondaires avec la principale.,"Pathologies cardiovasculaires (ex : cardiomyopathie, arythmies)",Correcte. Le texte souligne que les causes cardiovasculaires sont la principale origine des morts subites à l'exercice.,"Pathologies respiratoires (ex : asthme, pneumothorax)","Incorrecte. Les pathologies respiratoires sont mentionnées comme causes secondaires, non principales.","Troubles neurologiques graves (ex : épilepsie, AVC)","Incorrecte. Les pathologies neurologiques sont listées comme causes accessoires, pas primaires.","Déficiences métaboliques (ex : diabète, hypothyroïdie)",Incorrecte. Aucune mention de causes métaboliques dans le texte principal.,a
712,OIC-256-08-B,Quelle affirmation est correcte concernant les besoins nutritionnels des sportifs adultes?,"La question évalue la compréhension des apports nutritionnels généraux pour la majorité des sportifs, en évitant les pièges liés aux substrats énergétiques spécifiques.",Les glucides sont le principal substrat pour toutes les activités physiques.,"Incorrect. Les lipides sont utilisés pour les activités d'intensité modérée et prolongée, non les glucides.",Les lipides sont le substrat principal pour toutes les activités physiques.,"Incorrect. Les glucides dominent les activités d'intensité élevée, tandis que les lipides sont utilisés pour les activités modérées.","Pour la majorité des sportifs, les apports nutritionnels sont similaires à ceux de la population générale.","Correct. Le texte indique que les apports conseillés pour la majorité des sportifs correspondent à ceux de la population générale, sauf pour les cas spécifiques.",Il faut augmenter les apports énergétiques dès 3 heures d'activité sportive par semaine.,"Incorrect. L'ajustement est recommandé au-delà de 3 heures, non dès ce seuil.",c
713,OIC-256-09-B,Quelle est la recommandation principale pour l'alimentation des enfants sportifs selon le contenu?,La question évalue la compréhension des besoins nutritionnels fondamentaux des enfants sportifs. Le piège courant est de confondre les besoins spécifiques avec des pratiques excessives.,Répartir l'alimentation en 3 repas et une collation,Correcte. C'est une recommandation clé pour assurer une énergie constante et une bonne absorption des nutriments.,Privilégier les compléments hyperprotidiques,"Incorrecte. Les compléments hyperprotidiques sont inutiles si l'alimentation est équilibrée, selon le texte.",S'hydrater uniquement après les compétitions,Incorrecte. L'hydratation doit être anticipée avant et après les activités physiques.,Réduire les apports en calcium et vitamine D,"Incorrecte. Les apports en calcium et vitamine D sont essentiels, avec 4 produits laitiers par jour recommandés.",a
714,OIC-256-11-A,Quels éléments doivent être recherchés lors de l'interrogatoire pour identifier les risques cardiovasculaires lors de l'exercice?,La question évalue la compréhension des deux axes principaux de l'interrogatoire : les facteurs de risque et les symptômes évocateurs. Un piège courant est de négliger l'un des deux aspects.,Les facteurs de risque cardiovasculaire et les symptômes évocateurs,Correcte. Elle couvre les deux éléments essentiels mentionnés dans le contenu éducatif.,Seulement les facteurs de risque cardiovasculaire,"Incorrecte. Elle ignore les symptômes évocateurs, qui sont également cruciaux pour identifier les pathologies.",Seulement les symptômes évocateurs,"Incorrecte. Elle néglige les facteurs de risque, qui constituent une base diagnostique fondamentale.",L'intensité de l'exercice et la durée de l'effort,Incorrecte. Ces éléments ne sont pas mentionnés comme critères d'interrogatoire dans le contenu.,a
715,OIC-257-01-A,Quelle est la définition correcte de l'œdème?,Cette question évalue la compréhension de la définition centrale de l'œdème. Un piège courant est de confondre l'accumulation de fluide interstitiel avec d'autres phénomènes comme la rétention sanguine ou la dilatation cellulaire.,Accumulation de fluide dans le tissu interstitiel,Correcte. C'est la définition précise donnée dans le contenu éducatif.,Accumulation de fluide dans les vaisseaux sanguins,"Incorrecte. L'œdème concerne le tissu interstitiel, pas le sang.",Dilatation cellulaire due à l'accumulation de toxines,"Incorrecte. Cela décrirait une cytolyse ou une altération cellulaire, non un œdème.",Rétention d'eau généralisée liée à un déséquilibre sodé,"Incorrecte. Cela correspond à un type d'œdème généralisé, mais pas à la définition générale.",a
716,OIC-257-03-B,Quel mécanisme est associé à la formation des œdèmes généralisés dans l'insuffisance cardiaque et la cirrhose?,La question évalue la compréhension des mécanismes de rétention de sodium et d'eau dans les pathologies mentionnées. Un piège courant est de confondre les mécanismes généraux (pression capillaire) avec les spécifiques (hypovolémie efficace).,Augmentation de la pression hydrostatique capillaire,"Incorrect. Cela correspond à un mécanisme général, mais non spécifique aux insuffisances cardiaque ou hépatique.",Baisse de la pression oncotique plasmatique,"Incorrect. Cela est lié au syndrome néphrotique, pas directement aux insuffisances cardiaque ou hépatique.",Rétention primaire de sodium par les reins,"Incorrect. Cela correspond à l'insuffisance rénale, pas aux pathologies mentionnées.",Hypovolémie efficace avec activation des systèmes antinatriurétiques,"Correct. Cela décrit le mécanisme commun des insuffisances cardiaque et hépatique, avec réabsorption de sodium et eau.",d
717,OIC-257-04-A,Quel est le principal mécanisme pathophysiologique responsable de l'œdème avec signe du godet décrit dans l'image?,"Cette question évalue la compréhension du mécanisme principal de l'œdème de rétention hydrosodée. Le piège réside dans la confusion avec d'autres types d'œdèmes (lymphatiques, cardiaques, néphrotiques) qui présentent des mécanismes distincts.",Rétention hydrostatique due à une augmentation de la pression veineuse,"Correcte. La rétention hydrostatique est le mécanisme principal de l'œdème de rétention hydrosodée, causé par une augmentation de la pression veineuse et une diminution de la rétention capillaire.",Rétention lymphatique due à une obstruction des voies lymphatiques,Incorrecte. La rétention lymphatique est associée à un œdème non pitting (non marqué par le signe du godet) et à une accumulation de liquide dans les tissus lymphatiques.,Œdème cardiaque lié à une insuffisance ventriculaire gauche,"Incorrecte. L'œdème cardiaque se manifeste souvent par un œdème non pitting et une congestion pulmonaire, non par le signe du godet spécifique à la rétention hydrostatique.",Œdème néphrotique lié à une perte protéique urinaire,"Incorrecte. L'œdème néphrotique est associé à une hypoalbuminémie et un œdème non pitting, contrairement à la rétention hydrostatique qui provoque un œdème pitting.",a
718,OIC-257-05-A,Quelle est la caractéristique principale des œdèmes généralisés par rapport aux œdèmes localisés?,Cette question évalue la capacité à distinguer les œdèmes généralisés des localisés en identifiant leur principal critère différentiel. Un piège courant est de confondre les termes 'déclives' ou 'inflammatoire' qui peuvent être présents dans les deux types.,Bilatéraux et symétriques,"Correcte. Les œdèmes généralisés sont systémiques et présentent une symétrie bilatérale, contrairement aux œdèmes localisés.",Caractère unilatéral ou asymétrique,"Incorrecte. C'est une caractéristique des œdèmes localisés, non des généralisés.","Aspect parfois inflammatoire, dur, douloureux","Incorrecte. Cela correspond aux manifestations des œdèmes localisés, souvent liés à des pathologies inflammatoires.",Déclives en orthostatisme,"Incorrecte. Bien que les œdèmes généralisés soient déclives, ce terme est aussi utilisé pour les localisés, mais avec une redistribution différente.",a
719,OIC-257-07-A,Quelle est la principale étiologie des œdèmes généralisés mentionnée dans le contenu?,"Cette question évalue la compréhension des causes principales des œdèmes généralisés. Le piège réside dans la confusion entre les causes organiques (rein, cœur, foie) et les facteurs secondaires (hypoalbuminémie).",Insuffisance rénale aiguë et syndrome néphrotique,"Correcte. Les causes rénales sont explicitement mentionnées en premier dans le tableau, avec des exemples précis comme le syndrome néphrotique.",Insuffisance cardiaque globale,"Incorrecte. Bien que mentionnée, la cause cardiaque est classée après les causes rénales dans l'ordre de présentation du contenu.",Cirrhose hépatique et hépatite chronique,"Incorrecte. Les pathologies hépatiques sont présentées comme une cause secondaire, après les causes rénales et cardiaques.",Hypoalbuminémie liée à la dénutrition,"Incorrecte. L'hypoalbuminémie est une cause distincte, mais elle est décrite comme un facteur secondaire par rapport aux causes organiques directes.",a
720,OIC-257-08-A,Quelle est la combinaison de diurétiques recommandée pour optimiser l'élimination du sodium dans le traitement des œdèmes?,La question évalue la compréhension des synergies entre les classes de diurétiques. Le piège courant est de négliger l'effet combiné des diurétiques de l'anse et des thiazidiques.,Association de diurétiques de l'anse (ex. furosémide) et de thiazidiques (ex. hydrochlorothiazide),Correcte. Cette association maximise l'effet natriurétique grâce à une synergie entre les deux classes.,Utilisation exclusive de diurétiques de l'anse à haute dose,Incorrecte. Une dose élevée de diurétiques de l'anse peut provoquer des déséquilibres électrolytiques sans synergie avec d'autres classes.,Prédominance des diurétiques distaux (ex. spironolactone),Incorrecte. Les diurétiques distaux agissent sur des sites distaux du néphron et sont moins efficaces en isolation.,Utilisation de thiazidiques sans diurétiques de l'anse,Incorrecte. Les thiazidiques agissent sur les tubules distaux et nécessitent une synergie avec les diurétiques de l'anse pour un effet optimal.,a
721,OIC-260-01-A,Quelle est la définition correcte de l'hématurie?,Cette question évalue la compréhension de la définition centrale de l'hématurie. Un piège courant est de confondre les diagnostics différentiels avec la définition principale.,Présence anormale d'hématies dans les urines,Correcte. C'est la définition exacte donnée dans le contenu éducatif.,Confirmation par un examen cytologique urinaire quantitatif,"Incorrecte. C'est une méthode de confirmation, pas la définition.",Saignement d'origine urétrale en dehors de la miction,"Incorrecte. C'est un diagnostic différentiel, non la définition.",Coloration rouge des urines due à des aliments ou médicaments,"Incorrecte. C'est un autre diagnostic différentiel, non la définition.",a
722,OIC-260-07-A,Quelle est la caractéristique visuelle de l'hématurie macroscopique illustrée dans la figure 3?,Cette question évalue la compréhension de la définition de l'hématurie macroscopique. Un piège courant est de confondre l'hématurie macroscopique (visible à l'œil nu) avec l'hématurie microscopique (décelée par laboratoire).,Urine de couleur rose ou rougeâtre,"Correcte. L'hématurie macroscopique se manifeste par une coloration visible à l'œil nu, souvent rose ou rougeâtre, due à la présence de globules rouges dans l'urine.",Urine claire et incolore,"Incorrecte. Une urine claire indique l'absence de sang, contrairement à l'hématurie macroscopique qui altère la couleur.",Urine jaune intense,"Incorrecte. La couleur jaune est normale pour l'urine sans présence de sang, donc incompatible avec l'hématurie.",Présence de globules rouges sous microscope,"Incorrecte. La détection de globules rouges nécessite un examen microscopique, caractéristique de l'hématurie microscopique, non macroscopique.",a
723,OIC-260-09-A,"Quelle étiologie néphrologique est associée à une hématurie, une surdité et une atteinte ophtalmologique?",La question évalue la capacité à distinguer les étiologies néphrologiques selon leurs manifestations cliniques. Un piège courant est de confondre le syndrome d’Alport avec d’autres pathologies comme la polykystose rénale.,Syndrome d’Alport,"Correcte. Le syndrome d’Alport est une néphropathie glomérulaire congénitale associée à l’hématurie, la surdité et des anomalies ophtalmologiques.",Néphropathie interstitielle aiguë,"Incorrecte. La néphropathie interstitielle aiguë est liée à une leucocyturie et des signes allergiques, pas à des troubles auditifs ou visuels.",Nécrose papillaire,"Incorrecte. La nécrose papillaire est associée à des douleurs lombaires et une insuffisance rénale, sans troubles sensoriels.",Polykystose rénale autosomique dominante,"Incorrecte. La polykystose rénale provoque des hématuries par rupture de kystes, mais pas de surdité ou d’atteintes ophtalmologiques.",a
724,OIC-260-13-B,Quelle est la recommandation correcte pour la prise en charge d'une hématurie caillotante avec rétention urinaire?,Cette question évalue la compréhension des contre-indications et des protocoles de prise en charge. Le piège réside dans la confusion entre les options de gestion des caillots.,La pose d’un cathéter sus-pubien est contre-indiquée,Correcte. La pose d’un cathéter sus-pubien est contre-indiquée en cas de suspicion de tumeur urothéliale vésicale pour éviter la dissémination et l’obstruction.,Les tests sanguins complets sont inutiles,"Incorrecte. Les tests sanguins (NFS, TP/TCA, INR) sont essentiels pour évaluer l’hémostase et les troubles hémodynamiques.",L’hydratation est déconseillée pour éviter l’aggravation,Incorrecte. L’hydratation est recommandée pour faciliter l’évacuation des caillots et réduire les facteurs favorisants.,L’endoscopie est réservée uniquement aux cas de colique néphrétique,"Incorrecte. L’endoscopie est envisagée en cas d’échec des manœuvres manuelles ou de mauvaise tolérance clinique, indépendamment de la présence de colique.",a
725,OIC-261-02-A,Quel syndrome glomérulaire est associé à une insuffisance rénale rapidement progressive?,"Cette question évalue la capacité à identifier les caractéristiques cliniques spécifiques des syndromes glomérulaires, en mettant l'accent sur la rapidité de l'évolution clinique. Le piège courant est de confondre ce syndrome avec les formes chroniques ou aiguës.",Syndrome d’hématurie macroscopique récidivante,"Incorrect. Ce syndrome est caractérisé par des épisodes récidivants d'hématurie, sans insuffisance rénale rapide.",Syndrome de glomérulonéphrite chronique,"Incorrect. Ce syndrome évolue sur une période prolongée, avec des signes progressifs, pas une insuffisance rénale rapide.",Syndrome néphritique aigu,"Incorrect. Bien que l'insuffisance rénale puisse être présente, ce syndrome est lié à une infection antérieure et évolue sur quelques jours, pas avec une progression rapide.",Syndrome de glomérulonéphrite rapidement progressive,"Correct. Ce syndrome est marqué par une insuffisance rénale qui s'aggrave rapidement, souvent associée à des maladies inflammatoires ou auto-immunes.",d
726,OIC-261-03-B,Quelle est la principale cause de syndrome néphrotique chez l'enfant?,Cette question évalue la compréhension de l'épidémiologie des maladies glomérulaires selon l'âge. Un piège courant est de confondre les causes dominantes chez l'enfant et l'adulte.,Syndrome néphrotique à lésions glomérulaires minimes (SNLGM),Correcte. Le SNLGM est la première cause de syndrome néphrotique chez l'enfant (90 % avant 8 ans).,Glomérulopathie extra-membraneuse (GEM),"Incorrecte. La GEM est la première cause de syndrome néphrotique chez l'adulte après 50 ans, non chez l'enfant.",Néphropathie à IgA,"Incorrecte. La néphropathie à IgA est la plus fréquente des glomérulonéphrites primitives, mais pas la première cause chez l'enfant.",Néphropathie diabétique,"Incorrecte. La néphropathie diabétique est la première cause de néphropathie glomérulaire secondaire, non la principale chez l'enfant.",a
727,OIC-261-04-A,Quelle est la principale étiologie des maladies glomérulaires mentionnée dans le contenu?,Cette question évalue la capacité à identifier les causes principales des maladies glomérulaires. Le piège réside dans la confusion entre les catégories générales et les cas spécifiques.,"Diabète, lupus, infections, vascularites, amylose",Correcte. Ces étiologies sont explicitement listées comme principales dans le contenu.,"HIV, hépatite B, hépatite C","Incorrecte. Ces infections sont des sous-catégories spécifiques, non les étiologies principales globales.","Amylose AA, lupus, purpura rhumatoïde","Incorrecte. Bien que mentionnées, ces pathologies sont des complications ou sous-types, non les causes principales.","Syndrome d’Alport, maladies génétiques","Incorrecte. Les maladies génétiques sont une catégorie particulière, non la principale étiologie.",a
728,OIC-261-07-B,Quelle est la caractéristique histologique principale de la maladie de Goodpasture?,Cette question évalue la capacité à distinguer les dépôts spécifiques des maladies glomérulaires. Le piège courant est de confondre les dépôts linéaires avec les dépôts granuleux ou mésangiaux.,Dépôts d'IgG linéaires le long de la MBG,"Correcte. La maladie de Goodpasture se caractérise par des dépôts d'IgG linéaires sur la membrane basale glomérulaire (MBG), un marqueur spécifique de cette maladie.","Dépôts d'IgG, IgA et C3 mésangiaux","Incorrecte. Ces dépôts correspondent à la néphropathie à IgA ou à la lupus néphrite, pas à la maladie de Goodpasture.",C3 en « ciel étoilé » avec +/- Ig et humps,"Incorrecte. Ces dépôts sont typiques de la glomérulonéphrite aigüe post-infectieuse, non de la maladie de Goodpasture.",Dépôts d'IgG et C3 extramembraneux,"Incorrecte. Ces dépôts correspondent à la glomérulonéphrite extra-membraneuse, pas à la maladie de Goodpasture.",a
729,OIC-261-08-A,Quelle est la situation clinique où la biopsie rénale n'est pas réalisée chez l'enfant suspecté de SNLGM?,La question évalue la compréhension des critères de non-biopsie dans le SNLGM. Le piège réside dans la confusion entre les signes extrarénaux et la sensibilité corticosensible.,"syndrome néphrotique pur, âge entre 1 et 10 ans, corticosensible, absence d’antécédent familial, absence de signes extrarénaux, complément sérique normal","Correcte : Ces critères définissent les conditions de non-biopsie du SNLGM chez l'enfant, conformément au texte.","présence de signes extrarénaux, âge supérieur à 10 ans, résistance corticosensible, antécédent familial de néphropathie","Incorrecte : La présence de signes extrarénaux est un critère de biopsie, non de non-biopsie.","syndrome néphrotique pur, âge entre 1 et 10 ans, résistance corticosensible, absence de signes extrarénaux, complément sérique anormal",Incorrecte : La résistance corticosensible et le complément anormal sont des critères de biopsie.,"présence de lésions glomérulaires visibles à la microscopie optique, syndrome néphrotique pur, âge entre 1 et 10 ans","Incorrecte : Les lésions visibles à la microscopie optique justifient une biopsie, contrairement au SNLGM.",a
730,OIC-261-09-B,Quelle est la bonne description du traitement de la néphropathie glomérulaire minimale idiopathique?,La question évalue la compréhension des principes du traitement de la néphropathie glomérulaire minimale. Un piège courant est de confondre la voie d'administration (orale vs intraveineuse) ou la durée du traitement.,"Corticostéroïdes oraux à forte dose et prolongée, avec des traitements adjuvants",Correcte. Elle résume les principes du traitement mentionnés dans le contenu éducatif.,Corticostéroïdes intraveineux à faible dose et courte durée,"Incorrecte. La corticothérapie est orale et prolongée, pas intraveineuse ni à faible dose.",Corticostéroïdes oraux à forte dose et courte durée,"Incorrecte. La durée du traitement est prolongée, pas courte, pour éviter les récidives.",Corticostéroïdes intraveineux à forte dose et prolongée,"Incorrecte. La corticothérapie est orale et non intraveineuse, malgré une dose forte.",a
731,OIC-261-10-B,Quel est le mode évolutif le plus fréquent du SNLGM?,Cette question évalue la compréhension des taux d'incidence des différents modes évolutifs. Le piège courant est de confondre les pourcentages entre corticosensibilité et corticorésistance.,Corticosensibilité (80 à 90 % des cas),"Correcte. La corticosensibilité est le mode évolutif le plus fréquent, avec un taux d'incidence élevé mentionné dans le contenu.",Corticodépendance (50 % des cas),"Incorrecte. La corticodépendance est une évolution secondaire, non le mode le plus fréquent, et son taux est sous-estimé ici.",Corticorésistance (10 % des cas),"Incorrecte. La corticorésistance est rare (10 %), mais le taux mentionné est trop faible par rapport à la corticosensibilité.",Corticorésistance (50 % des cas),"Incorrecte. La corticorésistance a un taux d'incidence de 10 %, pas 50 %, et ce taux est associé à un risque d'insuffisance rénale.",a
732,OIC-261-11-B,Quel est l'élément clinique et biologique principal permettant de suspecter une glomérulopathie extra-membraneuse (GEM)?,"La question évalue la compréhension des critères diagnostiques de la GEM, notamment la présence d'anticorps anti-PLA2-R et du syndrome néphrotique. Un piège courant est de confondre les dépôts d'IgA ou de C3 avec les dépôts extramembraneux.",Syndrome néphrotique et présence d'anticorps anti-PLA2-R dans le sérum,"Correcte. Le syndrome néphrotique et les anticorps anti-PLA2-R sont des éléments clés pour suspecter une GEM, notamment en l'absence de biopsie rénale.",Présence de dépôts d'IgA dans l'urine,"Incorrecte. Les dépôts d'IgA sont associés à la néphropathie à IgA, non à la GEM.",Hématurie et protéinurie modérée,Incorrecte. Ces signes sont courants dans de nombreuses maladies glomérulaires mais ne sont pas spécifiques à la GEM.,Dépôts de C3 dans l'urine,"Incorrecte. Les dépôts de C3 sont détectés par immunofluorescence sur la biopsie, pas dans l'urine.",a
733,OIC-261-12-B,Quel est le signe clinique principal évoquant une néphropathie à IgA?,La question évalue la capacité à identifier le critère clinique principal de suspicion de néphropathie à IgA. Le piège réside dans la confusion avec d'autres manifestations comme la protéinurie ou les signes extra-rénaux.,Hématurie macroscopique récidivante 48 h après un épisode infectieux ORL,Correcte. Cette association temporelle avec une infection est un élément clé de la suspicion diagnostique.,Hématurie microscopique isolée,"Incorrecte. Bien que mentionnée, elle est un élément secondaire et non spécifique à la néphropathie à IgA.",Purpura vasculaire associé à des arthralgies,"Incorrecte. Cela correspond à la variante purpura rhumatoïde, une forme secondaire de la néphropathie à IgA.",Protéinurie associée à une hypertension artérielle,"Incorrecte. Cela évoque un syndrome néphrotique, non spécifique à la néphropathie à IgA.",a
734,OIC-261-13-B,Quel est le facteur pronostique principal de la néphropathie à IgA primitive?,Cette question évalue la compréhension des facteurs clés influençant le pronostic de la néphropathie à IgA. Le piège réside dans la confusion avec d'autres facteurs non mentionnés.,"L'HTA sévère, la protéinurie importante, la créatininémie élevée et la fibrose rénale",Correcte. Ces facteurs sont explicitement mentionnés comme impactant le pronostic dans le contenu.,L'âge au diagnostic et la durée de la maladie,Incorrecte. L'âge et la durée ne sont pas des facteurs pronostiques identifiés dans le contenu.,La présence d'une infection récurrente et le genre féminin,"Incorrecte. Bien que le genre masculin soit un facteur, l'infection n'est pas mentionnée comme facteur pronostique.",La consommation de protéines et le taux de cholestérol,Incorrecte. Ces paramètres ne sont pas abordés comme facteurs pronostiques dans le contenu.,a
735,OIC-261-16-B,Quelle est la caractéristique clinique typique de la glomérulonéphrite aiguë post-infectieuse (GNA)?,La question évalue la compréhension du délai d'apparition et du syndrome associé à la GNA. Le piège réside dans la confusion avec d'autres syndromes rénaux ou délais de survenue.,Survenue 2 semaines après une infection ORL ou cutanée non traitée,"Correcte. Le délai typique est de 10-15 jours après une infection post-streptococcique, confirmé par le contenu.",Survenue 1 semaine après une infection virale,Incorrecte. Le délai est trop court et la cause n'est pas le virus (la GNA post-streptococcique est dominante).,Présence d'un syndrome néphrotique avec protéinurie massive,"Incorrecte. Le syndrome néphritique (hématurie, HTA) est spécifique, tandis que le syndrome néphrotique est associé à d'autres pathologies.",Dépôts de C3 et C4 dans les capillaires glomérulaires,"Incorrecte. Les dépôts de C3 sont observés en immunofluorescence, mais les C3 et C4 sont abaissés, non présents.",a
736,OIC-261-17-B,Quel examen paraclinique est le plus spécifique pour suspecter une glomérulonéphrite aiguë post-infectieuse (GNA)?,Cette question évalue la capacité à identifier l'examen clé pour le diagnostic de la GNA. Un piège courant est de confondre la protéinurie avec la baisse des niveaux de complément.,Baisse des niveaux de complément (C3 et C4),"Correcte. La baisse du complément est un marqueur spécifique de la GNA, liée à une consommation du complément.",Protéinurie détectée par l'urinanalyse,Incorrecte. La protéinurie est une manifestation commune mais non spécifique à la GNA.,Dosage des fonctions rénales,Incorrecte. Les fonctions rénales sont utiles pour évaluer la gravité mais ne permettent pas de suspecter la GNA.,Recherche d'infection bactérienne,"Incorrecte. La recherche d'infection est une étape diagnostique secondaire, non spécifique à la GNA.",a
737,OIC-263-02-A,Quelle est la définition correcte du syndrome de microangiopathie thrombotique (MAT)?,La question évalue la compréhension des critères biologiques et histologiques du syndrome de MAT. Un piège courant est de confondre les symptômes avec d'autres syndromes hémolytiques.,"Anémie hémolytique mécanique, thrombopénie de consommation et dysfonction d'organe associée, avec lésion histologique de microangiopathie thrombotique","Correcte. Elle intègre tous les éléments clés : anémie mécanique, thrombopénie, dysfonction organique et lésion histologique.","Anémie hémolytique auto-immune, thrombopénie de consommation et insuffisance rénale","Incorrecte. L'anémie est de type mécanique (schizocytes), non auto-immune, et la dysfonction organique est plus large que l'insuffisance rénale.","Anémie hémolytique, thrombopénie et insuffisance rénale sans lésion histologique","Incorrecte. Elle omit la lésion histologique de microangiopathie thrombotique, essentielle à la définition.","Anémie hémolytique, thrombopénie et insuffisance rénale avec lésion histologique de glomérulonéphrite","Incorrecte. La lésion histologique est une microangiopathie thrombotique, non une glomérulonéphrite.",a
738,OIC-263-03-B,Quelle est la cause principale de la microangiopathie thrombotique (MAT)?,Cette question évalue la compréhension des causes principales de la MAT. Le piège courant est de confondre les causes atypiques ou secondaires avec la cause la plus fréquente.,SHU typique (entérobactéries productrices de « Shiga-like toxins »),"Correcte. Les SHU typiques, comme E. coli O157:H7, sont la cause la plus fréquente de MAT.",SHU atypique (mutations génétiques ou auto-anticorps),Incorrecte. Les SHU atypiques sont des causes rares et secondaires par rapport aux SHU typiques.,"Infections virales (ex. VIH, grippe H1N1)",Incorrecte. Les infections sont des causes possibles mais moins fréquentes que les SHU typiques.,"Médicaments (ex. ciclosporine, anti-VEGF)",Incorrecte. Les médicaments sont des causes rares et associées à des cas spécifiques.,a
739,OIC-263-05-B,Quelle est la modalité principale de diagnostic du SHU typique?,La question évalue la compréhension des critères diagnostiques du SHU typique. Le piège réside dans la confusion avec les méthodes utilisées pour le SHU atypique.,Isolement de la souche de STEC,"Correcte. L'isolement de STEC est la méthode principale de confirmation du SHU typique, comme indiqué dans le contenu.",Détection par PCR des gènes codant pour les shigatoxines,"Incorrecte. Bien que la PCR soit utilisée, elle est une alternative à l'isolement de STEC, non la modalité principale.",Analyse de la voie alterne du complément,"Incorrecte. Cela concerne le SHU atypique, non le SHU typique.",Histoire de transplantation rénale,"Incorrecte. L'historique de transplantation est un facteur de risque pour le SHU atypique, pas le SHU typique.",a
740,OIC-263-06-A,Quelle est la principale différence entre les sténoses athéromateuses et fibrodysplasiques de l'artère rénale?,Cette question évalue la compréhension des données clés sur l'incidence et les caractéristiques des deux types de sténose. Le piège réside dans la confusion entre les facteurs de risque et la prévalence.,La sténose athéromateuse représente 90 % des cas,Correcte. L'incidence est clairement indiquée dans le tableau.,La fibrodysplasie a un risque de thrombose élevé,"Incorrecte. Le risque de thrombose est élevé pour la sténose athéromateuse, pas la fibrodysplasie.",La fibrodysplasie touche principalement les hommes de plus de 45 ans,Incorrecte. La fibrodysplasie affecte principalement les femmes entre 25 et 40 ans.,La sténose athéromateuse est plus fréquente chez les femmes,Incorrecte. La sténose athéromateuse est dominante chez les hommes de plus de 45 ans.,a
741,OIC-263-07-B,Quelles sont les deux principales causes de sténose de l'artère rénale?,Cette question évalue la compréhension des causes principales de sténose artérielle rénale. Le piège courant est de confondre les termes'renovasculaire' (large catégorie) avec les causes spécifiques.,Athéromateuse et fibrodysplasique,Correcte. Ces deux causes sont explicitement mentionnées dans le contenu éducatif comme principales.,Athéromateuse et thrombotique,Incorrecte. La thrombose n'est pas évoquée comme cause principale dans le contenu.,Fibrodysplasique et renovasculaire,"Incorrecte. 'Rénovasculaire' désigne une catégorie plus large, non spécifique à la sténose.",Athéromateuse et renovasculaire,"Incorrecte. 'Rénovasculaire' est un terme générique, pas une cause spécifique identifiée dans le contenu.",a
742,OIC-263-10-B,Quel examen est utilisé pour confirmer le diagnostic de l'infarctus rénal?,La question évalue la connaissance des modalités diagnostiques de l'infarctus rénal. Le piège réside dans la confusion avec d'autres examens comme la biopsie rénale ou l'échographie.,Tomodensitométrie spiralée,Correcte. La tomodensitométrie spiralée est explicitement mentionnée comme examen de confirmation dans le contenu.,Angiographie rénale,"Incorrecte. Bien que mentionnée, l'angiographie est une alternative secondaire, pas la méthode de confirmation principale.",Biopsie rénale,"Incorrecte. La biopsie rénale est utilisée pour les emboles de cristaux de cholestérol, non pour l'infarctus rénal.",Échographie Doppler,Incorrecte. L'échographie n'est pas citée comme examen de confirmation spécifique pour l'infarctus rénal.,a
743,OIC-265-01-A,Quel organe est le site principal de formation des calculs urinaires selon le texte?,Cette question évalue la compréhension de la localisation principale des calculs urinaires. Un piège courant est de confondre les calculs rénaux avec ceux de la vessie.,Les reins,Correcte. Le texte indique que la majorité des calculs urinaires se forment dans les reins.,La vessie,"Incorrecte. Les calculs de vessie sont rares et liés à une stase urinaire, non à la formation principale.",Les uretères,Incorrecte. Le texte ne mentionne pas les uretères comme site de formation des calculs.,La prostate,"Incorrecte. La prostate est une cause de stase urinaire, non un site de formation des calculs.",a
744,OIC-265-02-B,Quelle affirmation est correcte concernant l'épidémiologie des lithiases urinaires?,Cette question évalue la compréhension des facteurs influençant l'incidence des lithiases urinaires et des données démographiques clés. Le piège courant est de confondre la prévalence mondiale avec celle de la France.,Le rapport sexuel est de 2 hommes pour 1 femme,Correcte. Le texte indique explicitement un sex ratio de 2 hommes pour 1 femme.,La prévalence mondiale est de 10% en France,"Incorrecte. La prévalence de 10% est spécifique à la France, pas au monde.",L'incidence est identique dans tous les pays,Incorrecte. Le texte souligne des variations géographiques et climatiques.,Le rapport sexuel est de 1 homme pour 1 femme,Incorrecte. Le texte précise un sex ratio de 2 hommes pour 1 femme.,a
745,OIC-265-04-B,Quel est le principal facteur lithogène chez l'adulte et l'enfant selon le contenu éducatif?,Cette question évalue la compréhension des facteurs principaux de formation des calculs urinaires. Le piège courant est de confondre les facteurs familiaux avec les facteurs alimentaires.,"Les facteurs alimentaires (produits laitiers, sel, oxalates, etc.)",Correcte. Les facteurs alimentaires sont explicitement mentionnés comme les principaux dans le contenu.,Les antécédents familiaux (40% des cas),"Incorrecte. Bien que les antécédents familiaux soient importants, ils ne sont pas présentés comme le facteur principal.","Les infections urinaires (BGN, Pseudomonas, etc.)",Incorrecte. Les infections urinaires sont un facteur secondaire et non le principal cité dans le contenu.,Les calculs médicamenteux (1% des cas),Incorrecte. Les calculs médicamenteux sont rares et ne constituent pas le facteur principal.,a
746,OIC-265-05-A,Quelle est la définition correcte de la colique néphrétique?,"Cette question évalue la compréhension de la définition de la colique néphrétique, en mettant l'accent sur la relation entre l'obstruction urinaire et la localisation de la douleur. Un piège courant est de confondre cette pathologie avec d'autres syndromes de douleur abdominale.",Douleur lombaire aiguë irradiant vers les organes génitaux externes due à une obstruction urinaire,"Correcte. Cette option capture l'essence de la définition : douleur aiguë liée à une obstruction urinaire, avec irradiation vers les organes génitaux.",Douleur rénale chronique associée à une insuffisance rénale aiguë,"Incorrecte. L'insuffisance rénale aiguë n'est pas une cause directe de la colique néphrétique, et la douleur est aiguë, non chronique.",Douleur abdominale inférieure due à une infection urinaire,"Incorrecte. La colique néphrétique ne se distingue pas par une infection urinaire, et la douleur est localisée dans la région lombaire, non abdominale.",Douleur irradiant vers le bas-ventre sans obstruction urinaire,"Incorrecte. L'obstruction urinaire est un élément central de la définition, et la douleur est localisée dans la région lombaire, non dans le bas-ventre.",a
747,OIC-265-06-A,Quel est le facteur favorisant principal de la colique néphrétique selon le contenu éducatif?,Cette question évalue la compréhension des facteurs favorisants de la colique néphrétique. Un piège courant est de confondre ces facteurs avec d'autres pathologies comme l'hypertension.,"Voyage, chaleur, déshydratation, activité physique, écarts de régime","Correcte. Ces facteurs favorisent la migration d'un calcul rénal dans l'uretère, comme indiqué dans le contenu éducatif.","Hypertension, diabète, tabagisme, stress",Incorrecte. Ces facteurs ne sont pas mentionnés comme favorisant la colique néphrétique dans le contenu éducatif.,"Infection urinaire, calculs biliaires, obésité, âge avancé",Incorrecte. Ces facteurs sont liés à d'autres pathologies et ne sont pas évoqués comme causes directes de la colique néphrétique.,"Alcool, café, tabac, exposition au froid","Incorrecte. Bien que l'alcool et le café puissent influencer la déshydratation, ces éléments ne sont pas explicitement listés comme facteurs favorisants dans le contenu.",a
748,OIC-265-08-A,Quelle est la caractéristique clinique associée à la colique néphrétique fébrile?,"Cette question évalue la compréhension des manifestations cliniques spécifiques des formes compliquées de la colique néphrétique. Le piège réside dans la confusion entre les différents tableaux cliniques (grossesse, insuffisance rénale, hyperalgie).","Fièvre >38.5°C, frissons, marbrures cutanées, bandelette urinaire positive",Correcte. Ces signes correspondent à la définition de la colique fébrile (pyélonéphrite aiguë obstructive).,Douleur résistante aux AINS et morphiniques,"Incorrecte. Cela correspond à la colique hyperalgique, non à la forme fébrile.",Oligo-anurie < 500cc/24h et rein unique,"Incorrecte. Cela décrit la colique avec insuffisance rénale aiguë, non la forme fébrile.",Hospitalisation en milieu obstétrical avec risque d'accouchement prématuré,"Incorrecte. Cela correspond à la colique néphrétique de la femme enceinte, non à la forme fébrile.",a
749,OIC-265-09-B,"Quel est le symptôme principal associé aux calculs urinaires, autre que la colique néphrétique?",Cette question évalue la compréhension des symptômes non spécifiques des calculs urinaires. Le piège réside dans la confusion entre les symptômes réels et les cas asymptomatiques.,Hématurie,"Correcte. L'hématurie est un symptôme fréquent des calculs urinaires, souvent liée à l'effort ou à la mobilité des calculs.",Infections urinaires,"Incorrecte. Bien que les calculs puissent provoquer des infections, ce n'est pas le symptôme principal associé directement aux calculs.",Insuffisance rénale,"Incorrecte. L'insuffisance rénale est une complication possible, mais non le symptôme principal des calculs urinaires.",Calcul asymptomatique de découverte fortuite,"Incorrecte. Ce cas ne correspond pas à un symptôme, mais à une situation clinique sans manifestations.",a
750,OIC-265-10-B,Quel examen d'imagerie est indiqué dans le contexte hors urgence pour évaluer les caractéristiques des calculs urinaires?,La question évalue la compréhension des indications des examens d'imagerie selon le contexte (urgence ou non). Le piège réside dans la confusion entre les examens d'urgence et les examens hors urgence.,Échographie réno-vésicale/ASP en urgence,"Incorrect. L'échographie est utilisée en urgence pour confirmer le diagnostic, mais pas pour évaluer les caractéristiques des calculs hors urgence.",Scanner abdomino-pelvien avec injection de contraste en urgence,"Incorrect. Le scanner avec injection est utilisé en cas de doute diagnostique en urgence, non pour évaluer les calculs hors urgence.",Échographie urinaire seule pour surveiller les calculs non radio-opaques,"Incorrect. L'échographie seule a un intérêt limité pour les calculs non radio-opaques, mais ne permet pas une évaluation complète hors urgence.",Uroscanner en contexte hors urgence,"Correct. L'uroscanner est indiqué hors urgence pour déterminer les dimensions, la localisation et la composition des calculs.",d
751,OIC-265-11-A,Quel examen biologique n'est PAS typiquement réalisé en urgence devant une colique néphrétique?,Cette question évalue la connaissance des examens standards en urgence pour la colique néphrétique. Le piège réside dans la confusion entre les examens de base et ceux réservés à des cas spécifiques.,Bandelette urinaire,"Correcte : La bandelette urinaire est un examen de base standard en urgence pour évaluer la présence de sang, de leucocytes ou de protéines.",NFS (numération formule sanguine),"Correcte : La NFS permet d'évaluer l'état inflammatoire ou hémodynamique, essentiel en urgence.",Ionogramme sanguin,Correcte : L'ionogramme aide à identifier des déséquilibres électrolytiques liés à la lithiase urinaire.,Hémocultures,"Incorrecte : Les hémocultures sont réalisées uniquement en cas de suspicion de colique néphrétique fébrile, non en urgence standard.",d
752,OIC-265-12-B,Quel examen est inclus dans le bilan métabolique de première intention pour le diagnostic étiologique de la lithiase urinaire?,Cette question évalue la compréhension des composants essentiels du bilan métabolique. Un piège courant est de confondre les examens d'imagerie (comme l'ultrason) avec les analyses biochimiques.,"Analyse morphologique et infrarouge du calcul, échantillon d'urines du matin, analyse des urines des 24 heures, et analyse sanguine","Correcte. Elle inclut toutes les composantes du bilan métabolique : analyse du calcul, urines du matin, urines 24h et analyses sanguines.",Échographie rénale et bilan sanguin complet,"Incorrecte. L'échographie est un examen d'imagerie, non un examen métabolique. Le bilan sanguin complet ne couvre pas toutes les analyses requises.",Urographie intravénieuse et analyse des urines des 24 heures,"Incorrecte. L'urographie est un examen d'imagerie, et l'analyse des urines des 24 heures est incomplète sans l'analyse du calcul et le bilan sanguin.",Analyse des urines du matin et glycémie à jeun,"Incorrecte. Elle néglige l'analyse des urines des 24 heures, l'analyse du calcul et l'ensemble des paramètres sanguins requis.",a
753,OIC-265-14-A,"Quelle est l'indication principale pour une dérivation urgence (JJ, nephrostomie) dans la lithiase urinaire?",Cette question évalue la compréhension des critères d'urgence dans la prise en charge de la lithiase urinaire. Un piège courant est de confondre les critères d'observation avec ceux de dérivation.,Fièvre et hyperalgie,Correcte. La fièvre (indiquant une infection) et l'hyperalgie (résistance aux analgésiques) sont des critères clés pour une dérivation urgence.,Calcul <10 mm dans l'uretère proximal,"Incorrecte. Les calculs petits (<10 mm) sont généralement traités par observation ou lithotritie, pas par dérivation urgence.",Absence de signe infectieux,"Incorrecte. L'absence de signe infectieux est un critère d'observation, non d'urgence. La dérivation est indiquée en cas de signe infectieux.",Absence d'insuffisance rénale,Incorrecte. L'absence d'insuffisance rénale est un critère d'observation. La dérivation est indiquée en cas d'insuffisance rénale aiguë.,a
754,OIC-267-02-B,Quel est le principal mécanisme de régulation de l'équilibre acido-basique chez l'homme?,Cette question évalue la compréhension du système tampon acido-basique principal. Le piège courant est de confondre le rôle des poumons et des reins avec celui du système tampon.,Le système tampon acide carbonique/bicarbonate,"Correcte. Ce système est le principal mécanisme de régulation, car il neutralise les acides et bases en maintenant le pH sanguin stable.",La régulation respiratoire par les poumons,"Incorrecte. Les poumons régulent la PCO2, mais ce n'est pas le mécanisme tampon principal. Ils agissent comme un système « ouvert » complémentaire.",La compensation rénale par les reins,"Incorrecte. Les reins régénèrent les bicarbonates et éliminent les acides fixes, mais leur rôle est secondaire par rapport au système tampon.",L'équation de Henderson-Hasselbalch,"Incorrecte. C'est une formule mathématique utilisée pour calculer le pH, mais elle ne représente pas un mécanisme physiologique de régulation.",a
755,OIC-267-07-A,Quelle est la principale cause d'acidose respiratoire non pulmonaire?,La question évalue la capacité à distinguer les causes non pulmonaires des causes pulmonaires de l'acidose respiratoire. Un piège courant est de confondre les causes pulmonaires (comme la BPCO) avec les causes non pulmonaires.,"Dysfonction des centres respiratoires (ex : hypothyroïdie, sédatifs)","Correcte. La dysfonction des centres respiratoires est une cause majeure d'acidose respiratoire non pulmonaire, car elle affecte le contrôle ventilatoire central.",BPCO sévère,"Incorrecte. La BPCO est une cause d'acidose respiratoire d'origine pulmonaire, non non pulmonaire.",Hypokaliémie,"Incorrecte. L'hypokaliémie est une cause de dysfonction neuromusculaire, mais elle n'est pas la principale cause d'acidose respiratoire non pulmonaire.",Obésité,"Incorrecte. L'obésité est une cause de hypoventilation alvéolaire d'origine thoracique, mais elle n'est pas la principale cause non pulmonaire.",a
756,OIC-267-08-B,Quelle est la modalité principale de correction d'une acidose métabolique chronique selon le contenu éducatif?,Cette question évalue la compréhension des protocoles de correction de l'acidose métabolique chronique. Le piège courant est de confondre la voie d'administration (orale vs intraveineuse) ou les indications des traitements associés.,Administration orale de bicarbonate de sodium (1 à 6 g/jour en gélules),Correcte. Le contenu éducatif précise explicitement cette voie d'administration et la posologie pour les troubles chroniques.,Administration intraveineuse de bicarbonate de sodium,"Incorrecte. L'administration intraveineuse est réservée aux cas aigus, non aux formes chroniques.",Prise de suppléments de potassium,Incorrecte. Les électrolytes comme le potassium ne sont pas directement liés à la correction de l'acidose métabolique.,Utilisation de diurétiques thiazidiques,"Incorrecte. Les diurétiques sont utilisés pour d'autres déséquilibres hydro-électrolytiques, pas pour l'acidose chronique.",a
757,OIC-267-10-B,Quel facteur physiologique provoque une élévation de la kaliémie en inhibant l'activité de la NaK-ATPase?,"Cette question évalue la compréhension des mécanismes de régulation de la kaliémie, notamment l'effet de l'acidose sur la pompe NaK-ATPase. Un piège courant est de confondre les effets des hormones comme l'aldostérone ou l'insuline.",L'acidose métabolique,"Correcte. L'acidose inhibe la NaK-ATPase, bloque l'entrée cellulaire du K+ et favorise la fuite passive du potassium vers l'extérieur.",L'insuline,"Incorrecte. L'insuline stimule l'entrée cellulaire du K+, ce qui diminue la kaliémie plasmatique.",L'aldostérone,"Incorrecte. L'aldostérone favorise l'excrétion du potassium par les reins, ce qui réduit la kaliémie plasmatique.",Les catécholamines,"Incorrecte. Les catécholamines (effet β-adrénergique) stimulent l'entrée cellulaire du K+, ce qui diminue la kaliémie plasmatique.",a
758,OIC-267-11-A,Quelle est la définition correcte de l'hyperkaliémie?,Cette question évalue la compréhension de la définition de l'hyperkaliémie. Le piège courant est de confondre la définition avec les causes de fausses hyperkaliémies ou les symptômes.,"Concentration plasmatique du potassium supérieure à 5,0 mmol/L",Correcte. C'est la définition officielle de l'hyperkaliémie.,Hémolyse lors d'un prélèvement sanguin,"Incorrecte. C'est une cause de fausse hyperkaliémie, non la définition.",Trouble musculaire aigu,"Incorrecte. C'est une manifestation clinique possible, pas la définition.",Préscription de diurétiques épargneurs de potassium,"Incorrecte. C'est une indication de surveillance, pas la définition.",a
759,OIC-267-15-A,Quelle est la première mesure d'urgence dans le traitement d'une hyperkaliémie sévère avec signes électrocardiographiques?,La question évalue la connaissance des priorités du traitement d'urgence. Le piège courant est de confondre les mesures de transfert du potassium intracellulaire avec les mesures immédiates de stabilisation.,Administration de sels de calcium IV et de glucose-insuline,"Correcte. Les sels de calcium stabilisent le potentiel de membrane, tandis que l'insuline-glucose transfère le potassium vers les cellules.",Administration de bicarbonate de sodium IV,"Incorrecte. Le bicarbonate est utilisé pour les troubles acido-basiques, mais non comme première mesure pour l'hyperkaliémie.",Démarrage immédiat d'une dialyse extrarénale (EER),"Incorrecte. L'EER est une indication spécialisée, non la première étape d'urgence.",Administration de sels de magnésium IV,"Incorrecte. Le magnésium est utilisé en cas de digitaliques, mais pas comme traitement principal de l'hyperkaliémie.",a
760,OIC-267-16-B,Quel est le traitement de choix pour l'hyperkaliémie sévère associée à une insuffisance rénale sévère?,"Cette question évalue la compréhension des priorités thérapeutiques en cas d'hyperkaliémie sévère. Le piège courant est de confondre les traitements selon les contextes (ex. : bicarbonate pour l'acidose, diurétiques pour l'œdème).",Hémodialyse,"Correcte. L'hémodialyse est le traitement de choix pour éliminer le potassium lors d'une insuffisance rénale sévère, car elle permet une élimination rapide et efficace.",Agents β-adrénergiques (ex. : salbutamol),"Incorrecte. Les β-adrénergiques déplacent le potassium vers les cellules, mais ne résolvent pas l'excès global et sont utilisés en cas d'urgence temporaire.",Bicarbonate de sodium en cas d'acidose métabolique,"Incorrecte. Le bicarbonate est utilisé pour corriger l'acidose, mais il ne réduit pas directement le potassium sanguin et peut aggraver l'hyperkaliémie en déplaçant le potassium vers le compartiment extracellulaire.",Diurétiques de l'anse (ex. : furosémide),"Incorrecte. Les diurétiques de l'anse sont utilisés pour l'œdème pulmonaire ou l'insuffisance rénale organique, mais ils ne sont pas le traitement principal de l'hyperkaliémie sévère.",a
761,OIC-267-18-A,Quelle est la définition de l'hypokaliémie?,Cette question évalue la compréhension de la définition de l'hypokaliémie. Un piège courant est de confondre les symptômes avec la définition.,"Concentration plasmatique de potassium inférieure à 3,5 mmol/L",Correcte. C'est la définition exacte donnée dans le contenu éducatif.,Crampes musculaires chroniques,"Incorrecte. Les crampes sont une indication de recherche d'hypokaliémie, pas sa définition.",Prise de diurétiques hypokaliémiants,"Incorrecte. C'est une indication de surveillance, non la définition.",Dépassement de la température de conservation des échantillons sanguins,"Incorrecte. Cela peut provoquer une fausse hypokaliémie, mais ne définit pas la pathologie.",a
762,OIC-267-19-A,Quels sont les principaux signes cliniques de l'hypokaliémie?,La question évalue la capacité à identifier les signes musculaires spécifiques de l'hypokaliémie. Un piège courant est de confondre ces symptômes avec des manifestations digestives ou rénales.,"Crampes, myalgies, faiblesse musculaire","Correcte. Ces symptômes musculaires sont les manifestations principales de l'hypokaliémie, décrites dans le contenu éducatif.","Constipation, ileus paralytique",Incorrecte. Ces signes digestifs sont associés à l'hypokaliémie mais ne constituent pas les symptômes principaux.,"Polyurie, polydipsie, alcalose métabolique","Incorrecte. Ces signes rénaux sont des complications secondaires, non les symptômes cliniques principaux.","Rhabdomyolyse, néphropathie interstitielle","Incorrecte. Ces manifestations sont des complications graves, non les signes cliniques initiaux de l'hypokaliémie.",a
763,OIC-267-20-A,Quel est le signe ECG le plus spécifique de l'hypokaliémie?,Cette question évalue la capacité à identifier le signe ECG le plus spécifique de l'hypokaliémie. Le piège courant est de confondre les signes avec d'autres troubles électrolytiques.,Dépression du segment ST,Incorrect. La dépression du segment ST est un signe associé à l'hypokaliémie mais moins spécifique que l'onde U.,Inversion de l'onde T,"Incorrect. L'inversion de l'onde T peut survenir avec d'autres troubles électrolytiques, comme l'hypomagnésémie.",Apparition d'une onde U « pathologique »,"Correct. L'onde U est un marqueur spécifique de l'hypokaliémie, notamment en V3 et DII.",Allongement de l'espace QT,Incorrect. L'allongement du QT peut être observé dans d'autres pathologies (ex. hypomagnésémie) et n'est pas exclusif à l'hypokaliémie.,c
764,OIC-267-21-A,Quelle est la principale cause d'hypokaliémie avec pertes rénales et hypertension artérielle?,Cette question évalue la compréhension des étiologies des hypokaliémies selon la présence d'HTA. Le piège réside dans la confusion entre les causes rénales avec et sans HTA.,"Hyperaldostéronisme II (sténose artérielle rénale, HTA maligne)",Correcte. L'hyperaldostéronisme II est spécifiquement associé à des pertes rénales de potassium et à l'HTA.,Diurétiques thiazidiques,Incorrecte. Les diurétiques thiazidiques provoquent des pertes rénales de potassium mais sans lien direct avec l'HTA.,Syndrome de Bartter,Incorrecte. Le syndrome de Bartter est une cause rénale de hypokaliémie sans hypertension.,Hyperaldostéronisme I (syndrome adrénogénital),Incorrecte. L'hyperaldostéronisme I est une cause rénale de hypokaliémie sans hypertension artérielle.,a
765,OIC-267-22-A,Quelle est la mesure initiale de choix pour traiter une hypokaliémie sévère avec troubles cardiaques?,Cette question évalue la compréhension des priorités du traitement d'urgence de l'hypokaliémie sévère. Le piège courant est de confondre la supplémentation orale avec la voie intraveineuse.,"Administration intraveineuse de potassium (0,5 à 1,5 g/h) avec surveillance continue","Correcte : La voie intraveineuse est recommandée pour corriger rapidement la kaliémie sévère, avec des mesures de sécurité (surveillance et évitement des complications).",Supplémentation orale avec des aliments riches en potassium,"Incorrecte : Bien que la supplémentation orale soit efficace à long terme, elle n'est pas adaptée en cas de sévérité ou de risques cardiaques immédiats.",Apport de glucose pour stimuler la réabsorption du potassium,"Incorrecte : L'apport de glucose est à éviter initialement car il induit une sécrétion d'insuline, aggravant la kaliémie.",Correction systématique de la magnésémie sans surveillance cardiaque,"Incorrecte : La correction de la magnésémie associée est nécessaire, mais elle ne remplace pas la supplémentation potassium et la surveillance cardiaque.",a
766,OIC-267-23-A,Quelle est l'indication principale de prescription d'une natrémie selon le contenu éducatif?,Cette question évalue la compréhension des indications cliniques pour prescrire une mesure de sodium. Le piège réside dans la confusion avec d'autres troubles électrolytiques.,Présence de symptômes neurologiques ou digestifs,Correcte. Les symptômes neurologiques sont explicitement mentionnés comme indication de prescription.,Hypokaliémie,Incorrecte. L'hypokaliémie n'est pas citée comme indication dans le contenu éducatif.,Hypernatrémie,Incorrecte. L'hypernatrémie est le contraire de l'hyponatrémie et n'est pas liée aux indications mentionnées.,Hypocalcémie,Incorrecte. L'hypocalcémie est un trouble électrolytique distinct non abordé dans le contenu.,a
767,OIC-267-28-A,Quel est le principal risque lié à la correction rapide des hyponatrémies chroniques?,Cette question évalue la compréhension du risque spécifique de myélinolyse centro-pontine (MCP) lors de la correction rapide des hyponatrémies. Le piège réside dans la confusion avec d'autres complications moins spécifiques.,Myélinolyse centro-pontine (MCP),"Correcte. La MCP est une complication rare mais grave liée à la correction rapide des hyponatrémies, surtout en cas d'hypoxie, de malnutrition ou d'éthylisme.",Crises convulsives,"Incorrecte. Les crises convulsives peuvent survenir avec des déséquilibres électrolytiques, mais elles ne sont pas spécifiquement liées à la correction rapide des hyponatrémies.",Arrhythmies cardiaques,"Incorrecte. Les arrhythmies cardiaques sont plus souvent associées à des déséquilibres de potassium ou de calcium, pas à la correction rapide des hyponatrémies.",Déshydratation,"Incorrecte. La déshydratation est une conséquence possible de l'hyponatrémie, mais pas un risque direct lié à sa correction rapide.",a
768,OIC-267-29-A,Quels sont les indicateurs biologiques principaux du diagnostic d'une hypernatrémie?,Cette question évalue la compréhension des critères biologiques du diagnostic d'hypernatrémie. Un piège courant est de confondre les troubles électrolytiques liés à d'autres déséquilibres (ex. hyperkaliémie).,Hyperosmolalité et hypernatrémie,Correcte. L'hyperosmolalité plasmatique (>300 mOsm/Kg H2O) et l'hypernatrémie (>145 mmol/L) sont les indicateurs biologiques clés du diagnostic.,Hyperkaliémie et hypernatrémie,"Incorrecte. L'hyperkaliémie n'est pas un critère diagnostique de l'hypernatrémie, mais un trouble électrolytique distinct.",Déshydratation et hyperkaliémie,"Incorrecte. La déshydratation est un signe clinique, mais l'hyperkaliémie n'est pas lié à l'hypernatrémie.",Déshydratation et hyperosmolalité,"Incorrecte. Bien que l'hyperosmolalité soit un critère, la déshydratation seule ne suffit pas à diagnostiquer l'hypernatrémie.",a
769,OIC-267-30-B,Quelle situation entraîne une hypernatrémie sans déshydratation intracellulaire?,Cette question évalue la compréhension des mécanismes de l'hypernatrémie et la distinction entre les solutés osmotiquement actifs et inactifs. Un piège courant est de confondre les solutés qui provoquent une déshydratation intracellulaire avec ceux qui ne l'entraînent pas.,Perte d'eau extrarénale due à une transpiration excessive,"Incorrect. Cette situation provoque une hyperosmolalité plasmatique et une déshydratation intracellulaire, ce qui correspond à une hypernatrémie classique.",Présence de mannitol dans le plasma,"Correct. Le mannitol est un soluté osmotiquement actif qui crée un « trou osmotique », entraînant une hyperosmolalité sans déshydratation intracellulaire.",Absence de sécrétion d'ADH,"Incorrect. L'absence d'ADH provoque un diabète insipide, entraînant une hyperosmolalité plasmatique et une déshydratation intracellulaire.",Consommation d'éthanol en excès,"Incorrect. L'éthanol est un soluté osmotiquement inactif, qui ne provoque pas de déshydratation intracellulaire mais peut altérer la régulation de la soif.",b
770,OIC-267-32-A,Quelle est la principale étiologie des hypernatrémies liées à une perte d'eau non compensée?,Cette question évalue la compréhension des mécanismes d'origine rénale dans les hypernatrémies. Le piège réside dans la confusion entre les causes extrarénales et rénales.,Diabète insipide d'origine centrale,"Correcte. Le diabète insipide rénal est une cause majeure d'hypernatrémie par perte d'eau non compensée, avec polyurie hypotonique et hyperosmolalité plasmatique.",Déshydratation globale par perte digestive,"Incorrecte. La déshydratation globale implique un déficit en eau plus marqué que le déficit en sodium, mais elle est associée à une perte d'eau et de sodium simultanément.",Apport massif de sodium par perfusion,"Incorrecte. L'hyperhydratation extracellulaire est liée à un apport excessif de sodium, non à une perte d'eau non compensée.",Hypodipsie primitive,"Incorrecte. L'hypodipsie est une cause de déficit d'apport d'eau, mais elle ne correspond pas à une perte d'eau non compensée.",a
771,OIC-267-35-B,Quelle est la cause principale de l'hypocalcémie selon le texte?,La question évalue la compréhension des deux mécanismes de l'hypocalcémie (pertes accrues ou entrées réduites). Un piège courant est de ne considérer que l'un des deux facteurs.,Une augmentation des pertes de calcium et une diminution des entrées de calcium,"Correcte. Le texte explique que l'hypocalcémie résulte soit de pertes accrues, soit de diminution des entrées, donc de la combinaison des deux.",Une augmentation des pertes de calcium uniquement,"Incorrecte. Le texte mentionne deux causes distinctes (pertes ou entrées), non une seule.",Une diminution des entrées de calcium uniquement,"Incorrecte. Le texte indique que l'hypocalcémie peut résulter de pertes ou de diminution des entrées, non d'une seule cause.",Une augmentation de l'absorption intestinale de calcium,"Incorrecte. L'absorption accrue augmenterait le calcium, pas le réduire.",a
772,OIC-267-37-B,Quelle est la principale anomalie ECG associée à l'hypocalcémie?,Cette question évalue la compréhension des anomalies ECG spécifiques à l'hypocalcémie. Le piège courant est de confondre les complications secondaires (comme le bloc auriculo-ventriculaire) avec la principale anomalie.,Élargissement de l’intervalle QT,"Correcte. L'hypocalcémie provoque un allongement du QT en raison de la diminution de la concentration ionique, affectant la repolarisation myocardique.",Bloc auriculo-ventriculaire,"Incorrecte. Bien que possible, le bloc AV est une complication secondaire et non la principale anomalie ECG liée à l'hypocalcémie.",Fibrillation ventriculaire,"Incorrecte. La fibrillation ventriculaire est une complication grave possible, mais non la principale anomalie ECG observée en hypocalcémie.",Inversion des ondes T,"Incorrecte. L'inversion des ondes T est plus souvent associée à d'autres troubles (ex. ischémie), pas à l'hypocalcémie.",a
773,OIC-267-40-A,Quel est le traitement principal recommandé pour une hypocalcémie non sévère?,Cette question évalue la compréhension des principes de base du traitement des hypocalcémies. Le piège courant est de confondre le traitement symptomatique avec les mesures spécifiques aux cas particuliers.,"Administration orale de carbonate de calcium (500 à 1,5 g/jour)","Correcte. Le carbonate de calcium est le traitement de base pour l'hypocalcémie non sévère, administré en dehors des repas.",Administration intraveineuse de chlorure de calcium,"Incorrecte. Le chlorure de calcium est réservé aux cas sévères symptomatiques, non aux hypocalcémies légères.","Supplémentation en vitamine D hydroxylée (1,25-dihydroxyvitamine D)","Incorrecte. La vitamine D est utilisée en complément, notamment en cas de carence ou d'insuffisance rénale, mais non comme traitement principal.",Correction de l'hypomagnésémie par supplémentation en magnésium,"Incorrecte. L'hypomagnésémie est une cause possible d'hypocalcémie, mais la correction du magnésium ne constitue pas le traitement principal.",a
774,OIC-270-02-A,Quel est le critère principal permettant de distinguer une lombalgie commune d'une lombalgie secondaire?,Cette question évalue la capacité à identifier les arguments de fréquence et les signes de gravité dans les diagnostics différentiels. Le piège courant est de confondre les facteurs déclencheurs avec les signes cliniques spécifiques.,Présence de fièvre,"Incorrect. La fièvre est un signe de gravité associé aux causes secondaires (ex. infections, tumeurs), mais elle n'est pas le critère principal de distinction.",Âge supérieur à 65 ans,"Incorrect. L'âge peut influencer l'étiologie, mais il n'est pas le critère principal pour distinguer une lombalgie commune d'une secondaire.",Absence de signes neurologiques anormaux,"Correct. L'absence de signes neurologiques (ex. perte de sensation, faiblesse) est un argument en faveur d'une lombalgie commune, contrairement aux causes secondaires.",Antécédent de traumatisme,"Incorrect. Le traumatisme est une cause secondaire, donc son présence oriente vers une lombalgie secondaire et non commune.",c
775,OIC-283-03-B,Quelle est la principale différence entre l'origine fonctionnelle et l'origine organique de la constipation chez l'enfant?,Cette question évalue la capacité à distinguer les causes fonctionnelles (fréquentes) des causes organiques (rare mais nécessitant une évaluation spécifique). Le piège réside dans l'idée que la constipation fonctionnelle est toujours la première à considérer sans examen approfondi.,La constipation fonctionnelle est plus fréquente et ne nécessite jamais d'examens complémentaires,"Incorrect. La constipation fonctionnelle est fréquente, mais des examens sont nécessaires si le traitement initial échoue ou si des signes d'alerte sont présents.",L'origine organique est plus courante que l'origine fonctionnelle,"Incorrect. La constipation fonctionnelle est le plus souvent observée chez l'enfant, tandis que les causes organiques sont rares.",Les causes congénitales sont toujours associées à une constipation fonctionnelle,"Incorrect. Les causes congénitales (ex. obstruction anale) relèvent de l'origine organique, non fonctionnelle.",L'origine organique doit être évoquée en cas de mauvaise réponse au traitement initial ou en présence de signes d'alerte,Correct. C'est la recommandation clé pour distinguer les deux origines et éviter des complications.,d
776,OIC-283-04-B,Quelle est l'indication principale des examens d'imagerie dans la constipation chronique?,La question évalue la compréhension des critères d'indication pour les examens d'imagerie. Un piège courant est de confondre les situations de première consultation sans signes d'alarme avec les cas nécessitant des examens.,Présence de signes d'alarme,"Correcte. Les signes d'alarme (ex. : hémorragie rectale, altération de l'état général) justifient des examens d'imagerie pour éliminer des pathologies graves.",Consultation initiale sans signes d'alarme,Incorrecte. Aucun examen complémentaire systématique n'est indiqué en première consultation sans signes d'alarme.,Âge supérieur à 50 ans,"Incorrecte. L'âge est un critère pour la coloscopie, mais non une indication principale générale des examens d'imagerie.",Suspicions de maladie de Hirschsprung,"Incorrecte. Le lavement opaque est indiqué pour suspecter la maladie de Hirschsprung, mais ce n'est pas une indication principale des examens d'imagerie.",a
777,OIC-283-05-A,Quelle est la principale fonction de l'interrogatoire dans la prise en charge de la constipation?,Cette question évalue la compréhension des objectifs de l'interrogatoire. Le piège réside dans la confusion entre les étapes de l'interrogatoire et l'examen clinique.,Confirmer le diagnostic et identifier les facteurs favorisants,"Correcte. L'interrogatoire permet de confirmer le diagnostic et d'identifier les facteurs comme la sédentarité ou les médicaments, conformément au contenu.",Évaluer la présence de matières fécales dans l'abdomen,"Incorrecte. L'identification de matières fécales est une observation de l'examen clinique, pas de l'interrogatoire.",Analyser le mécanisme de la constipation (transit ou distale),"Incorrecte. L'analyse du mécanisme est une conclusion de l'interrogatoire, mais non son objectif principal.",Examiner le sphincter anal pendant les efforts de poussée,"Incorrecte. Cette évaluation est réalisée lors de l'examen périnéal dynamique, non de l'interrogatoire.",a
778,OIC-283-08-B,Quelle est une complication majeure de la constipation chronique chez l'enfant mentionnée dans le contenu?,Cette question évalue la compréhension des complications associées à la constipation chronique. Le piège réside dans la confusion entre les différents symptômes.,Encoprésie,"Correcte. L'encoprésie est explicitement mentionnée comme complication, surtout après 4 ans chez les garçons.",Fissure anale,"Incorrecte. Bien que mentionnée, la fissure anale est un symptôme local et non une complication majeure globale.",Prolapsus rectal,Incorrecte. Le prolapsus rectal est une complication possible mais moins fréquente que l'encoprésie.,Infections urinaires,"Incorrecte. Les infections urinaires sont des complications secondaires, non directement liées à la constipation chronique.",a
779,OIC-284-01-A,Combien de sous-types de syndrome de l'intestin irritable (SII) existe-t-il selon le transit prédominant?,Cette question évalue la compréhension des sous-types du SII. Un piège courant est de confondre le sous-type 'formes inclassées' avec un type supplémentaire.,3,"Incorrect. Le sous-type 'formes inclassées' (SII-I) est inclus dans les 4 sous-types, donc la réponse correcte est 4.",4,"Correct. Le SII comporte 4 sous-types : SII-D, SII-C, SII-A et SII-I.",5,"Incorrect. Le SII-I englobe les cas non classés, donc il n'y a pas de sous-type supplémentaire.",6,Incorrect. Le texte précise clairement qu'il existe 4 sous-types.,b
780,OIC-284-04-A,Quelle est une caractéristique clinique principale de la colopathie fonctionnelle?,Cette question évalue la compréhension des symptômes clés de la colopathie fonctionnelle. Le piège courant est de confondre les symptômes avec d'autres pathologies digestives.,La douleur abdominale est constante et présente la nuit,"Incorrect. La douleur est intermittente et n'est pas classiquement présente la nuit, selon le contenu.",La constipation est le seul trouble du transit observé,"Incorrect. Le trouble du transit peut être une constipation, une diarrhée ou une alternance des deux, comme mentionné dans le texte.",La douleur abdominale est indépendante du transit,"Incorrect. Les douleurs sont liées au transit (amélioration ou aggravation après la défécation), selon le contenu.",La douleur abdominale est exacerbée par le stress et améliorée par le repos,Correct. Cela correspond aux descriptions du texte sur l'aggravation par le stress et l'accalmie pendant les périodes de repos.,d
781,OIC-284-06-B,Quelle est l'indication principale de la coloscopie selon le contenu éducatif?,La question évalue la compréhension des critères prioritaires pour prescrire une coloscopie. Le piège réside dans la confusion entre les différents types d'indications.,Présence de signes cliniques d'alarme,"Correcte. Les signes d'alarme (âge >50 ans, sang dans les selles, amaigrissement, etc.) sont prioritaires pour justifier une coloscopie.",Symptomatologie diarrhéique,"Incorrecte. Bien que mentionnée, la diarrhée est une indication secondaire et nécessite des examens complémentaires.",Anomalie à l'examen clinique,"Incorrecte. Une anomalie physique (masse abdominale) est une indication, mais moins prioritaire que les signes d'alarme.","Anomalie biologique (anémie, inflammation)","Incorrecte. Les anomalies biologiques justifient une coloscopie, mais ne sont pas l'indication principale selon le contenu.",a
782,OIC-284-07-B,Quels examens complémentaires sont utilisés pour éliminer les diagnostics différentiels dans le SII?,La question évalue la compréhension des examens biologiques essentiels pour écarter les pathologies organiques. Un piège courant est de confondre les examens spécifiques à certains sous-types (comme la lambliase) avec les examens généraux.,"NFS, CRP, TSH, anticorps anti-transglutaminase","Correcte. Ces examens permettent d'éliminer l'anémie, l'inflammation, la hyperthyroïdie et la maladie cœliaque, des diagnostics différentiels clés.",Examens radiologiques (ex. coloscopie),"Incorrecte. Les examens radiologiques ne sont pas recommandés pour les formes typiques de SII, car ils ne sont pas pertinents pour écarter des pathologies organiques.",Examen parasitologique des selles,"Incorrecte. Cet examen est spécifique au sous-type diarrhéique du SII, non à tous les diagnostics différentiels généraux.",Dosage de la glycémie et des électrolytes,Incorrecte. Ces paramètres ne sont pas mentionnés comme des examens essentiels pour écarter les diagnostics différentiels du SII.,a
783,OIC-288-03-B,Quelle théorie explique l'efficacité des traitements dits veinotoniques dans la maladie hémorroïdaire?,Cette question évalue la compréhension des deux théories de pathogénie et leur lien avec les traitements. Le piège réside dans la confusion entre les facteurs mécaniques et les effets des veinotoniques.,La théorie mécanique,"Incorrect. La théorie mécanique explique les facteurs de risque physiques (ex. efforts de poussée), mais ne justifie pas l'efficacité des veinotoniques.",La théorie vasculaire,"Correct. Bien que les hémorroïdes ne soient pas des veines, l'efficacité des veinotoniques soutient cette hypothèse, malgré la contradiction anatomique.",Les deux théories combinées,Incorrect. Les deux théories sont distinctes et ne sont pas nécessairement combinées pour expliquer l'efficacité des traitements.,Aucune des deux théories,"Incorrect. La théorie vasculaire est explicitement liée à l'efficacité des veinotoniques, même si elle reste hypothétique.",b
784,OIC-288-04-A,Quelle est la méthode d'exploration permettant de visualiser le plexus hémorroïdaire interne?,Cette question évalue la compréhension de la méthode d'exploration spécifique pour visualiser le plexus interne. Un piège courant est de confondre la visualisation du plexus externe avec celle du plexus interne.,L'examinateur digital,Incorrect. Le toucher anal est insuffisant au diagnostic et ne permet pas de visualiser le plexus interne.,L'anoscopie,"Correct. L'examinateur peut visualiser le plexus interne via un anuscope, contrairement au plexus externe.",La palpation externe,"Incorrect. Les hémorroïdes externes ne se palpent pas en dehors des cas de thrombose, et le plexus interne n'est pas palpable.",L'observation visuelle,Incorrect. Le plexus interne n'est pas visible à l'œil nu et nécessite un examen endocanalaire.,b
785,OIC-288-05-A,Quelle affirmation est correcte concernant le diagnostic d'une thrombose hémorroïdaire externe?,"Cette question évalue la compréhension des modalités diagnostiques de la thrombose hémorroïdaire, en mettant en évidence le piège courant de croire que l'anoscopie est nécessaire.",L'anoscopie est nécessaire pour confirmer le diagnostic.,Incorrect. L'anoscopie est évitée pendant la phase aiguë pour éviter la douleur.,La tuméfaction est douce et non sensible.,Incorrect. La tuméfaction est indurée et très sensible à la palpation.,Les saignements sont immédiats et constants.,Incorrect. Les saignements sont tardifs et inconstants.,L'anoscopie n'est pas requise pour le diagnostic.,Correct. L'anoscopie est évitée pendant la phase aiguë en raison de la douleur.,d
786,OIC-288-11-A,Quelle est la description correcte de la photographie présentée?,La question évalue la capacité à identifier les caractéristiques cliniques de la thrombose hémorroïdaire externe. Un piège courant est de confondre la thrombose interne avec l'ulcération.,Thrombose hémorroïdaire externe avec ulcération au sommet du caillot,Correcte. La description correspond exactement à l'image présentée dans le contenu éducatif.,Thrombose hémorroïdaire interne sans ulcération,Incorrecte. La thrombose interne ne présente pas d'ulcération et est généralement asymptomatique.,Fissure anale avec érosion superficielle,Incorrecte. Les fissures anales se situent dans le canal anal et ne comportent pas de caillot thrombotique.,Hémorroïdes internes avec dilatation veineuse,Incorrecte. Les hémorroïdes internes ne se thromboses pas et ne présentent pas d'ulcération.,a
787,OIC-288-12-B,Quel est le principal facteur favorisant la pathologie hémorroïdaire?,Cette question évalue la compréhension des facteurs clés contribuant à la pathologie hémorroïdaire. Un piège courant est de confondre les facteurs préventifs (comme l'alimentation riche en fibres) avec les facteurs favorisants.,Constipation et effort pendant les selles,"Correcte. La constipation et l'effort lors des selles augmentent la pression veineuse dans les hemorrhoides, favorisant leur développement.",Alimentation riche en fibres,"Incorrecte. Une alimentation riche en fibres prévient la constipation, un facteur de risque, mais ne favorise pas directement la pathologie.",Activité physique régulière,"Incorrecte. L'activité physique réduit le risque de constipation et améliore la circulation sanguine, agissant comme un facteur protecteur.",Sédentarité,"Incorrecte. La sédentarité est un facteur de risque secondaire, mais non principal, par rapport à la constipation et à l'effort lors des selles.",a
788,OIC-288-14-A,Quelle est la principale raison des quatre règles de préambule thérapeutique pour les hémorroïdes?,"Cette question évalue la compréhension du rôle des règles de préambule, qui visent à guider la prise en charge en fonction des symptômes et de la demande du patient. Un piège courant est de croire que toutes les hémorroïdes doivent être traitées.",Les règles visent à déterminer quand et comment traiter les hémorroïdes symptomatiques.,Correcte. Les règles s'appliquent spécifiquement aux hémorroïdes symptomatiques et guident la prise en charge en fonction des symptômes et de la demande du patient.,Les règles visent à prévenir la survenue des hémorroïdes.,"Incorrecte. Le texte indique que les hémorroïdes ne présentent aucun risque de dégénérescence, donc la prévention n'est pas leur objectif.","Les règles visent à traiter toutes les formes d'hémorroïdes, y compris asymptomatiques.","Incorrecte. Le texte précise que seul les cas symptomatiques sont à traiter, donc les formes asymptomatiques ne sont pas concernées.",Les règles visent à traiter les hémorroïdes chroniques par des méthodes chirurgicales dès le début.,"Incorrecte. Les procédés chirurgicaux sont réservés à une prise en charge spécialisée, non à tous les cas.",a
789,OIC-299-01-A,Quelle est la définition correcte d'une tumeur primitive intracrânienne?,Cette question évalue la compréhension de la distinction entre tumeurs primitives et secondaires. Le piège courant est de confondre la localisation (intra vs extra parenchymateuse) avec le type de tumeur.,Une tumeur issue de la dissémination d'une tumeur externe,"Incorrect. C'est la définition d'une tumeur secondaire (métastase), non primitive.",Une tumeur développée à l'intérieur de l'encéphale,"Correct. Une tumeur primitive est intra parenchymateuse, issue d'un tissu intracrânien.",Une tumeur issue des méninges ou des nerfs crâniens,"Incorrect. C'est la définition d'une tumeur extra parenchymateuse, mais elle reste primitive si elle provient des annexes.",Une tumeur maligne de mauvais pronostic,"Incorrect. La malignité est une caractéristique distincte, non liée à la classification primitive/secondaire.",b
790,OIC-299-02-A,Quelle est la caractéristique principale des tumeurs primitives des annexes du système nerveux central?,Cette question évalue la capacité à distinguer les origines des tumeurs intracrâniennes (SNC vs annexes). Le piège réside dans la confusion entre les termes 'intra-axial' et 'extra-axial'.,Elles sont développées à partir des méninges et des nerfs crâniens,"Correcte. Les tumeurs des annexes proviennent des structures externes au cerveau (méninges, nerfs crâniens).",Elles sont localisées dans le cerveau et le tronc cérébral,Incorrecte. C'est la description des tumeurs primitives du système nerveux central (intra-axiales).,Elles se développent dans le système nerveux périphérique,"Incorrecte. Les annexes du SNC incluent les méninges et nerfs crâniens, pas le système périphérique.",Elles sont associées à des tumeurs du cervelet,Incorrecte. Les tumeurs du cervelet sont des tumeurs primitives du SNC (intra-axiales).,a
791,OIC-299-04-B,Quelle tumeur primitive intracrânienne provient des cellules de Schwann des nerfs crâniens/périphériques?,Cette question évalue la compréhension de l'origine cellulaire des tumeurs intracrâniennes. Le piège réside dans la confusion avec d'autres types de tumeurs ayant des origines différentes.,Neurinome ou schwannome,"Correcte. Le neurinome provient effectivement des cellules de Schwann, comme indiqué dans le contenu.",Épendymome,"Incorrecte. L'épendymome provient des épendymocytes des ventricules, non des cellules de Schwann.",Médulloblastome,"Incorrecte. Le médulloblastome est une tumeur embryonnaire, non liée aux cellules de Schwann.",Hémangioblastome,"Incorrecte. L'hémangioblastome est une tumeur vasculaire, non dérivée des cellules de Schwann.",a
792,OIC-299-05-A,Quel est le tableau clinique principal devant évoquer une tumeur intracrânienne?,La question évalue la capacité à identifier le tableau clinique le plus spécifique à une tumeur intracrânienne. Le piège réside dans la confusion entre les manifestations secondaires (comme les déficits focaux) et le tableau principal.,Syndrome d’hypertension intracrânienne (HTIC),"Correcte. L’HTIC est le tableau principal lié à l’augmentation du volume dans l’enceinte crânienne, avec des symptômes comme les céphalées atypiques et les vomissements « en jets ».",Déficits neurologiques focaux,"Incorrecte. Les déficits focaux sont des manifestations secondaires liées à la localisation de la tumeur, non au tableau principal.",Épilepsie,"Incorrecte. L’épilepsie est une complication possible, surtout pour les tumeurs lentes, mais non le tableau clinique principal.",Troubles endocriniens,"Incorrecte. Les troubles endocriniens sont spécifiques aux tumeurs de la région sellaire, non au tableau général d’une tumeur intracrânienne.",a
793,OIC-299-06-B,Quel examen est principalement utilisé pour le bilan préopératoire d'une tumeur intracrânienne chez l'adulte?,"La question évalue la compréhension de la supériorité de l'IRM pour le bilan préopératoire, tout en signalant le piège de confondre l'urgence (scanner) et le bilan détaillé (IRM).",Scanner cérébral sans et avec injection,"Incorrect. Le scanner est utilisé en urgence pour le diagnostic rapide, mais l'IRM est plus performante pour le bilan préopératoire.",Radiographie du crâne,Incorrect. La radiographie n'est pas adaptée pour évaluer les tumeurs intracrâniennes en raison de sa faible sensibilité aux lésions cérébrales.,Échographie crânienne,Incorrect. L'échographie n'est pas utilisée en routine pour les tumeurs intracrâniennes en raison de la barrière crânienne.,Imagerie par résonance magnétique (IRM),"Correct. L'IRM permet une évaluation détaillée des caractéristiques tumorales, des effets de masse et des séquences multimodales (diffusion, perfusion, etc.).",d
794,OIC-299-07-A,Quelle investigation n'est pas incluse dans la recherche systématique de cancer primitif devant une métastase cérébrale?,Cette question évalue la compréhension des étapes de la recherche d'extension métastatique. Le piège réside dans la confusion entre les examens cliniques et radiologiques standardisés et ceux non mentionnés dans le contenu.,Scanner thoraco-abdomino-pelvien avec injection de produit de contraste,Correcte : C'est une investigation radiologique essentielle mentionnée explicitement dans le contenu.,Mammographie chez la femme,Correcte : C'est un examen clinique spécifique inclus dans la recherche systématique.,TEP scanner au fluorodéoxyglucose (18F),Correcte : C'est une investigation radiologique complémentaire recommandée dans le contenu.,Puncture lombaire,Incorrecte : Cette investigation n'est pas mentionnée comme partie de la recherche systématique dans le contenu éducatif.,d
795,OIC-299-08-A,Quelle est la principale urgence neurologique liée à une tumeur intracrânienne?,"La question évalue la capacité à identifier les deux urgences majeures (HTIC et épilepsie) associées aux tumeurs cérébrales. Un piège courant est de confondre les symptômes (œdème, troubles visuels) avec les urgences elles-mêmes.",Hypertension intracrânienne (HTIC) et épilepsie (état de mal),"Correcte. Les deux urgences principales sont l'HTIC et l'épilepsie, mentionnées explicitement dans le contenu.",Hydrocéphalie obstructive et atteinte du nerf II,"Incorrecte. L'hydrocéphalie obstructive est une cause de l'HTIC, mais non une urgence indépendante. L'atteinte du nerf II est un signe de l'HTIC, pas une urgence.",Œdème cérébral et troubles visuels,"Incorrecte. Ces symptômes sont des conséquences de l'HTIC, non des urgences elles-mêmes. Les troubles visuels sont un signe d'alerte, pas une urgence.",Résection chirurgicale et prise d'anticonvulsivants,"Incorrecte. Ces éléments sont des traitements ou des interventions, non des urgences neurologiques.",a
796,OIC-299-09-B,Quel est le traitement principal pour l'œdème vasogénique péri-tumoral chez un patient avec une tumeur intracrânienne?,"Cette question évalue la compréhension des principes de prise en charge de l'HTIC. Le piège courant est de confondre les traitements spécifiques (corticothérapie, diurétiques) avec les interventions chirurgicales ou les traitements anticonvulsivants.","Corticothérapie (méthylprednisolone, déxaméthasone)","Correcte. Les corticoïdes sont spécifiquement indiqués pour l'œdème vasogénique péri-tumoral, comme mentionné dans le contenu éducatif.",Chirurgie de résection pour une tumeur volumineuse,"Incorrecte. La chirurgie est indiquée pour les tumeurs volumineuses ou hémorragiques, pas pour l'œdème vasogénique.",Ventriculocisternostomie endoscopique,"Incorrecte. Cette intervention est réservée à la hydrocéphalie obstructive, non à l'œdème vasogénique.",Prise en charge anticonvulsivante préventive,"Incorrecte. Les anticonvulsivants ne sont pas utilisés de façon préventive en l'absence de crise, comme précisé dans le contenu éducatif.",a
797,OIC-302-03-B,Quel est le type de tumeur cutanée le plus fréquent en France?,Cette question évalue la compréhension des données d'incidence des tumeurs cutanées. Le piège courant est de confondre le carcinome épidermoïde avec le carcinome basocellulaire.,Carcinome basocellulaire (CBC),"Correcte. Le CBC est explicitement mentionné comme le plus fréquent des cancers cutanés, avec une incidence de 150 cas/100 000 habitants par an.",Carcinome épidermoïde (CE),Incorrecte. Le CE est moins fréquent que le CBC (30 cas/100 000 habitants par an) et plus courant chez les hommes.,Mélanome,"Incorrecte. Le mélanome a une incidence de 15 cas/100 000 habitants par an, bien inférieure au CBC.",Carcinome de Merkel,Incorrecte. Ce type de tumeur n'est pas mentionné dans le contenu et est très rare.,a
798,OIC-302-04-A,Quels sont les facteurs de mauvais pronostic influençant les marges chirurgicales pour les carcinomes cutanés?,Cette question évalue la compréhension des critères pronostiques affectant la prise en charge des carcinomes. Un piège courant est de confondre les facteurs de mélanomes (indice de Breslow) avec ceux des carcinomes.,"Localisation à la face périorificielle, taille >2 cm, formes sclérodermiformes et récidivantes",Correcte. Ces facteurs sont explicitement mentionnés comme influençant les marges chirurgicales dans le contenu.,"Indice de Breslow supérieur à 2 mm, marges de 2 cm","Incorrecte. L'indice de Breslow est un critère spécifique aux mélanomes, pas aux carcinomes.","Exérèse suture en ambulatoire, absence de récidive","Incorrecte. Ces éléments décrivent des modalités de traitement, pas des facteurs pronostiques.","Prévention par l'éviction du soleil, dépistage régulier","Incorrecte. Ces points relèvent de la prévention, non des critères de prise en charge des carcinomes.",a
799,OIC-302-06-B,Quels sont les facteurs de mauvais pronostic des carcinomes épidermoïdes?,Cette question évalue la compréhension des facteurs de risque associés aux carcinomes épidermoïdes. Un piège courant est de confondre les facteurs des carcinomes basocellulaires avec ceux des épidermoïdes.,"La taille de la lésion (>2cm), la localisation sur tempe, oreille ou lèvre, un faible niveau de différenciation, une épaisseur tumorale >3mm, un envahissement périnerveux et l’immunodépression",Correcte. Ces facteurs sont explicitement mentionnés dans le contenu éducatif comme étant associés à un pronostic péjoratif.,L’absence de métastases et la localisation sur le visage,"Incorrecte. L’absence de métastases est un facteur de bon pronostic des carcinomes basocellulaires, pas des épidermoïdes. La localisation sur le visage est un facteur de risque pour les épidermoïdes.",L’âge supérieur à 60 ans et la présence de comorbidités,Incorrecte. L’âge et les comorbidités ne sont pas mentionnés comme facteurs de risque spécifiques aux épidermoïdes dans le contenu.,La taille de la lésion (<1cm) et la différenciation élevée,"Incorrecte. Ces facteurs correspondent à un bon pronostic, contrairement aux facteurs de mauvais pronostic énoncés dans le contenu.",a
800,OIC-302-07-A,Quelle est la principale modalité de prévention primaire des carcinomes épidermoïdes et basocellulaires?,Cette question évalue la compréhension des mesures de prévention primaire. Le piège courant est de confondre la prévention secondaire (dépistage) avec la prévention primaire (prévention des facteurs de risque).,Encourager la prévention solaire et traiter les lésions précancéreuses,"Correcte. La prévention primaire inclut à la fois la protection contre les UV et le traitement des lésions précancéreuses, comme indiqué dans le contenu.",Effectuer un dépistage régulier des lésions cutanées,"Incorrecte. Le dépistage régulier relève de la prévention secondaire, non primaire. Il vise à détecter les cancers à un stade précoce, pas à les prévenir.",Éviter la consommation de tabac,"Incorrecte. Bien que le tabac soit un facteur de risque, il n'est pas mentionné dans le contenu comme une mesure spécifique de prévention primaire pour ces carcinomes.",Pratiquer la chirurgie préventive des lésions cutanées,"Incorrecte. La chirurgie est une méthode de traitement, pas une mesure de prévention. Elle n'est pas mentionnée dans le contenu comme une stratégie primaire.",a
801,OIC-302-11-A,Quelle est la règle utilisée pour identifier cliniquement un mélanome?,"Cette question évalue la compréhension de la règle ABCDE, un outil clé pour détecter les mélanomes. Un piège courant est de confondre les critères cliniques avec les critères histologiques.","Règle ABCDE (asymétrie, bords irréguliers, couleur inhomogène, diamètre ≥ 6 mm, évolutivité)",Correcte. La règle ABCDE est le critère principal pour identifier les mélanomes cliniquement.,Diamètre ≥ 5 mm,"Incorrecte. Le seuil clinique est de 6 mm, non 5 mm.",Index mitotique,"Incorrecte. L'index mitotique est un critère pronostique histologique, non clinique.",Dermoscopie,"Incorrecte. La dermoscopie est une méthode complémentaire, non la règle de diagnostic clinique.",a
802,OIC-302-12-B,Quelle affirmation correspond correctement à la classification AJCC 8e édition du mélanome?,La question évalue la compréhension des critères de classification AJCC. Le piège courant est de confondre les stades III et IV avec les facteurs histo-pronostiques.,Le stade IV correspond à des métastases à distance,"Correcte. Selon la classification AJCC, le stade IV est défini par la présence de métastases à distance.",Le stade III inclut les mélanomes sans atteinte ganglionnaire,"Incorrecte. Le stade III correspond à une atteinte locorégionale (cutanée ou ganglionnaire), pas à l'absence d'atteinte ganglionnaire.",Le stade I et II incluent des mélanomes avec récidive ganglionnaire,Incorrecte. Les stades I et II concernent des mélanomes primitifs sans récidive ganglionnaire ou à distance.,L'ulcération est le seul critère pronostique au stade IV,"Incorrecte. Au stade IV, les facteurs pronostiques incluent le taux de LDH, la masse tumorale et les métastases cérébrales, pas uniquement l'ulcération.",a
803,OIC-302-13-A,Quelle est la principale modalité de prévention primaire du mélanome?,Cette question évalue la compréhension de la distinction entre prévention primaire et secondaire. Le piège courant est de confondre la prévention primaire (réduction des facteurs de risque) avec la prévention secondaire (dépistage précoce).,Limiter l'exposition aux UV en utilisant des vêtements protecteurs et en évitant les heures de forte irradiation,"Correcte. La prévention primaire vise à réduire l'exposition aux UV, facteur environnemental principal du mélanome.",Former les médecins à détecter les lésions cutanées suspectes,"Incorrecte. Cette mesure relève de la prévention secondaire, visant le dépistage précoce.",Former les soignants et la population générale au dépistage du mélanome,"Incorrecte. Cette action est associée à la prévention secondaire, non à la prévention primaire.",Effectuer des examens cutanés réguliers par des professionnels de santé,"Incorrecte. Le dépistage régulier est une mesure de prévention secondaire, non primaire.",a
804,OIC-302-16-B,Quelle est la caractéristique principale du carcinome épidermoïde illustré dans la photographie?,La question évalue la capacité à identifier les caractéristiques cliniques distinctives du carcinome épidermoïde. Un piège courant est de confondre ces signes avec d'autres lésions cutanées.,"Tumeur irrégulière ulcéro-végétante, recouverte de croûtes, à bords inflammatoires et base indurée",Correcte. Cette description correspond exactement aux caractéristiques cliniques typiques du carcinome épidermoïde.,"Lésion lisse, rouge, non ulcérée avec des bords nets",Incorrecte. Cette description correspond plutôt à une lésion bénigne comme une verrue ou une érythème.,"Tumeur ronde, rouge, avec ulcère central et bords clairs",Incorrecte. Cette description évoque une lésion de type carcinome basocellulaire ou une autre pathologie cutanée.,"Tumeur large, indolore, avec ulcère central et absence de croûtes",Incorrecte. Cette description correspond davantage à un mélanome ou à une lésion non inflammatoire.,a
805,OIC-310-01-B,Quelle est la principale lésion maligne de la prostate?,Cette question évalue la compréhension des types de tumeurs de la prostate. Le piège courant est de confondre l'hyperplasie bénigne avec le cancer.,Adénocarcinome,Correcte. L'adénocarcinome représente 95 % des cancers de la prostate et est la lésion maligne la plus fréquente.,Hyperplasie bénigne de la prostate,Incorrecte. L'hyperplasie est une lésion bénigne qui ne dégénère jamais en cancer.,Carcinome neuroendocrine,Incorrecte. Ce type de cancer est très rare (moins de 1 % des cas) et ne représente pas la principale lésion maligne.,Lymphome,"Incorrecte. Le lymphome est une tumeur secondaire, très rare, qui ne correspond pas à la lésion maligne la plus fréquente.",a
806,OIC-310-02-B,Quel est le cancer le plus fréquent chez l'homme de plus de 50 ans selon l'épidémiologie présentée?,Cette question évalue la compréhension des données d'incidence. Le piège courant est de confondre incidence et mortalité.,Le cancer de la prostate,Correcte. Le texte indique que le cancer de la prostate est le plus fréquent avec 51 000 cas par an.,Le cancer du poumon,"Incorrecte. Le cancer du poumon est le deuxième en incidence, mais moins fréquent que le cancer de la prostate.",Le cancer colo-rectal,"Incorrecte. Le cancer colo-rectal est le troisième en incidence, avec environ 23 200 cas par an.",Le cancer du sein,Incorrecte. Le cancer du sein n'est pas mentionné comme étant fréquent chez l'homme.,a
807,OIC-310-04-B,Quel est le principal site de dissémination métastatique non ganglionnaire du cancer de la prostate?,Cette question évalue la compréhension des voies de dissémination du cancer de la prostate. Un piège courant est de confondre les sites de métastase avec les voies lymphatiques.,Os,"Correcte. L'os est le principal site de dissémination métastatique non ganglionnaire du cancer de la prostate, comme indiqué dans le contenu éducatif.",Poumon,"Incorrecte. Bien que le poumon soit un site possible de métastase, il n'est pas le principal site non ganglionnaire mentionné dans le contenu.",Foie,"Incorrecte. Le foie est un site de dissémination possible, mais il est décrit comme secondaire par rapport à l'os dans le contenu éducatif.",Ganglions lymphatiques,"Incorrecte. Les ganglions lymphatiques sont impliqués dans l'extension lymphatique, mais ils ne sont pas considérés comme des sites de métastase non ganglionnaire.",a
808,OIC-310-06-A,"Quelle est la valeur seuil du PSA qui doit alerter lors d'une suspicion de cancer de la prostate, et comment doit-on interpréter cette valeur?","La question évalue la compréhension des règles de bon usage du dosage du PSA, en particulier la prise en compte des facteurs contextuels (âge, volume prostatique) et la nécessité de confirmation.","4 ng/ml, mais cette valeur doit être pondérée au volume prostatique et à l'âge du patient",Correcte. La valeur seuil de 4 ng/ml est contextuelle et nécessite une analyse clinique approfondie.,"2 ng/ml, sans ajustement selon l'âge ou le volume prostatique",Incorrecte. La valeur seuil n'est pas fixe et doit être interprétée avec prudence.,"5 ng/ml, avec une confirmation immédiate par biopsie",Incorrecte. Le seuil n'est pas 5 ng/ml et une biopsie n'est pas systématique après un seul dosage élevé.,"1 ng/ml, sans considération des facteurs cliniques",Incorrecte. La valeur seuil est bien plus élevée et doit être contextualisée.,a
809,OIC-312-01-B,Quelle est l'incidence des cancers du sein chez les femmes en France?,"Cette question évalue la compréhension de l'incidence des cancers du sein, un concept clé en épidémiologie. Le piège courant est de confondre incidence et mortalité ou de mal interpréter les chiffres.",1 femme sur 8 développera un cancer du sein,"Correcte. Cette statistique correspond à l'incidence, c'est-à-dire le nombre de nouveaux cas parmi la population féminine.",58 000 nouveaux cas par an,"Incorrecte. Ce chiffre représente l'incidence absolue (nombre de cas), pas le taux d'incidence par rapport à la population.",12 000 décès par an,"Incorrecte. Ce chiffre correspond à la mortalité, non à l'incidence des cancers du sein.",L'âge médian au décès est de 74 ans,"Incorrecte. Cette donnée concerne l'âge au décès, pas l'incidence des cancers.",a
810,OIC-312-03-B,Quelle est la principale prédisposition génétique associée au syndrome herpétique du sein-ovaire (HBOC)?,Cette question évalue la compréhension des facteurs génétiques majeurs dans les cancers familiaux du sein. Le piège courant est de confondre le mode de transmission (récessif) avec le type de gène (BRCA1/2 vs. autres mutations).,Mutations germinales BRCA1/BRCA2,"Correcte. Les mutations BRCA1/2 sont les principales causes de HBOC, avec un rôle clé dans la réparation de l'ADN et la carcinogénèse.",Mutation PALB2,"Incorrecte. La mutation PALB2 est un facteur secondaire, impliqué dans des cas rares de prédisposition génétique, mais pas la principale cause de HBOC.",Syndrome de Li-Fraumeni (gène TP53),"Incorrecte. Le syndrome de Li-Fraumeni est lié au gène TP53 et à des cancers multiples, mais pas spécifiquement au sein-ovaire comme HBOC.",Transmission autosomique dominante,"Incorrecte. Le mode de transmission de BRCA1/2 est autosomique récessif, non dominante, ce qui est un point clé à retenir.",a
811,OIC-312-06-A,Quelle est une présentation clinique typique des tumeurs du sein?,Cette question évalue la capacité à identifier les signes cliniques spécifiques des tumeurs mammaires. Un piège courant est de confondre les symptômes généraux (comme l'asthénie) avec des signes locaux (comme l'écoulement mamelonnaire).,Écoulement mamelonnaire,"Correcte. L'écoulement mamelonnaire est un signe clinique spécifique évoquant une tumeur du sein, mentionné explicitement dans le contenu.",Asthénie,Incorrecte. L'asthénie est un symptôme général (fatigue) et non un signe local spécifique des tumeurs mammaires.,Ulcère cutané,"Incorrecte. Bien que mentionné comme un signe, l'ulcère cutané est une complication secondaire et non une présentation clinique principale.",Érythème localisé,"Incorrecte. L'érythème peut être associé à une inflammation, mais il est moins spécifique que l'écoulement mamelonnaire pour diagnostiquer une tumeur du sein.",a
812,OIC-312-07-B,Quelle est la caractéristique principale observée dans les deux photographies des lésions cutanées du sein?,La question évalue la capacité à identifier les signes cliniques visibles sur les images. Un piège courant est de confondre les symptômes non visibles (comme les écoulements) avec les signes observables.,Asymétrie mammaire et rétraction (« en coup de hache »),Correcte. Les deux images montrent clairement ces deux signes : asymétrie dans la première et rétraction dans la seconde.,Inflammation et écoulement lacté,"Incorrecte. L'inflammation est visible dans la première image, mais l'écoulement lacté n'est pas observé directement sur les photographies.",Œdème et plat,"Incorrecte. L'œdème est mentionné dans la description, mais la « plat » (flatness) n'est pas un critère visuel des images.",Peau d’orange et écoulement sanglant,"Incorrecte. La peau d’orange est visible dans la première image, mais l'écoulement sanglant n'est pas observé directement.",a
813,OIC-312-08-A,Quelle est l'indication principale de la mammographie selon le contenu éducatif?,"La question évalue la compréhension des indications principales de la mammographie, en mettant en évidence l'exception pour les femmes très jeunes. Un piège courant est de confondre l'indication avec le dépistage uniquement.","La mammographie est l’examen à réaliser en 1ère intention, sauf chez les femmes très jeunes (âge < 30 ans).","Correcte. C'est la principale indication énoncée dans le contenu éducatif, avec l'exception claire pour les jeunes femmes.",La mammographie est utilisée uniquement pour le dépistage.,"Incorrecte. Le contenu précise qu'elle est aussi réalisée en cas de symptôme, à visée diagnostique.",La mammographie est réalisée uniquement pour les lésions palpables.,Incorrecte. Le contenu mentionne qu'elle guide les biopsies pour les lésions non palpables.,La mammographie n’est pas nécessaire en cas d’anomalie clinique.,Incorrecte. Le contenu indique qu'elle est systématiquement réalisée devant toute anomalie clinique.,a
814,OIC-312-09-B,Quelles sont les indications principales de la biopsie mammaire selon le contenu?,La question évalue la compréhension des critères d'indication pour la biopsie mammaire. Un piège courant est de confondre les indications avec les modalités techniques (ex. stéréotaxie).,"Les lésions classées Bi-Rads 4 et 5, ainsi que les lésions Bi-Rads 3 chez les patientes mutées BRCA",Correcte. Le texte précise que les Bi-Rads 4/5 sont toujours biopsiées et que les Bi-Rads 3 sont indiquées chez les BRCA mutées.,Les lésions classées Bi-Rads 3 chez les patientes non mutées BRCA,Incorrecte. Le texte indique que les Bi-Rads 3 ne sont indiquées que chez les BRCA mutées ou avec antécédents de malignité.,La cytologie pour les masses ou foyers de microcalcifications,"Incorrecte. La cytologie n'est pas recommandée pour les masses ou microcalcifications, mais uniquement pour les adénopathies ou écoulements suspects.",Les macrobiopsies guidées par IRM pour les lésions visibles en mammographie,"Incorrecte. Les macrobiopsies par IRM sont indiquées pour des lésions non visibles en mammographie ou échographie, non pour des lésions visibles.",a
815,OIC-312-10-B,Quel est le type principal de tumeur maligne du sein mentionné dans le contenu?,Cette question évalue la capacité à distinguer les tumeurs bénignes des malignes et à identifier le type le plus fréquent. Un piège courant est de confondre les carcinomes in situ (non infiltrants) avec les carcinomes infiltrants.,Adénofibrome,"C'est une tumeur bénigne, donc incorrecte. Elle est souvent indolore et bien délimitée.",Mastopathie fibrokystique,"C'est une maladie bénigne, donc incorrecte. Elle se caractérise par des douleurs cycliques et des masses sensibles.",Carcinome lobulaire infiltrant,"C'est une tumeur maligne, mais moins fréquente que le carcinome canalaire infiltrant. Elle est mentionnée comme un type spécifique.",Carcinome canalaire infiltrant,"C'est le type principal de tumeur maligne du sein, mentionné comme le plus fréquent dans le contenu. Il est associé à une progression locale et métastatique.",d
816,OIC-312-11-B,Quelle est l'indication principale pour effectuer un bilan d'extension local chez une patiente atteinte de cancer du sein?,Cette question évalue la compréhension des critères d'indication pour le bilan d'extension local. Un piège courant est de confondre les critères de bilan d'extension à distance avec ceux de bilan local.,Rechercher des lésions additionnelles et des adénopathies axillaires,"Correcte. Le bilan d'extension local vise à identifier les lésions secondaires locales, comme les adénopathies axillaires, via mammographie et échographie.",Évaluer la présence de métastases cérébrales,"Incorrecte. Les métastases cérébrales sont investiguées via un bilan d'extension à distance, non local.",Déterminer la taille de la tumeur en cas de lésion supérieure à 5 cm,"Incorrecte. La taille de la tumeur >5 cm est un critère pour réaliser un curage axillaire, pas un bilan d'extension local.",Identifier les métastases osseuses en cas de discordance entre les examens,"Incorrecte. Les métastases osseuses sont évaluées via scintigraphie osseuse ou TDM, dans le cadre d'un bilan d'extension à distance.",a
817,OIC-315-02-A,Quelle est la particularité de l'incidence des leucémies aiguës lymphoblastiques (LAL)?,Cette question évalue la compréhension des différences d'incidence entre les catégories de leucémies aiguës. Un piège courant est de confondre les pics d'âge des LAL et des LAM.,Deux pics d'incidence : chez l'enfant de moins de 15 ans et chez l'adulte au-delà de 50 ans,"Correcte. La LAL présente bien deux pics d'incidence, contrairement aux LAM.",Un seul pic d'incidence chez l'enfant de moins de 15 ans,"Incorrecte. La LAL a un deuxième pic d'incidence chez les adultes, contrairement à cette option.",Un seul pic d'incidence chez l'adulte au-delà de 50 ans,"Incorrecte. La LAL a un premier pic d'incidence chez les enfants, ce qui n'est pas mentionné ici.",Un seul pic d'incidence chez l'adulte au-delà de 70 ans,"Incorrecte. Ce pic correspond aux LAM, pas aux LAL, et la LAL a deux pics d'incidence.",a
818,OIC-315-03-B,Quelle est la principale caractéristique des étiologies des leucémies aiguës (LA) et des leucémies aiguës lymphoblastiques (LAL)?,"Cette question évalue la compréhension que les étiologies des leucémies aiguës sont en majorité inconnues, bien que certains facteurs de risque soient identifiés. Un piège courant est de croire que toutes les causes sont connues.","Les étiologies sont en majorité inconnues, mais certains facteurs de risque sont identifiés.","Correcte. Le contenu indique que les étiologies sont inconnues dans la majorité des cas, mais des facteurs comme les toxiques, les radiations ou les anomalies génétiques sont connus.",Les étiologies sont toutes connues et liées à des facteurs environnementaux.,"Incorrecte. Le contenu précise que les étiologies sont inconnues dans la majorité des cas, contrairement à cette affirmation.",Les étiologies sont exclusivement génétiques.,"Incorrecte. Le contenu mentionne des facteurs non génétiques comme les toxiques et les radiations, ce qui rend cette option trop restrictive.","Les étiologies sont uniquement virales (EBV, HTLV1, VIH).","Incorrecte. Bien que certains virus soient associés à des sous-types rares, le contenu indique que d'autres facteurs (toxiques, génétiques) sont également impliqués.",a
819,OIC-315-04-A,Quel est le signe clinique principal lié à l’insuffisance médullaire dans les leucémies aiguës?,"Cette question évalue la compréhension des signes cliniques associés à l’insuffisance médullaire. Le piège réside dans la confusion entre les syndromes secondaires (hémorragique, infectieux) et le syndrome principal.",Syndrome anémique,"Correcte. Le syndrome anémique est le signe clinique principal, lié à la suppression de la production érythrocytaire par l’insuffisance médullaire.",Syndrome hémorragique,"Incorrecte. Bien que présent, le syndrome hémorragique est secondaire à la thrombopénie et non au mécanisme principal de l’insuffisance médullaire.",Syndrome infectieux,"Incorrecte. Le syndrome infectieux résulte de la neutropénie, un effet secondaire de l’insuffisance médullaire, mais non le signe principal.",Coagulation intravasculaire disséminée,"Incorrecte. C’est une complication secondaire du syndrome hémorragique, non un signe direct de l’insuffisance médullaire.",a
820,OIC-315-05-A,Quel est le principal signe biologique de gravité associé au syndrome tumoral dans les leucémies aiguës?,Cette question évalue la capacité à identifier les complications spécifiques du syndrome tumoral. Le piège réside dans la confusion avec les manifestations du syndrome d'insuffisance médullaire.,Hyperleucocytose avec risque de leucostase,"Correcte. L'hyperleucocytose est un marqueur clé du syndrome tumoral, entraînant des complications comme la leucostase.",Anémie sévère avec insuffisance myocardique,"Incorrecte. C'est une manifestation du syndrome d'insuffisance médullaire, non du syndrome tumoral.",Troubles neurologiques avec atteinte méningée,Incorrecte. Ces complications sont liées au syndrome tumoral mais moins spécifiques que l'hyperleucocytose.,Troubles de l'hémostase avec risque de syndrome de lyse,"Incorrecte. Ces signes sont associés à la LAM3 et au syndrome de lyse, non au syndrome tumoral.",a
821,OIC-315-07-B,Quel est l'intérêt principal du myélogramme dans le diagnostic des leucémies aiguës?,Cette question évalue la compréhension de l'importance du myélogramme dans la différenciation des leucémies aiguës. Un piège courant est de confondre son rôle avec celui de l'immunophénotypage ou de la ponction médullaire.,"Permettre le diagnostic et la caractérisation des leucémies aiguës (type, cytogénétique, moléculaire)","Correcte. Le myélogramme permet de détecter les blastes ≥ 20 % et d'orienter le diagnostic, avec des analyses complémentaires pour la caractérisation.",Identifier les anomalies immunophénotypiques des blastes,"Incorrecte. L'immunophénotypage est une technique complémentaire, non le rôle principal du myélogramme.",Révéler la présence d'une infiltration médullaire par des cellules sanguines,"Incorrecte. La ponction médullaire est l'examen principal pour l'infiltration, non le myélogramme.",Analyser les anomalies génétiques des cellules sanguines,"Incorrecte. L'analyse moléculaire est une technique spécifique, non directement liée au myélogramme.",a
822,OIC-315-10-B,Quelle est l'indication principale d'un myélogramme chez un enfant selon le contenu éducatif?,Cette question évalue la compréhension des critères d'indication pour un myélogramme. Un piège courant est de confondre les critères d'indication (présence de 2 ou 3 lignées cytopéniques) avec les résultats du myélogramme (blastes >25%) ou les examens complémentaires.,"La présence de 2 ou 3 lignées cytopéniques (anémie, thrombopénie, neutropénie) à l'hémogramme","Correcte. Le contenu éducatif précise que cette atteinte est l'indication principale pour un myélogramme, indépendamment de la blastose circulante.",La blastose circulante,Incorrecte. Le texte indique que la blastose circulante n'est pas nécessaire pour poser l'indication d'un myélogramme.,La présence de plus de 25% de blastes dans le myélogramme,"Incorrecte. Cette valeur est un résultat du myélogramme, non un critère d'indication.",La présence de symptômes neurologiques nécessitant un LCR,"Incorrecte. Le LCR est systématiquement réalisé même en l'absence de symptômes neurologiques, mais ce n'est pas l'indication principale du myélogramme.",a
823,OIC-325-01-A,Quelle définition correspond à un effet indésirable médicamenteux (EIM)?,"Cette question évalue la compréhension de la définition centrale d'un EIM, en soulignant le piège courant de confondre les réactions indésirables avec les effets attendus ou non nocifs.","Toute réaction nocive et non voulue suspectée d'être due à un médicament, y compris en cas d'usage hors-autorisation ou d'erreur médicamenteuse","Correcte : Recouvre exactement la définition donnée, incluant les cas d'usage non conforme et les erreurs.","Toute réaction non voulue, même non nocive, suspectée d'être due à un médicament","Incorrecte : Manque l'élément essentiel de la nocivité, qui est une caractéristique clé d'un EIM.","Toute réaction voulue mais néfaste, comme un effet secondaire attendu","Incorrecte : Confond EIM avec les effets secondaires attendus, qui ne sont pas considérés comme indésirables dans le cadre de l'autorisation.","Toute réaction non voulue liée à un médicament, même si elle est bénéfique","Incorrecte : Inverse la logique en associant une réaction bénéfique à un EIM, ce qui contredit la définition de « non voulue ».",a
824,OIC-325-03-A,Quelle est la définition d'une prescription médicamenteuse inappropriée (PMI)?,"Cette question évalue la compréhension de la définition centrale d'une PMI, souvent confondue avec d'autres problèmes comme les coûts ou les interactions non signalées.",Une prescription qui engendre plus de risques que de bénéfices pour le patient,Correcte. C'est la définition clé donnée dans le contenu éducatif.,Une prescription non couverte par l'assurance maladie,Incorrecte. La couverture par l'assurance n'est pas le critère principal de l'inappropriation.,Une prescription trop coûteuse pour le système de santé,Incorrecte. Le coût n'est pas mentionné comme critère de définition d'une PMI.,Une prescription utilisant un médicament non autorisé dans le pays,"Incorrecte. L'autorisation de mise sur le marché (AMM) est un facteur, mais non la définition principale.",a
825,OIC-325-04-B,Quelle est la liste complète des 5 B de la règle de prévention des dysfonctionnements du circuit du médicament?,"Cette question évalue la maîtrise de la règle des 5 B, un outil clé pour éviter les erreurs médicamenteuses. Un piège courant est de confondre les termes ou d'omettre un élément.","Bon Patient, Bon Médicament, Bonne Dose, Bonne Voie, Bon Moment",Correcte : elle inclut tous les 5 B de la règle sans erreur.,"Bon Patient, Bon Médicament, Bon Dose, Bonne Voie, Bon Moment","Incorrecte : 'Bon Dose' est incorrect, il faut 'Bonne Dose' avec un 'e' au début.","Bon Patient, Bon Médicament, Bonne Dose, Bon Volume, Bon Moment","Incorrecte : 'Bon Volume' remplace 'Bonne Voie', un élément clé de la règle.","Bon Patient, Bon Médicament, Bonne Dose, Bonne Voie, Bon Temps","Incorrecte : 'Bon Temps' remplace 'Bon Moment', un terme essentiel pour la sécurité.",a
826,OIC-325-06-B,Quel pourcentage d'admissions en médecine ou en chirurgie est attribué à un événement indésirable grave selon l'Étude nationale des événements indésirables liés aux soins (ENEIS)?,Cette question évalue la compréhension des données clés de l'ENEIS. Le piège courant est de confondre les pourcentages relatifs aux événements graves et évitables.,3 à 5%,Correcte. C'est le pourcentage principal mentionné dans les résultats de l'ENEIS concernant les admissions liées à des événements graves.,50%,"Incorrecte. Ce pourcentage correspond à la proportion d'événements graves liés aux produits de santé, non aux admissions totales.",7%,"Incorrecte. Ce taux correspond à l'incidence des événements graves en cours d'hospitalisation, pas aux admissions initiales.",2 événements graves sur 5 évitables,"Incorrecte. Cette information concerne l'évitabilité des événements graves, non leur fréquence globale.",a
827,OIC-325-08-A,Quel est l'objectif principal de la pharmacovigilance?,Cette question évalue la compréhension de l'objectif central de la pharmacovigilance. Un piège courant est de confondre la sécurité pré-marketing avec la surveillance post-marketing.,Améliorer le rapport bénéfice/risque des médicaments au niveau individuel et collectif,Correcte. C'est l'objectif principal énoncé dans le contenu éducatif.,Assurer la sécurité des médicaments avant leur mise sur le marché,"Incorrecte. La pharmacovigilance se concentre sur la surveillance post-marketing, pas sur la sécurité pré-marketing.",Collecter des données sur les effets indésirables pour des études de recherche,"Incorrecte. Bien que la collecte de données soit une méthode, elle n'est pas l'objectif principal.",Prévenir les erreurs médicales liées à la prescription,"Incorrecte. La prévention des erreurs médicales relève de la gestion des risques iatrogènes, pas de la pharmacovigilance.",a
828,OIC-325-09-B,Quelle méthode est utilisée pour évaluer l'imputabilité d'un effet indésirable médicamenteux en France?,Cette question évalue la compréhension des critères d'imputabilité. Un piège courant est de confondre cette méthode avec d'autres approches comme l'analyse statistique ou l'opinion d'experts.,"Critères chronologiques, sémiologiques et bibliographiques",Correcte. Ces trois critères sont explicitement mentionnés dans la méthode française d'imputabilité.,Analyse statistique des données cliniques,"Incorrecte. L'imputabilité ne repose pas sur des analyses statistiques, mais sur des critères cliniques et bibliographiques.",Opinion d'un expert en pharmacologie,"Incorrecte. Bien que l'expertise soit utile, l'imputabilité est déterminée par des critères structurés et non par une opinion subjective.",Critères uniquement chronologiques,"Incorrecte. L'imputabilité nécessite une évaluation multidimensionnelle (chronologique, sémiologique et bibliographique).",a
829,OIC-325-10-A,Qui est responsable de déclarer un effet indésirable suspecté d'être dû à un médicament?,Cette question évalue la compréhension des acteurs impliqués dans la déclaration d'effets indésirables. Un piège courant est de penser que seul le professionnel de santé est concerné.,Seul le professionnel de santé,"Incorrect. Les entreprises, les patients et les associations agréées sont également concernés.",Seulement les patients et les associations agréées,Incorrect. Les professionnels de santé et les entreprises doivent également déclarer.,Les entreprises et les patients uniquement,Incorrect. Les professionnels de santé sont obligatoires pour les effets graves ou inattendus.,"Les professionnels de santé, les entreprises, les patients et les associations agréées",Correct. Tous ces acteurs sont concernés selon la gravité et la nature de l'effet indésirable.,d
830,OIC-325-12-A,Qui est obligé de déclarer un cas de pharmacodépendance grave ou d’abus grave?,Cette question évalue la compréhension des obligations légales en matière de déclaration des cas de dépendance. Un piège courant est de confondre les professionnels obligés avec ceux qui peuvent déclarer volontairement.,"Le médecin, le chirurgien-dentiste, le sage-femme et le pharmacien",Correcte. Ces professionnels sont explicitement mentionnés comme obligés de déclarer selon le texte.,Le médecin et le pharmacien uniquement,"Incorrecte. Les chirurgiens-dentistes et les sages-femmes sont également concernés, ce qui rend cette option incomplète.",Le patient ou une famille,"Incorrecte. Les personnes non professionnelles ne sont pas obligées de déclarer, même si elles peuvent le faire volontairement.","Le médecin et le pharmacien, avec l'accord du patient",Incorrecte. La déclaration n'exige pas l'accord du patient et inclut des professionnels non mentionnés (comme les sages-femmes).,a
831,OIC-325-15-A,Quelle est une conséquence possible d'une erreur médicamenteuse selon le contenu?,Cette question évalue la compréhension des conséquences d'une erreur médicamenteuse. Un piège courant est de confondre les conséquences avec des aspects non mentionnés dans le texte (ex. coûts financiers).,Un événement indésirable entraînant un dommage pour le patient,Correcte. C'est une conséquence explicitement mentionnée dans le texte.,Une sanction administrative pour le professionnel de santé,Incorrecte. Le texte ne mentionne pas de sanctions administratives comme conséquence directe.,Un coût financier important pour l'établissement de santé,"Incorrecte. Bien que possible, le texte ne le présente pas comme une conséquence directe de l'erreur.",Une amélioration de la sécurité des soins,Incorrecte. Cela contredit la définition d'une erreur médicamenteuse comme un événement évitable négatif.,a
832,OIC-325-17-A,Quelle est la principale source d'erreurs lors de la dispensation des médicaments?,Cette question évalue la compréhension des étapes critiques du circuit du médicament. Le piège courant est de confondre les erreurs de dispensation avec celles de stockage ou d'administration.,"Erreurs de dose, d'omission et de médicament (similitude de nom ou de présentation)",Correcte. Ces erreurs sont explicitement mentionnées dans la section 'Dispensation' comme principales sources de problèmes.,"Erreurs liées aux conditions de stockage (température, humidité)","Incorrecte. Ces risques sont associés au transport et au stockage, non à la dispensation.",Erreurs de patient identification et de technique d'administration,"Incorrecte. Ces erreurs relèvent de l'étape d'administration, pas de la dispensation.",Erreurs de prescription et de communication interprofessionnelle,"Incorrecte. Ces risques sont liés à la phase de prescription, non à la dispensation.",a
833,OIC-325-18-B,Quelle est la définition correcte de la contrefaçon d’un médicament selon le texte?,"Cette question évalue la compréhension de la définition précise de la contrefaçon, en distinguant clairement les concepts liés aux produits falsifiés, aux brevets et à la qualité non conforme.",La contrefaçon d’un médicament est la fabrication de médicaments non conformes aux normes de qualité.,"Incorrect. Cela correspond à la qualité inférieure non intentionnelle, non liée à la contrefaçon délibérée.",La contrefaçon d’un médicament est la reproduction frauduleuse de l’emballage ou de la marque.,"Plausible mais incorrect. Cela relève de la contrefaçon de marques, un sous-ensemble des « faux médicaments » plus larges, non la définition principale.",La contrefaçon d’un médicament est la falsification de l’identité ou de la source du médicament.,"Correct. Cela correspond exactement à la définition de l’OMS, incluant la falsification délibérée de l’identité ou de la source.",La contrefaçon d’un médicament est la violation des brevets liés à la fabrication du médicament.,"Incorrect. Cela concerne les litiges de brevets, un domaine distinct de la contrefaçon délibérée.",c
834,OIC-325-20-B,Quelle est la condition principale pour que la CCI puisse saisir un dossier d'accident médical?,Cette question évalue la compréhension des critères de saisine des CCI. Le piège réside dans la confusion entre les seuils de gravité et les délais de prescription.,Un taux d'atteinte permanente à l'intégrité physique ou psychique (AIPP) supérieur à 24 %,Correcte. C'est l'un des seuils définis pour qualifier un dommage comme 'grave' et justifier la saisine des CCI.,Un délai de 10 ans à compter du décès de la victime,"Incorrecte. Ce délai concerne la prescription des recours, pas la saisine des CCI.",Une expertise médicale réalisée dans un délai de 6 mois,"Incorrecte. Le délai de 6 mois concerne l'évaluation du dossier par la CCI, pas la condition de saisine.",Une offre d'indemnisation formulée par l'ONIAM dans un délai de 4 mois,"Incorrecte. Cette étape intervient après la saisine, non comme condition de saisine elle-même.",a
835,OIC-326-01-A,"Quel professionnel de santé a le droit de prescrire des médicaments de manière large, bien que ses autorisations puissent être limitées pour certaines spécialités?","Cette question évalue la compréhension des rôles des professionnels de santé dans la prescription. Le piège courant est de confondre les droits de prescription des différents acteurs (ex. pharmacien, sage-femme).",Le médecin,"Correct. Les médecins disposent d'un droit de prescription large, mais peuvent être limités pour les spécialités à prescription restreinte.",Le chirurgien-dentiste,"Incorrect. Les chirurgiens-dentistes peuvent prescrire uniquement les actes nécessaires à leur exercice, sans droit général de prescription.",La sage-femme,"Incorrect. Les sages-femmes sont limités à une liste restrictive de médicaments, sans droit de prescription général.",Le pharmacien,Incorrect. Les pharmaciens dispensent les médicaments mais n'ont pas le droit de prescrire.,a
836,OIC-326-04-B,"Quel professionnel est principalement responsable de vérifier la validité d'une ordonnance, d'analyser les interactions médicamenteuses et de garantir le respect des responsabilités légales et économiques?",Cette question évalue la compréhension des rôles spécifiques des professionnels en aval de la prescription. Le piège courant est de confondre les responsabilités des pharmaciens et des infirmiers.,Le pharmacien,"Correcte. Le pharmacien effectue les vérifications légales et pharmaceutiques (date, posologie, interactions) et assume des responsabilités économiques via la substitution générique.",L'infirmier,"Incorrecte. L'infirmier applique la prescription et vérifie son contenu en cas de doute, mais ne réalise pas les analyses pharmaceutiques ou les vérifications légales.",Le prescripteur,"Incorrecte. Le prescripteur est responsable de la formulation de la prescription, mais non de son exécution ou de la vérification des aspects légaux et économiques.",Le patient,"Incorrecte. Le patient n'a aucun rôle dans la vérification ou l'exécution de la prescription, sauf en cas d'urgence où il peut être impliqué dans la prise de décision.",a
837,OIC-326-06-B,Quelle est l'objectif principal du développement professionnel continu (DPC) selon l'article L4021-1 du CSP?,Cette question évalue la compréhension des objectifs du DPC. Un piège courant est de confondre les modalités de validation avec les objectifs.,"Maintenir et actualiser les connaissances et compétences, ainsi qu'améliorer les pratiques",Correcte. C'est l'objectif explicitement mentionné dans l'article L4021-1 du CSP.,Respecter les obligations légales liées à la prescription médicale,"Incorrecte. Cette obligation est mentionnée dans l'article R4127-11, mais elle ne définit pas l'objectif du DPC.",Valider le DPC via des parcours recommandés ou des démarches d'accréditation,"Incorrecte. Ces modalités concernent la validation du DPC, pas ses objectifs.",Apprécier la fiabilité des sources d'informations médicales,Incorrecte. Cette compétence est liée au PDC mais n'est pas l'objectif principal du DPC.,a
838,OIC-326-07-B,Quel facteur est essentiel pour ajuster le rapport bénéfice/risque lors de la prescription d'un médicament?,Cette question évalue la compréhension de l'importance de la situation individuelle du patient dans l'ajustement du rapport bénéfice/risque. Un piège courant est de confondre ce facteur avec d'autres éléments comme le coût ou la disponibilité du médicament.,L'histoire médicale du patient,"C'est un élément important de l'évaluation pré-thérapeutique, mais il ne constitue pas le facteur principal pour ajuster le rapport bénéfice/risque.",Le prix du médicament,Le prix n'est pas mentionné comme un critère dans le processus d'ajustement du rapport bénéfice/risque.,La disponibilité du médicament sur le marché,La disponibilité n'est pas un facteur pris en compte dans l'ajustement du rapport bénéfice/risque.,La situation individuelle du patient,"C'est le facteur central évoqué dans le contenu pour ajuster le rapport bénéfice/risque, incluant les caractéristiques physiologiques, les antécédents et l'évaluation des fonctions organiques.",d
839,OIC-328-02-A,Quelle est la principale finalité du règlement UE 2017/745 concernant les dispositifs médicaux?,Cette question évalue la compréhension de l'objectif principal du règlement européen. Un piège courant est de confondre la réglementation des prix avec la standardisation des procédures de mise sur le marché.,Uniformiser la mise sur le marché et la mise en service des dispositifs médicaux dans l'Union Européenne,Correcte. Le règlement vise précisément à harmoniser les procédures de mise sur le marché et de mise en service des dispositifs médicaux.,Réglementer les prix et les remboursements des dispositifs médicaux,"Incorrecte. Le règlement ne traite pas des prix ou des remboursements, qui relèvent d'autres cadres juridiques.",Définir les produits d'origine humaine comme dispositifs médicaux,Incorrecte. Les produits d'origine humaine sont explicitement exclus de la définition des dispositifs médicaux.,Imposer des contrôles pharmacologiques sur les dispositifs médicaux,"Incorrecte. Les dispositifs médicaux ne sont pas réglementés par des moyens pharmacologiques, immunologiques ou métaboliques selon leur définition.",a
840,OIC-328-03-B,"Qui est responsable de la prescription initiale des podo-orthèses, orthèses sur mesure, prothèses et fauteuils roulants électriques?",Cette question évalue la compréhension des règles de prescription des dispositifs médicaux. Un piège courant est de confondre la prescription initiale avec le renouvellement ou les actes associés.,Le médecin généraliste,"Incorrect. Le médecin généraliste est responsable du renouvellement, pas de la prescription initiale.",Le médecin spécialiste,Correct. Le texte précise que la prescription initiale est réalisée par un médecin spécialiste.,Le kinésithérapeute,"Incorrect. Le kinésithérapeute peut intervenir dans certains remboursements, mais pas dans la prescription initiale.",L'IDE (infirmier diplômé d'État),"Incorrect. L'IDE intervient dans des actes de soins, pas dans la prescription des dispositifs médicaux.",b
841,OIC-328-07-B,Quel est le facteur principal à considérer lors de la prescription d'une orthèse?,Cette question évalue la compréhension des critères médicaux de prescription des orthèses. Le piège courant est de confondre les facteurs cliniques avec des aspects logistiques ou financiers.,L'âge du patient,"Incorrect. L'âge peut influencer le choix de l'orthèse, mais il n'est pas le facteur principal de prescription.",Le type de lésion,Correct. Le type de lésion détermine la fonction et la structure de l'orthèse prescrite.,Le coût de l'orthèse,"Incorrect. Le coût est un critère logistique, non médical, et ne guide pas la prescription.",La disponibilité des matériaux,Incorrect. La disponibilité n'impacte pas directement la décision médicale de prescription.,b
842,OIC-328-08-A,Quelle est la principale fonction d'une prothèse de membre?,Cette question évalue la compréhension de la définition centrale des prothèses. Le piège courant est de confondre leur fonction principale avec des aspects secondaires comme l'esthétique.,Remplacer un membre ou un segment de membre manquant,Correcte. C'est la définition explicite donnée dans le contenu éducatif.,Améliorer l'esthétique du membre résiduel,"Incorrecte. Bien que les prothèses supérieures puissent avoir une composante esthétique, la fonction principale est fonctionnelle, non esthétique.",Renforcer la force musculaire du membre résiduel,"Incorrecte. Les prothèses ne renforcent pas la musculature, elles remplacent un membre manquant.",Faciliter la rééducation par des exercices spécifiques,"Incorrecte. La rééducation est un processus distinct, même si la prothèse est utilisée en synergie avec elle.",a
843,OIC-328-10-B,Quelle catégorie d’aide technique correspond à l’exemple « Canne »?,Cette question évalue la compréhension des catégories d’aides techniques et leur lien avec les indications. Le piège réside dans la confusion entre les aides au déplacement et les aides à la déambulation.,Aides à la déambulation,"Correcte. La canne est un dispositif conçu pour stabiliser la marche, correspondant à la catégorie des aides à la déambulation.",Aides au déplacement,"Incorrecte. Les aides au déplacement, comme le fauteuil roulant électrique, visent à permettre le déplacement, pas la marche.",Aides à la station debout,"Incorrecte. Les aides à la station debout, comme le verticalisateur, visent à aider la personne à se tenir debout, pas à marcher.",Aides à la manipulation et à la préhension,"Incorrecte. Les aides à la manipulation, comme le guide de transfert, visent à faciliter les gestes quotidiens, pas la mobilité locomotrice.",a
844,OIC-330-01-A,Quelle est une contre-indication absolue aux anti-inflammatoires non stéroïdiens (AINS)?,"Cette question évalue la compréhension des contre-indications des AINS, un point critique pour la sécurité thérapeutique. Le piège réside dans la confusion entre les contre-indications absolues et les précautions d'emploi.",La grossesse à partir du 6e mois,"Correcte. Les AINS sont contre-indiqués à partir du 6e mois de grossesse en raison des risques fœtaux (fermeture prématurée du canal artériel, insuffisance rénale fœtale).",L'insuffisance rénale chronique,"Incorrecte. L'insuffisance rénale est une contre-indication absolue, mais la question porte sur une contre-indication spécifique liée à la grossesse.",L'insuffisance cardiaque sévère,"Incorrecte. L'insuffisance cardiaque est une contre-indication pour certains AINS (coxibs, diclofénac), mais pas une contre-indication absolue universelle.",L'hypertension artérielle non contrôlée,"Incorrecte. L'hypertension est une précaution d'emploi, non une contre-indication absolue, sauf pour certains coxibs (étoricoxib).",a
845,OIC-330-02-A,Quel est le mécanisme d'action correct pour les diurétiques épargneurs de potassium?,Cette question évalue la compréhension des mécanismes d'action spécifiques des diurétiques épargneurs de potassium. Le piège courant est de confondre les mécanismes des autres classes de diurétiques.,Inhibition du co-transporteur NKCC2,"Incorrect. Ce mécanisme correspond aux diurétiques de l’anse (ex. furosémide), non aux épargneurs de potassium.",Inhibition du transporteur NCC au niveau du tube contourné distal,Incorrect. Ce mécanisme est propre aux diurétiques thiazidiques (ex. hydrochlorothiazide).,Antagonisme des récepteurs de l’aldostérone,"Correct. La spironolactone, un diurétique épargneur de potassium, bloque les récepteurs de l’aldostérone, réduisant la réabsorption de sodium et la perte de potassium.",Inhibition de la pompe Na+/K+ ATPase,Incorrect. Ce mécanisme n’est pas mentionné dans le contenu et n’est pas lié aux diurétiques épargneurs de potassium.,c
846,OIC-330-04-A,Quelle est l'indication commune à tous les médicaments du système rénine-angiotensine?,Cette question évalue la compréhension des indications générales des deux classes de médicaments. Le piège courant est de confondre les indications spécifiques avec les indications communes.,Hypertension artérielle,Correcte. L'hypertension artérielle est une indication commune à tous les médicaments du système rénine-angiotensine.,Insuffisance cardiaque avec dysfonction systolique,Incorrecte. Cette indication est spécifique à certains médicaments (IEC et certains antagonistes des récepteurs).,Néphropathie diabétique protéinurique,"Incorrecte. Cette indication est spécifique à certains antagonistes des récepteurs (ex. irbésartan, losartan).",Post-infarctus du myocarde récent,Incorrecte. Cette indication est spécifique à certains médicaments (ex. valsartan).,a
847,OIC-330-08-A,Quel anticoagulant oral direct (AOD) inhibe directement la thrombine?,"Cette question évalue la compréhension des mécanismes d'action des anticoagulants. Un piège courant est de confondre les inhibiteurs de la thrombine (dabigatran) avec ceux de la factor Xa (apixaban, rivaroxaban).",Apixaban,"Inhibe le facteur Xa, non la thrombine. C'est un AOD mais avec un mécanisme différent.",Rivaroxaban,"Inhibe le facteur Xa, non la thrombine. C'est un AOD mais avec un mécanisme différent.",Warfarine,"Est un coumarin indirect, qui inhibe la carboxylation des facteurs vitamine K dépendants, pas la thrombine.",Dabigatran,"Inhibe directement la thrombine, ce qui correspond au mécanisme décrit dans le tableau des AOD.",d
848,OIC-330-09-A,Quel est le mécanisme d'action principal des benzodiazépines?,"Cette question évalue la compréhension du mécanisme d'action des benzodiazépines, un concept fondamental pour leur prescription. Le piège courant est de confondre leur action avec celle d'autres classes de médicaments.",Modulation des récepteurs GABA-A,"Correcte. Les benzodiazépines renforcent l'effet inhibiteur du GABA sur les récepteurs GABA-A, augmentant l'entrée de chlorure et réduisant l'excitabilité neuronale.",Inhibition des récepteurs sérotoninergiques,"Incorrecte. Les benzodiazépines n'agissent pas sur les récepteurs sérotoninergiques, contrairement aux antidépresseurs SSRI.",Bloquage des canaux sodiques,"Incorrecte. Ce mécanisme est typique des anesthésiques locaux et des anticonvulsivants, pas des benzodiazépines.",Inhibition de l'acétylcholinestérase,"Incorrecte. Cette action est associée aux anticholinestérasiques, non aux benzodiazépines.",a
849,OIC-330-10-A,Quel est le mécanisme d'action principal des inhibiteurs spécifiques de recapture de la sérotonine (ISRS)?,Cette question évalue la compréhension du mécanisme d'action des ISRS. Un piège courant est de confondre ce mécanisme avec celui des autres classes d'antidépresseurs.,Inhiber la recapture de la sérotonine,"Correcte. Les ISRS agissent en bloquant la recapture de la sérotonine par les neurones, augmentant ainsi sa concentration synaptique.",Bloquer la libération de la sérotonine,"Incorrecte. Les ISRS ne modulent pas la libération de la sérotonine, mais inhibent son recapture après libération.",Augmenter la libération de la sérotonine,"Incorrecte. Les ISRS ne stimulent pas la libération de la sérotonine, mais empêchent son recapture.",Renforcer la dégradation de la sérotonine,"Incorrecte. Les ISRS n'agissent pas sur la dégradation enzymatique de la sérotonine, mais sur son recapture.",a
850,OIC-330-11-A,Quel est le mécanisme d'action principal des antipsychotiques?,Cette question évalue la compréhension du mécanisme central des antipsychotiques. Les options incluent des mécanismes secondaires ou des effets secondaires pour créer des pièges.,Bloquage des récepteurs dopaminergiques D2,Correcte. Le blocage des récepteurs D2 est le mécanisme principal des antipsychotiques classiques (neuroleptiques).,Agonisme des récepteurs sérotoninergiques 5-HT2A,"Incorrecte. Cela décrit un mécanisme secondaire des antipsychotiques atypiques, non le principal.",Effets anticholinergiques,"Incorrecte. Cela correspond à un effet secondaire, non au mécanisme d'action principal.",Action GABAergique,Incorrecte. Les antipsychotiques ne ciblent pas directement le système GABAergique.,a
851,OIC-330-13-A,Quel mécanisme d'action est associé aux statines?,"Cette question évalue la compréhension des mécanismes d'action des hypocholestérolémiants. Un piège courant est de confondre les mécanismes des différentes classes de médicaments (ex : résines, fibrates).",Inhibition de la synthèse hépatique du cholestérol par l'HMG-CoA réductase,"Correcte. Les statines inhibent spécifiquement l'HMG-CoA réductase, réduisant la synthèse du cholestérol et augmentant les récepteurs LDL.",Chélation des acides biliaires pour réduire l'absorption du cholestérol,"Incorrecte. Ce mécanisme correspond aux résines échangeuses d'ions, non aux statines.",Augmentation de l'expression des récepteurs LDL par inhibition de PCSK9,"Incorrecte. L'inhibition de PCSK9 est un mécanisme distinct, lié aux inhibiteurs de PCSK9, non aux statines.",Diminution de la synthèse des VLDL par activation des récepteurs PPAR alpha,"Incorrecte. Ce mécanisme correspond aux fibrates, non aux statines.",a
852,OIC-330-14-A,Quelle est la principale fonction mécanistique de l'insuline dans le contrôle glycémique?,Cette question évalue la compréhension du mécanisme d'action de l'insuline. Le piège courant est de confondre son rôle avec d'autres hormones comme la glucagonine.,Augmente la captation périphérique du glucose et diminue sa libération hépatique,Correcte. C'est le mécanisme principal décrit dans le contenu éducatif.,Augmente la production hépatique de glucose et réduit la captation musculaire,Incorrecte. Inverse les effets physiologiques de l'insuline (effet opposé à la glucagonine).,Stimule la réabsorption rénale du glucose via les néphrons,Incorrecte. L'insuline n'agit pas directement sur les reins pour le glucose.,Inhibe la synthèse protéique et favorise la lipolyse,"Incorrecte. Ces effets secondaires sont mentionnés, mais non le mécanisme principal.",a
853,OIC-332-01-A,Quelle est la principale critère diagnostique de l'état de choc selon le contenu?,La question évalue la compréhension des critères diagnostiques principaux de l'état de choc. Le piège réside dans la confusion entre les critères cliniques et biologiques secondaires.,Hypotension artérielle (PAS <90 mmHg ou PAM <65 mmHg),"Correcte. L'hypotension est le critère principal de diagnostic clinique de l'état de choc, conformément au contenu.","Signes de hypoperfusion périphérique (polypnée, marbrures, etc.)","Incorrecte. Ces signes sont des critères complémentaires, non primaires, du diagnostic.",Lactatémie >2 mmol/L,"Incorrecte. La lactatémie est un signe biologique majeur, mais non le critère principal de diagnostic.",Oligurie,"Incorrecte. L'oligurie est un signe de défaillance organique, non le critère principal de diagnostic.",a
854,OIC-332-02-A,Quelle est une principale étiologie du choc distributif?,Cette question évalue la compréhension des étiologies spécifiques des différents types de choc. Le piège courant est de confondre les causes du choc distributif avec celles des autres types.,Infections : choc septique,"Correcte. Le choc septique est une étiologie clé du choc distributif, lié à une réponse inflammatoire excessive.",Hémorragie,"Incorrecte. L'hémorragie est une étiologie du choc hypovolémique, non distributif.",Infarctus du myocarde,"Incorrecte. L'infarctus du myocarde est une étiologie du choc cardiogénique, non distributif.",Embolie pulmonaire,"Incorrecte. L'embolie pulmonaire est une étiologie du choc obstructif, non distributif.",a
855,OIC-332-03-B,Quel type d'état de choc présente un débit cardiaque variable en raison de phénomènes comme la vasoplégie et les shunts microcirculatoires?,Cette question évalue la compréhension des profils hémodynamiques spécifiques à chaque type de choc. Le piège courant est de confondre les mécanismes de chaque étiologie.,Choc cardiogénique,Incorrect. Le choc cardiogénique se caractérise par une diminution du débit cardiaque due à une défaillance cardiaque.,Choc hypovolémique,Incorrect. Le choc hypovolémique provoque une baisse du débit cardiaque par diminution de la volémie.,Choc distributif,Correct. Le choc distributif présente un débit cardiaque variable en raison de la vasoplégie et des shunts microcirculatoires.,Choc obstructif,Incorrect. Le choc obstructif se traduit par une baisse du débit cardiaque due à une augmentation de la post-charge.,c
856,OIC-332-04-A,Quels sont les principaux signes cliniques d’un état de choc selon le contenu?,La question évalue la reconnaissance des critères diagnostiques clés. Le piège réside dans l’oubli des signes de défaillance organique ou la confusion entre les signes précoces (comme la tachycardie) et les critères principaux.,Hypotension artérielle et signes de défaillance organique,"Correcte. L’hypotension (PAS <90 mmHg) et les signes de défaillance (oligurie, confusion) sont les critères principaux du diagnostic.",Tachycardie et marbrures,"Incorrecte. La tachycardie précède l’hypotension et les marbrures sont des signes de hypoperfusion, mais ne constituent pas les critères principaux.",Pression artérielle normale et hyperlactatémie,"Incorrecte. La pression artérielle peut être normale en début de choc, et l’hyperlactatémie est un marqueur important mais non diagnostic principal.",Hyperlactatémie et tachycardie,"Incorrecte. L’hyperlactatémie est un signe indirect, et la tachycardie est un signe précoces, mais non suffisant pour diagnostiquer le choc.",a
857,OIC-332-06-B,Quel examen permet de caractériser l'étiologie de l'état de choc?,Cette question évalue la capacité à identifier l'examen spécifique utilisé pour déterminer la cause du choc. Un piège courant est de confondre les examens d'évaluation de la gravité avec ceux de diagnostic.,Mesure des lactates artériels veineux,"Incorrect. Cette mesure évalue la gravité du choc, non son étiologie.",Électrocardiogramme (ECG),"Incorrect. L'ECG est utilisé pour identifier des anomalies cardiaques, pas pour caractériser l'étiologie du choc.",Radiographie de thorax,"Incorrect. Elle oriente vers des causes pulmonaires, mais ne permet pas de déterminer l'étiologie spécifique du choc.",Échographie cardiaque,Correct. Elle permet d'évaluer le profil hémodynamique et de caractériser l'étiologie du choc (ex : insuffisance cardiaque).,d
858,OIC-332-09-A,Quelle est la première étape de la prise en charge du choc hémorragique selon le contenu éducatif?,Cette question évalue la compréhension des priorités dans la gestion du choc hémorragique. Le piège courant est de confondre les étapes de transfusion et de correction des troubles de la coagulation avec les mesures immédiates.,Mise en place de voies veineuses et surveillance immédiate,"Correcte. Cela correspond au Temps 1, qui est la priorité immédiate pour stabiliser le patient.",Administration d'anticoagulants pour corriger les troubles de la coagulation,"Incorrecte. Les anticoagulants sont utilisés pour traiter des causes spécifiques (ex. AVK), mais ils ne sont pas une première étape de prise en charge.",Utilisation de l'acide tranexamique en fin de traitement,"Incorrecte. L'acide tranexamique doit être administré précocement, pas en fin de traitement.",Transfusion de globules rouges sans vérification du groupe sanguin,Incorrecte. La transfusion doit respecter les protocoles de groupe sanguin et de ratios culot/plasma frais congelé.,a
859,OIC-332-11-B,Quelle est la première mesure à prendre en cas de choc cardiogénique non rapidement réversible?,La question évalue la compréhension des priorités dans la prise en charge du choc cardiogénique. Le piège courant est de confondre les mesures symptomatiques avec les interventions spécifiques.,Appeler le réanimateur et mettre en place une surveillance hémodynamique avancée,"Correcte. L'appel du réanimateur et la surveillance hémodynamique avancée sont les premières étapes pour gérer un état non réversible, conformément aux recommandations.",Administrer des bêtabloquants pour réduire la charge cardiaque,"Incorrecte. Les bêtabloquants sont contre-indiqués en cas de choc cardiogénique, car ils aggravent l'insuffisance cardiaque.",Utiliser des dérivés nitrés pour diminuer la pression artérielle,"Incorrecte. Les dérivés nitrés sont à éviter en cas de choc cardiogénique, car ils augmentent le volume cardiaque et aggravent l'insuffisance.",Prescrire des diurétiques sans surveillance hémodynamique,"Incorrecte. Les diurétiques doivent être utilisés avec prudence et sous surveillance, mais ne constituent pas la première mesure en cas de tableau non réversible.",a
860,OIC-332-12-B,Quelle est la prise en charge initiale correcte du tamponnade péricardique dans un état de choc obstructif?,"Cette question évalue la compréhension des principes de gestion du choc obstructif, en mettant en évidence le diagnostic et le traitement spécifique du tamponnade péricardique. Un piège courant est de confondre cette pathologie avec l'embolie pulmonaire ou le pneumothorax.",Thrombolyse immédiate et anticoagulation curative,"Incorrect. Cette approche correspond à l'embolie pulmonaire non transportable, pas au tamponnade péricardique.",Angioscanner pour identifier l'embolie pulmonaire,"Incorrect. C'est la démarche pour un patient transportable avec embolie pulmonaire, non pour le tamponnade péricardique.",Exsufflation pour traiter le pneumothorax,"Incorrect. L'exsufflation est une mesure d'urgence pour le pneumothorax, pas pour le tamponnade péricardique.",Échographie transthoracique suivie d'un drainage péricardique,"Correct. Le tamponnade péricardique est objectivé par l'échographie et traité par drainage, conformément au contenu éducatif.",d
861,OIC-332-13-A,Quelle voie d'administration est privilégiée pour l'adrénaline en cas de choc anaphylactique?,"Cette question évalue la compréhension des principes de prise en charge du choc anaphylactique, en mettant en évidence le choix de la voie d'administration. Le piège courant est de confondre la voie IV avec la voie IM.",Voie intramusculaire (IM),Correcte. L'adrénaline est injectée par voie IM en première intention selon les recommandations.,Voie intraveineuse (IV),Incorrecte. La voie IV est possible mais réservée aux équipes entraînées et nécessite une titration plus précise.,Voie orale,Incorrecte. L'absorption par voie orale est inefficace en cas d'anaphylaxie aiguë.,Voie sous-cutanée,Incorrecte. La voie sous-cutanée est plus lente que la voie IM et non recommandée en première intention.,a
862,OIC-336-01-A,Quelle est la définition correcte de la conscience dans le contexte du coma?,Cette question évalue la compréhension de la distinction entre vigilance et conscience. Un piège courant est de confondre la capacité à ouvrir les yeux (vigilance) avec la conscience.,"Conscience est la capacité à interagir avec l'environnement, même de manière minimale, comme la poursuite oculaire.","Correcte. La poursuite oculaire est un exemple de conscience minimale, conformément à la définition.",Conscience est la capacité à ouvrir les yeux et à suivre un rythme veille-sommeil.,"Incorrecte. Cela décrit la vigilance, non la conscience. La conscience ne dépend pas du rythme veille-sommeil.","Conscience est l'absence de réponse aux stimuli verbaux, tactiles ou douloureux.","Incorrecte. Cela définit le coma, pas la conscience. La conscience peut exister même avec des réponses limitées.",Conscience est l'état de vigilance sans interaction avec l'environnement.,"Incorrecte. Cela décrit un état végétatif (vigilance sans conscience), non la conscience elle-même.",a
863,OIC-336-02-B,Quel centre nerveux est principalement impliqué dans la régulation de l'éveil et de la conscience?,Cette question évalue la compréhension des centres cérébraux liés à l'éveil. Le piège courant est de confondre le cortex avec le centre principal.,Tronc cérébral,Correcte. Le tronc cérébral contient le centre de l'éveil (périméthencéphale) et les voies ascendantes des sensations.,Hypothalamus,"Incorrecte. L'hypothalamus régule les fonctions vitales (température, sommeil) mais ne contrôle pas directement l'éveil.",Cortex cérébral,Incorrecte. Le cortex est responsable de la conscience consciente mais ne régule pas l'état d'éveil basal.,Cervelet,"Incorrecte. Le cervelet coordonne les mouvements et l'équilibre, mais ne joue pas un rôle central dans l'éveil.",a
864,OIC-336-03-A,Quelle est la composition correcte des trois composantes de l'échelle de Glasgow (GCS)?,"Cette question évalue la compréhension des trois composantes fondamentales de l'échelle de Glasgow. Un piège courant est de confondre les composantes avec d'autres échelles de vigilance (comme l'AVPU) ou avec des éléments de l'exploration clinique (traumatisme, pouls central).","Réponse oculaire, réponse verbale, réponse motrice","Correcte. Les trois composantes de l'échelle de Glasgow sont bien les réponses oculaire, verbale et motrice, chacune évaluée sur une échelle de 1 à 5.","Réponse oculaire, réponse verbale, présence de pouls central","Incorrecte. La présence de pouls central est une vérification clinique distincte, non une composante de l'échelle de Glasgow.","Réponse oculaire, réponse verbale, évaluation de la douleur","Incorrecte. L'évaluation de la douleur est une méthode de stimulation utilisée pour évaluer la réponse motrice, mais non une composante distincte de l'échelle.","Réponse oculaire, réponse verbale, traumatisme crânien","Incorrecte. Le traumatisme crânien est un critère de classification du coma, non une composante de l'échelle de Glasgow.",a
865,OIC-336-04-A,Quelle est la réponse pupillaire associée à un toxidrome d'antidépresseurs tricycliques?,Cette question évalue la compréhension des réflexes pupillaire dans le coma. Le piège courant est de confondre la mydriase bilatérale avec d'autres pathologies.,Myosis,"Incorrect. La myosis (constriction des pupilles) est associée à un toxidrome opioïde, non à un toxidrome d'antidépresseurs tricycliques.",Mydriase unilatérale,"Incorrect. La mydriase unilatérale suggère une lésion du lobe temporal, pas un toxidrome d'antidépresseurs tricycliques.",Mydriase bilatérale,Correct. La mydriase bilatérale est un signe clé du toxidrome d'antidépresseurs tricycliques ou d'une lésion neurologique sévère.,Mouvements pendulaires,Incorrect. Les mouvements pendulaires des globes oculaires sont non localisateurs et associés à un coma de profondeur intermédiaire.,c
866,OIC-336-05-A,Quel est l'élément clinique le plus pertinent pour orienter vers un coma non traumatique?,La question évalue la capacité à identifier les signes cliniques prioritaires dans un coma non traumatique. Le piège courant est de privilégier les éléments contextuels plutôt que les signes directs.,Présence de fièvre et de syndrome méningé,"Correcte : Ces signes orientent vers une origine infectieuse ou inflammatoire, typique des comas non traumatiques.","Signes de traumatisme (ecchymoses, hématome en lunette)","Incorrecte : Les signes de traumatisme suggèrent un coma traumatique, contraire à l'objectif de l'évaluation.",Troubles oculomoteurs,"Incorrecte : Les troubles oculomoteurs sont des signes de localisation cérébrale, mais moins spécifiques que les signes méningés.","Contexte d'intoxication chronique (alcool, substances illicites)","Incorrecte : Le contexte est important pour la prise en charge, mais ne constitue pas un élément d'orientation clinique directe.",a
867,OIC-336-06-B,Quelle est la combinaison correcte des critères diagnostiques de la mort encéphalique?,La question évalue la compréhension des critères cliniques et complémentaires de la mort encéphalique. Un piège courant est de confondre les signes de coma profond avec la mort encéphalique.,"Coma profond Glasgow = 3, absence de réflexes du tronc cérébral, et deux examens complémentaires (EEG ou angiographie avec contraste)","Correcte. Elle résume les trois critères principaux : score de coma, absence de réflexes et examens complémentaires.","Coma profond Glasgow = 3, absence de réflexes du tronc cérébral, et présence de diabète insipide","Incorrecte. Le diabète insipide n'est pas un critère diagnostique, mais une complication possible.","Coma profond Glasgow = 3, absence de réflexes du tronc cérébral, et épreuve d'hypercapnie seule","Incorrecte. L'épreuve d'hypercapnie est un élément du critère clinique, mais elle doit être associée à d'autres examens.","Coma profond Glasgow = 3, absence de réflexes du tronc cérébral, et EEG de 10 minutes","Incorrecte. L'EEG doit durer au moins 30 minutes et être réalisé à 4h d'intervalle, non 10 minutes.",a
868,OIC-336-08-A,Quelle situation constitue une urgence extrême dans un coma chez l'adulte ou l'enfant?,"Cette question évalue la capacité à identifier les signes d'urgence critique dans un coma, en mettant l'accent sur les signes d'engagement cérébral. Un piège courant est de confondre les signes d'HTIC avec d'autres urgences.",Mydriase unilatérale avec extension stéréotypée du même côté lors de l'engagement temporal,"Correcte. C'est un signe d'engagement cérébral sévère, indiquant une lésion du tronc cérébral.",Glycémie inférieure à 3 mmol/L,"Incorrecte. Bien que critique, la hypoglycémie est une urgence mais pas le signe d'urgence extrême le plus spécifique.",Score de Glasgow < 8,"Incorrecte. Le score de Glasgow <8 indique une perte de protection des voies aériennes, mais ne correspond pas directement à un engagement cérébral.",Atteinte du VI uni- ou bilatérale avec œdème papillaire,"Incorrecte. Ces signes sont associés à l'HTIC, mais difficile à diagnostiquer en cas de coma initial.",a
869,OIC-336-09-A,Quel examen complémentaire est prescrit en urgence chez un patient en coma avec signe de localisation et suspicion d'hémorragie méningée?,Cette question évalue la compréhension des critères d'urgence pour les examens complémentaires en neurologie. Le piège réside dans la confusion entre les indications du scanner cérébral et de la ponction lombaire.,Scanner cérébral,"Correcte. Le scanner cérébral est indiqué en urgence pour les signes de localisation et la suspicion d'hémorragie méningée, conformément aux critères énoncés.",Ponction lombaire,"Incorrecte. La ponction lombaire est réservée aux cas de méningite, méningo-encéphalite ou coma fébrile, pas aux signes de localisation.",Analyse toxicologique,"Incorrecte. Bien que nécessaire, l'analyse toxicologique est prioritaire après stabilisation initiale et non en urgence pour les signes neurologiques.",Bilan hépatique,Incorrecte. Le bilan hépatique est un examen de base mais non urgent dans ce contexte spécifique de coma neurologique.,a
870,OIC-336-10-B,Quelle est une indication de l'IRM en urgence chez l'adulte?,"Cette question évalue la compréhension des indications spécifiques de l'IRM en urgence, notamment dans les pathologies neurovasculaires. Le piège réside dans la confusion avec les examens alternatifs comme le scanner.",Suspicion d'hémorragie intracrânienne,"Incorrect. Le scanner est plus adapté pour détecter les hémorragies en urgence, car l'IRM est moins sensible aux méninges et aux hémorragies aiguës.",Suspicion d'AVC ischémique (thrombose tronc basilaire),"Correct. L'IRM est plus sensible que le scanner pour détecter les lésions ischémiques, notamment les AVC sylvien malin ou la thrombose tronc basilaire.",Traumatisme crânien grave,"Incorrect. Le scanner est la première option en urgence pour les traumatismes, car il permet une évaluation rapide des lésions osseuses et des hématomes.",Infection cérébrale (méningite),"Incorrect. Bien que l'IRM puisse être utilisée pour les infections, le scanner est souvent préféré en urgence pour son temps d'acquisition plus court et sa disponibilité plus large.",b
871,OIC-336-11-B,Quelle est la caractéristique radiologique principale d'une hémorragie méningée sur une tomodensitométrie?,Cette question évalue la capacité à distinguer les localisations des hémorragies intracrâniennes. Un piège courant est de confondre les hyperdensités parenchymateuses avec celles des espaces subarachnoïdiens.,Hyperdensité spontanée dans les espaces sous-arachnoïdiens,"Correcte. Les hémorragies méningées se manifestent par des hyperdensités dans les espaces sous-arachnoïdiens (cisternes, sillons).",Hyperdensité dans les ventricules cérébraux,"Incorrecte. L'inondation ventriculaire est une complication possible, mais non la caractéristique principale de l'hémorragie méningée.",Hyperdensité parenchymateuse cérébrale,"Incorrecte. Cela correspond à une hémorragie intracérébrale, non méningée.",Absence de visualisation de l'anévrisme sans injection de produit de contraste,Incorrecte. Cette information est secondaire et ne constitue pas la caractéristique radiologique principale.,a
872,OIC-336-12-B,Quelle est la manifestation radiologique typique d'un effet de masse cérébrale sur une tomodensitométrie?,Cette question évalue la compréhension des signes radiologiques de l'effet de masse. Le piège réside dans la confusion avec d'autres pathologies neurologiques.,Disparition des ventricules et évanouissement de l'espace entre le lobe temporal et le tronc cérébral,Correcte. Ces signes correspondent à l'effet de masse avec compression des structures cérébrales.,Augmentation de la pression intracrânienne sans modification des ventricules,Incorrecte. L'effet de masse implique des altérations structurelles visibles sur les ventricules et les espaces cérébraux.,Herniation du cerveau vers le tronc cérébral avec dilatation des ventricules,"Incorrecte. L'herniation est une complication secondaire, non un signe direct de l'effet de masse.",Normalité des structures cérébrales avec absence de déviation de la ligne médiane,Incorrecte. L'effet de masse se traduit par des anomalies visibles sur les images radiologiques.,a
873,OIC-336-13-A,Quelle est une cause lésionnelle principale de coma non traumatique chez l'adulte?,Cette question évalue la compréhension des causes lésionnelles du coma non traumatique. Le piège réside dans la confusion entre causes lésionnelles et non lésionnelles.,Hémorragie méningée,Correcte. C'est une cause lésionnelle vasculaire typique du coma non traumatique.,Encéphalopathie hypercapnique,"Incorrecte. C'est une cause non lésionnelle métabolique, non liée à une lésion cérébrale directe.",Delirium tremens,"Incorrecte. C'est une cause non lésionnelle liée au sevrage alcoolique, non à une lésion cérébrale.",Thrombophlébite cérébrale,"Incorrecte. Bien qu'elle soit lésionnelle, elle est souvent classée sous les causes vasculaires, mais moins fréquente que l'hémorragie méningée.",a
874,OIC-342-01-A,"Quelle condition est définie comme une perte de connaissance brève et spontanée avec retour rapide à un état normal, sans amnésie des faits?",Cette question évalue la capacité à distinguer les termes cliniques liés aux troubles de la conscience. Le piège courant est de confondre la syncope avec la lipothymie ou les crises épileptiques.,Syncope,Correcte. La syncope est explicitement définie comme une perte de connaissance brève et spontanée avec retour rapide à l'état normal.,Lipothymie,Incorrecte. La lipothymie est une sensation imminente de syncope sans perte de connaissance complète.,Crise comitiale,Incorrecte. Les crises comitiales impliquent une hyperactivité cérébrale avec perte de connaissance prolongée et reprise progressive.,État de mal épileptique,"Incorrecte. Cet état se caractérise par des crises répétées ou persistantes, non une perte de connaissance brève.",a
875,OIC-342-02-B,Quel est le mécanisme physiopathologique principal d’un malaise chez l’adulte?,Cette question évalue la compréhension des mécanismes clés de la perte de connaissance. Le piège courant est de confondre la hypoperfusion cérébrale avec d’autres causes comme l’hypoglycémie ou les troubles neurologiques.,Hypoperfusion cérébrale,Correcte. La hypoperfusion cérébrale est le mécanisme principal du malaise (syncope/lipothymie) mentionné dans le contenu.,Hypoglycémie,"Incorrecte. Bien que l’hypoglycémie puisse provoquer une perte de connaissance, elle n’est pas le mécanisme principal évoqué ici.",Dysfonctionnement cardiaque,"Incorrecte. Le dysfonctionnement cardiaque peut causer une hypoperfusion, mais il n’est pas le mécanisme principal directement mentionné.",Troubles neurologiques,"Incorrecte. Les troubles neurologiques comme l’épilepsie sont associés à une dysfonction cérébrale, non à la hypoperfusion.",a
876,OIC-342-03-A,Quel est le critère diagnostique majeur permettant de distinguer une syncope/lipothymie d'une crise d'épilepsie généralisée?,Cette question évalue la compréhension du critère clé pour distinguer ces deux pathologies. Le piège courant est de confondre les signes associés avec le critère principal.,La durée de la perte de connaissance,"Correcte. La durée est le critère principal pour distinguer ces deux pathologies : la syncope est brève (<20s), l'épilepsie généralisée dure plus de 20s.",La présence de prodromes,"Incorrecte. Les prodromes (nausées, vertiges) peuvent être présents dans les deux pathologies et ne permettent pas de distinction certaine.",La survenue de mouvements anormaux,"Incorrecte. Les mouvements anormaux (convulsions) sont typiques de l'épilepsie, mais peuvent être absents dans certaines syncope.",Les antécédents familiaux de cardiopathie,"Incorrecte. Les antécédents familiaux orientent le diagnostic étiologique, mais ne permettent pas de distinguer les deux pathologies.",a
877,OIC-342-04-A,Quels sont les éléments clés du diagnostic des syncopes et lipothymies selon le contenu éducatif?,Cette question évalue la compréhension des critères diagnostiques essentiels. Un piège courant est de confondre les syncopes avec d'autres troubles neurologiques comme les crises convulsives.,"Circonstances déclenchantes, présence de prodromes, survenue à l'effort ou en position allongée, traumatisme","Correcte : Elle inclut tous les éléments clés mentionnés dans le contenu (circonstances déclenchantes, prodromes, contexte de survenue et traumatisme).","Circonstances déclenchantes, absence de prodromes, survenue en position debout","Incorrecte : Elle omet la présence de prodromes et mentionne une survenue en position debout, contraire à l'élément clé de la survenue à l'effort ou en position allongée.","Circonstances déclenchantes, survenue en position allongée, absence de traumatisme","Incorrecte : Elle ignore la présence de prodromes et inclut une absence de traumatisme, alors que le traumatisme est un facteur à considérer.","Circonstances déclenchantes, survenue en position debout, crises convulsives","Incorrecte : Elle confond les syncopes avec les crises convulsives et mentionne une survenue en position debout, non évoquée dans le contenu.",a
878,OIC-342-06-A,Quelle est la caractéristique principale d'un événement épileptique par rapport à un pseudo-crise?,La question évalue la capacité à distinguer les symptômes spécifiques des crises épileptiques (comme les convulsions) des manifestations non épileptiques (comme les chutes sans convulsions). Un piège courant est de confondre les symptômes non spécifiques avec des signes épileptiques.,Perte de conscience accompagnée de convulsions,Correcte. Les convulsions et la perte de conscience sont des signes classiques d'une crise épileptique.,Chute soudaine sans convulsions ni perte de conscience,"Incorrecte. Cela correspond plutôt à un pseudo-crise, comme une syncope ou une hypoglycémie, et non à une crise épileptique.",Dilatation pupillaire sans perte de conscience,Incorrecte. La dilatation pupillaire peut être liée à d'autres pathologies (ex. traumatisme crânien) mais n'est pas spécifique à l'épilepsie.,Tachycardie sans autres symptômes,Incorrecte. La tachycardie peut survenir dans divers contextes (ex. anxiété) et n'est pas un signe épileptique.,a
879,OIC-342-07-A,Quelle est une cause cardiovasculaire des syncopes/lipothymies?,Cette question évalue la capacité à distinguer les causes cardiovasculaires des causes non cardiovasculaires. Un piège courant est de confondre les syncopes réflexes (non cardiovasculaires) avec les causes cardiovasculaires.,Hypotension,Correcte. L'hypotension est une cause cardiovasculaire liée à une baisse de la pression artérielle.,Déshydratation,Incorrecte. La déshydratation est une cause non cardiovasculaire liée à un déséquilibre hydrique.,Hypoglycémie,Incorrecte. L'hypoglycémie est une cause non cardiovasculaire liée à un taux de sucre trop bas.,Anxiété,Incorrecte. L'anxiété est une cause non cardiovasculaire liée à un trouble psychologique.,a
880,OIC-342-12-B,Quelle est l'indication principale d'un électroencéphalogramme (EEG) en cas de malaise ou perte de connaissance présumés d'origine épileptique?,Cette question évalue la compréhension des indications spécifiques de l'EEG dans le contexte des crises épileptiques. Un piège courant est de confondre les causes non épileptiques (ex. troubles cardiaques) avec des indications pour un EEG.,Lorsque l'épisode est bref et le patient est alerte,"Incorrect. Les épisodes brefs et alertes sont moins probables d'être épileptiques, et l'EEG n'est pas la première investigation. Un électrocardiogramme (ECG) pourrait être plus pertinent.",Lorsqu'il existe un historique de convulsions,"Incorrect. L'historique de convulsions est important, mais ne justifie pas systématiquement un EEG. Une évaluation clinique et des examens complémentaires sont nécessaires.",Lorsque le patient présente une arythmie cardiaque,"Incorrect. Les troubles cardiaques sont investigués par un ECG, pas un EEG. L'EEG est spécifique aux anomalies cérébrales.",Lorsque l'épisode est suspecté d'être épileptique,"Correct. L'EEG est l'examen de choix pour identifier les anomalies cérébrales associées aux crises épileptiques, notamment lors de manifestations non explicites.",d
881,OIC-342-13-B,Quels examens sont considérés comme des examens de seconde intention dans les syncopes et lipothymies?,Cette question évalue la capacité à distinguer les examens de seconde intention (spécifiques aux cas complexes) des examens de première intention (initiaux). Un piège courant est de confondre les examens de base (comme l'ionogramme) avec ceux de seconde intention.,"Monitoring ECG implantable, test d'inclinaison, étude électrophysiologique endocavitaire","Correcte. Ces examens sont spécifiques aux cas de syncopes et lipothymies complexes, nécessitant une approche approfondie.","Ionogramme sanguin et créatininémie, test d'inclinaison, monitoring ECG","Incorrecte. L'ionogramme et la créatininémie sont des examens de première intention (évaluation des fonctions rénales et électrolytiques), non de seconde intention.","Test d'inclinaison, monitoring ECG, étude électrophysiologique endocavitaire","Incorrecte. Elle manque le monitoring ECG implantable, essentiel pour les syncopes récidivantes ou non expliquées.","Test d'inclinaison, monitoring ECG, ionogramme sanguin","Incorrecte. L'ionogramme est un examen de première intention, non pertinent pour les examens de seconde intention.",a
882,OIC-342-16-A,Quelle est la bonne procédure de secourisme lors d'un malaise avec perte de connaissance?,La question évalue la compréhension des gestes prioritaires en cas de malaise. Le piège courant est de confondre les positions adaptées selon l'état du patient (conscient ou inconscient).,Positionner le patient en position latérale de sécurité si inconscient et surélever les jambes en cas d'hypotension artérielle,Correcte. La position latérale de sécurité protège la voie respiratoire et la surélévation des jambes favorise la circulation sanguine en cas d'hypotension.,Utiliser la position de recouvrement si inconscient et surélever les jambes en cas de choc,Incorrecte. La position de recouvrement n'est pas recommandée pour les patients inconscients. Le choc n'est pas mentionné dans le contenu.,Placer le patient en position assise si inconscient et surélever les jambes en cas de crise comitiale,Incorrecte. La position assise est inadaptée pour un patient inconscient. La crise comitiale n'est pas liée à l'hypotension.,Positionner le patient en position latérale de sécurité si conscient et surélever les jambes en cas de choc,Incorrecte. La position latérale de sécurité est réservée aux patients inconscients. Le choc n'est pas abordé dans le contenu.,a
883,OIC-342-19-B,Quelle est la recommandation principale pour le suivi d'un patient âgé souffrant de malaise et d'hypotension orthostatique?,La question évalue la compréhension des recommandations de suivi pour les patients âgés avec des troubles circulatoires. Un piège courant est de négliger l'importance de la surveillance régulière des médicaments.,Contrôler régulièrement la tension artérielle et réviser les médicaments,Correcte. La surveillance de la tension et l'ajustement des médicaments sont essentiels pour prévenir les complications chez les patients âgés.,Préconiser une chirurgie immédiate pour éliminer les causes sous-jacentes,"Incorrecte. La chirurgie n'est pas une recommandation standardisée pour ces symptômes, sauf en cas de causes précises identifiées.",Encourager une activité physique intense sans surveillance,Incorrecte. L'activité physique doit être progressive et supervisée pour éviter les risques de chute ou d'hypotension.,Se concentrer uniquement sur la réduction des doses des médicaments,Incorrecte. Une réduction des médicaments sans évaluation globale peut masquer d'autres causes du malaise.,a
884,OIC-342-20-A,Quelle est l'indication principale de la benzodiazépine dans le cadre d'une crise convulsive chez un adulte?,Cette question évalue la compréhension des indications des anticonvulsivants de courte durée d'action. Le piège courant est de confondre les indications des benzodiazépines avec celles des autres classes d'anticonvulsivants.,Prévention des crises secondaires à une crise convulsive,Correcte. Les benzodiazépines sont utilisées pour arrêter les crises convulsives en cours et prévenir les crises secondaires.,Traitement à long terme de l'épilepsie idiopathique,"Incorrecte. Les benzodiazépines ne sont pas indiquées pour le traitement prolongé de l'épilepsie, car elles peuvent provoquer une dépendance et une résistance.",Gestion de l'anxiété sévère,"Incorrecte. Bien que les benzodiazépines puissent traiter l'anxiété, leur utilisation est limitée à des cas aigus en raison des risques de dépendance.",Prévention des crises chez les patients sans antécédents,Incorrecte. Les benzodiazépines ne sont pas prescrites prophylactiquement chez des patients sans historique convulsif.,a
885,OIC-342-21-A,Quelle est la bonne approche pour la prise en charge de la crise comitiale selon le contenu éducatif?,La question évalue la compréhension de la combinaison des traitements de longue et courte durée d'action. Un piège courant est de négliger l'association des deux types de traitements.,Utiliser uniquement un traitement de longue durée d'action,"Incorrect. Le contenu précise qu'il faut associer les traitements de longue et courte durée d'action, pas en privilégier un seul.",Utiliser uniquement un traitement de courte durée d'action,Incorrect. Le contenu indique que les traitements de courte durée d'action doivent être associés à des traitements de longue durée d'action.,"Appliquer d'abord le traitement de longue durée d'action, puis celui de courte durée d'action",Incorrect. L'ordre d'application n'est pas spécifié dans le contenu ; seul l'association des deux types de traitements est exigée.,Associer un traitement de longue durée d'action à un traitement de courte durée d'action,Correct. Le contenu souligne explicitement la nécessité d'associer les traitements de longue et courte durée d'action.,d
886,OIC-347-02-B,Quelle est une cause possible de la rétention aiguë d’urine?,Cette question évalue la compréhension des causes de la rétention aiguë d’urine. Un piège courant est de confondre les mécanismes normaux de miction avec les causes pathologiques.,Une obstruction mécanique,"Correcte. L’obstruction mécanique est une cause clé de rétention aiguë d’urine, car elle empêche le passage de l’urine.",Une contraction détrusorienne normale,"Incorrecte. Une contraction détrusorienne normale est un mécanisme normal de miction, non une cause de rétention.",Une vessie hyperactive,"Incorrecte. Une vessie hyperactive est associée à des troubles de la miction, mais pas spécifiquement à la rétention aiguë d’urine.",Une infection urinaire,"Incorrecte. L’infection urinaire peut causer des symptômes urinaires, mais elle n’est pas une cause directe de rétention aiguë d’urine.",a
887,OIC-347-04-A,Quelle est la présentation clinique classique de la rétention aiguë d’urine?,Cette question évalue la compréhension des symptômes principaux de la rétention aiguë d’urine. Le piège réside dans la confusion avec d'autres pathologies comme les infections urinaires ou les troubles neurologiques.,Douleur sus-pubienne et impossibilité d’uriner malgré une vessie pleine,Correcte. C’est la présentation classique mentionnée dans le contenu éducatif.,Fièvre et troubles du transit,Incorrecte. Ces symptômes sont associés mais ne constituent pas la présentation principale.,Confusion et troubles de la conscience,"Incorrecte. Ces signes sont des complications possibles, non la manifestation initiale.",Hématurie et douleur lombaire,Incorrecte. Ces symptômes évoquent plutôt une lithiase urinaire ou une infection urinaire.,a
888,OIC-347-06-A,Quelle est la différence clinique entre la rétention aiguë d’urine et l’anurie?,La question évalue la capacité à distinguer les signes cliniques de la rétention aiguë d’urine (présence de symptômes) de ceux de l’anurie (absence de symptômes). Un piège courant est de confondre l’absence de production urinaire avec l’incapacité à uriner.,Présence d’un globe vésical distendu et d’une envie d’uriner,"Correcte. La rétention aiguë d’urine se caractérise par un globe vésical distendu et une envie d’uriner, contrairement à l’anurie.",Absence de douleur et d’envie d’uriner,"Incorrecte. C’est le profil de l’anurie, non de la rétention aiguë d’urine.",Absence de distension vésicale,"Incorrecte. La rétention aiguë d’urine entraîne une distension vésicale, contrairement à l’anurie.",Absence de production d’urine,"Incorrecte. C’est la définition de l’anurie, pas de la rétention aiguë d’urine.",a
889,OIC-347-11-A,Quelle est la première mesure d'urgence recommandée pour la rétention aiguë d’urine?,Cette question évalue la compréhension des étapes prioritaires de la prise en charge en urgence. Le piège courant est de négliger le drainage vésical immédiat.,Drainage vésical en urgence par sonde vésicale ou cathéter sus pubien,Correcte. Le drainage vésical est la mesure essentielle pour éviter les complications.,Clampage de la sonde toutes les 1000 ml,Incorrecte. Le clampage est effectué tous les 500 ml pour prévenir l’hémorragie à vacuo.,Surveillance de la diurèse toutes les 12 heures,Incorrecte. La surveillance horaire est nécessaire pour détecter le syndrome de levée d’obstacle.,Hospitalisation immédiate sans évaluation du volume endovésical,Incorrecte. L’évaluation du volume endovésical est obligatoire avant toute décision.,a
890,OIC-351-01-A,Quelle définition correspond à l'agitation selon le contenu éducatif?,Cette question évalue la compréhension de la définition de l'agitation. Un piège courant est de confondre l'agitation avec le délire ou d'ignorer l'aspect improductif des comportements.,État de tension émotionnelle et d'hyperactivité improductive,Correcte. Cela correspond exactement à la définition donnée dans le contenu éducatif.,Syndrome de délire avec hallucinations auditives,"Incorrecte. Le délire est un syndrome distinct, non mentionné comme caractéristique de l'agitation.",Activité productive et organisée avec calme extérieur,"Incorrecte. L'agitation est décrite comme improductive, contrairement à cette option.",Incapacité à rester assis avec hallucinations visuelles,Incorrecte. Les hallucinations ne sont pas mentionnées comme symptôme de l'agitation.,a
891,OIC-351-02-A,Quelle affirmation correctement définit les idées délirantes et les hallucinations?,Cette question évalue la capacité à distinguer les deux concepts clés. Un piège courant est de confondre les hallucinations (perceptions sensorielles) avec les idées délirantes (croyances non partagées).,"Les idées délirantes sont des croyances fausses non partagées par le groupe socio-culturel, et les hallucinations sont des perceptions sensorielles sans objet détectable.",Correcte. Elle distingue clairement les deux concepts selon les définitions fournies.,"Les hallucinations sont des croyances fausses non partagées par le groupe socio-culturel, et les idées délirantes sont des perceptions sensorielles sans objet détectable.",Incorrecte. Inverse les définitions des deux concepts.,Les idées délirantes et les hallucinations sont toutes deux partagées par le groupe socio-culturel.,Incorrecte. Les idées délirantes ne sont pas partagées par le groupe socio-culturel.,Les idées délirantes et les hallucinations sont toutes deux détectables par les sens.,Incorrecte. Les hallucinations ne sont pas détectables par les sens.,a
892,OIC-351-03-A,Quel est le symptôme principal du délire aigu selon le contenu?,La question évalue la capacité à identifier les symptômes centraux du délire aigu. Le piège courant est de confondre les symptômes associés avec les symptômes principaux.,Idées délirantes et hallucinations,Correcte. Ces symptômes psychotiques positifs sont explicitement mentionnés comme les éléments principaux du délire aigu.,Symptômes de désorganisation psychotique,"Incorrecte. Ces symptômes sont décrits comme associés, mais non centraux au diagnostic du délire aigu.",Symptômes négatifs psychotiques,Incorrecte. Les symptômes négatifs ne sont pas considérés comme des caractéristiques principales du délire aigu.,Symptômes dépressifs ou maniaques,"Incorrecte. Ces symptômes sont mentionnés comme possibles, mais non essentiels à la définition du délire aigu.",a
893,OIC-351-07-A,Quelle est la caractéristique principale de la systématisation des idées délirantes dans la schizophrénie par rapport au trouble délirant persistant?,Cette question évalue la compréhension des différences entre les deux troubles en termes de systématisation des idées délirantes. Un piège courant est de confondre les ordres des informations.,La schizophrénie : systématisée ; trouble délirant persistant : non systématisée,"Incorrect. La schizophrénie présente des idées délirantes non systématisées, contrairement au trouble délirant persistant.",La schizophrénie : non systématisée ; trouble délirant persistant : systématisée,"Correct. La schizophrénie montre des idées délirantes floues et non logiques, tandis que le trouble délirant persistant présente une logique apparente.",Les deux troubles présentent des idées délirantes systématisées,"Incorrect. La schizophrénie ne systématiserait pas les idées délirantes, contrairement au trouble délirant persistant.",Aucun des deux troubles ne présente de systématisation,"Incorrect. Le trouble délirant persistant présente une systématisation, contrairement à la schizophrénie.",b
894,OIC-351-10-A,Quel examen est systématiquement réalisé dans un contexte d’agitation et de délire aigu?,Cette question évalue la capacité à distinguer les examens systématiques des examens conditionnels. Un piège courant est de confondre les examens de base avec ceux dépendant de l’anamnèse.,"Bilan biologique minimal (glycémie, ionogramme, calcémie, NFS, CRP, bilan de coagulation) et ECG",Correcte. Ces examens sont systématiques pour évaluer les causes biologiques et cardiaques de l’agitation.,Toxicologie urinaire et alcoolémie,"Incorrecte. Ces examens sont conditionnels, réalisés uniquement si des antécédents ou symptômes suggèrent une intoxication.",Imagerie cérébrale et EEG,"Incorrecte. Ces examens sont indicés en fonction de l’anamnèse et des signes neurologiques spécifiques, non systématiques.",Radiographie pulmonaire et ECBU,"Incorrecte. Ces examens sont réalisés en cas de suspicion de pathologie pulmonaire ou urinaire, non systématiquement.",a
895,OIC-353-01-A,Quelle définition correspond au terme « suicidé »?,Cette question évalue la compréhension des distinctions entre les termes liés au suicide. Le piège courant est de confondre « suicidé » avec « suicidaire » ou « suicidant ».,L’individu qui s’est donné la mort volontairement.,Correcte. La définition du « suicidé » correspond à une mort volontaire.,L’individu survivant à sa tentative de suicide.,"Incorrecte. C’est la définition du « suicidant », non du « suicidé ».",L’individu ayant des idées suicidaires exprimées ou non.,"Incorrecte. C’est la définition du « suicidaire », non du « suicidé ».",Un comportement auto-infligé qui met la vie en jeu de manière réelle ou symbolique mais sans issue fatale.,"Incorrecte. C’est la définition de la « tentative de suicide », non du « suicidé ».",a
896,OIC-353-05-A,Quelle est la triple évaluation utilisée pour évaluer le potentiel suicidaire?,Cette question évalue la compréhension des trois composantes clés de l'évaluation du risque suicidaire. Un piège courant est de confondre les facteurs de risque avec les composantes de l'évaluation.,"Risque, urgence, dangerosité (RUD)",Correcte. La triple évaluation du potentiel suicidaire repose effectivement sur ces trois dimensions.,"Facteurs de risque, urgence, dangerosité","Incorrecte. Les « facteurs de risque » sont des éléments influençant le risque, mais non la composante de l'évaluation elle-même.","Risque, facteurs de dangerosité, urgence","Incorrecte. La « dangerosité » est une composante distincte, pas un « facteur de dangerosité ».","Facteurs individuels, familiaux, psychosociaux","Incorrecte. Ces facteurs sont analysés dans l'évaluation du risque, mais ne constituent pas la triple évaluation globale.",a
897,OIC-353-07-B,Quelle est la démarche principale lors de l'entretien avec un patient suicidaire selon le contenu éducatif?,Cette question évalue la compréhension de la démarche centrale pour aborder le patient suicidaire. Le piège courant est de confondre les actions secondaires (comme le respect de la confidentialité) avec la démarche principale.,Poser directement des questions sur les idées suicidaires (ex : « souffrez-vous au point d'avoir des idées de suicide? »),Correcte. Le contenu éducatif insiste sur l'abord direct des idées suicidaires comme priorité.,Impliquer immédiatement la famille sans respecter le secret médical,"Incorrecte. Le secret médical doit être respecté, même lors de la prise en charge, et la famille n'est pas impliquée de manière immédiate.",Dramatiser la situation pour montrer l'urgence psychiatrique,"Incorrecte. Le contenu précise de ne pas dramatiser la situation, tout en reconnaissant l'urgence psychiatrique.",Assurer la confidentialité en évitant tout contact avec l'entourage,"Incorrecte. La confidentialité est importante, mais le contact avec l'entourage est encouragé pour identifier des soutiens.",a
898,OIC-353-09-B,Quelle est une indication d'hospitalisation en cas de risque suicidaire?,Cette question évalue la compréhension des critères d'hospitalisation en cas de risque suicidaire. Le piège courant est de confondre les degrés d'urgence ou les objectifs de prise en charge avec les indications.,Un risque suicidaire avec un degré d'urgence faible ou moyenne associé à des troubles psychiatriques décompensés,"Incorrect. C'est une indication d'hospitalisation, mais la question demande une indication spécifique, et cette option est une alternative non prioritaire.",Un risque suicidaire avec un degré d'urgence élevé,Correct. C'est une indication clairement mentionnée dans le contenu éducatif.,Stabiliser un patient au pronostic vital engagé pour des complications non psychiatriques,"Incorrect. C'est une indication d'hospitalisation, mais elle concerne des complications non psychiatriques, non directement liées au risque suicidaire.",Traiter le trouble psychiatrique associé,"Incorrect. C'est un objectif de l'hospitalisation, non une indication.",b
899,OIC-353-10-B,Quelle est la principale caractéristique du plan de sécurité personnalisé dans la prise en charge des risques suicidaires chez l'enfant ou l'adolescent?,"La question évalue la compréhension des spécificités de la prise en charge des risques suicidaires chez les jeunes, en mettant l'accent sur la collaboration avec les parents et la personnalisation des mesures de sécurité.",Il est élaboré uniquement par le professionnel de santé sans consultation des parents.,"Incorrect. Le contenu indique que le plan de sécurité est élaboré avec le patient et ses parents, non pas seul par le professionnel.",Il se limite à l'évaluation médicale sans approche psychosociale.,Incorrect. Le contenu souligne que l'évaluation psychosociale est systématiquement associée à l'évaluation médicale.,Il inclut des ressources spécifiques et la participation active des parents.,"Correct. Le contenu précise que le plan de sécurité intègre des ressources (numéros d'urgence, activités apaisantes) et implique les parents dans la sécurisation de l'environnement.","Il ne prend en compte que les moyens létaux physiques, pas les facteurs psychologiques.","Incorrect. Le contenu mentionne à la fois la sécurisation physique (limitation d'accès aux moyens létaux) et des mesures psychosociales (réassurance, activités apaisantes).",c
900,OIC-364-01-A,Quelle classification est utilisée pour les fractures épiphysaires chez l'enfant?,Cette question évalue la compréhension des classifications spécifiques aux fractures chez l'enfant. Le piège courant est de confondre les types de fractures (comme la fracture en bois vert) avec les classifications (comme Salter et Harris).,Classification de Salter et Harris,Correcte. La classification de Salter et Harris est spécifique aux fractures épiphysaires chez l'enfant.,Fracture sous périostée,"Incorrecte. C'est un type de fracture, pas une classification.",Fracture en bois vert,"Incorrecte. C'est un type de fracture, pas une classification.",Fracture avulsioneuse apophysaire,"Incorrecte. C'est un type de fracture, pas une classification.",a
901,OIC-364-04-B,Quelle affirmation est correcte concernant l'épidémiologie des fractures chez l'enfant?,"La question évalue la compréhension des particularités épidémiologiques des fractures chez l'enfant, notamment les variations selon l'âge et les causes. Un piège courant est de confondre les prévalences des fractures des membres supérieurs et inférieurs.",Les fractures des membres supérieurs prédominent chez l'enfant.,Correcte. Le contenu indique que les fractures des membres supérieurs sont les plus fréquentes chez l'enfant.,Les fractures des membres inférieures sont dominantes à l'adolescence.,"Incorrecte. Les fractures des membres inférieures augmentent en prévalence à partir de la préadolescence, mais ne deviennent pas dominantes avant l'adolescence.",La cinétique des traumatismes diminue avec l'âge.,Incorrecte. Le contenu précise que la cinétique des traumatismes augmente avec l'âge et l'utilisation de dispositifs à roues.,Les sports sont l'étiologie dominante chez l'enfant de moins de 10 ans.,"Incorrecte. Les sports deviennent l'étiologie dominante à partir de la préadolescence, non chez l'enfant de moins de 10 ans.",a
902,OIC-364-05-A,Quel signe est le plus évocateur de maltraitance lors d'une fracture chez l'enfant?,La question évalue la capacité à identifier les signes cliniques spécifiques de maltraitance. Un piège courant est de privilégier des signes isolés plutôt que des combinaisons atypiques.,Fracture avant l'âge de la marche,"Incorrect. Bien que suspecte, cette fracture peut survenir dans des contextes non abusifs (ex. : pathologies rares).",Retard à la présentation de l'enfant,"Incorrect. Ce signe peut être lié à des facteurs sociaux ou culturels, sans nécessairement indiquer une maltraitance.",Fracture métaphysaire ou en torsion,"Incorrect. Ces fractures sont classiques en maltraitance, mais peuvent aussi survenir dans des traumatismes accidentels chez les nourrissons.",Présence de plusieurs types de traumatismes d'âges différents,"Correct. Cette combinaison atypique (fractures, ecchymoses, brûlures, etc.) avec des âges variés est un critère clé de maltraitance.",d
903,OIC-364-06-A,Quelle est la démarche correcte pour la prise en charge initiale d'une fracture chez l'enfant?,"La question évalue la compréhension des principes fondamentaux de la prise en charge initiale, notamment l'immobilisation, la gestion de la douleur et l'imagerie ciblée. Un piège courant est de négliger l'immobilisation ou de prescrire une imagerie non spécifique.","Immobiliser le membre, prescrire un antalgique de niveau 2 ou 3 et réaliser une imagerie ciblée","Correcte : correspond aux trois principes clés énoncés dans le contenu éducatif (immobilisation, antalgique, imagerie ciblée).","Manipuler le membre pour localiser la lésion, prescrire un antalgique de niveau 1 et réaliser une radiographie de tout le membre",Incorrecte : la manipulation excessive est à éviter ; l'antalgique de niveau 1 est inadapté et la radiographie de tout le membre n'est pas ciblée.,"Prescrire une IRM immédiatement, immobiliser le membre et administrer un antalgique de niveau 3",Incorrecte : l'IRM n'est pas la première imagerie à prescrire ; l'immobilisation doit être réalisée avant l'imagerie.,"Réaliser une radiographie de tout le membre, prescrire un antalgique de niveau 2 et ne pas immobiliser",Incorrecte : l'absence d'immobilisation est critique ; la radiographie de tout le membre n'est pas ciblée et peut retarder la prise en charge.,a
904,OIC-364-07-A,Quelle est l'indication correcte pour la radiographie comparative chez un enfant avec fracture?,La question évalue la compréhension des indications spécifiques pour les radiographies comparatives. Un piège courant est de croire que cette procédure est systématique.,Toujours réaliser une radiographie comparative,"Incorrect. La radiographie comparative n'est pas indiquée systématiquement, sauf en cas de doute persistant et après avis spécialisé.",Se réaliser une radiographie comparative en cas de doute persistant et après avis spécialisé,Correct. Cela correspond exactement aux recommandations du contenu éducatif.,Utiliser l'échographie ou l'IRM pour toutes les fractures,"Incorrect. Ces examens complémentaires sont indiqués pour les lésions osseuses spécifiques, non pour toutes les fractures.",Utiliser l'échographie ou l'IRM uniquement pour les lésions épiphyseales,"Incorrect. Bien que pertinentes pour les lésions épiphyseales, ces techniques peuvent aussi être utilisées pour d'autres lésions osseuses.",b
905,OIC-364-09-A,Quel est le premier signe de syndrome compartimental de l'avant-bras après une fracture supracondylienne de l'humérus chez l'enfant?,"Cette question évalue la compréhension des signes précoces du syndrome compartimental. Le piège courant est de confondre les signes secondaires (pallor, engourdissement) avec le premier symptôme.",La douleur,"Correcte. La douleur est le premier signe de syndrome compartimental, suivi des autres manifestations.",L'œdème,"Incorrecte. L'œdème est une conséquence secondaire, non le premier signe.",La pâleur,"Incorrecte. La pâleur indique une ischémie, mais apparaît après la douleur.",L'engourdissement,"Incorrecte. L'engourdissement est lié à une lésion nerveuse, mais survient après la douleur.",a
906,OIC-364-10-B,Quelle est la description correcte d'une fracture du condyle latéral du coude chez l'enfant?,Cette question évalue la compréhension des caractéristiques anatomiques et thérapeutiques de cette fracture. Un piège courant est de confondre les types de fractures épiphyseales ou de négliger l'importance du traitement chirurgical.,"Fracture épiphyseale de type III ou IV, déplacement lié aux insertions musculaires, articulaire, traitement chirurgical","Correcte. Elle intègre toutes les spécificités : classification, mécanisme de déplacement, nature articulaire et approche thérapeutique.","Fracture épiphyseale de type I ou II, déplacement minimal, non articulaire, traitement conservateur",Incorrecte. Les fractures de type I/II sont rares et non associées à des déplacements significatifs. Le traitement conservateur est inadéquat.,"Fracture diaphyseale, déplacement lié à la force de compression, non articulaire, traitement chirurgical","Incorrecte. La fracture est épiphyseale et articulaire, non diaphyseale. Le déplacement est lié aux insertions musculaires, pas à la compression.","Fracture de la tête du radius, déplacement lié à la traction musculaire, non articulaire, traitement conservateur","Incorrecte. La fracture concerne le condyle latéral, non la tête du radius. Elle est articulaire et nécessite un traitement chirurgical.",a
907,OIC-364-11-A,Quelle affirmation est correcte concernant les fractures de cheville chez l'enfant?,Cette question évalue la capacité à distinguer les types de fractures de cheville selon l'âge et le traitement. Un piège courant est de confondre les types de fractures avec les groupes d'âge.,Les décollements épiphysaires types I et II surviennent chez le petit et sont traités orthopédiquement,Correcte. Elle identifie correctement les types de fractures et leur traitement selon l'âge.,Les décollements épiphysaires types III et IV surviennent chez le petit et sont traités chirurgicalement,"Incorrecte. Les types III et IV sont associés à l'adolescent, pas au petit.",Les décollements épiphysaires types I et II surviennent chez l'adolescent et sont traités chirurgicalement,"Incorrecte. Les types I et II sont associés au petit, pas à l'adolescent, et sont traités orthopédiquement.",Les décollements épiphysaires types II et III surviennent chez le petit et sont traités chirurgicalement,Incorrecte. Les types II et III ne sont pas associés au même groupe d'âge et les traitements sont différents.,a
