Unnamed: 0,id,question,option_a,option_b,option_c,option_d,correct_option,content_raw,originality,readability,starts_with_negation,is_question,relevance,ambiguity,disclosure,difficulty,distractor_quality
0,OIC-005-01-A,"La responsabilité d’un professionnel de santé peut être recherchée à deux fins : la sanction du professionnel ou de l’établissement, ou l’indemnisation de l’usager victime des conséquences d’un événement indésirable associé aux soins. Quelle est la principale différence entre la sanction et l’indemnisation?","La sanction est de nature pénale ou disciplinaire, tandis que l’indemnisation est de nature civile.","La sanction vise à punir le professionnel ou l’établissement, tandis que l’indemnisation vise à réparer le dommage subi par l’usager.","La sanction est obligatoire, tandis que l’indemnisation est facultative.","La sanction est prononcée par un juge pénal, tandis que l’indemnisation est prononcée par un juge civil.",b,"{{objectif de connaissance
|Identifiant=OIC-005-01-A
|Item_parent=Responsabilités médicale pénale, civile, administrative et disciplinaire. La gestion des erreurs et des plaintes ; l’aléa thérapeutique
|Item_parent_short=Responsabilités médicale pénale, civile, administrative et disciplinaire. La gestion des erreurs et des plaintes ; l’aléa thérapeutique
|Rang=A
|Intitulé=Connaître la définition de la responsabilité sanction/indemnisation
|Description=None
|Rubrique=Définition
|Contributeurs=Bastien Boussat
|Ordre=1}}

La responsabilité d’un professionnel de santé ou d’un établissement de santé peut être recherchée à deux fins : soit la sanction du professionnel ou de l’établissement, soit l’indemnisation de l’usager victime des conséquences d’un événement indésirable associé aux soins. La sanction peut être de nature pénale ou disciplinaire. L’indemnisation incombe au responsable (exercice libéral) ou à son employeur s’il est salarié (public ou privé). Elle peut également être obtenue via la procédure amiable devant les commissions de conciliation et d’indemnisation. L’indemnisation des victimes est assurée par l’obligation de souscription pour les médecins et les établissements de santé (public ou privé) d’une assurance de responsabilité civile professionnelle. En plus d’assurer l’indemnisation des victimes, cette assurance permet de couvrir les médecins salariés lorsque la faute est détachable du service ou lorsque la mission qui leur a été confiée est outrepassée.

L’indemnisation de l’usager s’estimant victime des conséquences dommageables d’un acte médical suppose qu’il apporte la preuve d’un dommage, d’un fait générateur de responsabilité et d’un lien de causalité entre le fait générateur et le dommage.

En matière de responsabilité des professionnels et des établissements de santé, le dommage peut prendre plusieurs formes. Il peut s’agir :

- d’une atteinte à l’intégrité physique ou psychique ;

- d’une perte de chance de survie ou de guérison ;

- d’une perte de chance d’avoir échappé à un risque qui s’est finalement réalisé (en cas de défaut d’information).

Le dommage doit être actuel et certain. Il peut être futur dès lors qu’il est certain (par exemple, la stérilité d’une enfant du fait d’une irradiation fautive).

Le lien de causalité entre le fait générateur de responsabilité (en règle générale, la faute) et le dommage doit être certain. Il n’a pas à être direct ni exclusif.

Parmi les éléments du triptyque fondant l’engagement de la responsabilité, le lien de causalité est habituellement le plus difficile à prouver par le patient. En effet, il est souvent complexe de distinguer les conséquences de la faute de celles de l’évolution spontanée de l’état de santé pathologique. Le juge admet que l’on puisse indemniser la perte de chance de survie ou de guérison. Dans ce cas, l’indemnisation est accordée à proportion de la probabilité de survie ou de guérison perdue du fait de la faute.

Le même raisonnement est appliqué en cas de défaut d’information. Dans cette hypothèse, le patient a perdu une chance de s’échapper au risque qui s’est finalement réalisé. En d’autres termes, s’il avait été informé du risque, il aurait pu choisir de le courir ou de renoncer à l’acte médical. L’indemnisation est accordée à proportion de la probabilité qu’il aurait eu de renoncer à l’acte s’il avait été informé du risque. Il en résulte que si l’acte était indispensable, le juge en déduit que même informé du risque, le patient n’aurait pas renoncé à l’acte. La perte de chance est donc nulle.

Le juge judiciaire comme le juge administratif admettent également qu’un défaut d’information ouvre droit à une indemnisation au titre du préjudice d’impréparation, distinct de la perte de chance. Cette indemnisation répare, lorsque le risque dont le patient n’a pas été informé s’est réalisé, les troubles qu’il a pu subir du fait qu’il n’a pas pu se préparer à cette éventualité, notamment en prenant certaines dispositions personnelles.",0.30434782608695654,16.669418604651167,False,True,0.8336330652236938,0.8549454212188721,True,2,False
1,OIC-005-01-A,"La responsabilité pénale d'un médecin est toujours personnelle et concerne à l'identique tous les médecins, quel que soit le cadre de leur exercice. Quelle est la nature de cette responsabilité?",Elle est collective et concerne les établissements de santé.,Elle est personnelle et concerne à l'identique tous les médecins.,Elle est personnelle et concerne les médecins en fonction de leur spécialité.,Elle est collective et concerne les médecins en fonction de leur spécialité.,b,"{{objectif de connaissance
|Identifiant=OIC-005-01-A
|Item_parent=Responsabilités médicale pénale, civile, administrative et disciplinaire. La gestion des erreurs et des plaintes ; l’aléa thérapeutique
|Item_parent_short=Responsabilités médicale pénale, civile, administrative et disciplinaire. La gestion des erreurs et des plaintes ; l’aléa thérapeutique
|Rang=A
|Intitulé=Connaître la définition de la responsabilité sanction/indemnisation
|Description=None
|Rubrique=Définition
|Contributeurs=Bastien Boussat
|Ordre=1}}

La responsabilité d’un professionnel de santé ou d’un établissement de santé peut être recherchée à deux fins : soit la sanction du professionnel ou de l’établissement, soit l’indemnisation de l’usager victime des conséquences d’un événement indésirable associé aux soins. La sanction peut être de nature pénale ou disciplinaire. L’indemnisation incombe au responsable (exercice libéral) ou à son employeur s’il est salarié (public ou privé). Elle peut également être obtenue via la procédure amiable devant les commissions de conciliation et d’indemnisation. L’indemnisation des victimes est assurée par l’obligation de souscription pour les médecins et les établissements de santé (public ou privé) d’une assurance de responsabilité civile professionnelle. En plus d’assurer l’indemnisation des victimes, cette assurance permet de couvrir les médecins salariés lorsque la faute est détachable du service ou lorsque la mission qui leur a été confiée est outrepassée.

L’indemnisation de l’usager s’estimant victime des conséquences dommageables d’un acte médical suppose qu’il apporte la preuve d’un dommage, d’un fait générateur de responsabilité et d’un lien de causalité entre le fait générateur et le dommage.

En matière de responsabilité des professionnels et des établissements de santé, le dommage peut prendre plusieurs formes. Il peut s’agir :

- d’une atteinte à l’intégrité physique ou psychique ;

- d’une perte de chance de survie ou de guérison ;

- d’une perte de chance d’avoir échappé à un risque qui s’est finalement réalisé (en cas de défaut d’information).

Le dommage doit être actuel et certain. Il peut être futur dès lors qu’il est certain (par exemple, la stérilité d’une enfant du fait d’une irradiation fautive).

Le lien de causalité entre le fait générateur de responsabilité (en règle générale, la faute) et le dommage doit être certain. Il n’a pas à être direct ni exclusif.

Parmi les éléments du triptyque fondant l’engagement de la responsabilité, le lien de causalité est habituellement le plus difficile à prouver par le patient. En effet, il est souvent complexe de distinguer les conséquences de la faute de celles de l’évolution spontanée de l’état de santé pathologique. Le juge admet que l’on puisse indemniser la perte de chance de survie ou de guérison. Dans ce cas, l’indemnisation est accordée à proportion de la probabilité de survie ou de guérison perdue du fait de la faute.

Le même raisonnement est appliqué en cas de défaut d’information. Dans cette hypothèse, le patient a perdu une chance de s’échapper au risque qui s’est finalement réalisé. En d’autres termes, s’il avait été informé du risque, il aurait pu choisir de le courir ou de renoncer à l’acte médical. L’indemnisation est accordée à proportion de la probabilité qu’il aurait eu de renoncer à l’acte s’il avait été informé du risque. Il en résulte que si l’acte était indispensable, le juge en déduit que même informé du risque, le patient n’aurait pas renoncé à l’acte. La perte de chance est donc nulle.

Le juge judiciaire comme le juge administratif admettent également qu’un défaut d’information ouvre droit à une indemnisation au titre du préjudice d’impréparation, distinct de la perte de chance. Cette indemnisation répare, lorsque le risque dont le patient n’a pas été informé s’est réalisé, les troubles qu’il a pu subir du fait qu’il n’a pas pu se préparer à cette éventualité, notamment en prenant certaines dispositions personnelles.",1.0,13.073333333333338,False,True,0.8158424496650696,0.9051189621289571,True,5,False
2,OIC-005-02-A,Les professionnels exerçant à titre libéral engagent leur responsabilité civile devant les juridictions de l’ordre judiciaire :,"tribunal de grande instance, cour d’appel, cour de cassation","tribunal correctionnel, cour d’assises, cour de cassation","tribunal administratif, cour administrative d’appel, cour de cassation","tribunal de commerce, cour d’appel, cour de cassation",a,"{{objectif de connaissance
|Identifiant=OIC-005-02-A
|Item_parent=Responsabilités médicale pénale, civile, administrative et disciplinaire. La gestion des erreurs et des plaintes ; l’aléa thérapeutique
|Item_parent_short=Responsabilités médicale pénale, civile, administrative et disciplinaire. La gestion des erreurs et des plaintes ; l’aléa thérapeutique
|Rang=A
|Intitulé=Connaître la définition de la responsabilité pénale
|Description=None
|Rubrique=Définition
|Contributeurs=Bastien Boussat
|Ordre=2}}

La responsabilité pénale a une fonction répressive ayant pour vocation de sanctionner des individus dont le comportement est réprouvé dans notre société. Elle est toujours personnelle, concernant à l’identique tous les médecins (y compris les internes), quel que soit le cadre de leur exercice. Elle peut également concerner les établissements de santé, en leur qualité de personnes morales.

Les comportements que la société définit comme répréhensibles sont appelés infractions. Celle-ci sont énumérées dans le Code pénal et classées en trois catégories par ordre de gravité : contraventions, délits, crimes.

'''Infractions'''

En dehors de certaines dispositions particulières liées au non-respect des conditions spécifiques à certaines actions de soins (actes d’assistance médicale à la procréation, activités de recherche biomédicale, etc.), les infractions qui peuvent être reprochées à un médecin peuvent également l’être à tout citoyen. Toutefois, les médecins sont exposés à commettre certaines infractions plus que d’autres. On peut en citer trois grands types du fait de l’exercice de soin : celles qui résultent de la violation d’un devoir d’humanisme, les blessures et l’homicide involontaires et les blessures et l’homicide volontaire.

'''Violation d’un devoir d’humanisme'''

La violation d’un devoir d’humanisme concerne principalement 1/ la rédaction de faux certificats (article 441-7 du Code pénal), 2/ la violation du secret professionnel (article 226-13 du Code pénal) et 3/ la non-assistance à personne en péril (article 226-3 du Code pénal, encadré 5.1). Il faut noter que le défaut d’information au patient ne constitue pas une infraction pénale. Ce défaut est par contre une cause potentielle de responsabilité civile.

'''Homicide et blessures involontaires'''

L’homicide et les blessures involontaires recouvrent la majeure partie des infractions reprochées à un médecin (articles 221-6, 222-19 et 222-20 du Code pénal). La mort d’un patient ou ses blessures sont supposées résulter d’une faute par maladresse, imprudence, inattention, négligence ou manquement à une obligation de sécurité. Le médecin mis en cause n’a potentiellement pas respecté les données acquises de la science ou a commis une faute « banale » dans l’élaboration d’un diagnostic, dans la prescription ou la réalisation d’un traitement. Pour que l’infraction existe, il faut que le dommage et le lien de causalité certain avec la faute soient établis. Le lien de causalité peut être soit direct, soit indirect, à condition que la faute commise soit dite qualifiée, c’est-à-dire ayant créé ou contribué à créer la situation qui a contribué au dommage, ou n’ayant pas pris les mesures nécessaires pour l’éviter. On distingue deux types de fautes qualifiées :

- la faute délibérée : il s’agit d’une violation d’une obligation particulière de prudence ou de sécurité prévue par la loi ou le règlement. Elle nécessite de violer délibérément (donc de façon consciente) une règle de prudence ou de sécurité.

- la faute caractérisée : il s’agit d’une faute d’imprudence, de négligence, un manquement à une obligation de prudence ou de sécurité qui expose le patient à un risque d’une particulière gravité, que le médecin ne peut ignorer.

'''Homicide et blessures volontaires'''

Cela reste des infractions rares en responsabilité médicale. Elle se résument pour l’essentiel à la question de :

- l’euthanasie ;

- l’absence d’obtention d’un consentement d’un patient à un acte médical ;

- le non-respect des conditions de licéité de certains actes médicaux, encadrés par des lois spécifiques : interruption de grossesse, stérilisation à but contraceptif, prélèvements d’organes, expérimentation chez l’homme, etc.

'''Mise en œuvre de la responsabilité pénale'''

'''Poursuites'''

L’initiative des poursuites appartient au procureur de la République, qui décide des suites à donner aux plaintes, dénonciations et enquêtes de police. Il peut classer l’affaire sans suite, renvoyer directement l’auteur devant la juridiction de jugement ou requérir l’ouverture d’une information judiciaire.

Si l’affaire n’est pas classée sans suite, l’étape de l’information judiciaire est la règle en matière médicale, compte tenu de la complexité fréquente des dossiers.

'''Jugement'''

Les contraventions sont jugées par le tribunal de police et passibles d’amendes, les délits par le tribunal correctionnel et passibles de peines d’emprisonnement et les crimes par la cour d’assises et passibles de peines de réclusion criminelle.

Les infractions reprochées aux médecins relèvent habituellement du tribunal correctionnel, constituant pour l’essentiel des délits exposant à des peines d’emprisonnement, pouvant être assorties du sursis, et à des amendes.

Le patient victime peut demander en parallèle de la sanction pénale l’indemnisation de son dommage, au cours du même procès, en se constituant partie civile.

<br />",1.0,,False,False,0.7143037915229797,0.8402016560236613,False,4,False
3,OIC-005-02-A,La responsabilité administrative du médecin hospitalier est engagée devant les juridictions de l’ordre administratif lorsque :,Il commet une faute personnelle ou détachable du service.,Il commet une faute de service.,Il commet une faute dans l’organisation et le fonctionnement du service.,Il commet une faute dans l’exercice de ses fonctions.,b,"{{objectif de connaissance
|Identifiant=OIC-005-02-A
|Item_parent=Responsabilités médicale pénale, civile, administrative et disciplinaire. La gestion des erreurs et des plaintes ; l’aléa thérapeutique
|Item_parent_short=Responsabilités médicale pénale, civile, administrative et disciplinaire. La gestion des erreurs et des plaintes ; l’aléa thérapeutique
|Rang=A
|Intitulé=Connaître la définition de la responsabilité pénale
|Description=None
|Rubrique=Définition
|Contributeurs=Bastien Boussat
|Ordre=2}}

La responsabilité pénale a une fonction répressive ayant pour vocation de sanctionner des individus dont le comportement est réprouvé dans notre société. Elle est toujours personnelle, concernant à l’identique tous les médecins (y compris les internes), quel que soit le cadre de leur exercice. Elle peut également concerner les établissements de santé, en leur qualité de personnes morales.

Les comportements que la société définit comme répréhensibles sont appelés infractions. Celle-ci sont énumérées dans le Code pénal et classées en trois catégories par ordre de gravité : contraventions, délits, crimes.

'''Infractions'''

En dehors de certaines dispositions particulières liées au non-respect des conditions spécifiques à certaines actions de soins (actes d’assistance médicale à la procréation, activités de recherche biomédicale, etc.), les infractions qui peuvent être reprochées à un médecin peuvent également l’être à tout citoyen. Toutefois, les médecins sont exposés à commettre certaines infractions plus que d’autres. On peut en citer trois grands types du fait de l’exercice de soin : celles qui résultent de la violation d’un devoir d’humanisme, les blessures et l’homicide involontaires et les blessures et l’homicide volontaire.

'''Violation d’un devoir d’humanisme'''

La violation d’un devoir d’humanisme concerne principalement 1/ la rédaction de faux certificats (article 441-7 du Code pénal), 2/ la violation du secret professionnel (article 226-13 du Code pénal) et 3/ la non-assistance à personne en péril (article 226-3 du Code pénal, encadré 5.1). Il faut noter que le défaut d’information au patient ne constitue pas une infraction pénale. Ce défaut est par contre une cause potentielle de responsabilité civile.

'''Homicide et blessures involontaires'''

L’homicide et les blessures involontaires recouvrent la majeure partie des infractions reprochées à un médecin (articles 221-6, 222-19 et 222-20 du Code pénal). La mort d’un patient ou ses blessures sont supposées résulter d’une faute par maladresse, imprudence, inattention, négligence ou manquement à une obligation de sécurité. Le médecin mis en cause n’a potentiellement pas respecté les données acquises de la science ou a commis une faute « banale » dans l’élaboration d’un diagnostic, dans la prescription ou la réalisation d’un traitement. Pour que l’infraction existe, il faut que le dommage et le lien de causalité certain avec la faute soient établis. Le lien de causalité peut être soit direct, soit indirect, à condition que la faute commise soit dite qualifiée, c’est-à-dire ayant créé ou contribué à créer la situation qui a contribué au dommage, ou n’ayant pas pris les mesures nécessaires pour l’éviter. On distingue deux types de fautes qualifiées :

- la faute délibérée : il s’agit d’une violation d’une obligation particulière de prudence ou de sécurité prévue par la loi ou le règlement. Elle nécessite de violer délibérément (donc de façon consciente) une règle de prudence ou de sécurité.

- la faute caractérisée : il s’agit d’une faute d’imprudence, de négligence, un manquement à une obligation de prudence ou de sécurité qui expose le patient à un risque d’une particulière gravité, que le médecin ne peut ignorer.

'''Homicide et blessures volontaires'''

Cela reste des infractions rares en responsabilité médicale. Elle se résument pour l’essentiel à la question de :

- l’euthanasie ;

- l’absence d’obtention d’un consentement d’un patient à un acte médical ;

- le non-respect des conditions de licéité de certains actes médicaux, encadrés par des lois spécifiques : interruption de grossesse, stérilisation à but contraceptif, prélèvements d’organes, expérimentation chez l’homme, etc.

'''Mise en œuvre de la responsabilité pénale'''

'''Poursuites'''

L’initiative des poursuites appartient au procureur de la République, qui décide des suites à donner aux plaintes, dénonciations et enquêtes de police. Il peut classer l’affaire sans suite, renvoyer directement l’auteur devant la juridiction de jugement ou requérir l’ouverture d’une information judiciaire.

Si l’affaire n’est pas classée sans suite, l’étape de l’information judiciaire est la règle en matière médicale, compte tenu de la complexité fréquente des dossiers.

'''Jugement'''

Les contraventions sont jugées par le tribunal de police et passibles d’amendes, les délits par le tribunal correctionnel et passibles de peines d’emprisonnement et les crimes par la cour d’assises et passibles de peines de réclusion criminelle.

Les infractions reprochées aux médecins relèvent habituellement du tribunal correctionnel, constituant pour l’essentiel des délits exposant à des peines d’emprisonnement, pouvant être assorties du sursis, et à des amendes.

Le patient victime peut demander en parallèle de la sanction pénale l’indemnisation de son dommage, au cours du même procès, en se constituant partie civile.

<br />",1.0,,False,False,0.7948817014694214,0.8536190589269003,False,2,True
4,OIC-005-03-A,La responsabilité disciplinaire est encourue devant les instances de l’Ordre des médecins. Quelle est la définition de cette responsabilité?,Elle est liée aux violations des règles de déontologie médicale.,Elle est liée aux violations des règles pénales.,Elle est liée aux violations des règles administratives.,Elle est liée aux violations des règles civiles.,a,"{{objectif de connaissance
|Identifiant=OIC-005-03-A
|Item_parent=Responsabilités médicale pénale, civile, administrative et disciplinaire. La gestion des erreurs et des plaintes ; l’aléa thérapeutique
|Item_parent_short=Responsabilités médicale pénale, civile, administrative et disciplinaire. La gestion des erreurs et des plaintes ; l’aléa thérapeutique
|Rang=A
|Intitulé=Connaître la définition de la responsabilité civile
|Description=None
|Rubrique=Définition
|Contributeurs=Bastien Boussat
|Ordre=3}}

Les professionnels exerçant à titre libéral et les établissements de santé privés engagent leur responsabilité civile devant les juridictions de l’ordre judiciaire : tribunal de grande instance, cour d’appel, cour de cassation.

S’agissant des médecins salariés d’établissements, services ou organismes privés, ils n’engagent pas leur responsabilité civile personnelle du fait des dommages causés à un patient dès lors qu’ils n’outrepassent pas la mission qui leur a été confiée par leur employeur. C’est l’application du régime de responsabilité du commettant (l’employeur) du fait de son proposé (le médecin), lequel n’est pas incompatible avec le principe d’indépendance professionnelle du médecin dans l’exercice de son art.

Les praticiens hospitaliers engagent leur responsabilité civile professionnelle à raison des dommages survenus dans le cadre de leur secteur d’activité libérale au sein d’un établissement public de santé.",1.0,14.199210526315792,False,True,0.8297066688537598,0.8763520916302999,True,2,False
5,OIC-005-03-A,"La responsabilité sans faute est engagée dans le cas d'un dommage lié aux soins survenu sans manquement aux règles professionnelles ou scientifiques, ni erreur. Quelle est la définition de cette responsabilité?",Elle est engagée lorsque le patient a donné son consentement éclairé.,"Elle est engagée lorsque le dommage est survenu sans manquement aux règles professionnelles ou scientifiques, ni erreur.",Elle est engagée lorsque le dommage est survenu en raison d'une faute médicale.,Elle est engagée lorsque le dommage est survenu en raison d'une erreur médicale.,b,"{{objectif de connaissance
|Identifiant=OIC-005-03-A
|Item_parent=Responsabilités médicale pénale, civile, administrative et disciplinaire. La gestion des erreurs et des plaintes ; l’aléa thérapeutique
|Item_parent_short=Responsabilités médicale pénale, civile, administrative et disciplinaire. La gestion des erreurs et des plaintes ; l’aléa thérapeutique
|Rang=A
|Intitulé=Connaître la définition de la responsabilité civile
|Description=None
|Rubrique=Définition
|Contributeurs=Bastien Boussat
|Ordre=3}}

Les professionnels exerçant à titre libéral et les établissements de santé privés engagent leur responsabilité civile devant les juridictions de l’ordre judiciaire : tribunal de grande instance, cour d’appel, cour de cassation.

S’agissant des médecins salariés d’établissements, services ou organismes privés, ils n’engagent pas leur responsabilité civile personnelle du fait des dommages causés à un patient dès lors qu’ils n’outrepassent pas la mission qui leur a été confiée par leur employeur. C’est l’application du régime de responsabilité du commettant (l’employeur) du fait de son proposé (le médecin), lequel n’est pas incompatible avec le principe d’indépendance professionnelle du médecin dans l’exercice de son art.

Les praticiens hospitaliers engagent leur responsabilité civile professionnelle à raison des dommages survenus dans le cadre de leur secteur d’activité libérale au sein d’un établissement public de santé.",1.0,13.293709677419354,False,True,0.7541348934173584,0.8129594127337137,True,2,False
6,OIC-005-04-A,Quelle est la définition de la faute dans le contexte de la responsabilité médicale?,Une violation des connaissances médicales avérées ou des données acquises de la science.,Une atteinte au droit à la protection de la santé.,Une violation du devoir d’humanisme.,Une atteinte au droit au respect de la dignité.,a,"{{objectif de connaissance
|Identifiant=OIC-005-04-A
|Item_parent=Responsabilités médicale pénale, civile, administrative et disciplinaire. La gestion des erreurs et des plaintes ; l’aléa thérapeutique
|Item_parent_short=Responsabilités médicale pénale, civile, administrative et disciplinaire. La gestion des erreurs et des plaintes ; l’aléa thérapeutique
|Rang=A
|Intitulé=Connaître la définition de la responsabilité administrative
|Description=None
|Rubrique=Définition
|Contributeurs=Bastien Boussat
|Ordre=4}}

Il n’existe pas de relation juridique entre le médecin, agent du service public hospitalier, et son patient. Les deux ne sont en effet liés juridiquement qu’à l’établissement public de santé. S’agissant des actes réalisés par les médecins hospitaliers, c’est la responsabilité de l’établissement public de santé qui est engagée devant les juridictions de l’ordre administratif : tribunal administratif, cour administrative d’appel, Conseil d’Etat.

La jurisprudence administrative a défini une typologie des fautes susceptibles d’engager la responsabilité du service public :

- la faute de service : c’est la faute commise par un agent public dans l’exercice de ses fonctions, c’est-à-dire pendant le service, avec les moyens du service et en dehors de tout intérêt personnel ;

- la faute dans l’organisation et le fonctionnement du service : ont pu être qualifiés ainsi une insuffisance dans la surveillance des patients ou des locaux, le mauvais entretien des locaux et du matériel, la mauvaise coordination entre médecins, etc.

Doit être distinguée la faute personnelle ou détachable du service, qui engage la responsabilité civile personnelle de son auteur. Deux cas de figure peuvent être envisagées :

- soit elle a été commise en dehors du service et n’a aucun lien avec le service (exemple de la faute commise par un médecin dans des soins dispensés dans un cadre privé) ;

- soit elle a été commise dans le service mais elle s’en détache en raison de l’intention de nuire de son auteur ou de son exceptionnelle gravité (exemple du refus du chirurgien de garde de se déplacer pour un blessé par balle alors qu’il avait été averti par l’interne de la gravité de son état).",1.0,11.784285714285716,False,True,0.7690095901489258,0.7546420296033224,False,4,False
7,OIC-005-04-A,Qu'est-ce qu'une erreur par omission?,Une action qui a été faite mais qui n'était pas utile.,Une action nécessaire qui n'a pas été faite.,Une action mal réalisée.,Une violation d'une règle professionnelle.,b,"{{objectif de connaissance
|Identifiant=OIC-005-04-A
|Item_parent=Responsabilités médicale pénale, civile, administrative et disciplinaire. La gestion des erreurs et des plaintes ; l’aléa thérapeutique
|Item_parent_short=Responsabilités médicale pénale, civile, administrative et disciplinaire. La gestion des erreurs et des plaintes ; l’aléa thérapeutique
|Rang=A
|Intitulé=Connaître la définition de la responsabilité administrative
|Description=None
|Rubrique=Définition
|Contributeurs=Bastien Boussat
|Ordre=4}}

Il n’existe pas de relation juridique entre le médecin, agent du service public hospitalier, et son patient. Les deux ne sont en effet liés juridiquement qu’à l’établissement public de santé. S’agissant des actes réalisés par les médecins hospitaliers, c’est la responsabilité de l’établissement public de santé qui est engagée devant les juridictions de l’ordre administratif : tribunal administratif, cour administrative d’appel, Conseil d’Etat.

La jurisprudence administrative a défini une typologie des fautes susceptibles d’engager la responsabilité du service public :

- la faute de service : c’est la faute commise par un agent public dans l’exercice de ses fonctions, c’est-à-dire pendant le service, avec les moyens du service et en dehors de tout intérêt personnel ;

- la faute dans l’organisation et le fonctionnement du service : ont pu être qualifiés ainsi une insuffisance dans la surveillance des patients ou des locaux, le mauvais entretien des locaux et du matériel, la mauvaise coordination entre médecins, etc.

Doit être distinguée la faute personnelle ou détachable du service, qui engage la responsabilité civile personnelle de son auteur. Deux cas de figure peuvent être envisagées :

- soit elle a été commise en dehors du service et n’a aucun lien avec le service (exemple de la faute commise par un médecin dans des soins dispensés dans un cadre privé) ;

- soit elle a été commise dans le service mais elle s’en détache en raison de l’intention de nuire de son auteur ou de son exceptionnelle gravité (exemple du refus du chirurgien de garde de se déplacer pour un blessé par balle alors qu’il avait été averti par l’interne de la gravité de son état).",0.0,14.68,False,True,0.6171435117721558,0.8545357982317606,True,2,False
8,OIC-005-05-A,Qu'est-ce qui caractérise un accident médical?,"Un événement indésirable survenu au cours d’un acte de soin, de prévention ou de diagnostic.",Un dommage anormal au regard de l’évolution prévisible de l’état de santé.,Un acte de soin conforme aux bonnes pratiques.,Un effet iatrogène.,a,"{{objectif de connaissance
|Identifiant=OIC-005-05-A
|Item_parent=Responsabilités médicale pénale, civile, administrative et disciplinaire. La gestion des erreurs et des plaintes ; l’aléa thérapeutique
|Item_parent_short=Responsabilités médicale pénale, civile, administrative et disciplinaire. La gestion des erreurs et des plaintes ; l’aléa thérapeutique
|Rang=A
|Intitulé=Connaître la définition de la responsabilité disciplinaire
|Description=None
|Rubrique=Définition
|Contributeurs=Bastien Boussat
|Ordre=5}}

La responsabilité disciplinaire est celle qui est encourue devant les instances de l’Ordre des médecins. L’action disciplinaire est indépendante des autres actions qui peuvent être engagées contre un médecin (civiles ou pénales).

'''Fautes et sanctions disciplinaires'''

'''Fautes disciplinaires'''

Est une faute disciplinaire tout manquement aux règles de déontologie médicale. C’est une violation d’une règle morale plus qu’une règle proprement juridique, qu’elle soit inscrite dans un texte, le Code de la déontologie médicale par exemple, ou non. Ces fautes ont en principe un rapport avec l’activité professionnelle, mais pas exclusivement. Un acte de la vie privée peut porter atteinte à l’honneur ou à la moralité de la profession. Les règles de la déontologie médicale sont rassemblées dans le Code de déontologie médicale (article R.4127-1 à R.4127-112 du Code de la santé publique). Les principes fondamentaux qu’il renferme s’imposent à tous les médecins inscrits au tableau de l’Ordre des médecins, ainsi qu’aux internes en médecine effectuant des remplacements.

Ce Code se différencie du Code pénal qui lui n’énonce pas de principes mais liste des comportements prohibés par notre société (infractions pénales). Il est élaboré par le Conseil national de l’Ordre des médecins, investi à cet effet d’un pouvoir réglementaire soumis au Conseil d’Etat. Il est périodiquement révisé, étant donné qu’il doit être conforme à la loi.

'''Sanctions disciplinaires'''

Les sanctions encourues sont l’avertissement, le blâme, l’interdiction temporaire d’exercer des fonctions rémunérées par l’Etat ou les collectivités publiques, l’interdiction temporaire d’exercice (pour trois ans au maximum) ou la radiation du tableau de l’Ordre.

Les interdictions d’exercice temporaires peuvent être assorties d’un sursis (partiel ou total), révocable en cas de commission d’une nouvelle faute disciplinaire dans les cinq ans qui suivent. En cas de radiation, l’intéressé peut demander son relèvement au bout de trois ans. En cas de refus, il doit attendre trois ans pour en faire éventuellement à nouveau la demande.

'''Mise en œuvre de la responsabilité disciplinaire'''

'''Juridictions'''

Les juridictions compétentes sont la chambre disciplinaire du conseil régional de l’Ordre et la chambre disciplinaire du conseil national de l’Ordre en appel. Un pouvoir en cassation peut être formé devant le Conseil d’Etat.

'''Saisine'''

Peuvent saisir la chambre disciplinaire du conseil régional de l’Ordre pour les médecins libéraux un conseil départemental de l’Ordre, le conseil national de l’Ordre, un médecin, un syndicat de médecins, le directeur de l’Agence régionale de la santé, le préfet, le procureur de la République et le ministre en charge de la santé.

Pour les médecins du secteur public hospitalier, le pouvoir de saisine est limité au conseil départemental de l’Ordre, au conseil national de l’Ordre, au directeur de l’Agence régionale de la santé, au préfet, au procureur de la République et au ministre en charge de la santé.

Une plainte contre un médecin libéral ou hospitalier émanant d’un patient doit être transmise au conseil départemental de l’Ordre, qui a l’obligation de tenter une conciliation.

En cas d’échec, le conseil départemental de l’Ordre a l’obligation de transmettre la plainte à la chambre disciplinaire du conseil régional de l’Ordre.

'''Procédure'''

Le patient est l’une des parties à l’instance, il peut donc exercer des voies de recours (appel, pourvoi en cassation) et peut être accompagné d’un avocat. Le médecin, quant à lui, peut être assisté devant la juridiction par un avocat du barreau ou un confrère. La procédure devant les juridictions de l’Ordre est contradictoire ; l’audience est publique",1.0,14.283333333333335,False,True,0.7428138852119446,0.8021167914072672,False,2,False
9,OIC-005-05-A,Quelle est la définition de l'infection nosocomiale?,Une infection contractée en dehors d'un établissement de santé.,Une infection contractée au cours d'un séjour dans un établissement de santé.,Une infection qui apparaît avant 48 heures d'hospitalisation.,Une infection qui apparaît après 48 heures d'hospitalisation.,b,"{{objectif de connaissance
|Identifiant=OIC-005-05-A
|Item_parent=Responsabilités médicale pénale, civile, administrative et disciplinaire. La gestion des erreurs et des plaintes ; l’aléa thérapeutique
|Item_parent_short=Responsabilités médicale pénale, civile, administrative et disciplinaire. La gestion des erreurs et des plaintes ; l’aléa thérapeutique
|Rang=A
|Intitulé=Connaître la définition de la responsabilité disciplinaire
|Description=None
|Rubrique=Définition
|Contributeurs=Bastien Boussat
|Ordre=5}}

La responsabilité disciplinaire est celle qui est encourue devant les instances de l’Ordre des médecins. L’action disciplinaire est indépendante des autres actions qui peuvent être engagées contre un médecin (civiles ou pénales).

'''Fautes et sanctions disciplinaires'''

'''Fautes disciplinaires'''

Est une faute disciplinaire tout manquement aux règles de déontologie médicale. C’est une violation d’une règle morale plus qu’une règle proprement juridique, qu’elle soit inscrite dans un texte, le Code de la déontologie médicale par exemple, ou non. Ces fautes ont en principe un rapport avec l’activité professionnelle, mais pas exclusivement. Un acte de la vie privée peut porter atteinte à l’honneur ou à la moralité de la profession. Les règles de la déontologie médicale sont rassemblées dans le Code de déontologie médicale (article R.4127-1 à R.4127-112 du Code de la santé publique). Les principes fondamentaux qu’il renferme s’imposent à tous les médecins inscrits au tableau de l’Ordre des médecins, ainsi qu’aux internes en médecine effectuant des remplacements.

Ce Code se différencie du Code pénal qui lui n’énonce pas de principes mais liste des comportements prohibés par notre société (infractions pénales). Il est élaboré par le Conseil national de l’Ordre des médecins, investi à cet effet d’un pouvoir réglementaire soumis au Conseil d’Etat. Il est périodiquement révisé, étant donné qu’il doit être conforme à la loi.

'''Sanctions disciplinaires'''

Les sanctions encourues sont l’avertissement, le blâme, l’interdiction temporaire d’exercer des fonctions rémunérées par l’Etat ou les collectivités publiques, l’interdiction temporaire d’exercice (pour trois ans au maximum) ou la radiation du tableau de l’Ordre.

Les interdictions d’exercice temporaires peuvent être assorties d’un sursis (partiel ou total), révocable en cas de commission d’une nouvelle faute disciplinaire dans les cinq ans qui suivent. En cas de radiation, l’intéressé peut demander son relèvement au bout de trois ans. En cas de refus, il doit attendre trois ans pour en faire éventuellement à nouveau la demande.

'''Mise en œuvre de la responsabilité disciplinaire'''

'''Juridictions'''

Les juridictions compétentes sont la chambre disciplinaire du conseil régional de l’Ordre et la chambre disciplinaire du conseil national de l’Ordre en appel. Un pouvoir en cassation peut être formé devant le Conseil d’Etat.

'''Saisine'''

Peuvent saisir la chambre disciplinaire du conseil régional de l’Ordre pour les médecins libéraux un conseil départemental de l’Ordre, le conseil national de l’Ordre, un médecin, un syndicat de médecins, le directeur de l’Agence régionale de la santé, le préfet, le procureur de la République et le ministre en charge de la santé.

Pour les médecins du secteur public hospitalier, le pouvoir de saisine est limité au conseil départemental de l’Ordre, au conseil national de l’Ordre, au directeur de l’Agence régionale de la santé, au préfet, au procureur de la République et au ministre en charge de la santé.

Une plainte contre un médecin libéral ou hospitalier émanant d’un patient doit être transmise au conseil départemental de l’Ordre, qui a l’obligation de tenter une conciliation.

En cas d’échec, le conseil départemental de l’Ordre a l’obligation de transmettre la plainte à la chambre disciplinaire du conseil régional de l’Ordre.

'''Procédure'''

Le patient est l’une des parties à l’instance, il peut donc exercer des voies de recours (appel, pourvoi en cassation) et peut être accompagné d’un avocat. Le médecin, quant à lui, peut être assisté devant la juridiction par un avocat du barreau ou un confrère. La procédure devant les juridictions de l’Ordre est contradictoire ; l’audience est publique",1.0,14.111428571428572,False,True,0.6538176536560059,0.8893561760584513,False,2,False
10,OIC-005-06-A,"L’aléa thérapeutique se distingue des erreurs par son inévitabilité. C’est un événement indésirable dont la cause est une action de soins conforme et ne comportant pas d’erreur. Il est lié à la réalisation d’un risque inhérent à l’action de soins. On peut citer comme exemple la survenue d’un effet secondaire d’un médicament correctement prescrit et administré. L’aléa thérapeutique est défini comme étant un accident médical (événement imprévu causant un dommage ayant un lien de causalité certain avec l’acte médical), une affection iatrogène (les soins délivrés au patient ont causé le dommage) ou une infection nosocomiale (l’infection apparaît après une hospitalisation et était absente le jour de l’admission) qui est survenue sans responsabilité des professionnels de santé ou de l’établissement de santé. D’après la jurisprudence, l’aléa thérapeutique consiste dans « la survenance, en dehors de toute faute du praticien, d’un risque accidentel inhérent à l’acte médical et qui ne pouvait être maîtrisé ». Tout risque inhérent à l’acte de soin, de diagnostic ou de prévention peut constituer un aléa thérapeutique.",Il est toujours lié à une faute du praticien.,Il est toujours lié à un acte médical non conforme.,Il est toujours lié à un risque inhérent à l’action de soins.,Il est toujours lié à un effet secondaire d’un médicament mal prescrit.,c,"{{objectif de connaissance
|Identifiant=OIC-005-06-A
|Item_parent=Responsabilités médicale pénale, civile, administrative et disciplinaire. La gestion des erreurs et des plaintes ; l’aléa thérapeutique
|Item_parent_short=Responsabilités médicale pénale, civile, administrative et disciplinaire. La gestion des erreurs et des plaintes ; l’aléa thérapeutique
|Rang=A
|Intitulé=Connaître la définition de la responsabilité sans faute
|Description=None
|Rubrique=Définition
|Contributeurs=Bastien Boussat
|Ordre=6}}

Dans le cas d'un dommage lié au soins mais survenu sans manquement aux règles professionnelles ou scientifiques, ni erreur, on parle de responsabilité sans faute.

Le législateur a reconnu des systèmes d’indemnisation pour lesquels la responsabilité peut être engagée à partir d’un autre fait générateur que la faute prouvée. C’est le cas de la survenue d’une infection nosocomiale.",1.0,15.889619611158071,False,False,0.8208816051483154,0.7864914933840433,False,3,False
11,OIC-005-07-A,Quels sont les facteurs humains individuels qui peuvent conduire à des erreurs?,Le manque de connaissances et de compétences,Le stress et la fatigue,La capacité de mémorisation limitée,La maladie et les conflits,a,"{{objectif de connaissance
|Identifiant=OIC-005-07-A
|Item_parent=Responsabilités médicale pénale, civile, administrative et disciplinaire. La gestion des erreurs et des plaintes ; l’aléa thérapeutique
|Item_parent_short=Responsabilités médicale pénale, civile, administrative et disciplinaire. La gestion des erreurs et des plaintes ; l’aléa thérapeutique
|Rang=A
|Intitulé=Connaître la définition de la faute
|Description=None
|Rubrique=Définition
|Contributeurs=Bastien Boussat
|Ordre=7}}

Depuis la loi du 4 mars 2002 ont été substitués aux obligations professionnelles du médecin les droits du patient légalement consacrés. Un patient peut se prévaloir d’une atteinte à l’un de ses droits pour rechercher la responsabilité d’un médecin ou d’un établissement de santé. Il lui incombe cependant de prouver la faute. L’article L.1142-1 du Code de la santé publique stipule que les professionnels et établissements de santé ne sont responsables des conséquences dommageables d’actes de prévention, de prévention ou de soins qu’en cas de faute.

'''Droits du patient'''

L’atteinte de l’un de ces droits peut constituer un fait générateur de responsabilité médicale pour faute :

- droit à la protection de la santé ;

- droit au respect de la dignité ;

- droit à ne pas subir de discrimination dans l’accès à la prévention ou aux soins ;

- droit au respect de la vie privée et au secret des informations ;

- droit de recevoir les traitements et les soins les plus appropriés et de bénéficier des thérapeutiques dont l’efficacité est reconnue et qui garantissent la meilleure sécurité sanitaire et le meilleur apaisement possible de la souffrance au regard des connaissances médicales avérées ;

- droit de ne pas subir des actes témoignant d’une obstination déraisonnable ;

- droit à une sédation profonde et continue provoquant une altération de la conscience maintenue jusqu’au décès ;

- droit de recevoir des traitements et des soins visant à soulager la souffrance ;

- droit d’accéder à des soins palliatifs et à un accompagnement ;

- droit d’être informé sur son état de santé ;

-droit à une information sur les frais auxquels l’usager pourrait être exposé à l’occasion d’activités de prévention, de diagnostic et de soins ;

- droit de refuser ou de ne pas recevoir un traitement


Le fait générateur de responsabilité doit donc être une faute prouvée. Cette faute peut revêtir différentes formes et l’on distingue habituellement :

- la faute technique, qui consiste en une violation des connaissances médicales avérées ou des données acquises de la science. Ces connaissances médicales avérées constituent un standard technique auquel le juge se réfère, et peuvent être définies en référence à la littérature scientifique médicale ainsi qu’aux recommandations de bonnes pratiques. Le juge devra se référer aux connaissances médicales avérées au moment de l’acte médical litigieux ;

- la violation d’un devoir d’humanisme, qui renvoie à la dimension « humaine » de la pratique médicale, et peut notamment résulter de l’atteinte au secret professionnel ou d’un défaut d’information ne permettant pas un consentement libre et éclairé.

Dans certains cas, le fait générateur peut prendre d’autres formes : il peut s’agir du défaut d’un produit de santé, le produit étant considéré comme défectueux lorsqu’il n’offre pas la sécurité à laquelle on peut légitimement s’attendre.",1.0,9.740000000000002,False,True,0.6092495918273926,0.7051476836204529,False,2,False
12,OIC-005-08-A,La démarche de culture positive de l'erreur repose sur quel principe?,La non-culpabilisation de la personne qui a commis l'erreur,La recherche de la responsabilité du dernier maillon de la chaîne de soins,La mise en place de sanctions pour les erreurs,La recherche des causes externes de l'erreur,a,"{{objectif de connaissance
|Identifiant=OIC-005-08-A
|Item_parent=Responsabilités médicale pénale, civile, administrative et disciplinaire. La gestion des erreurs et des plaintes ; l’aléa thérapeutique
|Item_parent_short=Responsabilités médicale pénale, civile, administrative et disciplinaire. La gestion des erreurs et des plaintes ; l’aléa thérapeutique
|Rang=A
|Intitulé=Connaître la définition de l’erreur médicale
|Description=None
|Rubrique=Définition
|Contributeurs=Bastien Boussat
|Ordre=8}}

<br />L’être humain est faillible et il est dans sa nature de faire des erreurs. Reconnaitre qu’on peut faire des erreurs est un préalable à l’adoption de comportement de prévention des erreurs. Reconnaître qu’on a fait une erreur est une occasion d’apprendre et de progresser. C’est vrai au niveau des individus mais c’est vrai aussi au niveau des organisations. Quand une organisation met en place des dispositifs d’identification, d’analyse et de prévention des erreurs on parle « d’organisation apprenante ».

On parle d’erreur par omission quand une action nécessaire n’a pas été faite. L’erreur par commission désigne une action qui a été faite mais qui n’était pas utile. L’erreur d’exécution désigne une action mal réalisée.

On parle de violation (ou de non-conformité) en cas de non-respect d’une recommandation ou d’une règle professionnelle. Ce non-respect peut être routinier (mauvaise habitude), issu d’une priorisation personnelle (pour gagner du temps par exemple) ou induite par le contexte (suractivité, urgence, etc.).

Les erreurs dans le domaine des soins peuvent concerner les actions de prévention, de diagnostic ou de traitement. Elles peuvent ou non avoir entraîné un dommage pour le patient. Elles sont involontaires et évitables. On parle d’événement indésirable grave (EIG) lorsque le dommage est un décès, ou une complication grave ou, au minimum, une prolongation d’hospitalisation d’un jour.

L’être humain est faillible et il est dans sa nature de faire des erreurs. Reconnaitre qu’on peut faire des erreurs est un préalable à l’adoption de comportement de prévention des erreurs. Reconnaître qu’on a fait une erreur est une occasion d’apprendre et de progresser. C’est vrai au niveau des individus mais c’est vrai aussi au niveau des organisations. Quand une organisation met en place des dispositifs d’identification, d’analyse et de prévention des erreurs on parle « d’organisation apprenante ».

'''Les types d’erreur : omission, commission, exécution, violation''' 

On parle d’erreur par omission quand une action nécessaire n’a pas été faite. L’erreur par commission désigne une action qui a été faite mais qui n’était pas utile. L’erreur d’exécution désigne une action mal réalisée.

On parle de violation (ou de non-conformité) en cas de non-respect d’une recommandation ou d’une règle professionnelle. Ce non-respect peut être routinier (mauvaise habitude), issu d’une priorisation personnelle (pour gagner du temps par exemple) ou induite par le contexte (suractivité, urgence, etc.).",1.0,12.3,False,True,0.684709370136261,0.7472116947174072,False,2,False
13,OIC-005-08-A,Le travail en équipe pluriprofessionnelle est considéré comme un facteur de santé et de bien-être au travail pour les professionnels. Cette affirmation est liée à l'objectif de connaissance OIC-006-01-A.,Il est une barrière de sécurité contre les événements indésirables.,Il est un facteur de qualité de la prise en charge du patient.,Il est un moyen de répondre de manière collaborative aux besoins du patient.,Il est un facteur de santé et de bien-être au travail pour les professionnels.,d,"{{objectif de connaissance
|Identifiant=OIC-005-08-A
|Item_parent=Responsabilités médicale pénale, civile, administrative et disciplinaire. La gestion des erreurs et des plaintes ; l’aléa thérapeutique
|Item_parent_short=Responsabilités médicale pénale, civile, administrative et disciplinaire. La gestion des erreurs et des plaintes ; l’aléa thérapeutique
|Rang=A
|Intitulé=Connaître la définition de l’erreur médicale
|Description=None
|Rubrique=Définition
|Contributeurs=Bastien Boussat
|Ordre=8}}

<br />L’être humain est faillible et il est dans sa nature de faire des erreurs. Reconnaitre qu’on peut faire des erreurs est un préalable à l’adoption de comportement de prévention des erreurs. Reconnaître qu’on a fait une erreur est une occasion d’apprendre et de progresser. C’est vrai au niveau des individus mais c’est vrai aussi au niveau des organisations. Quand une organisation met en place des dispositifs d’identification, d’analyse et de prévention des erreurs on parle « d’organisation apprenante ».

On parle d’erreur par omission quand une action nécessaire n’a pas été faite. L’erreur par commission désigne une action qui a été faite mais qui n’était pas utile. L’erreur d’exécution désigne une action mal réalisée.

On parle de violation (ou de non-conformité) en cas de non-respect d’une recommandation ou d’une règle professionnelle. Ce non-respect peut être routinier (mauvaise habitude), issu d’une priorisation personnelle (pour gagner du temps par exemple) ou induite par le contexte (suractivité, urgence, etc.).

Les erreurs dans le domaine des soins peuvent concerner les actions de prévention, de diagnostic ou de traitement. Elles peuvent ou non avoir entraîné un dommage pour le patient. Elles sont involontaires et évitables. On parle d’événement indésirable grave (EIG) lorsque le dommage est un décès, ou une complication grave ou, au minimum, une prolongation d’hospitalisation d’un jour.

L’être humain est faillible et il est dans sa nature de faire des erreurs. Reconnaitre qu’on peut faire des erreurs est un préalable à l’adoption de comportement de prévention des erreurs. Reconnaître qu’on a fait une erreur est une occasion d’apprendre et de progresser. C’est vrai au niveau des individus mais c’est vrai aussi au niveau des organisations. Quand une organisation met en place des dispositifs d’identification, d’analyse et de prévention des erreurs on parle « d’organisation apprenante ».

'''Les types d’erreur : omission, commission, exécution, violation''' 

On parle d’erreur par omission quand une action nécessaire n’a pas été faite. L’erreur par commission désigne une action qui a été faite mais qui n’était pas utile. L’erreur d’exécution désigne une action mal réalisée.

On parle de violation (ou de non-conformité) en cas de non-respect d’une recommandation ou d’une règle professionnelle. Ce non-respect peut être routinier (mauvaise habitude), issu d’une priorisation personnelle (pour gagner du temps par exemple) ou induite par le contexte (suractivité, urgence, etc.).",1.0,12.851206896551727,False,False,0.7435553073883057,0.7802738944689432,False,3,True
14,OIC-005-09-A,Le parcours de soins consiste à organiser et à coordonner :,les compétences professionnelles en fonction du moment de la prise en charge,les compétences professionnelles en fonction de l'âge du patient,les compétences professionnelles en fonction de la gravité de la maladie,les compétences professionnelles en fonction de la spécialité médicale,a,"{{objectif de connaissance
|Identifiant=OIC-005-09-A
|Item_parent=Responsabilités médicale pénale, civile, administrative et disciplinaire. La gestion des erreurs et des plaintes ; l’aléa thérapeutique
|Item_parent_short=Responsabilités médicale pénale, civile, administrative et disciplinaire. La gestion des erreurs et des plaintes ; l’aléa thérapeutique
|Rang=A
|Intitulé=Connaître la définition de l’accident médical et de l’affection iatrogène
|Description=None
|Rubrique=Définition
|Contributeurs=Patrice François
|Ordre=9}}

L’accident médical désigne un événement indésirable survenu au cours d’un acte de soin, de prévention ou de diagnostic. Cet accident entraîne un dommage anormal au regard de l’évolution prévisible de l'état de santé. Il peut s’être produit dans n’importe quel lieu de soins : un établissement de santé, public ou privé, un cabinet d’un professionnel de santé exerçant en libéral, un laboratoire d’analyses médicales, de radiologie, une pharmacie, etc. Un accident médical peut être causé par une erreur d’un professionnel de santé ou découler de soins conformes aux bonnes pratiques et s'appelle alors « l’aléa thérapeutique ».

Les affections iatrogènes désignent l’ensemble des effets néfastes qui peuvent être provoqués par un traitement ou un acte médical. On parle d’effets iatrogènes lorsque le traitement déclenche de nouveaux symptômes, distincts de ceux qu’il est censé soigner. L’effet iatrogène peut intervenir avec ou sans mauvais usage du médicament, que ce mauvais usage soit le fait d’un professionnel de santé ou du malade lui-même. Il ne faut donc pas confondre affection iatrogène et erreur médicale. L’affection iatrogène est une conséquence de la prise d’un médicament même si l’indication était correcte et la posologie bonne. Il est donc possible d’être victime d’une affection iatrogène en dehors de toute erreur ou faute du professionnel de santé.",1.0,,False,False,0.6176825165748596,0.8551084796587626,False,2,False
15,OIC-005-10-A,Un protocole pluriprofessionnel est défini comme :,un ensemble de règles strictes pour la prise en charge d'une maladie,un consensus entre plusieurs professionnels sur la prise en charge d'une maladie,un document juridique pour la gestion des soins,un outil de formation pour les professionnels de santé,b,"{{objectif de connaissance
|Identifiant=OIC-005-10-A
|Item_parent=Responsabilités médicale pénale, civile, administrative et disciplinaire. La gestion des erreurs et des plaintes ; l’aléa thérapeutique
|Item_parent_short=Responsabilités médicale pénale, civile, administrative et disciplinaire. La gestion des erreurs et des plaintes ; l’aléa thérapeutique
|Rang=A
|Intitulé=Connaître la définition de l’infection nosocomiale
|Description=None
|Rubrique=Définition
|Contributeurs=Bastien Boussat
|Ordre=10}}

Les infections nosocomiales sont les infections contractées au cours d’un séjour dans un établissement de santé (hôpital, clinique…). Elle est aussi appelée infection associée aux soins. Ceci veut dire que ces infections sont absentes au moment de l’admission du patient dans l’établissement. Cependant, si l’état infectieux du patient à l’admission est inconnu, l’infection est généralement considérée comme nosocomiale si elle apparaît après 48 heures d’hospitalisation. Si elle apparaît avant un tel délai, on considère en général qu’elle était en incubation lors de l’entrée dans l’établissement.",1.0,,False,False,0.6365777850151062,0.805558462937673,False,2,False
16,OIC-005-11-A,Quelle est la principale fonction d'une check-list de sécurité du patient au bloc opératoire?,Faire un point entre professionnels aux moments clés de l'intervention,Permettre la vérification croisée de l'identité du patient,Fournir des informations sur le type d'intervention,Définir les risques envisagés,a,"{{objectif de connaissance
|Identifiant=OIC-005-11-A
|Item_parent=Responsabilités médicale pénale, civile, administrative et disciplinaire. La gestion des erreurs et des plaintes ; l’aléa thérapeutique
|Item_parent_short=Responsabilités médicale pénale, civile, administrative et disciplinaire. La gestion des erreurs et des plaintes ; l’aléa thérapeutique
|Rang=A
|Intitulé=Connaître la définition de l’aléa thérapeutique
|Description=None
|Rubrique=Définition
|Contributeurs=Bastien Boussat
|Ordre=11}}

L’aléa thérapeutique se distingue des erreurs par son inévitabilité. C’est un événement indésirable dont la cause est une action de soins conforme et ne comportant pas d’erreur. Il est lié à la réalisation d’un risque inhérent à l’action de soins. On peut citer comme exemple la survenue d’un effet secondaire d’un médicament correctement prescrit et administré.  L’aléa thérapeutique est défini comme étant un accident médical (événement imprévu causant un dommage ayant un lien de causalité certain avec l’acte médical), une affection iatrogène (les soins délivrés au patient ont causé le dommage) ou une infection nosocomiale (l’infection apparaît après une hospitalisation et était absente le jour de l’admission) qui est survenue sans responsabilité des professionnels de santé ou de l’établissement de santé. D’après la jurisprudence, l’aléa thérapeutique consiste dans « la survenance, en dehors de toute faute du praticien, d’un risque accidentel inhérent à l’acte médical et qui ne pouvait être maîtrisé ».  Tout risque inhérent à l’acte de soin, de diagnostic ou de prévention peut constituer un aléa thérapeutique.",1.0,11.784285714285716,False,True,0.6876347064971924,0.7176393667856852,False,2,False
17,OIC-005-11-A,Qu'est-ce qu'une réunion de morbi-mortalité (RMM)?,"Une réunion d'analyse collective, rétrospective et systémique de situations cliniques marquées par la survenue d'un événement indésirable associé aux soins, afin de mettre en œuvre des actions de prévention, de récupération ou d'atténuation.","Une réunion d'analyse individuelle, prospective et systématique de situations cliniques marquées par la survenue d'un événement indésirable associé aux soins, afin de mettre en œuvre des actions de prévention, de récupération ou d'atténuation.","Une réunion d'analyse collective, prospective et systématique de situations cliniques marquées par la survenue d'un événement indésirable associé aux soins, afin de mettre en œuvre des actions de prévention, de récupération ou d'atténuation.","Une réunion d'analyse individuelle, rétrospective et systémique de situations cliniques marquées par la survenue d'un événement indésirable associé aux soins, afin de mettre en œuvre des actions de prévention, de récupération ou d'atténuation.",a,"{{objectif de connaissance
|Identifiant=OIC-005-11-A
|Item_parent=Responsabilités médicale pénale, civile, administrative et disciplinaire. La gestion des erreurs et des plaintes ; l’aléa thérapeutique
|Item_parent_short=Responsabilités médicale pénale, civile, administrative et disciplinaire. La gestion des erreurs et des plaintes ; l’aléa thérapeutique
|Rang=A
|Intitulé=Connaître la définition de l’aléa thérapeutique
|Description=None
|Rubrique=Définition
|Contributeurs=Bastien Boussat
|Ordre=11}}

L’aléa thérapeutique se distingue des erreurs par son inévitabilité. C’est un événement indésirable dont la cause est une action de soins conforme et ne comportant pas d’erreur. Il est lié à la réalisation d’un risque inhérent à l’action de soins. On peut citer comme exemple la survenue d’un effet secondaire d’un médicament correctement prescrit et administré.  L’aléa thérapeutique est défini comme étant un accident médical (événement imprévu causant un dommage ayant un lien de causalité certain avec l’acte médical), une affection iatrogène (les soins délivrés au patient ont causé le dommage) ou une infection nosocomiale (l’infection apparaît après une hospitalisation et était absente le jour de l’admission) qui est survenue sans responsabilité des professionnels de santé ou de l’établissement de santé. D’après la jurisprudence, l’aléa thérapeutique consiste dans « la survenance, en dehors de toute faute du praticien, d’un risque accidentel inhérent à l’acte médical et qui ne pouvait être maîtrisé ».  Tout risque inhérent à l’acte de soin, de diagnostic ou de prévention peut constituer un aléa thérapeutique.",1.0,16.25,False,True,0.6057071685791016,0.9764136870702108,False,2,False
18,OIC-005-13-A,Quels sont les facteurs structurels et organisationnels qui contribuent aux discriminations dans le système de santé?,La représentation sociale des soignants,Le rapport de pouvoir asymétrique dans le soin,La pénurie de ressources,La course à la rentabilité,b,"{{objectif de connaissance
|Identifiant=OIC-005-13-A
|Item_parent=Responsabilités médicale pénale, civile, administrative et disciplinaire. La gestion des erreurs et des plaintes ; l’aléa thérapeutique
|Item_parent_short=Responsabilités médicale pénale, civile, administrative et disciplinaire. La gestion des erreurs et des plaintes ; l’aléa thérapeutique
|Rang=A
|Intitulé=Facteurs humains : connaître la notion d’erreur humaine (typologie et facteurs favorisants)
|Description=None
|Rubrique=Définition
|Contributeurs=Bastien Boussat
|Ordre=13}}

L’être humain est faillible et il est dans sa nature de faire des erreurs. Reconnaitre qu’on peut faire des erreurs est un préalable à l’adoption de comportement de prévention des erreurs. Reconnaître qu’on a fait une erreur est une occasion d’apprendre et de progresser. C’est vrai au niveau des individus mais c’est vrai aussi au niveau des organisations. Quand une organisation met en place des dispositifs d’identification, d’analyse et de prévention des erreurs on parle « d’organisation apprenante ».

'''Les facteurs humains individuels''' 

Le manque de connaissances, de compétences, d’expérience peut conduire à des erreurs. Il faut savoir qu’on ne peut pas tout savoir. La capacité de mémorisation est limitée et il faut savoir vérifier ou demander de l’aide.

Le stress, le manque de temps, la fatigue, la maladie sont aussi des circonstances qui réduisent la performance de l’individu.

Certains facteurs linguistiques ou culturels qui peuvent perturber la bonne compréhension d’une situation. Enfin, il faut aussi signaler les facteurs liés au patient dont l’attitude ou le comportement influencent le risque d’erreur.

'''Les facteurs humains collectifs'''

La production de soins, surtout à l’hôpital, est un travail d’équipe. Une mauvaise organisation de l’équipe, un manque de communication voire des conflits nuisent à la bonne coopération des acteurs et accroissent le risque d’erreurs.

Une équipe efficace a d’abord la conscience d’être une équipe avec un leadership identifié. Le rôle de chacun est clairement défini. La communication est organisée avec des briefings avant l’action et des débriefings après.",1.0,13.5125,False,True,0.7271128296852112,0.6827956438064575,False,2,True
19,OIC-005-14-B,La bioéthique a été créée en 1971 par V.R. Potter pour être une éthique globale pour la survie de l’être humain et de la planète. Quel était le but de V.R. Potter?,Développer une éthique spécifique aux sciences de la vie,Établir une alliance entre sciences biologiques et éthique,Promouvoir une éthique uniquement pour les médecins,Créer une éthique uniquement pour les États-Unis,b,"{{objectif de connaissance
|Identifiant=OIC-005-14-B
|Item_parent=Responsabilités médicale pénale, civile, administrative et disciplinaire. La gestion des erreurs et des plaintes ; l’aléa thérapeutique
|Item_parent_short=Responsabilités médicale pénale, civile, administrative et disciplinaire. La gestion des erreurs et des plaintes ; l’aléa thérapeutique
|Rang=B
|Intitulé=Prévention : connaître la prévention des erreurs, des EIAS, la notion de barrière de sécurité
|Description=None
|Rubrique=Suivi et/ou pronostic
|Contributeurs=Bastien Boussat
|Ordre=14}}

La gestion des erreurs et des plaintes est un élément essentiel de la prévention des risques associés aux soins. Il s’agit d’une approche des risques a posteriori. Un risque s’est réalisé débouchant sur un dommage touchant un patient. Ce préjudice peut être réel ou perçu par le patient.

L’analyse en profondeur des erreurs et des motifs de plaintes va permettre d’objectiver des pistes pour la prévention de nouvelles erreurs, par la mise en place d’actions d’amélioration.

'''Bases de l’analyse approfondie des causes d’erreur'''

'''Modèle de Reason'''

Le modèle de Reason (ou modèle du fromage Suisse) est le modèle le plus souvent présenté. Il a l’avantage d’attirer l’attention sur les causes latentes d’un accident distinguant des erreurs actives et des erreurs latentes.

Ceci permet de comprendre que l’erreur humaine n’est le plus souvent qu’une conséquence de défauts organisationnels plus profonds. Ce modèle propose une analyse des événements indésirables par séquences se succédant où les différents niveaux de défense existant à chaque étape ont été franchis. Cette conception de barrières se succédant est maintenant remplacée par un modèle systémique, trop complexe pour être détaillé ici.

'''Les barrières de sécurité'''

Les barrières sont des défenses (protections) en profondeur contre le risque d’erreur. On distingue trois types de barrières de sécurité :

- les barrières de prévention ;

- les barrières de récupération ;

- les barrières d’atténuation.

Un système de sécurité efficace doit posséder les trois. Il ne faut négliger ni les barrières de récupération, ni les barrières d’atténuation.

Ces trois types de barrières peuvent être de nature :

- immatérielle : lois et réglementation, consignes, bonnes pratiques de sécurité, recommandations, procédures et protocoles, programmes de formation, organisation du travail, etc. ;

- matérielle : détrompeur physique (exemple : dessin particulier des bagues des prises de gaz médicaux et de vide interdisant toute connexion inappropriée de couleur différente).

'''Les barrières de prévention'''

Elles sont destinées à empêcher la survenue de l’erreur et de l’accident : par exemple, la check-list chirurgicale, barrière immatérielle qui se décompose en trois temps (encadré 5.4), ou la prescription informatisée dans un système prévoyant des alertes en fonction de doses dangereuses, de l’état clinique et biologique du patient, d’interactions médicamenteuses…
{| class=""wikitable""
|'''Encadré  : Check-list du bloc  opératoire adaptée de la grille de check-list de la HAS, version 2011'''
|-
|'''''Avant  induction anesthésique'''''

'''''Temps  de pause avant induction'''''

- Vérification  de :

. identité  du patient

. intervention  et site opératoire (patient, dossier)

. disponibilité  de la documentation clinique et paraclinique

. connaissance  du mode d’installation, cohérent avec le site/intervention, non dangereux  pour le patient

. préparation  cutanée de l’opéré documentée dans la fiche de liaison service/bloc  opératoire

. équipement/matériel  nécessaire pour l’intervention, sans dysfonctionnements

- Vérification  croisée par l’équipe des risques :

. allergique

. d’inhalation

. de  difficulté d’intubation

. de  ventilation

. de  saignement

'''Avant intervention chirurgicale'''

'''Temps de pause avant incision'''

- Vérification  « ultime » croisée au sein de l’équipe, en présence des chirurgien(s),  anesthésiste(s)/IADE, IBODE/IDE :

. identité  du patient

. intervention  prévue

. site  opératoire

. installation  correcte

. disponibilité  des documents nécessaires

- Partage  des informations oralement au sein de l’équipe sur les éléments à  risque/étapes critiques de l’intervention (time out) sur le plan :

. chirurgical

. anesthésique

- Selon  les protocoles en vigueur :

. administration  de l’antibioprophylaxie

. préparation  du champ opératoire

'''Après intervention chirurgicale'''

'''Pause avant sortie de salle d’opération'''

- Confirmation  orale par le personnel auprès de l’équipe :

. de  l’intervention enregistrée

. du  compte final correct des compresses, aiguilles, instruments, etc.

. de  l’étiquetage des prélèvements, pièces opératoires, etc.

. si  des événements indésirables ou porteurs de risques médicaux sont survenus :  signalement/déclaration

- Les  prescriptions pour les suites opératoires immédiates sont faites de manière  conjointe entre les équipes chirurgicale et anesthésique


N.B :  IADE : infirmier anesthésiste diplômé d’État ; IBODE infirmier de bloc  opératoire diplômé d’État ; IDE : infirmier diplômé d’État
|}
'''Les barrières de récupération'''

L’erreur a été commise mais récupérée avant d’avoir des conséquences. Par exemple, le patient est allergique à la pénicilline qui est l’antibioprophylaxie prescrite avant l’intervention chirurgicale, mais l’infirmière en prend connaissance dans le dossier médical et alerte le prescripteur qui modifie la prescription.

'''Les barrières d’atténuation'''

L’erreur a été commise, n’a pas été récupérée. Il s’agit là de limiter ses conséquences pour le patient. Par exemple, un patient fait un arrêt cardiaque à la suite d’une erreur de voie d’administration commise par une infirmière. Elle prévient le médecin senior dès qu’elle constate son erreur. L’équipe médicale est sur place et commence le massage cardiaque pendant que l’équipe SOS arrêt cardiaque appelée immédiatement arrive. Le choc électrique rétablit la fonction cardiaque, le patient est transféré en réanimation pour stabilisation et surveillance. Il en sort le lendemain.

'''Analyse des causes racines'''

Les causes racines d’une erreur médicale sont à rechercher dans l’ensemble du contexte qui entoure l’événement indésirable.

Les méthodes d’analyse sont structurées pour éviter les oublis. Les plus employées sont la méthode ALARM et la méthode Orion®. Les méthodes d’analyses des causes racines comprennent généralement les six étapes suivantes pour une bonne application :

1/ la collecte des données : entretiens semi-directifs de toutes les personnes présentes au moment de l’événement, dossiers, toute autre pièce permettant de comprendre le déroulement des faits ;

2/ la reconstitution de la chronologie de l’événement ;

3/ l’identification des écarts par rapport aux pratiques recommandées, sans jugement par rapport à un référentiel existant ;

4/ l’identification des facteurs contributifs : immédiats et profonds ou causes racines (encadrés 5.5)
{| class=""wikitable""
|'''Encadré  : Typologie des  facteurs favorisant ou causes racines (selon la méthode ALARM)''' 
|-
|'''''Les  facteurs peuvent être liés :'''''

-  au patient : état de santé, gravité des maladies associées, difficultés de  communication (langue, conflit avec les soignants, etc.), vulnérabilité de  certaines populations de patients (personnes âgées, patients atteints de  maladies chroniques, enfants, adolescents, personnes atteintes d’un handicap,  démunies, etc.) ;

-  aux tâches à accomplir ;

-  à l’équipe : communication au sein de l’équipe et avec le patient dans la  relation thérapeutique, traçabilité de l’information dans le dossier du  patient, encadrement des juniors en cours d’apprentissage ;

-  à l’environnement de travail : physique (locaux, matériels, fournitures,  etc.) ou organisationnel (disponibilité de ressources humaines qualifiées,  organisation du travail, horaires, etc.) ;

-  à l’organisation et au management : politiques de remplacement du personnel  absent (pas de remplacement, intérim, déplacement), de formation continue, de  gestion des équipements ;

-  au contexte institutionnel : politiques de santé publique nationale et  régionale, systèmes de signalement des événements indésirables
|}
5/ la proposition d’actions à mettre en œuvre (accompagné par un plan d’actions) ;

6/ la rédaction du rapport d’analyse.",1.0,2.3462500000000013,False,True,0.6083031892776489,0.7806243101755778,True,2,False
20,OIC-005-15-B,La déontologie médicale est principalement utilisée pour :,Guider les médecins dans leur pratique quotidienne,Servir de référence aux instances juridictionnelles de l'Ordre des médecins,Établir des dispositions réglementaires concernant un exercice professionnel,Établir des règles propres au corps professionnel des médecins,a,"{{objectif de connaissance
|Identifiant=OIC-005-15-B
|Item_parent=Responsabilités médicale pénale, civile, administrative et disciplinaire. La gestion des erreurs et des plaintes ; l’aléa thérapeutique
|Item_parent_short=Responsabilités médicale pénale, civile, administrative et disciplinaire. La gestion des erreurs et des plaintes ; l’aléa thérapeutique
|Rang=B
|Intitulé=Approche systémique : connaître la démarche de culture positive de l’erreur
|Description=None
|Rubrique=Définition
|Contributeurs=Bastien Boussat
|Ordre=15}}

Ces informations sont transmises à une cellule de gestion des risques et au coordinateur de la gestion des risques associés aux soins, fonction obligatoire dans chaque établissement de santé.

La troisième grande classe de repérage des erreurs rassemble des systèmes actifs fondés sur l’analyse de dossiers ou de traces électroniques. L’analyse rétrospective de dossiers est un système coûteux en temps et en main-d’œuvre sauf si une fouille informatique utilisant un programme prédéfini recherchant des mots clés est organisée.

Les événements indésirables graves repérés sont analysés soit avec :

- un point de vue extérieur neutre, par la cellule de gestion des risques ;
- un point de vue intérieur au service hospitalier, qui doit aussi être le plus neutre possible, à l’occasion de revues de morbidité et de mortalité (RMM).Une démarche de culture positive de l’erreur relève de la culture de sécurité du patient. Son fondement est la non-culpabilisation de la personne qui a commis l’erreur. En effet, la tendance naturelle porte à considérer que le responsable est le dernier de la chaîne de personnes engagées dans un processus de soins. Or, la plupart du temps, les causes sont multiples et souvent latentes, non détectables au premier abord.

L’attitude de non-culpabilisation qui doit être partagée par le chef du service clinique et la direction de l’hôpital favorise le signalement des erreurs, leur analyse et la mise en place d’actions d’amélioration prévenant la répétition de telles erreurs. L’attitude inverse fait que les erreurs sont cachées. Leur absence d’analyse en profondeur conduit à créer des secondes victimes. Une seconde victime peut être définie comme : « un soignant impliqué et traumatisé par un événement imprévu et défavorable pour un patient et/ou une erreur médicale dont il se sent souvent personnellement responsable et qui occasionne un sentiment d’échec et remet en question son expérience clinique et ses compétences fondamentales ». Les conséquences peuvent être graves, allant jusqu’au suicide lorsque le soignant, dernier maillon de la chaîne, est personnellement mis en cause.

Élaborer et respecter des règles de fonctionnement constituent l’une des conditions de la confiance dans le système de gestion des risques associés aux soins. Ces règles peuvent être colligées dans une charte qui précise que le signalement d’une erreur ne sera pas sanctionné. Parmi les éléments importants de cette charte figurent les précisions suivantes :

- l’objectivité est de règle. Le signalement repose sur des faits non interprétés ;

- l’anonymat et la confidentialité seront respectés dans l’analyse qui suivra le signalement de l’erreur ou événement indésirable ;

- pour être efficace, le signalement doit être exhaustif pour l’identification de l’ensemble des risques liés à l’activité hospitalière et en évitant que ces risques se reproduisent.

Le repérage des événements indésirables graves survenant dans les hôpitaux qui permet d’exercer une veille sanitaire se fait le plus souvent à partir de systèmes passifs reposant sur :

- le volontariat des médecins et autres professionnels de santé bien que leur déclaration soit selon la loi « Hôpital, patient, santé, territoire » de 2009, obligatoire ;

- la volonté des patients ou de leur famille ou proches d’expliquer les dysfonctionnements qu’ils ont rencontrés ou d’obtenir un dédommagement du préjudice qu’ils estiment avoir subi.

Ces informations sont transmises à une cellule de gestion des risques et au coordinateur de la gestion des risques associés aux soins, fonction obligatoire dans chaque établissement de santé.

La troisième grande classe de repérage des erreurs rassemble des systèmes actifs fondés sur l’analyse de dossiers ou de traces électroniques. L’analyse rétrospective de dossiers est un système coûteux en temps et en main-d’œuvre sauf si une fouille informatique utilisant un programme prédéfini recherchant des mots clés est organisée.

Les événements indésirables graves repérés sont analysés soit avec :

- un point de vue extérieur neutre, par la cellule de gestion des risques ;

- un point de vue intérieur au service hospitalier, qui doit aussi être le plus neutre possible, à l’occasion de revues de morbidité et de mortalité (RMM).<br />",1.0,,False,False,0.728038489818573,0.7916590968767802,False,2,True
21,OIC-005-15-B,Quel est le principe qui découle de la tradition médicale et qui consiste à réaliser ce qui est avantageux pour un patient?,La bienfaisance,La non-malfaisance,Le respect de l'autonomie,La justice,a,"{{objectif de connaissance
|Identifiant=OIC-005-15-B
|Item_parent=Responsabilités médicale pénale, civile, administrative et disciplinaire. La gestion des erreurs et des plaintes ; l’aléa thérapeutique
|Item_parent_short=Responsabilités médicale pénale, civile, administrative et disciplinaire. La gestion des erreurs et des plaintes ; l’aléa thérapeutique
|Rang=B
|Intitulé=Approche systémique : connaître la démarche de culture positive de l’erreur
|Description=None
|Rubrique=Définition
|Contributeurs=Bastien Boussat
|Ordre=15}}

Ces informations sont transmises à une cellule de gestion des risques et au coordinateur de la gestion des risques associés aux soins, fonction obligatoire dans chaque établissement de santé.

La troisième grande classe de repérage des erreurs rassemble des systèmes actifs fondés sur l’analyse de dossiers ou de traces électroniques. L’analyse rétrospective de dossiers est un système coûteux en temps et en main-d’œuvre sauf si une fouille informatique utilisant un programme prédéfini recherchant des mots clés est organisée.

Les événements indésirables graves repérés sont analysés soit avec :

- un point de vue extérieur neutre, par la cellule de gestion des risques ;
- un point de vue intérieur au service hospitalier, qui doit aussi être le plus neutre possible, à l’occasion de revues de morbidité et de mortalité (RMM).Une démarche de culture positive de l’erreur relève de la culture de sécurité du patient. Son fondement est la non-culpabilisation de la personne qui a commis l’erreur. En effet, la tendance naturelle porte à considérer que le responsable est le dernier de la chaîne de personnes engagées dans un processus de soins. Or, la plupart du temps, les causes sont multiples et souvent latentes, non détectables au premier abord.

L’attitude de non-culpabilisation qui doit être partagée par le chef du service clinique et la direction de l’hôpital favorise le signalement des erreurs, leur analyse et la mise en place d’actions d’amélioration prévenant la répétition de telles erreurs. L’attitude inverse fait que les erreurs sont cachées. Leur absence d’analyse en profondeur conduit à créer des secondes victimes. Une seconde victime peut être définie comme : « un soignant impliqué et traumatisé par un événement imprévu et défavorable pour un patient et/ou une erreur médicale dont il se sent souvent personnellement responsable et qui occasionne un sentiment d’échec et remet en question son expérience clinique et ses compétences fondamentales ». Les conséquences peuvent être graves, allant jusqu’au suicide lorsque le soignant, dernier maillon de la chaîne, est personnellement mis en cause.

Élaborer et respecter des règles de fonctionnement constituent l’une des conditions de la confiance dans le système de gestion des risques associés aux soins. Ces règles peuvent être colligées dans une charte qui précise que le signalement d’une erreur ne sera pas sanctionné. Parmi les éléments importants de cette charte figurent les précisions suivantes :

- l’objectivité est de règle. Le signalement repose sur des faits non interprétés ;

- l’anonymat et la confidentialité seront respectés dans l’analyse qui suivra le signalement de l’erreur ou événement indésirable ;

- pour être efficace, le signalement doit être exhaustif pour l’identification de l’ensemble des risques liés à l’activité hospitalière et en évitant que ces risques se reproduisent.

Le repérage des événements indésirables graves survenant dans les hôpitaux qui permet d’exercer une veille sanitaire se fait le plus souvent à partir de systèmes passifs reposant sur :

- le volontariat des médecins et autres professionnels de santé bien que leur déclaration soit selon la loi « Hôpital, patient, santé, territoire » de 2009, obligatoire ;

- la volonté des patients ou de leur famille ou proches d’expliquer les dysfonctionnements qu’ils ont rencontrés ou d’obtenir un dédommagement du préjudice qu’ils estiment avoir subi.

Ces informations sont transmises à une cellule de gestion des risques et au coordinateur de la gestion des risques associés aux soins, fonction obligatoire dans chaque établissement de santé.

La troisième grande classe de repérage des erreurs rassemble des systèmes actifs fondés sur l’analyse de dossiers ou de traces électroniques. L’analyse rétrospective de dossiers est un système coûteux en temps et en main-d’œuvre sauf si une fouille informatique utilisant un programme prédéfini recherchant des mots clés est organisée.

Les événements indésirables graves repérés sont analysés soit avec :

- un point de vue extérieur neutre, par la cellule de gestion des risques ;

- un point de vue intérieur au service hospitalier, qui doit aussi être le plus neutre possible, à l’occasion de revues de morbidité et de mortalité (RMM).<br />",1.0,12.83545454545455,False,True,0.718368649482727,0.654095192750295,True,3,False
22,OIC-006-03-A,"La vulnérabilité est une notion qui a émergé dans les années 1970 et qui s'est élargie au champ médical, social et scientifique dans les années 1990. Quelle est la principale caractéristique de la vulnérabilité selon les auteurs qui l'ont étudiée?",Elle est une condition universelle et partagée par tous.,Elle est une marque d'incapacité à l'autonomie.,Elle est une dépendance à des contextes historiques et sociaux particuliers.,"Elle est une combinaison inédite de sentiments, d'activités et de relations.",a,"{{objectif de connaissance
|Identifiant=OIC-006-03-A
|Item_parent=L’organisation de l’exercice clinique et les méthodes qui permettent de sécuriser le parcours du patient
|Item_parent_short=L’organisation de l’exercice clinique et les méthodes qui permettent de sécuriser le parcours du patient
|Rang=A
|Intitulé=Connaître la définition du parcours de soins
|Description=None
|Rubrique=Définition
|Contributeurs=Virginie Migeot
|Ordre=3}}

[[Fichier:Item 6 Fig1.png|vignette]]
[[Fichier:Item 6 Fig1.png|centré|vignette]]
Le '''parcours de soins''' consiste à organiser et à coordonner le juste enchaînement et au bon moment des compétences professionnelles tout au long de la prise en charge d’un patient",1.0,12.270000000000003,False,True,0.6277594566345215,0.7970924576123556,False,2,False
23,OIC-006-04-B,"La sauvegarde de justice est une mesure de protection temporaire et aux effets limités, qui permet de traiter une situation en urgence lorsqu’une personne majeure risque des actes contraires à ses intérêts. Dans sa forme, la sauvegarde de justice peut être :","médicale, résultant d’une déclaration faite par un médecin au procureur de la République","judiciaire, demandée par le juge des tutelles","administrative, résultant d’une décision du préfet","familiale, résultant d’une décision du conseil de famille",a,"{{objectif de connaissance
|Identifiant=OIC-006-04-B
|Item_parent=L’organisation de l’exercice clinique et les méthodes qui permettent de sécuriser le parcours du patient
|Item_parent_short=L’organisation de l’exercice clinique et les méthodes qui permettent de sécuriser le parcours du patient
|Rang=B
|Intitulé=Protocoles pluriprofessionnels : connaître la définition, les objectifs et les enjeux des protocoles pluriprofessionnels
|Description=Transfert de tache
|Rubrique=Définition
|Contributeurs=Virginie Migeot
|Ordre=4}}

Un '''protocole pluriprofessionnel''' est l'expression d'un consensus concernant la prise en charge d’une maladie aigue ou chronique, par plusieurs professionnels, au sein d’une structure de soins ou sur un territoire, et en fonction de l'état de la science du moment. Il comporte des '''aide-mémoires''', des '''checklists''', des '''aides à la prescription''' et facilite le '''travail en équipe'''. Il permet de valider l'obligation de développement professionnel continu (DPC).

Figure 2 : Exemple de protocole de soins pluriprofessionnel - Maison médicale de la Plaine, Val-de-Reuil – source : Faculté de Rouen – Les ateliers de l’exercice coordonné - mars 2018
[[Fichier:Item 6 Fig 2.png|vignette]]
<br />",1.0,23.547142857142862,False,False,0.642316460609436,0.7137632369995117,False,2,False
24,OIC-006-05-A,L’interruption volontaire de grossesse illustre principalement l’éthique de responsabilité de la profession médicale en ce qu’elle permet de garantir un accès égal et sécurisé à cette intervention.,"Oui, car elle garantit un accès égal et sécurisé.","Non, car elle est une question de santé publique.","Oui, car elle découle naturellement de la liberté des femmes.","Non, car elle est une question de principes et de conceptions de la vie humaine.",a,"{{objectif de connaissance
|Identifiant=OIC-006-05-A
|Item_parent=L’organisation de l’exercice clinique et les méthodes qui permettent de sécuriser le parcours du patient
|Item_parent_short=L’organisation de l’exercice clinique et les méthodes qui permettent de sécuriser le parcours du patient
|Rang=A
|Intitulé=Réunions de concertation pluridisciplinaire (RCP) : connaître les principes et les objectifs d’une RCP
|Description=None
|Rubrique=Définition
|Contributeurs=Virginie Migeot
|Ordre=5}}

<br />Les réunions de concertation pluridisciplinaire (RCP) sont des réunions '''collégiales''' qui regroupent '''au moins trois médecins de spécialités différentes''' pour prendre une décision sur la meilleure prise en charge d’un patient et en fonction de l'état de la science du moment. Les RCP permettent de valider l'obligation de développement professionnel continu (DPC).

Systématiquement organisées dans le domaine de la '''cancérologie''' pour définir la stratégie diagnostique, thérapeutique et de suivi des patients atteints de cancer, elles peuvent être organisées dans d’autres domaines toutes les fois où la prise en charge du patient est complexe et nécessite l’avis concerté et collégial, garantissant la meilleure stratégie pour le patient.

'''En lien avec l’item 295''' Prise en charge et accompagnement d'un malade atteint de cancer à tous les stades de la maladie dont le stade de soins palliatifs en abordant les problématiques techniques, relationnelles, sociales et éthiques.",1.0,21.16222222222223,False,False,0.6966632008552551,0.7375209132830302,False,3,False
25,OIC-006-05-A,"La loi précise que l'interruption volontaire d'une grossesse pour motif médical peut avoir lieu sans limitation de délai, c'est-à-dire à tout moment d'une grossesse :",si la poursuite de la grossesse met en péril grave la santé de la femme,si l'enfant à naître est atteint d'une affection d'une particulière gravité reconnue comme incurable au moment du diagnostic,si la femme présente une pathologie incompatible avec la grossesse,si la femme est en état de détresse psychologique,a,"{{objectif de connaissance
|Identifiant=OIC-006-05-A
|Item_parent=L’organisation de l’exercice clinique et les méthodes qui permettent de sécuriser le parcours du patient
|Item_parent_short=L’organisation de l’exercice clinique et les méthodes qui permettent de sécuriser le parcours du patient
|Rang=A
|Intitulé=Réunions de concertation pluridisciplinaire (RCP) : connaître les principes et les objectifs d’une RCP
|Description=None
|Rubrique=Définition
|Contributeurs=Virginie Migeot
|Ordre=5}}

<br />Les réunions de concertation pluridisciplinaire (RCP) sont des réunions '''collégiales''' qui regroupent '''au moins trois médecins de spécialités différentes''' pour prendre une décision sur la meilleure prise en charge d’un patient et en fonction de l'état de la science du moment. Les RCP permettent de valider l'obligation de développement professionnel continu (DPC).

Systématiquement organisées dans le domaine de la '''cancérologie''' pour définir la stratégie diagnostique, thérapeutique et de suivi des patients atteints de cancer, elles peuvent être organisées dans d’autres domaines toutes les fois où la prise en charge du patient est complexe et nécessite l’avis concerté et collégial, garantissant la meilleure stratégie pour le patient.

'''En lien avec l’item 295''' Prise en charge et accompagnement d'un malade atteint de cancer à tous les stades de la maladie dont le stade de soins palliatifs en abordant les problématiques techniques, relationnelles, sociales et éthiques.",1.0,,False,False,0.6726334095001221,0.7688487966855367,False,2,True
26,OIC-006-06-A,Quel est le but principal du diagnostic prénatal (DPN) selon la loi française?,Détecter les maladies génétiques pour permettre une meilleure prise en charge médicale de la pathologie si la grossesse est poursuivie.,Permettre aux futurs parents de choisir d'interrompre ou non la grossesse en cas d'anomalie fœtale.,Détecter les anomalies chromosomiques pour permettre une meilleure prise en charge médicale de la pathologie si la grossesse est poursuivie.,Détecter les malformations pour permettre une meilleure prise en charge médicale de la pathologie si la grossesse est poursuivie.,b,"{{objectif de connaissance
|Identifiant=OIC-006-06-A
|Item_parent=L’organisation de l’exercice clinique et les méthodes qui permettent de sécuriser le parcours du patient
|Item_parent_short=L’organisation de l’exercice clinique et les méthodes qui permettent de sécuriser le parcours du patient
|Rang=A
|Intitulé=Listes de vérification ou check-lists : connaître les principes et les objectifs des listes de vérification
|Description=None
|Rubrique=Définition
|Contributeurs=Virginie Migeot
|Ordre=6}}

La '''''check-list'' sécurité du patient au bloc opératoire''' contribuer à '''sécuriser''' la réalisation d’une intervention chirurgicale, en faisant un point entre professionnels, aux '''moments clés''' de cette intervention. Elle favorise comme dans le domaine de l’aviation, le '''partage des informations''' par la '''vérification croisée''', notamment de l'identité du patient, du type d'intervention et du site opératoire, du matériel et des risques envisagés. D’autres ''check-lists'' dans le monde médical existent pour les '''activités dites « interventionnelles''' » (endoscopie, radiologie interventionnelle, cathéters veineux centraux, chimiothérapie...).                              

Figure 3 : Check list sécurité du patient au bloc opératoire - version 2018 Source HAS
[[Fichier:Item6 Fig3.png|centré|vignette|812x812px]]
<br />",1.0,8.541538461538462,False,True,0.6130120754241943,0.7422489921251932,True,2,False
27,OIC-006-07-A,Quelle est la condition essentielle pour que l'information du patient soit considérée comme honnête et claire?,La connaissance de l'histoire de la personne,La présence d'un consensus entre les soignants,La mise en place d'une éthique de la discussion,La délivrance d'une information conforme à la loi Kouchner,d,"{{objectif de connaissance
|Identifiant=OIC-006-07-A
|Item_parent=L’organisation de l’exercice clinique et les méthodes qui permettent de sécuriser le parcours du patient
|Item_parent_short=L’organisation de l’exercice clinique et les méthodes qui permettent de sécuriser le parcours du patient
|Rang=A
|Intitulé=Réunions de morbi-mortalité (RMM) : connaître les principes et les objectifs d’une RMM
|Description=None
|Rubrique=Définition
|Contributeurs=Virginie Migeot
|Ordre=7}}

La réunion de morbi-mortalité (RMM) est une '''réunion d'analyse collective, rétrospective et systémique''' (c'est-à-dire prenant en compte les composantes organisationnelles, techniques et humaines) de situations cliniques marquées par la survenue d'un événement indésirable associé aux soins (décès, complication…), afin de mettre en œuvre '''des actions de prévention, de récupération ou d'atténuation'''. Les RMM entrent dans le cadre de la '''culture du retour d’expérience''' ou comment apprendre collectivement de ses erreurs. Les RMM permettent de valider l'obligation de développement professionnel continu (DPC).

'''Lien avec l’item 4''' Qualité et sécurité des soins. La sécurité du patient. La gestion des risques. Les événements indésirables associés aux soins (EIAS). Démarche qualité et évaluation des pratiques professionnelles",1.0,13.5125,False,True,0.6749584078788757,0.7187612652778625,False,4,False
28,OIC-008-01-A,"Quel est le principe qui consiste à ne pas causer de préjudice par la recherche, à interrompre immédiatement toute recherche ayant des effets néfastes irréversibles ou importants?",Principe de bienfaisance,Principe de non-malfaisance,Principe d'autonomie,Principe de justice,b,"{{objectif de connaissance
|Identifiant=OIC-008-01-A
|Item_parent=Les discriminations
|Item_parent_short=Les discriminations
|Rang=A
|Intitulé=Connaître la définition et les mécanismes des discriminations
|Description=Stéréotypes, phénomènes de stigmatisation
|Rubrique=Définition
|Contributeurs=Nicolas Lechopier,Kessel Nils,
|Ordre=1}}

'''Définition'''

Une discrimination consiste à faire une différence de traitement, selon des critères prohibés, et entraînant un préjudice pour la personne.

Les Conventions internationales listent des critères sur lesquels il est interdit de s'appuyer pour traiter différemment des personnes : appartenance ethnique, opinions politiques, identité de genre, orientation sexuelle, nationalité, etc.

En France, sont aussi discriminatoires les différences de traitement faites sur la base du patronyme, ou de la capacité à s'exprimer ou non en français, de l'apparence physique, du lieu de résidence, de la situation de perte d'autonomie, du fait d'être bénéficiaire de la Complémentaire Santé Solidaire (ex CMU-C) ou de l'Aide Médicale d'Etat, etc.


'''La déontologie médicale proscrit toute discrimination, mais toute sélection de populations n'est pas pour autant une discrimination'''

Serment d'Hippocrate : ""Mon premier souci sera de rétablir, de préserver ou de promouvoir la santé dans tous ses éléments, physiques et mentaux, individuels et sociaux. Je respecterai toutes les personnes (...) sans aucune discrimination selon leur état ou leurs convictions"".

Code de la Santé Publique : le professionnel de santé doit « écouter, examiner, conseiller ou soigner avec la même conscience toutes les personnes quels que soient leur origine, leurs mœurs et leur situation de famille, leur appartenance ou leur non appartenance à une ethnie, une nation ou une religion déterminée, leur handicap ou leur état de santé, leur réputation ou les sentiments qu'il peut éprouver à leur égard... » (Code de la santé publique, art. R. 4127-7)

Il y a des cas dans lesquels il peut être légitime de faire des différences, même sur des critères prohibés, comme la nationalité. Par exemple, lors de la mise en place de recommandations en 2007 pour la vaccination contre la tuberculose en direction de populations spécifiques (enfants nés dans un pays à forte endémie ou dont les parents sont issus de ce pays), la Direction Générale de la Santé a interrogé le Défenseur des Droits pour savoir s’il s’agissait d’une discrimination. Sa réponse était que cette politique de santé ciblée n'était pas une discrimination au regard des enjeux de santé publique et du caractère proportionné des règles proposées. Mais elle a invité à une grande vigilance pour que ce dispositif ne soit pas utilisé à des fins de contrôle de la régularité de séjour des publics visés.


'''Le refus de soin comme discrimination'''

Les situations de refus de soins sont les situations de refus de recevoir certaines personnes, du seul fait, par exemple, qu’elles relèvent d'un certain statut socio-administratif.

''Cas clinique''<ref>''Migration Santé Alsace, ""Vers plus d’égalité en santé : guide de prévention et de lutte contre les discriminations"", 2019,'' https://www.migrationssante.org/axes-dintervention/discriminations-et-sante/guide/</ref>'' :'' ''Mme B., patiente de nationalité roumaine a demandé et obtenu un rendez-vous chez une médecin généraliste. Le jour du rendez-vous, elle se voit finalement refuser la consultation. La médecin invoque alors deux motifs (1) la patiente est bénéficiaire de l’Aide Médicale d’État (AME) ce qui complique le paiement par l’Assurance Maladie ; (2) la patiente ne parle ni ne comprend bien le français.''  

Convoquée à une médiation après une plainte auprès de l'Ordre par une association qui accompagne la personne, la médecin se verra rappeler qu'il est explicitement interdit de refuser un soin sur le motif d'une couverture santé particulière (Article 1110-3 du Code de la santé publique). Par ailleurs, l'appréhension de difficultés administratives ne peut, en soi, justifier le refus de soins. Enfin, la difficulté à communiquer ne justifie pas non plus un refus d’accueil en première intention. A minima, un examen clinique est possible. Des ressources d'interprétariat peuvent être mobilisées. Dans ce cas, le refus de soin était discriminatoire et illicite.

'''Droit des professionnels et préjudices pour les personnes'''

<nowiki>Certains refus de soins sont légitimes : par exemple, un professionnel est tenu de refuser les soins sollicités lorsque ces derniers ne relèvent pas de sa compétence. Les professionnels de santé peuvent aussi refuser de dispenser leurs soins comme le rappelle expressément l’alinéa 2 de l’article R. 4127-47 du Code la Santé Publique : « Hormis le cas d’urgence et celui où il manquerait d’humanité, un médecin a le droit de refuser ses soins pour des raisons professionnelles ou personnelles.[...] ».</nowiki>

Mais dans tous les cas, l'acte de refuser des soins ne peut se faire au préjudice de la personne, dont le droit à la santé est affirmé par des textes de haute valeur normative (Pacte international des droits économiques, sociaux et culturels de 1976, Charte sociale européenne de 1961 et 1996,  En France, le Préambule de la Constitution de 1946)


'''Réalité des discriminations dans l'accès aux soins en France aujourd'hui'''

Les discriminations sont une réalité difficile à mesurer et appréhender. Le ''testing'' est la méthode la plus utilisée pour établir la présence d'un phénomène social de discrimination, permettant de décrire les différences de traitement de la part des professionnels de santé, pour des cas cliniques équivalents mais avec des variables socio-culturelles distinctes. Une vaste étude a été conduite en 2019 sur les différences d'accès aux rendez-vous médicaux en France selon qu'on bénéficie de la CMU-C (désormais ACS) ou qu'on est d'origine africaine. Les résultats mettent en évidence une forte discrimination selon la situation de vulnérabilité économique, avec des refus de soins discriminatoires explicites et directs pour 10 à 15% des 1500 professionnels contactés. L’étude relève également, dans certaines régions, des discriminations selon l’origine.

Cette étude ne décrit que la partie visible du problème :

*Le refus de soin n'est pas toujours explicite et peut prendre des formes plus insidieuses : fixation tardive, inhabituelle et abusive d’un rendez-vous, orientation répétée et abusive vers un autre praticien ou vers la consultation externe d’un hôpital sans raison médicale énoncée, refus d’élaborer un devis, non-respect des tarifs opposables (sauf cas prévus par la loi), refus de dispense d’avance des frais pour les bénéficiaires ayant respecté le parcours de soins, etc. (CNAM, 2008, Circulaire CIR-33, ""Prise en charge des réclamations et plaintes formulées par les bénéficiaires de la CMU complémentaire ou par les professionnels de santé"").
*Les plaintes pour traitement discriminatoires sont rares, du fait de la difficulté à faire établir les faits, notamment lorsqu’ils ne sont pas directs et explicites, et parce que les instances de recours (CPAM, défenseur des droits, Ordre professionnelle, etc.) sont souvent méconnues et restent difficiles à saisir.

'''Mécanismes psycho-sociaux : stéréotypes et préjugés'''

Le ''testing'' permet de révéler des comportements discriminatoires qui deviennent visibles à grande échelle. En revanche, il ne permet pas d'établir l'''intention'' discriminatoire. Mais pour le regard sociologique intéressé à comprendre les phénomènes de discrimination dans toutes leurs dimensions sociales, la discrimination est un phénomène structurel plutôt qu'individuel, et se traduit par des conséquences réelles et notamment en produisant  de nouvelles inégalités au-delà de celles sur lesquelles elle repose. 

Par exemple, un acte raciste ou homophobe subi par une personne ne se traduit pas seulement par une agression verbale ou physique. Il s'inscrit dans une continuité pour la personne subissant des discriminations en raison de son altérité par rapport à une identité stéréotypée érigée en norme. Tous les groupes sociaux sont traversés de représentations sociales qui leur donnent accès à un sens commun et une grille de lecture de l'expérience.

Les discriminations sont causées ou facilitées par certaines de ces représentations sociales. '''Les stéréotypes''' sont des représentations simplificatrices, relativement rigides, et pas toujours de bonne qualité<ref>Jean-Baptiste Légal, Sylvain Delouvée. ''Stéréotypes, préjugés et discriminations''. Dunod, 2015.</ref>. Un stéréotype peut-être avantageux ou désavantageux, mais il est toujours simplificateur. On attribue tels ou tels traits stéréotypiques à l’ensemble du groupe. '''Les préjugés''' sont des opinions préconçues généralement dépréciatives à propos d'un groupe et qui prédisposent à agir défavorablement à l'égard de ses membres.


'''L'étiquetage des patients et la hiérarchisation des plaines'''

Du fait de leur formation, de leurs conditions de travail, de leurs cultures professionnelles, les médecins emploient des catégories pour classer et identifier les patients et leurs problèmes. Ces catégorisations des personnes ou des situations permettent notamment de gagner du temps lors de situations connues ou considérées comme telles, ou dans des contextes d'urgence. Or, catégoriser ou étiqueter peut conduire à des discriminations. Certaines étiquettes très répandues et qui paraissent anodines (""psy"", ""patient CMU"" etc.) ne charrient que des connotations simplificatrices. En aucun cas leur usage ne repose sur des connaissances scientifiques validées.

''Cas clinique''<ref>''Migration Santé Alsace, ""Vers plus d’égalité en santé : guide de prévention et de lutte contre les discriminations"", 2019,'' https://www.migrationssante.org/axes-dintervention/discriminations-et-sante/guide/</ref>'' : Mme R., fille d’un couple de nationalité iranienne, se plaint de fortes douleurs lors de l’accouchement. La sage-femme dit alors à l’une de ses collègues « de ne pas s’inquiéter, qu’il faut prendre en compte la culture de la personne et qu’il s’agit d’un ""syndrome méditerranéen"" ». Mais la patiente est en train de faire une complication grave.'' 

On pourrait penser que la professionnelle cherchait, en toute bienveillance, à tenir compte de la culture d'origine et adapter ses soins à la personne. Or, ce ""syndrome méditerranéen"" n'a aucun fondement scientifique. Les modes d’expression de la douleur varient autant au sein d’un même groupe culturel qu’entre ces groupes, et l'origine géographique d’une personne n'est pas prédictive de la façon dont elle va exprimer la plainte<ref>Myriam Dergham, Rodolphe Charles, Le « syndrome méditerranéen » : une stigmatisation par catégorisation des conduites de maladies, Medecine, volume 16, numéro 10, Décembre 2020</ref>. 

L'usage d'une grille d'analyse ""culturaliste"" et donc de stéréotypes peut conduire, à l'insu des professionnels, à des discriminations. Il faut par ailleurs toujours prendre en compte que les professionnels de santé eux-mêmes sont issus d'un milieu social. Ils seront donc plus à même à comprendre les signaux du patient qui leur sont familiers. 


'''Mécanismes socio-historiques des discriminations''' 

Les discriminations ne sont pas seulement directes et conscientes, elles peuvent être indirectes et systémiques.

*Les discriminations affectent en premier lieu les populations vulnérables, c'est-à-dire ""les sous-groupes de la population générale qui, à cause de facteurs sociaux, économiques, historiques, politiques, géographiques, sont exposés à plus de risques et donc susceptibles d'être désavantagés du point de vue de leur état de santé et/ou leur accès aux soins""<ref>Frohlich, K.L. and Potvin, L. (2008) Transcending the known in public health practice, the inequality paradox, the population approach and vulnerable populations. American Journal of Public Health, 98, 216-221. doi:10.2105/AJPH.2007.114777</ref>.
*Les discriminations (selon l'origine, le lieu de vie, le genre, l'âge) existent dans l'accès au logement, à l'emploi, aux loisirs, etc. Ces discriminations ont elles-mêmes un effet défavorable sur la santé (déterminants sociaux de la santé). Il y a donc des discriminations qui ne relèvent pas du champ de la santé, et qui pourtant affectent la santé des personnes.
*Les discriminations sont enfin à mettre en lien avec les politiques sociales. Rendre plus difficile l'accès à certains droits, notamment en durcissant les conditions d'accès à un titre de séjour, ou en restreignant l'accès à certaines aides sociales, renforce les inégalités face à la santé. Paradoxalement, certaines politiques qui visent plus spécifiquement à permettre l'accès aux soins ou aux droits les catégories les plus défavorisées peuvent avoir l'effet pervers de cibler ces catégories, et de ce fait d'induire une stigmatisation.",1.0,17.665925925925922,False,True,0.7316884994506836,0.7722772757212321,False,2,False
29,OIC-008-01-A,"La loi Huriet-Sérusclat du 20 décembre 1988 a introduit le principe d'égalité des participants à la recherche biomédicale, en distinguant deux types de recherches : avec bénéfice individuel direct et sans bénéfice individuel direct. Les contraintes sont alourdies pour le second type. Quel est le nom du second type de recherche mentionné dans la loi?",Recherche interventionnelle avec bénéfice direct,Recherche interventionnelle sans bénéfice direct,Recherche observationnelle,Recherche non interventionnelle,b,"{{objectif de connaissance
|Identifiant=OIC-008-01-A
|Item_parent=Les discriminations
|Item_parent_short=Les discriminations
|Rang=A
|Intitulé=Connaître la définition et les mécanismes des discriminations
|Description=Stéréotypes, phénomènes de stigmatisation
|Rubrique=Définition
|Contributeurs=Nicolas Lechopier,Kessel Nils,
|Ordre=1}}

'''Définition'''

Une discrimination consiste à faire une différence de traitement, selon des critères prohibés, et entraînant un préjudice pour la personne.

Les Conventions internationales listent des critères sur lesquels il est interdit de s'appuyer pour traiter différemment des personnes : appartenance ethnique, opinions politiques, identité de genre, orientation sexuelle, nationalité, etc.

En France, sont aussi discriminatoires les différences de traitement faites sur la base du patronyme, ou de la capacité à s'exprimer ou non en français, de l'apparence physique, du lieu de résidence, de la situation de perte d'autonomie, du fait d'être bénéficiaire de la Complémentaire Santé Solidaire (ex CMU-C) ou de l'Aide Médicale d'Etat, etc.


'''La déontologie médicale proscrit toute discrimination, mais toute sélection de populations n'est pas pour autant une discrimination'''

Serment d'Hippocrate : ""Mon premier souci sera de rétablir, de préserver ou de promouvoir la santé dans tous ses éléments, physiques et mentaux, individuels et sociaux. Je respecterai toutes les personnes (...) sans aucune discrimination selon leur état ou leurs convictions"".

Code de la Santé Publique : le professionnel de santé doit « écouter, examiner, conseiller ou soigner avec la même conscience toutes les personnes quels que soient leur origine, leurs mœurs et leur situation de famille, leur appartenance ou leur non appartenance à une ethnie, une nation ou une religion déterminée, leur handicap ou leur état de santé, leur réputation ou les sentiments qu'il peut éprouver à leur égard... » (Code de la santé publique, art. R. 4127-7)

Il y a des cas dans lesquels il peut être légitime de faire des différences, même sur des critères prohibés, comme la nationalité. Par exemple, lors de la mise en place de recommandations en 2007 pour la vaccination contre la tuberculose en direction de populations spécifiques (enfants nés dans un pays à forte endémie ou dont les parents sont issus de ce pays), la Direction Générale de la Santé a interrogé le Défenseur des Droits pour savoir s’il s’agissait d’une discrimination. Sa réponse était que cette politique de santé ciblée n'était pas une discrimination au regard des enjeux de santé publique et du caractère proportionné des règles proposées. Mais elle a invité à une grande vigilance pour que ce dispositif ne soit pas utilisé à des fins de contrôle de la régularité de séjour des publics visés.


'''Le refus de soin comme discrimination'''

Les situations de refus de soins sont les situations de refus de recevoir certaines personnes, du seul fait, par exemple, qu’elles relèvent d'un certain statut socio-administratif.

''Cas clinique''<ref>''Migration Santé Alsace, ""Vers plus d’égalité en santé : guide de prévention et de lutte contre les discriminations"", 2019,'' https://www.migrationssante.org/axes-dintervention/discriminations-et-sante/guide/</ref>'' :'' ''Mme B., patiente de nationalité roumaine a demandé et obtenu un rendez-vous chez une médecin généraliste. Le jour du rendez-vous, elle se voit finalement refuser la consultation. La médecin invoque alors deux motifs (1) la patiente est bénéficiaire de l’Aide Médicale d’État (AME) ce qui complique le paiement par l’Assurance Maladie ; (2) la patiente ne parle ni ne comprend bien le français.''  

Convoquée à une médiation après une plainte auprès de l'Ordre par une association qui accompagne la personne, la médecin se verra rappeler qu'il est explicitement interdit de refuser un soin sur le motif d'une couverture santé particulière (Article 1110-3 du Code de la santé publique). Par ailleurs, l'appréhension de difficultés administratives ne peut, en soi, justifier le refus de soins. Enfin, la difficulté à communiquer ne justifie pas non plus un refus d’accueil en première intention. A minima, un examen clinique est possible. Des ressources d'interprétariat peuvent être mobilisées. Dans ce cas, le refus de soin était discriminatoire et illicite.

'''Droit des professionnels et préjudices pour les personnes'''

<nowiki>Certains refus de soins sont légitimes : par exemple, un professionnel est tenu de refuser les soins sollicités lorsque ces derniers ne relèvent pas de sa compétence. Les professionnels de santé peuvent aussi refuser de dispenser leurs soins comme le rappelle expressément l’alinéa 2 de l’article R. 4127-47 du Code la Santé Publique : « Hormis le cas d’urgence et celui où il manquerait d’humanité, un médecin a le droit de refuser ses soins pour des raisons professionnelles ou personnelles.[...] ».</nowiki>

Mais dans tous les cas, l'acte de refuser des soins ne peut se faire au préjudice de la personne, dont le droit à la santé est affirmé par des textes de haute valeur normative (Pacte international des droits économiques, sociaux et culturels de 1976, Charte sociale européenne de 1961 et 1996,  En France, le Préambule de la Constitution de 1946)


'''Réalité des discriminations dans l'accès aux soins en France aujourd'hui'''

Les discriminations sont une réalité difficile à mesurer et appréhender. Le ''testing'' est la méthode la plus utilisée pour établir la présence d'un phénomène social de discrimination, permettant de décrire les différences de traitement de la part des professionnels de santé, pour des cas cliniques équivalents mais avec des variables socio-culturelles distinctes. Une vaste étude a été conduite en 2019 sur les différences d'accès aux rendez-vous médicaux en France selon qu'on bénéficie de la CMU-C (désormais ACS) ou qu'on est d'origine africaine. Les résultats mettent en évidence une forte discrimination selon la situation de vulnérabilité économique, avec des refus de soins discriminatoires explicites et directs pour 10 à 15% des 1500 professionnels contactés. L’étude relève également, dans certaines régions, des discriminations selon l’origine.

Cette étude ne décrit que la partie visible du problème :

*Le refus de soin n'est pas toujours explicite et peut prendre des formes plus insidieuses : fixation tardive, inhabituelle et abusive d’un rendez-vous, orientation répétée et abusive vers un autre praticien ou vers la consultation externe d’un hôpital sans raison médicale énoncée, refus d’élaborer un devis, non-respect des tarifs opposables (sauf cas prévus par la loi), refus de dispense d’avance des frais pour les bénéficiaires ayant respecté le parcours de soins, etc. (CNAM, 2008, Circulaire CIR-33, ""Prise en charge des réclamations et plaintes formulées par les bénéficiaires de la CMU complémentaire ou par les professionnels de santé"").
*Les plaintes pour traitement discriminatoires sont rares, du fait de la difficulté à faire établir les faits, notamment lorsqu’ils ne sont pas directs et explicites, et parce que les instances de recours (CPAM, défenseur des droits, Ordre professionnelle, etc.) sont souvent méconnues et restent difficiles à saisir.

'''Mécanismes psycho-sociaux : stéréotypes et préjugés'''

Le ''testing'' permet de révéler des comportements discriminatoires qui deviennent visibles à grande échelle. En revanche, il ne permet pas d'établir l'''intention'' discriminatoire. Mais pour le regard sociologique intéressé à comprendre les phénomènes de discrimination dans toutes leurs dimensions sociales, la discrimination est un phénomène structurel plutôt qu'individuel, et se traduit par des conséquences réelles et notamment en produisant  de nouvelles inégalités au-delà de celles sur lesquelles elle repose. 

Par exemple, un acte raciste ou homophobe subi par une personne ne se traduit pas seulement par une agression verbale ou physique. Il s'inscrit dans une continuité pour la personne subissant des discriminations en raison de son altérité par rapport à une identité stéréotypée érigée en norme. Tous les groupes sociaux sont traversés de représentations sociales qui leur donnent accès à un sens commun et une grille de lecture de l'expérience.

Les discriminations sont causées ou facilitées par certaines de ces représentations sociales. '''Les stéréotypes''' sont des représentations simplificatrices, relativement rigides, et pas toujours de bonne qualité<ref>Jean-Baptiste Légal, Sylvain Delouvée. ''Stéréotypes, préjugés et discriminations''. Dunod, 2015.</ref>. Un stéréotype peut-être avantageux ou désavantageux, mais il est toujours simplificateur. On attribue tels ou tels traits stéréotypiques à l’ensemble du groupe. '''Les préjugés''' sont des opinions préconçues généralement dépréciatives à propos d'un groupe et qui prédisposent à agir défavorablement à l'égard de ses membres.


'''L'étiquetage des patients et la hiérarchisation des plaines'''

Du fait de leur formation, de leurs conditions de travail, de leurs cultures professionnelles, les médecins emploient des catégories pour classer et identifier les patients et leurs problèmes. Ces catégorisations des personnes ou des situations permettent notamment de gagner du temps lors de situations connues ou considérées comme telles, ou dans des contextes d'urgence. Or, catégoriser ou étiqueter peut conduire à des discriminations. Certaines étiquettes très répandues et qui paraissent anodines (""psy"", ""patient CMU"" etc.) ne charrient que des connotations simplificatrices. En aucun cas leur usage ne repose sur des connaissances scientifiques validées.

''Cas clinique''<ref>''Migration Santé Alsace, ""Vers plus d’égalité en santé : guide de prévention et de lutte contre les discriminations"", 2019,'' https://www.migrationssante.org/axes-dintervention/discriminations-et-sante/guide/</ref>'' : Mme R., fille d’un couple de nationalité iranienne, se plaint de fortes douleurs lors de l’accouchement. La sage-femme dit alors à l’une de ses collègues « de ne pas s’inquiéter, qu’il faut prendre en compte la culture de la personne et qu’il s’agit d’un ""syndrome méditerranéen"" ». Mais la patiente est en train de faire une complication grave.'' 

On pourrait penser que la professionnelle cherchait, en toute bienveillance, à tenir compte de la culture d'origine et adapter ses soins à la personne. Or, ce ""syndrome méditerranéen"" n'a aucun fondement scientifique. Les modes d’expression de la douleur varient autant au sein d’un même groupe culturel qu’entre ces groupes, et l'origine géographique d’une personne n'est pas prédictive de la façon dont elle va exprimer la plainte<ref>Myriam Dergham, Rodolphe Charles, Le « syndrome méditerranéen » : une stigmatisation par catégorisation des conduites de maladies, Medecine, volume 16, numéro 10, Décembre 2020</ref>. 

L'usage d'une grille d'analyse ""culturaliste"" et donc de stéréotypes peut conduire, à l'insu des professionnels, à des discriminations. Il faut par ailleurs toujours prendre en compte que les professionnels de santé eux-mêmes sont issus d'un milieu social. Ils seront donc plus à même à comprendre les signaux du patient qui leur sont familiers. 


'''Mécanismes socio-historiques des discriminations''' 

Les discriminations ne sont pas seulement directes et conscientes, elles peuvent être indirectes et systémiques.

*Les discriminations affectent en premier lieu les populations vulnérables, c'est-à-dire ""les sous-groupes de la population générale qui, à cause de facteurs sociaux, économiques, historiques, politiques, géographiques, sont exposés à plus de risques et donc susceptibles d'être désavantagés du point de vue de leur état de santé et/ou leur accès aux soins""<ref>Frohlich, K.L. and Potvin, L. (2008) Transcending the known in public health practice, the inequality paradox, the population approach and vulnerable populations. American Journal of Public Health, 98, 216-221. doi:10.2105/AJPH.2007.114777</ref>.
*Les discriminations (selon l'origine, le lieu de vie, le genre, l'âge) existent dans l'accès au logement, à l'emploi, aux loisirs, etc. Ces discriminations ont elles-mêmes un effet défavorable sur la santé (déterminants sociaux de la santé). Il y a donc des discriminations qui ne relèvent pas du champ de la santé, et qui pourtant affectent la santé des personnes.
*Les discriminations sont enfin à mettre en lien avec les politiques sociales. Rendre plus difficile l'accès à certains droits, notamment en durcissant les conditions d'accès à un titre de séjour, ou en restreignant l'accès à certaines aides sociales, renforce les inégalités face à la santé. Paradoxalement, certaines politiques qui visent plus spécifiquement à permettre l'accès aux soins ou aux droits les catégories les plus défavorisées peuvent avoir l'effet pervers de cibler ces catégories, et de ce fait d'induire une stigmatisation.",1.0,12.8,False,True,0.7185141444206238,0.8510230978329977,True,2,False
30,OIC-008-02-B,Quel est le principe éthique qui interdit la commercialisation des organes et des corps humains?,Respect de la vie privée,Gratuité du don,Anonymat entre le donneur et le receveur,Consentement présumé chez le donneur décédé,b,"{{objectif de connaissance
|Identifiant=OIC-008-02-B
|Item_parent=Les discriminations
|Item_parent_short=Les discriminations
|Rang=B
|Intitulé=Connaître les principaux effets des discriminations sur les inégalités sociales et inégalités de santé
|Description=Etre victime de discrimination (liée à sa sexualité, à ses choix de vie, à son apparence physique, à son origine culturelle ...) influe négativement sur l’insertion socio-économique, son état de santé psychique et physique
|Rubrique=Définition
|Contributeurs=Nicolas Lechopier,Kessel Nils,
|Ordre=2}}

'''Les discriminations accentuent les déterminants sociaux de la santé'''

Les inégalités sociales de santé découlent de processus historiques d'exclusion sociale et économique, fondés sur les origines, la religion, le statut socioéconomique, le genre, l'état de santé mentale, l'orientation sexuelle, etc. L'influence du milieu de vie et de l’identité sociale sur la survenue de pathologies crée le gradient social de la santé.

La santé est en effet socialement déterminée : ""Les relations internationales et les politiques nationales déterminent l’organisation de la société aux niveaux national et local et donnent ainsi naissance aux statuts sociaux et à une hiérarchie, en vertu desquels les populations s’organisent selon le niveau de revenu et d’instruction, l’emploi, le sexe, l’origine ethnique et d’autres facteurs. La place des individus dans l’échelle sociale influe sur les conditions dans lesquelles ils grandissent, apprennent,vivent, travaillent et vieillissent et sur leur vulnérabilité face à la maladie et ses conséquences."" (OMS, Commission des Déterminants Sociaux de la Santé).

Par exemple, les difficultés d'accès au logement ou à l'emploi, un environnement de vie pollué et bruyant, l'expérience de l'exclusion ou de l'inégalité ... Tous ces facteurs défavorables à la santé s'additionnent entre eux voire ont un effet multiplicatif.

'''Les discriminations accentuent le stress'''

L'expérience des discriminations contribue au stress des personnes qui les subissent, ce qui peut se traduire par une moins bonne santé cardiovasculaire. Les personnes exposées à la discrimination ethno-raciale sont en moins bonne santé d'après une méta-analyse (Paradies 2015). Cette discrimination est un facteur de risque de symptômes dépressifs, anxieux, psychotiques, mais aussi un facteur de risque de conduites suicidaires (Bardol et al. 2020). Elles peuvent s'accumuler dans l'expérience des personnes et les ""user"" (Wilkinson 2015). L'accumulation de désavantages possède une dimensions corrosive (Pelet, Charles et Dergham 2020).

Les discriminations peuvent également entraîner une difficulté d'exercer pour les professionnels, notamment du fait de la mise en tension entre et les exigences déontologiques et la réalité de terrain. 

'''Les discriminations contribuent largement au ""non-recours"".''' 

On parle de non-recours quand les ressortissants des politiques publiques n’utilisent pas les prestations ou les services auxquels ils ont droit. Le non-recours est un phénomène massif, notamment en santé : Au-delà des facteurs liés à l'éloignement géographique, des disparités territoriales, d'une inégale littératie en santé, les discriminations peuvent y contribuer directement. Anticipant un rejet, des propos stigmatisants, une avance de frais ou un dépassement d’honoraires, les personnes issues de populations vulnérables et/ou en situation de précarité économique peuvent renoncer à se rendre chez un professionnel, retardant leur prise en charge ou aggravant leur état de santé. Au-delà de rencontrer des difficultés pour se soigner ou de faire face à des barrières qui les conduisent à ne pas accéder au soin, certaines personnes ne trouvent plus leur place dans le système de protection sociale et de santé et n’acceptent plus la nature des interactions qu’il propose (https://odenore.msh-alpes.fr/)",1.0,12.286666666666669,False,True,0.6714624166488647,0.6915764808654785,True,3,False
31,OIC-008-02-B,Quelle est la définition de la mort encéphalique selon la circulaire Jeanneney?,C'est la mort définie par l'arrêt cardio-circulatoire.,C'est la mort définie par l'arrêt respiratoire.,C'est la mort définie par l'absence d'activité cérébrale.,C'est la mort définie par l'arrêt de toutes les fonctions vitales.,c,"{{objectif de connaissance
|Identifiant=OIC-008-02-B
|Item_parent=Les discriminations
|Item_parent_short=Les discriminations
|Rang=B
|Intitulé=Connaître les principaux effets des discriminations sur les inégalités sociales et inégalités de santé
|Description=Etre victime de discrimination (liée à sa sexualité, à ses choix de vie, à son apparence physique, à son origine culturelle ...) influe négativement sur l’insertion socio-économique, son état de santé psychique et physique
|Rubrique=Définition
|Contributeurs=Nicolas Lechopier,Kessel Nils,
|Ordre=2}}

'''Les discriminations accentuent les déterminants sociaux de la santé'''

Les inégalités sociales de santé découlent de processus historiques d'exclusion sociale et économique, fondés sur les origines, la religion, le statut socioéconomique, le genre, l'état de santé mentale, l'orientation sexuelle, etc. L'influence du milieu de vie et de l’identité sociale sur la survenue de pathologies crée le gradient social de la santé.

La santé est en effet socialement déterminée : ""Les relations internationales et les politiques nationales déterminent l’organisation de la société aux niveaux national et local et donnent ainsi naissance aux statuts sociaux et à une hiérarchie, en vertu desquels les populations s’organisent selon le niveau de revenu et d’instruction, l’emploi, le sexe, l’origine ethnique et d’autres facteurs. La place des individus dans l’échelle sociale influe sur les conditions dans lesquelles ils grandissent, apprennent,vivent, travaillent et vieillissent et sur leur vulnérabilité face à la maladie et ses conséquences."" (OMS, Commission des Déterminants Sociaux de la Santé).

Par exemple, les difficultés d'accès au logement ou à l'emploi, un environnement de vie pollué et bruyant, l'expérience de l'exclusion ou de l'inégalité ... Tous ces facteurs défavorables à la santé s'additionnent entre eux voire ont un effet multiplicatif.

'''Les discriminations accentuent le stress'''

L'expérience des discriminations contribue au stress des personnes qui les subissent, ce qui peut se traduire par une moins bonne santé cardiovasculaire. Les personnes exposées à la discrimination ethno-raciale sont en moins bonne santé d'après une méta-analyse (Paradies 2015). Cette discrimination est un facteur de risque de symptômes dépressifs, anxieux, psychotiques, mais aussi un facteur de risque de conduites suicidaires (Bardol et al. 2020). Elles peuvent s'accumuler dans l'expérience des personnes et les ""user"" (Wilkinson 2015). L'accumulation de désavantages possède une dimensions corrosive (Pelet, Charles et Dergham 2020).

Les discriminations peuvent également entraîner une difficulté d'exercer pour les professionnels, notamment du fait de la mise en tension entre et les exigences déontologiques et la réalité de terrain. 

'''Les discriminations contribuent largement au ""non-recours"".''' 

On parle de non-recours quand les ressortissants des politiques publiques n’utilisent pas les prestations ou les services auxquels ils ont droit. Le non-recours est un phénomène massif, notamment en santé : Au-delà des facteurs liés à l'éloignement géographique, des disparités territoriales, d'une inégale littératie en santé, les discriminations peuvent y contribuer directement. Anticipant un rejet, des propos stigmatisants, une avance de frais ou un dépassement d’honoraires, les personnes issues de populations vulnérables et/ou en situation de précarité économique peuvent renoncer à se rendre chez un professionnel, retardant leur prise en charge ou aggravant leur état de santé. Au-delà de rencontrer des difficultés pour se soigner ou de faire face à des barrières qui les conduisent à ne pas accéder au soin, certaines personnes ne trouvent plus leur place dans le système de protection sociale et de santé et n’acceptent plus la nature des interactions qu’il propose (https://odenore.msh-alpes.fr/)",1.0,12.690000000000001,False,True,0.5981068015098572,0.8447792728741964,False,2,False
32,OIC-008-03-B,Qui peut être donneur vivant?,Seuls les parents du receveur,Seuls les conjoints du receveur,"Les parents, conjoints, frères et sœurs, grands-parents, oncles et tantes, cousins germains et cousines germaines, ainsi que le conjoint de son père ou de sa mère",Seuls les frères et sœurs du receveur,c,"{{objectif de connaissance
|Identifiant=OIC-008-03-B
|Item_parent=Les discriminations
|Item_parent_short=Les discriminations
|Rang=B
|Intitulé=Connaître les discriminations et leurs formes dans le système de santé
|Description=Causes structurelles et organisationnelles des discriminations en santé
|Rubrique=Définition
|Contributeurs=Lechopier Nicolas,Kessel Nils
|Ordre=3}}

Les discriminations sont dues, non seulement à des représentations sociales ou à un défaut de vigilance des soignants. Elles renvoient à des dysfonctionnements dans le système de santé, un défaut de prise en charge ou un abaissement de la qualité des soins.

Plusieurs facteurs structurels et organisationnels ont été identifiés et sont listés dans la publication de Migration Santé Alsace (Vers plus d’égalité en santé : guide de prévention et de lutte contre les discriminations, 2019). 

1) Rapport de pouvoir asymétrique dans le soin. Les patients peuvent se sentir illégitimes, et donc ne pas poser de question ou exprimer leurs préférences.

2) Hétérogénéité de pratiques. Certaines équipes de soin n'ont pas les conditions suffisantes pour réfléchir aux dysfonctionnement qui peuvent entraîner des discriminations.

3) Inégalités territoriales de l’offre de soin. Dans une situation de désertification de l'offre de soin ou de pénurie, le refus de soin n'est pas réparti équitablement.

4) Manque de coordination, qui explique que des soignants renoncent à prendre en charge certaines patients jugés plus difficiles à soigner.

5) Recours insuffisant à l’interprétariat professionnel, alors que la difficulté à soigner en l'absence de langue commune.

6) Logiques économiques en tension avec les objectifs de soins : la course à la rentabilité peut renforcer l'orientation différentielle des patients, et le fait de moins bien traiter les patients dont on pense qu'ils pourraient être plus compliqués. 

https://www.migrationssante.org/axes-dintervention/discriminations-et-sante/guide/<br />",1.0,2.879999999999999,False,True,0.5222049951553345,0.7901108066240946,True,2,False
33,OIC-008-03-B,Quels sont les principes qui gouvernent l'utilisation des éléments et produits du corps humain?,"La non-patrimonialité, le consentement éclairé et l'anonymat.","La patrimonialité, le consentement éclairé et l'anonymat.","La non-patrimonialité, le consentement présumé et l'anonymat.","La patrimonialité, le consentement éclairé et l'anonymat.",a,"{{objectif de connaissance
|Identifiant=OIC-008-03-B
|Item_parent=Les discriminations
|Item_parent_short=Les discriminations
|Rang=B
|Intitulé=Connaître les discriminations et leurs formes dans le système de santé
|Description=Causes structurelles et organisationnelles des discriminations en santé
|Rubrique=Définition
|Contributeurs=Lechopier Nicolas,Kessel Nils
|Ordre=3}}

Les discriminations sont dues, non seulement à des représentations sociales ou à un défaut de vigilance des soignants. Elles renvoient à des dysfonctionnements dans le système de santé, un défaut de prise en charge ou un abaissement de la qualité des soins.

Plusieurs facteurs structurels et organisationnels ont été identifiés et sont listés dans la publication de Migration Santé Alsace (Vers plus d’égalité en santé : guide de prévention et de lutte contre les discriminations, 2019). 

1) Rapport de pouvoir asymétrique dans le soin. Les patients peuvent se sentir illégitimes, et donc ne pas poser de question ou exprimer leurs préférences.

2) Hétérogénéité de pratiques. Certaines équipes de soin n'ont pas les conditions suffisantes pour réfléchir aux dysfonctionnement qui peuvent entraîner des discriminations.

3) Inégalités territoriales de l’offre de soin. Dans une situation de désertification de l'offre de soin ou de pénurie, le refus de soin n'est pas réparti équitablement.

4) Manque de coordination, qui explique que des soignants renoncent à prendre en charge certaines patients jugés plus difficiles à soigner.

5) Recours insuffisant à l’interprétariat professionnel, alors que la difficulté à soigner en l'absence de langue commune.

6) Logiques économiques en tension avec les objectifs de soins : la course à la rentabilité peut renforcer l'orientation différentielle des patients, et le fait de moins bien traiter les patients dont on pense qu'ils pourraient être plus compliqués. 

https://www.migrationssante.org/axes-dintervention/discriminations-et-sante/guide/<br />",1.0,10.098571428571429,False,True,0.5936757326126099,0.9485073288281759,False,2,False
34,OIC-009-01-A,Dans quel cadre l'identification d'une personne par ses empreintes génétiques est-elle possible en France?,Dans le cadre de mesures d'enquête ou d'instruction diligentées lors d'une procédure judiciaire.,À des fins médicales ou de recherche scientifique.,"Aux fins d'établir, lorsqu'elle est inconnue, l'identité de personnes décédées.",Dans les conditions prévues à l'article L.2381-1 du Code de la défense.,a,"{{objectif de connaissance
|Identifiant=OIC-009-01-A
|Item_parent=Introduction à l’éthique médicale
|Item_parent_short=Introduction à l’éthique médicale
|Rang=A
|Intitulé=Connaître la définition de l’éthique
|Description=L'éthique : notion philosophique qui entend interroger et cerner la conduite juste. En médecine : l'interrogation, en vue de leur justification argumentée, des principes, valeurs et règles des actions du praticien et du chercheur
|Rubrique=Définition
|Contributeurs=Guillaume Grandazzi, Mylène Gouriot, Grégoire Moutel
|Ordre=1}}<br />

=== Sens et définition de la démarche éthique, différente de la morale et de la déontologie ===
L’éthique est une compétence des individus à réfléchir de façon critique sur la dimension morale de leurs actions et pratiques individuelles et collectives. C’est une capacité réflexive qui permet de questionner la moralité de ses actes et d’interroger la pertinence des valeurs, normes et règles qui enjoignent d’agir de telle ou telle façon. Elle est une compétence qui permet de remettre la morale en question, car elle est à la fois lieu de production des normes morales et lieu de leur remise en question. Là où la morale apporte des réponses et restreint la liberté, l’éthique permet de questionner ses choix, d’arbitrer entre des obligations morales contradictoires. L’éthique reconnait le pluralisme moral (des valeurs) mais aussi la nécessité de s’entendre au-delà de ce pluralisme, par le recours à la raison et la discussion dans un contexte démocratique.

Les questions induites dans la pratique médicale par l'évolution de la science et de notre société (droits des patients, accès aux soins, conception de la famille, usage de la génétique, conservation des gamètes et des embryons, prélèvements d'organes, informatisation des données du dossier médical, recherche biomédicale, perte d'autonomie, fin de la vie, etc.) imposent une réflexion individuelle et collective qui permet de penser les conséquences bonnes ou mauvaises des décisions et d'arbitrer des choix parfois complexes dans les pratiques de soins ou l'organisation du système de santé.

Chaque décision relève aujourd'hui d'un arbitrage pluridisciplinaire entre les données scientifiques médicales, les droits des personnes (protection des personnes, information, consentement), les désirs individuels, les valeurs et normes collectives et les contraintes économiques qui guident notre société.

La démarche éthique vise à organiser, face à chaque situation, la façon dont sont prises les décisions en fonction de ces différents éléments, parfois contradictoires. L'éthique n'est donc pas un jugement de valeur (comme la morale qui prescrit ou interdit), ni un code de bonnes pratiques souvent rattachées à des règles de droit (comme la déontologie), mais une démarche de réflexion et d’analyse permettant une aide à la décision. Ces distinctions sont importantes. La morale reflète l'état de pensée d'une société (ou d'une partie de la société) à un moment donné ou traduit un dogme. Elle découle d'un ensemble de principes qui déterminent le bien au sens d'Aristote : elle est normative, approuve ou réprouve, récompense ou sanctionne. La déontologie réunit, au sein d'un code, les règles de bonnes pratiques professionnelles qui balisent la relation soignant-soigné. Elle définit un cadre pour la responsabilité professionnelle et découle de principes issus du serment d'Hippocrate et de textes législatifs régissant la pratique médicale. Le droit, quant à lui, englobe l'ensemble des règles qui régissent notre société, les obligations et devoirs de chacun. Appliqué au système de soins et de santé publique, on parle de droit de la santé. Il émane de nombreux textes législatifs (loi sur les droits des patients, lois de bioéthique, lois organisant le système de santé…) et trouve place dans des codes (Code de santé publique, Code civil, Code pénal). Il est conçu pour gérer les conflits, décider de sanctions et d'indemnisations. Son application relève de la Justice. Déontologie et droit sont intimement mêlés et peuvent évoluer au fil du temps. L'éthique, quant à elle, est une démarche. Elle a pour but de réinterroger les principes moraux et les règles déontologiques et juridiques, en particulier quand ils ne permettent pas de donner des réponses conformes aux souhaits des personnes concernées ou que la situation qui se présente n'y trouve pas de réponse. L'éthique procède ainsi d'une réflexion active, collective, interactive, sur les valeurs humaines et sur les tensions entre des volontés et d'autres logiques. Elle étudie les valeurs, les tensions, les critères de choix et les différents scénarii possibles. Elle fonctionne par argumentations et débats. Dans la pratique médicale, elle est essentielle, car elle aide à guider les choix vers des décisions concrètes qui concernent au premier plan une personne singulière : le patient.

En tant que questionnement sur la manière dont nous devons agir, l’éthique est donc avant tout une réflexion pluridisciplinaire, au sens où l’ensemble des sciences humaines, le droit, les sciences de la santé et les professionnels du soin participent à la construction de la réflexion par leurs apports variés concernant tant la personne que la société et ses institutions. C’est pourquoi l’éthique n’est pas au sens strict du terme une science, elle ne fait pas l’objet d’un savoir positif, elle ne résulte pas simplement de l’étude des faits et des comportements. Une telle étude, si elle présente un réel intérêt, ne peut suffire pour établir des valeurs ; décrire et expliquer ce qui est, ne suffit pas pour définir ce qui doit être.

=== Ethique de la responsabilité et éthique appliquée ===
Dans l'éthique de la responsabilité, il s'agit d'aller plus loin en se sentant responsable de toutes les conséquences de nos actes, avec en particulier la nécessité d'une analyse critique d'une règle ou d'une décision si celles-ci ne sont pas acceptées par tous ou adaptées pour tous, ''a fortiori'' si on sait qu'elles peuvent avoir des conséquences néfastes sur l'équilibre d'une personne ou d'un groupe de personnes. Ainsi, l'éthique de la responsabilité débouche sur la volonté d'agir non pas par des choix automatiques, mais à chaque fois de manière singulière et raisonnée, en faveur d'une approche conséquentialiste.

Cela impose de maximiser la connaissance des conséquences des choix et des actions. Ainsi, comme l'exige l'objectif de la responsabilité, toute éthique anticipative devient une branche de la recherche avec une obligation d'analyse collective qu'il convient de cultiver en suscitant la coopération de nombreux experts dans les domaines les plus divers, invitant le plus souvent à une approche de logiques croisées, pluridisciplinaires. Mais il convient aussi de débattre avec les personnes concernées, les patients ou plus largement les citoyens. Il y a donc nécessité que toute décision impliquant l'avenir d'une ou de plusieurs personnes, ''a fortiori'' de tous, soit au cœur d'une démarche qui regarde les conséquences futures, partageant les informations sur les bénéfices, les doutes, les incertitudes et les risques. Toute pratique qui comporte risque ou incertitude, pouvant mettre en cause une valeur particulière de l'humain, doit être débattue.

Cette approche s'applique totalement au domaine médical. Compte tenu des nombreux bouleversements qu'induit la médecine sur le cours de nos vies et sur l'organisation de la société (qualité de vie, avenir de la personne, handicap, mort, souffrance, procréation, dépistage et prédiction, etc.), la question d'un biopouvoir sur les individus a été posée et aujourd'hui, les risques et les pratiques médicales sont regardés à la loupe.

Si l'on souhaite promouvoir une démarche démocratique autour des questions de santé et promouvoir la liberté et la responsabilité des personnes dans ce domaine, il est nécessaire de lier progrès médical et reconnaissance des attentes sociales. Cette liaison est particulièrement importante dès que l'on touche à des pratiques ayant un fort impact sur la vie des citoyens, d'autant plus si les bénéfices sont débattus et/ou qu'il existe des risques.

C’est pourquoi l’éthique en santé se veut pratique, opérationnelle, c'est à dire une éthique qui ne soit pas que conceptuelle, mais qui débouche sur des avis permettant de guider l'action et les choix. C'est pourquoi on parle d'éthique appliquée.

L’éthique appliquée se fonde soit sur des analyses descriptives de cas, soit sur des enquêtes de situations, sur des études sociologiques ou ethno-médicales. Elle propose d'une part l'analyse de pratiques professionnelles, visant à aborder les attitudes et les comportements de tous les acteurs concernés face à une situation qui pose problème, et d'autre part une argumentation sur les conséquences des différents choix possibles. Quand elle s'applique à des cas particuliers, on parle de « micro-éthique », et quand il s'agit de choix de société ou de politiques de soins, on parle de « macro-éthique ». L’éthique appliquée vise à guider la prise de décision.",1.0,15.99857142857143,False,True,0.6548212170600891,0.6313664118448893,False,2,False
35,OIC-009-01-A,Quelle des affirmations suivantes est la plus proche de la manière dont les représentations du corps en bonne santé évoluent au fil du temps?,Elles restent stables et ne changent pas selon les époques.,Elles sont influencées par les traditions culturelles et le milieu naturel.,Elles sont déterminées uniquement par les avancées scientifiques.,Elles sont universelles et ne varient pas selon les sociétés.,b,"{{objectif de connaissance
|Identifiant=OIC-009-01-A
|Item_parent=Introduction à l’éthique médicale
|Item_parent_short=Introduction à l’éthique médicale
|Rang=A
|Intitulé=Connaître la définition de l’éthique
|Description=L'éthique : notion philosophique qui entend interroger et cerner la conduite juste. En médecine : l'interrogation, en vue de leur justification argumentée, des principes, valeurs et règles des actions du praticien et du chercheur
|Rubrique=Définition
|Contributeurs=Guillaume Grandazzi, Mylène Gouriot, Grégoire Moutel
|Ordre=1}}<br />

=== Sens et définition de la démarche éthique, différente de la morale et de la déontologie ===
L’éthique est une compétence des individus à réfléchir de façon critique sur la dimension morale de leurs actions et pratiques individuelles et collectives. C’est une capacité réflexive qui permet de questionner la moralité de ses actes et d’interroger la pertinence des valeurs, normes et règles qui enjoignent d’agir de telle ou telle façon. Elle est une compétence qui permet de remettre la morale en question, car elle est à la fois lieu de production des normes morales et lieu de leur remise en question. Là où la morale apporte des réponses et restreint la liberté, l’éthique permet de questionner ses choix, d’arbitrer entre des obligations morales contradictoires. L’éthique reconnait le pluralisme moral (des valeurs) mais aussi la nécessité de s’entendre au-delà de ce pluralisme, par le recours à la raison et la discussion dans un contexte démocratique.

Les questions induites dans la pratique médicale par l'évolution de la science et de notre société (droits des patients, accès aux soins, conception de la famille, usage de la génétique, conservation des gamètes et des embryons, prélèvements d'organes, informatisation des données du dossier médical, recherche biomédicale, perte d'autonomie, fin de la vie, etc.) imposent une réflexion individuelle et collective qui permet de penser les conséquences bonnes ou mauvaises des décisions et d'arbitrer des choix parfois complexes dans les pratiques de soins ou l'organisation du système de santé.

Chaque décision relève aujourd'hui d'un arbitrage pluridisciplinaire entre les données scientifiques médicales, les droits des personnes (protection des personnes, information, consentement), les désirs individuels, les valeurs et normes collectives et les contraintes économiques qui guident notre société.

La démarche éthique vise à organiser, face à chaque situation, la façon dont sont prises les décisions en fonction de ces différents éléments, parfois contradictoires. L'éthique n'est donc pas un jugement de valeur (comme la morale qui prescrit ou interdit), ni un code de bonnes pratiques souvent rattachées à des règles de droit (comme la déontologie), mais une démarche de réflexion et d’analyse permettant une aide à la décision. Ces distinctions sont importantes. La morale reflète l'état de pensée d'une société (ou d'une partie de la société) à un moment donné ou traduit un dogme. Elle découle d'un ensemble de principes qui déterminent le bien au sens d'Aristote : elle est normative, approuve ou réprouve, récompense ou sanctionne. La déontologie réunit, au sein d'un code, les règles de bonnes pratiques professionnelles qui balisent la relation soignant-soigné. Elle définit un cadre pour la responsabilité professionnelle et découle de principes issus du serment d'Hippocrate et de textes législatifs régissant la pratique médicale. Le droit, quant à lui, englobe l'ensemble des règles qui régissent notre société, les obligations et devoirs de chacun. Appliqué au système de soins et de santé publique, on parle de droit de la santé. Il émane de nombreux textes législatifs (loi sur les droits des patients, lois de bioéthique, lois organisant le système de santé…) et trouve place dans des codes (Code de santé publique, Code civil, Code pénal). Il est conçu pour gérer les conflits, décider de sanctions et d'indemnisations. Son application relève de la Justice. Déontologie et droit sont intimement mêlés et peuvent évoluer au fil du temps. L'éthique, quant à elle, est une démarche. Elle a pour but de réinterroger les principes moraux et les règles déontologiques et juridiques, en particulier quand ils ne permettent pas de donner des réponses conformes aux souhaits des personnes concernées ou que la situation qui se présente n'y trouve pas de réponse. L'éthique procède ainsi d'une réflexion active, collective, interactive, sur les valeurs humaines et sur les tensions entre des volontés et d'autres logiques. Elle étudie les valeurs, les tensions, les critères de choix et les différents scénarii possibles. Elle fonctionne par argumentations et débats. Dans la pratique médicale, elle est essentielle, car elle aide à guider les choix vers des décisions concrètes qui concernent au premier plan une personne singulière : le patient.

En tant que questionnement sur la manière dont nous devons agir, l’éthique est donc avant tout une réflexion pluridisciplinaire, au sens où l’ensemble des sciences humaines, le droit, les sciences de la santé et les professionnels du soin participent à la construction de la réflexion par leurs apports variés concernant tant la personne que la société et ses institutions. C’est pourquoi l’éthique n’est pas au sens strict du terme une science, elle ne fait pas l’objet d’un savoir positif, elle ne résulte pas simplement de l’étude des faits et des comportements. Une telle étude, si elle présente un réel intérêt, ne peut suffire pour établir des valeurs ; décrire et expliquer ce qui est, ne suffit pas pour définir ce qui doit être.

=== Ethique de la responsabilité et éthique appliquée ===
Dans l'éthique de la responsabilité, il s'agit d'aller plus loin en se sentant responsable de toutes les conséquences de nos actes, avec en particulier la nécessité d'une analyse critique d'une règle ou d'une décision si celles-ci ne sont pas acceptées par tous ou adaptées pour tous, ''a fortiori'' si on sait qu'elles peuvent avoir des conséquences néfastes sur l'équilibre d'une personne ou d'un groupe de personnes. Ainsi, l'éthique de la responsabilité débouche sur la volonté d'agir non pas par des choix automatiques, mais à chaque fois de manière singulière et raisonnée, en faveur d'une approche conséquentialiste.

Cela impose de maximiser la connaissance des conséquences des choix et des actions. Ainsi, comme l'exige l'objectif de la responsabilité, toute éthique anticipative devient une branche de la recherche avec une obligation d'analyse collective qu'il convient de cultiver en suscitant la coopération de nombreux experts dans les domaines les plus divers, invitant le plus souvent à une approche de logiques croisées, pluridisciplinaires. Mais il convient aussi de débattre avec les personnes concernées, les patients ou plus largement les citoyens. Il y a donc nécessité que toute décision impliquant l'avenir d'une ou de plusieurs personnes, ''a fortiori'' de tous, soit au cœur d'une démarche qui regarde les conséquences futures, partageant les informations sur les bénéfices, les doutes, les incertitudes et les risques. Toute pratique qui comporte risque ou incertitude, pouvant mettre en cause une valeur particulière de l'humain, doit être débattue.

Cette approche s'applique totalement au domaine médical. Compte tenu des nombreux bouleversements qu'induit la médecine sur le cours de nos vies et sur l'organisation de la société (qualité de vie, avenir de la personne, handicap, mort, souffrance, procréation, dépistage et prédiction, etc.), la question d'un biopouvoir sur les individus a été posée et aujourd'hui, les risques et les pratiques médicales sont regardés à la loupe.

Si l'on souhaite promouvoir une démarche démocratique autour des questions de santé et promouvoir la liberté et la responsabilité des personnes dans ce domaine, il est nécessaire de lier progrès médical et reconnaissance des attentes sociales. Cette liaison est particulièrement importante dès que l'on touche à des pratiques ayant un fort impact sur la vie des citoyens, d'autant plus si les bénéfices sont débattus et/ou qu'il existe des risques.

C’est pourquoi l’éthique en santé se veut pratique, opérationnelle, c'est à dire une éthique qui ne soit pas que conceptuelle, mais qui débouche sur des avis permettant de guider l'action et les choix. C'est pourquoi on parle d'éthique appliquée.

L’éthique appliquée se fonde soit sur des analyses descriptives de cas, soit sur des enquêtes de situations, sur des études sociologiques ou ethno-médicales. Elle propose d'une part l'analyse de pratiques professionnelles, visant à aborder les attitudes et les comportements de tous les acteurs concernés face à une situation qui pose problème, et d'autre part une argumentation sur les conséquences des différents choix possibles. Quand elle s'applique à des cas particuliers, on parle de « micro-éthique », et quand il s'agit de choix de société ou de politiques de soins, on parle de « macro-éthique ». L’éthique appliquée vise à guider la prise de décision.",1.0,12.453333333333333,False,True,0.7563823461532593,0.7260656754175822,False,2,False
36,OIC-009-02-A,Quelle est la principale conséquence de l'utilisation des dispositifs techniques en médecine sur la manière de voir et concevoir les maladies?,Elle a permis une meilleure compréhension des mécanismes biologiques sous-jacents.,Elle a redéfini la manière de voir et concevoir les maladies.,Elle a amélioré la précision des diagnostics.,Elle a réduit la nécessité d'observation directe par les soignants.,b,"{{objectif de connaissance
|Identifiant=OIC-009-02-A
|Item_parent=Introduction à l’éthique médicale
|Item_parent_short=Introduction à l’éthique médicale
|Rang=A
|Intitulé=Connaître la définition de la bioéthique
|Description=Domaine de recherches philosophiques, de débats publics et de règles juridiques concernant l'éthique de la recherche, le développement et l’usage des techniques dans les sciences de la vie et le champ de la santé, les pratiques biomédicales
|Rubrique=Définition
|Contributeurs=Guillaume Grandazzi, Mylène Gouriot, Grégoire Moutel
|Ordre=2}}



L’émergence de la bioéthique dans la seconde moitié du 20<sup>e</sup> siècle s’inscrit dans un mouvement plus vaste de questionnement sur les sciences et les techniques, sur l’accroissement de nos capacités d’action et les nouvelles dimensions de notre responsabilité.

V.R. Potter, biologiste et cancérologue, qui « inventa » le terme bioéthique au début des années 70, la voyait comme « une éthique globale pour la survie de l’être humain et de la planète ». Il souhaitait une alliance entre sciences biologiques et éthique, entre sciences et humanités, et un contrôle social des savoirs et des progrès scientifiques.

La création en 1971 du ''Kennedy Institute of Ethics'' à l’université de Georgetown aux Etats-Unis a toutefois restreint la bioéthique au domaine médical. La sociologue américaine R. Fox a distingué trois étapes dans le développement de la bioéthique. Dans les années 60, celui-ci s’inscrit d’abord dans le cadre d’une prise de conscience des problèmes (expérimentation médicale, réanimation et transplantations d’organes…), et les acteurs religieux vont investir le champ de la réflexion. Dans les années 70, juristes et philosophes vont séculariser la réflexion et contribuer à l’élaboration de cadres réglementaires : la nécessité d’une réflexion rationnelle et argumentative et la reconnaissance de principes fondamentaux vont être mises en avant. Dans les années 90, les questions et préoccupations économiques s’invitent dans les débats et les enjeux de justice apparaissent de plus en plus importants dans un contexte de ressources de plus en plus contraintes.

Dans les dernières décennies, les questions soulevées par les progrès médicaux (procréation, génétique, médecine prédictive, neurosciences, intelligence artificielle…) portent de plus en plus sur la définition et le devenir de notre humanité. Ainsi, le slogan des Etats Généraux de la Bioéthique en 2018 était-il « ''Quel monde voulons-nous pour demain ?'' »

En effet, l’évolution contemporaine de la médecine a déplacé les frontières de l’intervention thérapeutique : en amont de la maladie (dépistages, prévention, procréation…) et en aval (fin de vie, réanimation, transplantations d’organes…). Dans la plupart de ces domaines, les enjeux sont autant, voire davantage, sociétaux que médicaux ! L’intervention de la médecine aux frontières de l’existence accroit le champ de notre responsabilité collective et transforme les pratiques médicales en problèmes de société à forts enjeux moraux (qui doit naître et mourir et dans quelles conditions ?). Ainsi, les questions soulevées par ces pratiques doivent être discutées de façon rationnelle et pluraliste.

Par ailleurs, la mondialisation de la biomédecine occidentale mondialise également les questions éthiques associées à son développement. En 2005, l’UNESCO publiait une ''Déclaration universelle sur la bioéthique et les droits de l’homme'', et en 2015 un ouvrage intitulé ''Pourquoi une bioéthique globale ?'' En 2005, la World Medical Association publiait un ''Manuel d’éthique médicale'' destiné aux « médecins et étudiants en médecine du monde entier ».

La bioéthique devrait ainsi suivre le développement de la biomédecine à travers le monde et s’imposer comme modèle. Mais ce sont les valeurs occidentales que l’on cherche à diffuser internationalement, soit certaines conceptions de la maladie, de la vie et de la mort, ou des principes comme celui d’autonomie, dans des contextes socio-culturels très différents. Une bioéthique globale ou universelle est-elle possible sans se transformer en imposition d’une pensée dominante ?

Aujourd’hui, contrairement à la vision qu’en avait V.R. Potter, la bioéthique constitue donc un sous-ensemble de l’éthique en santé ; elle concerne les questions soulevées par l’émergence des nouvelles biotechnologies et les questions que posent l’application à l’homme de ces avancées scientifiques. Elle a ainsi pour objet d’explorer des questions suscitées par l’avancement et l’application des technosciences biomédicales, et d'analyser le passage entre ce « qui est possible » et « ce qui doit être ».",1.0,17.323809523809526,False,True,0.6570088863372803,0.752365509668986,False,2,False
37,OIC-009-03-A,"La protection sociale est définie par l'ensemble des mécanismes de protection accordés par une société à ses membres pour leur permettre de faire face aux risques sociaux de l'existence et à leurs conséquences financières. Parmi les quatre logiques de protection sociale, laquelle repose sur l'épargne et l'assurance privée?",La logique d'assurance sociale obligatoire,La logique d'assistance sociale,La logique de protection universelle,La logique de prévoyance individuelle,d,"{{objectif de connaissance
|Identifiant=OIC-009-03-A
|Item_parent=Introduction à l’éthique médicale
|Item_parent_short=Introduction à l’éthique médicale
|Rang=A
|Intitulé=Connaître la définition de la déontologie
|Description=La déontologie médicale rassemble les éléments d'un discours sur les devoirs des médecins à l’égard des patients, des autres professionnels et de la société. Le Code de déontologie médicale sert de référence aux instances juridictionnelles de l'Ordre des médecins.
|Rubrique=Définition
|Contributeurs=Guillaume Grandazzi, Mylène Gouriot, Grégoire Moutel
|Ordre=3}}

C'est en 1825 que le mot ""déontologie"" apparaît pour la première fois en langue française, dans la traduction de l'ouvrage du philosophe utilitariste anglais Jeremy Bentham intitulée ""''l'Essai sur la nomenclature et la classification des principales branches d'Art et Science''"".

En médecine par exemple, la déontologie sert de référence aux instances juridictionnelles de l'Ordre des médecins, mais d'abord de guide aux médecins dans leur pratique quotidienne, au service des patients.

Le code de déontologie médicale n'est pas seulement établi par la profession. Si celle-ci, représentée en l'occurrence par l'Ordre national des médecins, est chargée de l'élaborer, le texte qui en découle est soumis à l'administration, au Conseil d'Etat et finalement au gouvernement, chacun ayant la charge de vérifier sa conformité avec les lois et autres règlements régissant la société où exercent les médecins et la possibilité d'y apporter des modifications. Enfin, le code est publié au Journal Officiel sous la signature du Premier ministre.

Le code de déontologie précise ainsi des dispositions réglementaires concernant un exercice professionnel. Elles sont subordonnées à d'autres textes plus importants, notamment la Constitution et les lois ; elles doivent être compatibles avec d'autres décrets et commandent d'autres textes de moindre portée, en particulier les arrêtés. Comme les autres citoyens, les médecins sont soumis aux lois - concernant par exemple le respect de la vie ou le secret professionnel - mais le bon fonctionnement de leur corps professionnel est favorisé par des règles propres.

* Voir le texte du code de déontologie des médecins <nowiki>https://www.conseil-national.medecin.fr/code-deontologie</nowiki>",1.0,16.878333333333334,False,True,0.5881552696228027,0.8076525926589966,False,2,False
38,OIC-009-04-A,Quelle est la principale source de financement de la protection sociale en France?,Les cotisations sociales,Les ressources fiscales,Les contributions publiques de l'État,Les exonérations de cotisations employeurs,a,"{{objectif de connaissance
|Identifiant=OIC-009-04-A
|Item_parent=Introduction à l’éthique médicale
|Item_parent_short=Introduction à l’éthique médicale
|Rang=A
|Intitulé=Grands principes de l’éthique médicale
|Description=Savoir définir et repérer les principes de bienfaisance, de non malfaisance, de respect de l’autonomie, de justice. Comprendre les obligations de proportionnalité et de compétence.
|Rubrique=Définition
|Contributeurs=Guillaume Grandazzi, Mylène Gouriot, Grégoire Moutel
|Ordre=4}}Pour étudier les questions d’ordre éthique, il faut des outils et des règles d’analyse et de débat.

'''<u>I. L’approche par principes</u>'''

L’approche par principes, proposée par les professeurs Tom L. Beauchamp et James F. Childress en 1979<ref>Tom L. Beauchamp, James F. Childress (1979). Principles of biomedical ethics. New York : Oxford University Press.</ref> aux Etats-Unis, est intéressante, en particulier pour réfléchir dans le cadre des pratiques de soins, et a connu un grand succès dans le milieu médical. La démarche dite d’analyse par principes, qualifiée de principisme, propose l’étude des enjeux éthiques présents dans une pratique médicale ou un choix d’organisation de santé, sous l’angle de quatre grands principes : la bienfaisance, la non-malfaisance, le respect de l’autonomie et la justice.

'''La bienfaisance et la non-malfaisance'''

La bienfaisance et la non-malfaisance sont directement issues de la tradition médicale. Dans sa conception hippocratique, la relation soignants-soigné se fonde sur la morale aristotélicienne et sur le “Primum non nocere”. Historiquement, l’action médicale ayant pour finalité le bien, en s’abstenant de nuire, se réfère au principe de bienfaisance ; il s’agit d’un principe moral selon lequel doit être réalisé ce qui est avantageux pour un patient. Ceci suppose que l’action médicale se veuille forcément bonne par nature, qu’un acte médical soit validé médicalement (on dirait aujourd’hui scientifiquement) et qu’il ait fait ses preuves au sens positif du terme. Mais comme tel n’est pas toujours le cas et que la balance bénéfice/risque peut être incertaine, au principe de bienfaisance doit être ajouté celui de non- malfaisance ; car, le risque de nuire à un patient peut exister. Il faut le prendre en considération et le mettre en balance.

'''L’autonomie'''

Le principe d’autonomie dérive de la philosophie dite “moderne” du XVIIe siècle et qui préfigure celle des Lumières au XVIIIe. Dans son ouvrage sur le Discours de la méthode, René Descartes affirme la souveraineté de l’esprit sur le corps, condition de la liberté. Celle-ci, permettant à toute personne de juger ce qui est juste ou bon pour elle, repose sur l’acte de l’esprit. L’autonomie du sujet se conçoit alors comme la liberté individuelle de disposer de préférences singulières à travers une délibération interne reposant sur une capacité d’analyse. Elle est régulée par un contrat social, selon le sens que Jean-Jacques Rousseau lui donne, où les individus acquièrent des droits dans le cadre de la loi commune, en faveur de la liberté de penser, de croyance et de choix de sa destinée.

Dans le domaine du soin, l’application d’un tel espace de liberté du patient a pu être ignorée. Pendant très longtemps, des décisions médicales ont été mises en œuvre sans l’aval du patient, voire même sans son information. Cette attitude a été qualifiée de “paternaliste” et, depuis les années 1970, il existe une légitime demande visant à associer les patients aux choix qui les concernent. Selon la définition du philosophe Tore Nilstun, le paternalisme consiste à traiter autrui conformément à ce que l’on estime être son bien en subordonnant rarement, à ce dernier, les préférences éventuelles, exprimées ou non, par cet autrui. En pratique clinique, aujourd’hui, la reconnaissance de l’autonomie du patient se traduit par une construction partagée de la décision médicale. Cette approche est communément appelée processus de co-décision. Elle s’appuie sur une reconnaissance de l’autonomie et s’élabore dans une démarche qui impose désormais aux soignants d’informer et de prendre en compte les interrogations, les désirs et les valeurs du patient. Cette autonomie doit être reconnue, mais parfois elle n’est pas à considérer comme un absolu, soit car le patient est en perte d’autonomie et donc en perte de capacité d’analyse et de décision, soit car les revendications qu’il peut avancer, au nom de sa liberté, ne sont pas conciliables avec les valeurs ou l’organisation de notre système de santé ou de notre société.

'''La justice'''

Le principe de justice résulte d’un idéal collectif. Il peut varier d’une société à une autre. Dans notre société et dans le cadre de la santé, la justice est classiquement entendue à travers des termes illustrant la non-discrimination, l’universalité, l’accès aux soins pour tous et la solidarité. Il s’agit d’un concept ouvert, large et évolutif. Il recoupe incontestablement une dimension morale forte autour du respect de la personne. Mais il est aussi le lieu de nombreuses tensions éthiques, car ce qui peut être jugé juste par certains peut être considéré comme non légitime pour d’autres. Ce sera incontestablement le lieu de nombreux débats dans les années à venir : jusqu’où sera-t-il juste de limiter l’accès à certains soins onéreux ? Jusqu’où sera-t-il juste de répondre à toutes les demandes faisant appel à la solidarité collective ? Cette notion recoupe donc très directement des choix politiques.

La nature de l’acte juste est un choix avant tout démocratique. La justice dite redistributive (visant à répartir les richesses) renvoie à arbitrer ce qui est moralement souhaitable et ce qui est matériellement possible. Elle peut aussi poser la question de savoir pourquoi certains citoyens pourraient posséder plus ou moins que d’autres, et selon quels critères (âge, mérite, fragilité, revenus, valeur pour la société, etc.). Ce serait le passage de la notion d’universalité à celle d’universalisme proportionné (offrir une prestation, mais avec des modalités ou une intensité qui varient selon les besoins). La notion de justice est donc intimement liée à la question de la lutte contre les inégalités ou de leur renforcement. S’y inscrit également la question des droits et des devoirs : comment construire un équilibre entre ce que chacun est en droit d’attendre, et ce qu’on est en droit d’attendre de chacun ?

Derrière le concept de justice, celle de responsabilité professionnelle est présente, au sens strict du terme : agir dans le respect des règles établies par une société, donc de la Loi commune, avec comme corollaire l’obligation de devoir rendre des comptes devant la justice. Aussi, tout professionnel doit connaître et intégrer dans sa démarche par principes, la règle de droit pour évaluer s’il la respecte ou, le cas échéant, pour justifier de la ou des raisons de sa non-application, voire de sa transgression. Il s’agit là d’un chemin complexe, qui nécessite de ne pas agir à la légère, de s’entourer d’expertises de haut niveau, passant en particulier par la collégialité des décisions, voire même parfois par la saisine du juge. Cette démarche est particulièrement appliquée dans les décisions de fin de vie, les refus de soins, les hospitalisations sous contrainte en gériatrie ou psychiatrie, ou les décisions complexes d’interruptions de grossesses.

<u>'''II. En pratique'''</u>

La démarche de l’éthique par principes doit donc interroger chacun d’entre eux, en particulier la bienfaisance, la non-malfaisance, le respect de l’autonomie et la justice. Tout d’abord cette démarche n’interdit en rien que d’autres principes s’y ajoutent. Par ailleurs, l’idée n’est pas que ces quatre principes soient forcément respectés dans un choix ou une action, mais qu’ils soient systématiquement interrogés de manière à voir, d’une part, pourquoi et comment ils ne peuvent être tous respectés et, d’autre part, comment ils se compensent l’un l’autre.

Une décision peut être acceptable si l’un des principes est mis en défaut mais compensé par la force des trois autres. L’exemple le plus classique est le cas de la perte d’autonomie du sujet, où l’action est néanmoins possible sans le consentement de la personne, car la démarche sera bienfaisante, non malfaisante et jugée juste. Des philosophes comme Emmanuel Levinas ou Hans Jonas mettent en avant le principe de bienfaisance et de responsabilité pour autrui, qui fonde la moralité de l’action vis-à-vis de la fragilité de l’autre. Hans Jonas revendique un principe de responsabilité à l’égard des plus fragiles et l’action au nom de la seule bienfaisance. Cette prise de position évite l’abandon de ceux qui sont en perte d’autonomie. Mais cette action doit être réalisée dans le respect d’une compréhension mutuelle, d’un accompagnement digne et de la recherche permanente, non du consentement, mais de l’as- sentiment de l’autre, c’est-à-dire la construction d’un chemin vers une forme d’adhésion. Ainsi, dans l’approche du principisme, il ne faut donc pas concevoir chaque principe comme un absolu, mais comme un point à débattre, dont l’éventuelle transgression ou adaptation doit être éthiquement validée.",1.0,13.080000000000002,False,True,0.5746640563011169,0.6867892146110535,False,2,False
39,OIC-009-05-A,Quel est le rôle de la Caisse nationale des allocations familiales (Cnaf) ?,Elle gère les pensions de retraite de base.,"Elle prend en charge les risques maladie, maternité, invalidité et décès.",Elle assure le recouvrement des cotisations sociales.,Elle prend en charge l’accompagnement des familles dans leur vie quotidienne.,d,"{{objectif de connaissance
|Identifiant=OIC-009-05-A
|Item_parent=Introduction à l’éthique médicale
|Item_parent_short=Introduction à l’éthique médicale
|Rang=A
|Intitulé=Respect de l’autonomie
|Description=Connaître les fondements éthiques et les dispositions légales liés au respect de l'autonomie des malades et au consentement aux soins. Connaître la loi du 4 Mars 2002 sur les droits des personnes malades, le principe du respect de la volonté de la personne malade et la notion de consentement libre et éclairé.
|Rubrique=Définition
|Contributeurs=Guillaume Grandazzi, Mylène Gouriot, Grégoire Moutel
|Ordre=5}}      '''I. Autonomie, information et consentement'''

Aujourd’hui, du fait de la démocratisation de notre système de santé et d’une volonté des patients de partager l’accès au savoir médical, leur demande de participation à la démarche de soins est croissante, posant la question de la nécessité de leur délivrer une information de qualité, de recueillir leur consentement et donc de respecter leur liberté de choix. Dès lors, la pratique médicale est devenue un domaine où le respect de l’autonomie du patient est désormais central à travers la participation du patient aux décisions qui le concernent, reconnue comme un droit (quand cela n’est pas rendu impossible par un état de grande vulnérabilité, par l’urgence ou en cas de perte d’autonomie psychique liée à la maladie). 

Le principe d’autonomie découle philosophiquement de la période de la philosophie dite moderne du 17e siècle et qui préfigure la philosophie des lumières au 18e. A travers ses énoncés dans son ouvrage sur le Discours de la méthode, Descartes affirme la souveraineté de l'esprit sur le corps. C’est la condition de la liberté. Cette condition, permettant à toute personne de juger ce qui est juste ou bon pour elle, repose sur l'acte de l'esprit. L'autonomie du sujet se conçoit alors comme la liberté individuelle d'avoir des préférences singulières à travers une délibération interne reposant sur une capacité d’analyse. Ceci se traduit au sens de Jean Jacques Rousseau, par un contrat social, où les individus acquièrent des droits dans le cadre de la loi commune, ces droits permettant la liberté de penser, la liberté de croyance et la liberté de choix de sa destinée. 

Dans le domaine du soin, l’application d’un tel espace de liberté du patient a pu être historiquement ignoré. Très longtemps des décisions médicales ont été mises en œuvre sans l’aval du patient, voire même sans son information.  Cette attitude a été qualifiée de paternaliste et depuis les années 1970, on assiste à une légitime demande visant à associer les patients aux choix qui les concernent. Selon la définition de Nilstum, le paternalisme consistait à traiter autrui conformément à ce que l’on estimait être le bien d’autrui en subordonnant rarement à ce bien les préférences éventuelles, exprimées ou non, par cet autrui. En pratique clinique, aujourd’hui, la reconnaissance de l’autonomie du patient se traduit par une construction partagée de la décision médicale. Cette approche est communément appelée processus de co-décision. Cette dernière s’appuie sur une reconnaissance de l’autonomie et s’élabore dans une démarche qui impose désormais aux soignants d’informer, et de prendre en compte les interrogations, les désirs, les valeurs du patient. 

Cette autonomie doit être reconnue, mais parfois elle ne sera pas à considérer comme un absolu, soit car le patient sera en perte d’autonomie et donc en perte de capacité d’analyse et de décision, soit car les revendications qu’il pourrait avancer au nom de sa liberté, ne seraient pas conciliables avec les valeurs ou l’organisation de notre système de santé ou de notre société.

Avant toute démarche diagnostique ou thérapeutique, le respect de l’autonomie du patient doit se traduire par un devoir d’information préalable au recueil du consentement. Un consentement non précédé d’une information de qualité n’est pas légitime. 

Ce respect de l’autonomie  du patient a été sacralisé dans la législation française, d’abord dans un texte de loi encadrant la recherche biomédicale en 1988, puis dans les lois de bioéthique depuis 1994. Ces textes encadrent la question de l’information et du consentement dans des cas particuliers comme par exemple la recherche biomédicale, les pratiques de dons d’organes, l’assistance médicale à la procréation et la réalisation de tests génétiques ; domaines où l’information et le consentement se doivent d’être donnés et recueillis par écrit. Puis, en 2002, la législation a reconnu à travers la loi relative aux droits des malades et à la qualité du système de santé, dite loi du 4 mars 2002 le droit à l’information et au consentement dans toutes les pratiques de soins. 

Le patient a besoin et a le droit d’être éclairé sur les choix d’examens ou de soins qui le concernent au premier chef dans son corps, dans son vécu car ils concernent sa vie et la conception qu’il en a. Il convient de lui apporter tous les éléments nécessaires à son choix car c’est in fine à lui que doit appartenir la légitimité de faire ou de ne pas faire en regard de l’exercice de sa part d’autonomie.

Au cœur de ces évolutions se niche la façon dont le patient est informé. Incontestablement cette question est au cœur de la notion de responsabilité professionnelle et de la manière dont on conçoit l’autonomie d’un patient. Plus l’information délivrée est complète, y compris incluant les éléments d’incertitudes et de doutes, plus le professionnel renforce l’autonomie de décision du patient, quitte à complexifier le chemin vers le choix de ce dernier. Informer n’est donc pas neutre.

La démarche d’information fait appel à la capacité de compréhension du sujet, confronté au discours médical. On peut ici vraiment parler de ""compréhension"", au sens étymologique du terme : le patient ""prend avec"" lui les éléments qu’on lui donne, les confronte à son vécu, à ses appréhensions, et donne de sa maladie une représentation avec laquelle il va pouvoir vivre et qui sera à la base de son dialogue avec le médecin.

Le devoir d’information recoupe donc deux niveaux : 

• le premier d’ordre éthique, où la place de l’autonomie du patient dans la relation de soin est de plus en plus reconnue et promue, fondement démocratique du respect et de la protection des personnes ;

• le second d’ordre juridique qui se traduit par l’obligation de délivrer une information de qualité permettant une acceptation ou un refus éclairé de la part du patient.

En pratique, concernant la forme, l’information doit être avant tout orale, délivrée par le professionnel de santé qui prend le temps nécessaire à la bonne compréhension par chaque patient, en fonction de son état et de ses difficultés. Elle peut être aidée par la remise de documents pédagogiques d’information appropriés au patient. En dehors de cas précis prévus par la loi (don d’organe chez un vivant, recherche biomédicale, étude génétique, assistance médicale à la procréation, refus de soins, etc.), le document d’information n’est pas un document visant un recueil de consentement écrit signé. Il est exclusivement destiné à donner au patient des renseignements lui permettant d’y revenir une fois de retour dans sa chambre ou chez lui et de susciter si besoin des questions.

Pour cela une information de qualité doit répondre à plusieurs objectifs : 

   • assurer la délivrance d’une information dans le respect des principes de transparence et d’intégrité, en se fondant sur les données actuelles de la science et de la médecine ;

   • éclairer le patient sur les bénéfices et les risques, reposant sur des données validées et, le cas échéant, exposant les zones d’incertitudes ;

   • éclairer, au-delà des bénéfices et des risques, sur : 

   • le déroulement des soins,

   • les inconvénients physiques et psychiques dans la vie quotidienne,

   • l’organisation du parcours de prise en charge au fil du temps et les contraintes organisationnelles entraînées,

   • les droits sociaux de la personne malade et les aides et soutiens accessibles si besoin ;

   • participer au choix entre deux démarches médicales ou plus dès lors qu’elles sont des alternatives validées et compatibles avec la situation d’un patient.


      '''II. Refus de soins'''

Le débat éthique concernant le refus de soins est assez fréquent au sein des équipes et parfois le concept d’autonomie sur lequel repose l’attitude du patient pose question. La formulation d’un refus de soins par un patient peut heurter des soignants qui ont été formés et pensent leurs actions en référence à une valeur essentielle du soin : agir pour l’autre, parfois à sa place, au nom d’une logique de bienfaisance. Parfois, les équipes se trouvent confrontées à des situations où le refus  apparait contraire non seulement à la logique médicale, mais également à ce qu’elles estiment être l’intérêt des personnes. Dans d’autres circonstances, en revanche, le refus de soins du patient rejoindra l’avis de l’équipe médicale. Ce sera le cas en fin de vie, lorsque le patient demandera une limitation ou un arrêt de soins pour éviter toute obstination déraisonnable ; ceci s’inscrivant dans le cadre de la loi dite Claeys-Léonetti, relative à la fin de vie,  qui autorise de telles procédures.

Un refus de soin doit faire interroger le concept d’autonomie.  En effet le contexte clinique peut générer ou révéler une perte d’autonomie, bien au-delà des cas majeurs de gériatrie ou de psychiatrie. La question est alors double :

- Essayer de savoir si la formulation du refus par le patient relève ou non d’un acte de volonté, reposant sur une capacité d’autonomie délibérative, incluant la réception et la compréhension de l’information sur la nature de la proposition médicale et sur toutes les conséquences de sa mise en œuvre, mais aussi de sa non réalisation.

- Considérer si la parole du patient doit être acceptée comme telle ou non. 

Si l’on accepte cette parole d’emblée, c’est que l’on considère qu’il s’agit d’un choix recevable (souvent car la situation clinique et l’appréciation médicale rejoignent la volonté exprimée par le patient). A contrario le refus d’un patient peut donner lieu à une attitude soignante visant à se donner le temps et de ne pas accepter le refus de facto ; ce temps est alors mis à profit pour délivrer des explications et rediscuter avec le patient. 

Accepter trop facilement un refus de soins reviendrait à nier la dimension du travail soignant qu’est l’accompagnement vers l’acceptation et la décision partagée. Dans de nombreuses situations cliniques, le refus de soins n’est en fait qu’un point d’appel ou un signe clinique témoignant soit d’une déficience psychique, soit d’une souffrance ou d’un désespoir, trois points que la médecine a justement pour mission de combattre afin que la personne aille mieux et vive mieux. La question d’ordre éthique est alors de savoir jusqu’où dans ce cheminement on est en droit d’aller entre expliquer, convaincre, sans pour autant contraindre. Dans tous les cas la question du rapport au temps est importante, car l’évaluation de ces situations nécessite un rapport à l’autre et des échanges interhumains essentiels, réguliers et approfondis, au regard des conséquences des décisions à prendre. 

Dans ce contexte la médecine se trouve au cœur d’une expertise qui permet de guider le sort des personnes. Elle vise à analyser les capacités du sujet à exercer une autonomie jugée valide : mission redoutable ! En pratique une équipe médicale explore alors un certain nombre de capacités :

- Que le malade comprenne et intègre les informations et qu’il comprenne les conséquences des attitudes sur son existence,

- Que le sujet soit doué de mémoire (qu'il puisse se souvenir) et qu'il soit capable d’une décision, de s'y tenir et de maintenir volontairement sa décision (au sens de maintien d’une volonté en faisant usage de la raison).

En clinique, cette évaluation débouche sur un gradient de situations allant d’altérations majeures à des faibles atteintes. Il faut alors s’interroger sur la question de savoir ce que doit peser chaque « non autonomie » pour accepter ou non que les équipes médicales outrepassent la volonté du patient. Une lecture des argumentaires de l’éthique de la décision amène à penser que, dans certaines situations, la décision médicale se fondra avant tout sur la bienfaisance, en particulier pour les situations d’autonomie dégradée. Une fois cela posé, il faut dès lors pour agir de la sorte envisager les fondements permettant d’agir contre l’avis exprimé par le patient :

- La notion de bénéfice attendu (ou d’amélioration espérée) qui découle d’une évaluation bénéfice/risque ;

- La mise en œuvre d’approche excluant les violences physiques et traumatisantes pour le patient et l’équipe ;

- Maintenir une relation consacrant la dignité du patient.

Vu la lourdeur de ce type de décision, pour un médecin, un soignant et l’ensemble d’une équipe, il est d’usage de plaider pour une mise en œuvre d’une décision médicale en trois temps reposant sur le principe de collégialité :

a) Le temps qui précède, et permet d'instruire, comme en justice, de manière collégiale dans le cadre d’une éthique de la discussion ; ce temps peut être long, et réserve un espace d'argumentation entre un niveau de savoir normatif et le niveau décisionnel adapté au réel, c’est à dire à la situation singulière du patient. Dans ce cadre la décision individuelle par un seul professionnel semble à éviter ;

b) Le temps du passage à la décision dont la responsabilité doit être portée par un individu clairement désigné, poussé par une « intime conviction collective ». La validation des principes de bienfaisance, non malfaisance et de justice doivent guider cette conviction ; 

c) Le temps de l’après où la poursuite de la discussion est impérative lorsque vient le temps de « l'après décision », pour assumer et suivre l'évolution, continuer ou se remettre en question.

Ces temps doivent être respectés et valorisés dans l’organisation des équipes de soins.

Mais il existe des situations où le refus de soins peut être combattu ou refusé.

Tout d’abord, il convient ici d’évoquer la situation particulière de l’urgence vitale immédiate où le patient aurait formulé par orale ou à fortiori par écrit un refus de soins, alors qu’il n’était pas en situation de fin de vie. L’exemple classique est celui de la personne suicidante. Un consensus se dégage aujourd’hui pour dire que, dans ce cas, dans la mesure où l’action médicale peut être réalisée, elle doit se mettre en œuvre, puisqu’il existe une urgence vitale accompagnée d’un trouble du discernement.

Ainsi, hors situation de fin de vie où le patient aurait fait savoir son choix oralement ou via des directives anticipées (testament de vie) ou via la personne de confiance, l’idée qui prévaut en situation d’urgence est qu’il convient de sauver la personne. 

Ceci peut s’illustrer aisément par exemple par le cas d’un jeune adolescent diabétique, qui, refusant de poursuivre une insulinothérapie pour motif de conflit familial, se retrouve en coma acido-cétosique avec un pronostic vital rapidement engagé. Dans une conception extrême du respect de l’autonomie, on pourrait faire le choix, dans tous les cas, de s’en remettre au choix  des patients ; mais accepter trop facilement et sans débat ni questionnement un refus de soins reviendrait à nier les situations où la verbalisation d’un patient ne traduit pas forcément la complexité de sa pensée, voire signifie un appel au secours, une demande d’une autre écoute, d’une autre façon de soigner,  autant de situations où le travail soignant doit être de raccrocher le patient à une démarche de soins plus adaptée à sa situation et qui, in fine, sera positive pour lui.

Par ailleurs, il existe aussi un dernier cas de refus de soins : celui qui expose l’autre ou qui pose question en terme de santé publique.

De nombreuses situations rentrent dans ce cadre : l’opposition aux vaccinations ; la non acceptation d’un traitement prophylactique de méningite ou d’un traitement anti tuberculeux qui peut majorer le risque pour la collectivité, une famille ou un conjoint ; le refus d’une césarienne médicalement justifiée, refus qui met en péril la vie de la mère voire de l’enfant ; le refus d’une transfusion indispensable qui met en jeu un risque de séquelles, de handicap ou de décès… Dans ces cas, il existe un réel conflit de valeurs où les soignants revendiquent leurs décisions partant du principe qu’on ne peut exercer une pratique médicale dégradée d’autant plus quand d’autres intérêts sont en jeu au-delà du patient (un enfant à venir, une famille ou la collectivité).

Il existe aussi pour la médecine une nécessité de prévenir, de soigner, de porter assistance dans une logique fondée sur le bien public, et non sur le respect formel de convictions individuelles par lequel le patient marque ses différences avec la collectivité, éventuellement au détriment de soi-même et des autres. Une conception autonomiste, individualiste légitimerait le refus de vaccinations (pourtant bénéfique à la collectivité et qui perd son sens si tous n’y souscrivent pas), le refus de césarienne par choix maternel (au détriment de l’enfant), le refus de sauver le père ou la mère d’un enfant au nom d’une croyance ou religion (mettant en jeu certes l’équilibre familial mais aussi la solidarité collective envers ceux qui restent à charge), le refus de soins lors d’épidémies graves (mettant en jeu la vie d’autres personnes) etc.

Ainsi, dans une acception universelle de la médecine, il est difficile de considérer que le patient puisse avoir des droits, mais pas de devoirs. Une conception autonomiste, poussée à l’extrême, respecterait ces mises en danger, les considérant comme un droit et plaçant le malade en situation d’usager, voire de client, imposant ses choix au professionnel de santé considéré alors comme prestataire de service. Notre analyse est à mettre en regard des écrits de Hans Georg Gadamer dans Philosophie de la santé où il rappelle que l’éthique de la responsabilité peut venir contrecarrer les convictions individuelles, et qu’il en va du bien commun. En regard de son analyse, un système de santé doit pouvoir définir des règles et devoirs applicables à tous ; en regard tous reçoivent des droits : protection sociale, égalité d’accès aux soins. Que dirait-on d’un système qui permettrait à un usager du transport aérien de s’opposer, pour des motifs individuels, aux règles d’atterrissage et aux instruments appliquées par un pilote de ligne ? Si la santé devenait une simple donnée consumériste régie par de tels choix individuels, loin des notions complexes que nous venons d’exposer et des représentations du lien social, la visée éthique de la médecine devrait alors être redéfinie. Il faudrait alors se demander si elle ne serait pas dès lors contraire à la visée éthique définie par Paul Ricoeur comme « la visée de la vie bonne, avec et pour autrui, dans des institutions justes ».",1.0,10.356923076923078,False,True,0.638737678527832,0.7701047460238138,False,4,False
40,OIC-009-05-A,La loi de financement de la Sécurité Sociale (LFSS) est votée chaque année par le Parlement suite à un projet de loi du gouvernement. Quel est le rôle du Parlement dans ce processus?,Le Parlement fixe les recettes de la sécurité sociale.,Le Parlement vote les objectifs de dépenses de la sécurité sociale.,Le Parlement a le pouvoir de percevoir les recettes de la sécurité sociale.,Le Parlement n’a pas de rôle dans le processus de la LFSS.,b,"{{objectif de connaissance
|Identifiant=OIC-009-05-A
|Item_parent=Introduction à l’éthique médicale
|Item_parent_short=Introduction à l’éthique médicale
|Rang=A
|Intitulé=Respect de l’autonomie
|Description=Connaître les fondements éthiques et les dispositions légales liés au respect de l'autonomie des malades et au consentement aux soins. Connaître la loi du 4 Mars 2002 sur les droits des personnes malades, le principe du respect de la volonté de la personne malade et la notion de consentement libre et éclairé.
|Rubrique=Définition
|Contributeurs=Guillaume Grandazzi, Mylène Gouriot, Grégoire Moutel
|Ordre=5}}      '''I. Autonomie, information et consentement'''

Aujourd’hui, du fait de la démocratisation de notre système de santé et d’une volonté des patients de partager l’accès au savoir médical, leur demande de participation à la démarche de soins est croissante, posant la question de la nécessité de leur délivrer une information de qualité, de recueillir leur consentement et donc de respecter leur liberté de choix. Dès lors, la pratique médicale est devenue un domaine où le respect de l’autonomie du patient est désormais central à travers la participation du patient aux décisions qui le concernent, reconnue comme un droit (quand cela n’est pas rendu impossible par un état de grande vulnérabilité, par l’urgence ou en cas de perte d’autonomie psychique liée à la maladie). 

Le principe d’autonomie découle philosophiquement de la période de la philosophie dite moderne du 17e siècle et qui préfigure la philosophie des lumières au 18e. A travers ses énoncés dans son ouvrage sur le Discours de la méthode, Descartes affirme la souveraineté de l'esprit sur le corps. C’est la condition de la liberté. Cette condition, permettant à toute personne de juger ce qui est juste ou bon pour elle, repose sur l'acte de l'esprit. L'autonomie du sujet se conçoit alors comme la liberté individuelle d'avoir des préférences singulières à travers une délibération interne reposant sur une capacité d’analyse. Ceci se traduit au sens de Jean Jacques Rousseau, par un contrat social, où les individus acquièrent des droits dans le cadre de la loi commune, ces droits permettant la liberté de penser, la liberté de croyance et la liberté de choix de sa destinée. 

Dans le domaine du soin, l’application d’un tel espace de liberté du patient a pu être historiquement ignoré. Très longtemps des décisions médicales ont été mises en œuvre sans l’aval du patient, voire même sans son information.  Cette attitude a été qualifiée de paternaliste et depuis les années 1970, on assiste à une légitime demande visant à associer les patients aux choix qui les concernent. Selon la définition de Nilstum, le paternalisme consistait à traiter autrui conformément à ce que l’on estimait être le bien d’autrui en subordonnant rarement à ce bien les préférences éventuelles, exprimées ou non, par cet autrui. En pratique clinique, aujourd’hui, la reconnaissance de l’autonomie du patient se traduit par une construction partagée de la décision médicale. Cette approche est communément appelée processus de co-décision. Cette dernière s’appuie sur une reconnaissance de l’autonomie et s’élabore dans une démarche qui impose désormais aux soignants d’informer, et de prendre en compte les interrogations, les désirs, les valeurs du patient. 

Cette autonomie doit être reconnue, mais parfois elle ne sera pas à considérer comme un absolu, soit car le patient sera en perte d’autonomie et donc en perte de capacité d’analyse et de décision, soit car les revendications qu’il pourrait avancer au nom de sa liberté, ne seraient pas conciliables avec les valeurs ou l’organisation de notre système de santé ou de notre société.

Avant toute démarche diagnostique ou thérapeutique, le respect de l’autonomie du patient doit se traduire par un devoir d’information préalable au recueil du consentement. Un consentement non précédé d’une information de qualité n’est pas légitime. 

Ce respect de l’autonomie  du patient a été sacralisé dans la législation française, d’abord dans un texte de loi encadrant la recherche biomédicale en 1988, puis dans les lois de bioéthique depuis 1994. Ces textes encadrent la question de l’information et du consentement dans des cas particuliers comme par exemple la recherche biomédicale, les pratiques de dons d’organes, l’assistance médicale à la procréation et la réalisation de tests génétiques ; domaines où l’information et le consentement se doivent d’être donnés et recueillis par écrit. Puis, en 2002, la législation a reconnu à travers la loi relative aux droits des malades et à la qualité du système de santé, dite loi du 4 mars 2002 le droit à l’information et au consentement dans toutes les pratiques de soins. 

Le patient a besoin et a le droit d’être éclairé sur les choix d’examens ou de soins qui le concernent au premier chef dans son corps, dans son vécu car ils concernent sa vie et la conception qu’il en a. Il convient de lui apporter tous les éléments nécessaires à son choix car c’est in fine à lui que doit appartenir la légitimité de faire ou de ne pas faire en regard de l’exercice de sa part d’autonomie.

Au cœur de ces évolutions se niche la façon dont le patient est informé. Incontestablement cette question est au cœur de la notion de responsabilité professionnelle et de la manière dont on conçoit l’autonomie d’un patient. Plus l’information délivrée est complète, y compris incluant les éléments d’incertitudes et de doutes, plus le professionnel renforce l’autonomie de décision du patient, quitte à complexifier le chemin vers le choix de ce dernier. Informer n’est donc pas neutre.

La démarche d’information fait appel à la capacité de compréhension du sujet, confronté au discours médical. On peut ici vraiment parler de ""compréhension"", au sens étymologique du terme : le patient ""prend avec"" lui les éléments qu’on lui donne, les confronte à son vécu, à ses appréhensions, et donne de sa maladie une représentation avec laquelle il va pouvoir vivre et qui sera à la base de son dialogue avec le médecin.

Le devoir d’information recoupe donc deux niveaux : 

• le premier d’ordre éthique, où la place de l’autonomie du patient dans la relation de soin est de plus en plus reconnue et promue, fondement démocratique du respect et de la protection des personnes ;

• le second d’ordre juridique qui se traduit par l’obligation de délivrer une information de qualité permettant une acceptation ou un refus éclairé de la part du patient.

En pratique, concernant la forme, l’information doit être avant tout orale, délivrée par le professionnel de santé qui prend le temps nécessaire à la bonne compréhension par chaque patient, en fonction de son état et de ses difficultés. Elle peut être aidée par la remise de documents pédagogiques d’information appropriés au patient. En dehors de cas précis prévus par la loi (don d’organe chez un vivant, recherche biomédicale, étude génétique, assistance médicale à la procréation, refus de soins, etc.), le document d’information n’est pas un document visant un recueil de consentement écrit signé. Il est exclusivement destiné à donner au patient des renseignements lui permettant d’y revenir une fois de retour dans sa chambre ou chez lui et de susciter si besoin des questions.

Pour cela une information de qualité doit répondre à plusieurs objectifs : 

   • assurer la délivrance d’une information dans le respect des principes de transparence et d’intégrité, en se fondant sur les données actuelles de la science et de la médecine ;

   • éclairer le patient sur les bénéfices et les risques, reposant sur des données validées et, le cas échéant, exposant les zones d’incertitudes ;

   • éclairer, au-delà des bénéfices et des risques, sur : 

   • le déroulement des soins,

   • les inconvénients physiques et psychiques dans la vie quotidienne,

   • l’organisation du parcours de prise en charge au fil du temps et les contraintes organisationnelles entraînées,

   • les droits sociaux de la personne malade et les aides et soutiens accessibles si besoin ;

   • participer au choix entre deux démarches médicales ou plus dès lors qu’elles sont des alternatives validées et compatibles avec la situation d’un patient.


      '''II. Refus de soins'''

Le débat éthique concernant le refus de soins est assez fréquent au sein des équipes et parfois le concept d’autonomie sur lequel repose l’attitude du patient pose question. La formulation d’un refus de soins par un patient peut heurter des soignants qui ont été formés et pensent leurs actions en référence à une valeur essentielle du soin : agir pour l’autre, parfois à sa place, au nom d’une logique de bienfaisance. Parfois, les équipes se trouvent confrontées à des situations où le refus  apparait contraire non seulement à la logique médicale, mais également à ce qu’elles estiment être l’intérêt des personnes. Dans d’autres circonstances, en revanche, le refus de soins du patient rejoindra l’avis de l’équipe médicale. Ce sera le cas en fin de vie, lorsque le patient demandera une limitation ou un arrêt de soins pour éviter toute obstination déraisonnable ; ceci s’inscrivant dans le cadre de la loi dite Claeys-Léonetti, relative à la fin de vie,  qui autorise de telles procédures.

Un refus de soin doit faire interroger le concept d’autonomie.  En effet le contexte clinique peut générer ou révéler une perte d’autonomie, bien au-delà des cas majeurs de gériatrie ou de psychiatrie. La question est alors double :

- Essayer de savoir si la formulation du refus par le patient relève ou non d’un acte de volonté, reposant sur une capacité d’autonomie délibérative, incluant la réception et la compréhension de l’information sur la nature de la proposition médicale et sur toutes les conséquences de sa mise en œuvre, mais aussi de sa non réalisation.

- Considérer si la parole du patient doit être acceptée comme telle ou non. 

Si l’on accepte cette parole d’emblée, c’est que l’on considère qu’il s’agit d’un choix recevable (souvent car la situation clinique et l’appréciation médicale rejoignent la volonté exprimée par le patient). A contrario le refus d’un patient peut donner lieu à une attitude soignante visant à se donner le temps et de ne pas accepter le refus de facto ; ce temps est alors mis à profit pour délivrer des explications et rediscuter avec le patient. 

Accepter trop facilement un refus de soins reviendrait à nier la dimension du travail soignant qu’est l’accompagnement vers l’acceptation et la décision partagée. Dans de nombreuses situations cliniques, le refus de soins n’est en fait qu’un point d’appel ou un signe clinique témoignant soit d’une déficience psychique, soit d’une souffrance ou d’un désespoir, trois points que la médecine a justement pour mission de combattre afin que la personne aille mieux et vive mieux. La question d’ordre éthique est alors de savoir jusqu’où dans ce cheminement on est en droit d’aller entre expliquer, convaincre, sans pour autant contraindre. Dans tous les cas la question du rapport au temps est importante, car l’évaluation de ces situations nécessite un rapport à l’autre et des échanges interhumains essentiels, réguliers et approfondis, au regard des conséquences des décisions à prendre. 

Dans ce contexte la médecine se trouve au cœur d’une expertise qui permet de guider le sort des personnes. Elle vise à analyser les capacités du sujet à exercer une autonomie jugée valide : mission redoutable ! En pratique une équipe médicale explore alors un certain nombre de capacités :

- Que le malade comprenne et intègre les informations et qu’il comprenne les conséquences des attitudes sur son existence,

- Que le sujet soit doué de mémoire (qu'il puisse se souvenir) et qu'il soit capable d’une décision, de s'y tenir et de maintenir volontairement sa décision (au sens de maintien d’une volonté en faisant usage de la raison).

En clinique, cette évaluation débouche sur un gradient de situations allant d’altérations majeures à des faibles atteintes. Il faut alors s’interroger sur la question de savoir ce que doit peser chaque « non autonomie » pour accepter ou non que les équipes médicales outrepassent la volonté du patient. Une lecture des argumentaires de l’éthique de la décision amène à penser que, dans certaines situations, la décision médicale se fondra avant tout sur la bienfaisance, en particulier pour les situations d’autonomie dégradée. Une fois cela posé, il faut dès lors pour agir de la sorte envisager les fondements permettant d’agir contre l’avis exprimé par le patient :

- La notion de bénéfice attendu (ou d’amélioration espérée) qui découle d’une évaluation bénéfice/risque ;

- La mise en œuvre d’approche excluant les violences physiques et traumatisantes pour le patient et l’équipe ;

- Maintenir une relation consacrant la dignité du patient.

Vu la lourdeur de ce type de décision, pour un médecin, un soignant et l’ensemble d’une équipe, il est d’usage de plaider pour une mise en œuvre d’une décision médicale en trois temps reposant sur le principe de collégialité :

a) Le temps qui précède, et permet d'instruire, comme en justice, de manière collégiale dans le cadre d’une éthique de la discussion ; ce temps peut être long, et réserve un espace d'argumentation entre un niveau de savoir normatif et le niveau décisionnel adapté au réel, c’est à dire à la situation singulière du patient. Dans ce cadre la décision individuelle par un seul professionnel semble à éviter ;

b) Le temps du passage à la décision dont la responsabilité doit être portée par un individu clairement désigné, poussé par une « intime conviction collective ». La validation des principes de bienfaisance, non malfaisance et de justice doivent guider cette conviction ; 

c) Le temps de l’après où la poursuite de la discussion est impérative lorsque vient le temps de « l'après décision », pour assumer et suivre l'évolution, continuer ou se remettre en question.

Ces temps doivent être respectés et valorisés dans l’organisation des équipes de soins.

Mais il existe des situations où le refus de soins peut être combattu ou refusé.

Tout d’abord, il convient ici d’évoquer la situation particulière de l’urgence vitale immédiate où le patient aurait formulé par orale ou à fortiori par écrit un refus de soins, alors qu’il n’était pas en situation de fin de vie. L’exemple classique est celui de la personne suicidante. Un consensus se dégage aujourd’hui pour dire que, dans ce cas, dans la mesure où l’action médicale peut être réalisée, elle doit se mettre en œuvre, puisqu’il existe une urgence vitale accompagnée d’un trouble du discernement.

Ainsi, hors situation de fin de vie où le patient aurait fait savoir son choix oralement ou via des directives anticipées (testament de vie) ou via la personne de confiance, l’idée qui prévaut en situation d’urgence est qu’il convient de sauver la personne. 

Ceci peut s’illustrer aisément par exemple par le cas d’un jeune adolescent diabétique, qui, refusant de poursuivre une insulinothérapie pour motif de conflit familial, se retrouve en coma acido-cétosique avec un pronostic vital rapidement engagé. Dans une conception extrême du respect de l’autonomie, on pourrait faire le choix, dans tous les cas, de s’en remettre au choix  des patients ; mais accepter trop facilement et sans débat ni questionnement un refus de soins reviendrait à nier les situations où la verbalisation d’un patient ne traduit pas forcément la complexité de sa pensée, voire signifie un appel au secours, une demande d’une autre écoute, d’une autre façon de soigner,  autant de situations où le travail soignant doit être de raccrocher le patient à une démarche de soins plus adaptée à sa situation et qui, in fine, sera positive pour lui.

Par ailleurs, il existe aussi un dernier cas de refus de soins : celui qui expose l’autre ou qui pose question en terme de santé publique.

De nombreuses situations rentrent dans ce cadre : l’opposition aux vaccinations ; la non acceptation d’un traitement prophylactique de méningite ou d’un traitement anti tuberculeux qui peut majorer le risque pour la collectivité, une famille ou un conjoint ; le refus d’une césarienne médicalement justifiée, refus qui met en péril la vie de la mère voire de l’enfant ; le refus d’une transfusion indispensable qui met en jeu un risque de séquelles, de handicap ou de décès… Dans ces cas, il existe un réel conflit de valeurs où les soignants revendiquent leurs décisions partant du principe qu’on ne peut exercer une pratique médicale dégradée d’autant plus quand d’autres intérêts sont en jeu au-delà du patient (un enfant à venir, une famille ou la collectivité).

Il existe aussi pour la médecine une nécessité de prévenir, de soigner, de porter assistance dans une logique fondée sur le bien public, et non sur le respect formel de convictions individuelles par lequel le patient marque ses différences avec la collectivité, éventuellement au détriment de soi-même et des autres. Une conception autonomiste, individualiste légitimerait le refus de vaccinations (pourtant bénéfique à la collectivité et qui perd son sens si tous n’y souscrivent pas), le refus de césarienne par choix maternel (au détriment de l’enfant), le refus de sauver le père ou la mère d’un enfant au nom d’une croyance ou religion (mettant en jeu certes l’équilibre familial mais aussi la solidarité collective envers ceux qui restent à charge), le refus de soins lors d’épidémies graves (mettant en jeu la vie d’autres personnes) etc.

Ainsi, dans une acception universelle de la médecine, il est difficile de considérer que le patient puisse avoir des droits, mais pas de devoirs. Une conception autonomiste, poussée à l’extrême, respecterait ces mises en danger, les considérant comme un droit et plaçant le malade en situation d’usager, voire de client, imposant ses choix au professionnel de santé considéré alors comme prestataire de service. Notre analyse est à mettre en regard des écrits de Hans Georg Gadamer dans Philosophie de la santé où il rappelle que l’éthique de la responsabilité peut venir contrecarrer les convictions individuelles, et qu’il en va du bien commun. En regard de son analyse, un système de santé doit pouvoir définir des règles et devoirs applicables à tous ; en regard tous reçoivent des droits : protection sociale, égalité d’accès aux soins. Que dirait-on d’un système qui permettrait à un usager du transport aérien de s’opposer, pour des motifs individuels, aux règles d’atterrissage et aux instruments appliquées par un pilote de ligne ? Si la santé devenait une simple donnée consumériste régie par de tels choix individuels, loin des notions complexes que nous venons d’exposer et des représentations du lien social, la visée éthique de la médecine devrait alors être redéfinie. Il faudrait alors se demander si elle ne serait pas dès lors contraire à la visée éthique définie par Paul Ricoeur comme « la visée de la vie bonne, avec et pour autrui, dans des institutions justes ».",1.0,9.796515151515155,False,True,0.6194285154342651,0.8861377835273743,False,2,False
41,OIC-009-06-A,L'ONDAM est un objectif national qui concerne principalement les dépenses de soins de ville et d'hospitalisation. Vrai ou Faux?,Vrai,Faux,Vrai mais avec des exceptions,Faux mais avec des exceptions,a,"{{objectif de connaissance
|Identifiant=OIC-009-06-A
|Item_parent=Introduction à l’éthique médicale
|Item_parent_short=Introduction à l’éthique médicale
|Rang=A
|Intitulé=Droit et devoir d’information
|Description=Connaître l'obligation d'information et le droit de la personne malade à être informée de son état de santé et de tous les actes médicaux (le secret médical n'est pas opposable au patient lui-même).
|Rubrique=Prise en charge
|Contributeurs=Guillaume Grandazzi, Mylène Gouriot, Grégoire Moutel
|Ordre=6}}


== '''Informer est un art majeur''' ==
En pratique, cette démarche doit être effectuée d’une part en permettant au patient de la comprendre et d’autre part en veillant à ne pas générer d’angoisse chez lui. On connaît en pratique clinique parfois la difficulté à informer, en particulier face à des patients très angoissés, où la vérité est difficile à dire et que certains ne sont pas en mesure de supporter. Certains anciens médecins faisaient alors référence à Saint-Thomas, en le citant, pour justifier de ne pas informer un patient : ''« L’homme préfère un mensonge à la vérité qui éclaire »''. Mais sauf cas exceptionnel, ce type d’approche est révolu. On estime que tout patient a le droit de savoir, pour participer à l’organisation de son parcours de soins, mais aussi pour organiser sa vie en conséquence, tant sur des aspects quotidiens que sur des choix fondamentaux. Informer est une démarche complexe mais, comme toute compétence médicale, elle s’apprend ; cet apprentissage intègre d’une part la façon de délivrer l’information et d’autre part l’accompagnement du patient au décours, avec humanisme et psychologie.

Le droit donne à cette évolution une dimension complémentaire car il inscrit l’information et le consentement dans un cadre contractuel visant à juger, en particulier en cas de conflits, de la qualité de la pratique médicale. Les questions de la qualité et de l’exhaustivité de l’information font partie de ce cadre.

Un cas rare doit cependant être mentionné : celui de la volonté de ne pas savoir. Ceci peut constituer une exception au devoir d’information du patient s’il a clairement exprimé (données et arguments qui doivent être notés dans le dossier médical) d’être tenu dans l’ignorance d’un diagnostic ou d’un pronostic graves, voire de toute information concernant sa santé et sa prise en charge. Toutefois, les règles juridiques et déontologiques précisent que cette exception ne peut s’appliquer lorsque des tiers sont exposés à un risque de contamination. Cette précision, inspirée du cas du sida, vaut pour toutes affections contagieuses graves et s’impose en raison de la responsabilité du patient vis-à-vis d’autrui et dans un intérêt de santé publique.

== '''Jusqu’où informer : la question des risques graves ou exceptionnels''' ==
Deux types de situations peuvent se présenter, dans la pratique médicale, selon qu’il y a, ou non, un choix entre différentes hypothèses diagnostiques et/ou thérapeutiques.

Dans le cas (le plus fréquent) de proposition, à l’exclusion de tout autre option, d’un traitement reconnu et validé par la médecine, l’information n’a pas, pour finalité première, de faire un choix thérapeutique (sauf à opter pour un refus de soins). Il s’agit d’exposer, de manière “intelligible” le bien-fondé de la proposition avancée, afin de recueillir l’assentiment du patient et, éventuellement, ses réserves, lui permettre de solliciter les aides dont il pourrait avoir besoin ainsi que d’organiser sa vie en conséquence. Il s’agit là d’une information d’ordre médical et social, préalable à l’adhésion (ou au refus) aux soins proposés, avec un objectif d’éducation à la santé propre à améliorer l’observance des prescriptions et optimiser l’efficacité du traitement.

Dans les cas d’alternatives diagnostiques ou thérapeutiques, l’information s’inscrit, en revanche, dans une démarche de choix où, en théorie, après avoir été informé, le patient peut opter pour une proposition, plutôt qu’une autre.

Jusqu’où aller dans la délivrance de l’information ? Doit-on parler de tous les risques, y compris ceux de décès liés à un traitement ou de ceux dont la survenue est exceptionnelle ?

Les réponses se trouvent dans l’évolution des règles de droit qui régissent la délivrance de l’information à un patient. Plusieurs critères sont ainsi établis pour définir le cadre contractuel qui unit un médecin et son patient :

* la capacité des personnes à contracter entre elles (médecin diplômé, inscrit au Conseil de l’ordre d’une part ; patient, majeur, juridiquement capable d’autre part) ;
* des critères de qualité concernant l’engagement du professionnel (obligation de moyens, respect du secret professionnel, etc.) mais aussi du patient (suivi des prescriptions et des règles de surveillance) ;
* une cause licite à l’action médicale : un but médical clair et légitime justifiant l’action médicale portant atteinte à l’intégrité du patient ;
* le recueil du consentement après une information de qualité, sans pression sur le patient, c’est-à-dire un consentement éclairé et libre.

L’information et le consentement s’immiscent donc, dans cette approche juridique, comme l’un des critères de validité du contrat.

Concernant les caractéristiques de cette information, la chambre civile de la cour de cassation soulignait le 21 décembre 1961, qu’elle devrait être « simple, approximative, intelligible et loyale ». Depuis 1995, le code de déontologie médicale dans son article 35 stipule :

''« Le médecin doit à la personne qu’il examine, qu’il soigne ou qu’il conseille une information loyale, claire et appropriée'' sur son ''état, les investigations et les soins qu’il lui propose''. ''Tout au long de la maladie, il tient compte de la personnalité du patient dans ses explications et veille à leur compréhension''. »

On constate que les termes « simple » et « approximative » ont disparu, traduisant en cela une volonté d’être plus rigoureux dans la démarche et en refusant une trop grande simplicité ou approximation. Concernant les risques (sachant que tous les actes médicaux, toutes les prescriptions, même les plus habituels, en comportent), l’information doit les intégrer dans la mesure où ils sont normalement prévisibles.

À propos des notions de rareté et de sévérité du risque, en 2000 le Conseil d’État (juridiction administrative qui régit des conflits impliquant des hôpitaux publics) a précisé que le seul fait que les risques ne se réalisent qu’exceptionnellement ne dispense pas le praticien de son obligation et que lorsqu’un acte médical comporte un risque de mort ou d’invalidité le patient doit en être informé, même si sa réalisation est exceptionnelle.

Ces évolutions ont abouti à la loi du 4 mars 2002, qui précise que tous les risques fréquents ou graves, normalement prévisibles, doivent être portés à la connaissance du patient avant réalisation d’un acte, mais également ''a posteriori'' (entendre à court, moyen et long terme), si des conséquences et risques nouveaux sont mis en évidence.

''« Toute personne a le droit d’être informée sur son état de santé. Cette information porte sur les différentes investigations, traitements ou actions de prévention qui sont proposés, leur utilité, leur urgence éventuelle, leurs conséquences, les risques fréquents ou graves normalement prévisibles qu’ils comportent ainsi que sur les autres solutions possibles et sur les conséquences prévisibles en cas de refus. Lorsque, postérieurement à l’exécution des investigations, traitements ou actions de prévention, des risques nouveaux sont identifiés, la personne concernée doit en être informée, sauf en cas d’impossibilité de la retrouver. » Loi du 4 mars 2002'' 

== Règles et critères pour évaluer la qualité de l’information délivrée ==
Le devoir d’information incombe à tout professionnel de santé dans le cadre de ses compétences et dans le respect des règles professionnelles qui lui sont applicables. Seules l’urgence ou l’impossibilité d’informer peuvent l’en dispenser. Cette information est délivrée au cours d’un entretien individuel, dans le cadre d’un dialogue. Rappelons que la finalité de l’information est double :

* respecter l’autonomie de choix du patient en lui donnant tous les éléments qui permettent de prendre une décision éclairée,	c’est-à-dire de consentir aux soins proposés ;

* apporter tous les éléments lui permettant de participer à son parcours de soins et de bénéficier de tous les conseils et aides	nécessaires à l’organisation de sa vie.

La délivrance de cette information se fait en premier lieu et avant tout envers le patient. Si celui-ci le souhaite (c’est-à-dire avec son accord, afin de ne pas violer le secret médical à son insu), elle peut être réalisée en présence d’un proche ou d’une personne de confiance. Cependant, afin que le patient demeure libre de parler de points qu’il ne souhaiterait pas évoquer en présence du tiers, il est important de lui proposer que l’entretien soit tout d’abord singulier, et que le tiers ne soit invité que secondairement. Concernant les patients mineurs et incapables majeurs, la délivrance de l’information est réalisée auprès des parents ou des représentants légaux mais sans exclure le patient de l’accès à une information. Le patient doit, dès que son âge et sa situation le permettent, recevoir lui-même une information adaptée à son degré de maturité. Pour les mineurs, dans la mesure du possible, l’information est donnée aux deux titulaires de l’autorité parentale. Si un seul est présent, le professionnel de santé expose à celui-ci la nécessité d’informer l’autre titulaire de cette autorité, que le couple soit séparé ou non. Dans les situations à pronostic ou risque grave, il est préférable d’avoir un entretien avec les deux parents.

Au quotidien, la délivrance de l’information doit répondre à certaines règles de bonne pratique : reposer sur des données complètes, validées et actualisées par rapport aux avancées de la médecine et de la science (en pratique cela signifie que les données doivent être à jour) ; être compréhensible par tous (éviter les formulations médicotechniques qui relèvent de termes et de compétences professionnels) ; enfin, en termes de contenu, répondre à cinq points essentiels, qui doivent être abordés et discutés avec tout patient et son représentant : les buts de la démarche médicale, ses avantages et ses inconvénients, ses risques, ainsi que les risques de sa non-mise en œuvre, les contraintes générées et l’impact sur la vie quotidienne, les aides et soutiens possibles : droits sociaux, aides (professionnelles et/ou associatives) pour faciliter le cheminement de la personne dans le parcours de soins et sa vie quotidienne.

== Place de l’écrit et question de la traçabilité de l’information et du consentement ==
En pratique, concernant la forme, l’information doit demeurer avant tout orale'''.''' Elle peut être aidée par la remise de documents pédagogiques d’information appropriés au patient. En dehors de cas précis prévus par la loi (don d’organe chez un vivant, recherche biomédicale, étude génétique, assistance médicale à la procréation, refus de soins, etc.), le document d’information n’est pas un document visant un recueil de consentement écrit signé. Il est exclusivement destiné à donner au patient des renseignements lui permettant d’y revenir une fois de retour dans sa chambre ou chez lui et de susciter si besoin des questions.

Le document d’information doit répondre aux mêmes critères de qualité que ceux mentionnés ci-dessus. Par ailleurs est recommandé que l’élaboration des documents d’information se fasse de manière collégiale, au sein des sociétés savantes de médecine ou des groupements et institutions de santé, testés sur des patients et validés avec des représentants d’usagers. Une telle information consensuelle a en effet l’avantage de produire un référentiel, issu d’experts.

Ces documents doivent inviter les patients à poser aux médecins toutes les questions qu’ils souhaitent. Ils peuvent être agrémentés de supports visuels ou renvoyer à des sites internet avec animation de schémas ou de vidéos. Il est souhaitable qu’ils soient traduits ou expliqués dans la langue du patient.

Une autre question, médico-légale, concerne la traçabilité de l’information délivrée, c’est-à-dire les éléments qui permettent, en cas de contentieux, de prouver sa bonne délivrance au patient. Le 25 février 1997, un arrêt de la cour de cassation, dit « Arrêt Hédreul » – du nom du patient concerné – a cassé et annulé le jugement d’une cour d’appel concernant une coloscopie avec ablation de polype, à la suite de laquelle le patient avait présenté une perforation intestinale, dont il disait ne pas avoir été informé du risque. Dans un premier temps, la cour d’appel avait débouté le patient, en estimant que celui-ci devait apporter la preuve que le médecin ne l’avait pas averti. La cour de cassation, dans son arrêt, réaffirme que le médecin est tenu à une obligation particulière d’information vis-à-vis de son patient ; elle affirme également qu’il incombe désormais au médecin de prouver qu’il a exécuté cette obligation (créant ce que l’on a appelé l’inversion de la charge de la preuve, qui n’incombe plus au patient). Néanmoins, il faut noter que la cour intègre la réalité de ce qu’est le déroulement d’une consultation, en précisant que les modalités de la preuve restent libres et que, selon son arrêt du 14 octobre 1997, la preuve de l’information peut être faite par tous les moyens, hormis les cas où une disposition légale spéciale impose un mode de preuve particulier (comme le recueil d’un consentement écrit, par exemple, dans la recherche médicale, ou pour les prélèvements d’organes chez donneurs vivants).

Depuis cette décision on a vu se développer des brochures ou des fiches d’informations sur les examens et les thérapeutiques. Cependant, il faut rappeler que ces documents, bien que recommandés, et même si certains les font signer par les patients, n’affranchissent pas les médecins et les structures de soins d’autres approches. En effet, la qualité de l’information délivrée porte sur d’autres aspects, qui seront également pris en compte en cas de litige. Seront ainsi considérés : les temps de consultations, les réunions d’information réalisées par les structures de soins, les brochures remises aux patients, les courriers échangés entre les médecins (en particulier avec le médecin traitant) avec copies remises aux patients, les éléments du dossier médical transmis aux patients.

Il est important que tous ces temps d’information soient notés dans le dossier médical (par qui, en présence de qui, à quelle date), ainsi que les difficultés éventuellement rencontrées lors de leur délivrance. Il est important également de mentionner les situations où les démarches d’information auront été impossibles ou complexes, en argumentant en fonction de la situation clinique et sociale du patient.

Il convient donc de ne pas oublier qu’un document écrit n’affranchit pas le médecin de tous les autres modes d’information qu’il jugera nécessaire et en particulier que le temps oral relationnel passé avec ce dernier est majeur.",1.0,11.093947368421052,False,True,0.6805335283279419,0.5380172530810038,False,3,False
42,OIC-009-06-A,Quel pourcentage de la population française est couvert par le régime général de la Sécurité sociale ?,5 %,88 %,12 %,27 %,b,"{{objectif de connaissance
|Identifiant=OIC-009-06-A
|Item_parent=Introduction à l’éthique médicale
|Item_parent_short=Introduction à l’éthique médicale
|Rang=A
|Intitulé=Droit et devoir d’information
|Description=Connaître l'obligation d'information et le droit de la personne malade à être informée de son état de santé et de tous les actes médicaux (le secret médical n'est pas opposable au patient lui-même).
|Rubrique=Prise en charge
|Contributeurs=Guillaume Grandazzi, Mylène Gouriot, Grégoire Moutel
|Ordre=6}}


== '''Informer est un art majeur''' ==
En pratique, cette démarche doit être effectuée d’une part en permettant au patient de la comprendre et d’autre part en veillant à ne pas générer d’angoisse chez lui. On connaît en pratique clinique parfois la difficulté à informer, en particulier face à des patients très angoissés, où la vérité est difficile à dire et que certains ne sont pas en mesure de supporter. Certains anciens médecins faisaient alors référence à Saint-Thomas, en le citant, pour justifier de ne pas informer un patient : ''« L’homme préfère un mensonge à la vérité qui éclaire »''. Mais sauf cas exceptionnel, ce type d’approche est révolu. On estime que tout patient a le droit de savoir, pour participer à l’organisation de son parcours de soins, mais aussi pour organiser sa vie en conséquence, tant sur des aspects quotidiens que sur des choix fondamentaux. Informer est une démarche complexe mais, comme toute compétence médicale, elle s’apprend ; cet apprentissage intègre d’une part la façon de délivrer l’information et d’autre part l’accompagnement du patient au décours, avec humanisme et psychologie.

Le droit donne à cette évolution une dimension complémentaire car il inscrit l’information et le consentement dans un cadre contractuel visant à juger, en particulier en cas de conflits, de la qualité de la pratique médicale. Les questions de la qualité et de l’exhaustivité de l’information font partie de ce cadre.

Un cas rare doit cependant être mentionné : celui de la volonté de ne pas savoir. Ceci peut constituer une exception au devoir d’information du patient s’il a clairement exprimé (données et arguments qui doivent être notés dans le dossier médical) d’être tenu dans l’ignorance d’un diagnostic ou d’un pronostic graves, voire de toute information concernant sa santé et sa prise en charge. Toutefois, les règles juridiques et déontologiques précisent que cette exception ne peut s’appliquer lorsque des tiers sont exposés à un risque de contamination. Cette précision, inspirée du cas du sida, vaut pour toutes affections contagieuses graves et s’impose en raison de la responsabilité du patient vis-à-vis d’autrui et dans un intérêt de santé publique.

== '''Jusqu’où informer : la question des risques graves ou exceptionnels''' ==
Deux types de situations peuvent se présenter, dans la pratique médicale, selon qu’il y a, ou non, un choix entre différentes hypothèses diagnostiques et/ou thérapeutiques.

Dans le cas (le plus fréquent) de proposition, à l’exclusion de tout autre option, d’un traitement reconnu et validé par la médecine, l’information n’a pas, pour finalité première, de faire un choix thérapeutique (sauf à opter pour un refus de soins). Il s’agit d’exposer, de manière “intelligible” le bien-fondé de la proposition avancée, afin de recueillir l’assentiment du patient et, éventuellement, ses réserves, lui permettre de solliciter les aides dont il pourrait avoir besoin ainsi que d’organiser sa vie en conséquence. Il s’agit là d’une information d’ordre médical et social, préalable à l’adhésion (ou au refus) aux soins proposés, avec un objectif d’éducation à la santé propre à améliorer l’observance des prescriptions et optimiser l’efficacité du traitement.

Dans les cas d’alternatives diagnostiques ou thérapeutiques, l’information s’inscrit, en revanche, dans une démarche de choix où, en théorie, après avoir été informé, le patient peut opter pour une proposition, plutôt qu’une autre.

Jusqu’où aller dans la délivrance de l’information ? Doit-on parler de tous les risques, y compris ceux de décès liés à un traitement ou de ceux dont la survenue est exceptionnelle ?

Les réponses se trouvent dans l’évolution des règles de droit qui régissent la délivrance de l’information à un patient. Plusieurs critères sont ainsi établis pour définir le cadre contractuel qui unit un médecin et son patient :

* la capacité des personnes à contracter entre elles (médecin diplômé, inscrit au Conseil de l’ordre d’une part ; patient, majeur, juridiquement capable d’autre part) ;
* des critères de qualité concernant l’engagement du professionnel (obligation de moyens, respect du secret professionnel, etc.) mais aussi du patient (suivi des prescriptions et des règles de surveillance) ;
* une cause licite à l’action médicale : un but médical clair et légitime justifiant l’action médicale portant atteinte à l’intégrité du patient ;
* le recueil du consentement après une information de qualité, sans pression sur le patient, c’est-à-dire un consentement éclairé et libre.

L’information et le consentement s’immiscent donc, dans cette approche juridique, comme l’un des critères de validité du contrat.

Concernant les caractéristiques de cette information, la chambre civile de la cour de cassation soulignait le 21 décembre 1961, qu’elle devrait être « simple, approximative, intelligible et loyale ». Depuis 1995, le code de déontologie médicale dans son article 35 stipule :

''« Le médecin doit à la personne qu’il examine, qu’il soigne ou qu’il conseille une information loyale, claire et appropriée'' sur son ''état, les investigations et les soins qu’il lui propose''. ''Tout au long de la maladie, il tient compte de la personnalité du patient dans ses explications et veille à leur compréhension''. »

On constate que les termes « simple » et « approximative » ont disparu, traduisant en cela une volonté d’être plus rigoureux dans la démarche et en refusant une trop grande simplicité ou approximation. Concernant les risques (sachant que tous les actes médicaux, toutes les prescriptions, même les plus habituels, en comportent), l’information doit les intégrer dans la mesure où ils sont normalement prévisibles.

À propos des notions de rareté et de sévérité du risque, en 2000 le Conseil d’État (juridiction administrative qui régit des conflits impliquant des hôpitaux publics) a précisé que le seul fait que les risques ne se réalisent qu’exceptionnellement ne dispense pas le praticien de son obligation et que lorsqu’un acte médical comporte un risque de mort ou d’invalidité le patient doit en être informé, même si sa réalisation est exceptionnelle.

Ces évolutions ont abouti à la loi du 4 mars 2002, qui précise que tous les risques fréquents ou graves, normalement prévisibles, doivent être portés à la connaissance du patient avant réalisation d’un acte, mais également ''a posteriori'' (entendre à court, moyen et long terme), si des conséquences et risques nouveaux sont mis en évidence.

''« Toute personne a le droit d’être informée sur son état de santé. Cette information porte sur les différentes investigations, traitements ou actions de prévention qui sont proposés, leur utilité, leur urgence éventuelle, leurs conséquences, les risques fréquents ou graves normalement prévisibles qu’ils comportent ainsi que sur les autres solutions possibles et sur les conséquences prévisibles en cas de refus. Lorsque, postérieurement à l’exécution des investigations, traitements ou actions de prévention, des risques nouveaux sont identifiés, la personne concernée doit en être informée, sauf en cas d’impossibilité de la retrouver. » Loi du 4 mars 2002'' 

== Règles et critères pour évaluer la qualité de l’information délivrée ==
Le devoir d’information incombe à tout professionnel de santé dans le cadre de ses compétences et dans le respect des règles professionnelles qui lui sont applicables. Seules l’urgence ou l’impossibilité d’informer peuvent l’en dispenser. Cette information est délivrée au cours d’un entretien individuel, dans le cadre d’un dialogue. Rappelons que la finalité de l’information est double :

* respecter l’autonomie de choix du patient en lui donnant tous les éléments qui permettent de prendre une décision éclairée,	c’est-à-dire de consentir aux soins proposés ;

* apporter tous les éléments lui permettant de participer à son parcours de soins et de bénéficier de tous les conseils et aides	nécessaires à l’organisation de sa vie.

La délivrance de cette information se fait en premier lieu et avant tout envers le patient. Si celui-ci le souhaite (c’est-à-dire avec son accord, afin de ne pas violer le secret médical à son insu), elle peut être réalisée en présence d’un proche ou d’une personne de confiance. Cependant, afin que le patient demeure libre de parler de points qu’il ne souhaiterait pas évoquer en présence du tiers, il est important de lui proposer que l’entretien soit tout d’abord singulier, et que le tiers ne soit invité que secondairement. Concernant les patients mineurs et incapables majeurs, la délivrance de l’information est réalisée auprès des parents ou des représentants légaux mais sans exclure le patient de l’accès à une information. Le patient doit, dès que son âge et sa situation le permettent, recevoir lui-même une information adaptée à son degré de maturité. Pour les mineurs, dans la mesure du possible, l’information est donnée aux deux titulaires de l’autorité parentale. Si un seul est présent, le professionnel de santé expose à celui-ci la nécessité d’informer l’autre titulaire de cette autorité, que le couple soit séparé ou non. Dans les situations à pronostic ou risque grave, il est préférable d’avoir un entretien avec les deux parents.

Au quotidien, la délivrance de l’information doit répondre à certaines règles de bonne pratique : reposer sur des données complètes, validées et actualisées par rapport aux avancées de la médecine et de la science (en pratique cela signifie que les données doivent être à jour) ; être compréhensible par tous (éviter les formulations médicotechniques qui relèvent de termes et de compétences professionnels) ; enfin, en termes de contenu, répondre à cinq points essentiels, qui doivent être abordés et discutés avec tout patient et son représentant : les buts de la démarche médicale, ses avantages et ses inconvénients, ses risques, ainsi que les risques de sa non-mise en œuvre, les contraintes générées et l’impact sur la vie quotidienne, les aides et soutiens possibles : droits sociaux, aides (professionnelles et/ou associatives) pour faciliter le cheminement de la personne dans le parcours de soins et sa vie quotidienne.

== Place de l’écrit et question de la traçabilité de l’information et du consentement ==
En pratique, concernant la forme, l’information doit demeurer avant tout orale'''.''' Elle peut être aidée par la remise de documents pédagogiques d’information appropriés au patient. En dehors de cas précis prévus par la loi (don d’organe chez un vivant, recherche biomédicale, étude génétique, assistance médicale à la procréation, refus de soins, etc.), le document d’information n’est pas un document visant un recueil de consentement écrit signé. Il est exclusivement destiné à donner au patient des renseignements lui permettant d’y revenir une fois de retour dans sa chambre ou chez lui et de susciter si besoin des questions.

Le document d’information doit répondre aux mêmes critères de qualité que ceux mentionnés ci-dessus. Par ailleurs est recommandé que l’élaboration des documents d’information se fasse de manière collégiale, au sein des sociétés savantes de médecine ou des groupements et institutions de santé, testés sur des patients et validés avec des représentants d’usagers. Une telle information consensuelle a en effet l’avantage de produire un référentiel, issu d’experts.

Ces documents doivent inviter les patients à poser aux médecins toutes les questions qu’ils souhaitent. Ils peuvent être agrémentés de supports visuels ou renvoyer à des sites internet avec animation de schémas ou de vidéos. Il est souhaitable qu’ils soient traduits ou expliqués dans la langue du patient.

Une autre question, médico-légale, concerne la traçabilité de l’information délivrée, c’est-à-dire les éléments qui permettent, en cas de contentieux, de prouver sa bonne délivrance au patient. Le 25 février 1997, un arrêt de la cour de cassation, dit « Arrêt Hédreul » – du nom du patient concerné – a cassé et annulé le jugement d’une cour d’appel concernant une coloscopie avec ablation de polype, à la suite de laquelle le patient avait présenté une perforation intestinale, dont il disait ne pas avoir été informé du risque. Dans un premier temps, la cour d’appel avait débouté le patient, en estimant que celui-ci devait apporter la preuve que le médecin ne l’avait pas averti. La cour de cassation, dans son arrêt, réaffirme que le médecin est tenu à une obligation particulière d’information vis-à-vis de son patient ; elle affirme également qu’il incombe désormais au médecin de prouver qu’il a exécuté cette obligation (créant ce que l’on a appelé l’inversion de la charge de la preuve, qui n’incombe plus au patient). Néanmoins, il faut noter que la cour intègre la réalité de ce qu’est le déroulement d’une consultation, en précisant que les modalités de la preuve restent libres et que, selon son arrêt du 14 octobre 1997, la preuve de l’information peut être faite par tous les moyens, hormis les cas où une disposition légale spéciale impose un mode de preuve particulier (comme le recueil d’un consentement écrit, par exemple, dans la recherche médicale, ou pour les prélèvements d’organes chez donneurs vivants).

Depuis cette décision on a vu se développer des brochures ou des fiches d’informations sur les examens et les thérapeutiques. Cependant, il faut rappeler que ces documents, bien que recommandés, et même si certains les font signer par les patients, n’affranchissent pas les médecins et les structures de soins d’autres approches. En effet, la qualité de l’information délivrée porte sur d’autres aspects, qui seront également pris en compte en cas de litige. Seront ainsi considérés : les temps de consultations, les réunions d’information réalisées par les structures de soins, les brochures remises aux patients, les courriers échangés entre les médecins (en particulier avec le médecin traitant) avec copies remises aux patients, les éléments du dossier médical transmis aux patients.

Il est important que tous ces temps d’information soient notés dans le dossier médical (par qui, en présence de qui, à quelle date), ainsi que les difficultés éventuellement rencontrées lors de leur délivrance. Il est important également de mentionner les situations où les démarches d’information auront été impossibles ou complexes, en argumentant en fonction de la situation clinique et sociale du patient.

Il convient donc de ne pas oublier qu’un document écrit n’affranchit pas le médecin de tous les autres modes d’information qu’il jugera nécessaire et en particulier que le temps oral relationnel passé avec ce dernier est majeur.",1.0,11.863529411764706,False,True,0.6349685192108154,0.7722535530726115,True,5,False
43,OIC-009-07-A,"La Caisse nationale d'assurance maladie (CNAM) gère principalement les risques suivants, sauf un :","maladie, maternité, invalidité et décès",accidents du travail et maladies professionnelles,consommation médicale,protection sociale,c,"{{objectif de connaissance
|Identifiant=OIC-009-07-A
|Item_parent=Introduction à l’éthique médicale
|Item_parent_short=Introduction à l’éthique médicale
|Rang=A
|Intitulé=Refus de soin
|Description=Connaître le droit à refuser les traitements et les soins, l’obligation pour le médecin d’informer le patient des conséquences de son refus
|Rubrique=Prise en charge
|Contributeurs=Céline Lefève
|Ordre=7}}'''''Le refus de soin par le professionnel de santé'''''

Le refus de soin par le professionnel de santé pose la question de la '''liberté de conscience''' du praticien, ainsi que la question de la '''continuité des soins''' et de l’'''égalité de l’accès aux soins'''. 

Un médecin peut refuser ses soins, c’est la '''clause de conscience''' du médecin. C’est, pour le médecin, le droit de refuser la réalisation d’un acte médical pourtant autorisé par la loi mais qu’il estimerait contraire à ses propres convictions personnelles, professionnelles ou éthiques. Cette possibilité n’est envisageable que sous certaines conditions strictement définies par la loi. 

Le médecin peut refuser des soins pour des raisons professionnelles ou personnelles, par exemple en cas de mésentente avec un patient, d’un comportement agressif, ou d’incompétence compte tenu de la spécificité d’une maladie… Mais, s’il se dégage de sa mission, il doit en avertir le patient sans délai et transmettre au praticien que le patient aura désigné les informations utiles à la poursuite des soins.

Une « clause de conscience » dite spécifique, introduite en 1975 par la loi Veil sur l’interruption volontaire de grossesse, est la réserve sous laquelle un médecin ou un auxiliaire médical peut refuser de pratiquer ou de concourir à une interruption volontaire ou médicale de grossesse, ou à une stérilisation.

Dans certains cas, le refus de soins est obligatoire : au nom du principe de proportionnalité, l’acte médical doit poursuivre une nécessité thérapeutique et les bénéfices doivent l’emporter sur les risques ; au nom des obligations légales et déontologiques, les soins envisagés ne doivent pas excéder les compétences du praticien.

Cependant, de manière générale, aucune personne ne peut faire l’objet de discrimination dans l’accès à la prévention ou aux soins (cf. Code de déontologie médicale, art. 7) 

Le Code pénal réprime toute discrimination des personnes, quelle qu’en soit la raison, y compris du fait de leur état de santé ou de leur handicap. Tout professionnel de santé qui refuserait de dispenser des soins à un patient en raison de son origine, de son sexe, de sa situation familiale, de son état de santé, de son handicap, de ses mœurs, de son orientation sexuelle, de son âge, de ses opinions politiques, de ses activités syndicales, de son appartenance ou non-appartenance à une ethnie, une nation, une race ou une religion déterminée, de sa situation de détention, sera susceptible de se voir infliger des sanctions disciplinaires, pénales ou civiles.

Aujourd’hui, les hypothèses de discrimination les plus nombreuses, directes ou indirectes, concernent les patients bénéficiaires de la couverture maladie universelle (CMU) ou de l’aide médicale de l’État (AME).[[Refus de soin OIC-009-07-A#sdfootnote1sym|<sup>1</sup>]]


'''''Le refus de soin par le patient'''''

Le refus de soin par le patient rend manifeste la tension entre deux principes éthiques fondateurs : le '''principe de bienfaisance''' qui impose de ne pas nuire au patient et de déboucher sur un bénéfice pour lui, et le '''principe d’autonomie''' qui impose de respecter sa volonté.

Les droits du patient, au premier rang desquels le droit au respect de sa volonté, rendent particulièrement aiguë la question du refus de soin de la part du malade.[[Refus de soin OIC-009-07-A#sdfootnote2sym|<sup>2</sup>]] Selon une conception paternaliste de la médecine, celui-ci, rendu vulnérable par sa souffrance, ne peut concevoir ni décider de son propre bien. Un refus de soins de sa part risque de n’exprimer que sa détresse, et non sa volonté rationnelle et autonome. Il devrait donc être protégé de lui-même. Selon une conception de la médecine fondée sur le principe de l’autonomie, en revanche, le refus de soin manifeste l’expression de la volonté d’une personne qui, malgré la maladie, demeure en droit de prendre les décisions qui la concernent.

La loi du 4 mars 2002 relative aux droits des malades et à la qualité du système de santé manifeste la recherche d’un compromis entre principe de bienfaisance et principe d’autonomie.

Elle place le consentement de la personne au fondement de tout acte de soin. La personne doit être informée de son état de santé, des soins proposés et des conséquences d’un éventuel refus de soins sur son état de santé[[Refus de soin OIC-009-07-A#sdfootnote3sym|<sup>3</sup>]]. Elle a le droit de faire respecter sa volonté en consentant aux investigations et aux soins ou en les refusant, y compris si ce refus implique un risque pour sa santé ou sa vie[[Refus de soin OIC-009-07-A#sdfootnote4sym|<sup>4</sup>]]. Le refus doit être réitéré et inscrit dans le dossier médical. Lorsque la personne est hors d’état d’exprimer sa volonté, aucune intervention ou investigation ne peut être réalisée, sauf urgence ou impossibilité, sans que la personne de confiance, ou sa famille ou, à défaut, un proche n’ait été consulté. Le consentement aux soins du mineur ou du majeur sous tutelle doit être recherché, même si l’accord de la personne titulaire de l’autorité parentale ou du tuteur est nécessaire. Cependant, si le refus de soins risque d’entraîner des conséquences graves pour la santé du mineur ou de la personne sous tutelle, le médecin délivre les soins indispensables.

La loi révèle une tension. Elle promeut un modèle de décision concertée, conjointe, prise d’un commun accord par le médecin et le malade : le médecin, compte tenu de ses compétences, se prononce sur l’affection et le projet thérapeutique et le malade, compte tenu des propositions médicales, exerce un choix. C’est « avec le professionnel de santé » qu’il prend ses décisions. Néanmoins, le médecin doit tout mettre en œuvre pour convaincre le patient d’accepter les soins indispensables au cas où sa vie soit en danger – ce qui remet en cause le respect de la volonté de la personne. S’il y a urgence vitale et qu’il ne parvient pas à convaincre le patient de la nécessité des soins, le médecin ne peut se voir reprocher de dispenser les soins contre sa volonté. La jurisprudence subordonne le principe du respect de la volonté du patient au principe du maintien de la vie dans des cas de refus de transfusion sanguine, en situation d’urgence, émanant de personnes témoins de Jéhovah.[[Refus de soin OIC-009-07-A#sdfootnote5sym|<sup>5</sup>]]

Ultimement, le refus de soin s’exprime lorsque des personnes qui sont en fin de vie ou non[[Refus de soin OIC-009-07-A#sdfootnote6sym|<sup>6</sup>]] et qui sont soumises à des souffrances physiques et/ou morales extrêmes, refusent les traitements et le maintien en vie et demandent à être aidées à mourir.

La loi Clayes-Léonetti de 2016 vient en partie répondre à cette problématique. Elle tente de placer le patient au cœur du processus décisionnel. Elle interdit l’obstination déraisonnable. Elle oblige le médecin à respecter la volonté de la personne de refuser ou ne pas recevoir un traitement, après l’avoir informée des conséquences de ses choix et de leur gravité. Elle affirme le droit du patient à bénéficier de la sédation profonde et continue jusqu’au décès lorsque le pronostic vital est engagé à court terme. Elle rend les directives anticipées contraignantes pour le médecin. À défaut de l’existence de directives anticipées, doit être prise en compte l’expression des volontés exprimées par le patient, portées par le témoignage de la personne de confiance ou, à défaut, des proches. 

L’arrêt des traitements ne signifie pas l’arrêt des soins et ne remet pas en cause la nature soignante de la médecine définie par le souci de la personne malade. Alors que le traitement lutte contre la maladie et ses effets, le soin - qui s’appuie sur le(s) traitement(s) - répond aux besoins fondamentaux, globaux et singuliers de la personne vulnérable, qui est non seulement vivante, mais aussi sentante, souffrante, pensante, insérée dans des relations sociales.

Au plan éthique, un refus de traitement ne saurait être considéré comme un refus de soin. Entendre et respecter le refus de traitement fait partie de l’activité de soin et oblige à prendre soin. Le soin demande de saisir la diversité des situations de refus de traitements (situations d’urgence demandant, par exemple, une transfusion sanguine ou une césarienne, thérapies lourdes comme la chimiothérapie, refus de traitement en psychiatrie, en fin de vie, refus de traitement de la femme enceinte, etc.) et la diversité des raisons qui y président : croyances religieuses, représentations et valeurs culturelles, conditions sociales, conceptions et projets de vie, etc. Respecter l’autonomie du patient ne signifie pas se soumettre de manière passive à une conscience qui peut en effet être altérée par la souffrance ou la dépression. C’est maintenir l’écoute, la compréhension et le lien qui peuvent permettre de faire advenir une volonté véritablement autonome et de trouver une solution individualisée. Orientée par la sollicitude, la relation de soin maintient le soigné dans l’échange, le partage et la communauté des humains.[[Refus de soin OIC-009-07-A#sdfootnote7sym|<sup>7</sup>]] 
----Références

[[Refus de soin OIC-009-07-A#sdfootnote1anc|1]]	Cf. le guide « Résoudre les refus de soins » :	<nowiki>https://solidarites-sante.gouv.fr/IMG/pdf/Resoudre_les_refus_de_soins.pdf</nowiki>

[[Refus de soin OIC-009-07-A#sdfootnote2anc|2]]	Comité consultatif national d’éthique, avis n° 87 (14 avril	2005) : « Refus de traitement et autonomie de la personne »

[[Refus de soin OIC-009-07-A#sdfootnote3anc|3]]	Loi n° 2002-303 du 4 mars 2002, art. L. 1111-2 du Code de la santé	publique.

[[Refus de soin OIC-009-07-A#sdfootnote4anc|4]]	Article L. 1111-4	du Code de la santé publique.

[[Refus de soin OIC-009-07-A#sdfootnote5anc|5]]	Voir arrêt du Conseil d’Etat du 16 août 2002 et arrêt de	la cour administrative d’appel de Nantes du 20 avril 2006.

[[Refus de soin OIC-009-07-A#sdfootnote6anc|6]]	La fin de vie est définie par la loi n° 2005-370 du 22 avril 2005	comme « la phase avancée ou terminale d’une affection grave	et incurable quelle qu’en soit la cause ».

[[Refus de soin OIC-009-07-A#sdfootnote7anc|7]]	Voir P. Ricoeur, « Accompagner la vie jusqu’à la mort »	rééd. dans ''Esprit'',	n° 323, mars-avril 2006, p. 316-321.",1.0,,False,False,0.6470947265625,0.6533341407775879,True,4,True
44,OIC-009-07-A,Qu'est-ce que le ticket modérateur?,C'est la part des frais engagés pour les soins qui reste à la charge de l'assuré social après remboursement par l'assurance maladie.,C'est la somme que l'assuré social doit payer directement aux structures de soins et aux professionnels de santé.,C'est la participation forfaitaire demandée pour chaque consultation.,C'est le dispositif de tiers payant qui dispense l'assuré de l'avance des frais pris en charge par l'assurance maladie.,a,"{{objectif de connaissance
|Identifiant=OIC-009-07-A
|Item_parent=Introduction à l’éthique médicale
|Item_parent_short=Introduction à l’éthique médicale
|Rang=A
|Intitulé=Refus de soin
|Description=Connaître le droit à refuser les traitements et les soins, l’obligation pour le médecin d’informer le patient des conséquences de son refus
|Rubrique=Prise en charge
|Contributeurs=Céline Lefève
|Ordre=7}}'''''Le refus de soin par le professionnel de santé'''''

Le refus de soin par le professionnel de santé pose la question de la '''liberté de conscience''' du praticien, ainsi que la question de la '''continuité des soins''' et de l’'''égalité de l’accès aux soins'''. 

Un médecin peut refuser ses soins, c’est la '''clause de conscience''' du médecin. C’est, pour le médecin, le droit de refuser la réalisation d’un acte médical pourtant autorisé par la loi mais qu’il estimerait contraire à ses propres convictions personnelles, professionnelles ou éthiques. Cette possibilité n’est envisageable que sous certaines conditions strictement définies par la loi. 

Le médecin peut refuser des soins pour des raisons professionnelles ou personnelles, par exemple en cas de mésentente avec un patient, d’un comportement agressif, ou d’incompétence compte tenu de la spécificité d’une maladie… Mais, s’il se dégage de sa mission, il doit en avertir le patient sans délai et transmettre au praticien que le patient aura désigné les informations utiles à la poursuite des soins.

Une « clause de conscience » dite spécifique, introduite en 1975 par la loi Veil sur l’interruption volontaire de grossesse, est la réserve sous laquelle un médecin ou un auxiliaire médical peut refuser de pratiquer ou de concourir à une interruption volontaire ou médicale de grossesse, ou à une stérilisation.

Dans certains cas, le refus de soins est obligatoire : au nom du principe de proportionnalité, l’acte médical doit poursuivre une nécessité thérapeutique et les bénéfices doivent l’emporter sur les risques ; au nom des obligations légales et déontologiques, les soins envisagés ne doivent pas excéder les compétences du praticien.

Cependant, de manière générale, aucune personne ne peut faire l’objet de discrimination dans l’accès à la prévention ou aux soins (cf. Code de déontologie médicale, art. 7) 

Le Code pénal réprime toute discrimination des personnes, quelle qu’en soit la raison, y compris du fait de leur état de santé ou de leur handicap. Tout professionnel de santé qui refuserait de dispenser des soins à un patient en raison de son origine, de son sexe, de sa situation familiale, de son état de santé, de son handicap, de ses mœurs, de son orientation sexuelle, de son âge, de ses opinions politiques, de ses activités syndicales, de son appartenance ou non-appartenance à une ethnie, une nation, une race ou une religion déterminée, de sa situation de détention, sera susceptible de se voir infliger des sanctions disciplinaires, pénales ou civiles.

Aujourd’hui, les hypothèses de discrimination les plus nombreuses, directes ou indirectes, concernent les patients bénéficiaires de la couverture maladie universelle (CMU) ou de l’aide médicale de l’État (AME).[[Refus de soin OIC-009-07-A#sdfootnote1sym|<sup>1</sup>]]


'''''Le refus de soin par le patient'''''

Le refus de soin par le patient rend manifeste la tension entre deux principes éthiques fondateurs : le '''principe de bienfaisance''' qui impose de ne pas nuire au patient et de déboucher sur un bénéfice pour lui, et le '''principe d’autonomie''' qui impose de respecter sa volonté.

Les droits du patient, au premier rang desquels le droit au respect de sa volonté, rendent particulièrement aiguë la question du refus de soin de la part du malade.[[Refus de soin OIC-009-07-A#sdfootnote2sym|<sup>2</sup>]] Selon une conception paternaliste de la médecine, celui-ci, rendu vulnérable par sa souffrance, ne peut concevoir ni décider de son propre bien. Un refus de soins de sa part risque de n’exprimer que sa détresse, et non sa volonté rationnelle et autonome. Il devrait donc être protégé de lui-même. Selon une conception de la médecine fondée sur le principe de l’autonomie, en revanche, le refus de soin manifeste l’expression de la volonté d’une personne qui, malgré la maladie, demeure en droit de prendre les décisions qui la concernent.

La loi du 4 mars 2002 relative aux droits des malades et à la qualité du système de santé manifeste la recherche d’un compromis entre principe de bienfaisance et principe d’autonomie.

Elle place le consentement de la personne au fondement de tout acte de soin. La personne doit être informée de son état de santé, des soins proposés et des conséquences d’un éventuel refus de soins sur son état de santé[[Refus de soin OIC-009-07-A#sdfootnote3sym|<sup>3</sup>]]. Elle a le droit de faire respecter sa volonté en consentant aux investigations et aux soins ou en les refusant, y compris si ce refus implique un risque pour sa santé ou sa vie[[Refus de soin OIC-009-07-A#sdfootnote4sym|<sup>4</sup>]]. Le refus doit être réitéré et inscrit dans le dossier médical. Lorsque la personne est hors d’état d’exprimer sa volonté, aucune intervention ou investigation ne peut être réalisée, sauf urgence ou impossibilité, sans que la personne de confiance, ou sa famille ou, à défaut, un proche n’ait été consulté. Le consentement aux soins du mineur ou du majeur sous tutelle doit être recherché, même si l’accord de la personne titulaire de l’autorité parentale ou du tuteur est nécessaire. Cependant, si le refus de soins risque d’entraîner des conséquences graves pour la santé du mineur ou de la personne sous tutelle, le médecin délivre les soins indispensables.

La loi révèle une tension. Elle promeut un modèle de décision concertée, conjointe, prise d’un commun accord par le médecin et le malade : le médecin, compte tenu de ses compétences, se prononce sur l’affection et le projet thérapeutique et le malade, compte tenu des propositions médicales, exerce un choix. C’est « avec le professionnel de santé » qu’il prend ses décisions. Néanmoins, le médecin doit tout mettre en œuvre pour convaincre le patient d’accepter les soins indispensables au cas où sa vie soit en danger – ce qui remet en cause le respect de la volonté de la personne. S’il y a urgence vitale et qu’il ne parvient pas à convaincre le patient de la nécessité des soins, le médecin ne peut se voir reprocher de dispenser les soins contre sa volonté. La jurisprudence subordonne le principe du respect de la volonté du patient au principe du maintien de la vie dans des cas de refus de transfusion sanguine, en situation d’urgence, émanant de personnes témoins de Jéhovah.[[Refus de soin OIC-009-07-A#sdfootnote5sym|<sup>5</sup>]]

Ultimement, le refus de soin s’exprime lorsque des personnes qui sont en fin de vie ou non[[Refus de soin OIC-009-07-A#sdfootnote6sym|<sup>6</sup>]] et qui sont soumises à des souffrances physiques et/ou morales extrêmes, refusent les traitements et le maintien en vie et demandent à être aidées à mourir.

La loi Clayes-Léonetti de 2016 vient en partie répondre à cette problématique. Elle tente de placer le patient au cœur du processus décisionnel. Elle interdit l’obstination déraisonnable. Elle oblige le médecin à respecter la volonté de la personne de refuser ou ne pas recevoir un traitement, après l’avoir informée des conséquences de ses choix et de leur gravité. Elle affirme le droit du patient à bénéficier de la sédation profonde et continue jusqu’au décès lorsque le pronostic vital est engagé à court terme. Elle rend les directives anticipées contraignantes pour le médecin. À défaut de l’existence de directives anticipées, doit être prise en compte l’expression des volontés exprimées par le patient, portées par le témoignage de la personne de confiance ou, à défaut, des proches. 

L’arrêt des traitements ne signifie pas l’arrêt des soins et ne remet pas en cause la nature soignante de la médecine définie par le souci de la personne malade. Alors que le traitement lutte contre la maladie et ses effets, le soin - qui s’appuie sur le(s) traitement(s) - répond aux besoins fondamentaux, globaux et singuliers de la personne vulnérable, qui est non seulement vivante, mais aussi sentante, souffrante, pensante, insérée dans des relations sociales.

Au plan éthique, un refus de traitement ne saurait être considéré comme un refus de soin. Entendre et respecter le refus de traitement fait partie de l’activité de soin et oblige à prendre soin. Le soin demande de saisir la diversité des situations de refus de traitements (situations d’urgence demandant, par exemple, une transfusion sanguine ou une césarienne, thérapies lourdes comme la chimiothérapie, refus de traitement en psychiatrie, en fin de vie, refus de traitement de la femme enceinte, etc.) et la diversité des raisons qui y président : croyances religieuses, représentations et valeurs culturelles, conditions sociales, conceptions et projets de vie, etc. Respecter l’autonomie du patient ne signifie pas se soumettre de manière passive à une conscience qui peut en effet être altérée par la souffrance ou la dépression. C’est maintenir l’écoute, la compréhension et le lien qui peuvent permettre de faire advenir une volonté véritablement autonome et de trouver une solution individualisée. Orientée par la sollicitude, la relation de soin maintient le soigné dans l’échange, le partage et la communauté des humains.[[Refus de soin OIC-009-07-A#sdfootnote7sym|<sup>7</sup>]] 
----Références

[[Refus de soin OIC-009-07-A#sdfootnote1anc|1]]	Cf. le guide « Résoudre les refus de soins » :	<nowiki>https://solidarites-sante.gouv.fr/IMG/pdf/Resoudre_les_refus_de_soins.pdf</nowiki>

[[Refus de soin OIC-009-07-A#sdfootnote2anc|2]]	Comité consultatif national d’éthique, avis n° 87 (14 avril	2005) : « Refus de traitement et autonomie de la personne »

[[Refus de soin OIC-009-07-A#sdfootnote3anc|3]]	Loi n° 2002-303 du 4 mars 2002, art. L. 1111-2 du Code de la santé	publique.

[[Refus de soin OIC-009-07-A#sdfootnote4anc|4]]	Article L. 1111-4	du Code de la santé publique.

[[Refus de soin OIC-009-07-A#sdfootnote5anc|5]]	Voir arrêt du Conseil d’Etat du 16 août 2002 et arrêt de	la cour administrative d’appel de Nantes du 20 avril 2006.

[[Refus de soin OIC-009-07-A#sdfootnote6anc|6]]	La fin de vie est définie par la loi n° 2005-370 du 22 avril 2005	comme « la phase avancée ou terminale d’une affection grave	et incurable quelle qu’en soit la cause ».

[[Refus de soin OIC-009-07-A#sdfootnote7anc|7]]	Voir P. Ricoeur, « Accompagner la vie jusqu’à la mort »	rééd. dans ''Esprit'',	n° 323, mars-avril 2006, p. 316-321.",0.0,9.96,False,True,0.5985926985740662,0.8402084509531657,False,2,False
45,OIC-009-08-A,Le médecin traitant peut être :,uniquement un médecin généraliste,uniquement un médecin spécialiste,un médecin hospitalier ou un médecin généraliste,uniquement un médecin hospitalier,c,"{{objectif de connaissance
|Identifiant=OIC-009-08-A
|Item_parent=Introduction à l’éthique médicale
|Item_parent_short=Introduction à l’éthique médicale
|Rang=A
|Intitulé=Personne de confiance
|Description=Connaître le rôle de la personne de confiance dans l'information et le recueil du consentement. Connaître les conditions de sa désignation et ses rôles
|Rubrique=Prise en charge
|Contributeurs=Guillaume Grandazzi, Mylène Gouriot, Grégoire Moutel
|Ordre=8}}Le droit de désigner une personne de confiance est inscrit dans l’article L.1111-6 du CSP (code de la santé publique). Depuis longtemps, les équipes soignantes sont soucieuses de voir comment un proche du patient, tiers relationnel et médiateur, peut aider à construire du lien dans les parcours de prise en charge et porter la parole du patient, en particulier là où ce dernier ne peut ou ne veut participer seul à la décision. Cette réflexion s’est traduite par l’introduction, dans la loi dite de « démocratie sanitaire » du 4 mars 2002, de la notion de « personne de confiance ».

La personne de confiance, dans son acception première, a pour rôle, après désignation par le patient (désignation qui permet alors un partage du secret), d’assister ce dernier dans ses démarches de soins, de l’accompagner physiquement et/ou psychologiquement et de faire le lien avec les équipes médicales. Elle est donc un accompagnant du soin au quotidien et des démarches de choix et de décision que fait le patient.

Ce rôle premier mérite d’être rappelé car, parfois, la personne de confiance n’est encore perçue que comme un interlocuteur des situations de crises majeures, comme par exemple, les arrêts ou limitations de soins en fin de vie ou la question du prélèvement d’organes post-mortem ; situations où la personne de confiance est amenée à témoigner des désirs du patient. La mission d’accompagnement dans le parcours de soins classique est importante.

Y compris hors du cadre hospitalier, tout personne prise en charge dans notre système de santé peut ressentir le besoin d’être accompagnée par un proche, indépendamment du statut de sa maladie (que ce soit dans le cadre de pathologies sévères mais aussi de pathologies « banales » et courantes). Par ailleurs, tout citoyen, même non malade, bénéficiant d’une prestation de santé (par exemple un dépistage, une action de prévention, une prise de sang, une radiologie, etc.), peut souhaiter aussi une présence à ses côtés. Enfin, tout un chacun peut se trouver accidentellement en situation de décision complexe de fin de vie. D’un point de vue plus collectif, on doit donc  proposer cette possibilité de désignation à tout citoyen, dès lors qu’il rencontre son médecin, dans la mesure où la loi prévoit que la personne de confiance soit consultée pour témoigner de la volonté du sujet, pour connaître les désirs d’une personne pour une décision d’arrêt ou limitation de soins de réanimation ou pour la question du prélèvement d’organes post-mortem, autant de situations qui peuvent survenir accidentellement indépendamment d’une maladie.

La désignation d’une personne de confiance doit donc sortir du cadre des pathologies sévères et des seules situations d’hospitalisation pour devenir une possibilité citoyenne, proposée à tous en population générale, indépendamment de l’état clinique. En pratique, patients et proches ne connaissent pas forcément cette procédure. Il est du devoir de tout soignant et de toute institution de soins de la proposer.

Il faut d’abord exposer que tout proche majeur peut être personne de confiance : frère, sœur, parent, grand-parent, oncle, tante, conjoint, concubin, ami, membre d’associations, etc. Il faut expliquer au patient les buts de cette désignation, tout en expliquant aussi qu’elle n’a rien d’obligatoire. C’est une possibilité que le patient doit pourvoir choisir (accepter ou refuser s’il n’en ressent ni le besoin ni le désir), a fortiori s’il souhaite que le secret soit gardé totalement ou s’il veut protéger tous ses proches et taire sa maladie.

Dans les années passées, on a pu constater que parfois des personnes de confiance désignées ne savaient pas qu’elles avaient été choisies par un patient, n’étant pas présentes et non associées à la démarche de désignation ; on pouvait émettre alors un doute sur leur légitimité à participer par la suite à une éthique de la discussion concernant le patient. C’est pour cette raison que désormais la désignation, faite par écrit par le patient, doit être cosignée par la personne désignée. Il faut donc organiser correctement cette procédure de désignation et de recueil de la personne de confiance, en veillant à ce que, au sein de l’équipe soignante une personne référence soit responsable pour informer le patient, puis la personne désignée.

Le rôle du soignant est de conseiller le patient en fonction du vécu de la maladie, de l’environnement familial ou affectif parfois complexe. Il faut expliquer que la désignation, comme la non-désignation, sont des choix tout à fait légitimes. C’est en ce sens que le code de la santé publique stipule qu’il y a une obligation à proposer une personne de confiance mais non une obligation de désignation. Le fait de laisser cette liberté au patient et de le guider au mieux de ses intérêts est ici une responsabilité d’ordre éthique. Lors de la délivrance d’explications, la question de la rupture du secret vis-à-vis du proche désigné devra être discutée (jusqu’où le patient souhaite-t-il aller vis-à-vis des confidences, à quel moment, etc.).

Concernant les personnes désignées, plusieurs points importants seront à évoquer, en particulier ceux de la disponibilité, de leur volonté de remplir cette mission, essentiels pour donner sens à la démarche. Une explication sur la durée de validité de la désignation d’une personne de confiance sera donnée : la loi ne prévoit pas de limite de validité de la désignation effectuée. Cependant, les aléas relationnels de la vie et l’évolution du vécu de la maladie par un patient impliquent que les choses peuvent évoluer et changer au fil du temps. L’esprit de la loi et la variabilité légitime des choix d’une personne amènent à dire qu’il convient d’informer le patient sur le changement possible de personne désignée. La désignation est en effet révocable à tout moment par le patient. Pour les professionnels de santé la recommandation est qu’il convient d’interroger le patient à chaque nouvelle hospitalisation ou à chaque nouveau cycle de prise en charge sur la pérennité de la personne désignée.

La désignation devra ''in fine'' se faire par écrit signé par le patient et par la personne désignée et être notée dans le dossier médical, avec les coordonnées précises et la nature des liens entre patient et personne désignée, incluant les mises à jour.",1.0,,False,False,0.7959358096122742,0.9022306402524313,True,4,False
46,OIC-009-09-B,Quelle est la nature des prestations en espèces de l'assurance maladie?,Elles sont un revenu de remplacement pour les personnes salariées en arrêt de travail.,Elles sont un revenu de remplacement pour les personnes en congé maternité.,Elles sont un revenu de remplacement pour les personnes en invalidité.,Elles sont un revenu de remplacement pour les personnes en retraite.,a,"{{objectif de connaissance
|Identifiant=OIC-009-09-B
|Item_parent=Introduction à l’éthique médicale
|Item_parent_short=Introduction à l’éthique médicale
|Rang=B
|Intitulé=Connaître la définition de la vulnérabilité
|Description=Savoir appréhender les aspects humains des situations de vulnérabilité. 
Connaître les grands repères de l’éthique du care
|Rubrique=Définition
|Contributeurs=Guillaume Grandazzi ; Anne-Laurence Penchaud
|Ordre=9}}'''La vulnérabilité[[Connaître la définition de la vulnérabilité OIC-009-09-B#sdfootnote1sym|<sup>1</sup>]] : une notion historiquement et culturellement située''' 

L’usage de la notion de vulnérabilité se développe dans la littérature psychologique et médicale (en psychiatrie et en gérontologie) au début des années 1970, et s’élargit amplement dans les années 1990 à l’ensemble du champ médical, sanitaire, social et scientifique. A cette même période, la notion intègre le Code pénal, en protégeant plus spécialement certaines victimes sur la base de critères physiques et psychologiques (comme l’âge, la maladie, l’infirmité), mais aussi économiques et sociaux (comme la dépendance du fait d’une grande précarité) propres à la victime. Aujourd’hui, d’autant plus employée, y compris dans le champ politique et médiatique, elle contribue de ce fait à façonner notre rapport aux autres et au monde. 

A l’instar des notions de risque et de précarité desquelles elle est très souvent rapprochée, le recours à la notion de vulnérabilité est devenu incontournable en sciences humaines et sociales pour comprendre les personnes dans leur expérience sociale et psychique, ainsi que le monde dans lequel elles vivent, considérés comme de plus en plus vulnérables. Dans nos sociétés contemporaines, de plus en plus technicisées et où la catastrophe fait déjà partie de notre réalité, notre vulnérabilité s’intensifie et s’inscrit dans cette ambivalence entre notre conscience accrue des risques et l’impossibilité de tous les maîtriser, alors que depuis le XIX<sup>e</sup> siècle nous pensions, notamment grâce au développement de la médecine et des systèmes de protection sociale, être en capacité de traiter le « problème » de notre vulnérabilité[[Connaître la définition de la vulnérabilité OIC-009-09-B#sdfootnote2sym|<sup>2</sup>]].


'''Deux acceptions de la vulnérabilité, à penser ensemble :''' 

En sciences humaines et sociales, on peut distinguer deux acceptions majeures de la vulnérabilité :

- La vulnérabilité comme constitutive de l’existence humaine, universellement partagée, parfois qualifiée de vulnérabilité fondamentale ou ontologique, et qui renvoie à notre fragilité anthropologique et biologique. Une existence humaine affectée par la maladie, la perte, la détresse. 

- La vulnérabilité comme dépendante de contextes historiques et sociaux particuliers, souvent qualifiée de vulnérabilité sociale. Elle est le sujet de très nombreux travaux en sociologie qui identifient de multiples vulnérabilités qui affectent des réalités ou des populations différentes dans des configurations socio-historiques données. Elle concerne des groupes ou des individus considérés comme vulnérables, du fait de faibles ressources économiques, d’un statut d’emploi très précaire, d’une absence de support ou réseau social, d’obstacles à l’insertion sociale (les personnes âgées isolées, en situation de chômage, avec un contrat d’emploi précaire, ayant un handicap physique ou mental, ne possédant pas de diplôme, n’accédant pas à certains droits…). Il faut toutefois faire attention à ne pas réduire ces groupes et personnes à leur vulnérabilité, au risque d’en faire une catégorie stigmatisante. D’autant plus que cette vulnérabilité, rejoignant la notion de précarité, peut être socialement connotée négativement et perçue comme relevant de la propre responsabilité des personnes, qui seraient également un poids pour les autres à travers les mesures d’assistance mises en place par la société et dont elles peuvent bénéficier. Le sociologue Serge Paugam, à travers la notion de disqualification sociale, s’intéresse au vécu et au regard porté sur les personnes précaires et pauvres, au statut social dévalorisé, et qui ressentent une humiliation qui les contraint souvent à s’isoler[[Connaître la définition de la vulnérabilité OIC-009-09-B#sdfootnote3sym|<sup>3</sup>]].

La vulnérabilité sociale est envisagée aussi de façon plus dynamique, comme l’effet d’un processus historique récent de fragilisation du salariat et de la mutation vers un capitalisme plus mondialisé. La société du XX<sup>e</sup> siècle caractérisée par une condition salariale solide (garantissant des droits sociaux, une protection durable face aux aléas de l’existence, une indépendance et une insertion sociales, une appartenance à des collectifs de travail) s’effrite au profit d’une décollectivisation et d’une ré-individualisation, ainsi que d’un discours néo-libéral qui fait appel aux impératifs de la responsabilité, de l’initiative et de l’autonomie. Les individus qui n’ont pas, ou qui n’ont seulement que de faibles ressources sociales et économiques, vivent le déclassement, la dépendance aux aides sociales, la mésestime de soi et la précarité permanente : des « individus par défaut » à qui il manque la possibilité réelle d’être des individus[[Connaître la définition de la vulnérabilité OIC-009-09-B#sdfootnote4sym|<sup>4</sup>]]. Robert Castel introduit le terme de désaffiliation, qui a une logique dynamique, pour comprendre la trajectoire, par étapes successives, des groupes et personnes vulnérabilisés (précarisation du travail ; chômage ; puis chômage de longue durée, avec un délitement progressif des relations sociales). Cette nouvelle société qui ébranle l’ensemble de la structure sociale est productrice d’une vulnérabilité éprouvée par de plus en plus de personnes (impossibilité de se projeter et de maitriser l’avenir qui requiert une stabilité du présent,  incertitude et crainte permanente de la perte, sentiment d’impuissance, absence de reconnaissance : autant d’éléments qui permettent de comprendre pourquoi ces personnes prêtent moins attention à leur santé, ont moins recours aux examens préventifs, ont plus de difficultés à consulter des professionnels de santé socialement insérés et reconnus).

Alors que la vulnérabilité fondamentale et la vulnérabilité sociale sont souvent dissociées, de nombreux auteurs, dont Robert Castel, nous invitent à les penser ensemble, en considérant la vulnérabilité comme à la fois une condition universelle et une potentialité susceptible d’affecter chacun, individuellement, de façon différente ou inégale du fait de ses dimensions relationnelle et contextuelle, dimensions sur lesquelles il est possible d’agir pour la réduire, faisant aussi de la réversibilité une de ses caractéristiques. Pour Castel, il faut chercher à « établir un système de strictes correspondances entre ce qu’un sujet social vit au plus profond de son expérience personnelle et les conditions qui lui sont imposées par son époque historique et par sa position sociale. Non pas pour réduire la subjectivité individuelle à des déterminations objectives, mais au contraire pour montrer que les pesanteurs de l’histoire et des contraintes sociales sont intériorisées par les sujets que nous sommes jusqu’à constituer la trame de nos affects les plus personnels »[[Connaître la définition de la vulnérabilité OIC-009-09-B#sdfootnote5sym|<sup>5</sup>]].

'''L’éthique du ''care''''' :

La vulnérabilité est au cœur des éthiques du ''care'' qui ont mis en lumière les enjeux épistémologiques, éthiques et politiques de la mobilisation et de l’usage de cette notion. La pensée du ''care'' émerge aux Etats-Unis à partir des années 1970 et des travaux fondateurs de Carol Gilligan et de Joan Tronto[[Connaître la définition de la vulnérabilité OIC-009-09-B#sdfootnote6sym|<sup>6</sup>]]. Elle s’implante en France dans les années 2000, où le choix est fait de conserver le terme anglo-saxon qui renvoie à un réseau de significations qu’on ne retrouve pas dans un seul terme en français. Pour Vanessa Nurock, la traduction de la notion de care par les notions de soin ou de sollicitude est insuffisante, et même erronée, parce qu’elle passe à côté de ce qui fait l’originalité du care, à savoir une combinaison inédite de choses qu’on retrouve ailleurs séparées  : « le ''care'' renvoie à la fois à un sentiment (la sollicitude), à la sensibilité, à une activité (prodiguer des attentions ou des soins), à un positionnement (tenir à cœur), à un rapport à l’autre (altruisme actif) et à soi (sans abnégation). C’est pourquoi les traductions principales utilisées pour caractériser le ''care'' comme « éthique de la sollicitude » ou « éthique du soin » ne sont pas suffisantes, notamment parce qu’elles situent le ''care'' soit du côté d’une attitude éthique (la sollicitude) soit du côté d’une activité concrète (le soin). Or le ''care'', c’est précisément à la fois une attitude et une activité ». Vanessa Nurock précise que « l’une des manières de rendre compte de la pensée du ''care'', c’est peut-être d’expliciter ce qu’elle n’est pas, ce à quoi elle réagit, d’envisager le ''care'' comme la négation de sa négation : le contraire d’un « ''I don’t care'' », c’est-à-dire « je m’en fiche », ou « je ne m’en occupe pas », ou cela ne me concerne pas ». L’éthique du ''care'' se définit comme une réaction à l’invisibilisation et à l’indifférence[[Connaître la définition de la vulnérabilité OIC-009-09-B#sdfootnote7sym|<sup>7</sup>]].

Aussi, le ''care'' n’est pas seulement une attitude éthique dans l’intimité de la relation entre deux personnes mais revêt également une dimension publique et politique : l’éthique du ''care'' est revendicatrice, parce qu’elle remet en cause une hiérarchie reposant sur la domination masculine qui a longtemps dévalorisé le ''care'', réduit aux soins et au souci des enfants et des parents âgés assurés exclusivement par les femmes et renvoyant à la charité et au sacrifice.  

Plusieurs notions sont fondamentales dans la pensée du ''care''. Les personnes doivent être comprises dans leur singularité (le professionnel de santé doit entendre et considérer des points de vue multiples, spécifiques à chaque personne, et parfois bien différent des siens) et dans leurs relations. L’éthique du ''care'' met l’accent sur ce qui relie les personnes entre elles, sur leurs dépendances et leurs interdépendances : « la conception éthique du ''care'' est une approche qui assume notre interconnexion avec les autres, relations de dépendance, sans pour autant promouvoir le sacrifice et l’abnégation »[[Connaître la définition de la vulnérabilité OIC-009-09-B#sdfootnote8sym|<sup>8</sup>]]. Ces relations de soin et de dépendance doivent être élargies aux institutions, en s’interrogeant sur la manière dont nous prenons soin des autres grâce aux institutions qui nous relient (la médecine s’exerçant au sein d’institutions) et dont nous prenons soin de ces institutions[[Connaître la définition de la vulnérabilité OIC-009-09-B#sdfootnote9sym|<sup>9</sup>]].   

Les éthiques du ''care'' nous rappellent que dépendance et vulnérabilité concernent tout un chacun et s’expérimentent en des circonstances variables et selon des degrés divers, la condition humaine reposant par nature sur des liens d’interdépendance. Elles critiquent la structuration de notre monde autour du mythe de l’autonomie, en tout cas d’une certaine conception de l’autonomie, celle du sujet rationnel maître de son destin et de sa vie, entrepreneur de son existence et libre, car capable de décider pour lui-même en faisant usage de sa raison et en exprimant sa volonté.

Pour autant, elles ne considèrent pas la vulnérabilité comme un défaut ou un manque d’autonomie, alors même qu’elle est communément associée, dans les représentations courantes, à la dépendance ou la perte d’autonomie, c’est-à-dire un état ou une situation contre lesquels il convient de se prémunir ou d’agir pour ne pas perdre ou reconquérir un statut de sujet autonome, et si le sujet n’est pas en capacité d’agir, car trop vulnérable, il convient de le faire à sa place. En effet, la vulnérabilité mal comprise peut servir de justification à la mise en place de politiques publiques paternalistes, de dispositifs de prise en charge et d’intervention auprès de publics ou de groupes désignés comme vulnérables, au risque de les stigmatiser. Invoquant la bienfaisance, on multiplie ainsi les catégories de personnes vulnérables (enfants, patients, personnes âgées, milieux défavorisés…) pour en faire autant de cibles d’action de politiques qui masquent bien souvent les rapports de domination et de relégation dont sont victimes ceux dans lesquels s’incarne cette vulnérabilité que nous cherchons à mettre à distance, à maîtriser et contrôler. C’est le même homme qui est à la fois autonome et vulnérable, selon Paul Ricœur[[Connaître la définition de la vulnérabilité OIC-009-09-B#sdfootnote10sym|<sup>10</sup>]]. Ainsi, la vulnérabilité n’est pas une condition négative en ce qu’elle empêche ou entrave l’autonomie, mais la condition normale du vivant, le fonds commun de notre humanité repensée à l’aune de la faiblesse et de la dépendance. C’est ainsi que se développe un nouveau paradigme qui conteste une anthropologie qui puise dans le registre du risque, du contrôle et de la puissance, et pour laquelle la vulnérabilité est un problème, un échec ou la marque d’une impuissance, pour s’appuyer sur une anthropologie qui conçoit l’humain comme étant à la fois capable et vulnérable, autonome et vulnérable. 

'''La vulnérabilité en médecine :'''

En médecine et dans le champ de l’éthique médicale, la notion de vulnérabilité renvoie aussitôt à la maladie. En effet, celle-ci altère l’état général de la personne qui doit faire face à l’intrusion des examens médicaux, surmonter le bouleversement lié à l’annonce du diagnostic, accepter les traitements et leurs conséquences, assumer l’injonction à l’autonomie, c’est-à-dire à être un « bon patient » informé, consentant et codécideur de sa prise en charge, tout en supportant la douleur physique et la souffrance morale liées à la maladie. 

Ainsi, la pratique médicale, au moins jusqu’à une période récente et encore en partie aujourd’hui, s’inscrit dans une tradition de prise en charge d’individus rendus vulnérables par la maladie, dans le cadre d’une relation médecin-malade conçue comme profondément dissymétrique, d’où le développement et les critiques adressées à une médecine dite « paternaliste » s’adressant aux malades comme à des enfants ou des personnes incapables d’exercer normalement leurs droits et ayant besoin d’être protégés et aidés par des professionnels disposant des compétences nécessaires et à même de prendre les bonnes décisions. 

Si le paternalisme médical est en bonne partie révolu, il n’en demeure pas moins que les médecins sont régulièrement confrontés à des situations où leurs patients ne semblent pas être en capacité d’exercer leurs droits et de faire valoir leur autonomie. De fait, certains états pathologiques semblent priver la personne de toute faculté de raisonner ou d’exprimer sa volonté : la douleur intense, le manque provoqué par certaines addictions, les patients extrêmement diminués et très faibles, les patients dans le coma neurovégétatif chronique, certaines démences ou états pauci-relationnels, certaines situations de fin de vie ou de maladies chroniques graves, etc. Dans ces situations, la décision sur ce qu’il convient de faire doit être déléguée à l’équipe médicale et/ou aux proches, dans l’intérêt du patient, et si la guérison est un objectif envisageable, jusqu’à ce que ce dernier puisse retrouver un rôle décisionnel. La délégation de la décision est donc provisoire, l’objectif étant de mettre fin à l’état qui a conduit à décider à la place du patient, quand c’est possible. Évidemment, certaines situations plus complexes ne permettent pas d’envisager la restauration du rôle décisionnel du malade mais obligent à penser son accompagnement dans le respect de ses souhaits – quand ils sont connus par le truchement des directives anticipées ou les témoignages des proches – sans qu’il soit toutefois possible de les actualiser.

Toutefois, la vulnérabilité n’est pas que la marque d’une incapacité à l’autonomie qui ne concernerait qu’autrui. C’est l’un des apports des éthiques du ''care'' que d’avoir procédé à une inversion de la signification du terme, en en faisant dans une vision plus positive une capacité ou une disposition relationnelle, en l’occurrence essentielle dans la relation de soin. En effet, ce qui est souvent négligé, voire qui constitue un « impensé » selon Agatha Zielinski, c’est la vulnérabilité du sujet soignant et le fait que la relation de soin est d’abord la rencontre de deux vulnérabilités, alors que les représentations communes et des expressions comme la « prise en charge » du patient laissent entendre qu’il n’y aurait dans cette relation qu’un seul être vulnérable – le patient, son existence étant réduite à sa condition de malade, exposé à la maladie, à la douleur et à la souffrance, voire à la mort, mais aussi à l’intrusion des soins et à l’action des soignants. Or, le soignant est également vulnérable en ce qu’il est exposé à la souffrance du patient, affecté par celle-ci, inscrivant la relation de soin dans une réciprocité et une intersubjectivité qui fondent sa dimension éthique et amènent le soignant, assigné à sa responsabilité, à agir pour soulager la souffrance : c’est là l’objet de la sollicitude. 

Mais la sollicitude du soignant ne consiste pas seulement à répondre aux besoins du malade souffrant et diminué dans ses capacités, elle consiste aussi à considérer le sujet malade comme un sujet capable, « toujours capable – et en ce sens, toujours digne d’estime »[[Connaître la définition de la vulnérabilité OIC-009-09-B#sdfootnote11sym|<sup>11</sup>]], et à solliciter ses ressources, ses désirs et sa volonté pour qu’il demeure un sujet agissant face à la maladie et pas uniquement la subissant.


[[Connaître la définition de la vulnérabilité OIC-009-09-B#sdfootnote1anc|1]]	Ce texte est une version remaniée de Grandazzi G., « Du	risque au fondement du soin : réflexions sur la	vulnérabilité », ''Regards	humanistes sur le droit, Mélanges en l’honneur de la Professeure	Annick Batteur'',	Paris, LGDJ, Lextenso éditions , 2021, pp. 143-153.

[[Connaître la définition de la vulnérabilité OIC-009-09-B#sdfootnote2anc|2]]	Brodiez-Dolino A, « Le concept de vulnérabilité », ''La	Vie des idées'', mis	en ligne le 11 février 2016. URL :	<nowiki>http://www.laviedesidees.fr/Le-concept-de-vulnerabilite.html</nowiki>.

[[Connaître la définition de la vulnérabilité OIC-009-09-B#sdfootnote3anc|3]]	Paugam S., ''La	disqualification. Essai sur la nouvelle pauvreté'',	PUF, 1991.

[[Connaître la définition de la vulnérabilité OIC-009-09-B#sdfootnote4anc|4]]	Castel R., ''La montée	des incertitudes : travail, protections, statut de l’individu'',	Seuil, 2009.

[[Connaître la définition de la vulnérabilité OIC-009-09-B#sdfootnote5anc|5]]	Castel R., « Témoignage : à Buchenwald », in Castel R., Martin	C. (éd.), ''Changements	et pensées du changement. Échanges avec Robert Castel'',	Paris, La Découverte, 2012, pp. 339-340.

[[Connaître la définition de la vulnérabilité OIC-009-09-B#sdfootnote6anc|6]]	Gilligan C., ''In a	Different Voice : Psychological Theory and Women’s	Development'', Harvard	University Press, 1982 ; Tronto J., ''Moral	boundaries. A political argument for an ethic of care'',	New York, Londres, Routledge, 1993.

[[Connaître la définition de la vulnérabilité OIC-009-09-B#sdfootnote7anc|7]]	Nurock V., « Care et éthique du vivant », Collège des	humanités médicales, ''Médecine,	santé et sciences humaines. Manuel'',	Les Belles Lettres, 2021.

[[Connaître la définition de la vulnérabilité OIC-009-09-B#sdfootnote8anc|8]]	''Ibid.''

[[Connaître la définition de la vulnérabilité OIC-009-09-B#sdfootnote9anc|9]]	On retrouve cette éthique du ''care''	impliquant les institutions dans la pensée plus récente de J.	Tronto.

[[Connaître la définition de la vulnérabilité OIC-009-09-B#sdfootnote10anc|10]]	Ricœur	P., « Autonomie et vulnérabilité », dans ''Le	juste 2'',	Paris, Esprit, 2001.

[[Connaître la définition de la vulnérabilité OIC-009-09-B#sdfootnote11anc|11]]	Zielinski	A., « La vulnérabilité dans la relation de soin, “fonds	commun d’humanité” », ''Cahiers	philosophiques'',	Vol. 2, n° 125, 2011, pp. 89-106.",1.0,12.3,False,True,0.6645395755767822,0.8741555015246073,False,2,True
47,OIC-009-09-B,Quelle est la définition de la recherche en santé?,Toutes les études visant le développement des connaissances biologiques ou médicales pour étendre la connaissance scientifique de l’humain et développer des actions susceptibles d’améliorer la santé.,Toutes les études visant à améliorer les soins de santé pour les patients.,Toutes les études visant à développer de nouveaux médicaments.,Toutes les études visant à améliorer la santé publique.,a,"{{objectif de connaissance
|Identifiant=OIC-009-09-B
|Item_parent=Introduction à l’éthique médicale
|Item_parent_short=Introduction à l’éthique médicale
|Rang=B
|Intitulé=Connaître la définition de la vulnérabilité
|Description=Savoir appréhender les aspects humains des situations de vulnérabilité. 
Connaître les grands repères de l’éthique du care
|Rubrique=Définition
|Contributeurs=Guillaume Grandazzi ; Anne-Laurence Penchaud
|Ordre=9}}'''La vulnérabilité[[Connaître la définition de la vulnérabilité OIC-009-09-B#sdfootnote1sym|<sup>1</sup>]] : une notion historiquement et culturellement située''' 

L’usage de la notion de vulnérabilité se développe dans la littérature psychologique et médicale (en psychiatrie et en gérontologie) au début des années 1970, et s’élargit amplement dans les années 1990 à l’ensemble du champ médical, sanitaire, social et scientifique. A cette même période, la notion intègre le Code pénal, en protégeant plus spécialement certaines victimes sur la base de critères physiques et psychologiques (comme l’âge, la maladie, l’infirmité), mais aussi économiques et sociaux (comme la dépendance du fait d’une grande précarité) propres à la victime. Aujourd’hui, d’autant plus employée, y compris dans le champ politique et médiatique, elle contribue de ce fait à façonner notre rapport aux autres et au monde. 

A l’instar des notions de risque et de précarité desquelles elle est très souvent rapprochée, le recours à la notion de vulnérabilité est devenu incontournable en sciences humaines et sociales pour comprendre les personnes dans leur expérience sociale et psychique, ainsi que le monde dans lequel elles vivent, considérés comme de plus en plus vulnérables. Dans nos sociétés contemporaines, de plus en plus technicisées et où la catastrophe fait déjà partie de notre réalité, notre vulnérabilité s’intensifie et s’inscrit dans cette ambivalence entre notre conscience accrue des risques et l’impossibilité de tous les maîtriser, alors que depuis le XIX<sup>e</sup> siècle nous pensions, notamment grâce au développement de la médecine et des systèmes de protection sociale, être en capacité de traiter le « problème » de notre vulnérabilité[[Connaître la définition de la vulnérabilité OIC-009-09-B#sdfootnote2sym|<sup>2</sup>]].


'''Deux acceptions de la vulnérabilité, à penser ensemble :''' 

En sciences humaines et sociales, on peut distinguer deux acceptions majeures de la vulnérabilité :

- La vulnérabilité comme constitutive de l’existence humaine, universellement partagée, parfois qualifiée de vulnérabilité fondamentale ou ontologique, et qui renvoie à notre fragilité anthropologique et biologique. Une existence humaine affectée par la maladie, la perte, la détresse. 

- La vulnérabilité comme dépendante de contextes historiques et sociaux particuliers, souvent qualifiée de vulnérabilité sociale. Elle est le sujet de très nombreux travaux en sociologie qui identifient de multiples vulnérabilités qui affectent des réalités ou des populations différentes dans des configurations socio-historiques données. Elle concerne des groupes ou des individus considérés comme vulnérables, du fait de faibles ressources économiques, d’un statut d’emploi très précaire, d’une absence de support ou réseau social, d’obstacles à l’insertion sociale (les personnes âgées isolées, en situation de chômage, avec un contrat d’emploi précaire, ayant un handicap physique ou mental, ne possédant pas de diplôme, n’accédant pas à certains droits…). Il faut toutefois faire attention à ne pas réduire ces groupes et personnes à leur vulnérabilité, au risque d’en faire une catégorie stigmatisante. D’autant plus que cette vulnérabilité, rejoignant la notion de précarité, peut être socialement connotée négativement et perçue comme relevant de la propre responsabilité des personnes, qui seraient également un poids pour les autres à travers les mesures d’assistance mises en place par la société et dont elles peuvent bénéficier. Le sociologue Serge Paugam, à travers la notion de disqualification sociale, s’intéresse au vécu et au regard porté sur les personnes précaires et pauvres, au statut social dévalorisé, et qui ressentent une humiliation qui les contraint souvent à s’isoler[[Connaître la définition de la vulnérabilité OIC-009-09-B#sdfootnote3sym|<sup>3</sup>]].

La vulnérabilité sociale est envisagée aussi de façon plus dynamique, comme l’effet d’un processus historique récent de fragilisation du salariat et de la mutation vers un capitalisme plus mondialisé. La société du XX<sup>e</sup> siècle caractérisée par une condition salariale solide (garantissant des droits sociaux, une protection durable face aux aléas de l’existence, une indépendance et une insertion sociales, une appartenance à des collectifs de travail) s’effrite au profit d’une décollectivisation et d’une ré-individualisation, ainsi que d’un discours néo-libéral qui fait appel aux impératifs de la responsabilité, de l’initiative et de l’autonomie. Les individus qui n’ont pas, ou qui n’ont seulement que de faibles ressources sociales et économiques, vivent le déclassement, la dépendance aux aides sociales, la mésestime de soi et la précarité permanente : des « individus par défaut » à qui il manque la possibilité réelle d’être des individus[[Connaître la définition de la vulnérabilité OIC-009-09-B#sdfootnote4sym|<sup>4</sup>]]. Robert Castel introduit le terme de désaffiliation, qui a une logique dynamique, pour comprendre la trajectoire, par étapes successives, des groupes et personnes vulnérabilisés (précarisation du travail ; chômage ; puis chômage de longue durée, avec un délitement progressif des relations sociales). Cette nouvelle société qui ébranle l’ensemble de la structure sociale est productrice d’une vulnérabilité éprouvée par de plus en plus de personnes (impossibilité de se projeter et de maitriser l’avenir qui requiert une stabilité du présent,  incertitude et crainte permanente de la perte, sentiment d’impuissance, absence de reconnaissance : autant d’éléments qui permettent de comprendre pourquoi ces personnes prêtent moins attention à leur santé, ont moins recours aux examens préventifs, ont plus de difficultés à consulter des professionnels de santé socialement insérés et reconnus).

Alors que la vulnérabilité fondamentale et la vulnérabilité sociale sont souvent dissociées, de nombreux auteurs, dont Robert Castel, nous invitent à les penser ensemble, en considérant la vulnérabilité comme à la fois une condition universelle et une potentialité susceptible d’affecter chacun, individuellement, de façon différente ou inégale du fait de ses dimensions relationnelle et contextuelle, dimensions sur lesquelles il est possible d’agir pour la réduire, faisant aussi de la réversibilité une de ses caractéristiques. Pour Castel, il faut chercher à « établir un système de strictes correspondances entre ce qu’un sujet social vit au plus profond de son expérience personnelle et les conditions qui lui sont imposées par son époque historique et par sa position sociale. Non pas pour réduire la subjectivité individuelle à des déterminations objectives, mais au contraire pour montrer que les pesanteurs de l’histoire et des contraintes sociales sont intériorisées par les sujets que nous sommes jusqu’à constituer la trame de nos affects les plus personnels »[[Connaître la définition de la vulnérabilité OIC-009-09-B#sdfootnote5sym|<sup>5</sup>]].

'''L’éthique du ''care''''' :

La vulnérabilité est au cœur des éthiques du ''care'' qui ont mis en lumière les enjeux épistémologiques, éthiques et politiques de la mobilisation et de l’usage de cette notion. La pensée du ''care'' émerge aux Etats-Unis à partir des années 1970 et des travaux fondateurs de Carol Gilligan et de Joan Tronto[[Connaître la définition de la vulnérabilité OIC-009-09-B#sdfootnote6sym|<sup>6</sup>]]. Elle s’implante en France dans les années 2000, où le choix est fait de conserver le terme anglo-saxon qui renvoie à un réseau de significations qu’on ne retrouve pas dans un seul terme en français. Pour Vanessa Nurock, la traduction de la notion de care par les notions de soin ou de sollicitude est insuffisante, et même erronée, parce qu’elle passe à côté de ce qui fait l’originalité du care, à savoir une combinaison inédite de choses qu’on retrouve ailleurs séparées  : « le ''care'' renvoie à la fois à un sentiment (la sollicitude), à la sensibilité, à une activité (prodiguer des attentions ou des soins), à un positionnement (tenir à cœur), à un rapport à l’autre (altruisme actif) et à soi (sans abnégation). C’est pourquoi les traductions principales utilisées pour caractériser le ''care'' comme « éthique de la sollicitude » ou « éthique du soin » ne sont pas suffisantes, notamment parce qu’elles situent le ''care'' soit du côté d’une attitude éthique (la sollicitude) soit du côté d’une activité concrète (le soin). Or le ''care'', c’est précisément à la fois une attitude et une activité ». Vanessa Nurock précise que « l’une des manières de rendre compte de la pensée du ''care'', c’est peut-être d’expliciter ce qu’elle n’est pas, ce à quoi elle réagit, d’envisager le ''care'' comme la négation de sa négation : le contraire d’un « ''I don’t care'' », c’est-à-dire « je m’en fiche », ou « je ne m’en occupe pas », ou cela ne me concerne pas ». L’éthique du ''care'' se définit comme une réaction à l’invisibilisation et à l’indifférence[[Connaître la définition de la vulnérabilité OIC-009-09-B#sdfootnote7sym|<sup>7</sup>]].

Aussi, le ''care'' n’est pas seulement une attitude éthique dans l’intimité de la relation entre deux personnes mais revêt également une dimension publique et politique : l’éthique du ''care'' est revendicatrice, parce qu’elle remet en cause une hiérarchie reposant sur la domination masculine qui a longtemps dévalorisé le ''care'', réduit aux soins et au souci des enfants et des parents âgés assurés exclusivement par les femmes et renvoyant à la charité et au sacrifice.  

Plusieurs notions sont fondamentales dans la pensée du ''care''. Les personnes doivent être comprises dans leur singularité (le professionnel de santé doit entendre et considérer des points de vue multiples, spécifiques à chaque personne, et parfois bien différent des siens) et dans leurs relations. L’éthique du ''care'' met l’accent sur ce qui relie les personnes entre elles, sur leurs dépendances et leurs interdépendances : « la conception éthique du ''care'' est une approche qui assume notre interconnexion avec les autres, relations de dépendance, sans pour autant promouvoir le sacrifice et l’abnégation »[[Connaître la définition de la vulnérabilité OIC-009-09-B#sdfootnote8sym|<sup>8</sup>]]. Ces relations de soin et de dépendance doivent être élargies aux institutions, en s’interrogeant sur la manière dont nous prenons soin des autres grâce aux institutions qui nous relient (la médecine s’exerçant au sein d’institutions) et dont nous prenons soin de ces institutions[[Connaître la définition de la vulnérabilité OIC-009-09-B#sdfootnote9sym|<sup>9</sup>]].   

Les éthiques du ''care'' nous rappellent que dépendance et vulnérabilité concernent tout un chacun et s’expérimentent en des circonstances variables et selon des degrés divers, la condition humaine reposant par nature sur des liens d’interdépendance. Elles critiquent la structuration de notre monde autour du mythe de l’autonomie, en tout cas d’une certaine conception de l’autonomie, celle du sujet rationnel maître de son destin et de sa vie, entrepreneur de son existence et libre, car capable de décider pour lui-même en faisant usage de sa raison et en exprimant sa volonté.

Pour autant, elles ne considèrent pas la vulnérabilité comme un défaut ou un manque d’autonomie, alors même qu’elle est communément associée, dans les représentations courantes, à la dépendance ou la perte d’autonomie, c’est-à-dire un état ou une situation contre lesquels il convient de se prémunir ou d’agir pour ne pas perdre ou reconquérir un statut de sujet autonome, et si le sujet n’est pas en capacité d’agir, car trop vulnérable, il convient de le faire à sa place. En effet, la vulnérabilité mal comprise peut servir de justification à la mise en place de politiques publiques paternalistes, de dispositifs de prise en charge et d’intervention auprès de publics ou de groupes désignés comme vulnérables, au risque de les stigmatiser. Invoquant la bienfaisance, on multiplie ainsi les catégories de personnes vulnérables (enfants, patients, personnes âgées, milieux défavorisés…) pour en faire autant de cibles d’action de politiques qui masquent bien souvent les rapports de domination et de relégation dont sont victimes ceux dans lesquels s’incarne cette vulnérabilité que nous cherchons à mettre à distance, à maîtriser et contrôler. C’est le même homme qui est à la fois autonome et vulnérable, selon Paul Ricœur[[Connaître la définition de la vulnérabilité OIC-009-09-B#sdfootnote10sym|<sup>10</sup>]]. Ainsi, la vulnérabilité n’est pas une condition négative en ce qu’elle empêche ou entrave l’autonomie, mais la condition normale du vivant, le fonds commun de notre humanité repensée à l’aune de la faiblesse et de la dépendance. C’est ainsi que se développe un nouveau paradigme qui conteste une anthropologie qui puise dans le registre du risque, du contrôle et de la puissance, et pour laquelle la vulnérabilité est un problème, un échec ou la marque d’une impuissance, pour s’appuyer sur une anthropologie qui conçoit l’humain comme étant à la fois capable et vulnérable, autonome et vulnérable. 

'''La vulnérabilité en médecine :'''

En médecine et dans le champ de l’éthique médicale, la notion de vulnérabilité renvoie aussitôt à la maladie. En effet, celle-ci altère l’état général de la personne qui doit faire face à l’intrusion des examens médicaux, surmonter le bouleversement lié à l’annonce du diagnostic, accepter les traitements et leurs conséquences, assumer l’injonction à l’autonomie, c’est-à-dire à être un « bon patient » informé, consentant et codécideur de sa prise en charge, tout en supportant la douleur physique et la souffrance morale liées à la maladie. 

Ainsi, la pratique médicale, au moins jusqu’à une période récente et encore en partie aujourd’hui, s’inscrit dans une tradition de prise en charge d’individus rendus vulnérables par la maladie, dans le cadre d’une relation médecin-malade conçue comme profondément dissymétrique, d’où le développement et les critiques adressées à une médecine dite « paternaliste » s’adressant aux malades comme à des enfants ou des personnes incapables d’exercer normalement leurs droits et ayant besoin d’être protégés et aidés par des professionnels disposant des compétences nécessaires et à même de prendre les bonnes décisions. 

Si le paternalisme médical est en bonne partie révolu, il n’en demeure pas moins que les médecins sont régulièrement confrontés à des situations où leurs patients ne semblent pas être en capacité d’exercer leurs droits et de faire valoir leur autonomie. De fait, certains états pathologiques semblent priver la personne de toute faculté de raisonner ou d’exprimer sa volonté : la douleur intense, le manque provoqué par certaines addictions, les patients extrêmement diminués et très faibles, les patients dans le coma neurovégétatif chronique, certaines démences ou états pauci-relationnels, certaines situations de fin de vie ou de maladies chroniques graves, etc. Dans ces situations, la décision sur ce qu’il convient de faire doit être déléguée à l’équipe médicale et/ou aux proches, dans l’intérêt du patient, et si la guérison est un objectif envisageable, jusqu’à ce que ce dernier puisse retrouver un rôle décisionnel. La délégation de la décision est donc provisoire, l’objectif étant de mettre fin à l’état qui a conduit à décider à la place du patient, quand c’est possible. Évidemment, certaines situations plus complexes ne permettent pas d’envisager la restauration du rôle décisionnel du malade mais obligent à penser son accompagnement dans le respect de ses souhaits – quand ils sont connus par le truchement des directives anticipées ou les témoignages des proches – sans qu’il soit toutefois possible de les actualiser.

Toutefois, la vulnérabilité n’est pas que la marque d’une incapacité à l’autonomie qui ne concernerait qu’autrui. C’est l’un des apports des éthiques du ''care'' que d’avoir procédé à une inversion de la signification du terme, en en faisant dans une vision plus positive une capacité ou une disposition relationnelle, en l’occurrence essentielle dans la relation de soin. En effet, ce qui est souvent négligé, voire qui constitue un « impensé » selon Agatha Zielinski, c’est la vulnérabilité du sujet soignant et le fait que la relation de soin est d’abord la rencontre de deux vulnérabilités, alors que les représentations communes et des expressions comme la « prise en charge » du patient laissent entendre qu’il n’y aurait dans cette relation qu’un seul être vulnérable – le patient, son existence étant réduite à sa condition de malade, exposé à la maladie, à la douleur et à la souffrance, voire à la mort, mais aussi à l’intrusion des soins et à l’action des soignants. Or, le soignant est également vulnérable en ce qu’il est exposé à la souffrance du patient, affecté par celle-ci, inscrivant la relation de soin dans une réciprocité et une intersubjectivité qui fondent sa dimension éthique et amènent le soignant, assigné à sa responsabilité, à agir pour soulager la souffrance : c’est là l’objet de la sollicitude. 

Mais la sollicitude du soignant ne consiste pas seulement à répondre aux besoins du malade souffrant et diminué dans ses capacités, elle consiste aussi à considérer le sujet malade comme un sujet capable, « toujours capable – et en ce sens, toujours digne d’estime »[[Connaître la définition de la vulnérabilité OIC-009-09-B#sdfootnote11sym|<sup>11</sup>]], et à solliciter ses ressources, ses désirs et sa volonté pour qu’il demeure un sujet agissant face à la maladie et pas uniquement la subissant.


[[Connaître la définition de la vulnérabilité OIC-009-09-B#sdfootnote1anc|1]]	Ce texte est une version remaniée de Grandazzi G., « Du	risque au fondement du soin : réflexions sur la	vulnérabilité », ''Regards	humanistes sur le droit, Mélanges en l’honneur de la Professeure	Annick Batteur'',	Paris, LGDJ, Lextenso éditions , 2021, pp. 143-153.

[[Connaître la définition de la vulnérabilité OIC-009-09-B#sdfootnote2anc|2]]	Brodiez-Dolino A, « Le concept de vulnérabilité », ''La	Vie des idées'', mis	en ligne le 11 février 2016. URL :	<nowiki>http://www.laviedesidees.fr/Le-concept-de-vulnerabilite.html</nowiki>.

[[Connaître la définition de la vulnérabilité OIC-009-09-B#sdfootnote3anc|3]]	Paugam S., ''La	disqualification. Essai sur la nouvelle pauvreté'',	PUF, 1991.

[[Connaître la définition de la vulnérabilité OIC-009-09-B#sdfootnote4anc|4]]	Castel R., ''La montée	des incertitudes : travail, protections, statut de l’individu'',	Seuil, 2009.

[[Connaître la définition de la vulnérabilité OIC-009-09-B#sdfootnote5anc|5]]	Castel R., « Témoignage : à Buchenwald », in Castel R., Martin	C. (éd.), ''Changements	et pensées du changement. Échanges avec Robert Castel'',	Paris, La Découverte, 2012, pp. 339-340.

[[Connaître la définition de la vulnérabilité OIC-009-09-B#sdfootnote6anc|6]]	Gilligan C., ''In a	Different Voice : Psychological Theory and Women’s	Development'', Harvard	University Press, 1982 ; Tronto J., ''Moral	boundaries. A political argument for an ethic of care'',	New York, Londres, Routledge, 1993.

[[Connaître la définition de la vulnérabilité OIC-009-09-B#sdfootnote7anc|7]]	Nurock V., « Care et éthique du vivant », Collège des	humanités médicales, ''Médecine,	santé et sciences humaines. Manuel'',	Les Belles Lettres, 2021.

[[Connaître la définition de la vulnérabilité OIC-009-09-B#sdfootnote8anc|8]]	''Ibid.''

[[Connaître la définition de la vulnérabilité OIC-009-09-B#sdfootnote9anc|9]]	On retrouve cette éthique du ''care''	impliquant les institutions dans la pensée plus récente de J.	Tronto.

[[Connaître la définition de la vulnérabilité OIC-009-09-B#sdfootnote10anc|10]]	Ricœur	P., « Autonomie et vulnérabilité », dans ''Le	juste 2'',	Paris, Esprit, 2001.

[[Connaître la définition de la vulnérabilité OIC-009-09-B#sdfootnote11anc|11]]	Zielinski	A., « La vulnérabilité dans la relation de soin, “fonds	commun d’humanité” », ''Cahiers	philosophiques'',	Vol. 2, n° 125, 2011, pp. 89-106.",1.0,6.2755555555555596,False,True,0.7076980471611023,0.8064305981000265,False,2,False
48,OIC-009-10-B,Qu'est-ce qui caractérise généralement le protocole d'une étude de recherche en santé?,Il est modifié en cours d'étude pour répondre à de nouvelles questions.,Il est un document écrit en amont décrivant la méthodologie de la recherche.,Il est destiné à acquérir de nouvelles connaissances dans le domaine de la santé.,Il est un ensemble d'étapes élémentaires à mettre en œuvre pour mener une étude.,b,"{{objectif de connaissance
|Identifiant=OIC-009-10-B
|Item_parent=Introduction à l’éthique médicale
|Item_parent_short=Introduction à l’éthique médicale
|Rang=B
|Intitulé=Principes et finalités des mesures de protection des personnes
|Description=Comprendre que les mesures de protection juridique sont instaurées et assurées dans le respect des libertés individuelles, des droits et de la dignité de la personne, et qu’elles ont pour finalité l’intérêt de la personne protégée
|Rubrique=Définition
|Contributeurs=Anne-Laurence Penchaud
|Ordre=10}}La maladie, le handicap ou un accident peuvent altérer les facultés intellectuelles ou physiques d’une personne et l’empêcher d’exprimer sa volonté et de défendre seule ses intérêts[[Principes et finalités des mesures de protection des personnes OIC-009-10-B#sdfootnote1sym|<sup>1</sup>]]. Cette personne peut être placée sous une mesure de protection juridique, consistant à désigner une autre personne qui l’assistera ou la représentera dans ses intérêts. Cette mesure doit être proportionnée et individualisée, instaurée et assurée dans le respect des libertés de la personne protégée, de ses droits et de sa dignité.

La loi de 2007 portant Réforme de la Protection juridique des Majeurs a renforcé les droits fondamentaux des personnes protégées. Par exemple, la personne concernée est obligatoirement entendue lors de la procédure de mise sous tutelle. La loi de 2019 a aussi renforcé les droits du majeur protégé, en favorisant dans toute la mesure du possible son autonomie. La personne protégée doit recevoir, de la part de la personne chargée de sa mesure de protection, selon des modalités adaptées à son état, toutes les informations la concernant[[Principes et finalités des mesures de protection des personnes OIC-009-10-B#sdfootnote2sym|<sup>2</sup>]].

'''La protection des personnes majeures''' : 

Une personne qui atteint la majorité est considérée juridiquement comme une personne en capacité d’exercer tous les actes de la vie civile.

Cependant, une mesure de protection juridique peut être mise en place lorsque la personne se retrouve dans l’impossibilité de pourvoir seule à ses intérêts, en raison d’une altération, médicalement constatée, de ses facultés mentales et/ou corporelles.

La personne peut anticiper sa perte d’autonomie en rédigeant un mandat de protection future. Ce dispositif permet à la personne de choisir à l’avance celle qui sera chargée de la protection de ses intérêts lorsqu’elle n’en aura plus la faculté.

'''La protection des personnes mineures :''' 

Un enfant mineur peut être placé sous le régime de protection de la tutelle par laquelle une personne l'aide à protéger ses intérêts. La tutelle est ouverte lorsque les titulaires de l'autorité parentale (ses parents) ne peuvent plus l'exercer (parce que l’enfant n’a pas de parents, qu’ils sont décédés, ou qu’ils font l’objet d’un retrait de l’autorité parentale).

'''La protection des personnes qui ont un handicap :''' 

Des parents peuvent recourir à une mesure de protection des intérêts de leur enfant (mineur ou majeur) qui a un handicap lorsqu’ils ne seront plus en mesure de le faire.

Cette mesure de protection commence au décès des parents ou lorsqu’ils ne peuvent plus prendre soin de leur enfant.

Lorsque l’enfant est mineur, les parents peuvent recourir à la tutelle des mineurs pour protéger ses intérêts. Lorsqu’il est majeur, ils peuvent recourir au mandant de protection future.

'''Droits des patients majeurs protégés :''' 

'''''Les droits des patients majeurs sous sauvegarde de justice et sous curatelle :''''' 

Les majeurs sous sauvegarde de justice ou sous curatelle exercent personnellement leurs droits et reçoivent directement les informations relatives à leur état de santé. Le curateur ne pourra recevoir du médecin ces informations que si la personne protégée l’y autorise.

Le majeur protégé, comme tout autre patient, doit personnellement consentir à l’acte médical envisagé. Son consentement est révocable à tout moment et son refus doit être respecté, sauf cas d’urgence.

La communication du dossier médical se fait à la demande du patient, selon la même procédure que pour les autres personnes majeures.

'''''Les droits des patients majeurs sous tutelle :''''' 

L’information médicale est délivrée au tuteur. Une fois que le tuteur a accès aux informations sur la santé de la personne protégée, celui-ci doit respecter le secret médical. Toutefois, le majeur sous tutelle a le droit de recevoir directement l’information et de participer à la prise de décision le concernant. Cette information et cette participation à la décision seront alors adaptées aux facultés de la personne protégée.

Concernant le consentement du majeur sous tutelle, il doit être systématiquement recherché si s’il peut exprimer sa volonté et participer aux décisions le concernant. Son consentement est révocable à tout moment. Le seul consentement du représentant légal doit demeurer exceptionnel. De plus, sauf urgence, le tuteur ne peut, sans l’autorisation du juge, prendre une décision ayant pour effet de porter gravement atteinte à l’intégrité de la personne protégée ou à l’intimité de sa vie privée. Enfin, le médecin a la possibilité de délivrer les soins indispensables en cas de refus du tuteur risquant d’entraîner des conséquences graves pour la santé du majeur protégé.

Dans la situation de tutelle, en principe, le dossier médical ne peut pas être communiqué à la personne protégée, mais seulement au tuteur en tant que son représentant légal. Toutefois, il lui incombe, dans toute la mesure du possible, de porter à la connaissance du majeur protégé le contenu du dossier médical.


[[Principes et finalités des mesures de protection des personnes OIC-009-10-B#sdfootnote1anc|1]]	Ce texte emprunte à plusieurs	documents publiés par le Ministère de la Justice, le Ministère	des Solidarités, de l’Autonomie et des Personnes handicapées et	le Ministère de la Santé et de la Prévention, et des	consultations sur justice.fr, solidarités-santé.gouv.fr,	service-public.fr.

[[Principes et finalités des mesures de protection des personnes OIC-009-10-B#sdfootnote2anc|2]]	Pour aller plus loin, consulter la ''Charte	des droits et libertés de la personne majeure protégée''.",1.0,14.656666666666666,False,True,0.7113313674926758,0.7448083162307739,False,3,False
49,OIC-009-10-B,"La loi Jardé distingue trois catégories de recherches organisées et pratiquées sur l'être humain en vue du développement des connaissances biologiques ou médicales. Parmi les catégories suivantes, laquelle ne comporte pas d'intervention sur la personne?",Recherches interventionnelles (RIPH catégorie 1) : elles comportent une intervention sur la personne non justifiée par sa prise en charge habituelle et non dénuée de risque.,Recherches interventionnelles à risques et contraintes minimes (RIPH catégorie 2) : elles comportent l’ajout par rapport à la pratique courante d’une (ou plusieurs) intervention(s) dont la réalisation ne comporte que des risques et des contraintes minimes pour la personne se prêtant à la recherche.,"Recherches non interventionnelles (RIPH catégorie 3) : Recherches dans lesquelles tous les actes sont pratiqués et les produits utilisés de manière habituelle, conformément à la pratique courante, sans procédure supplémentaire ou inhabituelle de diagnostic, traitement ou surveillance, et sans aucun risque ni contrainte supplémentaire.",Recherches non-RIPH : elles ne sont pas soumises à l’obtention d’une autorisation par un CPP mais nécessitent des démarches auprès de la CNIL lorsqu’elles mobilisent l’exploitation de données individuelles à caractère personnel.,c,"{{objectif de connaissance
|Identifiant=OIC-009-10-B
|Item_parent=Introduction à l’éthique médicale
|Item_parent_short=Introduction à l’éthique médicale
|Rang=B
|Intitulé=Principes et finalités des mesures de protection des personnes
|Description=Comprendre que les mesures de protection juridique sont instaurées et assurées dans le respect des libertés individuelles, des droits et de la dignité de la personne, et qu’elles ont pour finalité l’intérêt de la personne protégée
|Rubrique=Définition
|Contributeurs=Anne-Laurence Penchaud
|Ordre=10}}La maladie, le handicap ou un accident peuvent altérer les facultés intellectuelles ou physiques d’une personne et l’empêcher d’exprimer sa volonté et de défendre seule ses intérêts[[Principes et finalités des mesures de protection des personnes OIC-009-10-B#sdfootnote1sym|<sup>1</sup>]]. Cette personne peut être placée sous une mesure de protection juridique, consistant à désigner une autre personne qui l’assistera ou la représentera dans ses intérêts. Cette mesure doit être proportionnée et individualisée, instaurée et assurée dans le respect des libertés de la personne protégée, de ses droits et de sa dignité.

La loi de 2007 portant Réforme de la Protection juridique des Majeurs a renforcé les droits fondamentaux des personnes protégées. Par exemple, la personne concernée est obligatoirement entendue lors de la procédure de mise sous tutelle. La loi de 2019 a aussi renforcé les droits du majeur protégé, en favorisant dans toute la mesure du possible son autonomie. La personne protégée doit recevoir, de la part de la personne chargée de sa mesure de protection, selon des modalités adaptées à son état, toutes les informations la concernant[[Principes et finalités des mesures de protection des personnes OIC-009-10-B#sdfootnote2sym|<sup>2</sup>]].

'''La protection des personnes majeures''' : 

Une personne qui atteint la majorité est considérée juridiquement comme une personne en capacité d’exercer tous les actes de la vie civile.

Cependant, une mesure de protection juridique peut être mise en place lorsque la personne se retrouve dans l’impossibilité de pourvoir seule à ses intérêts, en raison d’une altération, médicalement constatée, de ses facultés mentales et/ou corporelles.

La personne peut anticiper sa perte d’autonomie en rédigeant un mandat de protection future. Ce dispositif permet à la personne de choisir à l’avance celle qui sera chargée de la protection de ses intérêts lorsqu’elle n’en aura plus la faculté.

'''La protection des personnes mineures :''' 

Un enfant mineur peut être placé sous le régime de protection de la tutelle par laquelle une personne l'aide à protéger ses intérêts. La tutelle est ouverte lorsque les titulaires de l'autorité parentale (ses parents) ne peuvent plus l'exercer (parce que l’enfant n’a pas de parents, qu’ils sont décédés, ou qu’ils font l’objet d’un retrait de l’autorité parentale).

'''La protection des personnes qui ont un handicap :''' 

Des parents peuvent recourir à une mesure de protection des intérêts de leur enfant (mineur ou majeur) qui a un handicap lorsqu’ils ne seront plus en mesure de le faire.

Cette mesure de protection commence au décès des parents ou lorsqu’ils ne peuvent plus prendre soin de leur enfant.

Lorsque l’enfant est mineur, les parents peuvent recourir à la tutelle des mineurs pour protéger ses intérêts. Lorsqu’il est majeur, ils peuvent recourir au mandant de protection future.

'''Droits des patients majeurs protégés :''' 

'''''Les droits des patients majeurs sous sauvegarde de justice et sous curatelle :''''' 

Les majeurs sous sauvegarde de justice ou sous curatelle exercent personnellement leurs droits et reçoivent directement les informations relatives à leur état de santé. Le curateur ne pourra recevoir du médecin ces informations que si la personne protégée l’y autorise.

Le majeur protégé, comme tout autre patient, doit personnellement consentir à l’acte médical envisagé. Son consentement est révocable à tout moment et son refus doit être respecté, sauf cas d’urgence.

La communication du dossier médical se fait à la demande du patient, selon la même procédure que pour les autres personnes majeures.

'''''Les droits des patients majeurs sous tutelle :''''' 

L’information médicale est délivrée au tuteur. Une fois que le tuteur a accès aux informations sur la santé de la personne protégée, celui-ci doit respecter le secret médical. Toutefois, le majeur sous tutelle a le droit de recevoir directement l’information et de participer à la prise de décision le concernant. Cette information et cette participation à la décision seront alors adaptées aux facultés de la personne protégée.

Concernant le consentement du majeur sous tutelle, il doit être systématiquement recherché si s’il peut exprimer sa volonté et participer aux décisions le concernant. Son consentement est révocable à tout moment. Le seul consentement du représentant légal doit demeurer exceptionnel. De plus, sauf urgence, le tuteur ne peut, sans l’autorisation du juge, prendre une décision ayant pour effet de porter gravement atteinte à l’intégrité de la personne protégée ou à l’intimité de sa vie privée. Enfin, le médecin a la possibilité de délivrer les soins indispensables en cas de refus du tuteur risquant d’entraîner des conséquences graves pour la santé du majeur protégé.

Dans la situation de tutelle, en principe, le dossier médical ne peut pas être communiqué à la personne protégée, mais seulement au tuteur en tant que son représentant légal. Toutefois, il lui incombe, dans toute la mesure du possible, de porter à la connaissance du majeur protégé le contenu du dossier médical.


[[Principes et finalités des mesures de protection des personnes OIC-009-10-B#sdfootnote1anc|1]]	Ce texte emprunte à plusieurs	documents publiés par le Ministère de la Justice, le Ministère	des Solidarités, de l’Autonomie et des Personnes handicapées et	le Ministère de la Santé et de la Prévention, et des	consultations sur justice.fr, solidarités-santé.gouv.fr,	service-public.fr.

[[Principes et finalités des mesures de protection des personnes OIC-009-10-B#sdfootnote2anc|2]]	Pour aller plus loin, consulter la ''Charte	des droits et libertés de la personne majeure protégée''.",1.0,15.846428571428575,False,True,0.684248685836792,0.7880821625391642,True,3,True
50,OIC-009-11-A,Quels arguments permettent de justifier l'utilité et la pertinence d'une étude de recherche en santé?,Épidémiologiques,Économiques,Éthiques,Éducatifs,a,"{{objectif de connaissance
|Identifiant=OIC-009-11-A
|Item_parent=Introduction à l’éthique médicale
|Item_parent_short=Introduction à l’éthique médicale
|Rang=A
|Intitulé=Connaître les trois principales mesures de protection
|Description=Connaître les situations pouvant amener à des mesures de sauvegarde de justice, de curatelle, de tutelle.
 Connaître les implications principales de ces mesures.
|Rubrique=Prise en charge
|Contributeurs=
|Ordre=11}}La maladie, le handicap ou un accident peuvent altérer les facultés intellectuelles ou physiques d’une personne et l’empêcher d’exprimer sa volonté et de défendre seule ses intérêts. Cette personne peut être placée sous une mesure de protection juridique, consistant à désigner une autre personne qui l’assistera ou la représentera dans ses intérêts.

Il existe plusieurs mesures de protection des personnes dont les trois principales sont la sauvegarde de justice, la curatelle et la tutelle[[Connaître les trois principales mesures de protection OIC-009-11-A#sdfootnote1sym|<sup>1</sup>]].

'''1) La sauvegarde de justice :''' 

La sauvegarde de justice est une mesure de protection temporaire et aux effets limités, qui permet de traiter une situation en urgence lorsqu’une personne majeure risque des actes contraires à ses intérêts.

Elle est prise dans l’attente soit d’un rétablissement de la personne soit du prononcé d’une mesure de curatelle ou de tutelle.

Dans sa forme, la sauvegarde de justice peut être : 

– médicale, résultant d’une déclaration faite par un médecin (soit par le médecin de la personne à protéger, soit par le médecin de l'établissement de santé où elle se trouve) au procureur de la République

– judiciaire, c’est-à-dire demandée par le juge des tutelles, en particulier s’il est saisi d’une demande de mise sous tutelle ou curatelle.

La personne sous sauvegarde de justice conserve la capacité d’accomplir tous les actes mais certains actes importants (ex : la vente d’un bien immobilier) peuvent être spécialement confiés à un mandataire.

'''2) La tutelle et la curatelle :''' 

La différence entre la curatelle et la tutelle réside dans le degré de contrainte imposé par ces mesures. Les conséquences de la mise en place d’une tutelle sont plus importantes que celles de la curatelle. 

Une personne placée sous curatelle reste autonome dans les actes de la vie courante, mais doit être accompagnée pour les actes importants par un curateur. Le juge des tutelles définit les actes que la personne peut réaliser seule ou non en fonction de son état.

La tutelle est une mesure plus protectrice. Un tuteur représente la personne majeure à protéger dans les actes de la vie courante. Le juge des tutelles détermine les actes que la personne protégée peut réaliser seule ou non.

On distingue trois types d’actes définis par la loi : les actes que la personne protégée peut réaliser par elle-même (ex : faire ses courses) ; les actes qui nécessitent l’autorisation du tuteur (ex : renouvellement d’un titre d’identité) ; les actes qui nécessitent l’autorisation du juge des tutelles (ex : changement de domicile).

La durée de la mesure de protection est définie par le juge des tutelles. Si l’état de la personne protégée ne semble pas pouvoir s’améliorer, le juge des tutelles peut décider de renouveler la tutelle ou la curatelle.

'''3) La protection des mineurs :'''

La tutelle d’un mineur est la mesure de protection juridique par laquelle une autre personne l’aide à protéger ses intérêts, lorsque les titulaires de l’autorité parentale ne peuvent plus l’exercer. Dans ce cas, le juge constitue un conseil de famille qui nomme un tuteur et un subrogé tuteur (une personne désignée par le conseil de famille pour représenter la personne protégée lorsque les intérêts de celle-ci sont en opposition avec ceux du tuteur. Elle a une obligation de contrôle sur la gestion du tuteur).

'''Pour connaître les implications principales de ces mesures de protection, notamment concernant les droits des patients majeurs protégés, se référer à l’objectif de connaissance précédant (OIC-009-10-B Principes et finalités des mesures de protection des personnes).'''

[[Connaître les trois principales mesures de protection OIC-009-11-A#sdfootnote1anc|1]]	Ce texte emprunte à plusieurs	documents publiés par le Ministère de la Justice, le Ministère	des Solidarités, de l’Autonomie et des Personnes handicapées et	le Ministère de la Santé et de la Prévention, et des	consultations sur justice.fr, solidarités-santé.gouv.fr,	service-public.fr.",1.0,13.860000000000003,False,True,0.7281022667884827,0.6542689998944601,False,3,True
51,OIC-009-12-B,Quel type d'étude est toujours observationnelle et vise à décrire la distribution ou l'évolution de la fréquence des événements de santé et de leurs déterminants dans la population?,Étude expérimentale,Étude descriptive,Étude analytique,Étude diagnostique,b,"{{objectif de connaissance
|Identifiant=OIC-009-12-B
|Item_parent=Introduction à l’éthique médicale
|Item_parent_short=Introduction à l’éthique médicale
|Rang=B
|Intitulé=Connaître les éléments des procédures de mise en œuvre de ces mesures de protection ou de mandat de protection
|Description=Connaître : 
 les rôles des différents intervenants dans la mise en place d’une mesure de protection, 
 les procédures de désignation d’un curateur ou d’un tuteur, 
 les différents types de curatelles (simple/renforcée/aménagée)
 Les caractéristiques d’une habilitation familiale ou d’un mandat de protection future
 Les conditions de cessation des mesures de tutelle, curatelle ou sauvegarde de justice.
|Rubrique=Prise en charge
|Contributeurs=Anne-Laurence Penchaud
|Ordre=12}}'''La mise en place d’une mesure de protection'''[[Connaître les éléments des procédures de mise en œuvre de ces mesures de protection ou de mandat de protection OIC-009-12-B#sdfootnote1sym|<sup>1</sup>]] ''' :'''

Le demandeur d’un dossier d’ouverture d’une mesure de protection peut être :

– le majeur concerné lui-même

– son conjoint (époux, concubin …), un parent ou une personne entretenant avec le majeur des « liens étroits et stables » (ex : ami proche)

– la personne qui exerce déjà à l’égard du majeur concerné une mesure de protection juridique (son tuteur ou son curateur)

– le procureur de la République, de lui-même ou sur demande d’un tiers (qui peut être le médecin traitant ou le médecin hospitalier, un service social).

La demande (ou requête) doit être déposée ou adressée au greffe du juge des tutelles de la résidence habituelle de la personne à protéger. La demande s’effectue à l’aide d’un formulaire facilement accessible sur Service-public.fr 

'''La délivrance d’un certificat médical circonstancié :'''

Toute demande d’ouverture d’une mesure de protection auprès du juge des tutelles doit être obligatoirement accompagnée d’un certificat médical décrivant l’éventuelle altération des facultés de la personne et l’évolution prévisible, et précisant les conséquences de cette altération sur la nécessité d’une assistance ou d’une représentation. 

Ce certificat doit être rédigé par un médecin choisi parmi ceux inscrits sur une liste établie par le procureur de la République. Depuis peu, le médecin rédigeant le certificat a la possibilité de demander l’avis du médecin traitant de la personne. 

'''L’instruction de la requête :'''

C’est le juge des tutelles qui décide si une personne majeure doit bénéficier d’une mesure de protection. Pour cela, il procède à l’audition de la personne à protéger qui peut être assistée d’un avocat ou accompagnée, sous réserve de l’accord du juge, par toute personne de son choix. L’audition peut également se dérouler en présence du médecin traitant de la personne protégée.

Le juge auditionne automatiquement la personne à l’origine de la demande de protection.

'''Désignation du curateur ou du tuteur :'''

Le juge nomme un ou plusieurs tuteurs ou curateurs.

Le tuteur ou le curateur est choisi en priorité parmi les proches de la personne à protéger. Si c’est impossible, le juge désigne un professionnel, appelé mandataire judiciaire à la protection des majeurs.

La tutelle comme la curatelle peut être divisée entre un tuteur (ou curateur) chargé de la protection de la personne (par exemple, en cas de mariage) et un tuteur (curateur) chargé de la gestion du patrimoine (par exemple, pour faire la déclaration fiscale).

'''Les différents types de curatelle :'''

Il existe trois types de curatelle (simple, renforcée, aménagée) qui limitent plus ou moins les actes que la personne à protéger peut exécuter, afin de répondre au plus près des besoins de la personne à protéger.

'''L’habilitation familiale et le mandat de protection future :'''

L’habilitation familiale permet à un proche (parent, enfant, grand-parent, frère, sœur, époux(se), concubin(e), partenaire de Pacs) de représenter une personne. Cette habilitation est donnée par le juge lorsque la personne n’est pas en mesure d’exprimer sa volonté au quotidien, de faire ou de comprendre des actes de la vie courante. Elle est générale ou limitée à certains actes. L’habilitation permet à celui qui représente la personne d’agir en son nom. La personne habilitée exerce sa mission à titre gratuit.

Le mandat de protection future permet à toute personne majeure de désigner à l’avance une ou plusieurs personnes (appelée mandataire) pour la représenter le jour où elle ne sera plus en capacité de gérer ses intérêts. 

'''Les conditions de cessation des mesures de tutelle, curatelle ou sauvegarde de justice :'''

Une mesure de protection prend fin soit par le décès de la personne protégée soit par un jugement de mainlevée judiciaire constatant la disparition des causes qui l’ont engagées. 

La mainlevée fait suite à l’amélioration de l’état de santé de la personne concernée.

La mainlevée peut être décidée d’office par le juge, et les personnes pouvant demander la mainlevée sont les mêmes que celles pouvant solliciter l’ouverture d’une protection.

Comme pour la demande de protection, le juge statue au vu d’un certificat médical détaillé et actualisé, pouvant émaner du médecin traitant ou d’un autre médecin, et après l’audition de la personne concernée et de son tuteur ou curateur.

L’amélioration ou la dégradation de la situation du majeur protégé rend toujours possible la modification du régime de protection''',''' dans le sens d’un allégement, d’un renforcement (la curatelle pouvant se transformer en tutelle) ou d’un changement de son mode d’exercice.



[[Connaître les éléments des procédures de mise en œuvre de ces mesures de protection ou de mandat de protection OIC-009-12-B#sdfootnote1anc|1]]	Ce texte emprunte à plusieurs	documents publiés par le Ministère de la Justice, le Ministère	des Solidarités, de l’Autonomie et des Personnes handicapées et	le Ministère de la Santé et de la Prévention, et des	consultations sur justice.fr, solidarités-santé.gouv.fr,	service-public.fr.",1.0,16.40142857142857,False,True,0.6460745334625244,0.7998112638791403,False,2,False
52,OIC-009-12-B,Quelle modalité d’échantillonnage est utilisée lorsque l’on dispose d’une base de sondage et que l’on souhaite assurer une bonne représentativité de la population source?,Recrutement exhaustif,Tirage au sort,Sondage stratifié,Sondage en grappes,c,"{{objectif de connaissance
|Identifiant=OIC-009-12-B
|Item_parent=Introduction à l’éthique médicale
|Item_parent_short=Introduction à l’éthique médicale
|Rang=B
|Intitulé=Connaître les éléments des procédures de mise en œuvre de ces mesures de protection ou de mandat de protection
|Description=Connaître : 
 les rôles des différents intervenants dans la mise en place d’une mesure de protection, 
 les procédures de désignation d’un curateur ou d’un tuteur, 
 les différents types de curatelles (simple/renforcée/aménagée)
 Les caractéristiques d’une habilitation familiale ou d’un mandat de protection future
 Les conditions de cessation des mesures de tutelle, curatelle ou sauvegarde de justice.
|Rubrique=Prise en charge
|Contributeurs=Anne-Laurence Penchaud
|Ordre=12}}'''La mise en place d’une mesure de protection'''[[Connaître les éléments des procédures de mise en œuvre de ces mesures de protection ou de mandat de protection OIC-009-12-B#sdfootnote1sym|<sup>1</sup>]] ''' :'''

Le demandeur d’un dossier d’ouverture d’une mesure de protection peut être :

– le majeur concerné lui-même

– son conjoint (époux, concubin …), un parent ou une personne entretenant avec le majeur des « liens étroits et stables » (ex : ami proche)

– la personne qui exerce déjà à l’égard du majeur concerné une mesure de protection juridique (son tuteur ou son curateur)

– le procureur de la République, de lui-même ou sur demande d’un tiers (qui peut être le médecin traitant ou le médecin hospitalier, un service social).

La demande (ou requête) doit être déposée ou adressée au greffe du juge des tutelles de la résidence habituelle de la personne à protéger. La demande s’effectue à l’aide d’un formulaire facilement accessible sur Service-public.fr 

'''La délivrance d’un certificat médical circonstancié :'''

Toute demande d’ouverture d’une mesure de protection auprès du juge des tutelles doit être obligatoirement accompagnée d’un certificat médical décrivant l’éventuelle altération des facultés de la personne et l’évolution prévisible, et précisant les conséquences de cette altération sur la nécessité d’une assistance ou d’une représentation. 

Ce certificat doit être rédigé par un médecin choisi parmi ceux inscrits sur une liste établie par le procureur de la République. Depuis peu, le médecin rédigeant le certificat a la possibilité de demander l’avis du médecin traitant de la personne. 

'''L’instruction de la requête :'''

C’est le juge des tutelles qui décide si une personne majeure doit bénéficier d’une mesure de protection. Pour cela, il procède à l’audition de la personne à protéger qui peut être assistée d’un avocat ou accompagnée, sous réserve de l’accord du juge, par toute personne de son choix. L’audition peut également se dérouler en présence du médecin traitant de la personne protégée.

Le juge auditionne automatiquement la personne à l’origine de la demande de protection.

'''Désignation du curateur ou du tuteur :'''

Le juge nomme un ou plusieurs tuteurs ou curateurs.

Le tuteur ou le curateur est choisi en priorité parmi les proches de la personne à protéger. Si c’est impossible, le juge désigne un professionnel, appelé mandataire judiciaire à la protection des majeurs.

La tutelle comme la curatelle peut être divisée entre un tuteur (ou curateur) chargé de la protection de la personne (par exemple, en cas de mariage) et un tuteur (curateur) chargé de la gestion du patrimoine (par exemple, pour faire la déclaration fiscale).

'''Les différents types de curatelle :'''

Il existe trois types de curatelle (simple, renforcée, aménagée) qui limitent plus ou moins les actes que la personne à protéger peut exécuter, afin de répondre au plus près des besoins de la personne à protéger.

'''L’habilitation familiale et le mandat de protection future :'''

L’habilitation familiale permet à un proche (parent, enfant, grand-parent, frère, sœur, époux(se), concubin(e), partenaire de Pacs) de représenter une personne. Cette habilitation est donnée par le juge lorsque la personne n’est pas en mesure d’exprimer sa volonté au quotidien, de faire ou de comprendre des actes de la vie courante. Elle est générale ou limitée à certains actes. L’habilitation permet à celui qui représente la personne d’agir en son nom. La personne habilitée exerce sa mission à titre gratuit.

Le mandat de protection future permet à toute personne majeure de désigner à l’avance une ou plusieurs personnes (appelée mandataire) pour la représenter le jour où elle ne sera plus en capacité de gérer ses intérêts. 

'''Les conditions de cessation des mesures de tutelle, curatelle ou sauvegarde de justice :'''

Une mesure de protection prend fin soit par le décès de la personne protégée soit par un jugement de mainlevée judiciaire constatant la disparition des causes qui l’ont engagées. 

La mainlevée fait suite à l’amélioration de l’état de santé de la personne concernée.

La mainlevée peut être décidée d’office par le juge, et les personnes pouvant demander la mainlevée sont les mêmes que celles pouvant solliciter l’ouverture d’une protection.

Comme pour la demande de protection, le juge statue au vu d’un certificat médical détaillé et actualisé, pouvant émaner du médecin traitant ou d’un autre médecin, et après l’audition de la personne concernée et de son tuteur ou curateur.

L’amélioration ou la dégradation de la situation du majeur protégé rend toujours possible la modification du régime de protection''',''' dans le sens d’un allégement, d’un renforcement (la curatelle pouvant se transformer en tutelle) ou d’un changement de son mode d’exercice.



[[Connaître les éléments des procédures de mise en œuvre de ces mesures de protection ou de mandat de protection OIC-009-12-B#sdfootnote1anc|1]]	Ce texte emprunte à plusieurs	documents publiés par le Ministère de la Justice, le Ministère	des Solidarités, de l’Autonomie et des Personnes handicapées et	le Ministère de la Santé et de la Prévention, et des	consultations sur justice.fr, solidarités-santé.gouv.fr,	service-public.fr.",1.0,20.81166666666667,False,True,0.6682053804397583,0.6457258462905884,True,2,False
53,OIC-009-13-A,"Parmi toutes les données recueillies, il faut isoler précisément :",Le critère de jugement principal,Le critère de substitution,Le critère composite,Les caractéristiques des individus,a,"{{objectif de connaissance
|Identifiant=OIC-009-13-A
|Item_parent=Introduction à l’éthique médicale
|Item_parent_short=Introduction à l’éthique médicale
|Rang=A
|Intitulé=Interruption volontaire de grossesse
|Description=
|Rubrique=Prise en charge
|Contributeurs=Nicolas Lechopier
|Ordre=13}}L’interruption volontaire de grossesse est un droit reconnu en France depuis la loi Veil de 1975. Chaque année, des centaines de milliers de femmes y ont recours (voir item 37 « Interruption volontaire de grossesse »)

=== 1) Ce droit illustre l’éthique de responsabilité de la profession médicale ===
Quel que soit le jugement de valeur porté sur la volonté d’une femme d’interrompre sa grossesse, ou les convictions morales concernant la valeur de la vie du fœtus, ou les représentations de l’impact psychologique d’un geste qui n’est certes pas anodin, la loi de 1975 a surtout permis d’encadrer médicalement une pratique qui était à la fois fréquente et risquée, toutes les femmes n’étant pas logées à la même enseigne. La loi a permis de garantir un accès égal et sécurisé à cette intervention. 

En d’autres termes, que l’on considère que le droit à l’IVG découle naturellement de la liberté des femmes, ou qu’on le questionne sur le plan des principes et des conceptions de la vie humaine, on peut s’accorder sur le fait qu’il s’agit d’abord et avant tout d’une politique de ''santé publique''.

=== 2) Ce droit illustre un compromis entre différentes conceptions morales concernant la procréation ===
Certains mouvements « ''pro-life'' » font de l’IVG l’équivalent d’un infanticide. Mais quand commence la vie d’un être humain ? Seulement à la naissance ? Dès l‘instant de la conception ? Voire avant, au moment où se dessine le projet d’élever un enfant ? Ou pourquoi pas même après la naissance, à travers différents rites (inscription à l’état civil, présentation à la famille, baptêmes, etc.) ? 

La question du commencement de la vie humaine reste une question discutée, à laquelle les traditions philosophiques et religieuses ont répondu de façons différentes, souvent en entretenant une certaine ambiguïté. Le début de la vie a toujours été négocié socialement (traditionnellement par les signes visibles de la grossesse). La biologie n’est pas non plus en mesure d’établir de frontière claire dans le continuum entre le simple amas de cellules et l’être humain. Même le critère de viabilité du fœtus est dépendant du contexte et des moyens techniques disponibles. 

Dans ces conditions, le droit à l’IVG se tient dans un équilibre entre la considération de la personne et le respect de la vie. Comme le précise l’article 16 du Code civil, « la loi assure la primauté de la personne, interdit toute atteinte à la dignité de celle-ci et garantit le respect de l'être humain dès le commencement de sa vie ». L’embryon vivant n’a pas pour autant de statut juridique. Le Comité Consultatif National d’Éthique le qualifie de « personne humaine potentielle », ce qui permet d’éviter de lui reconnaître des droits (qui seraient opposables à la femme qui le porte) tout en lui témoignant de la considération et du respect. Ce compromis élaboré au cours des dernières décennies fournit un cadre équilibré au carrefour de différentes visions du monde et de la vie humaine.

=== 3) L’accès effectif à ce droit est une question éthique sérieuse ===
Face à différentes sortes d’arguments dit de la « pente glissante » (par exemple : l’IVG conduirait à l’eugénisme), la loi Veil avait initialement instauré des garde-fous qui visaient à limiter l’excès ou l’abus de recours à l’IVG. Par exemple, il y avait une période de réflexion de 7 jours imposée aux femmes entre la première consultation pour IVG et l’intervention elle-même. Cette contrainte a fini par apparaître, non seulement comme une complication inutile, mais comme une infantilisation des femmes en faisant porter le soupçon sur leur autonomie. Lors du débat qui a débouché sur le vote de la suppression de ce délai de réflexion en 2017, la ministre de la Santé déclara :« La relation à l'IVG ne s'est pas banalisée, elle s'est normalisée. Une femme qui a pris sa décision n'a pas besoin de temps ».

De même, la clause de conscience que peuvent faire valoir les professionnels de santé est encadrée. Certes, « un médecin ou une sage-femme n'est jamais tenu de pratiquer une interruption volontaire de grossesse » (Article L2212-8 du Code de la santé publique). Mais le professionnel qui s’y refuse doit immédiatement mettre en lien l’intéressée avec d’autres professionnels. Ainsi, la clause de conscience ne doit pas faire obstacle à l’accès à ce droit.

Certaines personnes et organisations se sont donné pour but d’entraver par différents moyens l’accès à l’IVG, par exemple en diffusant des fausses informations, en intimidant les professionnels de santé et en faisant pression sur les établissements de santé. Le « délit d’entrave à l’IVG » qui existait depuis 1993 a été précisé et élargi en 2017, et ces actes sont passibles de lourdes sanctions. En parallèle, des initiatives ont été prises par les pouvoirs publics pour permettre l’accès à des informations fiables (numéro vert 0800 08 11 11 ; Site officiel <nowiki>https://ivg.gouv.fr/</nowiki>). 

Il reste que l’accès ''effectif'' à l'IVG, pour toutes les femmes qui le souhaitent, où qu’elles soient, reste fragile. D’autant que le principe même de ce droit est loin d'être reconnu partout, et même remis en question dans des pays où il semblait pourtant acquis (comme l’a montré l’exemple récent des États-Unis).",1.0,,False,False,0.6352502703666687,0.7786163290341696,True,2,False
54,OIC-009-14-B,Quel est le paramètre de position qui divise les valeurs en 2 parties de même effectif?,Moyenne,Mode,Médiane,Quartile,c,"{{objectif de connaissance
|Identifiant=OIC-009-14-B
|Item_parent=Introduction à l’éthique médicale
|Item_parent_short=Introduction à l’éthique médicale
|Rang=B
|Intitulé=Interruption médicale de grossesse
|Description=Connaître les dispositions légales encadrant l'IMG
 Décrire les questions éthiques posées par l'IMG Verifier la coherence avec l'item 37
|Rubrique=Prise en charge
|Contributeurs=Guillaume Grandazzi, Mylène Gouriot, Grégoire Moutel
|Ordre=14}}'''Connaître la législation concernant l’interruption de grossesse pour motif médical (IMG).'''

La loi précise que l'interruption volontaire d'une grossesse pour motif médical peut avoir lieu sans limitation de délai, c'est à dire à tout moment d'une grossesse :

* soit	si la poursuite de la grossesse met en péril grave la santé de la	femme ;
* soit	s'il existe une forte probabilité que l'enfant à naître soit	atteint d'une affection d'une particulière gravité reconnue comme	incurable au moment du diagnostic.

Ces deux points de la loi renvoient à deux cadres bien distincts :

* d'une	part une situation où la femme présente une pathologie	incompatible avec la grossesse mettant en péril sa santé (par	exemple cancer, infection, hypertension sévère, état	psychiatrique, etc., la loi ne faisant pas l'énoncé de ces	pathologies, ni n'établissant de liste, impossible à prévoir) ;
* d'autre	part une affection de l'enfant, issue de la démarche de suivi de la	grossesse et de diagnostic prénatal, ouvrant le débat sur la	poursuite ou non de la grossesse. La loi ne précise pas ce que	recouvrent les termes « particulière gravité reconnue comme	incurable » et n'établit pas de liste, impossible là aussi à	prévoir.

L'acceptation de la demande de la femme est conditionnée par l'avis (validation) de la demande par une procédure collégiale pluridisciplinaire. En pratique, cette procédure est menée au sein d'un centre pluridisciplinaire de diagnostic prénatal (CPDPN).

Lorsque l'IMG est envisagée au motif que la poursuite de la grossesse met en péril grave la santé de la femme, l'équipe pluridisciplinaire comprend au moins quatre personnes :

* un	médecin qualifié en gynécologie-obstétrique, membre d'un centre	pluridisciplinaire de diagnostic prénatal ;
* un	praticien spécialiste de l'affection dont la femme est atteinte ;
* un	médecin choisi par la femme ;
* une	personne qualifiée qui peut être un assistant social ou un	psychologue.

Le médecin qualifié en gynécologie-obstétrique et le médecin qualifié dans le traitement de l'affection dont la femme est atteinte doivent exercer leur activité dans un établissement de santé.

La loi précise aussi que lorsque l'interruption de grossesse est envisagée au motif qu'il existe une forte probabilité que l'enfant à naître soit atteint d'une affection d'une particulière gravité reconnue comme incurable au moment du diagnostic, l'équipe pluridisciplinaire chargée d'examiner la demande de la femme est celle d'un CPDPN. Lorsque l'équipe du centre précité se réunit, un médecin choisi par la femme peut, à la demande de celle-ci, être associé à la concertation. Hors urgence médicale, la femme se voit proposer un délai de réflexion d'au moins une semaine avant de décider d'interrompre ou de poursuivre sa grossesse.

À l'issue de la collégialité, deux médecins membres de l'équipe pluridisciplinaire attestent que l'avis pluridisciplinaire a été rendu et que la demande est conforme à la loi. Dans les deux cas, préalablement à la réunion de l'équipe pluridisciplinaire compétente, la femme concernée ou le couple en est informé et peut, à sa demande, être entendu par tout ou partie des membres de ladite équipe.

Trois différences entre IVG et IMG :

* L'interruption	de grossesse pour motif médical ne peut être pratiquée que par un	médecin ;
* Il	n'y a pas de limitation de délai pour l'IMG : elle peut avoir lieu	durant toute la grossesse ;
* Les	principes concernant le recueil de la demande de la femme et son	consentement sont les mêmes que pour l'IVG, mais l'acceptation de	la demande d'IMG incombe au CPDPN, après une procédure rigoureuse	à respecter.",1.0,9.825,False,True,0.6487036943435669,0.5397245486577352,False,3,False
55,OIC-009-15-B,Quel est le risque de première espèce dans un test d'hypothèse?,La probabilité de rejeter l'hypothèse nulle alors qu'elle est vraie,La probabilité de ne pas rejeter l'hypothèse nulle alors qu'elle est fausse,La probabilité de rejeter l'hypothèse nulle alors qu'elle est vraie,La probabilité de ne pas rejeter l'hypothèse nulle alors qu'elle est vraie,a,"{{objectif de connaissance
|Identifiant=OIC-009-15-B
|Item_parent=Introduction à l’éthique médicale
|Item_parent_short=Introduction à l’éthique médicale
|Rang=B
|Intitulé=Diagnostic prénatal
|Description=Connaître les dispositions légales encadrant le diagnostic prénatal
 Connaître les principes éthiques de l’usage du DPN
 Connaitre les principes réglementaires régissant le fonctionnement des centres de diagnostic prénatal
|Rubrique=Prise en charge
|Contributeurs=
|Ordre=15}}Comprendre les enjeux éthiques des IMG dans le cadre du diagnostic prénatal : les femmes, les couples et les professionnels face à des choix complexes

==   A. Éthique et diagnostic prénatal (DPN) ==
Le diagnostic prénatal (DPN) a été défini par la loi dite de bioéthique du 29 juillet 1994 comme l'ensemble des « pratiques médicales ayant pour but de détecter in utero chez l'embryon ou le fœtus, une affection d'une particulière gravité ». Cette activité se fait sous le contrôle de l'Agence de biomédecine, établissement public créé par la loi du 6 août 2004.

Ses principaux outils sont l'échographie et l'étude de l'ADN fœtal et/ou du caryotype fœtal faisant suite à un prélèvement invasif (choriocentèse, amniocentèse ou cordocentèse). Devant la crainte de voir utiliser ces techniques pour satisfaire des désirs d'enfants « parfaits », la réflexion éthique a amené le législateur à encadrer juridiquement le DPN dès 1994 avec la loi de bioéthique et ses révisions successives. Le texte de loi dans sa version du 6 août 2004 a précisé l'objectif du DPN : « prévenir ou traiter une affection d'une particulière gravité, dans l'intérêt de l'enfant à naître ».

L'application à la médecine fœtale des avancées de l'imagerie fœtale et de la génétique humaine questionne fortement. La génétique médicale s'est initialement focalisée sur les maladies monogéniques graves de l'enfant avec, dès 1956, la découverte de l'existence d'une trisomie du chromosome 21 dans les cellules des patients atteints de la maladie alors connue sous le nom de « mongolisme ». Progressivement, il est devenu possible de prélever des cellules fœtales chez les femmes enceintes grâce à la technique de l'amniocentèse. C'est la naissance du diagnostic prénatal, d'abord pour la trisomie 21 puis rapidement pour une dizaine d'autres anomalies chromosomiques. La population concernée par le diagnostic prénatal s'est ensuite considérablement élargie, du fait notamment de l'autorisation par la loi du 17 janvier 1975 de l'interruption de grossesse pour motif médical (IMG), du développement de la surveillance échographique des grossesses, de l'apparition des techniques biologiques d'analyse des marqueurs sériques visant à évaluer le risque de trisomie 21 et des techniques de biologie moléculaire.

Cependant, les progrès du DPN étant beaucoup plus rapides que ceux de la thérapie, reconnaître une maladie revient souvent à faire le constat de l'absence de thérapeutique permettant sa guérison et pousse certains couples à demander l'interruption de la grossesse en raison d'une maladie que leur futur enfant développera (peut-être) précocement, mais aussi, dans certains cas, tardivement après, 30, 40 ou 50 ans.

Il revient alors au CPDPN d'interpréter le sens que l'on donne en pratique à « une affection d'une particulière gravité reconnue comme incurable au moment du diagnostic » (Code de la santé publique).

La France est l'un des rares pays à autoriser l'IMG « à tout moment de la grossesse » et le législateur, appuyé par le Comité consultatif national d'éthique (CCNE), n'a jamais souhaité dresser une liste des maladies donnant accès à une IMG, afin notamment d'éviter les automatismes décisionnels (qui ne tiendraient pas compte des situations singulières) et la stigmatisation d'un groupe de personnes. En effet, face à une demande d'IMG, un CPDPN ne peut exclure de considérer le contexte (l'histoire, la culture, les représentations et les convictions de chacun des parents), ce qui peut aboutir à des décisions possiblement différentes d'un couple à un autre, d'un CPDPN à l'autre, et ce pour une même pathologie. La loi laisse donc une large part à la décision au cas par cas et l'expression « particulière gravité » peut être interprétée de façon variable selon les familles et les équipes. Cette liberté permet de prendre en compte l'expérience, la sensibilité et le parcours de chaque couple dans leur décision.

Aujourd'hui, les CPDPN sont confrontés à certaines demandes d'IMG portant sur des maladies génétiques à déclaration tardive et pour lesquelles une prévention et/ou un traitement existent ou non. On peut citer le cas des fœtus porteurs du gène BRCA 1 (qui augmente le risque de développer un cancer du sein et de l'ovaire) dans des familles marquées par des décès nombreux et précoces liés à ces maladies. Dans ces situations, des demandes d'IMG ont été jugées justifiées par l'histoire familiale qui devient alors un critère de « particulière gravité ». Certains s'interrogent cependant sur la légitimité de certaines demandes.

La question sous-jacente à l'ensemble de ce débat est celle des critères légitimant une décision médicale d'arrêt de grossesse. Pour les causes médicales liées à la préservation de la vie de la mère, la question fait peu débat, la médecine privilégiant la personne « présente », en l'occurrence la mère. En revanche, pour l'atteinte fœtale, la question sous-jacente est lourde et rejoint celle de l'acceptation du handicap dans notre société. Certains, y compris des praticiens, bien que non opposés à l'IVG, redoutent le glissement d'une société qui, faute de structures suffisantes d'accueil d'enfants handicapés, inciterait, avec beaucoup de non-dits, les parents à une pratique plus systématique de l'IMG. Une autre question, que l'on évite trop souvent de poser, tant du côté médical que parental est : quelle qualité de vie peut être garantie à des êtres dont il est parfois difficile d'évaluer le niveau de conscience et les capacités d'autonomie ?

Ainsi, les termes mêmes de la loi doivent alors être interrogés dans la démarche éthique visant à accepter ou non d'interrompre une grossesse :

   • « forte probabilité » : on n'est pas obligé d'être sûr à 100 % que l'enfant porteur de la mutation développera une maladie grave. Certains couples affirment ne pas vouloir prendre le moindre risque. Mais faire un enfant n'est-il pas déjà prendre un risque ? D'autres considèrent qu'un risque par exemple de 25 % est acceptable car il signifie qu'il y a 75 % de chance que leur bébé aille bien. Ainsi, l'évaluation de la notion de probabilité dépend de chacun et de son histoire ;

   • « incurabilité » : il peut exister des maladies curables mais « handicapantes », mais derrière ce handicap, certains mettent des notions variables allant de l'« acceptable » à l'« invivable ». Intervient alors une appréciation du confort et de la qualité de vie. Là encore, l'incurabilité est donc une notion assez subjective dont l'interprétation peut varier d'un individu à un autre ;

   • « particulière gravité » : la notion de gravité est également très variable selon les individus. Qu'est-ce qu'une maladie grave, et pour qui ? Qui en décide ? S'agit-il de la gravité pour l'enfant, pour ses parents, pour le médecin, pour la société ? La question se pose notamment pour les maladies responsables de déficiences intellectuelles : le dépistage systématique de la trisomie 21 en est une parfaite illustration. Quand une maladie est-elle grave ? Lorsqu'elle s'exprime à la naissance, dans l'enfance, à l'âge adulte ou encore après 50 ans ? Comment une maladie est-elle grave ? Lorsqu'elle touche un doigt, une main, le corps entier, les fonctions motrices, les fonctions cognitives ? Ces questions montrent la densité et la complexité des discussions conduites au sein des CPDPN. Un dialogue permanent avec le couple est nécessaire, puisqu'il en va de sa perception de la gravité de la maladie mais aussi de sa philosophie de la vie. Ce dialogue requiert beaucoup de temps et d'énergie de la part d'équipes pluridisciplinaires (médecin, généticien, conseiller en génétique, obstétricien, psychologue) dont le rôle principal est d'accompagner le couple dans son cheminement pour arriver à une décision.

==   B. Le cas spécifique du dépistage prénatal non invasif (DPNI) ==
Depuis 2013 est arrivé progressivement sur le marché, en France, un nouveau test de dépistage de la trisomie 21. Il s'agit du test de dépistage prénatal non invasif (DPNI) par recherche et analyse de l'ADN fœtal circulant dans le sang maternel. Ce test permet, par une simple prise de sang sur la femme enceinte, de dépister la trisomie 21 à un terme beaucoup plus précoce (vers huit à dix semaines d'aménorrhée - SA) et avec une performance plus importante. La découverte d'ADN fœtal circulant librement dans le plasma maternel a été décrite en 1997. L'analyse de l'ADN fœtal dans le sang maternel est déjà utilisée depuis de nombreuses années, dans certaines indications du diagnostic anténatal comme la détermination du sexe fœtal dans les maladies récessives liées à l'X et le génotypage du rhésus D fœtal chez les femmes Rhésus D négatives. Jusqu'en 2011, la qualité des techniques ne permettait pas une application fiable à la recherche de la trisomie 21. Aujourd'hui, grâce aux avancées des nouvelles techniques de séquençage à haut débit, le test de dépistage de la trisomie 21 à partir de l'analyse de l'ADN fœtal libre dans le sang maternel permet d'atteindre une sensibilité proche de 99,9 % et une spécificité de 99,8 % dans des populations à haut risque.

Ce progrès révolutionne la pratique du DPN dans la mesure où la technique permet, au-delà de la trisomie 21, d'accéder à l'étude d'autres caractéristiques du génome fœtal avec de nouvelles indications et demandes de prescriptions. Sont ainsi évoquées dans les débats actuels les conditions d'accès à ce test, non seulement pour la trisomie 21, mais également pour la recherche d'autres anomalies (recherche de marqueurs de risque potentiellement prédictifs de maladies telles que des cancers ou autres pathologies) ou l'accès au diagnostic de sexe.

Il a été proposé que la mise en œuvre de l'étude de l'ADN fœtal dans le sang maternel fasse l'objet de recherches appliquées, sur le terrain des pratiques cliniques, afin de mieux comprendre les enjeux et les perceptions des professionnels et des patientes. Les préférences des patientes et des professionnels pourront être différentes et ces derniers « soumis » à la pression de la demande des femmes.

Les règles de prescription de ces nouveaux tests seront-elles consensuelles ? La mondialisation de l'accès à la santé et l'accès à la e-santé via Internet ne feront-ils pas que les femmes réaliseront les tests par leurs propres moyens, puis se présenteront avec les résultats et des demandes de prise en charge auprès de leurs praticiens ? Il conviendra donc d'évaluer ces attitudes et ces évolutions et la nature des demandes, et probablement de penser de nouveaux cadres et de nouvelles règles. Ce sera sans aucun doute un des enjeux de la prochaine révision des lois de bioéthique.

Se pose aussi la question de l'incidence de cette évolution du DPNI sur les demandes d'interruptions de grossesses. La possible réalisation du DPNI avant la fin du premier trimestre pose une question de fond : comme cet examen peut être réalisé à un terme précoce, avant même le terme de réalisation de l'échographie du premier trimestre, le rendu du résultat à la patiente est lui aussi possible très rapidement, c'est à dire avant le terme légal d'interruption volontaire de grossesse de 16 SA (semaines d'aménorrhée), permettant potentiellement un accès direct à une IVG fondée, de fait, sur ce résultat biologique. Cette évolution peut ainsi remettre en question l'esprit de la loi française qui avait souhaité historiquement bien distinguer deux situations : la première, l'IVG (dans un délai limite de 16 SA) où la femme ne souhaitait pas d'enfant ou ne pouvait l'accueillir à ce moment-là de sa vie (situation qualifiée alors de détresse maternelle, c'est à dire à composante psycho-sociale), et la seconde, l'IMG (interruption pour motif médical maternel et/ou fœtal), sans limitation de terme, mais soumise à ce jour à l'accord préalable après une expertise auprès d'un centre de référence CPDPN. Si les résultats du DPNI sont communiqués à la femme avant 16 SA et qu'elle demande une IVG, le cadre éthique de la décision change totalement. Certains couples pourraient être tentés de recourir à une IVG, même lorsque le risque de maladie aurait été jugé faible par les médecins ou « l'anomalie » potentielle jugée de faible gravité.

Du côté des professionnels de santé, le statut du DPNI à l'avenir devra incontestablement être clarifié afin que les femmes soient informées de la place qu'il aura dans la stratégie de suivi des grossesses. À ce jour certains travaux montrent que le nombre de professionnels ne souhaitant pas du tout prescrire ce nouveau test est faible, mais qu'il existe un réel débat sur les indications légitimes et des interrogations associées à son usage.

== Points clés ==
   • Le DPN (diagnostic prénatal) est l'ensemble des pratiques médicales ayant pour but de détecter in utero chez l'embryon ou le fœtus une affection grave (anomalie génétique, anomalie chromosomique ou malformation), afin de donner aux futurs parents le choix éventuel d'interrompre ou non la grossesse et de permettre une meilleure prise en charge médicale de la pathologie si la grossesse est poursuivie.

   • Lorsqu'une anomalie fœtale est détectée, il appartient au CPDPN (centre pluridisciplinaire de diagnostic prénatal) d'attester qu'il existe une forte probabilité que l'enfant à naître soit atteint d'une affection d'une particulière gravité incurable au moment du diagnostic. Cette attestation permet, si la femme enceinte le décide, de réaliser une interruption volontaire de la grossesse pour motif médical.

La technique du DPNI (dépistage prénatal non invasif) permettrait précocement dans la grossesse de sélectionner le sexe fœtal ou l'accès au dépistage génétique de marqueurs de pathologies ou de risques. On comprend pourquoi, tout en soutenant l'émergence du DPNI, il peut apparaître nécessaire de bien en cibler les indications et éventuellement de discuter du moment du retour de résultats avant ou au-delà du délai possible pour une interruption volontaire de grossesse.",1.0,6.936363636363637,False,True,0.6487231254577637,0.9843482971191406,False,1,False
56,OIC-009-15-B,Qu'est-ce qui caractérise les données de survie?,Elles sont toujours complètes.,Elles sont toujours incomplètes.,Elles sont toujours censurées.,Elles sont toujours observées.,b,"{{objectif de connaissance
|Identifiant=OIC-009-15-B
|Item_parent=Introduction à l’éthique médicale
|Item_parent_short=Introduction à l’éthique médicale
|Rang=B
|Intitulé=Diagnostic prénatal
|Description=Connaître les dispositions légales encadrant le diagnostic prénatal
 Connaître les principes éthiques de l’usage du DPN
 Connaitre les principes réglementaires régissant le fonctionnement des centres de diagnostic prénatal
|Rubrique=Prise en charge
|Contributeurs=
|Ordre=15}}Comprendre les enjeux éthiques des IMG dans le cadre du diagnostic prénatal : les femmes, les couples et les professionnels face à des choix complexes

==   A. Éthique et diagnostic prénatal (DPN) ==
Le diagnostic prénatal (DPN) a été défini par la loi dite de bioéthique du 29 juillet 1994 comme l'ensemble des « pratiques médicales ayant pour but de détecter in utero chez l'embryon ou le fœtus, une affection d'une particulière gravité ». Cette activité se fait sous le contrôle de l'Agence de biomédecine, établissement public créé par la loi du 6 août 2004.

Ses principaux outils sont l'échographie et l'étude de l'ADN fœtal et/ou du caryotype fœtal faisant suite à un prélèvement invasif (choriocentèse, amniocentèse ou cordocentèse). Devant la crainte de voir utiliser ces techniques pour satisfaire des désirs d'enfants « parfaits », la réflexion éthique a amené le législateur à encadrer juridiquement le DPN dès 1994 avec la loi de bioéthique et ses révisions successives. Le texte de loi dans sa version du 6 août 2004 a précisé l'objectif du DPN : « prévenir ou traiter une affection d'une particulière gravité, dans l'intérêt de l'enfant à naître ».

L'application à la médecine fœtale des avancées de l'imagerie fœtale et de la génétique humaine questionne fortement. La génétique médicale s'est initialement focalisée sur les maladies monogéniques graves de l'enfant avec, dès 1956, la découverte de l'existence d'une trisomie du chromosome 21 dans les cellules des patients atteints de la maladie alors connue sous le nom de « mongolisme ». Progressivement, il est devenu possible de prélever des cellules fœtales chez les femmes enceintes grâce à la technique de l'amniocentèse. C'est la naissance du diagnostic prénatal, d'abord pour la trisomie 21 puis rapidement pour une dizaine d'autres anomalies chromosomiques. La population concernée par le diagnostic prénatal s'est ensuite considérablement élargie, du fait notamment de l'autorisation par la loi du 17 janvier 1975 de l'interruption de grossesse pour motif médical (IMG), du développement de la surveillance échographique des grossesses, de l'apparition des techniques biologiques d'analyse des marqueurs sériques visant à évaluer le risque de trisomie 21 et des techniques de biologie moléculaire.

Cependant, les progrès du DPN étant beaucoup plus rapides que ceux de la thérapie, reconnaître une maladie revient souvent à faire le constat de l'absence de thérapeutique permettant sa guérison et pousse certains couples à demander l'interruption de la grossesse en raison d'une maladie que leur futur enfant développera (peut-être) précocement, mais aussi, dans certains cas, tardivement après, 30, 40 ou 50 ans.

Il revient alors au CPDPN d'interpréter le sens que l'on donne en pratique à « une affection d'une particulière gravité reconnue comme incurable au moment du diagnostic » (Code de la santé publique).

La France est l'un des rares pays à autoriser l'IMG « à tout moment de la grossesse » et le législateur, appuyé par le Comité consultatif national d'éthique (CCNE), n'a jamais souhaité dresser une liste des maladies donnant accès à une IMG, afin notamment d'éviter les automatismes décisionnels (qui ne tiendraient pas compte des situations singulières) et la stigmatisation d'un groupe de personnes. En effet, face à une demande d'IMG, un CPDPN ne peut exclure de considérer le contexte (l'histoire, la culture, les représentations et les convictions de chacun des parents), ce qui peut aboutir à des décisions possiblement différentes d'un couple à un autre, d'un CPDPN à l'autre, et ce pour une même pathologie. La loi laisse donc une large part à la décision au cas par cas et l'expression « particulière gravité » peut être interprétée de façon variable selon les familles et les équipes. Cette liberté permet de prendre en compte l'expérience, la sensibilité et le parcours de chaque couple dans leur décision.

Aujourd'hui, les CPDPN sont confrontés à certaines demandes d'IMG portant sur des maladies génétiques à déclaration tardive et pour lesquelles une prévention et/ou un traitement existent ou non. On peut citer le cas des fœtus porteurs du gène BRCA 1 (qui augmente le risque de développer un cancer du sein et de l'ovaire) dans des familles marquées par des décès nombreux et précoces liés à ces maladies. Dans ces situations, des demandes d'IMG ont été jugées justifiées par l'histoire familiale qui devient alors un critère de « particulière gravité ». Certains s'interrogent cependant sur la légitimité de certaines demandes.

La question sous-jacente à l'ensemble de ce débat est celle des critères légitimant une décision médicale d'arrêt de grossesse. Pour les causes médicales liées à la préservation de la vie de la mère, la question fait peu débat, la médecine privilégiant la personne « présente », en l'occurrence la mère. En revanche, pour l'atteinte fœtale, la question sous-jacente est lourde et rejoint celle de l'acceptation du handicap dans notre société. Certains, y compris des praticiens, bien que non opposés à l'IVG, redoutent le glissement d'une société qui, faute de structures suffisantes d'accueil d'enfants handicapés, inciterait, avec beaucoup de non-dits, les parents à une pratique plus systématique de l'IMG. Une autre question, que l'on évite trop souvent de poser, tant du côté médical que parental est : quelle qualité de vie peut être garantie à des êtres dont il est parfois difficile d'évaluer le niveau de conscience et les capacités d'autonomie ?

Ainsi, les termes mêmes de la loi doivent alors être interrogés dans la démarche éthique visant à accepter ou non d'interrompre une grossesse :

   • « forte probabilité » : on n'est pas obligé d'être sûr à 100 % que l'enfant porteur de la mutation développera une maladie grave. Certains couples affirment ne pas vouloir prendre le moindre risque. Mais faire un enfant n'est-il pas déjà prendre un risque ? D'autres considèrent qu'un risque par exemple de 25 % est acceptable car il signifie qu'il y a 75 % de chance que leur bébé aille bien. Ainsi, l'évaluation de la notion de probabilité dépend de chacun et de son histoire ;

   • « incurabilité » : il peut exister des maladies curables mais « handicapantes », mais derrière ce handicap, certains mettent des notions variables allant de l'« acceptable » à l'« invivable ». Intervient alors une appréciation du confort et de la qualité de vie. Là encore, l'incurabilité est donc une notion assez subjective dont l'interprétation peut varier d'un individu à un autre ;

   • « particulière gravité » : la notion de gravité est également très variable selon les individus. Qu'est-ce qu'une maladie grave, et pour qui ? Qui en décide ? S'agit-il de la gravité pour l'enfant, pour ses parents, pour le médecin, pour la société ? La question se pose notamment pour les maladies responsables de déficiences intellectuelles : le dépistage systématique de la trisomie 21 en est une parfaite illustration. Quand une maladie est-elle grave ? Lorsqu'elle s'exprime à la naissance, dans l'enfance, à l'âge adulte ou encore après 50 ans ? Comment une maladie est-elle grave ? Lorsqu'elle touche un doigt, une main, le corps entier, les fonctions motrices, les fonctions cognitives ? Ces questions montrent la densité et la complexité des discussions conduites au sein des CPDPN. Un dialogue permanent avec le couple est nécessaire, puisqu'il en va de sa perception de la gravité de la maladie mais aussi de sa philosophie de la vie. Ce dialogue requiert beaucoup de temps et d'énergie de la part d'équipes pluridisciplinaires (médecin, généticien, conseiller en génétique, obstétricien, psychologue) dont le rôle principal est d'accompagner le couple dans son cheminement pour arriver à une décision.

==   B. Le cas spécifique du dépistage prénatal non invasif (DPNI) ==
Depuis 2013 est arrivé progressivement sur le marché, en France, un nouveau test de dépistage de la trisomie 21. Il s'agit du test de dépistage prénatal non invasif (DPNI) par recherche et analyse de l'ADN fœtal circulant dans le sang maternel. Ce test permet, par une simple prise de sang sur la femme enceinte, de dépister la trisomie 21 à un terme beaucoup plus précoce (vers huit à dix semaines d'aménorrhée - SA) et avec une performance plus importante. La découverte d'ADN fœtal circulant librement dans le plasma maternel a été décrite en 1997. L'analyse de l'ADN fœtal dans le sang maternel est déjà utilisée depuis de nombreuses années, dans certaines indications du diagnostic anténatal comme la détermination du sexe fœtal dans les maladies récessives liées à l'X et le génotypage du rhésus D fœtal chez les femmes Rhésus D négatives. Jusqu'en 2011, la qualité des techniques ne permettait pas une application fiable à la recherche de la trisomie 21. Aujourd'hui, grâce aux avancées des nouvelles techniques de séquençage à haut débit, le test de dépistage de la trisomie 21 à partir de l'analyse de l'ADN fœtal libre dans le sang maternel permet d'atteindre une sensibilité proche de 99,9 % et une spécificité de 99,8 % dans des populations à haut risque.

Ce progrès révolutionne la pratique du DPN dans la mesure où la technique permet, au-delà de la trisomie 21, d'accéder à l'étude d'autres caractéristiques du génome fœtal avec de nouvelles indications et demandes de prescriptions. Sont ainsi évoquées dans les débats actuels les conditions d'accès à ce test, non seulement pour la trisomie 21, mais également pour la recherche d'autres anomalies (recherche de marqueurs de risque potentiellement prédictifs de maladies telles que des cancers ou autres pathologies) ou l'accès au diagnostic de sexe.

Il a été proposé que la mise en œuvre de l'étude de l'ADN fœtal dans le sang maternel fasse l'objet de recherches appliquées, sur le terrain des pratiques cliniques, afin de mieux comprendre les enjeux et les perceptions des professionnels et des patientes. Les préférences des patientes et des professionnels pourront être différentes et ces derniers « soumis » à la pression de la demande des femmes.

Les règles de prescription de ces nouveaux tests seront-elles consensuelles ? La mondialisation de l'accès à la santé et l'accès à la e-santé via Internet ne feront-ils pas que les femmes réaliseront les tests par leurs propres moyens, puis se présenteront avec les résultats et des demandes de prise en charge auprès de leurs praticiens ? Il conviendra donc d'évaluer ces attitudes et ces évolutions et la nature des demandes, et probablement de penser de nouveaux cadres et de nouvelles règles. Ce sera sans aucun doute un des enjeux de la prochaine révision des lois de bioéthique.

Se pose aussi la question de l'incidence de cette évolution du DPNI sur les demandes d'interruptions de grossesses. La possible réalisation du DPNI avant la fin du premier trimestre pose une question de fond : comme cet examen peut être réalisé à un terme précoce, avant même le terme de réalisation de l'échographie du premier trimestre, le rendu du résultat à la patiente est lui aussi possible très rapidement, c'est à dire avant le terme légal d'interruption volontaire de grossesse de 16 SA (semaines d'aménorrhée), permettant potentiellement un accès direct à une IVG fondée, de fait, sur ce résultat biologique. Cette évolution peut ainsi remettre en question l'esprit de la loi française qui avait souhaité historiquement bien distinguer deux situations : la première, l'IVG (dans un délai limite de 16 SA) où la femme ne souhaitait pas d'enfant ou ne pouvait l'accueillir à ce moment-là de sa vie (situation qualifiée alors de détresse maternelle, c'est à dire à composante psycho-sociale), et la seconde, l'IMG (interruption pour motif médical maternel et/ou fœtal), sans limitation de terme, mais soumise à ce jour à l'accord préalable après une expertise auprès d'un centre de référence CPDPN. Si les résultats du DPNI sont communiqués à la femme avant 16 SA et qu'elle demande une IVG, le cadre éthique de la décision change totalement. Certains couples pourraient être tentés de recourir à une IVG, même lorsque le risque de maladie aurait été jugé faible par les médecins ou « l'anomalie » potentielle jugée de faible gravité.

Du côté des professionnels de santé, le statut du DPNI à l'avenir devra incontestablement être clarifié afin que les femmes soient informées de la place qu'il aura dans la stratégie de suivi des grossesses. À ce jour certains travaux montrent que le nombre de professionnels ne souhaitant pas du tout prescrire ce nouveau test est faible, mais qu'il existe un réel débat sur les indications légitimes et des interrogations associées à son usage.

== Points clés ==
   • Le DPN (diagnostic prénatal) est l'ensemble des pratiques médicales ayant pour but de détecter in utero chez l'embryon ou le fœtus une affection grave (anomalie génétique, anomalie chromosomique ou malformation), afin de donner aux futurs parents le choix éventuel d'interrompre ou non la grossesse et de permettre une meilleure prise en charge médicale de la pathologie si la grossesse est poursuivie.

   • Lorsqu'une anomalie fœtale est détectée, il appartient au CPDPN (centre pluridisciplinaire de diagnostic prénatal) d'attester qu'il existe une forte probabilité que l'enfant à naître soit atteint d'une affection d'une particulière gravité incurable au moment du diagnostic. Cette attestation permet, si la femme enceinte le décide, de réaliser une interruption volontaire de la grossesse pour motif médical.

La technique du DPNI (dépistage prénatal non invasif) permettrait précocement dans la grossesse de sélectionner le sexe fœtal ou l'accès au dépistage génétique de marqueurs de pathologies ou de risques. On comprend pourquoi, tout en soutenant l'émergence du DPNI, il peut apparaître nécessaire de bien en cibler les indications et éventuellement de discuter du moment du retour de résultats avant ou au-delà du délai possible pour une interruption volontaire de grossesse.",1.0,10.740000000000002,False,True,0.5911946892738342,0.8062167763710022,True,3,False
57,OIC-009-16-B,Qu'est-ce qu'un facteur de confusion dans le contexte de l'ajustement statistique?,Un facteur qui influence directement le phénomène étudié,Un facteur qui n'a pas d'effet sur le phénomène étudié,Un facteur tiers lié à la fois à l'exposition et au phénomène étudié,Un facteur qui est uniquement utilisé pour l'analyse multivariée,c,"{{objectif de connaissance
|Identifiant=OIC-009-16-B
|Item_parent=Introduction à l’éthique médicale
|Item_parent_short=Introduction à l’éthique médicale
|Rang=B
|Intitulé=Diagnostic préimplantatoire
|Description=Connaître les dispositions légales encadrant le diagnostic préimplantatoire
 Décrire les questions éthiques posées par le diagnostic préimplantatoire
|Rubrique=Prise en charge
|Contributeurs=Roberto Poma
|Ordre=16}}Le diagnostic préimplantatoire, ou DPI, consiste à analyser le patrimoine génétique d’un embryon âgé de trois jours, obtenu par fécondation ''in vitro'', avant son transfert ''in utero'', afin d’éviter la transmission d’une maladie génétique présente chez les futurs parents. Il impose donc le recours à une aide médicale à la procréation. Il permet à des couples à risque élevé de transmettre une maladie génétique d’éviter l’épreuve du diagnostic prénatal[[Diagnostic préimplantatoire OIC-009-16-B#sdfootnote1sym|<sup>1</sup>]] et d’une éventuelle interruption de grossesse. Le DPI permet de ne transférer que les embryons indemnes de la maladie génétique qui est présente dans la famille. En France, la pratique du DPI est très encadrée. Son recours n’est autorisé qu’à titre exceptionnel, lorsqu’un couple a une forte probabilité de donner naissance à un enfant atteint d'une maladie génétique d’une particulière gravité reconnue comme incurable au moment du diagnostic[[Diagnostic préimplantatoire OIC-009-16-B#sdfootnote2sym|<sup>2</sup>]].

''Enjeux éthiques''. Le débat éthique concerne en premier lieu les développements possibles de cette activité. Si, dans un premier temps, les indications du DPI ont été celles du diagnostic prénatal, elles ont depuis beaucoup évolué. Des applications très diverses du DPI se sont développées. Les pratiques les plus controversées sont le typage HLA des embryons dans le cadre d’affections hématologiques et (2) la détermination du sexe embryonnaire pour convenance personnelle (''social sexing'').

(1) La possibilité de sélectionner des embryons de sorte qu’ils soient immunologiquement compatibles avec un frère ou une sœur malade et nécessitant une greffe de moelle est recherchée afin que l’enfant, une fois né, puisse être un donneur éventuel de sang de cordon. Cette possibilité ouverte par le DPI renvoie au concept de « bébé médicament » (ou « bébé donneur », ou « bébé du double espoir »), et, avec lui, au débat sur l’instrumentalisation éventuelle de la procréation. En France le typage HLA d’embryons dans le cadre d’une maladie héréditaire est autorisé. En revanche ce typage lorsqu’il n’y a pas de risque de maladie héréditaire est interdit. La position du CCNE avait été claire : « La justification première du DPI est la naissance d’un enfant indemne d’une affection génétique grave qui le menace. La recherche d’une compatibilité immunologique avec un aîné malade doit toujours venir en seconde position ». L’absence de bénéfice direct pour l’embryon interdit donc de recourir à ce type de procédure. Cette application se développe cependant dans d’autres pays dans le cas où un premier enfant atteint de cancer pourrait bénéficier d’une greffe de cellules de sang de cordon compatible. Dans ces pays, l’absence de réglementation autorise ces pratiques, devenant ainsi une source de nomadisme médical.

(2) Le débat éthique sur le diagnostic de sexe pour convenance oppose d’une part les partisans de la liberté absolue d’avoir des enfants comme on veut, avec qui on veut, quand on veut, du sexe que l’on veut, en tant qu’expression inaliénable de la Liberté, d’autre part les défenseurs de l’égalité des genres comme expression tout autant inaliénable du principe d’Égalité des sexes. Les partisans du ''social sexing'' soutiennent que le choix du sexe de l’enfant n’est pas contraire aux principes d’autonomie, de non-malfaisance, de bienfaisance et de justice (''principisme''). Ils soulignent que cette pratique ne comporte aucun risque sociétal ni d’eugénisme mais qu’elle permet en revanche d’équilibrer les sexes dans une famille. Les opposants à la sélection du sexe pointent les préjudices éventuels porté à l’enfant, le risque de dérive eugéniste et d’uniformisation des sexes.

[[Diagnostic préimplantatoire OIC-009-16-B#sdfootnote1anc|1]]	Le diagnostic prénatal (DPN) correspond aux pratiques médicales	ayant pour objectif de détecter ''in utero'', chez l’embryon	ou le fœtus, une affection d’une particulière gravité.

[[Diagnostic préimplantatoire OIC-009-16-B#sdfootnote2anc|2]]	Anomalie chromosomique, risque d'aneuploïdie, maladies autosomiques	récessives (dont mucoviscidose, B-thalassémie, amyotrophie	spinale), maladies autosomiques dominantes (dont maladie de	steinert, chorée de Huntington, maladie de Charcot-Marie-Tooth) et	maladie liée à I’X (dont myopathie de Duchenne et Becker,	hémophilie, X fragile). Le DPI peut également être sollicité par	les parents pour choisir le sexe de l’enfant à naître.",1.0,15.518181818181823,False,True,0.6398606300354004,0.8148273626963297,False,2,False
58,OIC-009-16-B,Les données de santé sont considérées comme sensibles et font l’objet d’une protection particulière. Cela est dû à :,leur caractère personnel,leur importance pour la recherche clinique,leur potentiel d’utilisation commerciale,leur impact sur la vie privée des personnes,d,"{{objectif de connaissance
|Identifiant=OIC-009-16-B
|Item_parent=Introduction à l’éthique médicale
|Item_parent_short=Introduction à l’éthique médicale
|Rang=B
|Intitulé=Diagnostic préimplantatoire
|Description=Connaître les dispositions légales encadrant le diagnostic préimplantatoire
 Décrire les questions éthiques posées par le diagnostic préimplantatoire
|Rubrique=Prise en charge
|Contributeurs=Roberto Poma
|Ordre=16}}Le diagnostic préimplantatoire, ou DPI, consiste à analyser le patrimoine génétique d’un embryon âgé de trois jours, obtenu par fécondation ''in vitro'', avant son transfert ''in utero'', afin d’éviter la transmission d’une maladie génétique présente chez les futurs parents. Il impose donc le recours à une aide médicale à la procréation. Il permet à des couples à risque élevé de transmettre une maladie génétique d’éviter l’épreuve du diagnostic prénatal[[Diagnostic préimplantatoire OIC-009-16-B#sdfootnote1sym|<sup>1</sup>]] et d’une éventuelle interruption de grossesse. Le DPI permet de ne transférer que les embryons indemnes de la maladie génétique qui est présente dans la famille. En France, la pratique du DPI est très encadrée. Son recours n’est autorisé qu’à titre exceptionnel, lorsqu’un couple a une forte probabilité de donner naissance à un enfant atteint d'une maladie génétique d’une particulière gravité reconnue comme incurable au moment du diagnostic[[Diagnostic préimplantatoire OIC-009-16-B#sdfootnote2sym|<sup>2</sup>]].

''Enjeux éthiques''. Le débat éthique concerne en premier lieu les développements possibles de cette activité. Si, dans un premier temps, les indications du DPI ont été celles du diagnostic prénatal, elles ont depuis beaucoup évolué. Des applications très diverses du DPI se sont développées. Les pratiques les plus controversées sont le typage HLA des embryons dans le cadre d’affections hématologiques et (2) la détermination du sexe embryonnaire pour convenance personnelle (''social sexing'').

(1) La possibilité de sélectionner des embryons de sorte qu’ils soient immunologiquement compatibles avec un frère ou une sœur malade et nécessitant une greffe de moelle est recherchée afin que l’enfant, une fois né, puisse être un donneur éventuel de sang de cordon. Cette possibilité ouverte par le DPI renvoie au concept de « bébé médicament » (ou « bébé donneur », ou « bébé du double espoir »), et, avec lui, au débat sur l’instrumentalisation éventuelle de la procréation. En France le typage HLA d’embryons dans le cadre d’une maladie héréditaire est autorisé. En revanche ce typage lorsqu’il n’y a pas de risque de maladie héréditaire est interdit. La position du CCNE avait été claire : « La justification première du DPI est la naissance d’un enfant indemne d’une affection génétique grave qui le menace. La recherche d’une compatibilité immunologique avec un aîné malade doit toujours venir en seconde position ». L’absence de bénéfice direct pour l’embryon interdit donc de recourir à ce type de procédure. Cette application se développe cependant dans d’autres pays dans le cas où un premier enfant atteint de cancer pourrait bénéficier d’une greffe de cellules de sang de cordon compatible. Dans ces pays, l’absence de réglementation autorise ces pratiques, devenant ainsi une source de nomadisme médical.

(2) Le débat éthique sur le diagnostic de sexe pour convenance oppose d’une part les partisans de la liberté absolue d’avoir des enfants comme on veut, avec qui on veut, quand on veut, du sexe que l’on veut, en tant qu’expression inaliénable de la Liberté, d’autre part les défenseurs de l’égalité des genres comme expression tout autant inaliénable du principe d’Égalité des sexes. Les partisans du ''social sexing'' soutiennent que le choix du sexe de l’enfant n’est pas contraire aux principes d’autonomie, de non-malfaisance, de bienfaisance et de justice (''principisme''). Ils soulignent que cette pratique ne comporte aucun risque sociétal ni d’eugénisme mais qu’elle permet en revanche d’équilibrer les sexes dans une famille. Les opposants à la sélection du sexe pointent les préjudices éventuels porté à l’enfant, le risque de dérive eugéniste et d’uniformisation des sexes.

[[Diagnostic préimplantatoire OIC-009-16-B#sdfootnote1anc|1]]	Le diagnostic prénatal (DPN) correspond aux pratiques médicales	ayant pour objectif de détecter ''in utero'', chez l’embryon	ou le fœtus, une affection d’une particulière gravité.

[[Diagnostic préimplantatoire OIC-009-16-B#sdfootnote2anc|2]]	Anomalie chromosomique, risque d'aneuploïdie, maladies autosomiques	récessives (dont mucoviscidose, B-thalassémie, amyotrophie	spinale), maladies autosomiques dominantes (dont maladie de	steinert, chorée de Huntington, maladie de Charcot-Marie-Tooth) et	maladie liée à I’X (dont myopathie de Duchenne et Becker,	hémophilie, X fragile). Le DPI peut également être sollicité par	les parents pour choisir le sexe de l’enfant à naître.",1.0,12.935789473684213,False,False,0.7019566893577576,0.6606826384862264,False,2,False
59,OIC-009-17-A,La population cible est définie comme celle sur laquelle on s’interroge et à propos de laquelle on veut obtenir des informations pour mieux la connaître et adapter sa prise en charge dans la vraie vie. C’est celle à laquelle on souhaite extrapoler les résultats de l’étude.,La population source,L’échantillon,La population cible,La population étudiée,c,"{{objectif de connaissance
|Identifiant=OIC-009-17-A
|Item_parent=Introduction à l’éthique médicale
|Item_parent_short=Introduction à l’éthique médicale
|Rang=A
|Intitulé=Ethique en fin de vie
|Description=Connaître les questions éthiques liées à la fin de vie : autonomie, bienfaisance, non malfaisance, équité, qualité de vie, information, parole, interrogations, souffrances psychiques et physiques
|Rubrique=Définition
|Contributeurs=Céline Lefève
|Ordre=17}}La fin de vie comporte les enjeux et questions éthiques suivants

• La définition même de la notion de fin de vie (il existe une grande hétérogénéité dans la manière d’appréhender la notion de fin de vie, de nombreux indicateurs et échelles sont utilisés pour établir un pronostic). Cette complexité et cette incertitude rendent difficile la délivrance d’une information permettant de définir « le temps qui reste ».

• L’enjeu éthique concernant l’information du patient est de donner une information honnête et claire, conformément au respect de l’autonomie de la personne malade et à son droit à être informée de son état de santé établi dans la loi dite Kouchner du 4 mars 2002, en réunissant les conditions permettant de construire une relation de confiance : en étant attentif aux besoins et réactions émotionnelles de la personne, en lui permettant d’exprimer et en prenant le temps de répondre à ses questions et attentes, en l’assurant de l’accompagnement jusqu’au bout des professionnels de santé et en posant les jalons de la prise en soin à venir.

• Le respect de la dignité de la personne en tant qu’elle est humaine (Kant) – quels que soient sa vulnérabilité, son état de faiblesse, de dépendance, sa capacité à s’exprimer, etc. – et la reconnaissance de l’appartenance commune à l’humanité partagée entre soignants et soignés

• Le soulagement, selon le principe de bienfaisance, des douleurs et souffrances de la personne. Si les deux notions peuvent être distinguées pour l’analyse (on peut réserver le terme douleur à des affects ressentis en des organes particuliers du corps ou dans le corps tout entier, et le terme souffrance à des affects ouverts sur la réflexivité, le langage, le rapport à soi, à autrui et au questionnement, cependant les deux phénomènes s’interpénètrent, la douleur pouvant envahir totalement l’expérience subjective et affecter les rapports à soi et à autrui, ainsi que la capacité de penser, de (se) dire et d’agir de la personne (Ricoeur).

• Le respect de l’autonomie de la personne, y compris lorsqu’elle ne peut pas s’exprimer. Ce respect implique de chercher à connaître l’histoire de la personne, son identité personnelle et, en particulier, ses valeurs ou préférences propres, ce qui lui importe et la définit (ce qui est par exemple essentiel dans la décision du lieu dans lequel se déroulera la fin de vie – domicile, hôpital, établissement de santé). Ce respect de la volonté de la personne trouve une traduction juridique dans la loi Clayes-Léonetti de 2016 qui demande de conformer les décisions médicales à ses directives anticipées, au témoignage de sa personne de confiance, ou à défaut de ses proches.

• Le maintien du statut de sujet de la personne. Il implique notamment de maintenir son inscription dans ses relations personnelles, de lui offrir un accompagnement relationnel lui permettant d’élaborer le sens qui lui convient pour l’épreuve de la fin de vie et, plus largement, pour son existence et maintenir l’estime de soi.

• La question du respect de l’autonomie de la personne en fin de vie pose celle de la prise en compte de son éventuelle demande de mort et des modalités que la société définit comme acceptables pour y répondre. Si la demande de mort varie selon les moments de la maladie, l’intensité des douleurs et souffrances et la qualité des traitements et du prendre soin, si elle peut également être ambivalente et signifier en réalité une demande de présence et de soin, elle peut aussi perdurer. Le soin en fin de vie doit-il se limiter à accompagner le processus du mourir en soulageant les souffrances de la personne grâce à l’administration massive d’analgésiques, quitte à accélérer le moment de la mort mais sans pour autant avoir l’intention de la donner (suivant l’argument du double effet selon lequel la mort, conséquence prévisible, mais non recherchée de l’acte, reste secondaire par rapport à la visée principale, qui est d’éviter la souffrance des derniers moments) ? Peut-il consister à procurer à la personne en fin de vie, dont les souffrances ne peuvent être soulagées et qui demande expressément et durablement d’être aidée à mourir, les moyens de se donner la mort (assistance au suicide) ? Voire le soin peut-il consister, pour répondre à sa demande, à lui donner activement et délibérément la mort (euthanasie) ?

• La question du processus de la décision qui requiert la mise en œuvre d’une éthique de la discussion lors de délibérations collégiales et interdisciplinaires. Selon le philosophe Jürgen Habermas, des décisions peuvent être considérées comme moralement valables si elles sont issues d’une discussion, c’est-à-dire d’un échange d’arguments qui recherche un accord. L’obtention d’un consensus n’est pas pour autant la garantie de la moralité de la décision. L’important est la tenue de la discussion qui permet de donner du sens aux décisions prises. L’important est aussi que le processus de décision ne vise pas à appliquer des règles générales, mais repose sur la singularité et la complexité de la situation.

• La question de l’équité, c’est-à-dire de l’accès aux soins adaptés, en particulier aux soins palliatifs, tenant compte des multiples inégalités qui peuvent affecter les personnes en fin de vie (inégalités sociales, culturelles, territoriales, liées à leur pathologie, etc.)
<br />

''Références'' : 

C. Lefève, « Le droit à la mort peut-il être reconnu par la médecine ? A propos du dialogue radiophonique « Le droit à la mort » (1975) entre G. Canguilhem et H. Péquignot », in C. Lefève, C.- O. Doron & A. - C. Masquelet (dir.), in Soin et subjectivité, Cahiers du Centre Georges Canguilhem, PUF, 2011, p. 13-52.

J. -M. Mouillie, « L’euthanasie et la question de la mort », in Collège des Humanités médicales, Médecine, santé et sciences humaines. Manuel, Paris, Les Belles Lettres, p. 302-319.

P. Ricoeur, « La souffrance n’est pas la douleur », in C. Marin, N. Zaccaï-Reyners (dir.), Souffrance et douleur. Autour de Paul Ricoeur, PUF, 2013.

A. Zielinski, Deuxième partie : Les enjeux éthiques des soins palliatifs, in Bioy, A., Van Lander, A., Mallet, D. & Belloir, M. (2020). Soins palliatifs: En 54 notions, Dunod, p. 33-56.",1.0,14.414782608695656,False,False,0.7065407633781433,0.6802809635798136,False,5,False
60,OIC-009-19-B,La prévalence d’une maladie est mesurée en pourcentage et sans unité. Quelle est la définition correcte de la prévalence?,Proportion du nombre de cas d’une maladie dans une population à un instant donné.,Nombre de nouveaux cas d’une maladie dans une population pendant une certaine période.,Probabilité qu’un évènement (par exemple une maladie) survienne dans une population pendant une période donnée.,"Nombre de cas d’une maladie dans une population à un instant donné, rapporté à la taille de la population.",a,"{{objectif de connaissance
|Identifiant=OIC-009-19-B
|Item_parent=Introduction à l’éthique médicale
|Item_parent_short=Introduction à l’éthique médicale
|Rang=B
|Intitulé=Procédure collégiale
|Description=Connaître le rôle et les modalités de la délibération collégiale dans les situations de fin de vie
|Rubrique=Prise en charge
|Contributeurs=Roberto Poma
|Ordre=19}}Lorsqu’une personne maintenue en vie artificiellement ou en fin de vie ne peut s’exprimer, c’est au médecin que revient la décision de poursuivre, limiter ou arrêter les traitements.

Pour l’aider à prendre la meilleure décision pour cette personne, la législation prévoit la mise en place d’une '''procédure collégiale''', c’est-à-dire une succession de démarches à réaliser de façon collective. La procédure collégiale peut être demandée par le médecin, l’équipe médicale mais aussi par la famille et les proches sur le fondement des directives anticipées dont ils seraient dépositaires. La décision finale appartient au médecin qui doit la motiver et l’inscrire dans le dossier médical du patient. Il s’agit d’une procédure de concertation entre le médecin en charge du patient et, au moins, un autre médecin extérieur qui intervient à titre de consultant. Cependant la personne de confiance, la famille, les proches doivent participer et comprendre les démarches, les décisions prises et leurs motivations ; ils doivent être consultés et écoutés même si leurs demandes ne peuvent pas toujours être satisfaites. La procédure cherche à établir la volonté de la personne ''via'' l’examen des directives anticipées ou, à défaut, par le témoignage de la personne de confiance, ou à défaut, par celui de la famille ou d’un des proches du patient. Les principales situations où la loi impose le recours à cette procédure avant toute décision sont l’obstination déraisonnable et la sédation profonde et continue jusqu’au décès (SPCJD).

''Enjeux éthiques''. Les situations cliniques sont souvent complexes et incertaines. Un pronostic péjoratif ou le risque de décès ne doivent pas conduire nécessairement à la mise en place d’une sédation profonde et continue, même si on arrête les traitements actifs. La sédation profonde et continue « préventive » n’est pas une réponse systématique. Il est important de s’interroger sur les autres alternatives médicamenteuses et non médicamenteuses pour répondre aux souffrances des personnes malades en adaptant au plus juste les soins en fonction des demandes et de leurs besoins.

Le CCNE (avis 139 rendu publique le 13 septembre 2022) met l’accent sur deux principes fondamentaux qu’il faut s’efforcer de concilier : le '''devoir de solidarité''' envers les personnes les plus fragiles, et '''le respect de l’autonomie de la personne'''. La délibération éthique se situe au niveau de l’appréciation de la valeur du droit à la vie. Si on accorde une valeur suprême et indiscutable au droit à la vie, tout compromis est inenvisageable. Le débat est clos. Si le respect du ''droit à la vie'' ne vaut pas ''devoir de vivre'' une vie jugée insupportable par celui ou celle qui la traverse, alors il n’y a pas d’obligation à vivre. Le débat reste ouvert.

''Bonnes pratiques''. « La procédure collégiale doit toujours consister en un processus délibératif et ne pas être réduite à sa dimension procédurale. Dans cet esprit, chaque participant à cette procédure collégiale doit pouvoir argumenter puis débattre au sein d’une concertation interdisciplinaire, sans hiérarchisation des arguments en fonction du rôle des professionnels présents. La position de chacun doit pouvoir évoluer sous l’influence des arguments d’autrui pour aboutir à une appréciation juste et proportionnée dans l’intérêt de la personne soignée. Ce processus exige des compétences plurielles, nécessite du temps et de la disponibilité. Il doit faire l’objet d’une mention écrite et argumentée dans le dossier médical du patient » (p. 22).",1.0,11.093947368421052,False,True,0.6535496711730957,0.9002910455067953,False,3,False
61,OIC-009-19-B,La standardisation permet de comparer des mesures de fréquence issues de populations ayant la même structure d’âge et de sexe.,Vrai,Faux,Vrai,Faux,b,"{{objectif de connaissance
|Identifiant=OIC-009-19-B
|Item_parent=Introduction à l’éthique médicale
|Item_parent_short=Introduction à l’éthique médicale
|Rang=B
|Intitulé=Procédure collégiale
|Description=Connaître le rôle et les modalités de la délibération collégiale dans les situations de fin de vie
|Rubrique=Prise en charge
|Contributeurs=Roberto Poma
|Ordre=19}}Lorsqu’une personne maintenue en vie artificiellement ou en fin de vie ne peut s’exprimer, c’est au médecin que revient la décision de poursuivre, limiter ou arrêter les traitements.

Pour l’aider à prendre la meilleure décision pour cette personne, la législation prévoit la mise en place d’une '''procédure collégiale''', c’est-à-dire une succession de démarches à réaliser de façon collective. La procédure collégiale peut être demandée par le médecin, l’équipe médicale mais aussi par la famille et les proches sur le fondement des directives anticipées dont ils seraient dépositaires. La décision finale appartient au médecin qui doit la motiver et l’inscrire dans le dossier médical du patient. Il s’agit d’une procédure de concertation entre le médecin en charge du patient et, au moins, un autre médecin extérieur qui intervient à titre de consultant. Cependant la personne de confiance, la famille, les proches doivent participer et comprendre les démarches, les décisions prises et leurs motivations ; ils doivent être consultés et écoutés même si leurs demandes ne peuvent pas toujours être satisfaites. La procédure cherche à établir la volonté de la personne ''via'' l’examen des directives anticipées ou, à défaut, par le témoignage de la personne de confiance, ou à défaut, par celui de la famille ou d’un des proches du patient. Les principales situations où la loi impose le recours à cette procédure avant toute décision sont l’obstination déraisonnable et la sédation profonde et continue jusqu’au décès (SPCJD).

''Enjeux éthiques''. Les situations cliniques sont souvent complexes et incertaines. Un pronostic péjoratif ou le risque de décès ne doivent pas conduire nécessairement à la mise en place d’une sédation profonde et continue, même si on arrête les traitements actifs. La sédation profonde et continue « préventive » n’est pas une réponse systématique. Il est important de s’interroger sur les autres alternatives médicamenteuses et non médicamenteuses pour répondre aux souffrances des personnes malades en adaptant au plus juste les soins en fonction des demandes et de leurs besoins.

Le CCNE (avis 139 rendu publique le 13 septembre 2022) met l’accent sur deux principes fondamentaux qu’il faut s’efforcer de concilier : le '''devoir de solidarité''' envers les personnes les plus fragiles, et '''le respect de l’autonomie de la personne'''. La délibération éthique se situe au niveau de l’appréciation de la valeur du droit à la vie. Si on accorde une valeur suprême et indiscutable au droit à la vie, tout compromis est inenvisageable. Le débat est clos. Si le respect du ''droit à la vie'' ne vaut pas ''devoir de vivre'' une vie jugée insupportable par celui ou celle qui la traverse, alors il n’y a pas d’obligation à vivre. Le débat reste ouvert.

''Bonnes pratiques''. « La procédure collégiale doit toujours consister en un processus délibératif et ne pas être réduite à sa dimension procédurale. Dans cet esprit, chaque participant à cette procédure collégiale doit pouvoir argumenter puis débattre au sein d’une concertation interdisciplinaire, sans hiérarchisation des arguments en fonction du rôle des professionnels présents. La position de chacun doit pouvoir évoluer sous l’influence des arguments d’autrui pour aboutir à une appréciation juste et proportionnée dans l’intérêt de la personne soignée. Ce processus exige des compétences plurielles, nécessite du temps et de la disponibilité. Il doit faire l’objet d’une mention écrite et argumentée dans le dossier médical du patient » (p. 22).",1.0,14.040000000000003,False,False,0.5516834855079651,0.6524282693862915,False,5,False
62,OIC-009-20-B,Quelle mesure d'association permet d'interpréter la différence observée en fonction de la variabilité de la mesure?,Coefficient de corrélation linéaire (r),Différence de moyennes entre les deux groupes rapportée à l'écart type (''d'' de Cohen),Réduction absolue de risque (RAR),Réduction relative de risque (RRR),b,"{{objectif de connaissance
|Identifiant=OIC-009-20-B
|Item_parent=Introduction à l’éthique médicale
|Item_parent_short=Introduction à l’éthique médicale
|Rang=B
|Intitulé=Les directives anticipées
|Description=Connaître la définition des directives anticipées, les finalités et la façon dont elles s’imposent à l’équipe soignante. Connaître la définition et le rôle de la personne de confiance.
|Rubrique=Définition
|Contributeurs=
|Ordre=20}}

== I- Evolution de la règle de droit et de la loi sur la fin de vie ==
Pour comprendre les enjeux et les modalités de prise en charge de la fin de vie, il convient de connaitre l’évolution du regard de la société traduit par l’évolution du droit. 

* La	circulaire du 26 août 1986 : la circulaire « Laroque »,	relative à l’organisation des soins et à l’accompagnement des	malades en phase terminale définit pour la première fois en France	les soins palliatifs, qu’il nomme « soins d’accompagnement »,	comme « visant à répondre aux besoins spécifiques des	personnes parvenues au terme de leur existence » ;

* <nowiki>La	loi du 9 juin 1999 visant à garantir le droit à l’accès aux	soins palliatifs : elle ouvre le droit à des soins palliatifs	et à un accompagnement à « toute personne malade dont l’état	le requiert ». L’article 1 définit les soins palliatifs	comme des « soins actifs et continus pratiqués par une équipe	interdisciplinaire en institution ou à domicile, [qui] visent à	soulager la douleur, apaiser la souffrance physique, à sauvegarder	la dignité de la personne malade et à soutenir son entourage ».</nowiki>

* La	loi du 4 mars 2002, dite « loi Kouchner », sur les droits des	malades : place la personne au centre du processus de décision	la concernant. Ce texte pose que « toute personne prend, avec le	professionnel de santé et compte tenu des informations et des	préconisations qu’il lui fournit, les décisions concernant sa	santé »  et précise qu’« aucun acte médical ni aucun	traitement ne peut être pratiqué sans le consentement libre et	éclairé de la personne ». Le médecin a par ailleurs l’obligation	d’informer la personne sur son état de santé, les traitements et	leurs conséquences possibles. Cette loi instaure également la	possibilité de désigner une « personne de confiance », qui	doit être consultée dans le cas où le patient ne peut pas	s’exprimer.

* La	loi du 22 avril 2005 dite « loi Léonetti », relative aux droits	des malades et à la fin de vie, réaffirme le droit de toute	personne « de refuser ou de ne pas recevoir un traitement » ou non	du refus de toute obstination déraisonnable. Elle reconnaît la	possibilité pour le médecin, au nom du même principe, de limiter	ou d’arrêter des soins et/ou d’appliquer un traitement pouvant	avoir pour effet secondaire d’abréger la vie, s’il « constate	qu’il ne peut soulager la souffrance d’une personne, en phase	avancée ou terminale d’une affection grave et incurable » (c’est	ce que l’on appelle de double effet), à condition d’en informer	le malade, la personne de confiance, la famille ou à défaut un des	proches ». Elle ouvre le droit pour cette personne de demander la	limitation ou l’arrêt de son traitement, et fera obligation au	médecin de respecter sa volonté « après l’avoir informée des	conséquences de son choix ». Elle indique que toute personne	majeure peut « rédiger des directives anticipées pour les cas où	elle serait un jour hors d’état d’exprimer sa volonté » qui	« indiquent les souhaits de la personne relatifs à sa fin de	vie concernant les conditions de la limitation ou l’arrêt des	traitements ». Le médecin doit en tenir compte pour toute décision	« à condition qu’elles aient été établies moins de trois	ans avant l’état d’inconscience de la personne ».

* La	loi du 2 février 2016 dite « loi Claeys-Léonetti » crée de	nouveaux droits en faveur des malades et des personnes en fin de	vie. Dans le cas où la personne n’est pas en état d’exprimer	sa volonté, la loi fait au médecin « obligation de	s’enquérir de l’expression de la volonté exprimée par le	patient » (art. 10) en recourant notamment aux directives	anticipées et à la personne de confiance quand elles existent.	Elle introduit le droit à la « sédation profonde et continue »	d’un patient atteint d’une affection grave et incurable, lorsque	« le pronostic vital est engagé à court terme [et qu’il]	présente une souffrance réfractaire aux traitements », ou lorsque	sa décision d’arrêter un traitement « engage son pronostic	vital à court terme et est susceptible d’entraîner une	souffrance insupportable ». On nomme sédation profonde et	continue la démarche de soin qui consiste à utiliser des moyens	médicamenteux dans le but de soulager les douleurs. Elle implique	une diminution ou une perte de la conscience du patient. Soulignons	que dans le cadre de cette loi, l’euthanasie et le suicide assisté	demeurent interdits en France.

La loi permet ainsi de répondre à deux situations médicales ; la limitation des soins et l’arrêt des soins. Les deux s’inscrivent dans le fait d’éviter l’obstination déraisonnable.

* Dans	la limitation il s’agit de renoncer à mettre en œuvre des moyens	susceptibles de prolonger une vie très compromise. Il s’agit de	ne pas entreprendre certains soins de prolongation qui sont	techniquement possibles mais sans finalité d’ amélioration	du patient ;
* Dans	l’arrêt : il s’agit de la suspension d’un traitement	vital en cours par exemple une respiration artificielle.

Dans tous les cas la question de l’information et du consentement est centrale. En effet  une décision peut être prise sur demande du malade ou non ; et connaitre son sentiment et ses dernières volontés est essentiel. Il faut en alors distinguer et débattre de deux situations :

* Celle	où le patient a fait ou fait une demande ou peut participer à la	discussion avec l’équipe ;
* Celle	où le patient n’a rien exprimé, ne peut plus rien exprimer et où	la demande émane des proches (interrogation sur la volonté de la	personne et mise en question du concept d’autonomie).

Ainsi, quand les patients sont inconscients ou avec une capacité d'expression et de compréhension réduite, l'incorporation de l'avis et du consentement du patient dans les prises de décision est très problématique. Les pistes possibles sont de plusieurs ordres :

* Les	directives anticipées sont des manifestations par lesquelles les	personnes mentalement compétentes peuvent établir de façon	anticipée et par écrit la manière dont elles voudraient être	traitées en cas d'hospitalisation, ayant perdu leur capacité à	s'exprimer.	Elles peuvent, entre autre, concerner des décisions de fin de vie,	c’est à dire que la personne peut y faire figurer le type de	décision qu’elle souhaiterait. Mais rare sont encore les patients	qui en rédigent ;
* Le	témoignage des proches ou de la personne de confiance :	témoignage nécessaire mais posant questions (Quels proches ?	Quelle fiabilité ? Quelle hiérarchie entre ces proches ?)	

Dans tous les cas, les soignants ont de par la loi et les bonnes pratiques professionnelles, un devoir de collégialité. En effet, la limitation ou l'arrêt de traitement ne peut être réalisé sans avoir respecté une procédure collégiale entre professionnels et sans que les directives anticipées de la personne aient été prises en compte (s’il en existe) ou que la personne de confiance ou la famille ou, à défaut, un de ses proches n’aient été consultés. 

Chaque étape de la décision motivée de limitation ou d'arrêt de traitement doit être inscrite dans le dossier médical.

== II- Place et rôle de la personne de confiance en fin de vie ==
Outre l’optimisation du droit à l’information du patient, d’autres droits ont permis la mise en place de nouvelles pratiques utiles à l’amélioration de la relation soignants – soignés.

Le droit de désigner une personne de confiance est inscrite dans le code de santé publique suite à la loi du 4 mars 2002.

Depuis longtemps, les équipes soignantes sont soucieuses de voir comment un proche du patient, tiers relationnel et médiateur, peut aider à construire du lien dans les parcours de prise en charge et porter la parole du patient, en particulier là où ce dernier ne peut ou ne veut participer seul à la décision. Cette réflexion s’est traduite par l’introduction, dans la loi dite de « démocratie sanitaire » du 4 mars 2002, de la notion de « personne de confiance ».

La personne de confiance dans son acception première, a pour rôle, après désignation par le patient (désignation qui permet alors un partage du secret), d’assister ce dernier dans ses démarches de soins, de l’accompagner physiquement et/ou psychologiquement et de faire le lien avec les équipes médicales. Elle est donc un accompagnant du soin au quotidien et des démarches de choix et de décision que fait le patient.

Ce rôle premier mérite d’être rappelé car, parfois, la personne de confiance n’est encore perçue que comme un interlocuteur des situations de crises majeures, comme par exemple, les arrêts ou limitations de soins en fin de vie ou la question du prélèvement d’organes post-mortem ; situations où la personne de confiance est amené à témoigner des désirs du patient. La mission d’accompagnement dans le parcours de soins classique est importante.

== III- Rédaction de directives anticipées de fin de vie ==
La loi du 22 avril 2005, relative aux droits des malades et à la fin de vie, instaurait la possibilité du refus de soins, dès lors que ces derniers apparaissent « inutiles, disproportionnés, ou n’ayant d’autre effet que le seul maintien artificiel de la vie ». Ce refus se concrétise par un arrêt ou une limitation des soins, curatifs ou palliatifs avec, pour conséquence, le décès, à plus ou moins court terme, du patient. Cette démarche autorisée par la loi a pu être qualifiée de « droit au laisser mourir ». La loi n° 2016-87 du 2 février 2016, dite loi « fin de vie » est une évolution de celle de 2005 et renforce les droits en faveur des personnes malades en fin de vie, et précise le rôle important que peuvent jouer les directives anticipées.

En situation de fin de vie, en terme éthique, ce qui va être déterminant, c’est le degré d’autonomie de pensée du patient, véritable critère de qualification de sa capacité à développer une argumentation cohérente et réfléchie face à une telle décision.

De manière pratique, deux cas de figure se dégagent :

1) Si le patient est conscient et capable de participer à une délibération, étayée par l’acquisition d’un savoir suffisant concernant sa maladie et son évolution (transmis par le médecin), il sera associé à cette décision. Médecin et patient construisent alors un échange complexe et intime où le patient exprime son incapacité à lutter davantage et son souhait de ne pas prolonger sa vie. Ainsi, un dialogue peut se nouer et permettre d’attester, au fil du temps, de la légitimité et de la réalité d’une demande de fin de vie. Le médecin peut donner alors suite à la demande formulée, après discussions et réflexions approfondies avec le patient.

2) Pour les patients dans l’incapacité de s’exprimer, il s’est construit un large consensus sur l’importance de rechercher son avis pour l’intégrer à la décision. C’est pourquoi la loi de 2005 précise que « lorsqu’une personne, en phase avancée ou terminale, d’une affection grave et incurable, quelle qu’en soit la cause, est hors d’état d’exprimer sa volonté, le médecin peut décider de limiter ou d’arrêter un traitement, inutile ou impuissant à améliorer l’état du malade, après avoir respecté la procédure collégiale et consulté la personne de confiance, la famille et, le cas échéant, les directives anticipées de la personne ». On fait intervenir ici, pour s’approcher du respect de la volonté du patient, la notion de témoignage de ce que la personne aurait souhaité. Ce témoignage peut être porté par écrit par le patient (directives anticipées), ou verbalement par les proches, en particulier par la personne de confiance (si le patient en a désigné une).

Le principe des directives anticipées est né aux Etats-Unis ; appelées aussi testament de vie, à la fin des années 1960, pour permettre l’intégration de l’avis des patients dans le processus décisionnel de fin de vie. En 1990, le ''Patient Self Determination Act'', voté par le Congrès aux États-Unis, a rendu obligatoire une information au patient sur ces directives anticipées, lors de l’admission dans tous les hôpitaux. De même, il oblige les professionnels à vérifier systématiquement si leurs patients ont – ou non – établi de tels documents, et de l’indiquer dans le dossier médical.  En France, une enquête révélait que, en 2000, seulement 6 % des patients faisant l’objet d’une limitation des thérapeutiques actives (LATA) en réanimation disposaient de directives anticipées ou avaient désigné un interlocuteur (équivalent de la personne de confiance) habilité à les représenter. C’est pourquoi la loi de 2005 a instauré ce dispositif avec pour objectif que les professionnels le proposent aux patients, sans l’imposer, et aient pour obligation, dans le cadre d’une démarche d’arrêt ou de limitation des soins, de rechercher si des directives ont été rédigées.

L’évolution de la loi en 2016 était nécessaire pour rappeler que le refus de tout traitement en fin de vie est un droit du malade et que ses volontés doivent être respectées. C’est pourquoi elle avait pour objectif de renforcer et préciser la place des directives anticipées. Soulignons que désormais, à travers cette loi, il existe une hiérarchie concernant les moyens de tracer la volonté d’un patient ; d’abord les directives anticipées, puis à défaut le témoignage de la personne de confiance, puis à défaut tout autre témoignage de la famille ou des proches. 

Mais des questions perdurent, en particulier quand les patient n’ont pas rédigé de directives anticipées, ou que celles-ci ne sont pas adaptées à la situation clinique, ni désigné de personne de confiance, ou en cas de désaccord des proches. Dans toutes ces situations les équipes devront continuer à œuvrer au dialogue et à l’éthique de la discussion au nom des principes de bienfaisance et de non malfaisance.  



'''Ce que la loi relative à la fin de vie souligne :''' 

• L’idée est que chaque professionnel puisse parler de cette loi sur la fin de vie, des directives anticipées et de leur place par rapport à la personne de confiance, au moment opportun, en fonction de l’évolution de la maladie, avec son patient.

• Une obligation pour les professionnels de santé de mettre en œuvre tous les moyens à leur disposition pour que toute personne ait le droit d’avoir une fin de vie digne et accompagnée du meilleur apaisement possible de la souffrance. 

• La reconnaissance d’un droit pour le patient, à l’arrêt ou à la limitation de traitement au titre du refus de l’obstination déraisonnable. 

• Une obligation pour le médecin de respecter la volonté de la personne de refuser ou de ne pas recevoir un traitement après l’avoir informée des conséquences de ses choix et de leur gravité.

• Un rôle renforcé d’information des médecins auprès de leurs patients sur la possibilité de rédaction de directives anticipées et/ou de désigner une personne de confiance.

• La nécessité de prendre des décisions collégiales.

• Le fait que les directives anticipées inscrites dans la loi sont désormais opposables, c’est-à-dire que les médecins référents d’un malade inconscient doivent suivre les perspectives écrites dans ce document si celles-ci sont appropriées à la situation médicale. 

• Le fait qu’il existe un hiérarchie concernant les moyens de tracer la volonté d’un patient ; d’abord les directives anticipées, puis à défaut le témoignage de la personne de confiance, puis à défaut tout autre témoignage de la famille ou des proches.  ",1.0,16.462500000000002,False,True,0.5731536149978638,0.6028140187263489,True,2,False
63,OIC-009-20-B,Quel paramètre peut être estimé à partir d’une étude cas-témoins?,Risque relatif (RR),Odds ratio (OR),Rapport de taux d’incidence brut,Rapport de taux d’incidence ajusté,b,"{{objectif de connaissance
|Identifiant=OIC-009-20-B
|Item_parent=Introduction à l’éthique médicale
|Item_parent_short=Introduction à l’éthique médicale
|Rang=B
|Intitulé=Les directives anticipées
|Description=Connaître la définition des directives anticipées, les finalités et la façon dont elles s’imposent à l’équipe soignante. Connaître la définition et le rôle de la personne de confiance.
|Rubrique=Définition
|Contributeurs=
|Ordre=20}}

== I- Evolution de la règle de droit et de la loi sur la fin de vie ==
Pour comprendre les enjeux et les modalités de prise en charge de la fin de vie, il convient de connaitre l’évolution du regard de la société traduit par l’évolution du droit. 

* La	circulaire du 26 août 1986 : la circulaire « Laroque »,	relative à l’organisation des soins et à l’accompagnement des	malades en phase terminale définit pour la première fois en France	les soins palliatifs, qu’il nomme « soins d’accompagnement »,	comme « visant à répondre aux besoins spécifiques des	personnes parvenues au terme de leur existence » ;

* <nowiki>La	loi du 9 juin 1999 visant à garantir le droit à l’accès aux	soins palliatifs : elle ouvre le droit à des soins palliatifs	et à un accompagnement à « toute personne malade dont l’état	le requiert ». L’article 1 définit les soins palliatifs	comme des « soins actifs et continus pratiqués par une équipe	interdisciplinaire en institution ou à domicile, [qui] visent à	soulager la douleur, apaiser la souffrance physique, à sauvegarder	la dignité de la personne malade et à soutenir son entourage ».</nowiki>

* La	loi du 4 mars 2002, dite « loi Kouchner », sur les droits des	malades : place la personne au centre du processus de décision	la concernant. Ce texte pose que « toute personne prend, avec le	professionnel de santé et compte tenu des informations et des	préconisations qu’il lui fournit, les décisions concernant sa	santé »  et précise qu’« aucun acte médical ni aucun	traitement ne peut être pratiqué sans le consentement libre et	éclairé de la personne ». Le médecin a par ailleurs l’obligation	d’informer la personne sur son état de santé, les traitements et	leurs conséquences possibles. Cette loi instaure également la	possibilité de désigner une « personne de confiance », qui	doit être consultée dans le cas où le patient ne peut pas	s’exprimer.

* La	loi du 22 avril 2005 dite « loi Léonetti », relative aux droits	des malades et à la fin de vie, réaffirme le droit de toute	personne « de refuser ou de ne pas recevoir un traitement » ou non	du refus de toute obstination déraisonnable. Elle reconnaît la	possibilité pour le médecin, au nom du même principe, de limiter	ou d’arrêter des soins et/ou d’appliquer un traitement pouvant	avoir pour effet secondaire d’abréger la vie, s’il « constate	qu’il ne peut soulager la souffrance d’une personne, en phase	avancée ou terminale d’une affection grave et incurable » (c’est	ce que l’on appelle de double effet), à condition d’en informer	le malade, la personne de confiance, la famille ou à défaut un des	proches ». Elle ouvre le droit pour cette personne de demander la	limitation ou l’arrêt de son traitement, et fera obligation au	médecin de respecter sa volonté « après l’avoir informée des	conséquences de son choix ». Elle indique que toute personne	majeure peut « rédiger des directives anticipées pour les cas où	elle serait un jour hors d’état d’exprimer sa volonté » qui	« indiquent les souhaits de la personne relatifs à sa fin de	vie concernant les conditions de la limitation ou l’arrêt des	traitements ». Le médecin doit en tenir compte pour toute décision	« à condition qu’elles aient été établies moins de trois	ans avant l’état d’inconscience de la personne ».

* La	loi du 2 février 2016 dite « loi Claeys-Léonetti » crée de	nouveaux droits en faveur des malades et des personnes en fin de	vie. Dans le cas où la personne n’est pas en état d’exprimer	sa volonté, la loi fait au médecin « obligation de	s’enquérir de l’expression de la volonté exprimée par le	patient » (art. 10) en recourant notamment aux directives	anticipées et à la personne de confiance quand elles existent.	Elle introduit le droit à la « sédation profonde et continue »	d’un patient atteint d’une affection grave et incurable, lorsque	« le pronostic vital est engagé à court terme [et qu’il]	présente une souffrance réfractaire aux traitements », ou lorsque	sa décision d’arrêter un traitement « engage son pronostic	vital à court terme et est susceptible d’entraîner une	souffrance insupportable ». On nomme sédation profonde et	continue la démarche de soin qui consiste à utiliser des moyens	médicamenteux dans le but de soulager les douleurs. Elle implique	une diminution ou une perte de la conscience du patient. Soulignons	que dans le cadre de cette loi, l’euthanasie et le suicide assisté	demeurent interdits en France.

La loi permet ainsi de répondre à deux situations médicales ; la limitation des soins et l’arrêt des soins. Les deux s’inscrivent dans le fait d’éviter l’obstination déraisonnable.

* Dans	la limitation il s’agit de renoncer à mettre en œuvre des moyens	susceptibles de prolonger une vie très compromise. Il s’agit de	ne pas entreprendre certains soins de prolongation qui sont	techniquement possibles mais sans finalité d’ amélioration	du patient ;
* Dans	l’arrêt : il s’agit de la suspension d’un traitement	vital en cours par exemple une respiration artificielle.

Dans tous les cas la question de l’information et du consentement est centrale. En effet  une décision peut être prise sur demande du malade ou non ; et connaitre son sentiment et ses dernières volontés est essentiel. Il faut en alors distinguer et débattre de deux situations :

* Celle	où le patient a fait ou fait une demande ou peut participer à la	discussion avec l’équipe ;
* Celle	où le patient n’a rien exprimé, ne peut plus rien exprimer et où	la demande émane des proches (interrogation sur la volonté de la	personne et mise en question du concept d’autonomie).

Ainsi, quand les patients sont inconscients ou avec une capacité d'expression et de compréhension réduite, l'incorporation de l'avis et du consentement du patient dans les prises de décision est très problématique. Les pistes possibles sont de plusieurs ordres :

* Les	directives anticipées sont des manifestations par lesquelles les	personnes mentalement compétentes peuvent établir de façon	anticipée et par écrit la manière dont elles voudraient être	traitées en cas d'hospitalisation, ayant perdu leur capacité à	s'exprimer.	Elles peuvent, entre autre, concerner des décisions de fin de vie,	c’est à dire que la personne peut y faire figurer le type de	décision qu’elle souhaiterait. Mais rare sont encore les patients	qui en rédigent ;
* Le	témoignage des proches ou de la personne de confiance :	témoignage nécessaire mais posant questions (Quels proches ?	Quelle fiabilité ? Quelle hiérarchie entre ces proches ?)	

Dans tous les cas, les soignants ont de par la loi et les bonnes pratiques professionnelles, un devoir de collégialité. En effet, la limitation ou l'arrêt de traitement ne peut être réalisé sans avoir respecté une procédure collégiale entre professionnels et sans que les directives anticipées de la personne aient été prises en compte (s’il en existe) ou que la personne de confiance ou la famille ou, à défaut, un de ses proches n’aient été consultés. 

Chaque étape de la décision motivée de limitation ou d'arrêt de traitement doit être inscrite dans le dossier médical.

== II- Place et rôle de la personne de confiance en fin de vie ==
Outre l’optimisation du droit à l’information du patient, d’autres droits ont permis la mise en place de nouvelles pratiques utiles à l’amélioration de la relation soignants – soignés.

Le droit de désigner une personne de confiance est inscrite dans le code de santé publique suite à la loi du 4 mars 2002.

Depuis longtemps, les équipes soignantes sont soucieuses de voir comment un proche du patient, tiers relationnel et médiateur, peut aider à construire du lien dans les parcours de prise en charge et porter la parole du patient, en particulier là où ce dernier ne peut ou ne veut participer seul à la décision. Cette réflexion s’est traduite par l’introduction, dans la loi dite de « démocratie sanitaire » du 4 mars 2002, de la notion de « personne de confiance ».

La personne de confiance dans son acception première, a pour rôle, après désignation par le patient (désignation qui permet alors un partage du secret), d’assister ce dernier dans ses démarches de soins, de l’accompagner physiquement et/ou psychologiquement et de faire le lien avec les équipes médicales. Elle est donc un accompagnant du soin au quotidien et des démarches de choix et de décision que fait le patient.

Ce rôle premier mérite d’être rappelé car, parfois, la personne de confiance n’est encore perçue que comme un interlocuteur des situations de crises majeures, comme par exemple, les arrêts ou limitations de soins en fin de vie ou la question du prélèvement d’organes post-mortem ; situations où la personne de confiance est amené à témoigner des désirs du patient. La mission d’accompagnement dans le parcours de soins classique est importante.

== III- Rédaction de directives anticipées de fin de vie ==
La loi du 22 avril 2005, relative aux droits des malades et à la fin de vie, instaurait la possibilité du refus de soins, dès lors que ces derniers apparaissent « inutiles, disproportionnés, ou n’ayant d’autre effet que le seul maintien artificiel de la vie ». Ce refus se concrétise par un arrêt ou une limitation des soins, curatifs ou palliatifs avec, pour conséquence, le décès, à plus ou moins court terme, du patient. Cette démarche autorisée par la loi a pu être qualifiée de « droit au laisser mourir ». La loi n° 2016-87 du 2 février 2016, dite loi « fin de vie » est une évolution de celle de 2005 et renforce les droits en faveur des personnes malades en fin de vie, et précise le rôle important que peuvent jouer les directives anticipées.

En situation de fin de vie, en terme éthique, ce qui va être déterminant, c’est le degré d’autonomie de pensée du patient, véritable critère de qualification de sa capacité à développer une argumentation cohérente et réfléchie face à une telle décision.

De manière pratique, deux cas de figure se dégagent :

1) Si le patient est conscient et capable de participer à une délibération, étayée par l’acquisition d’un savoir suffisant concernant sa maladie et son évolution (transmis par le médecin), il sera associé à cette décision. Médecin et patient construisent alors un échange complexe et intime où le patient exprime son incapacité à lutter davantage et son souhait de ne pas prolonger sa vie. Ainsi, un dialogue peut se nouer et permettre d’attester, au fil du temps, de la légitimité et de la réalité d’une demande de fin de vie. Le médecin peut donner alors suite à la demande formulée, après discussions et réflexions approfondies avec le patient.

2) Pour les patients dans l’incapacité de s’exprimer, il s’est construit un large consensus sur l’importance de rechercher son avis pour l’intégrer à la décision. C’est pourquoi la loi de 2005 précise que « lorsqu’une personne, en phase avancée ou terminale, d’une affection grave et incurable, quelle qu’en soit la cause, est hors d’état d’exprimer sa volonté, le médecin peut décider de limiter ou d’arrêter un traitement, inutile ou impuissant à améliorer l’état du malade, après avoir respecté la procédure collégiale et consulté la personne de confiance, la famille et, le cas échéant, les directives anticipées de la personne ». On fait intervenir ici, pour s’approcher du respect de la volonté du patient, la notion de témoignage de ce que la personne aurait souhaité. Ce témoignage peut être porté par écrit par le patient (directives anticipées), ou verbalement par les proches, en particulier par la personne de confiance (si le patient en a désigné une).

Le principe des directives anticipées est né aux Etats-Unis ; appelées aussi testament de vie, à la fin des années 1960, pour permettre l’intégration de l’avis des patients dans le processus décisionnel de fin de vie. En 1990, le ''Patient Self Determination Act'', voté par le Congrès aux États-Unis, a rendu obligatoire une information au patient sur ces directives anticipées, lors de l’admission dans tous les hôpitaux. De même, il oblige les professionnels à vérifier systématiquement si leurs patients ont – ou non – établi de tels documents, et de l’indiquer dans le dossier médical.  En France, une enquête révélait que, en 2000, seulement 6 % des patients faisant l’objet d’une limitation des thérapeutiques actives (LATA) en réanimation disposaient de directives anticipées ou avaient désigné un interlocuteur (équivalent de la personne de confiance) habilité à les représenter. C’est pourquoi la loi de 2005 a instauré ce dispositif avec pour objectif que les professionnels le proposent aux patients, sans l’imposer, et aient pour obligation, dans le cadre d’une démarche d’arrêt ou de limitation des soins, de rechercher si des directives ont été rédigées.

L’évolution de la loi en 2016 était nécessaire pour rappeler que le refus de tout traitement en fin de vie est un droit du malade et que ses volontés doivent être respectées. C’est pourquoi elle avait pour objectif de renforcer et préciser la place des directives anticipées. Soulignons que désormais, à travers cette loi, il existe une hiérarchie concernant les moyens de tracer la volonté d’un patient ; d’abord les directives anticipées, puis à défaut le témoignage de la personne de confiance, puis à défaut tout autre témoignage de la famille ou des proches. 

Mais des questions perdurent, en particulier quand les patient n’ont pas rédigé de directives anticipées, ou que celles-ci ne sont pas adaptées à la situation clinique, ni désigné de personne de confiance, ou en cas de désaccord des proches. Dans toutes ces situations les équipes devront continuer à œuvrer au dialogue et à l’éthique de la discussion au nom des principes de bienfaisance et de non malfaisance.  



'''Ce que la loi relative à la fin de vie souligne :''' 

• L’idée est que chaque professionnel puisse parler de cette loi sur la fin de vie, des directives anticipées et de leur place par rapport à la personne de confiance, au moment opportun, en fonction de l’évolution de la maladie, avec son patient.

• Une obligation pour les professionnels de santé de mettre en œuvre tous les moyens à leur disposition pour que toute personne ait le droit d’avoir une fin de vie digne et accompagnée du meilleur apaisement possible de la souffrance. 

• La reconnaissance d’un droit pour le patient, à l’arrêt ou à la limitation de traitement au titre du refus de l’obstination déraisonnable. 

• Une obligation pour le médecin de respecter la volonté de la personne de refuser ou de ne pas recevoir un traitement après l’avoir informée des conséquences de ses choix et de leur gravité.

• Un rôle renforcé d’information des médecins auprès de leurs patients sur la possibilité de rédaction de directives anticipées et/ou de désigner une personne de confiance.

• La nécessité de prendre des décisions collégiales.

• Le fait que les directives anticipées inscrites dans la loi sont désormais opposables, c’est-à-dire que les médecins référents d’un malade inconscient doivent suivre les perspectives écrites dans ce document si celles-ci sont appropriées à la situation médicale. 

• Le fait qu’il existe un hiérarchie concernant les moyens de tracer la volonté d’un patient ; d’abord les directives anticipées, puis à défaut le témoignage de la personne de confiance, puis à défaut tout autre témoignage de la famille ou des proches.  ",1.0,8.370000000000001,False,True,0.6515581607818604,0.6055166323979696,True,2,False
64,OIC-009-23-A,Qu'est-ce qu'un facteur d'interaction?,Un facteur qui modifie l'effet d'un traitement,Un facteur qui augmente l'effet d'un traitement,Un facteur qui n'a pas d'effet sur l'effet d'un traitement,Un facteur qui réduit l'effet d'un traitement,a,"{{objectif de connaissance
|Identifiant=OIC-009-23-A
|Item_parent=Introduction à l’éthique médicale
|Item_parent_short=Introduction à l’éthique médicale
|Rang=A
|Intitulé=Don d’organes
|Description=Connaître les questions et les principes éthiques impliqués dans les prélèvements et dons d'organes. Autonomie, consentement présumé, anonymat, gratuité (ou non patrimonialité), restauration du corps, justice, rôle de la personne de confiance, rôle des proches.
|Rubrique=Définition
|Contributeurs=Guillaume Grandazzi, Mylène Gouriot, Grégoire Moutel
|Ordre=23}}'''Principes éthiques et légaux du don d’organes'''

Les dons d'organes (cœur, rein, foie, poumons, etc.) ou autres éléments du corps humain (sang, moelle, sperme, peau, cornée…) sont, aujourd'hui, un enjeu essentiel de la pratique médicale mise en œuvre pour la préservation de la vie. 

Il s’agit d’un besoin majeur de santé publique puisque l’on réalise 5000 greffes par an environ ; mais il existe une liste d’attente importante (13000 besoins par an, donc 8000 patients non greffés, en attente ou à risque de décès).

Il y a donc un rôle central de tout médecin et acteur de santé dans les domaines de la sensibilisation du public, des patients, et des familles.

Selon les études, l'opinion a évolué depuis quelques années : 84% des Français sont favorables au don d'organes et sont d'accord pour que l'on prélève leurs organes en cas de décès.  Il y a eu une réelle évolution du traitement du sujet dans l'opinion publique. Désormais, accepter de donner ses organes est perçu comme un geste généreux, altruiste.

Les Lois de bioéthique ont conforté et fait évoluer les principes de la loi dite Caillavet de 1976, première loi fondatrice du don d’organe en France. La loi actuelle repose sur plusieurs principes :

* Prélèvement	à des fins scientifiques ou thérapeutiques ;
* Respect	du corps humain : inviolable, ne peut faire l’objet d’un droit	patrimonial ;
* Règles	de consentement ;
* Gratuité	du don ;
* Anonymat	entre le donneur et le receveur ;
* Etablissement	des diagnostics de mort ;
* Sécurité	sanitaire des prélèvements d’éléments du corps humain	(dépistage des maladies transmissibles) ;
* Rôle	de l’Agence de la Biomédecine (ABM) chargée de la gestion de la	liste d'attente et de l'attribution des greffons.


'''Les principes de gratuité et d’anonymat du don.'''

Ces principes sont inscrits dans les lois françaises.

Comme le soulignait Jean Rostand en 1966,  les atteintes au cadavre ne seront tolérables qu’autant qu’elles procéderont d’une intention généreuse, élevées et tendant à des fins positives, cliniques, scientifiques ou didactiques. 

Nous sommes pourtant dans une société où la gratuité ne va pas de soi. Dans un système économique strictement utilitariste tel que le nôtre, beaucoup de choses sont fondées sur une interprétation de la valeur en terme d’argent, dans un système marchand. Par ailleurs de plus en plus il faut payer pour aller sur la plage, payer pour longer une rivière, aller aux toilettes, parfois pour regarder un paysage. Toute activité humaine risque dans cet environnement de fait d’être soumise aux lois d’un marché.

La pratique médicale, en France, ne fait pas le choix du marché. Elle fait le choix de la solidarité, reposant sur le principe d’universalité d’accès aux soins pour tous, dans le respect du principe d’égalité. Par ailleurs nous sommes issus d’une tradition philosophique, issue du siècle des Lumières, qui a permis de promouvoir l’abolition de l’esclavage, c’est-à-dire d’abolir la commercialisation des personnes et des corps. La gratuité permet ainsi d’éviter les trafics d’êtres humains et d’organes. Elle permet aussi de protéger les personnes les plus faibles, en particulier en cas de don chez un vivant, afin qu’elles ne soient pas incités à vivre du commerce de leur corps. De même chez les héritiers d’un défunt, ils ne peuvent ainsi commercer sur la dépouille mortelle.

L’anonymat et le secret renforcent ''de facto'' le principe de gratuité, car ils empêchent tout contact entre environnement du donneur et receveur. Il permettent de plus un respect de la vie des familles et leur protection (éviter revendications ou remerciements abusifs, de délicats problèmes relationnels entre les familles concernées, faciliter le deuil de celle du donneur…).

Ils permettent aussi le respect de la vie privée des receveurs (respect de la convalescence d’une personne, destinée à vivre avec un organe ou des tissus étrangers à son propre corps). 

Comme a pu le souligner le philosophe J. Derrida, le don n’implique aucune logique de réciprocité. Selon lui donner sans attendre de recevoir, est une conception altruiste et de gratuité totale. 


'''Concernant le consentement et les questions qu’il soulève.'''

Pour le donneur décédé, le consentement, depuis 1976, est présumé chez le donneur décédé (toute personne qui n’a pas fait connaître son refus de son vivant à un don d’organes ou de tissus est considéré comme consentante).

Cependant pour le donneur décédé il y a possibilité aujourd’hui d’exprimer son refus. Ceci passe soit par un registre national des refus, soit par le témoignage des proches.

Pour le registre, toute personne âgée d’au moins 13 ans peut s’y inscrire, sans passer par l’intermédiaire d’un tiers. Ce refus peut être soit pour s’opposer à des prélèvements à des fins thérapeutiques, soit à des fins d’autopsie médicale dite scientifique, soit à des fins de recherche, mais l’opposition ne peut concerner les autopsies médico-légales (afin de ne pas entraver la démarche judiciaire de recherche de la vérité). Le registre peut aussi permettre de préciser le ou les parties du corps que l’on ne souhaite pas donner.

Il existe un cas particulier en cas de don chez des sujets mineurs décédés ou majeurs sous tutelle. Dans ces cas, le consentement est recueilli auprès des parents (chacun des titulaires de l’autorité parentale) ou du tuteur.

La question du témoignage de la famille et des proches a été cadré par une loi du 7 Août 2004, qui précise que le médecin doit s’efforcer de recueillir auprès de la personne de confiance, des proches, si il y a opposition éventuellement exprimée par le défunt de son vivant. Il s’agit donc bien de porter témoignage de la volonté du défunt, et non de formuler son avis en tant que proche. Mais en pratique la limite n’est-elle parfois pas complexe ?

De plus ceci pose souvent une question au quotidien : qui privilégier dans la famille ou parmi les proches ? Quid en cas de désaccord ? Quelle hiérarchie ? C’est pourquoi la loi incite à promouvoir la désignation d’une personne de confiance par chaque citoyen, y compris en bonne santé, pour lui confier également ce rôle de témoin. S’il existe une personne de confiance désignée, elle prime sur tout autre proche. Enfin signalons, même si elle ne figure pas dans la loi, la place importante de l’écrit du patient ou le fait que celui-ci dispose sur lui d’une carte de donneur signée.

On voit à travers cette délicate question du consentement des défunts le rôle majeur pédagogique et psychologique que doivent jouer les équipes de coordination en charge des prélèvements et du dialogue avec les proches.
<br />",0.0,18.420000000000005,False,True,0.6444321274757385,0.9548937479654948,False,2,False
65,OIC-009-23-A,Quel est le risque de conclure à tort à une différence si la valeur de p est inférieure à un seuil déterminé a priori?,Le risque de première espèce (alpha),Le risque de deuxième espèce (bêta),Le risque de troisième espèce (gamma),Le risque de quatrième espèce (delta),a,"{{objectif de connaissance
|Identifiant=OIC-009-23-A
|Item_parent=Introduction à l’éthique médicale
|Item_parent_short=Introduction à l’éthique médicale
|Rang=A
|Intitulé=Don d’organes
|Description=Connaître les questions et les principes éthiques impliqués dans les prélèvements et dons d'organes. Autonomie, consentement présumé, anonymat, gratuité (ou non patrimonialité), restauration du corps, justice, rôle de la personne de confiance, rôle des proches.
|Rubrique=Définition
|Contributeurs=Guillaume Grandazzi, Mylène Gouriot, Grégoire Moutel
|Ordre=23}}'''Principes éthiques et légaux du don d’organes'''

Les dons d'organes (cœur, rein, foie, poumons, etc.) ou autres éléments du corps humain (sang, moelle, sperme, peau, cornée…) sont, aujourd'hui, un enjeu essentiel de la pratique médicale mise en œuvre pour la préservation de la vie. 

Il s’agit d’un besoin majeur de santé publique puisque l’on réalise 5000 greffes par an environ ; mais il existe une liste d’attente importante (13000 besoins par an, donc 8000 patients non greffés, en attente ou à risque de décès).

Il y a donc un rôle central de tout médecin et acteur de santé dans les domaines de la sensibilisation du public, des patients, et des familles.

Selon les études, l'opinion a évolué depuis quelques années : 84% des Français sont favorables au don d'organes et sont d'accord pour que l'on prélève leurs organes en cas de décès.  Il y a eu une réelle évolution du traitement du sujet dans l'opinion publique. Désormais, accepter de donner ses organes est perçu comme un geste généreux, altruiste.

Les Lois de bioéthique ont conforté et fait évoluer les principes de la loi dite Caillavet de 1976, première loi fondatrice du don d’organe en France. La loi actuelle repose sur plusieurs principes :

* Prélèvement	à des fins scientifiques ou thérapeutiques ;
* Respect	du corps humain : inviolable, ne peut faire l’objet d’un droit	patrimonial ;
* Règles	de consentement ;
* Gratuité	du don ;
* Anonymat	entre le donneur et le receveur ;
* Etablissement	des diagnostics de mort ;
* Sécurité	sanitaire des prélèvements d’éléments du corps humain	(dépistage des maladies transmissibles) ;
* Rôle	de l’Agence de la Biomédecine (ABM) chargée de la gestion de la	liste d'attente et de l'attribution des greffons.


'''Les principes de gratuité et d’anonymat du don.'''

Ces principes sont inscrits dans les lois françaises.

Comme le soulignait Jean Rostand en 1966,  les atteintes au cadavre ne seront tolérables qu’autant qu’elles procéderont d’une intention généreuse, élevées et tendant à des fins positives, cliniques, scientifiques ou didactiques. 

Nous sommes pourtant dans une société où la gratuité ne va pas de soi. Dans un système économique strictement utilitariste tel que le nôtre, beaucoup de choses sont fondées sur une interprétation de la valeur en terme d’argent, dans un système marchand. Par ailleurs de plus en plus il faut payer pour aller sur la plage, payer pour longer une rivière, aller aux toilettes, parfois pour regarder un paysage. Toute activité humaine risque dans cet environnement de fait d’être soumise aux lois d’un marché.

La pratique médicale, en France, ne fait pas le choix du marché. Elle fait le choix de la solidarité, reposant sur le principe d’universalité d’accès aux soins pour tous, dans le respect du principe d’égalité. Par ailleurs nous sommes issus d’une tradition philosophique, issue du siècle des Lumières, qui a permis de promouvoir l’abolition de l’esclavage, c’est-à-dire d’abolir la commercialisation des personnes et des corps. La gratuité permet ainsi d’éviter les trafics d’êtres humains et d’organes. Elle permet aussi de protéger les personnes les plus faibles, en particulier en cas de don chez un vivant, afin qu’elles ne soient pas incités à vivre du commerce de leur corps. De même chez les héritiers d’un défunt, ils ne peuvent ainsi commercer sur la dépouille mortelle.

L’anonymat et le secret renforcent ''de facto'' le principe de gratuité, car ils empêchent tout contact entre environnement du donneur et receveur. Il permettent de plus un respect de la vie des familles et leur protection (éviter revendications ou remerciements abusifs, de délicats problèmes relationnels entre les familles concernées, faciliter le deuil de celle du donneur…).

Ils permettent aussi le respect de la vie privée des receveurs (respect de la convalescence d’une personne, destinée à vivre avec un organe ou des tissus étrangers à son propre corps). 

Comme a pu le souligner le philosophe J. Derrida, le don n’implique aucune logique de réciprocité. Selon lui donner sans attendre de recevoir, est une conception altruiste et de gratuité totale. 


'''Concernant le consentement et les questions qu’il soulève.'''

Pour le donneur décédé, le consentement, depuis 1976, est présumé chez le donneur décédé (toute personne qui n’a pas fait connaître son refus de son vivant à un don d’organes ou de tissus est considéré comme consentante).

Cependant pour le donneur décédé il y a possibilité aujourd’hui d’exprimer son refus. Ceci passe soit par un registre national des refus, soit par le témoignage des proches.

Pour le registre, toute personne âgée d’au moins 13 ans peut s’y inscrire, sans passer par l’intermédiaire d’un tiers. Ce refus peut être soit pour s’opposer à des prélèvements à des fins thérapeutiques, soit à des fins d’autopsie médicale dite scientifique, soit à des fins de recherche, mais l’opposition ne peut concerner les autopsies médico-légales (afin de ne pas entraver la démarche judiciaire de recherche de la vérité). Le registre peut aussi permettre de préciser le ou les parties du corps que l’on ne souhaite pas donner.

Il existe un cas particulier en cas de don chez des sujets mineurs décédés ou majeurs sous tutelle. Dans ces cas, le consentement est recueilli auprès des parents (chacun des titulaires de l’autorité parentale) ou du tuteur.

La question du témoignage de la famille et des proches a été cadré par une loi du 7 Août 2004, qui précise que le médecin doit s’efforcer de recueillir auprès de la personne de confiance, des proches, si il y a opposition éventuellement exprimée par le défunt de son vivant. Il s’agit donc bien de porter témoignage de la volonté du défunt, et non de formuler son avis en tant que proche. Mais en pratique la limite n’est-elle parfois pas complexe ?

De plus ceci pose souvent une question au quotidien : qui privilégier dans la famille ou parmi les proches ? Quid en cas de désaccord ? Quelle hiérarchie ? C’est pourquoi la loi incite à promouvoir la désignation d’une personne de confiance par chaque citoyen, y compris en bonne santé, pour lui confier également ce rôle de témoin. S’il existe une personne de confiance désignée, elle prime sur tout autre proche. Enfin signalons, même si elle ne figure pas dans la loi, la place importante de l’écrit du patient ou le fait que celui-ci dispose sur lui d’une carte de donneur signée.

On voit à travers cette délicate question du consentement des défunts le rôle majeur pédagogique et psychologique que doivent jouer les équipes de coordination en charge des prélèvements et du dialogue avec les proches.
<br />",1.0,10.978333333333332,False,True,0.6332324743270874,0.7890638311704,False,1,False
66,OIC-009-24-B,Quel type d’étude a la capacité d’apporter la preuve de la causalité?,Étude expérimentale,Étude observationnelle,Étude cas-témoins,Étude de cohorte,a,"{{objectif de connaissance
|Identifiant=OIC-009-24-B
|Item_parent=Introduction à l’éthique médicale
|Item_parent_short=Introduction à l’éthique médicale
|Rang=B
|Intitulé=Don et prélèvement d’organes sur personnes décédées
|Description=Connaître les dispositions légales encadrant le don d'organes et le prélèvement sur des personnes décédées. 
 Connaître la définition de la mort encéphalique et ses modalités diagnostiques
|Rubrique=Prise en charge
|Contributeurs=Guillaume Grandazzi, Mylène Gouriot, Grégoire Moutel
|Ordre=24}}


'''Le diagnostic de mort avant prélèvement sur un défunt'''

La définition de la mort « n’est que » la résultante d’un accord social (variable au fil du temps). Longtemps la mort a été reconnue à travers le cadavre inanimé ou froid. Puis est apparu la notion de mort par arrêt cardio circulatoire et ensuite celle de mort encéphalique.

En effet en 1959, Mollaret et Goulon définissent cette nouvelle définition de la mort qu’est la mort encéphalique, mais elle ne sera reconnue officiellement qu’en 1968 dans la circulaire légalisant le prélèvement d’organes sur un sujet en état de mort encéphalique (circulaire dite Jeanneney).

On peut donc dire qu’il existe aujourd’hui deux façons d’être mort, ce qu’a repris le ''décret n°96-1041 du 2 décembre 1996'' relatif au constat de la mort préalable au prélèvement d’organes, de tissus et de cellules à des fins thérapeutiques ou scientifiques et modifiant le code de santé publique)

# Patient	en arrêt cardiaque (critères cliniques) :
#* Absence	de conscience et d’activité motrice spontanée avec absence de		réaction à la stimulation ;
#* Abolition	de tous les réflexes du tronc cérébral ;
#* Absence	de ventilation spontanée ;
#* Dans	ce cas les prélèvements doivent être réalisés rapidement.
# Patient	en état de mort encéphalique :
#* Absence	de ventilation spontanée en épreuve d’hypercapnie ;
#* Deux	EEG sans activité décelable à 4H00 d’intervalle avec une durée		d’enregistrement chacun d’au moins 30 minutes et/ou	angiographie cérébrale montrant l’absence de circulation	efficace ;
#* Dans	ces cas, les prélèvements peuvent être différés et le corps	mort est maintenu en état circulatoire et ventilatoire pour		préserver la qualité des organes. Cet état est une source	importante quantitativement et qualitativement dans le cadre d’une	politique de don. 

Il convient, dans ce contexte de connaitre la classification de Maastricht et les questions qu’elle pose :

* les	personnes qui font un arrêt circulatoire, déclarées	décédées à la prise en charge (catégorie I de	Maastricht) ; 
* les	personnes qui font un arrêt circulatoire avec mise en œuvre d’un	massage cardiaque et d’une ventilation mécanique efficaces, mais	sans récupération d’une activité circulatoire (catégorie	II de Maastricht) ; 
* les	personnes pour lesquelles une décision de limitation ou d’arrêt	programmé des thérapeutiques est prise en raison du pronostic	des pathologies ayant amené la prise en charge en réanimation	(catégorie III de Maastricht) ; 
* les	personnes décédées en mort encéphalique qui font un arrêt	circulatoire irréversible au cours de la prise en charge en	réanimation (catégorie IV de Maastricht). 

La mort encéphalique est peu connue du grand public ; elle véhicule des représentations affectives complexes pour les proches puisque le corps est ventilé, présente des mouvements. Il existe de plus des craintes dans le grand public que l’on prélève, alors qu’il y aura encore une chance de vie. Il faut donc être très clair vis-à-vis des proches et poser la mort comme un état réel, irréversible. Il faut être à l’écoute, savoir expliquer et accompagner. Il y a un fort besoin de clarification pédagogique à deux niveaux sur ce sujet : d’abord en amont de tout décès auprès de tout citoyen et du grand public, puis lors d’un décès auprès des proches.


'''Un cas particulier : don d’organe et obstacle médico-légal'''

* Au	cas où survient un « obstacle médico-légal » au	moment du décès… ce n’est pas un obstacle ou un interdit au	prélèvement d’organes
* MAIS :
** Accord	Procureur de la République+++ (rôle du	dialogue	médecin légiste+++) /	La démarche de don peut être parfois compatible avec la démarche	médico légale.
** Le	ou les prélèvements en vue du don ne doivent pas intéresser des		zones ou organes nécessaires à la démarche d’expertise liée à	l’autopsie.
** La	question de la preuve et de la Justice passe avant la logique du	don.",1.0,9.740000000000002,False,True,0.6607415676116943,0.7869899471600851,False,2,False
67,OIC-009-25-B,Quelle est la principale caractéristique du processus de publication d’un article scientifique?,La publication est gratuite.,Le manuscrit est soumis à un comité de lecture.,L’article est publié directement sans évaluation.,Le processus est rapide et ne nécessite pas de validation.,b,"{{objectif de connaissance
|Identifiant=OIC-009-25-B
|Item_parent=Introduction à l’éthique médicale
|Item_parent_short=Introduction à l’éthique médicale
|Rang=B
|Intitulé=Don d’organes entre vivants
|Description=Connaître les dispositions légales encadrant le don d'organes entre vivants
|Rubrique=Définition
|Contributeurs=Guillaume Grandazzi, Mylène Gouriot, Grégoire Moutel
|Ordre=25}}Pour le don d’organes entre vivants, les principes spécifiques sont les suivants :

* Respecter		la procédure de consentement exposée ci-après ; 
* Prélèvement		autorisé uniquement s’il y a intérêt thérapeutique pour le	receveur ;
* Pas	de prélèvement d’organes chez majeurs protégés (tutelle,	curatelle) ou mineurs vivants (uniquement moelle,  cellules	hématopoïétiques issues de la moelle osseuse).

Qui peut être donneur vivant ? Historiquement, le donneur vivant devait avoir si possible la qualité de père ou de mère du receveur. Mais, depuis 2004, peuvent être donneurs le conjoint, les frères et sœurs, les fils et filles, les grands-parents, les oncles et tantes, les cousins germains et cousines germaines, ainsi que le conjoint de son père ou de sa mère (couples recomposés). Le donneur peut également être toute personne apportant la preuve d’une vie commune d’au moins deux ans avec le receveur. Il convient bien entendu que la compatibilité entre donneurs et receveurs soit médicament fiable. Ainsi la loi suit les évolutions de la société et de la demande médicale et sociale.

La possibilité de dons croisés est aussi ouverte par la loi. Le don d’organes croisé concernant des donneurs vivants peut s’effectuer selon une « chaîne » entre des personnes.  Ainsi un sujet malade A peut amener un donneur B (non compatible avec A) ; mais ce donneur B sera pour un sujet malade C qui amènera un donneur D qui sera compatible pour le malade A.

Autrement dit, on privilégie une chaine de don entre donneurs et receveurs vivants.

Il existe, donc une obligation de coordination importante et de simultanéité entre les opérations de prélèvement et de transplantation, ce qui nécessite par exemple pour 4 personnes la mobilisation concomitante de 4 blocs opératoires. 

La loi ouvre aujourd’hui la possibilité d’étendre la chaîne au-delà de deux « paires ».

Concernant le consentement du donneur vivant, le consentement doit être explicite, libre et éclairé. Il repose sur une procédure très codifiée :

* Information	sur les risques par le médecin : complète, y compris sur les	risques rares et exceptionnels ;
* Délais	de réflexion ;
* Avis	d’un comité d’expert indépendant avec à nouveau information	du sujet par ce comité d’expert et évaluation de la liberté à	consentir ;
* Consentement	formulé et recueilli par la suite devant un magistrat (Président	du Tribunal Judiciaire) + intervention du juge des tutelles pour les	majeurs protégés (pour lesquels uniquement le don de moelle est	autorisé).

Il convient de noter cependant que le don est interdit en cas de donneurs vivants mineurs ou sous tutelle ou curatelle à l’exception de la moelle. Il faut alors le consentement des parents (titulaires de l’autorité parentale) ou du représentant légal comme décrit ci-dessus. 
<br />",1.0,18.59,False,True,0.6461338996887207,0.6923948526382446,False,4,False
68,OIC-009-25-B,Quelle est la définition de la valeur prédictive positive (VPP) d’un test?,Probabilité d’être malade si le test est positif.,Probabilité d’être non-malade si le test est négatif.,Rapport de la probabilité que le test soit positif chez un patient malade sur la probabilité que le test soit positif chez un patient sain.,Rapport de la probabilité que le test soit négatif chez un patient malade sur la probabilité que le test soit négatif chez un patient sain.,a,"{{objectif de connaissance
|Identifiant=OIC-009-25-B
|Item_parent=Introduction à l’éthique médicale
|Item_parent_short=Introduction à l’éthique médicale
|Rang=B
|Intitulé=Don d’organes entre vivants
|Description=Connaître les dispositions légales encadrant le don d'organes entre vivants
|Rubrique=Définition
|Contributeurs=Guillaume Grandazzi, Mylène Gouriot, Grégoire Moutel
|Ordre=25}}Pour le don d’organes entre vivants, les principes spécifiques sont les suivants :

* Respecter		la procédure de consentement exposée ci-après ; 
* Prélèvement		autorisé uniquement s’il y a intérêt thérapeutique pour le	receveur ;
* Pas	de prélèvement d’organes chez majeurs protégés (tutelle,	curatelle) ou mineurs vivants (uniquement moelle,  cellules	hématopoïétiques issues de la moelle osseuse).

Qui peut être donneur vivant ? Historiquement, le donneur vivant devait avoir si possible la qualité de père ou de mère du receveur. Mais, depuis 2004, peuvent être donneurs le conjoint, les frères et sœurs, les fils et filles, les grands-parents, les oncles et tantes, les cousins germains et cousines germaines, ainsi que le conjoint de son père ou de sa mère (couples recomposés). Le donneur peut également être toute personne apportant la preuve d’une vie commune d’au moins deux ans avec le receveur. Il convient bien entendu que la compatibilité entre donneurs et receveurs soit médicament fiable. Ainsi la loi suit les évolutions de la société et de la demande médicale et sociale.

La possibilité de dons croisés est aussi ouverte par la loi. Le don d’organes croisé concernant des donneurs vivants peut s’effectuer selon une « chaîne » entre des personnes.  Ainsi un sujet malade A peut amener un donneur B (non compatible avec A) ; mais ce donneur B sera pour un sujet malade C qui amènera un donneur D qui sera compatible pour le malade A.

Autrement dit, on privilégie une chaine de don entre donneurs et receveurs vivants.

Il existe, donc une obligation de coordination importante et de simultanéité entre les opérations de prélèvement et de transplantation, ce qui nécessite par exemple pour 4 personnes la mobilisation concomitante de 4 blocs opératoires. 

La loi ouvre aujourd’hui la possibilité d’étendre la chaîne au-delà de deux « paires ».

Concernant le consentement du donneur vivant, le consentement doit être explicite, libre et éclairé. Il repose sur une procédure très codifiée :

* Information	sur les risques par le médecin : complète, y compris sur les	risques rares et exceptionnels ;
* Délais	de réflexion ;
* Avis	d’un comité d’expert indépendant avec à nouveau information	du sujet par ce comité d’expert et évaluation de la liberté à	consentir ;
* Consentement	formulé et recueilli par la suite devant un magistrat (Président	du Tribunal Judiciaire) + intervention du juge des tutelles pour les	majeurs protégés (pour lesquels uniquement le don de moelle est	autorisé).

Il convient de noter cependant que le don est interdit en cas de donneurs vivants mineurs ou sous tutelle ou curatelle à l’exception de la moelle. Il faut alors le consentement des parents (titulaires de l’autorité parentale) ou du représentant légal comme décrit ci-dessus. 
<br />",1.0,9.740000000000002,False,True,0.6019991040229797,0.9119071364402771,False,2,False
69,OIC-009-26-B,Une maladie rare est définie comme une maladie qui atteint moins d'une personne sur combien en population générale?,1/1000,1/2000,1/5000,1/10000,b,"{{objectif de connaissance
|Identifiant=OIC-009-26-B
|Item_parent=Introduction à l’éthique médicale
|Item_parent_short=Introduction à l’éthique médicale
|Rang=B
|Intitulé=Éléments et produits du corps humain
|Description=Connaître les principales dispositions légales concernant l’utilisation et la conservation des éléments et produits du corps humain.
|Rubrique=Définition
|Contributeurs=Guillaume Grandazzi, Nicolas Lechopier, Gilles Moutot
|Ordre=26}}

== I. Qu’appelle-t-on produits et éléments du corps humain ? ==
Les « éléments » du corps humain sont les organes, les tissus et les cellules du corps. Les « produits » du corps humain sont renouvelables : il s’agit du sang, ou des gamètes par exemple. Les ongles, poils, dents et cheveux sont appelés « phanères » et sont à priori exclus du champ des éléments et produits du corps humain dont il est question ici et qui renvoient à trois sortes de « choses » :

# Le	sang et ses composants, ainsi que les produits sanguins labiles.
# Les	organes, qui ne peuvent être « utilisés » que dans le	cadre du don.
# Enfin,	la catégorie plus large des tissus ou des cellules, comprenant les	cellules hématopoïétiques issues de la moelle osseuse, du sang de	cordon ou placentaire, les tissus ou cellules embryonnaires ou	fœtaux, de cellules du cordon et du placenta, les gamètes, etc. 

== II. Quels sont les principes qui gouvernent ces produits et éléments du corps humain ? ==
Tous ces produits et éléments ne sont pas de vulgaires choses qui pourraient être exploitées. Mais elles ne sont pas non plus « sacralisées ». Tandis que le corps humain est en principe fondamentalement indisponible (il ne peut pas être aliéné), ses produits et éléments doivent être parfois prélevés pour être utilisés, à des fins thérapeutiques notamment. Ils sont donc d’une certaine façon disponibles. Cette disponibilité est encadrée par trois grands principes :

* La	non-patrimonialité : « Le corps humain, ses éléments et ses	produits ne peuvent faire l’objet d’un droit patrimonial »	(Code civil, art. 16-1). Cela signifie qu’ils ne peuvent jamais	donner lieu à un commerce, ni se voir associer à un quelconque	prix. 

* Le	consentement éclairé de la personne. Le prélèvement d’éléments	du corps humain et la collecte de ses produits est soumis au	principe du consentement préalable du donneur, selon les modalités	prévues par la loi (article 1211-2 du code de la santé publique),	avec des nuances et des exceptions selon les situations et les	finalités prévues. Une fois la collecte ou le prélèvement	effectué, il est possible d’utiliser les produits et éléments	dans d’autres buts que ceux initialement poursuivis, à condition	que la personne concernée, dûment informée, ne s’y oppose pas.

* L’anonymat.	Selon l’article 16-8 du Code civil	« aucune information permettant  d’identifier à la fois	celui qui a fait don d’un élément ou d’un produit  de son	corps et celui qui l’a reçu ne peut être divulguée. Le donneur 	ne peut connaître l’identité du receveur ni le receveur celle du	 donneur. En cas de nécessité thérapeutique, seuls les médecins	du  donneur et du receveur peuvent avoir accès aux informations	permettant  l’identification de ceux-ci. »

Ces principes ne s’appliquent évidemment pas de la même façon selon les cas. Ainsi, « une transfusion de cellules sanguines renouvelables et à durée de vie limitée ne mobilise pas les mêmes enjeux et éléments éthiques et réflexifs que la greffe d’un organe indispensable à la survie d’un receveur, ou encore l’aide à la conception d’un individu par un don de gamètes » (Thibert, 2020). 

== III. Au-delà du cadre juridique, des questions éthiques ==

* Les	éléments et produits du corps humain peuvent être intégrés dans	des collections biologiques, parfois des « biobanques »,	qui en assurent la conservation et la valorisation dans des buts	scientifiques ou d’innovation thérapeutique. Se posent	alors de nombreuses questions concernant la propriété des	échantillons, le droit de retrait que peuvent ou non exercer les	donneurs, la protection des données de santé, la perspective d’une	marchandisation généralisée de ces éléments par exemple	(Clarizio ''et al''. 2022).
* Pour	le don de gamètes pour une assistance médicale à la procréation	(AMP), les couples donneurs et les receveurs ne peuvent entrer en	contact et connaître leurs identités. Ainsi l’anonymat est	initialement préservé : les donneurs et le couple receveur ou la	femme célibataire receveuse ne pourront jamais connaître leurs	identités respectives. La loi de bioéthique de 2021 prévoit	cependant de donner l’accès aux origines aux personnes nées de	dons de gamètes ou d’embryons, à leur majorité et si elles en	font la demande, ''via''	une commission nationale. Elles pourront recevoir des informations	sur les donneurs et/ou sur leur identité.
* Dans	le cas du prélèvement d’organes sur les vivants, le consentement	est recueilli après qu’a été délivrée une information sur les	risques et conséquences éventuelles du prélèvement. Concernant	les prélèvements ''post	mortem'',	le consentement est renversé (on parle aussi de « consentement	présumé »), et suppose l’absence de refus d’un tel	prélèvement, par l’inscription sur un registre national	automatisé prévu à cet effet (voir fiches « Don	d’organes » et « Don et prélèvement d’organes sur	personnes décédées »).	Cela soulève une réflexion d’ordre éthique. Considérer	en effet un consentement ''présumé''	comme un ''véritable''	consentement ne va nullement de soi, puisque consentir c’est	« être d’accord avec », ce qui suppose que l’on a	acquiescé consciemment à ce que que l’on s’est vu proposer ou	demander. Déduire un consentement au don d’organes (l’idée de	don impliquant elle aussi un geste actif et personnel) d’une	absence d’opposition au prélèvement pose un problème que le	seul cadre juridique ne suffit pas à résoudre. Les soignants ne	sauraient donc prendre unilatéralement une décision en	s’autorisant seulement de la loi. Il est essentiel d’ouvrir un	dialogue avec les proches de la personne décédée, et d’autant	plus lorsque celle-ci n’avait pas signifié explicitement sa	volonté de laisser prélever ses organes ''post	mortem''	(possession d’une carte de donneur, déclarations explicites à ce	sujet, etc.).

==== Références bibliographiques ====
Clarizio, Emanuele ; Chérici, Céline ; Dupont, Jean-Claude ; Guchet, Xavier, Herpe, Yves-Édouard. ''Conserver le vivant Les biobanques face au défi de la médecine personnalisée''. Collection : Épistémologie de la médecine et du soin.

Durand, Guillaume. « Qui ne dit mot consent ? Pour une nouvelle loi sur le don d’organes », ''La Vie des idées'' , 14 mars 2017. ISSN : 2105-3030. URL : <nowiki>https://laviedesidees.fr/Qui-ne-dit-mot-consent.html</nowiki>

Gayte-Papon de Lameigné, Anaïs. « Le statut juridique des éléments et produits du corps humain : objets ou sujets de droit ? ». ''Journal international de bioéthique et d’éthique des sciences'' 26, n<sup>o</sup> 3 (2015): 185‑198. <nowiki>https://doi.org/10.3917/jib.262.0185</nowiki>.

Thibert, J.-B. « Les limites d’une approche principiste dans l’éthique du don d’éléments et produits du corps humain. À propos d’exemples ». ''Transfusion clinique et biologique'' 27, n<sup>o</sup> 3 (1 août 2020): 191-199. <nowiki>https://doi.org/10.1016/j.tracli.2020.06.007</nowiki>.

==== Lectures complémentaires ====
Despret, Vinciane. ''Au bonheur des morts. Récits de ceux qui restent''. Éditions La Découverte, 2015, notamment p. 121-129.

Kerangal, Maylis de. ''Réparer les vivants.'' Éditions Verticales, 2014 (désormais disponible en poche, dans la collection Folio des éditions Gallimard).",1.0,15.030000000000001,False,True,0.6377766132354736,0.7148683269818624,True,2,True
70,OIC-009-26-B,Quel est le rôle principal des centres de référence maladies rares (CRMR) en France?,Ils sont responsables de la recherche et du développement de nouveaux traitements.,Ils assurent la coordination et l’expertise pour le diagnostic et la prise en charge des maladies rares.,Ils sont uniquement des centres de compétence pour les maladies rares.,Ils sont responsables de la formation-enseignement des professionnels de santé.,b,"{{objectif de connaissance
|Identifiant=OIC-009-26-B
|Item_parent=Introduction à l’éthique médicale
|Item_parent_short=Introduction à l’éthique médicale
|Rang=B
|Intitulé=Éléments et produits du corps humain
|Description=Connaître les principales dispositions légales concernant l’utilisation et la conservation des éléments et produits du corps humain.
|Rubrique=Définition
|Contributeurs=Guillaume Grandazzi, Nicolas Lechopier, Gilles Moutot
|Ordre=26}}

== I. Qu’appelle-t-on produits et éléments du corps humain ? ==
Les « éléments » du corps humain sont les organes, les tissus et les cellules du corps. Les « produits » du corps humain sont renouvelables : il s’agit du sang, ou des gamètes par exemple. Les ongles, poils, dents et cheveux sont appelés « phanères » et sont à priori exclus du champ des éléments et produits du corps humain dont il est question ici et qui renvoient à trois sortes de « choses » :

# Le	sang et ses composants, ainsi que les produits sanguins labiles.
# Les	organes, qui ne peuvent être « utilisés » que dans le	cadre du don.
# Enfin,	la catégorie plus large des tissus ou des cellules, comprenant les	cellules hématopoïétiques issues de la moelle osseuse, du sang de	cordon ou placentaire, les tissus ou cellules embryonnaires ou	fœtaux, de cellules du cordon et du placenta, les gamètes, etc. 

== II. Quels sont les principes qui gouvernent ces produits et éléments du corps humain ? ==
Tous ces produits et éléments ne sont pas de vulgaires choses qui pourraient être exploitées. Mais elles ne sont pas non plus « sacralisées ». Tandis que le corps humain est en principe fondamentalement indisponible (il ne peut pas être aliéné), ses produits et éléments doivent être parfois prélevés pour être utilisés, à des fins thérapeutiques notamment. Ils sont donc d’une certaine façon disponibles. Cette disponibilité est encadrée par trois grands principes :

* La	non-patrimonialité : « Le corps humain, ses éléments et ses	produits ne peuvent faire l’objet d’un droit patrimonial »	(Code civil, art. 16-1). Cela signifie qu’ils ne peuvent jamais	donner lieu à un commerce, ni se voir associer à un quelconque	prix. 

* Le	consentement éclairé de la personne. Le prélèvement d’éléments	du corps humain et la collecte de ses produits est soumis au	principe du consentement préalable du donneur, selon les modalités	prévues par la loi (article 1211-2 du code de la santé publique),	avec des nuances et des exceptions selon les situations et les	finalités prévues. Une fois la collecte ou le prélèvement	effectué, il est possible d’utiliser les produits et éléments	dans d’autres buts que ceux initialement poursuivis, à condition	que la personne concernée, dûment informée, ne s’y oppose pas.

* L’anonymat.	Selon l’article 16-8 du Code civil	« aucune information permettant  d’identifier à la fois	celui qui a fait don d’un élément ou d’un produit  de son	corps et celui qui l’a reçu ne peut être divulguée. Le donneur 	ne peut connaître l’identité du receveur ni le receveur celle du	 donneur. En cas de nécessité thérapeutique, seuls les médecins	du  donneur et du receveur peuvent avoir accès aux informations	permettant  l’identification de ceux-ci. »

Ces principes ne s’appliquent évidemment pas de la même façon selon les cas. Ainsi, « une transfusion de cellules sanguines renouvelables et à durée de vie limitée ne mobilise pas les mêmes enjeux et éléments éthiques et réflexifs que la greffe d’un organe indispensable à la survie d’un receveur, ou encore l’aide à la conception d’un individu par un don de gamètes » (Thibert, 2020). 

== III. Au-delà du cadre juridique, des questions éthiques ==

* Les	éléments et produits du corps humain peuvent être intégrés dans	des collections biologiques, parfois des « biobanques »,	qui en assurent la conservation et la valorisation dans des buts	scientifiques ou d’innovation thérapeutique. Se posent	alors de nombreuses questions concernant la propriété des	échantillons, le droit de retrait que peuvent ou non exercer les	donneurs, la protection des données de santé, la perspective d’une	marchandisation généralisée de ces éléments par exemple	(Clarizio ''et al''. 2022).
* Pour	le don de gamètes pour une assistance médicale à la procréation	(AMP), les couples donneurs et les receveurs ne peuvent entrer en	contact et connaître leurs identités. Ainsi l’anonymat est	initialement préservé : les donneurs et le couple receveur ou la	femme célibataire receveuse ne pourront jamais connaître leurs	identités respectives. La loi de bioéthique de 2021 prévoit	cependant de donner l’accès aux origines aux personnes nées de	dons de gamètes ou d’embryons, à leur majorité et si elles en	font la demande, ''via''	une commission nationale. Elles pourront recevoir des informations	sur les donneurs et/ou sur leur identité.
* Dans	le cas du prélèvement d’organes sur les vivants, le consentement	est recueilli après qu’a été délivrée une information sur les	risques et conséquences éventuelles du prélèvement. Concernant	les prélèvements ''post	mortem'',	le consentement est renversé (on parle aussi de « consentement	présumé »), et suppose l’absence de refus d’un tel	prélèvement, par l’inscription sur un registre national	automatisé prévu à cet effet (voir fiches « Don	d’organes » et « Don et prélèvement d’organes sur	personnes décédées »).	Cela soulève une réflexion d’ordre éthique. Considérer	en effet un consentement ''présumé''	comme un ''véritable''	consentement ne va nullement de soi, puisque consentir c’est	« être d’accord avec », ce qui suppose que l’on a	acquiescé consciemment à ce que que l’on s’est vu proposer ou	demander. Déduire un consentement au don d’organes (l’idée de	don impliquant elle aussi un geste actif et personnel) d’une	absence d’opposition au prélèvement pose un problème que le	seul cadre juridique ne suffit pas à résoudre. Les soignants ne	sauraient donc prendre unilatéralement une décision en	s’autorisant seulement de la loi. Il est essentiel d’ouvrir un	dialogue avec les proches de la personne décédée, et d’autant	plus lorsque celle-ci n’avait pas signifié explicitement sa	volonté de laisser prélever ses organes ''post	mortem''	(possession d’une carte de donneur, déclarations explicites à ce	sujet, etc.).

==== Références bibliographiques ====
Clarizio, Emanuele ; Chérici, Céline ; Dupont, Jean-Claude ; Guchet, Xavier, Herpe, Yves-Édouard. ''Conserver le vivant Les biobanques face au défi de la médecine personnalisée''. Collection : Épistémologie de la médecine et du soin.

Durand, Guillaume. « Qui ne dit mot consent ? Pour une nouvelle loi sur le don d’organes », ''La Vie des idées'' , 14 mars 2017. ISSN : 2105-3030. URL : <nowiki>https://laviedesidees.fr/Qui-ne-dit-mot-consent.html</nowiki>

Gayte-Papon de Lameigné, Anaïs. « Le statut juridique des éléments et produits du corps humain : objets ou sujets de droit ? ». ''Journal international de bioéthique et d’éthique des sciences'' 26, n<sup>o</sup> 3 (2015): 185‑198. <nowiki>https://doi.org/10.3917/jib.262.0185</nowiki>.

Thibert, J.-B. « Les limites d’une approche principiste dans l’éthique du don d’éléments et produits du corps humain. À propos d’exemples ». ''Transfusion clinique et biologique'' 27, n<sup>o</sup> 3 (1 août 2020): 191-199. <nowiki>https://doi.org/10.1016/j.tracli.2020.06.007</nowiki>.

==== Lectures complémentaires ====
Despret, Vinciane. ''Au bonheur des morts. Récits de ceux qui restent''. Éditions La Découverte, 2015, notamment p. 121-129.

Kerangal, Maylis de. ''Réparer les vivants.'' Éditions Verticales, 2014 (désormais disponible en poche, dans la collection Folio des éditions Gallimard).",1.0,8.412857142857145,False,True,0.6110409498214722,0.7827254931131998,False,2,False
71,OIC-009-27-B,Combien de maladies rares différentes existent-elles en France?,5000,7000,10000,15000,b,"{{objectif de connaissance
|Identifiant=OIC-009-27-B
|Item_parent=Introduction à l’éthique médicale
|Item_parent_short=Introduction à l’éthique médicale
|Rang=B
|Intitulé=Tests génétiques
|Description=Décrire les principes éthiques en lien avec les tests génétiques; l'importance de l'information et du recueil du consentement, ainsi que les principales dispositions légales (par ex. loi sur l'information à la parentèle).
|Rubrique=Définition
|Contributeurs=Guillaume Grandazzi, Mylène Gouriot, Grégoire Moutel
|Ordre=27}}En France, selon les termes de la loi, issue des lois dites de bioéthique, l'examen des caractéristiques génétiques d'une personne ne peut être entrepris qu'à des fins médicales ou de recherche scientifique. C'est le cas le plus fréquent et qui répond à des objectifs cliniques. Il existe, par ailleurs, le cas particulier de l'usage de la génétique à visée d'identification d'une personne : les empreintes génétiques.

= I Cas particulier de l'identification d'une personne par ses empreintes génétiques =
Ce peut être le cas par exemple en médecine légale, afin de procéder à l'identification du corps d'un défunt, ou pour une recherche de paternité.

Selon les termes de la loi, l'identification ne peut être recherchée que dans trois cadres.

== A Premier cadre ==


En premier lieu, l'identification peut être recherchée dans le cadre de mesures d'enquête ou d'instruction diligentées lors d'une procédure judiciaire ou aux fins d'établir, lorsqu'elle est inconnue, l'identité d'une personne décédée.

Les missions d'identification par empreintes génétiques ne peuvent alors être réalisées que sur instruction d'un magistrat et dans un laboratoire agréé à cet effet. Par ailleurs, elles ne peuvent être réalisées que par des personnes physiques ou morales inscrites sur une liste d'experts.

Le consentement exprès de la personne doit être recueilli par écrit préalablement à la réalisation de l'identification, après qu'elle a été dûment informée de sa nature et de sa finalité.

Sauf accord exprès de la personne manifesté de son vivant, aucune identification par empreintes génétiques ne peut être réalisée après sa mort.

Les locaux affectés à la conservation des scellés, des échantillons biologiques et des résultats d'analyses doivent être équipés d'installations propres à garantir :

* une	protection contre le vol ou la dégradation ;
* une	confidentialité absolue ;
* la	sauvegarde des scellés, des prélèvements et des résultats	d'analyses.

== B Deuxième cadre ==


En deuxième lieu, l'identification peut être recherchée dans le cadre de tests dits de paternité, diligentés lors d'une procédure judiciaire.

Ces tests sont autorisés uniquement dans le cadre d'une procédure judiciaire visant à établir ou contester un lien de filiation et/ou à obtenir ou supprimer des subsides.

Le consentement du père présumé est obligatoire (consentement recueilli préalablement et expressément). Le test de paternité est ordonné par un juge du tribunal de grande instance. Procéder à un test de paternité en dehors de ce cadre est illégal.

Le test est accompli selon deux méthodes : l'examen comparé des sangs et l'identification par les empreintes génétiques. Les conditions de lieux et les personnes habilitées à réaliser ces tests reposent sur les mêmes règles d'agréments que celles mentionnées précédemment.

== C Troisième cadre ==


Enfin, l'identification peut être recherchée dans le cadre prévu par le Code de la défense nationale, c'est-à-dire pour identifier des personnes décédées lors d'actions de combat, des personnes capturées par les forces armées, des personnes dont il existe des raisons précises et sérieuses de penser qu'elles présentent une menace pour la sécurité des forces ou des populations civiles.

Lorsque la recherche d'identité concerne soit un militaire décédé à l'occasion d'une opération conduite par les forces armées, soit une victime de catastrophe naturelle, soit une personne faisant l'objet de recherches relatives à la sécurité et dont la mort est supposée, des prélèvements destinés à recueillir les traces biologiques de cette personne peuvent être réalisés dans des lieux qu'elle est susceptible d'avoir habituellement fréquentés, avec l'accord du responsable des lieux ou, en cas de refus de celui-ci ou d'impossibilité de recueillir cet accord, avec l'autorisation du juge des libertés et de la détention du tribunal de grande instance. Des prélèvements aux mêmes fins sur les ascendants, descendants ou collatéraux supposés de cette personne peuvent être également réalisés. Le consentement exprès de chaque personne concernée est alors recueilli par écrit préalablement à la réalisation du prélèvement, après que celle-ci a été dûment informée de la nature de ce prélèvement, de sa finalité ainsi que du caractère à tout moment révocable de son consentement. Le consentement mentionne la finalité du prélèvement et de l'identification.

= II Cas le plus fréquent de l'examen des caractéristiques génétiques d'une personne dans un cadre de soins ou d'une recherche médicale =
Lorsque l'identification est effectuée à des fins médicales ou de recherche scientifique, le consentement exprès de la personne doit être recueilli par écrit préalablement à la réalisation de l'identification, après qu'elle a été dûment informée de sa nature et de sa finalité. Le consentement mentionne la finalité de l'identification. Il est révocable sans forme et à tout moment.

Cette analyse a pour objet :

* soit	de poser, de confirmer ou d'infirmer le diagnostic d'une maladie à	caractère génétique chez une personne ;
* soit	de rechercher les caractéristiques d'un ou plusieurs gènes	susceptibles d'être à l'origine du développement d'une maladie	chez une personne ou chez les membres de sa famille potentiellement	concernés (permettant par exemple la mise en œuvre d'une démarche	de conseil génétique visant à construire une démarche de	prévention, de dépistage ou de soins pour une personne et	éventuellement ses apparentés) ;
* soit	d'adapter la prise en charge médicale d'une personne selon ses	caractéristiques génétiques (en particulier les thérapies	ciblées, par exemple en cancérologie en fonction de la	caractéristique génétique de la tumeur).

La prescription et la réalisation de l'examen des caractéristiques génétiques d'une personne à des fins médicales, ainsi que les modalités particulières des consultations adaptées en matière de génétique, font l'objet de règles de bonnes pratiques définies par arrêté du ministre chargé de la santé. Ces règles sont les suivantes :

* l'obligation	du consentement initial du patient, recueilli par écrit et précédé	d'une information complète sur les objectifs, les conséquences et	les limites du test ;
* le	fait que la personne peut refuser de connaître le résultat de son	test génétique ;
* le	fait que la personne est tenue d'informer les membres de sa famille	en cas de diagnostic d'une anomalie génétique grave susceptible de	mesures de prévention ou de soins (c'est ce que l'on appelle	l'information de la parentèle). La loi précise en outre que si la	personne ne souhaite pas informer elle-même les membres de sa	famille, elle peut demander au médecin qui a réalisé l'examen	qu'il procède à cette information tout en préservant l'anonymat	du patient.

Il existe un cadre particulier, celui où les tests s'inscrivent dans un projet de grossesse pour un couple. Deux situations sont alors possibles pour la réalisation de ces tests :

* pour	mener un diagnostic sur le fœtus in utero : on parle alors de	diagnostic prénatal (DPN) dont l'objectif est de détecter avant la	naissance une affection d'une particulière gravité et ainsi soit	de pouvoir proposer aux parents de soigner l'enfant à naître, soit	de les aider à se préparer à l'accueillir, soit parfois d'avoir	recours à une interruption de grossesse ;
* avant	l'implantation de l'embryon : on parle alors de diagnostic	préimplantatoire (DPI). Cette technique ne concerne que les couples	à haut risque de maladie génétique grave et incurable, qui	recourent à l'assistance médicale à la procréation, en	l'occurrence à une fécondation in vitro (FIV), pour réaliser leur	projet de grossesse. Le principe est d'identifier les embryons sains	au cours de la FIV, afin de ne pas transférer in utéro d'embryons	porteurs de la maladie. En France, seuls environ cinquante couples y	ont recours chaque année.

= III Discussion des enjeux éthiques de la génétique prédictive =

== A La prédiction : un impact majeur sur la vie, la liberté et les droits fondamentaux de la personne ==


Le test prédictif est loin d'être un acte médical neutre : en effet, le résultat équivaut soit à une « condamnation », soit à une « libération ».

Le diagnostic génétique présymptomatique peut être bénéfique quand, en cas de révélation d'anomalie(s), on peut proposer une surveillance, un dépistage et un traitement plus précoces visant à limiter l'expression de la maladie et sa gravité (par exemple mammographies plus rapprochées, IRM, coloscopies, dans les formes familiales de cancers du sein, de l'ovaire ou du colon).

Le test a également un bénéfice réel pour les personnes potentiellement porteuses, quand celui-ci revient normal, c'est à dire sans risque différent par rapport à la population générale, leur évitant ainsi de subir les inconvénients de cette surveillance régulière, pénible et anxiogène.

Cependant, pour certaines pathologies, le bénéfice médical apporté par le diagnostic présymptomatique apparaît comme nul en l'état actuel des connaissances pour la santé de l'individu qui a fait le test, car il n'existe aucun traitement permettant d'éviter ou de retarder l'apparition des symptômes.

Cependant, le bénéfice peut être évalué dans d'autres dimensions :

* un	bénéfice individuel direct autre que médical (possibilité d'agir	et de prendre des décisions sur le déroulé et l'organisation de	sa vie) ;
* un	bénéfice social (préparation à la maladie et aménagement des	conditions de travail) ;
* un	bénéfice familial (aménagement du projet familial, dynamique du	couple face au résultat, possibilité d'informer les enfants et	d'autres membres de sa famille potentiellement aussi concernés).

Ainsi, dans tous les cas, dans le cadre d'un projet parental, la connaissance du risque porté par le couple, et potentiellement transmissible à un enfant, a un impact majeur sur la façon dont ce couple va organiser et médicaliser ce projet de grossesse, le poursuivre ou non. La découverte d'anomalies fœtales peut en effet modifier la prise en charge de la grossesse ou de l'accouchement et amener parfois à discuter de la poursuite ou non de la grossesse.

Les questions se posent sur plusieurs niveaux :

* premier	niveau : il met l'accent sur l'effet de cette information sur	l'individu lui-même et sur ses rapports avec son entourage et met	en jeu l'un des principes majeurs de la bioéthique : l'autonomie du	sujet, c'est-à-dire sa capacité à se déterminer librement. Cette	information prédictive sera-t-elle en mesure de donner plus de	liberté à l'individu ou au contraire l'enfermera-t-elle dans un	avenir qu'il ne pourra que subir ? Cette question reste ouverte ;
* deuxième	niveau : il s'attache au risque que l'information soit utilisée par	des tiers à des fins de discrimination dans la vie sociale, avec un	risque d'affaiblissement de la cohésion sociale, de la justice et	de la solidarité. Ceci peut ainsi avoir des incidences en termes de	peur d'exclusions (professionnelle, familiale, assurantielle, etc.).	Il existe donc un risque majeur de dérives de telles informations	dès lors qu'elles quitteraient la sphère de la relation	médecin-patient et du secret médical. La confidentialité qui	fonde le contrat de soin entre le médecin et son patient est ici,	comme ailleurs, un impératif. Nous verrons cependant qu'il peut	néanmoins exister une forte tension entre le strict respect du	secret éventuellement souhaité par la personne chez laquelle on a	découvert une mutation et l'intérêt éventuel, parfois majeur,	des autres personnes de la famille génétiquement apparentées à	connaître cette information pour en tirer un bénéfice personnel.	C'est tout le débat d'aujourd'hui, sur la question de l'information	de la parentèle.

Pour toutes ces raisons, notre droit encadre cette pratique, pour assurer le respect des droits fondamentaux de la personne :

* le	consentement explicite des personnes est nécessaire ;
* l'usage	est strictement limité à la sphère médicale ;
* le	secret médical doit être respecté.

Les équipes pluridisciplinaires désirant pratiquer des diagnostics présymptomatiques doivent notamment réunir des compétences cliniques et génétiques et être déclarées à l'Agence de biomédecine.

Des règles de bonnes pratiques, concernant la réalisation de tests génétiques, mettent en avant des principes éthiques à respecter :

* le	respect de la personne et de son autonomie, qui sous-entend que le	demandeur soit majeur, volontaire, soumis à aucune pression ou	influence d'un tiers, en pleine capacité de ses fonctions	intellectuelles. La personne est libre de ne pas savoir si tel est	son choix : ce choix doit être respecté en toutes	circonstances ;
* le	respect de la liberté du demandeur passant par un choix éclairé,	informé, authentifié par la signature de son consentement après	une information objective et actualisée de la part des médecins et	par sa compréhension de la maladie, de son pronostic, du test	biologique, de ses limites et de son anticipation des implications	psychologiques individuelles et familiales que pourrait avoir ce	test, nécessitant un temps de réflexion ;
* le	principe de justice et d'égalité, c'est-à-dire d'accessibilité	du test à tout un chacun sans partialité. Le principe de justice	garantit aussi la non-discrimination ; celle-ci passe par le secret	professionnel, ligne de conduite générale en médecine, un	principe capital dans le cadre de la génétique, d'autant qu'il	implique non seulement un individu mais toute une famille. Ceci	impose l'assurance de la non-utilisation de ces informations par des	tiers, par exemple les assureurs et les employeurs ;
* le	principe de bienfaisance (la personne doit pouvoir tirer un bénéfice	du test) ou de non malfaisance avec le souci du médecin de ne pas	être néfaste pour la personne. Ce volet néfaste est possible,	quand, au-delà d'une annonce, on ne dispose d'aucune prévention,	d'aucune thérapeutique curative. La question du droit de ne pas	savoir est alors en jeu.

== B Dimension collective de la donnée génétique et enjeux éthiques de l'information de la parentèle ==


Dans le cadre des maladies génétiques, l'information sur le risque ne concerne pas que le devenir de la personne qui a fait le test et en connaît le résultat. Cette information peut concerner d'autres membres de la famille, génétiquement apparentés, car s'ils sont également porteurs, ils peuvent avec leur médecin décider de mesures appropriées.

Ne pas bénéficier d'une telle information peut être perçu comme une perte de chance. Le silence (c'est-à-dire la préservation absolue du secret médical) envers les apparentés d'une personne porteuse d'une maladie génétique pour laquelle des mesures de prévention ou curatives existent soulève en premier lieu la question de la responsabilité morale vis-à-vis d'autrui.

Cette question revient à se demander à qui appartient l'information médicale d'ordre génétique, dès lors qu'au-delà d'un patient source, elle peut rendre compte de l'état de santé de plusieurs personnes. La question est donc de se demander si l'information génétique demeure une donnée strictement personnelle ou individuelle.

Il y a dilemme et conflit d'intérêts quand la protection d'un droit fondamental individuel (droit au secret) va à l'encontre de l'intérêt d'autrui. C'est là le débat entre responsabilité individuelle et responsabilité collective, le médecin étant alors au cœur de ce débat puisqu'il agit certes dans l'intérêt de son patient, mais aussi dans l'intérêt collectif, comme acteur de prévention et de santé publique.

L'intérêt de la connaissance sur l'affection qui touche l'un des membres de la famille réside dans le fait que pour certaines maladies (par exemple le cancer, les maladies métaboliques, etc.), il existe des traitements préventifs ou des surveillances avec diagnostic précoce qui peuvent prévenir la survenue de la maladie ou qui permettent d'améliorer le pronostic individuel, voire dans certains cas d'éviter un décès. La révélation d'informations relevant du domaine du secret médical peut donc trouver ici une justification.

Cette démarche de révélation est conçue dans une finalité médicale, bienveillante, ayant comme visée l'amélioration de la santé des individus ; il est aisé d'y souscrire dès lors que le patient, bien informé, y adhère.

Une femme porteuse d'un risque génétique, par exemple de cancer du sein, peut souhaiter révéler certaines informations à des membres de sa famille, mais cela peut aussi lui être difficile pour des raisons diverses. Elle peut ne pas ne vouloir ou ne peut pas pouvoir aller vers la révélation à autrui du fait d'histoires familiales complexes, de ruptures ou d'impossibilités psychiques ou socio-comportementales. Soulignons ici que la complexité est d'autant plus importante pour le patient que le nombre de personnes à contacter est grand. Certaines ne voudraient pas annoncer le malheur des autres (« l'oiseau de mauvais augure »). D'autres doutent de la volonté d'autrui de recevoir cette information. De ce fait, contacter soi-même les membres de sa famille pour une annonce délicate touchant le domaine de leur santé peut constituer une tâche impossible pour un individu.

Les évolutions des lois de bioéthique ont permis de progresser dans ces situations. Le médecin peut révéler certaines informations avec l'accord du patient mais sous certaines conditions.


Préalablement à la réalisation d'un examen des caractéristiques génétiques d'une personne, le médecin prescripteur informe celle-ci des risques qu'un silence ferait courir aux membres de sa famille potentiellement concernés si une anomalie génétique grave dont les conséquences sont susceptibles de mesures de prévention, y compris de conseil génétique, ou de soins, était diagnostiquée. Il prévoit avec elle, dans un document écrit, les modalités de l'information destinée aux membres de la famille potentiellement concernés. Si la personne ne souhaite pas informer elle-même les membres de sa famille potentiellement concernés, elle peut demander par un document écrit au médecin prescripteur, qui atteste de cette demande, de procéder à cette information. Elle lui communique à cette fin les coordonnées des intéressés dont elle dispose. Le médecin porte alors à leur connaissance l'existence d'une information médicale à caractère familial susceptible de les concerner et les invite à se rendre à une consultation de génétique, sans dévoiler ni le nom de la personne ayant fait l'objet de l'examen, ni l'anomalie génétique, ni les risques qui lui sont associés.

Ces dispositions font suite à l'avis n°76 du 24 avril 2003 du Comité consultatif national d'éthique (CCNE) qui rappelait alors le strict respect du secret médical tout en informant le patient des risques qu'il ferait courir aux membres de sa famille en gardant le silence. Elles permettent de répondre à certaines des difficultés exposées auparavant et d'accompagner les patients dans une démarche d'information familiale toujours délicate.


'''Points clés'''

L'identification	d'une personne par ses empreintes génétiques est possible	uniquement :

* dans	le cadre de mesures d'enquête ou d'instruction diligentées lors	d'une procédure judiciaire,
* à	des fins médicales ou de recherche scientifique,
* aux	fins d'établir, lorsqu'elle est inconnue, l'identité de personnes	décédées,
* dans	les conditions prévues à l'article L.2381-1 du Code de la défense.

Sauf	accord exprès de la personne manifesté de son vivant, aucune	identification par empreintes génétiques ne peut être réalisée	après sa mort.

En	cas de maladie génétique, le médecin prescripteur d'un examen des	caractéristiques génétiques informe le patient des risques qu'un	silence ferait courir aux membres de sa famille potentiellement	concernés.

Le	médecin prévoit avec le patient, dans un document écrit, les	modalités de l'information destinée aux membres de la famille	potentiellement concernés.
<br />",1.0,15.555000000000003,False,True,0.6603038311004639,0.7198293805122375,False,2,False
72,OIC-010-01-A,Quelle est la définition de l'errance diagnostique?,La période allant de l’apparition des premiers symptômes à la date à laquelle un diagnostic précis est posé.,La période allant de la date à laquelle un diagnostic précis est posé à la date à laquelle un traitement est mis en place.,La période allant de la date à laquelle un traitement est mis en place à la date à laquelle un diagnostic précis est posé.,La période allant de la date à laquelle un diagnostic précis est posé à la date à laquelle un patient est considéré comme guéri.,a,"{{objectif de connaissance
|Identifiant=OIC-010-01-A
|Item_parent=Approches transversales du corps
|Item_parent_short=Approches transversales du corps
|Rang=A
|Intitulé=Connaître les principales dimensions humaines du corps (alimentation, activité physique, genre, procréation, normes esthétiques)
|Description=Contextualisation historique, sociale, culturelle, normative des représentations du corps et de ses usages.  Questions socialement vives: sexualité, identité de genre, filiation et parentalité.
|Rubrique=Définition
|Contributeurs=Solène Lellinger,Roberto Poma
|Ordre=1}}
Le corps est un objet d’étude multidimensionnel. C’est pourquoi les sciences humaines et sociales ont investi la thématique du corps humain de multiples manières. Qu’il soit abordé par le prisme de l’histoire, de la sociologie, l’anthropologie ou encore de la philosophie ou de la littérature, le corps revêt une abondance d’entrées possibles pour son étude.

Les représentations de ce que serait un corps en bonne santé changent selon les époques. 

Le choix des aliments adaptés à l’homme, la manière de se nourrir, l’exercice physique, l’assignation d’un genre, la régulation de la procréation, et les normes esthétiques sont une construction sociale s’adaptant aux contraintes posées par les traditions culturelles et par le milieu naturel. L’acte de manger permet de reconstruire des logiques sociales et des identités d’un groupe. La présence d’interdits alimentaires dans plusieurs traditions religieuses, de régimes de santés liés aux âges de la vie, notamment à l’enfance et à la vieillesse (le « bien vieillir »), mais aussi l’impact de certaines nourritures sur la sphère émotionnelle et affective, ou l’importance de la gastronomie dans les interactions sociales de certains groupes, placent l’alimentation humaine au cœur d’un dispositif social, symbolique et économique ayant des implications sur les représentations du corps en un lieu et à une époque donnée. À titre d’exemple, l’embonpoint qui à la Renaissance est synonyme de bonne santé, se mue progressivement pour devenir un problème de santé publique majeure à partir des années 1960-1970. Cette mutation s’opère dès le XVIe siècle avec l’évolution des codes de beauté s’illustre dans les habitudes vestimentaires telles que le corsetage. Ainsi, il existe des liens étroits entre esthétique, standards imposés notamment par la mode et les normes corporelles. Mais ceci est également en lien avec l’industrialisation et l’urbanisation de la société, imposant un mode de vie plus sédentaire et induisant de nouvelles habitudes de consommation et une alimentation plus riche. 

Pour les sociologues, notamment Pierre Bourdieu, le corps exerce au moins trois fonctions : celle de mémoire, celle d’apprentissage des habitudes de classe et celle de marqueur de position sociale. Le corps apparaît ainsi comme le témoin d’inégalités entre les classes sociales, selon les habitudes alimentaires ou encore le type de travail effectué qui ne façonnera pas les corps de la même manière.

Au-delà des différences sociales, et de manière intriquée, se trouvent également des différences culturelles. Les transformations volontaires du corps telles que par exemple les tatouages, piercings et scarifications n’ont pas les mêmes fonctions selon les époques et sociétés où elles s’opèrent. On observe également une production différenciée des normes et des règles corporelles selon les cultes. 

Aborder la question du corps est intrinsèquement corrélé à la question de l’identité et notamment la construction de l’identité sexuée. Le fait de devenir homme ou femme s’envisage ainsi également sous l’angle de la construction du genre sociale et pas uniquement celui de la différenciation biologique (voir item 58).",1.0,12.425714285714289,False,True,0.5982416868209839,0.8631657560666403,False,1,False
73,OIC-010-01-A,Quel est le rôle du médecin non spécialiste dans la prise en charge des maladies rares?,Il doit toujours référer le patient à un spécialiste.,Il doit avoir une culture du doute et connaître les dispositifs d’information et de prise en charge.,Il doit toujours poser un diagnostic définitif.,Il doit uniquement prescrire des traitements symptomatiques.,b,"{{objectif de connaissance
|Identifiant=OIC-010-01-A
|Item_parent=Approches transversales du corps
|Item_parent_short=Approches transversales du corps
|Rang=A
|Intitulé=Connaître les principales dimensions humaines du corps (alimentation, activité physique, genre, procréation, normes esthétiques)
|Description=Contextualisation historique, sociale, culturelle, normative des représentations du corps et de ses usages.  Questions socialement vives: sexualité, identité de genre, filiation et parentalité.
|Rubrique=Définition
|Contributeurs=Solène Lellinger,Roberto Poma
|Ordre=1}}
Le corps est un objet d’étude multidimensionnel. C’est pourquoi les sciences humaines et sociales ont investi la thématique du corps humain de multiples manières. Qu’il soit abordé par le prisme de l’histoire, de la sociologie, l’anthropologie ou encore de la philosophie ou de la littérature, le corps revêt une abondance d’entrées possibles pour son étude.

Les représentations de ce que serait un corps en bonne santé changent selon les époques. 

Le choix des aliments adaptés à l’homme, la manière de se nourrir, l’exercice physique, l’assignation d’un genre, la régulation de la procréation, et les normes esthétiques sont une construction sociale s’adaptant aux contraintes posées par les traditions culturelles et par le milieu naturel. L’acte de manger permet de reconstruire des logiques sociales et des identités d’un groupe. La présence d’interdits alimentaires dans plusieurs traditions religieuses, de régimes de santés liés aux âges de la vie, notamment à l’enfance et à la vieillesse (le « bien vieillir »), mais aussi l’impact de certaines nourritures sur la sphère émotionnelle et affective, ou l’importance de la gastronomie dans les interactions sociales de certains groupes, placent l’alimentation humaine au cœur d’un dispositif social, symbolique et économique ayant des implications sur les représentations du corps en un lieu et à une époque donnée. À titre d’exemple, l’embonpoint qui à la Renaissance est synonyme de bonne santé, se mue progressivement pour devenir un problème de santé publique majeure à partir des années 1960-1970. Cette mutation s’opère dès le XVIe siècle avec l’évolution des codes de beauté s’illustre dans les habitudes vestimentaires telles que le corsetage. Ainsi, il existe des liens étroits entre esthétique, standards imposés notamment par la mode et les normes corporelles. Mais ceci est également en lien avec l’industrialisation et l’urbanisation de la société, imposant un mode de vie plus sédentaire et induisant de nouvelles habitudes de consommation et une alimentation plus riche. 

Pour les sociologues, notamment Pierre Bourdieu, le corps exerce au moins trois fonctions : celle de mémoire, celle d’apprentissage des habitudes de classe et celle de marqueur de position sociale. Le corps apparaît ainsi comme le témoin d’inégalités entre les classes sociales, selon les habitudes alimentaires ou encore le type de travail effectué qui ne façonnera pas les corps de la même manière.

Au-delà des différences sociales, et de manière intriquée, se trouvent également des différences culturelles. Les transformations volontaires du corps telles que par exemple les tatouages, piercings et scarifications n’ont pas les mêmes fonctions selon les époques et sociétés où elles s’opèrent. On observe également une production différenciée des normes et des règles corporelles selon les cultes. 

Aborder la question du corps est intrinsèquement corrélé à la question de l’identité et notamment la construction de l’identité sexuée. Le fait de devenir homme ou femme s’envisage ainsi également sous l’angle de la construction du genre sociale et pas uniquement celui de la différenciation biologique (voir item 58).",1.0,8.350000000000005,False,True,0.587042510509491,0.7114584445953369,False,2,False
74,OIC-010-03-B,Quels sont les signes cliniques en faveur d'un placenta praevia (PP)?,"Hémorragie abondante, utérus contracturé, présentation pathologique","Hémorragie peu abondante, utérus souple, présentation pathologique","Hémorragie abondante, utérus souple, présentation pathologique","Hémorragie peu abondante, utérus contracturé, présentation pathologique",c,"{{objectif de connaissance
|Identifiant=OIC-010-03-B
|Item_parent=Approches transversales du corps
|Item_parent_short=Approches transversales du corps
|Rang=B
|Intitulé=Connaître la place du corps dans les pratiques cliniques (données personnelles, regard médical, palpation, imagerie, analyses biologiques, etc.)
|Description=Distinction et articulation entre le corps vécu par le sujet (subjectif) et le corps objectivé par la médecine et le langage médical.
|Rubrique=Prise en charge
|Contributeurs=Solène Lellinger,Roberto Poma
|Ordre=3}}

Depuis l’essor des techniques en médecine, les signes corporels de la maladie ne sont plus seulement observés par l’œil des soignants, mais aussi et surtout par le biais de tout un ensemble de dispositifs techniques : thermomètre, stéthoscope, imagerie médicale, analyses biologiques, etc. Ces derniers ont redéfini la manière de voir et concevoir les maladies, mais également d’appréhender les corps. Artefact s’immisçant entre le soignant et le patient, entre observateur et observé, ils redéfinissent les frontières entre l’intérieur et l’extérieur du corps et transforment la matérialité du corps en un ensemble de variables, d’images et de données pouvant être réductionniste.

L’observation qui en résulte s’est accompagnée d’une terminologie propre pouvant induire également une mise à distance et créer un écart entre ce qui est vécu par le patient (son vécu subjectif) et la manière dont la médecine objective son corps.

Lorsqu’il est question du corps humain, les sciences humaines distinguent le plus souvent un corps-objet et un corps-sujet. Le premier est un simple corps parmi les corps, impersonnel, régi par des lois naturelles, dépourvu de caractéristiques spécifiquement humaines, objet d’action ou de contemplation. Le deuxième, le corps-sujet, désigne à la fois le corps subjectif, en tant que substrat psychophysiologique de l’expérience individuelle du corps, et le corps du sujet, en tant que dimension de la corporéité sur laquelle s’exerce l’action du sujet humain. Dans le monde de la santé, cette distinction permet de relativiser et de préciser les connaissances sur le corps, sain ou malade, sans tomber dans un réductionnisme facile, qui consisterait à diriger l’attention du soignant sur un seul aspect de la corporéité. Le corps ne peut être réduit à une batterie d’organes, ni à un ensemble de chiffres ou d’images de laboratoire, ni au récit que le patient fait de sa propre vie.",1.0,8.009090909090911,False,True,0.6335409283638,0.9619544148445129,False,2,False
75,OIC-019-02-A,Quelle est la modalité de prévention de l'hémorragie post-partum (HPP) systématique?,Administration prophylactique d'oxytocine (APO) dès la sortie de l'enfant,Mise en place d'un sac de recueil des pertes sanguines juste après l'expulsion,Surveillance systématique pendant 2 heures en salle de travail,Délivrance artificielle en cas de non-décollement placentaire 30 minutes après l'accouchement,a,"{{objectif de connaissance
|Identifiant=OIC-019-02-A
|Item_parent=La sécurité sociale. L’assurance maladie. Les assurances complémentaires. La complémentaire santé solidaire (CSS). La consommation médicale. Protection sociale. Consommation médicale et économie de la santé
|Item_parent_short=La sécurité sociale. L’assurance maladie. Les assurances complémentaires. La complémentaire santé solidaire (CSS). La consommation médicale. Protection sociale. Consommation médicale et économie de la santé
|Rang=A
|Intitulé=Connaître la nature des prestations de protection sociale en France
|Description=Organisation de la prise en charge
|Rubrique=Définition
|Contributeurs=Anne-Laurence Le Faou
|Ordre=2}}



La protection sociale repose sur :

1)    '''le versement de prestations sociales directement aux individus'''.

Ces prestations sociales peuvent être '''en espèces avec des revenus de remplacement''' quand  indemnités journalières, pensions de retraite) '''ou en nature (remboursement de dépenses engagées''' comme le remboursement des soins de santé ou le financement direct de services : pas d'avance de frais pour les médicaments par exemple ou tiers-payant ce qui signifie qu’une tierce personne – une institution comme l’assurance maladie – paie directement le pharmacien ) ; 2) '''l'accès à des prestations de services sociaux fournis gratuitement ou à des prix réduits''' (crèches, repas de cantine).

Il existe six catégories de prestations correspondant à autant de risques :

* le risque « vieillesse-survie » 
** Le risque      vieillesse est le plus important. Il comprend les retraites, la part la      plus importante de ce risque et la part la plus importante de la      protection sociale. Il inclut la prise en charge de la dépendance qui      n’est pas encore reconnue comme un risque à part entière, malgré la mise      en place de l’allocation personnalisée d’autonomie (APA), instituée par      la loi du 20 juillet 2001, et de la Caisse nationale de solidarité pour      l’autonomie, créée par la loi du 30 juin 2004. Il comprend aussi les      allocations versées au titre du minimum vieillesse : allocation      supplémentaire vieillesse (ASV) et allocation de solidarité aux personnes      âgées (ASPA).
** Le risque survie,      qui couvre les besoins de la disparition d’un membre de la famille, le      conjoint le plus souvent.

* le risque « santé » 
** Il inclut la      maladie, l’invalidité, les accidents du travail et les maladies      professionnelles.

* le risque « maternité-famille »
** Il inclut notamment      les indemnités journalières pour maternité, les soins aux femmes      enceintes et les différentes prestations familiales (allocations familiales,      aides à la garde d’enfant).

* le risque « emploi » 
** Il comprend l’indemnisation      du chômage, les aides à la réadaptation et la réinsertion      professionnelle, les préretraites.

* le risque « logement » 
** Il recouvre les      différentes aides versées aux ménages pour faire face à leurs dépenses de      loyer ou de remboursement d’emprunt.

* le risque « pauvreté-exclusion     sociale »
** Il s’agit essentiellement      pris en charge du revenu de solidarité active (RSA).",1.0,12.3,False,True,0.619171679019928,0.6037500898043314,False,2,False
76,OIC-019-02-A,Quelle est la définition de l'hypertension artérielle (HTA) gravidique (HTAg)?,PA systolique (PAS) ≥ 140 mmHg et/ou PA diastolique (PAD) ≥ 90 mmHg à au moins deux reprises.,PA systolique (PAS) ≥ 160 mmHg et/ou PA diastolique (PAD) ≥ 110 mmHg à au moins deux reprises.,PA systolique (PAS) ≥ 140 mmHg et/ou PA diastolique (PAD) ≥ 90 mmHg à au moins une reprise.,PA systolique (PAS) ≥ 180 mmHg et/ou PA diastolique (PAD) ≥ 120 mmHg à au moins deux reprises.,a,"{{objectif de connaissance
|Identifiant=OIC-019-02-A
|Item_parent=La sécurité sociale. L’assurance maladie. Les assurances complémentaires. La complémentaire santé solidaire (CSS). La consommation médicale. Protection sociale. Consommation médicale et économie de la santé
|Item_parent_short=La sécurité sociale. L’assurance maladie. Les assurances complémentaires. La complémentaire santé solidaire (CSS). La consommation médicale. Protection sociale. Consommation médicale et économie de la santé
|Rang=A
|Intitulé=Connaître la nature des prestations de protection sociale en France
|Description=Organisation de la prise en charge
|Rubrique=Définition
|Contributeurs=Anne-Laurence Le Faou
|Ordre=2}}



La protection sociale repose sur :

1)    '''le versement de prestations sociales directement aux individus'''.

Ces prestations sociales peuvent être '''en espèces avec des revenus de remplacement''' quand  indemnités journalières, pensions de retraite) '''ou en nature (remboursement de dépenses engagées''' comme le remboursement des soins de santé ou le financement direct de services : pas d'avance de frais pour les médicaments par exemple ou tiers-payant ce qui signifie qu’une tierce personne – une institution comme l’assurance maladie – paie directement le pharmacien ) ; 2) '''l'accès à des prestations de services sociaux fournis gratuitement ou à des prix réduits''' (crèches, repas de cantine).

Il existe six catégories de prestations correspondant à autant de risques :

* le risque « vieillesse-survie » 
** Le risque      vieillesse est le plus important. Il comprend les retraites, la part la      plus importante de ce risque et la part la plus importante de la      protection sociale. Il inclut la prise en charge de la dépendance qui      n’est pas encore reconnue comme un risque à part entière, malgré la mise      en place de l’allocation personnalisée d’autonomie (APA), instituée par      la loi du 20 juillet 2001, et de la Caisse nationale de solidarité pour      l’autonomie, créée par la loi du 30 juin 2004. Il comprend aussi les      allocations versées au titre du minimum vieillesse : allocation      supplémentaire vieillesse (ASV) et allocation de solidarité aux personnes      âgées (ASPA).
** Le risque survie,      qui couvre les besoins de la disparition d’un membre de la famille, le      conjoint le plus souvent.

* le risque « santé » 
** Il inclut la      maladie, l’invalidité, les accidents du travail et les maladies      professionnelles.

* le risque « maternité-famille »
** Il inclut notamment      les indemnités journalières pour maternité, les soins aux femmes      enceintes et les différentes prestations familiales (allocations familiales,      aides à la garde d’enfant).

* le risque « emploi » 
** Il comprend l’indemnisation      du chômage, les aides à la réadaptation et la réinsertion      professionnelle, les préretraites.

* le risque « logement » 
** Il recouvre les      différentes aides versées aux ménages pour faire face à leurs dépenses de      loyer ou de remboursement d’emprunt.

* le risque « pauvreté-exclusion     sociale »
** Il s’agit essentiellement      pris en charge du revenu de solidarité active (RSA).",1.0,13.09,False,True,0.5838027000427246,0.9849478999773661,False,2,False
77,OIC-019-03-B,Quel examen est indispensable pour éliminer une pré-éclampsie chez une femme enceinte avec une HTA gravidique?,Ratio Albumine/créatinine urinaire,Analyse de la protéinurie des 24 heures,Échographie obstétricale + Doppler,Mesure de la pression artérielle,b,"{{objectif de connaissance
|Identifiant=OIC-019-03-B
|Item_parent=La sécurité sociale. L’assurance maladie. Les assurances complémentaires. La complémentaire santé solidaire (CSS). La consommation médicale. Protection sociale. Consommation médicale et économie de la santé
|Item_parent_short=La sécurité sociale. L’assurance maladie. Les assurances complémentaires. La complémentaire santé solidaire (CSS). La consommation médicale. Protection sociale. Consommation médicale et économie de la santé
|Rang=B
|Intitulé=Connaître la poids des prestations vieillesse et santé
|Description=Organisation de la prise en charge
|Rubrique=Définition
|Contributeurs=Anne-Laurence Le Faou
|Ordre=3}}

La protection sociale représentait 35% dans le Produit Intérieur Brut de la France en 2020 compte tenu de la survenue de l’épidémie de Covid 19.

En réponse à la crise économique et sanitaire, les prestations de protection sociale ont fortement augmenté fortement en France, de 6,8 % en 2020 après +2,6 % en 2019 pour atteindre 813 milliards d’euros, soit 35 % du PIB. Par ailleurs, le total des dépenses de la protection sociale autres que les prestations (59 milliards d’euros) a très fortement augmenté (+24,6 % versus -2,0 % en 2019). Ce poste en dehors des prestations comptabilise en particulier les dépenses additionnelles liées à la crise sanitaire, pour un montant de 11 milliards d’euros, comme par exemple l’achat de masques et de matériels liés à la crise sanitaire ou les aides financières accordées aux professionnels de santé du fait de leur baisse d’activité pendant les confinements.


Les deux principaux risques sociaux à l’origine des poids financiers les plus importants restent la vieillesse (43%) et la santé (33%) des dépenses de protection sociale (Graphique 1). La croissance des dépenses de protection sociale est en particulier liée aux mesures de soutien à l’emploi du fait de la mise en places de mesures de chômage partiel.

<br /><gallery>
Fichier:19-G1 prestations sociales.png
</gallery>


'''Les prestations servies au titre de la vieillesse-survie''' ont ralenti depuis la mise en place de quatre grandes réformes du système de retraite, en 1993, 2003, 2008 et 2010 avec les mesures suivantes : 1)  principe d’indexation des pensions sur l’inflation et non plus sur les salaires, 2) calcul de la retraite à partir des 25 meilleures années au lieu des 10 meilleures dans le secteur privé, 3) augmentation du nombre d’années nécessaires pour bénéficier du taux plein, 4) augmentation de l’âge légal d’ouverture des droits de 60 à 62 ans. 


'''Toutefois, le montant moyen des pensions augmente de façon ineluctable''' dans la protection sociale pour plusieurs raisons :

1) l’élévation des salaires réels au fil des générations, 2) l’arrivée à la retraite des générations du baby-boom qui sont plus nombreuses que les générations actuelles et 3) l’allongement de l’espérance de vie. 


En ce qui concerne me risque santé, le rythme de l’augmentation des dépenses est ralenti depuis les années 1980 par de nombreux plans de réforme : 1) 1982-1983 (baisse du remboursement de certains médicaments, etc.), 2) 1986 et 1993, qui augmentent la part des dépenses restant à la charge des ménages, 3) 1996, avec la mise en place de l’objectif national d’évolution des dépenses d’assurance maladie (Ondam) qui vise à encadrer les dépenses des régimes de base. Il est régulièrement dépassé jusqu’en 2009, mais la loi maladie de 2004 et le renforcement continu de ses dispositifs de contrôle et de suivi permettent son respect depuis 2010.

Les prestations du risque maladie augmentent cependant en France de 4,3 % (après +2,4 % en 2019) pour atteindre 228 milliards d’euros. 

Cette augmentation s’explique :

·       par les hausses des prestations de soins du secteur hospitalier et, dans une moindre mesure, des soins de ville. Malgré une baisse globale du volume de soins en dehors des soins liés à la covid 19, les dépenses de l’hôpital public sont augmentées en raison de la hausse des rémunérations (primes Covid-19, mesures du Ségur de la santé) et par les surcoûts liés à la prise en charge des patients atteints de la Covid-19. Les soins en ville augmentent aussi malgré les baisses de consultations de médecins généralistes et spécialistes en raison de l’épidémie, mais on observe une hausse spectaculaire des actes de laboratoire (tests de dépistage Covid-19). Enfin, les indemnités journalières (IJ) ont augmenté de 24,4 % en 2020 pour deux raisons. D’une part, les IJ dites dérogatoires ont servi à indemniser les personnes ayant dû arrêter leur activité professionnelle pendant le premier confinement (parents sans solution de garde d’enfants, personnes vulnérables, travailleurs indépendants). D’autre part, les IJ maladie augmentent aussi, du fait des arrêts maladie liés aux vagues épidémiques. Les prestations médico-sociales (santé et invalidité) progressent également en 2020. Comme pour le secteur hospitalier, cette augmentation résulte avant tout des hausses de rémunérations des salariés travaillant dans les structures, ainsi que des financements supplémentaires versés pour faire face à la crise sanitaire. Les prestations versées au titre de l’invalidité progressent de 3,6 % (après +3,3 % en 2019), du fait de la prolongation automatique des droits pour les assurés des prestations de compensation du handicap. En revanche, les prestations du risque accidents du travail et maladies professionnelles diminuent en 2020 avec la baisse du nombre d’accidents du travail, elle-même induite par la réduction des activités professionnelles ainsi que le recours massif au télétravail pendant la pandémie.",1.0,16.462500000000002,False,True,0.6412697434425354,0.633017102877299,False,2,False
78,OIC-019-04-B,Quels sont les critères de sévérité pour une hypertension artérielle sévère pendant la grossesse?,PAS ≥ 160 mmHg et/ou PAD ≥ 110 mmHg,Créatinémie ≥ 90 µmol/L,Protéinurie > 3g/24h,Thrombopénie < 100 000/mm³,a,"{{objectif de connaissance
|Identifiant=OIC-019-04-B
|Item_parent=La sécurité sociale. L’assurance maladie. Les assurances complémentaires. La complémentaire santé solidaire (CSS). La consommation médicale. Protection sociale. Consommation médicale et économie de la santé
|Item_parent_short=La sécurité sociale. L’assurance maladie. Les assurances complémentaires. La complémentaire santé solidaire (CSS). La consommation médicale. Protection sociale. Consommation médicale et économie de la santé
|Rang=B
|Intitulé=Connaître la financement de la protection sociale : cotisations sociales, ressources fiscales, contributions publiques de l’état
|Description=Connaître les sources de financement de la protection sociale
|Rubrique=Définition
|Contributeurs=Anne-Laurence Le Faou
|Ordre=4}}

'''Les cotisations sociales''' sont des versements obligatoires effectués par les non-salariés, les salariés et les employeurs pour acquérir des droits à des prestations sociales. Il s'agit des cotisations d’assurance maladie-maternité-invalidité-décès ; d'assurance vieillesse ; d'assurance chômage ; d'allocations familiales. Il faut ajouter '''la contribution solidarité autonomie''' (CSA, ou journée de solidarité) due par les employeurs publics et privés redevables de la cotisation patronale d'assurance maladie.

Les cotisations sociales constituent une part prépondérante des ressources de la protection sociale. Cependant, le poids des cotisations dans les ressources de protection sociale diminue depuis 1990 au profit des ressources fiscales, d'une part la contribution sociale généralisée (CSG), et d'autre part les exonérations sur les cotisations des employeurs. Les '''impôts et taxes affectés''' constituent une part croissante des ressources de la protection sociale. Ils incluent : les transferts de ressources fiscales versés de manière permanente aux régimes de Sécurité sociale (régime des exploitants agricoles notamment) ; les impôts sur les produits (taxes sur les alcools, tabac, assurances automobiles, etc.) ; les impôts sur les salaires et la main-d'œuvre ;les impôts sur le revenu et le patrimoine : il s'agit de la part la plus importante des ressources fiscales de la protection sociale. Ils incluent la CSG, à laquelle s'ajoute la contribution au remboursement de la dette sociale (CRDS). Les '''contributions publiques de l'État''' financent les dépenses de solidarité (RSA, fonds de solidarité vieillesse), une partie des exonérations de cotisations employeurs, et subventionnent des régimes

Graphique 1 : Origine des ressources de la protection sociale (régimes de retraite où le nombre d'actifs cotisants est inférieur au nombre de retraités).<gallery>
Fichier:Item 19 Fig 1.png
</gallery>Source : DREES. La protection sociale en France et en Europe en 2018 : les chiffres clés. Paris : Ministère des solidarités et de la santé, 2020. <nowiki>https://drees.solidarites-sante.gouv.fr/sites/default/files/2020-06/2020_infographie_cps.pdf</nowiki>

En 2020, la répartition des ressources de la protection sociale par type de prélèvement figure au graphique 2. L’on constate une baisse de la part des cotisations sociales en raison de la baisse de l’activité professionnelle pendant l’année 2020 (confinements). Cela illustre l’importance de l’activité économique dans la génération de ressources financières destinées à la protection sociale.<gallery>
Fichier:19 G2 ressources.png
</gallery>",1.0,10.098571428571429,False,True,0.588726818561554,0.6553323666254679,False,2,False
79,OIC-019-05-A,Quelles sont les cibles tensionnelles recommandées pour une femme enceinte souffrant d'hypertension artérielle?,PAS < 120 mmHg et PAD < 80 mmHg,PAS = 140-155 mmHg et PAD = 90-105 mmHg,PAS < 160 mmHg et PAD < 110 mmHg,PAS = 120-130 mmHg et PAD = 80-90 mmHg,b,"{{objectif de connaissance
|Identifiant=OIC-019-05-A
|Item_parent=La sécurité sociale. L’assurance maladie. Les assurances complémentaires. La complémentaire santé solidaire (CSS). La consommation médicale. Protection sociale. Consommation médicale et économie de la santé
|Item_parent_short=La sécurité sociale. L’assurance maladie. Les assurances complémentaires. La complémentaire santé solidaire (CSS). La consommation médicale. Protection sociale. Consommation médicale et économie de la santé
|Rang=A
|Intitulé=Connaître le régime général de la sécurité sociale
|Description=Organisation de la prise en charge
|Rubrique=Définition
|Contributeurs=Anne-Laurence Le Faou
|Ordre=5}}

'''Définition''' 

Le régime général repose sur une hiérarchie d'organismes nationaux, régionaux et locaux, structurés par nature de risque, gérés paritairement et placés sous la tutelle des Ministères chargés de la sécurité sociale (Ministère des solidarités et de la santé et Ministère de l'économie, de la finance et de la relance).


'''Groupes de population couverts''' 

Le Régime général concernait lors de la création de la sécurité sociale les travailleurs salariés du secteur privé. Au fur et à mesure de son extension, il a été amené à intégrer dans sa couverture des groupes de personnes, comme les étudiants, les chômeurs ou les agents contractuels de l’État, qui ne sont pas salariés du secteur privé. En effet, la France a choisi de parvenir à la converture universelle de la population, qu’elle contribue ou non au financement de la sécurité sociale.

Le régime général est actuellement le plus important en nombre de personnes assujetties (près de 30 millions), c’est-à-dire prises en charge au titre des risques maladie, famille, retraite, accidents du travail et maladie professionnelle.

Depuis 2018 et la suppression du Régime social des indépendants (RSI), le régime général gère les risques sociaux des indépendants (artisans, industriels, commerçants et professions libérales non règlementées).


'''Organisation''' 

Depuis l’ordonnance ""Jeanneney"" du 21 août 1967 relative à l’organisation administrative et financière de la Sécurité sociale, le Régime général est divisé en branches d’activité ayant à leur tête une caisse nationale autonome.

Trois de ces branches couvrent un ou plusieurs risques :

l'''a branche Famille est pilotée par la Caisse nationale des allocations familiales''' (Cnaf). Elle prend en charge l’accompagnement des familles dans leur vie quotidienne, l’accueil du jeune enfant, l’accès au logement, la lutte contre la précarité ou le handicap ;

'''la branche Maladie, Accidents du travail et Risques professionnels est pilotée par la Caisse nationale d’assurance maladie (Cnam)'''. Elle prend en charge deux types de risques : d’une part, les risques maladie, maternité, invalidité et décès ; d’autre part, les risques accidents du travail et maladies professionnelles ;

'''la branche Vieillesse est pilotée par la Caisse nationale d’assurance vieillesse (Cnav). Elle verse les pensions de retraite de base.'''

Par ailleurs, les lois du 7 août 2020 instaurent une '''cinquième branche de la Sécurité sociale qui couvrira le risque de perte d’autonomie et de handicap'''. Cette nouvelle branche sera dirigée par la Caisse nationale de solidarité pour l’autonomie (CNSA).

'''Deux autres branches assurent des missions communes et transversales''' :

'''la branche Recouvrement des cotisations sociales est pilotée par l’Urssaf Caisse nationale''' (nouvelle appellation, depuis 2021, de l’Agence centrale des organismes de sécurité sociale – Acoss). Elle assure, par l’intermédiaire de caisses locales – les Urssaf –, le recouvrement des ressources affectées aux autres branches de la Sécurité sociale (c’est-à-dire qu’elle perçoit les cotisations sociales – patronales et salariales – transmises par les employeurs) ;

la Fédération des employeurs du Régime général de la Sécurité sociale est pilotée par '''l’Union des caisses nationales de sécurité sociale (UCANSS).''' Elle prend en charge le dialogue social, des tâches mutualisées de gestion des ressources humaines et des missions d’intérêts communs, comme les opérations immobilières ou les politiques de développement durable.



'''Schéma récapitulatif'''

Le régime général comporte quatre branches autonomes en 2021 (graphique 1). La branche autonomie sera la cinquième branche et est en cours de constitution.

Graphique 1 : Organisation du régime général de la Sécurité sociale.

<br /><gallery>
Fichier:Item 19 Fig2.jpg
</gallery>


Source : assurance maladie. <nowiki>https://assurance-maladie.ameli.fr/qui-sommes-nous/organisation/securite-sociale/securite-sociale</nowiki>

À la tête de chacune des branches est placée une caisse nationale (établissement public à caractère administratif) qui coordonne et gère un réseau de caisses territoriales. Les caisses territoriales sont des organismes de droit privé en charge d'un service public, soumis au contrôle et à la tutelle de l'État.",1.0,17.618461538461542,False,True,0.6213156580924988,0.9252428015073141,True,2,False
80,OIC-019-06-B,Quel est le risque de récidive en cas d'antécédent d'HTA gravidique?,1 sur 10,1 sur 5,1 sur 20,1 sur 100,b,"{{objectif de connaissance
|Identifiant=OIC-019-06-B
|Item_parent=La sécurité sociale. L’assurance maladie. Les assurances complémentaires. La complémentaire santé solidaire (CSS). La consommation médicale. Protection sociale. Consommation médicale et économie de la santé
|Item_parent_short=La sécurité sociale. L’assurance maladie. Les assurances complémentaires. La complémentaire santé solidaire (CSS). La consommation médicale. Protection sociale. Consommation médicale et économie de la santé
|Rang=B
|Intitulé=Connaître la loi de financement de la Sécurité Sociale (LFSS)
|Description=Connaître la loi et son rôle, qui la vote?
|Rubrique=Définition
|Contributeurs=Anne-Laurence Le Faou
|Ordre=6}}

La '''loi de financement de la sécurité sociale''' détermine les conditions générales de son équilibre financier et, compte tenu des prévisions de ses recettes, fixent ses objectifs de dépenses. Elle est '''votée chaque année par le parlement''', suite à un projet de loi du gouvernement[1].   

La loi de financement de la Sécurité sociale (LFSS) est une catégorie de loi créée par la révision de la Constitution du 22 février 1996. Elle '''vise à maîtriser les dépenses sociales et de santé'''. Elle détermine les conditions nécessaires à l’équilibre financier de la sécurité sociale et fixe les objectifs de dépenses en fonction des prévisions de recettes.

Il faut bien souligner qu’il s’agit de '''loi de financement et non de finances''', ce qui indique clairement que la LFSS n’est pas de la même nature que les lois de finances de l’État ; notamment, elles n’ont pas de portée budgétaire. Le contrôle parlementaire reste donc limité. Le Parlement n’a pas le pouvoir de fixer lui-même les recettes de la sécurité sociale. La LFSS n’autorise pas la perception des recettes, elle ne fait que les prévoir. De même, les objectifs de dépenses, votés par le Parlement, évaluent les dépenses mais ne les limitent pas.

La LFSS est votée par le Parlement tous les ans, en même temps que la loi de finances (LF) déterminant le budget de l’État. Elle doit être déposée sur le bureau de l’Assemblée nationale au plus tard le 15 octobre. Le Parlement doit se prononcer dans les 50 jours, sinon le PLFSS peut être adopté par voie d’ordonnance. Elle peut aussi être modifiée en cours d’année par une LFSS rectificative.

Depuis 1996, le Parlement a donc un droit de regard sur l’équilibre financier de la sécurité sociale. Il peut se prononcer sur les grandes orientations des politiques de santé et de sécurité sociale, ainsi que sur leur mode de financement.

Pour donner des exemples, on peut citer comme nouvelles mesures l’allongement du congé paternité avec 28 jours au lieu de 14 jours et est obligatoire pour 7 jours ; la revalorisation des salaires des personnels hospitaliers et des Etablissements d’hébergement pour les personnes âgées dépendantes (EHPAD) ;  le financement des dépenses de tests, vaccins et masques pour répondre à la crise sanitaire et la creation d’une 5ème branche de la sécurité sociale pour le soutien à l’autonomie.
----[1] <nowiki>https://www.gouvernement.fr/presentation-du-projet-de-loi-de-financement-de-la-securite-sociale-2022</nowiki>",1.0,8.009090909090911,False,True,0.5938252210617065,0.8322785496711731,False,2,False
81,OIC-019-07-B,Un antécédent d'HTA gravidique expose à un risque accru de pathologies cardiovasculaires et rénales. Quelle est la principale raison de ce risque?,La grossesse modifie le système cardiovasculaire.,L'HTA gravidique est souvent associée à des facteurs de risque cardiovasculaires.,La grossesse augmente la production de cortisol.,L'HTA gravidique est une maladie auto-immune.,b,"{{objectif de connaissance
|Identifiant=OIC-019-07-B
|Item_parent=La sécurité sociale. L’assurance maladie. Les assurances complémentaires. La complémentaire santé solidaire (CSS). La consommation médicale. Protection sociale. Consommation médicale et économie de la santé
|Item_parent_short=La sécurité sociale. L’assurance maladie. Les assurances complémentaires. La complémentaire santé solidaire (CSS). La consommation médicale. Protection sociale. Consommation médicale et économie de la santé
|Rang=B
|Intitulé=Connaître la définition de l’Objectif national des dépenses d’Assurance maladie (ONDAM)
|Description=Connaître
|Rubrique=Définition
|Contributeurs=Anne-Laurence Le Faou
|Ordre=7}}

L’ONDAM représente le montant prévisionnel à ne pas dépasser en matière de soins de ville et d’hospitalisation, dispensés tant dans les établissements privés ou publics que dans les centres médico-sociaux.. Il est établi chaque année pour les dépenses de l’assurance maladie en France. Il permet de réguler les dépenses de l’assurance maladie et est fixé chaque année par la LFSS<sup><sup>[1]</sup></sup><sub>.</sub> 

L’ONDAM a été créé par les ordonnances de 1996 et est est fixé chaque année par le Parlement, conformément aux dispositions de la loi de financement de la sécurité sociale (LFSS). Il correspond aux prévisions de recettes et aux objectifs des dépenses de la sécurité sociale :

* les     soins de ville,
* les     établissements de santé publics et privés,
* les     établissements médico-sociaux,
* les     autres prises en charge

Au sein des établissements de santé, des sous objectifs sont fixés pour :

* les     établissements publics et privés tarifés à l’activité au titre d’une part     de leur activité de médecine, chirurgie, obstétrique (ODMCO :     objectif des dépenses de MCO), d’autre part de leurs missions d’intérêt     général et d’aide à la contractualisation (MIGAC)
* les     activités de soins de suite et de réadaptation, de psychiatrie, et de     soins de longue durée : l’ODAM (objectif des dépenses d’assurance     maladie) et l’OQN (objectif quantifié national)

·       '''Le Comité d’alerte sur l’évolution des dépenses d’assurance maladie a été créé par la loi du 13 août 2004''' portant réforme de l’assurance maladie (article 40). Il est chargé d’alerter le Parlement, le Gouvernement et les caisses nationales d’assurance maladie en cas d’évolution des dépenses d’assurance maladie incompatible avec le respect de l’objectif national voté par le Parlement.

·       Chaque année, au plus tard le 1er juin, le comité rend un avis sur le respect de l’objectif national de dépenses d’assurance maladie (Ondam) pour l’exercice en cours. Le comité d’alerte est placé auprès de la Commission des comptes de la sécurité sociale. Il est composé du secrétaire général de la Commission des comptes de la sécurité sociale, du directeur général de l’Institut national de la statistique et des études économiques et d’une personnalité qualifiée nommée par le président du Conseil économique et social.


La crise sanitaire a conduit à une forte augmentation de l’ONDAM 2020. Il en est de même pour 2021 et 2022 (graphique 1). 


Graphique 1 :  Niveaux de dépassement de l’ONDAM depuis 2004<gallery>
Fichier:19 Gx Ondam.png
</gallery>
----[1] Source : <nowiki>https://www.securite-sociale.fr/files/live/sites/SSFR/files/medias/PLFSS/2021/PLFSS-2021-ANNEXE%207.pdf</nowiki>",1.0,12.836363636363636,False,True,0.6436781883239746,0.7250281572341919,False,2,False
82,OIC-019-07-B,Quelle est la définition d'une menace d'accouchement prématuré (MAP)?,Association de contractions utérines régulières et douloureuses avant 37 SA.,Association de modifications cervicales et de contractions utérines régulières et douloureuses avant 37 SA.,Association de contractions utérines régulières et douloureuses avant 22 SA.,Association de modifications cervicales et de contractions utérines régulières et douloureuses avant 22 SA.,b,"{{objectif de connaissance
|Identifiant=OIC-019-07-B
|Item_parent=La sécurité sociale. L’assurance maladie. Les assurances complémentaires. La complémentaire santé solidaire (CSS). La consommation médicale. Protection sociale. Consommation médicale et économie de la santé
|Item_parent_short=La sécurité sociale. L’assurance maladie. Les assurances complémentaires. La complémentaire santé solidaire (CSS). La consommation médicale. Protection sociale. Consommation médicale et économie de la santé
|Rang=B
|Intitulé=Connaître la définition de l’Objectif national des dépenses d’Assurance maladie (ONDAM)
|Description=Connaître
|Rubrique=Définition
|Contributeurs=Anne-Laurence Le Faou
|Ordre=7}}

L’ONDAM représente le montant prévisionnel à ne pas dépasser en matière de soins de ville et d’hospitalisation, dispensés tant dans les établissements privés ou publics que dans les centres médico-sociaux.. Il est établi chaque année pour les dépenses de l’assurance maladie en France. Il permet de réguler les dépenses de l’assurance maladie et est fixé chaque année par la LFSS<sup><sup>[1]</sup></sup><sub>.</sub> 

L’ONDAM a été créé par les ordonnances de 1996 et est est fixé chaque année par le Parlement, conformément aux dispositions de la loi de financement de la sécurité sociale (LFSS). Il correspond aux prévisions de recettes et aux objectifs des dépenses de la sécurité sociale :

* les     soins de ville,
* les     établissements de santé publics et privés,
* les     établissements médico-sociaux,
* les     autres prises en charge

Au sein des établissements de santé, des sous objectifs sont fixés pour :

* les     établissements publics et privés tarifés à l’activité au titre d’une part     de leur activité de médecine, chirurgie, obstétrique (ODMCO :     objectif des dépenses de MCO), d’autre part de leurs missions d’intérêt     général et d’aide à la contractualisation (MIGAC)
* les     activités de soins de suite et de réadaptation, de psychiatrie, et de     soins de longue durée : l’ODAM (objectif des dépenses d’assurance     maladie) et l’OQN (objectif quantifié national)

·       '''Le Comité d’alerte sur l’évolution des dépenses d’assurance maladie a été créé par la loi du 13 août 2004''' portant réforme de l’assurance maladie (article 40). Il est chargé d’alerter le Parlement, le Gouvernement et les caisses nationales d’assurance maladie en cas d’évolution des dépenses d’assurance maladie incompatible avec le respect de l’objectif national voté par le Parlement.

·       Chaque année, au plus tard le 1er juin, le comité rend un avis sur le respect de l’objectif national de dépenses d’assurance maladie (Ondam) pour l’exercice en cours. Le comité d’alerte est placé auprès de la Commission des comptes de la sécurité sociale. Il est composé du secrétaire général de la Commission des comptes de la sécurité sociale, du directeur général de l’Institut national de la statistique et des études économiques et d’une personnalité qualifiée nommée par le président du Conseil économique et social.


La crise sanitaire a conduit à une forte augmentation de l’ONDAM 2020. Il en est de même pour 2021 et 2022 (graphique 1). 


Graphique 1 :  Niveaux de dépassement de l’ONDAM depuis 2004<gallery>
Fichier:19 Gx Ondam.png
</gallery>
----[1] Source : <nowiki>https://www.securite-sociale.fr/files/live/sites/SSFR/files/medias/PLFSS/2021/PLFSS-2021-ANNEXE%207.pdf</nowiki>",1.0,12.831111111111113,False,True,0.61922287940979,0.9498075246810913,False,2,False
83,OIC-019-09-A,Quelle est la principale indication pour l'utilisation de la tocolyse dans le contexte d'une menace d'accouchement prématuré?,Antibiothérapie pour une infection diagnostiquée,Antipyrétique et antispasmodique,Tocolyse pour retarder l'accouchement,Corticothérapie anténatale,c,"{{objectif de connaissance
|Identifiant=OIC-019-09-A
|Item_parent=La sécurité sociale. L’assurance maladie. Les assurances complémentaires. La complémentaire santé solidaire (CSS). La consommation médicale. Protection sociale. Consommation médicale et économie de la santé
|Item_parent_short=La sécurité sociale. L’assurance maladie. Les assurances complémentaires. La complémentaire santé solidaire (CSS). La consommation médicale. Protection sociale. Consommation médicale et économie de la santé
|Rang=A
|Intitulé=Connaître les missions de l’assurance maladie du régime général de la sécurité sociale
|Description=Organisation de la prise en charge
|Rubrique=Définition
|Contributeurs=Anne-Laurence Le Faou
|Ordre=9}}

La Caisse nationale d'assurance maladie (CNAM) gère les risques '''maladie, maternité, invalidité et décès''' ainsi que '''accidents du travail et maladies professionnelles'''. Sa mission principale est la '''prise en charge des soins dispensés aux assurés sociaux'''. Elle contribue également à '''l'amélioration de la santé de la population''', à l'<nowiki/>'''efficience du système de soins''' et à la '''maîtrise des dépenses de santé'''. Pour remplir ses missions, l'assurance maladie dispose de plusieurs leviers d'intervention dont :

-        la définition du '''périmètre des actes remboursables''' en s'appuyant sur les recommandations médicales et les avis établis par la Haute autorité de santé (HAS) ;

-        la '''tarification des actes et niveau de prise en charge''' :  classification commune des actes médicaux (CCAM), tarification à l'activité (T2A) des établissements de santé et nomenclature générale des actes professionnels 

Dans le cadre de l'Union nationale des caisses d'assurance maladie (UNCAM), qui regroupe les régimes d'assurance maladie nationaux (le régime général et la MSA), elle conduit la '''politique conventionnelle''' (relations entre les professionnels de santé et l'assurance maladie, notamment le tarif des actes dont les consultations).

L'assurance maladie contribue à une '''meilleure adéquation de l'offre de soins aux besoins des assurés dans le cadre des agences régionales de santé, informe les assurés sur les caractéristiques de l'offre de soins locale et sur le bon usage des produits de santé''', participe à la '''politique de prévention''' (dépistage des cancers), élabore un '''dispositif d'accompagnement des patients atteints de pathologies lourdes''' (suivi des patients diabétiques dans le cadre du programme Sophia par exemple).

L'assurance maladie contribue à la '''diffusion des recommandations de la HAS auprès des professionnels''' (assurée par les délégués de l'assurance maladie) et élabore des '''profils comparatifs d'activité et de prescriptions'''.

Enfin, l’assurance maladie a en charge la '''maîtrise médicalisée des dépenses'''. Au sein de chaque région, l'assurance maladie participe à l'élaboration, sous l'égide de l'ARS, d'un programme pluriannuel régional de gestion du risque qui complète les programmes nationaux de gestion du risque.",1.0,18.804705882352945,False,True,0.6269913911819458,0.6524126728375753,False,4,False
84,OIC-019-09-A,Quelles sont les mesures de prévention primaire pour l'accouchement prématuré?,Supprimer les facteurs de risque tels que le tabac et les toxiques.,Réaliser un cerclage utérin préventif.,Traiter une vaginose bactérienne.,Arrêter le travail pour prévenir l'accouchement prématuré.,a,"{{objectif de connaissance
|Identifiant=OIC-019-09-A
|Item_parent=La sécurité sociale. L’assurance maladie. Les assurances complémentaires. La complémentaire santé solidaire (CSS). La consommation médicale. Protection sociale. Consommation médicale et économie de la santé
|Item_parent_short=La sécurité sociale. L’assurance maladie. Les assurances complémentaires. La complémentaire santé solidaire (CSS). La consommation médicale. Protection sociale. Consommation médicale et économie de la santé
|Rang=A
|Intitulé=Connaître les missions de l’assurance maladie du régime général de la sécurité sociale
|Description=Organisation de la prise en charge
|Rubrique=Définition
|Contributeurs=Anne-Laurence Le Faou
|Ordre=9}}

La Caisse nationale d'assurance maladie (CNAM) gère les risques '''maladie, maternité, invalidité et décès''' ainsi que '''accidents du travail et maladies professionnelles'''. Sa mission principale est la '''prise en charge des soins dispensés aux assurés sociaux'''. Elle contribue également à '''l'amélioration de la santé de la population''', à l'<nowiki/>'''efficience du système de soins''' et à la '''maîtrise des dépenses de santé'''. Pour remplir ses missions, l'assurance maladie dispose de plusieurs leviers d'intervention dont :

-        la définition du '''périmètre des actes remboursables''' en s'appuyant sur les recommandations médicales et les avis établis par la Haute autorité de santé (HAS) ;

-        la '''tarification des actes et niveau de prise en charge''' :  classification commune des actes médicaux (CCAM), tarification à l'activité (T2A) des établissements de santé et nomenclature générale des actes professionnels 

Dans le cadre de l'Union nationale des caisses d'assurance maladie (UNCAM), qui regroupe les régimes d'assurance maladie nationaux (le régime général et la MSA), elle conduit la '''politique conventionnelle''' (relations entre les professionnels de santé et l'assurance maladie, notamment le tarif des actes dont les consultations).

L'assurance maladie contribue à une '''meilleure adéquation de l'offre de soins aux besoins des assurés dans le cadre des agences régionales de santé, informe les assurés sur les caractéristiques de l'offre de soins locale et sur le bon usage des produits de santé''', participe à la '''politique de prévention''' (dépistage des cancers), élabore un '''dispositif d'accompagnement des patients atteints de pathologies lourdes''' (suivi des patients diabétiques dans le cadre du programme Sophia par exemple).

L'assurance maladie contribue à la '''diffusion des recommandations de la HAS auprès des professionnels''' (assurée par les délégués de l'assurance maladie) et élabore des '''profils comparatifs d'activité et de prescriptions'''.

Enfin, l’assurance maladie a en charge la '''maîtrise médicalisée des dépenses'''. Au sein de chaque région, l'assurance maladie participe à l'élaboration, sous l'égide de l'ARS, d'un programme pluriannuel régional de gestion du risque qui complète les programmes nationaux de gestion du risque.",1.0,11.91,False,True,0.6479909420013428,0.6168917814890543,False,2,False
85,OIC-019-10-A,Quels sont les signes d'appel évocateurs d'une étiologie spécifique lors de l'examen clinique en cas de fièvre au cours de la grossesse?,Douleurs lombaires et brûlures mictionnelles,Frissons et syndrome grippal,Angine et infection ORL,Écoulement de LA et leucorrhées,a,"{{objectif de connaissance
|Identifiant=OIC-019-10-A
|Item_parent=La sécurité sociale. L’assurance maladie. Les assurances complémentaires. La complémentaire santé solidaire (CSS). La consommation médicale. Protection sociale. Consommation médicale et économie de la santé
|Item_parent_short=La sécurité sociale. L’assurance maladie. Les assurances complémentaires. La complémentaire santé solidaire (CSS). La consommation médicale. Protection sociale. Consommation médicale et économie de la santé
|Rang=A
|Intitulé=Connaître la définition du ticket modérateur, du forfait hospitalier, de la participation forfaitaire, de la franchise médicale, du tiers payant
|Description=Définition et conditions d'application (quand, sur quoi, plafonds) et conditions d'exonération dont ALD,
|Rubrique=Définition
|Contributeurs=Anne-Laurence Le Faou
|Ordre=10}}

Le '''ticket modérateur''' est la part des frais engagés pour les soins qui reste à la charge de l'assuré social après remboursement par l'assurance maladie. Il a pour objectif de réguler la consommation de soins en responsabilisant financièrement le patient. Le ticket modérateur peut être pris en charge totalement ou partiellement par une assurance privée ou une mutuelle complémentaire. Il existe depuis la création de la Sécurité sociale, et s'applique sur tous les frais de santé remboursables : consultation chez le médecin, analyse de biologie médicale, examen de radiologie, achat de médicaments prescrits, etc. 

Le pourcentage du ticket modérateur varie selon :

·       la nature du risque (maladie, maternité, invalidité, accident du travail/maladie professionnelle) ;

·       l'acte ou le traitement ;

·       le respect ou non du parcours de soins coordonnés.

Par exemple, en cas de consultation de votre médecin traitant (médecin généraliste conventionné exerçant en secteur 1), le tarif de la consultation qui sert de base au remboursement est de 25 €.

* Sur ce montant, l'Assurance     Maladie vous rembourse 70 %, soit 17,50 €.
* Le montant du ticket     modérateur est de 30 %, soit 7,50 €.
* Toutefois, vous devrez payer     1 € au titre de la participation forfaitaire.
* Votre reste à charge total     est donc de 7,50 € + 1 €, soit 8,50 €.


Une '''participation forfaitaire''' de 1 euro est demandée pour chaque consultation (voir l’exemple ci-dessus), analyse biologique ou acte de radiologie, sans dépasser un plafond de 50 euros par an. Sont dispensés de la participation forfaitaire les patients âgés de moins de 18 ans, les bénéficiaires de la complémentaire santé solidaire, les bénéficiaires de l'AME, les femmes enceintes à partir du sixième mois de grossesse. Elle ne peut pas être prise en charge par un organisme complémentaire d'assurance maladie.

Une '''franchise''' est déduite des remboursements au patient et s'applique sur : les médicaments (0,50 euro par boîte) ; les actes paramédicaux (0,50 euro par acte) ; les transports sanitaires (2 euros par transport).

La franchise est plafonnée à 50 euros par an au total et ne peut pas dépasser 2 euros par jour pour les actes paramédicaux et 4 euros par jour pour les transports sanitaires. Sont dispensés de la franchise médicale les patients âgés de moins de 18 ans, les bénéficiaires de la complémentaire santé solidaire, les bénéficiaires de l'AME, les femmes enceintes à partir du sixième mois de grossesse. Elle ne peut pas être prise en charge par un organisme complémentaire d'assurance maladie.

Le '''dispositif de tiers payant''' dispense l'assuré de l'avance des frais pris en charge par l'assurance maladie. Ce dernier ne paie que le ticket modérateur, l'assurance maladie versant directement aux structures de soins et aux professionnels de santé les sommes qui leur sont dues. Si l'assuré dispose d'une couverture complémentaire (mutuelle, assurance, institution de prévoyance, complémentaire santé solidaire), il peut bénéficier du tiers payant en présentant sa carte vitale et son attestation de complémentaire. Le dispositif de tiers payant s'applique également dans le cadre d'un accident du travail ou d'une maladie professionnelle, ainsi qu'aux bénéficiaires de la complémentaire santé solidaire et de l'AME",1.0,13.371818181818181,False,True,0.6733985543251038,0.6600772341092428,False,2,True
86,OIC-019-11-A,Quel est le traitement initial en cas de fièvre pendant la grossesse?,Antipyrétique (paracétamol) et surveillance étroite,Antibiothérapie préventive (amoxicilline ou érythromycine),Antipyrétique (paracétamol) et antibiothérapie spécifique,Antipyrétique (paracétamol) et tocolyse,a,"{{objectif de connaissance
|Identifiant=OIC-019-11-A
|Item_parent=La sécurité sociale. L’assurance maladie. Les assurances complémentaires. La complémentaire santé solidaire (CSS). La consommation médicale. Protection sociale. Consommation médicale et économie de la santé
|Item_parent_short=La sécurité sociale. L’assurance maladie. Les assurances complémentaires. La complémentaire santé solidaire (CSS). La consommation médicale. Protection sociale. Consommation médicale et économie de la santé
|Rang=A
|Intitulé=Connaître le parcours de soins coordonnés
|Description=Définition et comment, qui?
|Rubrique=Définition
|Contributeurs=Anne-Laurence Le Faou
|Ordre=11}}

Il vise à '''améliorer l'accès aux soins, la qualité des soins, et à mieux utiliser les ressources'''. Le '''pivot du parcours de soins coordonnés est le médecin traitant''' que '''chaque assuré social ou ayant droit âgé de 16 ans ou plus''' a déclaré, avec l'accord de celui-ci, à son organisme d'assurance maladie. 

Le médecin traitant choisi '''peut être généraliste ou spécialiste'''. Il peut être un médecin hospitalier. Le patient peut modifier son choix à tout moment et librement. 

Le médecin traitant :

·       '''assure les soins régulièrement''' ;

·       '''oriente le patient dans le parcours de soins coordonnés.''' Il met le patient en relation avec d'autres professionnels de santé (autres médecins spécialistes, médecins hospitaliers…) ;

·       '''gère le dossier médical.''' Il centralise toutes les informations concernant les soins et l’état de santé. Il tient à jour votre dossier médical (résultats d'examens, diagnostics, traitements...). Si le patient a créé son Dossier Médical Partagé (ex Dossier Médical Personnel), il peut accéder à l’ensemble des données qui y sont intégrées par les professionnels de santé ;

·       '''assure une prévention personnalisée :''' suivi de la vaccination, examens de dépistage organisés (ex : dépistage du cancer colorectal), aide à l'arrêt du tabac, conseils santé en fonction dustyle de vie, de l’âge ou des antécédents familiaux, conseils en nutrition...

·       '''établit le''' protocole de soins '''si le patient est atteint d’une affection de longue durée'''. Les soins seront pris en charge à 100 % par l’Assurance Maladie.


Le patient conserve la liberté de ne pas avoir recours au médecin traitant ou de ne pas respecter ses prescriptions d'orientation. Cependant, les patients '''qui ne souhaitent pas s'inscrire dans le dispositif se voient appliquer une majoration de la part restant à leur charge'''. Lorsqu'un '''patient consulte directement un spécialiste sans être orienté par son médecin traitant, il supporte une majoration du ticket modérateur (70 % au lieu de 30 %)'''. Les '''médecins spécialistes peuvent pratiquer des dépassements d'honoraires lorsqu'ils reçoivent un patient qui ne leur aura pas été préalablement adressé par un médecin traitant dans le cadre du parcours de soins coordonnés (dépassement autorisé'''). Ce dépassement d'honoraire reste à la charge du patient.


Certains médecins sont accessibles directement : 

'''Le gynécologue''', pour l'examen clinique périodique comprenant les actes de dépistage, la prescription et le suivi de la contraception, le suivi de grossesse ou l'interruption de grossesse médicamenteuse ;

'''L’ophtalmologue''', pour la prescription et le renouvellement de lunettes ou de lentilles de contacts, des actes de '''dépistage et suivi du glaucome ;'''

'''Le''' '''psychiatre ou neuropsychiatre''' pour les personnes entre 16 et 25 ans ;

'''Le stomatologue''', pour les actes bucco-dentaires (soins de prévention bucco-dentaire, soins conservateurs, soins chirurgicaux, soins de prothèses dentaires, traitements d'orthopédie dento-maxillo-faciale).

Ce médecin spécialiste cochera  la case « Accès direct spécifique » sur la feuille de soins. Le patient sera remboursé normalement.",1.0,8.756666666666668,False,True,0.6057588458061218,0.8027403950691223,False,2,False
87,OIC-019-12-A,Quelle est la définition de la menace d’accouchement prématuré?,Association de contractions utérines régulières et douloureuses associées à des modifications cervicales avant 37 SA (entre 22 SA et 36 SA et 6 jours).,Association de contractions utérines irrégulières et douloureuses associées à des modifications cervicales avant 37 SA.,Association de contractions utérines régulières et non douloureuses associées à des modifications cervicales avant 37 SA.,Association de contractions utérines irrégulières et non douloureuses associées à des modifications cervicales avant 37 SA.,a,"{{objectif de connaissance
|Identifiant=OIC-019-12-A
|Item_parent=La sécurité sociale. L’assurance maladie. Les assurances complémentaires. La complémentaire santé solidaire (CSS). La consommation médicale. Protection sociale. Consommation médicale et économie de la santé
|Item_parent_short=La sécurité sociale. L’assurance maladie. Les assurances complémentaires. La complémentaire santé solidaire (CSS). La consommation médicale. Protection sociale. Consommation médicale et économie de la santé
|Rang=A
|Intitulé=Connaître le protocole de soins affection de longue durée (ALD) avec exonération du ticket modérateur
|Description=Définition, pour quelles maladies (affection inscrite sur la liste (ALD 30), affection dite hors liste (ALD 31), ou plusieurs affections entraînant un état, pathologique invalidant (ALD 32)), commet se met-il en place, conséquences pour le patient?
|Rubrique=Définition
|Contributeurs=Anne-Laurence Le Faou
|Ordre=12}}

L'assuré peut être exonéré du ticket modérateur pour des soins conformes au protocole ALD selon la liste de 30 affections de longue durée, définies par l’assurance maladie[[Protocole de soins ALD avec exonération du ticket modérateur 2C-019-DE-A08#%20ftn1|[1]]]. Les frais en rapport avec les soins directement liés à l'ALD sont pris en charge à 100 % par l'assurance maladie. En cas de '''forme grave ou invalidante d'une maladie non présente sur la liste des 30 ALD''', comportant un '''traitement prolongé d’une durée prévisible supérieure à six mois et une thérapeutique particulièrement coûteuse''' '''(31<sup>e</sup> maladie pour''' des soins conformes au protocole ALD hors liste). Enfin, en cas de '''polypathologie à l'origine d'un état invalidant et nécessitant des soins continus d'une durée prévisible supérieure à 6 mois''', une exoneration de ticket modérateur peut être accordée pour soins conformes au protocole polypathologie invalidante  ('''32<sup>e</sup> maladie'''). 

Pour '''établir un protocole de soins ALD''', le médecin traitant accompagne la demande de son patient. Il établit, en concertation avec les spécialistes impliqués, le protocole de soins où sont portés les '''éléments de diagnostic, les traitements prescrits, les consultations spécialisées ou les examens paracliniques nécessaires à la prise en charge du patient.''' Le protocole de soins doit être '''conforme aux recommandations de la HAS''' et reçoit '''l'avis du médecin-conseil de l'assurance maladie'''. Un exemplaire du protocole de soins est remis au patient qui en prend connaissance, le signe et reste libre d'accepter ou de refuser que le diagnostic de la maladie y figure. 

Chaque médecin qui dispense des soins à ce patient, en ville ou en établissement de santé, est tenu de '''porter ses prescriptions sur une ordonnance bizone afin de distinguer les prescriptions en rapport avec l'ALD (exonération du ticket modérateur) de celles en rapport avec d'autres affections (application du ticket modérateur).''' 

Le patient bénéficie d'un '''accès direct aux spécialistes mentionnés dans le protocole de soins.''' En contrepartie de l'avantage lié à l'exonération du ticket modérateur, le patient a l'obligation de présenter son '''volet personnel du protocole de soins à tous les professionnels qu'il consulte, sauf cas d'urgence'''. Il doit se conformer au projet thérapeutique établi par le médecin traitant et se présenter aux contrôles et visites médicales organisés par l'assurance maladie.
----[[Protocole de soins ALD avec exonération du ticket modérateur 2C-019-DE-A08#%20ftnref1|[1]]] <nowiki>https://www.ameli.fr/medecin/exercice-liberal/presciption-prise-charge/situation-patient-ald-affection-longue-duree/definition-ald</nowiki>
<br />",1.0,11.520000000000003,False,True,0.6126439571380615,0.9619553685188293,True,2,False
88,OIC-019-12-A,Quels éléments de l'examen clinique sont essentiels pour évaluer la gravité d'une douleur abdominale aiguë chez une femme enceinte?,Contexte obstétrical et antécédents médicaux,Caractéristiques de la douleur et tolérance hémodynamique,Palpation utérine et détection des bruits du cœur fœtal,Prise de température et palpation abdominale,b,"{{objectif de connaissance
|Identifiant=OIC-019-12-A
|Item_parent=La sécurité sociale. L’assurance maladie. Les assurances complémentaires. La complémentaire santé solidaire (CSS). La consommation médicale. Protection sociale. Consommation médicale et économie de la santé
|Item_parent_short=La sécurité sociale. L’assurance maladie. Les assurances complémentaires. La complémentaire santé solidaire (CSS). La consommation médicale. Protection sociale. Consommation médicale et économie de la santé
|Rang=A
|Intitulé=Connaître le protocole de soins affection de longue durée (ALD) avec exonération du ticket modérateur
|Description=Définition, pour quelles maladies (affection inscrite sur la liste (ALD 30), affection dite hors liste (ALD 31), ou plusieurs affections entraînant un état, pathologique invalidant (ALD 32)), commet se met-il en place, conséquences pour le patient?
|Rubrique=Définition
|Contributeurs=Anne-Laurence Le Faou
|Ordre=12}}

L'assuré peut être exonéré du ticket modérateur pour des soins conformes au protocole ALD selon la liste de 30 affections de longue durée, définies par l’assurance maladie[[Protocole de soins ALD avec exonération du ticket modérateur 2C-019-DE-A08#%20ftn1|[1]]]. Les frais en rapport avec les soins directement liés à l'ALD sont pris en charge à 100 % par l'assurance maladie. En cas de '''forme grave ou invalidante d'une maladie non présente sur la liste des 30 ALD''', comportant un '''traitement prolongé d’une durée prévisible supérieure à six mois et une thérapeutique particulièrement coûteuse''' '''(31<sup>e</sup> maladie pour''' des soins conformes au protocole ALD hors liste). Enfin, en cas de '''polypathologie à l'origine d'un état invalidant et nécessitant des soins continus d'une durée prévisible supérieure à 6 mois''', une exoneration de ticket modérateur peut être accordée pour soins conformes au protocole polypathologie invalidante  ('''32<sup>e</sup> maladie'''). 

Pour '''établir un protocole de soins ALD''', le médecin traitant accompagne la demande de son patient. Il établit, en concertation avec les spécialistes impliqués, le protocole de soins où sont portés les '''éléments de diagnostic, les traitements prescrits, les consultations spécialisées ou les examens paracliniques nécessaires à la prise en charge du patient.''' Le protocole de soins doit être '''conforme aux recommandations de la HAS''' et reçoit '''l'avis du médecin-conseil de l'assurance maladie'''. Un exemplaire du protocole de soins est remis au patient qui en prend connaissance, le signe et reste libre d'accepter ou de refuser que le diagnostic de la maladie y figure. 

Chaque médecin qui dispense des soins à ce patient, en ville ou en établissement de santé, est tenu de '''porter ses prescriptions sur une ordonnance bizone afin de distinguer les prescriptions en rapport avec l'ALD (exonération du ticket modérateur) de celles en rapport avec d'autres affections (application du ticket modérateur).''' 

Le patient bénéficie d'un '''accès direct aux spécialistes mentionnés dans le protocole de soins.''' En contrepartie de l'avantage lié à l'exonération du ticket modérateur, le patient a l'obligation de présenter son '''volet personnel du protocole de soins à tous les professionnels qu'il consulte, sauf cas d'urgence'''. Il doit se conformer au projet thérapeutique établi par le médecin traitant et se présenter aux contrôles et visites médicales organisés par l'assurance maladie.
----[[Protocole de soins ALD avec exonération du ticket modérateur 2C-019-DE-A08#%20ftnref1|[1]]] <nowiki>https://www.ameli.fr/medecin/exercice-liberal/presciption-prise-charge/situation-patient-ald-affection-longue-duree/definition-ald</nowiki>
<br />",1.0,15.420000000000002,False,True,0.6457732319831848,0.6285021305084229,False,2,False
89,OIC-019-13-B,Quels sont les examens paracliniques à réaliser en cas de douleur abdominale aiguë chez une femme enceinte?,Échographie abdominale,Scanner abdominal,Analyse sanguine,Radiographie pulmonaire,a,"{{objectif de connaissance
|Identifiant=OIC-019-13-B
|Item_parent=La sécurité sociale. L’assurance maladie. Les assurances complémentaires. La complémentaire santé solidaire (CSS). La consommation médicale. Protection sociale. Consommation médicale et économie de la santé
|Item_parent_short=La sécurité sociale. L’assurance maladie. Les assurances complémentaires. La complémentaire santé solidaire (CSS). La consommation médicale. Protection sociale. Consommation médicale et économie de la santé
|Rang=B
|Intitulé=Connaître les prestations en espèces et en nature de l’assurance maladie
|Description=None
|Rubrique=Définition
|Contributeurs=Anne-Laurence Le Faou
|Ordre=13}}
Les '''prestations en espèces''' sont un revenu de remplacement. Elles sont par exemple servies sous la forme d'indemnités journalières (IJ) et constituent un revenu de remplacement pour les personnes salariées placées en arrêt de travail.

La '''prestation en nature''' correspond au remboursement total ou partiel par l’assurance maladie de tout ou une partie des frais de santé engagés lors d'une maladie, d'une maternité ou d'un accident de travail.
{| class=""wikitable""
|Risques
|Prestations
|-
|Risque maladie
|1. Prestations en espèces (assuré social)

Indemnités journalières versées à compter  du 4<sup>e</sup> jour de l'arrêt de travail
|-
|
|2. Prestations en nature (assuré social et  ayants droit)

Prise en charge des frais engagés avec  application d'un ticket modérateur :
|-
|
|          – variable selon les prestations
<br />
|-
|
|          – majoré pour les soins en dehors du parcours  de soins coordonné (médecin traitant)
<br />
|-
|
|          – exonération pour les affections de longue  durée (ALD)
|-
|
|''Limites  :''

          – participation forfaitaire de 1 euro ; à  la charge du patient pour chaque consultation, analyse biologique ou acte de  radiologie (plafond de 50 euros par an)

          – franchise médicale à la charge du patient  pour les médicaments, actes paramédicaux et transports sanitaires

          – forfait journalier à la charge du patient  en cas d'hospitalisation (20 Euros par jour)

          – dispositif de tiers payant (dispense de  l'avance des frais)
<br />
|-
|Risque maternité
|          1. Prestations en espèces (assuré social)

Indemnités journalières pendant la durée  légale du congé maternité (6 semaines avant l'accouchement et 10 semaines  après)
|-
|
|          2. Prestations en nature

          – Prise en charge à 100 % des examens  prénataux

          – Prise en charge à 100 % à partir du 6<sup>e</sup>  mois et jusqu'au 12<sup>e</sup> jour après l'accouchement des examens  médicaux, échographies, séances de préparation à la naissance, frais en  rapport avec l'accouchement, examen postnatal, séances de rééducation  périnéale (sauf le forfait journalier hospitalier)
<br />
|-
|Risque invalidité

Conditions

          – âge inférieur à 62,5 ans selon le  calendrier de l'augmentation progressive de l'âge à la retraite

          – capacité de travail ou de revenu réduite  d'au moins deux tiers
<br />
|          1. Prestations en espèces (assuré social)

Pension d'invalidité calculée en fonction  du revenu, de la capacité résiduelle de travail et du besoin éventuel d'une  tierce personne

          2. Prestations en nature

Exonération du ticket modérateur
|-
|Risque décès
|Capital décès versé aux ayants droit sous  certaines conditions et si la personne décède alors qu'elle est en activité
|}",1.0,15.334117647058822,False,True,0.635619044303894,0.7089405655860901,False,2,False
90,OIC-020-01-A,Qu'est-ce qui caractérise l'infection materno-fœtale (IMF)?,Une contamination du fœtus par des germes d'origine maternelle.,Une infection du fœtus par des germes d'origine paternelle.,Une infection du fœtus par des germes d'origine environnementale.,Une infection du fœtus par des germes d'origine alimentaire.,a,"{{objectif de connaissance
|Identifiant=OIC-020-01-A
|Item_parent=La méthodologie de la recherche en santé
|Item_parent_short=La méthodologie de la recherche en santé
|Rang=A
|Intitulé=Définition et organisation de la recherche en santé
|Description=None
|Rubrique=Définition
|Contributeurs=Julie Berbis (CUESP),Alexandra Rouquette (CIMES),David Hajage (CIMES)
|Ordre=1}}

'''Recherche en santé :''' toutes les études visant le développement des connaissances biologiques ou médicales, pour étendre la connaissance scientifique de l’humain et développer des actions susceptibles d’améliorer la santé.

Organisation en France autour de trois niveaux :

*'''décision''' (ministères de la santé et ministère de la recherche, leurs intitulés exacts pouvant varier selon les gouvernements) pour définir les grandes orientations stratégiques, l’organisation et l’allocation des moyens macroscopiques ;
*'''programmation''' pour répartir les moyens (agences généralistes comme l’Agence Nationale de la Recherche ANR, ou spécifiques comme l’Institut National du Cancer INCa, ou l’Agence Nationale de Recherche sur le sida et les hépatites virales | maladies infectieuses émergentes ANRS-MIE, par exemple)
*'''opérateurs''' pour gérer les laboratoires et organiser les recherches (les organismes nationaux de recherche comme l'INSERM et le CNRS par exemple, les universités, les CHU, etc.)",1.0,20.18333333333334,False,True,0.6991606950759888,0.8588280280431112,False,2,False
91,OIC-020-03-A,Quelle est la fréquence des formes inapparentes de toxoplasmose maternelle chez les femmes non immunisées?,10%,20%,30%,80%,d,"{{objectif de connaissance
|Identifiant=OIC-020-03-A
|Item_parent=La méthodologie de la recherche en santé
|Item_parent_short=La méthodologie de la recherche en santé
|Rang=A
|Intitulé=La réglementation de la recherche en santé
|Description=Savoir que la recherche clinique est règlementée par des textes de loi et quels sont ces textes (Jardé, code de la Santé Publique, etc.) : rôle du promoteur et de l'inverstigateur, consentement des participants, information du participant, rôle du CPP
|Rubrique=Définition
|Contributeurs=Julie Berbis (CUESP),David Hajage (CIMES)
|Ordre=3}}

La recherche clinique est réglementée par des textes de loi, principalement en France le code de la santé publique (définissant le cadre légal de la recherche clinique et les obligations de ses acteurs) et la loi Jardé (qui définit les Recherches Impliquant la Personne Humaine - RIPH).

La '''loi Jardé''' (2012, entrant en application en 2016) distingue trois catégories de recherches organisées et pratiquées sur l'être humain en vue du développement des connaissances biologiques ou médicales :

-         '''Recherches interventionnelles (RIPH catégorie 1)''' : elles comportent une intervention sur la personne non justifiée par sa prise en charge habituelle et non dénuée de risque (il s’agit essentiellement des études sur l’efficacité et l’innocuité de médicaments ou dispositifs médicaux)

-         '''Recherches interventionnelles à risques et contraintes minimes (RIPH catégorie 2)''' : elles comportent l’ajout par rapport à la pratique courante d’une (ou plusieurs) intervention(s) dont la réalisation ne comporte que des risques et des contraintes minimes pour la personne se prêtant à la recherche (elles excluent la recherche sur le médicament et les dispositifs médicaux qui entre dans le champ de la catégorie 1, même si ce médicament/dispositif est utilisé de manière habituelle)

-         '''Recherches non interventionnelles (RIPH catégorie 3)''' : Recherches dans lesquelles tous les actes sont pratiqués et les produits utilisés de manière habituelle, conformément à la pratique courante, sans procédure supplémentaire ou inhabituelle de diagnostic, traitement ou surveillance, et sans aucun risque ni contrainte supplémentaire.

<nowiki>************************************************************************************************************************************************************</nowiki>

'''''Attention : Il ne faut pas confondre « expérimentale » et « interventionnelle »'''''

*''<u>Toutes les études expérimentales sont interventionnelles</u>, mais il existe des études interventionnelles qui ne sont pas expérimentales''
*''La définition d’étude interventionnelle relève du cadre réglementaire : certaines études observationnelles peuvent être interventionnelles si on est amené à utiliser spécifiquement pour l’étude (et pas en routine) certaines méthodes de recueil de données ou même à modifier le calendrier de suivi médical des patients par exemple….'' Dans ce cas ''l’étude pourra être qualifiée d’interventionnelle (sans qu’elle soit expérimentale car il n’y a pas de modification de la nature ou des niveaux du facteur d'exposition).''

<nowiki>*************************************************************************************************************************************************************</nowiki>


Rôle du '''promoteur''' : personne physique ou morale qui prend l’initiative de conduire la recherche, assure sa gestion et vérifie que le financement est prévu. Il est le responsable légal de la recherche. Toute RIPH doit bénéficier d’une promotion.

Rôle de l’'''investigateur''' : personne physique qui dirige et surveille la réalisation de la recherche sur un lieu, conformément au protocole.

'''Information et consentement''' des participants à la recherche : L’information des individus est obligatoire avant toute inclusion dans une recherche. Cette information doit être adaptée, complète, loyale et compréhensible. Dans le cadre des études impliquant la personne humaine, l’obtention du consentement éclairé pour les RIPH de catégorie 1 ou 2, ou de la non-opposition pour les RIPH de catégorie 3, est obligatoire avant toute inclusion.

Rôle du '''Comité de Protection des Personnes''' ('''CPP''', il en existe une quarantaine en France) : composé de professionnels de santé (médecins, pharmaciens, méthodologistes/biostatisticiens) et de personnes issues de la société civile, il vérifie que la recherche respecte les conditions fixées par la loi et émet un avis décisionnel sur la <u>validité scientifique et les aspects éthiques</u> de la recherche. Toute RIPH est soumise à l’obtention d’une autorisation par un CPP avant de pouvoir débuter.

Des autorisations auprès d’autres structures ou organismes (CNIL, ANSM, etc) sont également nécessaires avant le démarrage d’une RIPH. La nature et la complexité d’obtention de ces autorisations dépend directement de la catégorie de la RIPH.


'''Recherches non-RIPH''': les recherches n'appartenant à aucun type de RIPH n’entrent pas dans le cadre de la loi Jardé. Elles ne sont donc pas soumises à l’obtention d’une autorisation par un CPP mais lorsqu’elles mobilisent l’exploitation de données individuelles à caractère personnel, elles relèvent et nécessitent des démarches auprès de la CNIL. C'est notamment le cas des recherches effectuées à partir de données rétrospectives déjà collectées lors du soin ou de recherches antérieures, les recherches portant sur les cosmétiques, les enquêtes de satisfaction liées au soin ou non, les expérimentations en sciences humaines et sociales dans domaine santé, les évaluation des modalités d’exercice des professionnels de santé, des pratiques d’enseignement dans le domaine de la santé, etc.

<br />",1.0,16.220000000000006,False,True,0.5872920751571655,0.7752366065979004,False,3,False
92,OIC-020-03-A,Quelles sont les principales recommandations pour réduire le risque de séroconversion en cas de toxoplasmose?,Consommer de la viande crue et éviter les contacts avec les chats.,"Se laver les mains avant et après toute manipulation d'aliments, laver soigneusement les crudités et salades, et éviter les contacts avec les chats.",Préférer les aliments congelés et éviter les repas hors du domicile.,Ne pas se laver les mains avant et après toute manipulation d'aliments et ne pas laver les crudités et salades.,b,"{{objectif de connaissance
|Identifiant=OIC-020-03-A
|Item_parent=La méthodologie de la recherche en santé
|Item_parent_short=La méthodologie de la recherche en santé
|Rang=A
|Intitulé=La réglementation de la recherche en santé
|Description=Savoir que la recherche clinique est règlementée par des textes de loi et quels sont ces textes (Jardé, code de la Santé Publique, etc.) : rôle du promoteur et de l'inverstigateur, consentement des participants, information du participant, rôle du CPP
|Rubrique=Définition
|Contributeurs=Julie Berbis (CUESP),David Hajage (CIMES)
|Ordre=3}}

La recherche clinique est réglementée par des textes de loi, principalement en France le code de la santé publique (définissant le cadre légal de la recherche clinique et les obligations de ses acteurs) et la loi Jardé (qui définit les Recherches Impliquant la Personne Humaine - RIPH).

La '''loi Jardé''' (2012, entrant en application en 2016) distingue trois catégories de recherches organisées et pratiquées sur l'être humain en vue du développement des connaissances biologiques ou médicales :

-         '''Recherches interventionnelles (RIPH catégorie 1)''' : elles comportent une intervention sur la personne non justifiée par sa prise en charge habituelle et non dénuée de risque (il s’agit essentiellement des études sur l’efficacité et l’innocuité de médicaments ou dispositifs médicaux)

-         '''Recherches interventionnelles à risques et contraintes minimes (RIPH catégorie 2)''' : elles comportent l’ajout par rapport à la pratique courante d’une (ou plusieurs) intervention(s) dont la réalisation ne comporte que des risques et des contraintes minimes pour la personne se prêtant à la recherche (elles excluent la recherche sur le médicament et les dispositifs médicaux qui entre dans le champ de la catégorie 1, même si ce médicament/dispositif est utilisé de manière habituelle)

-         '''Recherches non interventionnelles (RIPH catégorie 3)''' : Recherches dans lesquelles tous les actes sont pratiqués et les produits utilisés de manière habituelle, conformément à la pratique courante, sans procédure supplémentaire ou inhabituelle de diagnostic, traitement ou surveillance, et sans aucun risque ni contrainte supplémentaire.

<nowiki>************************************************************************************************************************************************************</nowiki>

'''''Attention : Il ne faut pas confondre « expérimentale » et « interventionnelle »'''''

*''<u>Toutes les études expérimentales sont interventionnelles</u>, mais il existe des études interventionnelles qui ne sont pas expérimentales''
*''La définition d’étude interventionnelle relève du cadre réglementaire : certaines études observationnelles peuvent être interventionnelles si on est amené à utiliser spécifiquement pour l’étude (et pas en routine) certaines méthodes de recueil de données ou même à modifier le calendrier de suivi médical des patients par exemple….'' Dans ce cas ''l’étude pourra être qualifiée d’interventionnelle (sans qu’elle soit expérimentale car il n’y a pas de modification de la nature ou des niveaux du facteur d'exposition).''

<nowiki>*************************************************************************************************************************************************************</nowiki>


Rôle du '''promoteur''' : personne physique ou morale qui prend l’initiative de conduire la recherche, assure sa gestion et vérifie que le financement est prévu. Il est le responsable légal de la recherche. Toute RIPH doit bénéficier d’une promotion.

Rôle de l’'''investigateur''' : personne physique qui dirige et surveille la réalisation de la recherche sur un lieu, conformément au protocole.

'''Information et consentement''' des participants à la recherche : L’information des individus est obligatoire avant toute inclusion dans une recherche. Cette information doit être adaptée, complète, loyale et compréhensible. Dans le cadre des études impliquant la personne humaine, l’obtention du consentement éclairé pour les RIPH de catégorie 1 ou 2, ou de la non-opposition pour les RIPH de catégorie 3, est obligatoire avant toute inclusion.

Rôle du '''Comité de Protection des Personnes''' ('''CPP''', il en existe une quarantaine en France) : composé de professionnels de santé (médecins, pharmaciens, méthodologistes/biostatisticiens) et de personnes issues de la société civile, il vérifie que la recherche respecte les conditions fixées par la loi et émet un avis décisionnel sur la <u>validité scientifique et les aspects éthiques</u> de la recherche. Toute RIPH est soumise à l’obtention d’une autorisation par un CPP avant de pouvoir débuter.

Des autorisations auprès d’autres structures ou organismes (CNIL, ANSM, etc) sont également nécessaires avant le démarrage d’une RIPH. La nature et la complexité d’obtention de ces autorisations dépend directement de la catégorie de la RIPH.


'''Recherches non-RIPH''': les recherches n'appartenant à aucun type de RIPH n’entrent pas dans le cadre de la loi Jardé. Elles ne sont donc pas soumises à l’obtention d’une autorisation par un CPP mais lorsqu’elles mobilisent l’exploitation de données individuelles à caractère personnel, elles relèvent et nécessitent des démarches auprès de la CNIL. C'est notamment le cas des recherches effectuées à partir de données rétrospectives déjà collectées lors du soin ou de recherches antérieures, les recherches portant sur les cosmétiques, les enquêtes de satisfaction liées au soin ou non, les expérimentations en sciences humaines et sociales dans domaine santé, les évaluation des modalités d’exercice des professionnels de santé, des pratiques d’enseignement dans le domaine de la santé, etc.

<br />",1.0,15.433333333333337,False,True,0.6479530334472656,0.8148557941118876,False,2,False
93,OIC-020-04-B,Quel est le risque d’infection fœtale en cas d’infection maternelle par le virus de la rubéole avant 11 SA?,90 %,25 %,100 %,50 %,a,"{{objectif de connaissance
|Identifiant=OIC-020-04-B
|Item_parent=La méthodologie de la recherche en santé
|Item_parent_short=La méthodologie de la recherche en santé
|Rang=B
|Intitulé=Justification et problématique de recherche
|Description=Définir les arguments utiles à la justification d'une problématique de recherche
|Rubrique=Définition
|Contributeurs=Julie Berbis (CUESP),Alexandra Rouquette (CIMES),David Hajage (CIMES)
|Ordre=4}}

La justification de l’utilité et de la pertinence d’une étude repose sur une analyse de la littérature. Arguments utiles à la définition d’une problématique de recherche :

-      '''épidémiologiques''' (fréquence, gravité du problème de santé étudié, facteurs de risque, coûts, etc.)

-      '''état actuel des connaissances''' (hypothèse physiopathologique plausible, faible niveau de preuve des études précédemment menées, résultats contradictoires des études disponibles dans la littérature, etc.)

C'est l'ensemble de ces éléments qui permettent de justifier l'hypothèse émise ''a priori'' par le chercheur (cf. [[Hypothèses de recherche 2C-020-DE-B02]]) et qu'il souhaite vérifier via cette étude. Ils sont notamment décrits dans le rationnel d’un protocole d’étude clinique (cf. [[Méthodologie de la recherche en santé]]), ou encore dans l’introduction d’un article scientifique.",1.0,11.693684210526317,False,True,0.6394752860069275,0.7584196726481119,False,2,False
94,OIC-020-04-B,Quelle est la principale mesure de prévention de la rubéole congénitale chez les femmes en âge de procréer?,La surveillance sérologique régulière,La vaccination antirubéolique,L'éviction des contacts avec des personnes infectées,L'utilisation de médicaments antiviraux,b,"{{objectif de connaissance
|Identifiant=OIC-020-04-B
|Item_parent=La méthodologie de la recherche en santé
|Item_parent_short=La méthodologie de la recherche en santé
|Rang=B
|Intitulé=Justification et problématique de recherche
|Description=Définir les arguments utiles à la justification d'une problématique de recherche
|Rubrique=Définition
|Contributeurs=Julie Berbis (CUESP),Alexandra Rouquette (CIMES),David Hajage (CIMES)
|Ordre=4}}

La justification de l’utilité et de la pertinence d’une étude repose sur une analyse de la littérature. Arguments utiles à la définition d’une problématique de recherche :

-      '''épidémiologiques''' (fréquence, gravité du problème de santé étudié, facteurs de risque, coûts, etc.)

-      '''état actuel des connaissances''' (hypothèse physiopathologique plausible, faible niveau de preuve des études précédemment menées, résultats contradictoires des études disponibles dans la littérature, etc.)

C'est l'ensemble de ces éléments qui permettent de justifier l'hypothèse émise ''a priori'' par le chercheur (cf. [[Hypothèses de recherche 2C-020-DE-B02]]) et qu'il souhaite vérifier via cette étude. Ils sont notamment décrits dans le rationnel d’un protocole d’étude clinique (cf. [[Méthodologie de la recherche en santé]]), ou encore dans l’introduction d’un article scientifique.",1.0,12.407777777777778,False,True,0.6421122550964355,0.7156750361124674,False,4,False
95,OIC-020-05-B,La rougeole materno-fœtale peut-elle être responsable d’une rougeole congénitale néonatale?,"Oui, c’est un risque courant","Non, c’est impossible","Oui, mais c’est exceptionnel","Non, la rougeole n’affecte pas le fœtus",c,"{{objectif de connaissance
|Identifiant=OIC-020-05-B
|Item_parent=La méthodologie de la recherche en santé
|Item_parent_short=La méthodologie de la recherche en santé
|Rang=B
|Intitulé=Hypothèses de recherche
|Description=Savoir formuler les hypothèses de recherche
|Rubrique=Définition
|Contributeurs=Julie Berbis (CUESP),Jérôme Lambert (CIMES)
|Ordre=5}}

L'objectif d’une recherche découle directement de la formulation d’une hypothèse ''a priori'' que l’on souhaite vérifier au travers d’une étude. Il peut y avoir plusieurs objectifs à une recherche mais ils doivent alors être hiérarchisés en objectif principal (unique, clair, précis, consensuel, raisonnable) et objectif(s) secondaire(s) (cf. [[Méthodologie de la recherche en santé]]).

La définition des hypothèses de recherche est en lien direct avec l’estimation de la puissance d’une étude et le calcul du nombre de sujets nécessaires (cf. [[Facteurs susceptibles d'influencer la puissance d'une étude 2C-020-DE-A10]] et [[Calcul du nombre de sujets necessaire 2C-020-DE-A11]]). L’hypothèse doit alors décrire ce qui est attendu en terme de taille d’effet.",1.0,23.710000000000004,False,True,0.6253768801689148,0.7742700576782227,False,2,False
96,OIC-020-07-B,"En cas de primo-infection par HSV pendant la grossesse, quel est le traitement maternel recommandé?",Aciclovir 1g en 5 prises,Valaciclovir 2g en 2 prises,Acyclovir 1g en 5 prises,Valaciclovir 2g en 2 prises,a,"{{objectif de connaissance
|Identifiant=OIC-020-07-B
|Item_parent=La méthodologie de la recherche en santé
|Item_parent_short=La méthodologie de la recherche en santé
|Rang=B
|Intitulé=Modalités d’échantillonnage
|Description=Savoir définir les modalités d'échantillonnage
|Rubrique=Définition
|Contributeurs=Julie Berbis (CUESP),Josiane Warszawski (CIMES),Alexandra Rouquette (CIMES)
|Ordre=7}}

Étudier une population donnée dans son ensemble est souvent impossible. 

On examine alors un sous-ensemble d'individus (ou échantillon, cf. [[Population cible et source, échantillon 2C-020-DE-A05]]) afin de déduire (ou d'inférer), à partir des observations effectuées sur cet échantillon, ce qui existe dans la population cible.

Un échantillon doit être sélectionné pour être le plus représentatif possible de la population source dont il est issu. Pour cela, il existe différentes modalités d’échantillonnage :

-      <u>Si une base de sondage (liste exhaustive des individus de la population source) est disponible :</u> 

*'''Recrutement exhaustif''' : si possible, tous les individus listés sont recrutés
*Tirage au sort :
**'''sondage aléatoire simple'''
**'''sondage stratifié''': la population source est divisée en sous-populations selon une variable catégorielle (par exemple,  l’âge catégorisé en 5 modalités, i.e. strates :  <18 ans, 18-34 ans, 35-49 ans, 50-64 ans, 65 ans et plus) et les individus sont tirés au sort à l'intérieur de chaque sous-population. L’intérêt est l’assurance que les 5 modalités d'âge seront représentées dans l’échantillon tiré au sort
**'''sondage en grappes''' : ce ne sont pas les individus mais des unités collectives (grappes) qui sont tirées au sort (par exemple: services hospitaliers, départements, établissements scolaires, etc.) et tous les individus de l’unité collective tirée au sort sont inclus

-      <u>Sans base de sondage disponible :</u> 

*'''Recrutement consécutif''' : les individus sont inclus au fur et à mesure de leur présentation dans les centres d’inclusion et pendant toute la période d’inclusion. Assure une bonne représentativité de la population source si les refus de participer ou la non-réponse sont faibles  
**Exhaustif si possible
**Sinon : tirage au sort ou tirage systématique (1 sur 2 ou sur 3, etc.)
*'''Méthode des quotas''' : consiste à s’assurer de la représentativité d’un échantillon, en lui affectant une structure similaire (selon certaines caractéristiques, par exemple : âge, sexe, département d’habitation, etc.) à celle de la population source. C’est une méthode non-aléatoire (très utilisée par les instituts de sondages) donc la probabilité pour chaque individu d’appartenir à l’échantillon est inconnue ce qui empêche d’estimer correctement la variance et donc la précision des estimations.
*'''Échantillon de convenance''' : les individus sont inclus dans l’étude pour des raisons pratiques d’accessibilité, de coût, de logistique, etc. Cette méthode est à éviter car elle a de grands risques d’aboutir à un échantillon non représentatif de la population source.",1.0,12.286666666666669,False,True,0.6154451370239258,0.8977599740028381,False,2,False
97,OIC-020-09-B,Quelle est la séroprévalence vis-à-vis de la varicelle chez la femme enceinte?,"98,8 %","90,2 %","85,6 %","72,1 %",a,"{{objectif de connaissance
|Identifiant=OIC-020-09-B
|Item_parent=La méthodologie de la recherche en santé
|Item_parent_short=La méthodologie de la recherche en santé
|Rang=B
|Intitulé=Pertinence des données recueillies
|Description=Savoir apprécier la pertinence des données recueillies
|Rubrique=Définition
|Contributeurs=Josiane Warszawski (CIMES),Alexandra Rouquette (CIMES)
|Ordre=9}}

Parmi toutes les données recueillies, il faut isoler précisément :

* Le '''critère de jugement principal''' : la pertinence de ce critère se juge en évaluant son adéquation avec l’objectif principal de l’étude et doit répondre à une définition consensuelle. La pertinence se juge aussi sur la signification clinique de ce critère de jugement. Des critères comme la mortalité, la qualité de vie, la survenue de complications, etc. ont une pertinence clinique importante mais le recueil du critère le plus pertinent cliniquement n’est pas toujours faisable. Dans ces cas, un ''critère de substitution (indirect, surrogate)'' est utilisé (par exemple, le taux de cholestérol comme surrogate de la mortalité par événement cardio-vasculaire) pour améliorer la faisabilité, au prix d’une diminution de pertinence clinique. Dans certains cas, le fait de ne considérer qu’un seul type d’évènement n’est pas pertinent pour la question posée et un ''critère composite'' (composé de plusieurs évènements dont la survenue de l’un ou de l’autre marque la positivité du critère composite) est utilisé. Par exemple, “décès OU accident vasculaire cérébral OU infarctus du myocarde”. A noter que dans la très grande majorité des cas, il est recommandé de privilégier un et un seul critère de jugement principal.
* <u>Éventuellement</u> : des '''critères de jugement secondaires''' définis afin d’étayer le critère de jugement principal, ou bien d’explorer divers aspects de la pathologie et d’évaluer ainsi les objectifs secondaires.
* <u>Pour les études analytiques ou expérimentales</u>  : 
** un ou plusieurs '''facteurs d’exposition'''  (facteurs de risque, intervention expérimentale, cf. [[Facteur de risque, facteur étiologique, facteur pronostique, déterminants de santé, facteur exposition 2C-020-DE-A04]]) dont la pertinence s’évalue par l’adéquation avec l’objectif principal et les éventuels objectifs secondaires
** des '''variables d’ajustement''' dont la pertinence s’évalue en repérant l’ensemble des facteurs qui pourraient théoriquement (en se basant sur les données de la littérature) entraîner un phénomène de confusion du lien entre le facteur d’exposition et le critère de jugement (cf. [[Connaître la notion et le rôle de l'ajustement. Savoir interpréter et lire un résultat ajusté 2C-020-DE-B11]])
* <u>Pour les études d’évaluation des performances de test(s) diagnostique(s) ou de dépistage(s)</u>  : le résultat du ou des '''tests à évaluer''' (le résultat du test de référence étant le critère de jugement principal)
* <u>Pour toutes les études</u> : les '''caractéristiques des individus permettant de décrire l’échantillon''' inclus et ainsi de juger de sa représentativité et des biais de sélection potentiels.",1.0,11.706666666666667,False,True,0.60468989610672,0.7289130687713623,False,4,False
98,OIC-020-10-B,Quels aliments doivent être évités pendant la grossesse en raison du risque de listériose materno-fœtale?,Fromages à pâte molle au lait cru,Poissons fumés,Graines germées crues,Produits de charcuterie cuite consommés en l'état,a,"{{objectif de connaissance
|Identifiant=OIC-020-10-B
|Item_parent=La méthodologie de la recherche en santé
|Item_parent_short=La méthodologie de la recherche en santé
|Rang=B
|Intitulé=Probabilités, variables aléatoires, lois de probabilités
|Description=Connaître les principes des probabilités, les définitions des variables aléatoires et des lois de probabilités
|Rubrique=Définition
|Contributeurs=Julie Berbis (CUESP),David Hajage (CIMES),Alexandra Rouquette (CIMES)
|Ordre=10}}

Les '''probabilités''' modélisent des phénomènes aléatoires dont les issues possibles sont connues mais dont on ne peut prédire la valeur car leur réalisation est incertaine.

Une '''variable aléatoire''' est une fonction qui attribue un nombre à toutes les issues possibles. Elle peut être discrète (par exemple, le sexe), ou continue (par exemple, la glycémie).

La '''loi de probabilité''' décrit la probabilité associée à chaque valeur d'une variable aléatoire discrète, ou la probabilité associée à tout intervalle de valeur d’une variable aléatoire continue.

L’observation des issues d’une variable aléatoire sur des séries suffisamment grandes  (par exemple un nombre d’individus important) permet de déterminer leurs fréquences et par la suite d'estimer la loi de probabilité qui dirige cette variable.

<br />",1.0,13.073333333333338,False,True,0.6433539390563965,0.6395572225252787,False,2,True
99,OIC-020-11-B,"Quels examens complémentaires doivent être prescrits chez une femme enceinte ayant une fièvre, en cas de suspicion de listériose?",Hémocultures,Analyse sanguine,Radiographie pulmonaire,Échographie fœtale,a,"{{objectif de connaissance
|Identifiant=OIC-020-11-B
|Item_parent=La méthodologie de la recherche en santé
|Item_parent_short=La méthodologie de la recherche en santé
|Rang=B
|Intitulé=Analyses descriptives : savoir calculer les paramètres statistiques
|Description=Savoir calculer les paramètres de position (mode, moyenne, médiane, quartile, percentile) et de dispersion (variance, écart-type, distance interquartile, étendue)
|Rubrique=Définition
|Contributeurs=Julie Berbis (CUESP),David Hajage (CIMES)
|Ordre=11}}

'''Description des variables qualitatives''' : effectif et proportion (ou pourcentage) de chaque modalité

'''Description des variables quantitatives''' : 

# Paramètres de position :
#* Moyenne : somme des valeurs divisée par leur nombre
#* Mode : parmi un ensemble de valeurs, le mode est la valeur la plus fréquemment retrouvée.
#* Quantiles : si on ordonne des valeurs, les quantiles sont des valeurs qui divisent ces valeurs en parties de même effectif. La médiane (divise les valeurs en 2 parties de même effectif), les quartiles  (divise les valeurs en 4 parties de même effectif), les percentiles  (divise les valeurs en 100 parties de même effectif), sont des exemples de quantiles.  
# Paramètres de dispersion :
#* Variance et écart-type : La variance mesure la dispersion d'un ensemble de valeurs autour de leur moyenne. Il s’agit de la moyenne des carrés des écarts à la moyenne. L’écart-type est la racine carrée de la variance.
#* Distance interquartile : différence entre le troisième et le premier quartile
#* Étendue : différence entre la valeur maximale et la valeur minimale",1.0,14.177894736842106,False,True,0.6192799806594849,0.5580572883288065,False,2,False
