,id,question,question_comment,option_a,option_a_comment,option_b,option_b_comment,option_c,option_c_comment,option_d,option_d_comment,correct_option
0,OIC-005-02-A,Quelle affirmation définit correctement la responsabilité pénale?,"Cette question évalue la compréhension de la définition de la responsabilité pénale, en distinguant clairement son fonctionnement par rapport aux autres formes de responsabilité (civile, administrative, disciplinaire). Le piège courant est de confondre la responsabilité pénale avec la responsabilité civile ou administrative.","La responsabilité pénale est une sanction répressive applicable à tous les médecins, y compris les internes, et peut également concerner les établissements de santé en tant que personnes morales.","Correcte. Elle résume l'essence de la responsabilité pénale : fonction répressive, application universelle aux médecins et possibilité de concerner les établissements de santé.",La responsabilité pénale implique une indemnisation du patient pour les dommages causés par une faute médicale.,"Incorrecte. C'est la responsabilité civile qui implique l'indemnisation, pas la pénale. La pénale vise la sanction répressive, non l'indemnisation.",La responsabilité pénale est une sanction administrative imposée par les autorités sanitaires pour des infractions professionnelles.,Incorrecte. La responsabilité pénale est un domaine juridique distinct de l'administration. Les sanctions administratives relèvent d'une autre compétence.,L'aléa thérapeutique est une forme de responsabilité pénale liée aux risques inévitables des traitements médicaux.,"Incorrecte. L'aléa thérapeutique est un concept distinct, lié à la gestion des risques médicaux, et ne constitue pas une forme de responsabilité pénale.",a
1,OIC-005-07-A,Quelle est la définition correcte de la faute dans le contexte de la responsabilité médicale?,"La question évalue la connaissance de la définition de la faute, un objectif de Rang A. Elle met en évidence la distinction entre les types de faute (technique ou humaine) et évite les confusions avec d'autres concepts comme les droits du patient ou les produits défectueux.",Une violation des connaissances médicales avérées ou d’un devoir d’humanisme (comme le secret professionnel ou l’information du patient),Correcte. Cela correspond aux deux formes de faute décrites dans le contenu : technique et violation des devoirs humains.,"L’atteinte d’un droit du patient, comme le droit à la santé ou à la confidentialité","Incorrecte. Les droits du patient sont le fondement de la réclamation, mais non la définition de la faute elle-même.",Le défaut d’un produit de santé considéré comme défectueux,"Incorrecte. Ce cas relève d’une responsabilité externe au médecin, non de la faute professionnelle.",L’absence de consentement du patient à un traitement,"Incorrecte. Le consentement est un élément de la faute humaine, mais ne constitue pas une définition exhaustive de la faute.",a
2,OIC-006-06-A,Quelle est la principale fonction des listes de vérification (check-lists) en sécurité des soins?,"La question évalue la compréhension des objectifs des check-lists en sécurité des soins, un élément clé de la démarche qualité. Un piège courant est de confondre leur rôle avec d'autres objectifs comme la réduction des coûts ou la conformité légale.",Assurer la sécurité du patient en vérifiant les étapes critiques d'une intervention,"Correcte. Les check-lists visent à sécuriser les interventions en vérifiant les étapes clés, comme l'identité du patient ou le matériel.",Réduire les coûts des soins en optimisant les ressources,"Incorrecte. La réduction des coûts n'est pas leur objectif principal, mais une conséquence indirecte.",Faciliter la communication entre les professionnels via des rapports écrits,"Incorrecte. Bien que la communication soit un aspect, la vérification croisée est leur fonction centrale, non la rédaction de rapports.",Assurer la conformité légale des établissements de santé,"Incorrecte. La conformité légale est un objectif secondaire, pas la principale fonction des check-lists.",a
3,OIC-009-06-A,"Selon la loi du 4 mars 2002, quel est le cadre légal concernant l'obligation d'information du patient sur les risques associés aux soins médicaux?","Cette question évalue la connaissance du droit et du devoir d'information, en mettant en évidence l'obligation légale de communiquer tous les risques normalement prévisibles, y compris les rares mais graves.",Le patient doit être informé uniquement des risques fréquents et graves.,"Incorrect. La loi du 4 mars 2002 exige l'information sur tous les risques normalement prévisibles, y compris les rares mais graves.","Le patient doit être informé de tous les risques, y compris les rares mais graves.","Correct. La loi du 4 mars 2002 impose l'obligation d'informer le patient sur tous les risques normalement prévisibles, indépendamment de leur fréquence.",Le patient peut refuser d'être informé des risques graves s'il le souhaite.,"Incorrect. L'exception de refus de savoir ne s'applique pas aux risques graves pouvant affecter autrui (ex. contagieux), mais ne dispense pas l'obligation d'information.",L'information sur les risques n'est obligatoire que pour les traitements à risque élevé.,"Incorrect. L'obligation d'information s'applique à tous les actes médicaux, même les plus courants, dès lors qu'ils comportent des risques normalement prévisibles.",b
4,OIC-009-08-A,Quelle est la principale fonction de la personne de confiance dans le cadre de la prise en charge médicale?,"Cette question évalue la compréhension du rôle central de la personne de confiance dans l'accompagnement du patient, un objectif clé de l'item. Un piège courant est de confondre ce rôle avec celui de la déontologie ou des mesures de protection.",Assister le patient dans les démarches de soins et faciliter la communication avec les équipes médicales,Correcte. Cette option résume précisément le rôle principal de la personne de confiance selon le texte.,Rédiger un contrat de don d'organes en cas de décès,"Incorrecte. Cette fonction relève spécifiquement des mesures de protection des organes, non du rôle de la personne de confiance.",Privilégier le secret médical sans exception,"Incorrecte. La personne de confiance peut être informée du secret du patient selon les souhaits du patient, contrairement à une obligation absolue.",Rédiger les directives anticipées en cas de crise médicale,"Incorrecte. Les directives anticipées relèvent d'une procédure distincte, bien que liée à la personne de confiance dans certaines situations.",a
5,OIC-009-10-B,Quelle est la liste des trois principales mesures de protection des personnes?,"Cette question évalue la connaissance des trois principales mesures de protection des personnes, un objectif de Rang A. Le piège courant est de confondre ces mesures avec d'autres concepts éthiques ou juridiques.","Tutelle, curatelle, mandat de protection future",Correcte. Ces trois mesures sont explicitement mentionnées dans le contenu comme les principales formes de protection juridique des personnes.,"Tutelle, curatelle, interruption volontaire de grossesse","Incorrecte. L'interruption volontaire de grossesse est un sujet distinct lié à l'éthique reproductive, non à la protection juridique des personnes.","Tutelle, curatelle, diagnostic prénatal",Incorrecte. Le diagnostic prénatal relève du domaine du diagnostic médical et non des mesures de protection juridique.,"Tutelle, curatelle, don d'organes","Incorrecte. Le don d'organes est une pratique éthique et médicale spécifique, non une mesure de protection juridique.",a
6,OIC-009-12-B,Quelle est la liste des trois principales mesures de protection en droit de la personne majeure?,"Cette question évalue la connaissance des trois principales mesures de protection, un objectif de Rang A. Un piège courant est de confondre ces mesures avec des outils comme le mandat de protection future ou l'habilitation familiale.","Tutelle, curatelle, sauvegarde de justice",Correcte. Ces trois mesures constituent les principales formes de protection juridique pour les personnes majeures vulnérables.,"Mandat de protection future, habilitation familiale, curatelle","Incorrecte. Le mandat de protection future et l'habilitation familiale sont des outils complémentaires, non les trois mesures principales.","Tuteur, curateur, médecin traitant","Incorrecte. Ces termes désignent des acteurs intervenant dans les procédures, non les mesures elles-mêmes.","Diagnostic prénatal, interruption volontaire de grossesse, don d'organes",Incorrecte. Ces sujets relèvent de l'éthique médicale mais ne sont pas des mesures de protection.,a
7,OIC-009-13-A,Quelle est la principale dimension éthique liée à l'interruption volontaire de grossesse selon le texte?,"La question évalue la compréhension de l'équilibre éthique entre différentes conceptions morales de la procréation, un objectif clé de l'item. Le piège réside dans la confusion entre les aspects juridiques et les enjeux éthiques.",Le respect de la dignité de la femme en tant que personne,"Correcte. Le texte souligne que l'IVG est un droit fondé sur la primauté de la personne, illustrant le respect de l'autonomie et de la dignité.",La garantie d'accès égal à la procédure médicale,"Incorrecte. Bien que mentionné, cet aspect relève plus du cadre juridique que de la dimension éthique centrale.",La protection du fœtus comme être humain,"Incorrecte. Le texte critique cette vision comme trop rigide, soulignant l'ambiguïté des frontières de la vie humaine.",La suppression des délais de réflexion pour les femmes,Incorrecte. Ce point relève de l'organisation du droit et non de l'éthique médicale fondamentale.,a
8,OIC-009-16-B,Quelle est une question éthique posée par le diagnostic préimplantatoire?,"La question évalue la compréhension des enjeux éthiques liés au diagnostic préimplantatoire, notamment la sélection génétique et l'instrumentalisation de la procréation.",La sélection des embryons pour leur compatibilité immunologique avec un frère ou une sœur malade,Correcte. Cela illustre l'éthique du « bébé médicament » et le débat sur l'instrumentalisation de la procréation.,L'interdiction de pratiquer le diagnostic prénatal en cas de maladie génétique,"Incorrecte. L'interdiction concerne spécifiquement le typage HLA sans risque de maladie, non le diagnostic prénatal.",La légalisation de l'interruption volontaire de grossesse en cas de maladie fœtale,"Incorrecte. Cela relève du droit à l'avortement, non des enjeux spécifiques du diagnostic préimplantatoire.",La garantie d'égalité des sexes dans les familles,"Incorrecte. Cela correspond à un débat éthique secondaire, non au cœur des enjeux du DPI.",a
9,OIC-009-18-A,Quelle est la définition légale et éthique de l'obstination déraisonnable selon les lois Leonetti et Claeys-Leonetti?,"Cette question évalue la compréhension du cadre juridique et des fondements éthiques de l'obstination déraisonnable, un objectif clé de l'item. Elle met en lumière un piège courant : confondre l'obstination déraisonnable avec l'euthanasie ou la sédation.","L'obstination déraisonnable correspond à l'application de traitements inutiles, disproportionnés ou ne servant qu'à maintenir artificiellement la vie, conformément à la volonté du patient ou à une procédure collégiale.","Correcte. Cette réponse capture précisément la définition légale et éthique évoquée dans le contenu, en soulignant la dimension respectueuse de la volonté du patient.","L'obstination déraisonnable désigne la poursuite de traitements palliatifs jusqu'au décès, même en cas de souffrance réfractaire.","Incorrecte. La sédation profonde et continue est une mesure distincte, liée à la souffrance réfractaire, et ne définit pas l'obstination déraisonnable.","L'obstination déraisonnable correspond à l'obligation légale du médecin de prolonger la vie du patient, même en cas de pronostic vital engagé.","Incorrecte. Elle inverse le sens des lois, qui visent à limiter les traitements disproportionnés et à respecter la volonté du patient.","L'obstination déraisonnable est synonyme d'euthanasie active, autorisée par la loi Claeys-Leonetti.","Incorrecte. L'euthanasie active est explicitement condamnée, tandis que l'obstination déraisonnable concerne la limitation des soins.",a
10,OIC-009-26-B,Quels sont les trois principes qui gouvernent l'utilisation des éléments et produits du corps humain?,"Cette question évalue l'objectif Rang A « Recherche biomédicale : protection et respect des personnes », en mettant en évidence les trois principes fondamentaux encadrant l'utilisation des éléments et produits du corps humain.","La non-patrimonialité, le consentement éclairé et l'anonymat",Correcte. Ces trois principes sont explicitement énoncés dans le texte comme les fondements légaux et éthiques de la gestion des éléments et produits du corps humain.,"Le respect de l'autonomie, la confidentialité et la transparence","Incorrecte. Bien que ces notions soient liées à l'éthique médicale, elles ne correspondent pas aux trois principes spécifiquement mentionnés dans le contenu.","La gratuité, la sécurité et la disponibilité",Incorrecte. Ces termes ne sont pas cités comme des principes régissant l'utilisation des éléments et produits du corps humain.,"La préservation de la vie, la dignité et la justice","Incorrecte. Ces notions sont généralement associées à l'éthique en fin de vie, pas spécifiquement aux éléments et produits du corps humain.",a
11,OIC-010-02-B,Quelle dimension humaine du corps est associée à la gestion des ressources énergétiques corporelles?,"La question évalue la connaissance des dimensions humaines du corps selon l'objectif de Rang A. Le piège réside dans la confusion entre les dimensions physiologiques (alimentation, activité physique) et les dimensions cliniques (maladies, imagerie) qui relèvent du Rang B.",Alimentation,Correcte. L'alimentation est une dimension fondamentale du corps qui influence directement la gestion des ressources énergétiques et la santé globale.,Impact des maladies sur l'expérience du corps,"Incorrecte. Cet impact relève des dimensions cliniques et psychosociales, associées à l'objectif de Rang B, non à la dimension humaine du corps.",Palpation médicale,"Incorrecte. La palpation est une technique clinique utilisée pour évaluer le corps, mais elle ne constitue pas une dimension humaine fondamentale.",Analyse biologique,"Incorrecte. L'analyse biologique est une méthode d'investigation médicale, non une dimension humaine du corps.",a
12,OIC-019-02-A,Quelle est la classification des prestations de protection sociale en France?,La question évalue la connaissance des six catégories de risques couverts par la protection sociale. Un piège courant est de confondre les prestations avec les modes de financement (espèces/nature).,"Six catégories correspondant aux risques : vieillesse-survie, santé, maternité-famille, emploi, logement, pauvreté-exclusion sociale",Correcte. Cette réponse résume précisément les six risques mentionnés dans le contenu.,"Trois types de prestations : en espèces, en nature et en services sociaux","Incorrecte. Le contenu précise six catégories de risques, non trois types de prestations.","Cinq risques principaux : vieillesse, santé, famille, emploi et logement","Incorrecte. Il existe six catégories, dont le risque « pauvreté-exclusion sociale » est explicitement mentionné.",Deux grandes familles : indemnisations et allocations sociales,"Incorrecte. Le contenu décrit six risques spécifiques, non deux grandes familles de prestations.",a
13,OIC-019-10-A,Quelle est la définition correcte du ticket modérateur?,"Cette question évalue la connaissance de la définition du ticket modérateur, un élément clé de la protection sociale. Le piège courant est de confondre le ticket modérateur avec d'autres mécanismes comme la participation forfaitaire ou la franchise.","Le ticket modérateur est la part des frais de soins restant à la charge de l'assuré après remboursement par l'assurance maladie, avec un plafond annuel de 50 €.",Correcte. Cette définition correspond exactement à celle du ticket modérateur décrite dans le contenu source.,Le ticket modérateur est un forfait annuel de 1 € appliqué à chaque consultation médicale.,"Incorrecte. Cette description correspond à la participation forfaitaire, non au ticket modérateur.",Le ticket modérateur est une franchise annuelle de 50 € applicable aux médicaments et aux actes paramédicaux.,"Incorrecte. Cette définition correspond à la franchise médicale, non au ticket modérateur.",Le ticket modérateur est un dispositif permettant au tiers (l'assuré) de payer directement les soins sans avance.,"Incorrecte. Cette description correspond au dispositif de tiers payant, non au ticket modérateur.",a
14,OIC-019-11-A,Quelle est la caractéristique centrale du parcours de soins coordonnés?,"Cette question évalue la compréhension de la définition et du fonctionnement du parcours de soins coordonnés, en mettant l'accent sur le rôle du médecin traitant comme pivot du dispositif.",Le médecin traitant est le pivot du parcours de soins coordonnés,"Correcte. Le médecin traitant est effectivement le centre du parcours de soins coordonnés, selon la description du contenu source.",Le parcours de soins coordonnés est financé par la complémentaire santé solidaire,"Incorrecte. Le financement du parcours de soins coordonnés relève de la sécurité sociale, pas spécifiquement de la CSS.",Le parcours de soins coordonnés exclut les soins dentaires,Incorrecte. Le parcours inclut des soins dentaires via le stomatologue avec accès direct spécifique.,Le parcours de soins coordonnés est obligatoire pour tous les patients,"Incorrecte. Le dispositif est volontaire, avec des majorations pour les patients non inscrits.",a
15,OIC-020-03-A,Quelle loi et quel texte législatif principalement régissent la recherche clinique en France?,"Cette question évalue la connaissance des textes réglementaires fondamentaux en recherche clinique. Un piège courant est de confondre les autorisations nécessaires aux études non-RIPH (CNIL, ANSM) avec les textes principaux.",La loi Jardé et le code de la santé publique,"Correcte. Ces deux textes constituent le cadre légal principal de la recherche clinique en France, définissant les obligations des acteurs et les catégories de recherches (RIPH).",Le code de la santé publique et la directive européenne 2001/20/CE,"Incorrecte. Bien que le code de la santé publique soit pertinent, la directive européenne n'est pas un texte réglementaire national principal en France.",La loi Jardé et le règlement général sur la protection des données (RGPD),"Incorrecte. Le RGPD (CNIL) concerne les données personnelles, mais n'est pas le texte principal réglementant la recherche clinique.",Le code de la santé publique et le règlement sur les essais cliniques (Règlement 2005/283/CE),"Incorrecte. Le règlement 2005/283/CE est une directive européenne, non un texte national principal en vigueur en France.",a
16,OIC-020-04-B,Quelle est la base principale pour justifier l'utilité d'une problématique de recherche en santé?,"Cette question évalue la compréhension des arguments clés pour justifier une problématique de recherche, en lien avec les critères de causalité et les niveaux de preuve (objectif Rang A). Un piège courant est de confondre ces arguments avec des aspects méthodologiques ou statistiques.",L'analyse des coûts d'intervention et la disponibilité des ressources,"Incorrect. Ces éléments relèvent de la faisabilité pratique, pas de la justification scientifique de la problématique.","L'analyse des données épidémiologiques, de l'état des connaissances et des contradictions dans la littérature",Correct. C'est l'ensemble des arguments évoqués dans le contenu source pour justifier une problématique de recherche.,Le calcul du nombre de sujets nécessaire et la puissance statistique de l'étude,"Incorrect. Ces éléments concernent la conception méthodologique, non la justification de la problématique.",La réglementation éthique et les normes de publication scientifique,"Incorrect. Ces aspects sont liés à la validation et à la diffusion des résultats, pas à la justification initiale de l'étude.",b
17,OIC-020-07-B,Quelle modalité d’échantillonnage est appropriée lorsque l’on dispose d’une base de sondage exhaustive des individus de la population source?,La question évalue la compréhension des modalités d’échantillonnage en contexte de disponibilité d’une base de sondage. Le piège courant est de confondre les méthodes aléatoires avec le recrutement exhaustif.,Recrutement exhaustif de tous les individus listés dans la base de sondage,Correcte. Le recrutement exhaustif correspond à l’inclusion de tous les individus de la population source lorsqu’une base de sondage est disponible.,Tirage au sort d’individus selon des strates d’âge,"Incorrecte. Ce méthode correspond au sondage stratifié, qui est une forme de tirage aléatoire et non à l’utilisation d’une base de sondage exhaustive.",Sélection de grappes (ex : services hospitaliers) au hasard,"Incorrecte. Le sondage en grappes est une méthode aléatoire distincte, non liée à l’inclusion exhaustive d’une base de sondage.",Méthode des quotas basée sur des caractéristiques démographiques,Incorrecte. La méthode des quotas est non aléatoire et ne repose pas sur une base de sondage exhaustive.,a
18,OIC-020-10-B,Quelle mesure est utilisée pour évaluer l'association entre un facteur de risque et une maladie dans une étude épidémiologique?,"Cette question évalue la compréhension des mesures d'association en santé, un objectif de Rang A. Elle teste la capacité à distinguer les indicateurs pertinents de l'association entre variables.",Le taux d'incidence brut,"Incorrect. Le taux d'incidence mesure la fréquence d'apparition d'une maladie, pas directement l'association avec un facteur de risque.",L'odds ratio,Correct. L'odds ratio est une mesure d'association standardisée utilisée pour comparer les risques entre deux groupes.,Le nombre de sujets à traiter (NST),"Incorrect. Le NST est un indicateur de l'efficacité d'une intervention, non une mesure d'association.",Le rapport de taux d'incidence brut,"Incorrect. Ce rapport compare des taux d'incidence, mais ne quantifie pas directement l'association entre facteurs.",b
19,OIC-020-11-B,Quelle est une mesure de position parmi les paramètres statistiques suivants?,"La question évalue la compréhension des paramètres de position (moyenne, médiane, mode) et de dispersion (variance, écart-type) en statistique descriptive. Le piège courant est de confondre mesure de position et mesure de dispersion.",Calculer la variance d'une série de données,"Incorrect. La variance est un paramètre de dispersion, pas de position.",Déterminer le mode d'une distribution,Correct. Le mode est une mesure de position qui identifie la valeur la plus fréquente.,Calculer la distance interquartile,Incorrect. La distance interquartile est un paramètre de dispersion.,Calculer l'étendue d'une série de données,"Incorrect. L'étendue est un paramètre de dispersion, pas de position.",b
20,OIC-020-12-B,Quelle affirmation correspond à la définition du seuil de signification (alpha) dans un test statistique?,La question évalue la compréhension de la notion de seuil de signification (alpha) et son rôle dans la prise de décision lors d'un test d'hypothèse. Un piège courant est de confondre alpha avec la puissance ou l'intervalle de confiance.,Le seuil de signification est la probabilité de ne pas rejeter l'hypothèse nulle alors qu'elle est fausse.,"Incorrect. Cela correspond au risque de deuxième espèce (beta), non à alpha.",Le seuil de signification est la probabilité de rejeter l'hypothèse nulle alors qu'elle est vraie.,Correct. C'est la définition précise du risque de première espèce (alpha) mentionné dans le contenu.,Le seuil de signification est la probabilité d'accepter l'hypothèse alternative alors qu'elle est fausse.,Incorrect. Cela correspond à un risque non défini dans le cadre des tests d'hypothèse classiques.,Le seuil de signification est la probabilité d'obtenir un intervalle de confiance qui inclut la valeur réelle de la population.,"Incorrect. Cela décrit une propriété des intervalles de confiance, non du seuil de signification.",b
21,OIC-020-14-B,Quelle mesure d'association tient compte des facteurs de confusion lors de l'analyse statistique?,"La question évalue la compréhension du rôle de l'ajustement dans les mesures d'association, un objectif de Rang A. Elle met en évidence la distinction entre les mesures brutes et ajustées.",Le risque relatif brut calculé sans prise en compte des facteurs de confusion,"Incorrect. Cette mesure ne tient pas compte des facteurs de confusion, contrairement à l'objectif évalué.",L'odds ratio ajusté après prise en compte des variables de confusion,"Correct. L'ajustement permet de neutraliser l'effet des facteurs de confusion, alignant avec la définition de l'objectif.",La prévalence mesurée dans une population non représentative,"Incorrect. La prévalence est une mesure de fréquence, non une mesure d'association ajustée.",Le taux d'incidence brut calculé sans stratification,"Incorrect. Le taux d'incidence brut est une mesure brute, non ajustée pour les facteurs de confusion.",b
22,OIC-020-15-B,Quelle est la base légale principale régissant la protection des données de santé sensibles dans les recherches cliniques?,La question évalue la connaissance des réglementations applicables aux données de santé. Un piège courant est de confondre les lois de protection des données avec les normes éthiques ou techniques.,"Le règlement général sur la protection des données (RGPD), la loi Informatique et Libertés et le code de la santé publique",Correcte. Ces textes encadrent spécifiquement la protection des données sensibles en santé.,La loi sur la bioéthique et les directives européennes sur les essais cliniques,"Incorrecte. Bien que pertinente, ces textes ne constituent pas la base légale principale pour la protection des données personnelles.",Les bonnes pratiques de gestion des données dans les essais cliniques,"Incorrecte. Cela décrit des mesures techniques, pas des réglementations légales.",La réglementation sur la confidentialité des dossiers médicaux,Incorrecte. Cette réglementation est plus spécifique et moins complète que les textes mentionnés dans l'option a.,a
23,OIC-020-20-A,Quelle affirmation définit correctement les mesures de fréquence et leur interprétation statistique?,"Cette question évalue la capacité à identifier et interpréter les mesures de fréquence (prévalence, incidence, risque) ainsi que leur intervalle de confiance. Piège courant : confondre incidence et prévalence ou négliger l'intervalle de confiance.","La prévalence et l'incidence sont des mesures de fréquence, le risque est une mesure d'association, et toutes nécessitent un intervalle de confiance pour leur interprétation.","Incorrect. Le risque est une mesure d'association, pas une mesure de fréquence. La réponse mélange des concepts distincts.","La prévalence, l'incidence et le risque sont des mesures de fréquence, et leur estimation doit inclure un intervalle de confiance.","Correct. Cite les trois mesures de fréquence et souligne l'importance de l'intervalle de confiance, conformément à la description.","La prévalence et l'incidence sont des mesures de fréquence, le risque est une mesure d'association, et l'intervalle de confiance n'est pas nécessaire pour leur interprétation.","Incorrect. Le risque est une mesure d'association, pas de fréquence. De plus, l'intervalle de confiance est indispensable pour toute estimation statistique.","La prévalence, l'incidence et le risque sont des mesures de fréquence, et leur estimation ne nécessite pas d'intervalle de confiance.",Incorrect. L'intervalle de confiance est obligatoire pour évaluer la précision des estimations des mesures de fréquence.,b
24,OIC-020-22-A,"Dans l'exemple d'essai contrôlé randomisé, quelle mesure correspond à la valeur de 2%?",Cette question évalue la capacité à identifier la mesure appropriée (Réduction absolue de risque) à partir d'une valeur numérique spécifique. Un piège courant est de confondre RAR (différence de risque) avec RRR (réduction relative).,Réduction absolue de risque (RAR),"Correcte. La RAR est calculée comme p0 - p1 = 0,05 - 0,03 = 0,02 (2%) dans l'exemple.",Réduction relative de risque (RRR),"Incorrecte. Le RRR est 1 - RR = 1 - 0,6 = 0,4 (40%), non 2%.",Nombre de sujets à traiter (NST),"Incorrecte. Le NST est 1 / (p0 - p1) = 50, non 2%.",Odds ratio,"Incorrecte. L'odds ratio est 0,59, non 2%.",a
25,OIC-020-23-A,Quelle affirmation est correcte concernant l'estimation du risque relatif (RR) et de l'odds ratio (OR)?,Cette question évalue la capacité à distinguer les conditions d'estimation du RR et de l'OR. Piège courant : confondre les études adaptées à chaque mesure.,Le risque relatif peut être estimé à partir d'une étude cas-témoins,Incorrect. Le RR ne peut pas être estimé à partir d'une étude cas-témoins (cf. contenu source).,L'odds ratio est uniquement applicable lorsqu'un événement est rare dans la population,Incorrect. L'OR peut être utilisé indépendamment de la fréquence de l'événement (cf. contenu source).,Le risque relatif est toujours équivalent à l'odds ratio dans les études de cohorte,"Incorrect. Le RR et l'OR sont distincts, même dans les études de cohorte (cf. contenu source).",L'odds ratio peut être estimé à partir d'une étude cas-témoins,"Correct. L'OR est applicable à tous les schémas d'étude, y compris les études cas-témoins (cf. contenu source).",d
26,OIC-020-24-A,Quelle est la combinaison des facteurs qui influencent la puissance d'une étude?,"La question évalue la compréhension des paramètres affectant la puissance statistique. Un piège courant est de confondre les facteurs contrôlables (alpha, taille de l'échantillon) avec des éléments non mentionnés dans le contenu.","La taille de l’échantillon, la différence à détecter, la variabilité des observations, le risque alpha et le type de test (unilatéral/bilatéral)",Correcte. Ces paramètres sont explicitement mentionnés dans le contenu comme influençant la puissance.,"Le design de l’étude, la taille de l’échantillon, la variabilité des observations et le niveau de confiance","Incorrecte. Le design de l’étude n’est pas évoqué dans le contenu, et le niveau de confiance n’est pas lié à la puissance.","La moyenne des données, la différence à détecter, la variabilité des observations et le risque alpha",Incorrecte. La moyenne des données n’est pas un paramètre influençant la puissance selon le contenu.,"La taille de l’échantillon, la prévalence de l’événement, la variabilité des observations et le risque alpha",Incorrecte. La prévalence n’est pas mentionnée comme un facteur influençant la puissance.,a
27,OIC-020-28-B,Quelle mesure d'association est utilisée pour évaluer l'effet d'une exposition en tenant compte d'un facteur d'interaction?,"Cette question évalue la capacité à distinguer les mesures d'association ajustées des mesures brutes, en contexte d'interaction. Un piège courant est de confondre les mesures ajustées avec les mesures brutes.",Le risque relatif brut calculé sur l'ensemble de la population,"Incorrect. Le risque relatif brut ne tient pas compte des interactions entre facteurs, il ne reflète pas l'effet ajusté.",Le risque relatif ajusté par un modèle multivarié,Correct. L'ajustement par un modèle multivarié permet de quantifier l'effet d'une exposition en tenant compte des interactions avec d'autres facteurs.,La différence de moyennes entre deux groupes,"Incorrect. La différence de moyennes est une mesure d'association applicable aux données continues, pas aux risques.",Le rapport de taux d'incidence brut,"Incorrect. Le rapport de taux d'incidence brut est une mesure brute non ajustée, incapable de refléter les interactions.",b
28,OIC-020-33-A,Quelle approche permet de calculer la probabilité post-test d'être malade en tenant compte de la probabilité pré-test et des rapports de vraisemblance d'un test?,"La question évalue la compréhension de l'apport décisionnel via le nomogramme de Fagan, un outil clé pour interpréter les résultats des tests en santé. Piège courant : confondre les rapports de vraisemblance avec la sensibilité ou spécificité.",Utiliser le nomogramme de Fagan,Correcte. Le nomogramme de Fagan est spécifiquement conçu pour calculer la probabilité post-test à partir de la probabilité pré-test et des rapports de vraisemblance.,Calculer la valeur prédictive positive,Incorrecte. La VPP dépend de la prévalence et ne permet pas de calculer la probabilité post-test directement.,Évaluer la sensibilité du test,"Incorrecte. La sensibilité est une propriété intrinsèque du test, non une méthode pour calculer la probabilité post-test.",Analyser la réduction relative de risque,"Incorrecte. Le RRR est une mesure d'association, pas un outil d'évaluation de l'apport décisionnel.",a
29,OIC-022-01-A,Quelle est la définition correcte d'une maladie rare?,Cette question évalue la connaissance de la définition précise d'une maladie rare. Un piège courant est de confondre la prévalence avec l'origine génétique.,Une maladie qui affecte moins de 1 personne sur 2 000 dans la population,Correcte. C'est la définition officielle basée sur la prévalence.,Une maladie génétique touchant 80 % des patients,"Incorrecte. L'origine génétique est une caractéristique, pas la définition.",Une maladie chronique persistante plus de 5 ans,Incorrecte. La durée de l'atteinte n'est pas un critère de définition.,Une maladie sans diagnostic établi après 3 ans,Incorrecte. L'errance diagnostique est un phénomène distinct.,a
30,OIC-022-02-B,Quelle est la définition correcte de l'impasse diagnostique?,"Cette question évalue la connaissance de la définition de l'impasse diagnostique, un concept clé dans la prise en charge des maladies rares. Le piège courant est de confondre l'impasse diagnostique avec l'errance diagnostique, qui désigne une recherche prolongée sans diagnostic.",Un patient en impasse diagnostique est celui qui ne peut pas être diagnostiqué après un an de recherches médicales.,"Incorrect. La définition précise mentionne que l'impasse diagnostique concerne les patients pour lesquels l'état de l'art ne permet pas de diagnostic, pas une simple absence de diagnostic après un an.",L'impasse diagnostique désigne un diagnostic erroné qui persiste malgré des examens répétés.,"Incorrect. Cela décrirait une errance diagnostique, non une impasse diagnostique.",Un patient en impasse diagnostique est celui qui ne peut pas être diagnostiqué après une consultation spécialisée.,"Incorrect. La définition précise que l'impasse diagnostique s'applique uniquement aux cas où l'état de l'art ne permet pas de diagnostic, pas à tous les patients non diagnostiqués.","L'impasse diagnostique correspond à un diagnostic non établi après un an de consultation médicale spécialisée, lorsque l'état de l'art ne permet pas de diagnostic.",Correct. Cela correspond exactement à la définition donnée dans le contenu source.,d
31,OIC-024-02-A,Quelle est la méthode de prise en charge recommandée pour une fausse couche du premier trimestre avec un sac de petite taille et des hémorragies légères?,"Cette question évalue la connaissance des méthodes de prise en charge d'une fausse couche du premier trimestre, en mettant l'accent sur les indications du traitement médical versus chirurgical.",Traitement médical par administration de prostaglandines,"Correcte. Le traitement médical est indiqué pour les sacs de petite taille et les hémorragies légères, conformément aux recommandations du contenu.",Aspiration utérine sous anesthésie générale,Incorrecte. L'aspiration utérine est une méthode chirurgicale réservée aux cas non répondant au traitement médical ou aux situations à risque élevé.,Hospitalisation prolongée avec surveillance continue,"Incorrecte. L'hospitalisation prolongée n'est pas une méthode de prise en charge directe, mais une mesure de sécurité dans certains contextes.",Examen anatomopathologique du produit d'aspiration,"Incorrecte. L'examen anatomopathologique est une étape post-interventionnelle, non une méthode de prise en charge initiale.",a
32,OIC-024-03-A,Quelle est la prise en charge initiale d'une grossesse extra-utérine symptomatique?,Cette question évalue la connaissance des critères d'urgence et du traitement chirurgical de la GEU symptomatique. Le piège réside dans la confusion entre les cas symptomatiques et asymptomatiques.,Intervention chirurgicale en urgence après conditionnement de la patiente,"Correcte. La GEU symptomatique (instabilité hémodynamique, défense abdominale, hémopéritoine) nécessite une intervention chirurgicale urgente après bilan préopératoire.",Traitement médical par méthotrexate en cas de taux de β-hCG < 5 000 UI/L,"Incorrecte. Le méthotrexate est indiqué pour les GEU asymptomatiques ou pauci-symptomatiques, pas pour les cas symptomatiques.",Surveillance clinique et échographique sans intervention,Incorrecte. La GEU symptomatique constitue une urgence chirurgicale et ne peut être surveillée sans intervention.,Abstention thérapeutique avec suivi β-hCG toutes les 48 heures,Incorrecte. Cette approche est réservée aux GEU asymptomatiques avec taux β-hCG < 1 000 UI/L et décroissance progressive.,a
33,OIC-024-15-B,Quelle est la conduite à tenir après l'accouchement en cas d'hypertension artérielle gravidique (HTAg)?,"La question évalue la connaissance des mesures de prévention lors des grossesses ultérieures, un objectif de Rang A. Elle met en évidence un piège courant : confondre la gestion post-partum avec la prévention future.",Préconiser un suivi multidisciplinaire et la gestion des facteurs de risque cardiovasculaires et rénaux associés,Correcte. Elle correspond aux recommandations de surveillance et de prévention des risques à long terme après l'HTAg.,Arrêter brutalement le traitement antihypertenseur à la sortie de l'accouchement,"Incorrecte. L'arrêt progressif du traitement est recommandé, non un arrêt brutale.",Ne pas informer la patiente des risques cardiovasculaires futurs,Incorrecte. L'information sur les risques futurs est essentielle pour la prévention.,Privilégier une contraception hormonale dès la sortie de l'accouchement,Incorrecte. Les contraceptifs hormonaux sont déconseillés en cas d'HTAg non stabilisée.,a
34,OIC-024-17-B,Quelles sont les complications à long terme associées à un antécédent d'hypertension artérielle gravidique (HTAg)?,"La question évalue la connaissance des complications à long terme de l'HTAg, un objectif de Rang A. Elle vise à distinguer les complications chroniques des complications aiguës ou liées à la grossesse.",Un risque accru d'hypertension artérielle chronique et de pathologies cardiovasculaires et rénales,"Correcte. L'HTAg est un facteur de risque pour l'hypertension chronique et des pathologies cardiovasculaires/rénales à long terme, comme indiqué dans le contenu source.",Une augmentation du risque de prééclampsie et d'éclampsie,Incorrecte. Ces complications sont liées à la grossesse elle-même et non à des effets à long terme.,Une augmentation du risque de diabète gestationnel,"Incorrecte. Le diabète gestationnel est une complication distincte, non directement liée aux effets à long terme de l'HTAg.",Une réduction du risque de pathologies cardiovasculaires ultérieures,"Incorrecte. L'HTAg est associée à un risque accru, non à une protection, pour les pathologies cardiovasculaires.",a
35,OIC-024-22-A,Quelle mesure constitue une mesure de prévention primaire de la menace d'accouchement prématuré?,"La question évalue la connaissance des mesures de prévention primaire, un objectif clé de l'item. Le piège courant est de confondre prévention primaire et secondaire.",Supprimer les facteurs de risque tels que le tabac et l'alcool,Correcte. La suppression des facteurs de risque est une mesure de prévention primaire évoquée explicitement dans le contenu.,Effectuer un cerclage cervical en cas d'antécédent d'accouchement prématuré,"Incorrecte. Le cerclage est une mesure de prévention secondaire, non primaire.",Prévenir les infections génitales par un traitement de la vaginose bactérienne,"Incorrecte. Le traitement de la vaginose bactérienne relève de la prévention secondaire, non primaire.",Prévoir un cerclage cervical en cas de grossesse gémellaire,Incorrecte. Le cerclage préventif n'est pas indiqué pour la grossesse gémellaire selon les recommandations.,a
36,OIC-024-24-A,Quel est le bilan initial en cas de fièvre au cours de la grossesse?,Cette question évalue la connaissance des examens complémentaires requis en cas de fièvre gravidique. Le piège courant est de négliger l'ECBU ou les sérologies spécifiques.,"ECBU, NFS-CRP, hémocultures (fièvre > 38,5°C), sérologies (rubéole, toxoplasmose, etc.), RCF, tocométrie, échographie obstétricale","Correcte : Recommandations complètes selon le contenu source, incluant les examens essentiels et les sérologies contextuelles","ECBU, NFS-CRP, hémocultures, sérologies, échographie obstétricale","Incorrecte : Manque les examens de surveillance fœtale (RCF, tocométrie) et les sérologies spécifiques mentionnées","ECBU, NFS-CRP, hémocultures, test de grossesse, échographie",Incorrecte : Test de grossesse non requis et manque les sérologies contextuelles et les examens de surveillance fœtale,"ECBU, NFS-CRP, hémocultures, radiographie thoracique, échographie",Incorrecte : Radiographie thoracique non indiquée et manque les sérologies contextuelles et les examens de surveillance fœtale,a
37,OIC-027-05-A,Quelle est la modalité de surveillance recommandée pour une femme enceinte séronégative pour la toxoplasmose?,Cette question évalue la connaissance des protocoles de surveillance spécifique à la toxoplasmose chez les femmes enceintes non immunisées. Le piège réside dans la confusion avec d'autres examens de routine.,Surveillance trimestrielle par échographie,"Incorrect. L'échographie n'est pas le moyen de surveillance spécifique de la toxoplasmose. Elle est utilisée pour évaluer le développement fœtal, pas pour détecter l'infection.",Dépistage sérologique mensuel dès la déclaration de grossesse,"Correct. La surveillance implique un dépistage sérologique mensuel pour détecter les infections inapparentes, comme le précise le contenu source.",Prise de sang uniquement en cas de symptômes cliniques,"Incorrect. La toxoplasmose maternelle peut être asymptomatique (80 % des cas), donc une surveillance active est nécessaire indépendamment des symptômes.",Consultation nutritionnelle trimestrielle pour éviter les aliments à risque,"Incorrect. Bien que la prévention alimentaire soit importante, elle n'est pas la modalité principale de surveillance diagnostique de la toxoplasmose.",b
38,OIC-027-07-A,Quelle est une conséquence majeure de l'infection à la rubéole pendant la grossesse?,"La question évalue la connaissance des conséquences de l'infection à la rubéole, en mettant en évidence les anomalies fœtales spécifiques liées à l'âge gestationnel. Le piège réside dans la confusion entre les formes asymptomatiques et les complications graves.",Une infection asymptomatique sans conséquences fœtales,"Incorrect. Bien que certaines formes puissent être asymptomatiques, la rubéole materno-fœtale entraîne systématiquement des risques d'anomalies fœtales, surtout avant 18 SA.","Un syndrome polymalformatif avec microcéphalie, cataractes et anomalies cardiaques","Correct. Ce syndrome correspond aux lésions majeures décrites dans les 11-18 SA, incluant les anomalies neurologiques, ophtalmiques et cardiaques.",Une infection chronique sans complications à l'accouchement,"Incorrect. La rubéole congénitale évolutive peut présenter des complications post-natales, mais la question porte sur les conséquences pendant la grossesse.",Une infection limitée aux symptômes cutanés sans impact fœtal,Incorrect. La rubéole est tératogène et les symptômes cutanés maternels ne reflètent pas les lésions fœtales.,b
39,OIC-027-09-A,Quelle est la définition correcte de la rougeole materno-fœtale?,"La question évalue la capacité à définir précisément la rougeole materno-fœtale, en mettant l'accent sur le moment de transmission et l'impact clinique, tout en évitant les confusions avec d'autres infections.","Transmission du virus de la rougeole de la mère au fœtus en fin de grossesse, pouvant entraîner une rougeole congénitale néonatale, mais rare en raison de la couverture vaccinale","Correcte. Cette réponse reprend fidèlement la définition clé du texte : transmission en fin de grossesse, risque de rougeole congénitale néonatale et rareté liée à la vaccination.",Infection par le virus de la rougeole chez le fœtus due à une exposition précoce au virus pendant la grossesse,"Incorrecte. La transmission en fin de grossesse est spécifique à la rougeole materno-fœtale, contrairement à une exposition précoce non mentionnée dans le contenu.","Maladie fœtale causée par une infection virale similaire à la rougeole, mais non transmise par la mère","Incorrecte. La rougeole materno-fœtale implique une transmission directe de la mère au fœtus, contrairement à une infection similaire non materno-fœtale.",Syndrome fœtal lié à une infection virale acquise après l'accouchement,"Incorrecte. La transmission materno-fœtale se produit pendant la grossesse, pas après l'accouchement.",a
40,OIC-027-10-A,Quelle est la principale conséquence fœtale d'une infection à la rougeole pendant la grossesse?,"Cette question évalue la connaissance des conséquences fœtales de la rougeole materno-fœtale, un objectif de Rang A. Un piège courant est de confondre les malformations congénitales (non mentionnées) avec les complications fœtales répertoriées.","Augmentation du risque de fausse couche, de mort fœtale in utero et de prématurité",Correcte. Ces conséquences fœtales sont explicitement mentionnées dans le contenu source.,Risque accru de malformations congénitales,Incorrecte. Le contenu précise qu'il n'y a pas d'augmentation du risque de malformations congénitales.,Développement d'une infection virale chronique au sein du fœtus,Incorrecte. Aucune mention d'infection chronique n'est faite dans le contenu.,Inhibition du développement cérébral avec retard mental immédiat,"Incorrecte. Le contenu évoque une panencéphalite sclérosante subaiguë (rare et tardive), non un retard mental immédiat.",a
41,OIC-027-14-B,Quelle est la recommandation de prévention fœtale en cas de récurrence d'herpès génital pendant la grossesse?,"Cette question évalue la connaissance des éléments de prévention fœtale liés à l'herpès simplex virus (HSV) pendant la grossesse, en particulier les mesures préventives pour réduire les risques de transmission au fœtus.",Prise de valaciclovir 1g en 2 prises de 36 SA jusqu’à la naissance,Correcte. La prise de valaciclovir 1g en 2 prises à partir de 36 semaines de gestation est recommandée pour prévenir les épisodes récurrents d'herpès génital et réduire le risque de transmission fœtale.,Prise de aciclovir 1g en 5 prises pendant 10 jours,"Incorrecte. Cette posologie est utilisée pour le traitement d'une infection primaire, non pour la prévention fœtale des récurrences.",Césarienne systématique en cas d'infection génitale au cours du dernier trimestre,Incorrecte. La césarienne est indiquée uniquement en cas d'infection primaire dans les 6 semaines avant le travail et si le temps de réaction médicale (RPM) est < 4h.,Prise de valaciclovir 2g en 2 prises de 36 SA jusqu’à la naissance,"Incorrecte. La dose de 2g est utilisée pour le traitement d'une infection active, pas pour la prévention fœtale des récurrences.",a
42,OIC-027-20-A,Quelle est la principale mesure de prévention de la listériose materno-fœtale?,"La question évalue la connaissance des éléments de prévention spécifiques à la listériose, un risque majeur pour le fœtus. Le piège réside dans la confusion avec d'autres infections ou mesures non pertinentes.",Éviter les fromages à pâte molle au lait cru et pratiquer une hygiène rigoureuse lors de la manipulation des aliments,Correcte. Cela correspond aux règles hygiéno-diététiques clairement énoncées dans le contenu source.,Préserver une hygiène stricte des mains et des surfaces de cuisson,"Incorrecte. Bien que pertinent, cette mesure est une composante secondaire des règles de prévention et non la principale.",Séparer les aliments crus et cuits dans le réfrigérateur,Incorrecte. Cette mesure est une pratique utile mais ne constitue pas l'élément central de la prévention.,Vacciner contre la listériose pendant la grossesse,"Incorrecte. Aucun vaccin n'existe pour prévenir la listériose, ce qui rend cette proposition factuellement erronée.",a
43,OIC-027-21-B,Quel examen complémentaire est prescrit en cas de suspicion de listériose materno-fœtale?,"La question évalue la connaissance des examens complémentaires pour la listériose, un objectif de Rang B. Cependant, le choix de cet objectif est justifié par la présence d'informations précises dans le contenu source.",Une échographie abdominale,Incorrect. L'échographie abdominale n'est pas mentionnée comme examen spécifique pour la listériose.,Des hémocultures chez la mère,Correct. Le contenu source indique explicitement la prescription d'hémocultures en cas de fièvre.,Un test sanguin pour la rubéole,Incorrect. Le test sanguin pour la rubéole est lié à une infection différente et non à la listériose.,Une prise de sang pour le VIH,Incorrect. Le dépistage du VIH est un examen distinct et non lié à la listériose.,b
44,OIC-027-25-A,Quelle est la principale conséquence de la grippe chez la femme enceinte?,La question évalue la connaissance des conséquences maternelles de la grippe pendant la grossesse. Un piège courant est de confondre les mesures de prévention avec les conséquences cliniques.,La vaccination antigrippale est le meilleur moyen de prévention,"Incorrect. Cela décrit une mesure de prévention primaire, non une conséquence de la grippe.",Le risque de complications respiratoires et la mortalité sont augmentés,Correct. Cela correspond directement à la description des conséquences maternelles mentionnées dans le contenu source.,Le port de masque réduit le risque de transmission,"Incorrect. Cela relève des mesures d'hygiène de prévention, non des conséquences de la grippe.",L'allaitement maternel est interdit en cas de grippe,Incorrect. Le contenu source précise que l'allaitement maternel est toujours possible.,b
45,OIC-027-28-A,Quelle est la modalité de prévention médicamenteuse de l'allo-immunisation anti-D durant la grossesse?,"La question évalue la connaissance des mesures préventives spécifiques contre l'allo-immunisation anti-D, en mettant en évidence la prévention systématique à 28 SA et les conditions d'administration.",Injection de 300 μg d'immunoglobulines anti-D au début du 3ème trimestre,Correcte. La prévention systématique à 28 SA avec 300 μg d'Ig anti-D est recommandée pour prévenir l'allo-immunisation anti-D.,Vaccination contre l'allo-immunisation anti-D,"Incorrecte. La prévention de l'allo-immunisation anti-D repose sur l'immunoglobuline anti-D, non sur une vaccination.",Injection d'immunoglobulines anti-D uniquement après l'accouchement,"Incorrecte. Les injections doivent être réalisées dans les 72 heures après un événement à risque, pas uniquement après l'accouchement.",Utilisation de médicaments antiviraux pour prévenir l'allo-immunisation,Incorrecte. Les antiviraux ne sont pas utilisés pour prévenir l'allo-immunisation anti-D.,a
46,OIC-027-31-A,Quel médicament est considéré comme un principal risque pour le fœtus lors de la grossesse?,"Cette question évalue la capacité à identifier les médicaments à risque majeurs pour le fœtus, avec un accent particulier sur les substances bien connues pour leurs effets tératogènes.",Isotrétinoïne,"Correcte. L'isotrétinoïne est un dérivé de la vitamine A associé à des risques tératogènes graves, notamment des anomalies faciales et neurologiques.",Valproate de sodium,"Incorrecte. Bien que le valproate de sodium soit à risque (anomalies neurologiques), il n'est pas le principal exemple cité dans le contenu source.",Warfarine,"Incorrecte. La warfarine est un anticoagulant à risque (saignement fœtal), mais elle n'est pas priorisée comme principal médicament à risque dans le contexte de l'item.",Lithium,"Incorrecte. Le lithium est un thymorégulateur à risque (malformations cardiaques), mais il n'est pas le médicament principal mentionné dans le contenu source.",a
47,OIC-027-33-A,Quel type de vaccin est recommandé pendant la grossesse?,Cette question évalue la connaissance des vaccins autorisés pendant la grossesse. Un piège courant est de confondre les vaccins vivants atténués avec les vaccins inactivés.,"Vaccins inactivés tels que la grippe, la hépatite B et le tétanos","Correcte. Les vaccins inactivés sont recommandés pendant la grossesse, notamment la grippe, la hépatite B et le tétanos.",Vaccins vivants atténués comme la varicelle ou la rougeole,"Incorrecte. Les vaccins vivants atténués sont généralement contre-indiqués pendant la grossesse, sauf en cas de voyage impératif.",Vaccins contre la coqueluche et la polio,"Incorrecte. Le vaccin contre la coqueluche est autorisé dans certains pays mais pas en France, et le vaccin polio est inactivé mais non mentionné comme recommandé.",Vaccins à ARNm comme le vaccin contre la COVID-19,Incorrecte. Les vaccins à ARNm sont en cours d'évaluation chez la femme enceinte et ne sont pas recommandés de routine.,a
48,OIC-027-34-B,Quelle est la principale conséquence de l'intoxication tabagique pendant la grossesse?,La question évalue la connaissance des conséquences de l'intoxication tabagique pendant la grossesse (objectif Rang A). Un piège courant est de confondre les effets sur le fœtus avec les effets sur la mère ou les complications non directement liées.,Une augmentation du risque de prématurité,"Correcte. La nicotine et les toxiques du tabac perturbent le développement fœtal, augmentant le risque de prématurité.",Une augmentation du taux de glucose maternel,Incorrecte. L'intoxication tabagique n'a pas de lien direct avec le taux de glucose maternel.,Une réduction de la production de globules rouges fœtaux,"Incorrecte. Bien que la nicotine affecte la circulation, la réduction des globules rouges n'est pas la conséquence principale.",Une augmentation de la pression artérielle chez la mère,"Incorrecte. L'effet principal du tabagisme est sur le fœtus, non sur la pression artérielle maternelle.",a
49,OIC-027-36-B,Quelle est la principale mesure de prise en charge des femmes enceintes fumeuses selon les recommandations?,"La question évalue la connaissance des mesures de prise en charge des femmes enceintes fumeuses, en mettant l'accent sur la substitution nicotinique comme aide essentielle. Un piège courant est de confondre les conseils généraux avec les interventions spécifiques.",La substitution nicotinique adaptée est une aide souvent nécessaire,Correcte. La substitution nicotinique est explicitement mentionnée comme une aide clé dans le texte.,Le sevrage doit être évité pendant toute la grossesse,"Incorrecte. Le sevrage est bénéfique à tous les stades de la grossesse, contrairement à cette affirmation.",L'hypnose est la méthode de choix pour l'arrêt du tabac,"Incorrecte. L'hypnose est citée comme une intervention évaluée, mais non comme la méthode de choix.",Le dépistage de la dépendance se limite à l'interrogatoire clinique,Incorrecte. L'évaluation inclut des outils comme le questionnaire de Fagerström et l'analyseur de CO.,a
50,OIC-027-39-A,Quelle est la méthode principale de dépistage de l'alcoolisation maternelle pendant la grossesse?,"Cette question évalue la connaissance des modalités de dépistage de l'alcoolisation maternelle, en mettant l'accent sur l'utilisation du questionnaire T-ACE et l'interrogatoire indirect.",Utilisation du questionnaire T-ACE avec des questions indirectes,"Correcte. Le T-ACE est un outil validé pour dépister l'alcoolisation maternelle, combiné à un interrogatoire empathique et indirect.",Interrogatoire direct sur la consommation quotidienne d'alcool,Incorrecte. L'interrogatoire direct est moins efficace que le T-ACE et peut générer un jugement de la patiente.,Examen clinique objectif de la peau et des muqueuses,Incorrecte. L'alcoolisation maternelle ne se révèle pas par des signes cliniques visibles à l'examen.,Prise de sang pour mesurer les taux d'alcoolémie,Incorrecte. La mesure d'alcoolémie est inadaptée en grossesse en raison de la dégradation rapide de l'alcool et des limites techniques.,a
51,OIC-027-41-A,Quelle est la principale démarche à mettre en œuvre pour repérer les conduites addictives et les facteurs de risques associés au cours de la grossesse?,"Cette question évalue la capacité à identifier les éléments clés du repérage addictologique en grossesse, en mettant l'accent sur l'approche globale et non-jugementale.","Identifier les facteurs de risque liés à l'histoire de vie de la mère, au couple, au mode de vie et aux peurs maternelles",Correcte. Cette option correspond exactement à l'objectif principal évoqué dans le contenu source.,Évaluer l'historique médical familial des maladies génétiques,Incorrecte. L'historique familial des maladies génétiques n'est pas un élément central du repérage addictologique en grossesse.,Analyser les antécédents professionnels de la femme enceinte,Incorrecte. Les antécédents professionnels ne constituent pas un critère principal de repérage des conduites addictives.,Préconiser la prise de médicaments antidépresseurs en cas de stress,"Incorrecte. La prise de médicaments antidépresseurs n'est pas une démarche de repérage, mais une intervention thérapeutique.",a
52,OIC-027-42-B,Quelle est la composante essentielle de la prise en charge multidisciplinaire des femmes enceintes addictes?,La question évalue la connaissance des aspects essentiels de la prise en charge obstétricale et addictologique. Piège : confondre les rôles des professionnels ou négliger l'aspect multidisciplinaire.,"La mise en place d'un réseau coordonné incluant médecin généraliste, obstétricien, addictologue et assistante sociale",Correcte. Cette option résume l'essence du réseau multidisciplinaire décrit dans le contenu.,La prescription exclusive de médicaments antidépresseurs sans suivi addictologique,Incorrecte. Le contenu souligne l'importance d'un suivi multidisciplinaire et non une approche médicamenteuse exclusive.,Le sevrage immédiat des substances sans traitement de substitution,Incorrecte. Le contenu précise que le sevrage direct n'est pas recommandé et que des traitements de substitution sont utilisés.,L'isolement de la femme enceinte des services de santé pour préserver sa confidentialité,Incorrecte. Le contenu insiste sur la coordination des services et l'implication de professionnels spécialisés.,a
53,OIC-027-43-B,Quelle est la conséquence majeure d'une exposition in utero aux opiacés pendant la grossesse?,"La question évalue la connaissance des conséquences de l'intoxication maternelle par les opiacés, en particulier le syndrome de sevrage néonatal (SSNN). Un piège courant est de confondre les effets maternels avec les effets fœtaux.",Une augmentation du risque de prématurité,Incorrect. La prématurité n'est pas mentionnée comme conséquence directe des opiacés dans le contenu.,Un syndrome de sevrage néonatal (SSNN) chez le nouveau-né,Correct. Le contenu précise que le SSNN affecte environ 60 % des enfants exposés aux opiacés in utero.,Une réduction de la croissance fœtale,Incorrect. Aucune mention de troubles de croissance fœtale n'est faite dans le texte.,Une augmentation du taux de mortalité maternelle,Incorrect. Le contenu ne traite pas des risques maternels directs liés aux opiacés.,b
54,OIC-027-44-B,Quelle est la principale conséquence à long terme liée à l'exposition in utero à l'alcool pendant la grossesse?,"La question évalue la connaissance des conséquences à long terme de l'alcoolisation fœtale, un objectif de Rang A. Elle évite les ambiguïtés en se concentrant sur l'exposition in utero.",Retard mental et troubles du comportement,Correcte. L'alcoolisation fœtale entraîne des troubles neurodéveloppementaux et des difficultés comportementales à long terme.,Prématurité sévère et complications respiratoires,"Incorrecte. Ces conséquences sont liées à la prématurité, non spécifiquement à l'alcoolisation fœtale.",Dépression post-partum chez la mère,"Incorrecte. La dépression post-partum est une conséquence maternelle, pas fœtale directe.",Risque accru de diabète de type 2 à l'âge adulte,"Incorrecte. Ce risque est associé à l'obésité et au mode de vie, non spécifiquement à l'alcoolisation fœtale.",a
55,OIC-027-45-B,Quelle est la principale conséquence de l'irradiation fœtale à partir de 100–200 mGy?,"Cette question évalue la compréhension des mécanismes d'action de l'irradiation sur le fœtus, en mettant en évidence la relation dose-effet et les conséquences neurologiques graves.",Diminution du quotient intellectuel (QI) et microcéphalie,Correcte. La mort cellulaire des neurones à partir de 100–200 mGy entraîne des troubles neurologiques graves comme la microcéphalie et la baisse du QI.,Augmentation du risque de malformations congénitales virales,"Incorrecte. Les lésions virales ne sont pas liées à l'irradiation, mais à des infections comme la rubéole ou la toxoplasmose.",Risque accru de tératogénicité médicamenteuse,"Incorrecte. La tératogénicité médicamenteuse relève des effets des substances chimiques, non de l'irradiation.",Accroissement de la fréquence des infections fœtales,"Incorrecte. L'irradiation n'augmente pas directement la fréquence des infections, mais peut altérer la réponse immunitaire du fœtus.",a
56,OIC-032-01-B,Quelle action favorise la qualité des premiers liens affectifs parents-enfant lors de l'évaluation du nouveau-né?,"La question évalue la promotion des liens affectifs parents-enfant, un objectif de Rang A. Elle met en évidence un aspect non clinique mais essentiel de la prise en charge néonatale.",Effectuer l'examen clinique en présence d'au moins un parent dans des conditions adaptées,Correcte. La présence des parents et les conditions favorables favorisent l'interaction et les premiers liens affectifs.,"Calculer le score d'Apgar à 1, 5 et 10 minutes","Incorrecte. Le score d'Apgar est un outil clinique d'évaluation, non un moyen de renforcer les liens affectifs.",Rechercher une fente palatine pendant l'examen buccal,"Incorrecte. La détection d'anomalies est une action diagnostique, non liée aux liens affectifs.",Mesurer le poids et la taille du nouveau-né,"Incorrecte. Les mensurations sont des données cliniques, pas un facteur de relation parent-enfant.",a
57,OIC-032-03-B,Quelle action favorise la qualité des premiers liens affectifs entre le nouveau-né et ses parents?,"La question évalue la compréhension des pratiques favorisant les liens parent-enfant, un objectif de Rang A. Le piège réside dans la confusion entre soins techniques et interactions affectives.",La peau à peau avec la mère si l’état du nouveau-né et de la mère le permettent,Correcte. La peau à peau stimule les liens affectifs et favorise l’attachement précoce.,L’évaluation du score Apgar,"Incorrecte. Le score Apgar est un outil d’évaluation clinique, non un acte de lien affectif.",L’administration de vitamine K1,"Incorrecte. La vitamine K1 prévient les hémorragies, mais ne favorise pas les liens affectifs.",La mise au sein au cours de la première heure,"Incorrecte. Bien que bénéfique pour l’allaitement, elle ne constitue pas une action spécifique de lien affectif.",a
58,OIC-032-04-B,Quelle pratique favorise le développement des premiers liens affectifs entre le nouveau-né et ses parents?,"Cette question évalue la compréhension des bases de la puériculture et de la promotion des liens parent-enfant, en évitant les détails techniques liés aux dépistages néonatals.",Pratiquer le contact peau à peau immédiatement après la naissance,Correcte : Le contact peau à peau renforce les liens affectifs et favorise l'attachement parental.,Effectuer un prélèvement sanguin pour le dépistage néonatal,"Incorrecte : Le dépistage sanguin est une procédure médicale, non une pratique de promotion des liens affectifs.",Administrer une vaccination préventive au nouveau-né,"Incorrecte : La vaccination protège la santé, mais ne favorise pas directement les liens affectifs.",Identifier les anomalies congénitales par examen clinique,"Incorrecte : L'identification des anomalies est une démarche diagnostique, non une action de renforcement des liens parentaux.",a
59,OIC-032-07-B,Quelle mesure favorise la qualité des premiers liens affectifs parents-enfant et illustre les bases de la puériculture?,"La question évalue la compréhension des pratiques favorisant les liens affectifs et les principes de la puériculture, un objectif de Rang A. Elle évite les détails médicaux spécifiques.",Pratiquer le contact peau à peau immédiatement après la naissance,Correcte : Le contact peau à peau est une pratique clé pour renforcer les liens affectifs et favoriser l'adaptation du nouveau-né.,Administrer un sérum glucose dès la naissance,Incorrecte : Cela relève des soins médicaux spécifiques et non des bases de la puériculture.,Identifier les facteurs de risque de prématurité,"Incorrecte : Cela concerne l'évaluation clinique, pas les liens affectifs ou la puériculture.",Effectuer une échographie de routine à 36 semaines,"Incorrecte : Cela est lié à la surveillance obstétricale, non aux interactions parent-enfant.",a
60,OIC-038-01-A,"Quelle proposition définit correctement les termes fertilité, fécondité et fécondabilité d’un couple?",Cette question évalue la compréhension des trois termes clés. Le piège courant est de confondre fécondité (réalité de l’ascendance) et fertilité (capacité à concevoir).,"La fertilité est la capacité à concevoir, la fécondité est la capacité à se reproduire (avoir un enfant), et la fécondabilité est la probabilité de grossesse par cycle sans contraception",Correcte : correspond exactement aux définitions fournies dans le contenu source,"La fertilité est la capacité à se reproduire, la fécondité est la capacité à concevoir, et la fécondabilité est le taux de naissances vivantes","Incorrecte : inverse fertilité et fécondité, et confond fécondabilité avec un paramètre démographique","La fertilité est la probabilité de grossesse par cycle, la fécondité est la capacité à concevoir, et la fécondabilité est la capacité à se reproduire",Incorrecte : mélange les définitions de fécondité et de fécondabilité,"La fertilité est le taux de naissances vivantes, la fécondité est la capacité à concevoir, et la fécondabilité est la capacité à se reproduire",Incorrecte : associe incorrectement le taux de naissances à la fertilité,a
61,OIC-038-03-B,Quelle est la fécondabilité moyenne d'un couple âgé de 25 ans?,"La question évalue la connaissance de la définition de la fécondabilité, un terme clé pour distinguer la fertilité (capacité) et la fécondité (taux de conception). Le piège réside dans la confusion avec l'indicateur de fécondité national.",20 à 25 % par cycle,"Correcte. La fécondabilité correspond au taux de conception par cycle, contrairement à l'indicateur de fécondité national.","1,87 enfant par femme","Incorrecte. Cette valeur correspond à l'indicateur de fécondité (moyenne de naissances par femme), non à la fécondabilité individuelle.",Un couple sur quatre consulte pour infertilité,"Incorrecte. Cette statistique reflète la prévalence des consultations, pas la fécondabilité.",L'âge est le seul facteur influençant la fertilité,"Incorrecte. L'âge est le principal facteur, mais d'autres éléments (poids, mode de vie) influencent également la fécondabilité.",a
62,OIC-038-06-B,Quelle est la définition correcte d'un couple infertile?,"La question évalue la compréhension des définitions clés (fertilité, fécondité, fécondabilité) et distingue la notion de couple infertile. Un piège courant est de confondre fécondité (capacité à concevoir) et fécondabilité (réussite reproductive dans des conditions normales).",Un couple dont la fécondité est inférieure à 10 %,"Incorrect. La fécondité est une mesure statistique de la population, non une définition de l'infertilité individuelle.",Un couple qui ne parvient pas à concevoir après 12 mois de relations non protégées régulières,Correct. C'est la définition officielle d'un couple infertile (selon les critères de l'OMS et les recommandations cliniques).,Un couple dont la fécondabilité est supérieure à 80 %,"Incorrect. La fécondabilité désigne la capacité à concevoir, non la probabilité de réussite reproductive.",Un couple dont la fécondité est inférieure à 50 %,"Incorrect. La fécondité est une mesure de la population, pas une caractéristique individuelle d'un couple.",b
63,OIC-039-07-A,Quelle est une indication principale des inséminations artificielles (IAC) avec spermatozoïdes frais?,"Cette question évalue la connaissance des principales indications des inséminations artificielles. Le piège courant est de confondre les indications des techniques d'AMP avec celles des autres procédures (ex. : FIV, préservation de la fertilité).",Azoospermie obstructive nécessitant une extraction chirurgicale de spermatozoïtes,"Incorrect. Cette indication correspond à l'ICSI ou aux dons de gamètes, pas aux inséminations artificielles classiques.",Infertilité inexpliquée,Correct. L'infertilité inexpliquée est une indication majeure des inséminations artificielles avec spermatozoïdes frais.,Conservation de spermatozoïdes pour une pathologie génétique masculine,"Incorrect. Cette indication relève des dons de gamètes, non des inséminations artificielles.",Échec répétitif de fécondation in vitro (FIV),"Incorrect. L'échec répétitif de FIV est une indication pour l'ICSI ou des techniques avancées, pas pour l'insémination artificielle.",b
64,OIC-039-13-B,Quelle est la définition correcte des techniques d'assistance médicale à la procréation (AMP)?,"Cette question évalue la capacité à identifier les techniques d'AMP, un objectif clé de Rang A. Le piège réside dans la confusion entre les techniques de préservation de la fertilité et les techniques d'AMP elles-mêmes.",Transfert d'embryons obtenus par fécondation in vitro (FIV) avec ou sans microinjection intracytoplasmique (ICSI),"Correcte. La FIV avec ICSI est une technique d'AMP standardisée, définie comme un procédé de fécondation in vitro suivi de transfert d'embryons.",Conservation de sperme ou d'ovocytes dans des conditions cryogéniques pour un usage futur,"Incorrecte. Cette description correspond à la préservation de la fertilité, non à une technique d'AMP.",Utilisation de gamètes donateurs pour une fécondation in vitro,"Incorrecte. Le don de gamètes est une indication de l'AMP, mais non une définition de la technique elle-même.",Ponction ovarienne pour recueillir des ovocytes en cas de stérilité masculine,"Incorrecte. La ponction ovarienne est une procédure technique, non une définition globale des AMP.",a
65,OIC-045-02-B,Quelle approche est recommandée lors de la communication du diagnostic d'une maladie génétique à un couple?,"La question évalue la compréhension des questions éthiques dans le conseil génétique, en mettant en lumière l'importance de ne pas surcharger les parents avec des informations inutiles et de valoriser l'enfant.",Éviter de lister toutes les complications possibles et se concentrer sur des objectifs à court terme,Correcte. Cela correspond aux principes éthiques de ne pas asséner des informations inéluctables et de valoriser l'enfant.,Se focaliser uniquement sur les difficultés liées à la maladie,Incorrecte. L'approche doit placer l'enfant au premier plan et non la maladie.,Prédire la trajectoire évolutive de l'enfant avec précision,Incorrecte. La variabilité d'évolution rend impossible une prédiction précise.,Proposer l'adoption comme solution prioritaire,Incorrecte. L'adoption est une option rare et non une solution systématique.,a
66,OIC-045-03-A,Quelle est une question éthique principale liée au conseil génétique dans le cas du dépistage de la trisomie 21?,"La question évalue la compréhension des enjeux éthiques dans le conseil génétique, notamment le débat entre eugénisme et respect de l'autonomie de la personne.",Le respect de l'autonomie face à un risque de trisomie 21,"Correcte. L'autonomie de la patiente est un principe éthique central, illustré par le droit de choisir ou non d'interrompre la grossesse.",La non-malveillance dans la transmission des résultats,"Incorrecte. Bien que pertinent, cette question relève plus du principe de non-malveillance que des enjeux spécifiques du conseil génétique.",L'obligation de divulguer les résultats de dépistage,"Incorrecte. Le droit de ne pas savoir est un principe éthique clé, non une obligation de divulguer.",La justice dans l'accès aux soins pour les personnes atteintes de trisomie 21,"Incorrecte. Bien que lié à l'équité, ce sujet relève plus de la prise en charge sociale que des enjeux éthiques du conseil génétique.",a
67,OIC-045-05-A,Quelle est la composition du test combiné du 1er trimestre utilisé pour le dépistage anténatal de la trisomie 21?,Cette question évalue la connaissance des composantes du test combiné du 1er trimestre. Un piège courant est de confondre les marqueurs sériques du 1er et 2e trimestre ou d'inclure le caryotype.,"L'âge maternel, la mesure de la clarté nucale et le dosage des marqueurs sériques",Correcte. Ces trois éléments constituent les composantes essentielles du test combiné du 1er trimestre.,"L'âge maternel, la mesure de la clarté nucale et le dosage des marqueurs sériques du 2e trimestre",Incorrecte. Les marqueurs sériques du 2e trimestre ne sont pas inclus dans le test combiné du 1er trimestre.,"La mesure de la clarté nucale, le dosage des marqueurs sériques et le caryotype fœtal","Incorrecte. Le caryotype fœtal est une étape de suivi, pas une composante du test combiné initial.","L'âge maternel, la mesure de la clarté nucale, le dosage des marqueurs sériques et le caryotype fœtal",Incorrecte. Le caryotype fœtal n'est pas inclus dans le test combiné du 1er trimestre.,a
68,OIC-045-07-B,Quelle est la probabilité de récurrence d'une trisomie 21 en cas de translocation robertsonienne (14;21) d'origine maternelle?,"Cette question évalue la compréhension des risques de récurrence selon le type de trisomie 21, un élément central du conseil génétique. Le piège courant est de confondre les pourcentages associés aux origines maternelle et paternelle.",10-15 %,"Correcte. La translocation (14;21) d'origine maternelle entraîne un risque de récurrence de 10-15 %, conforme aux données fournies.",2-5 %,"Incorrecte. Ce pourcentage correspond à la translocation (14;21) d'origine paternelle, non maternelle.",100 %,"Incorrecte. Ce risque est spécifique à la translocation (21;21), non à (14;21).",1 %,"Incorrecte. Ce taux correspond à la trisomie 21 libre, non à une translocation.",a
69,OIC-045-14-A,Quelle est la méthode utilisée pour confirmer le diagnostic de mucoviscidose?,"Cette question évalue la connaissance des modalités de confirmation diagnostique de la mucoviscidose, en mettant l'accent sur le test de la sueur et ses seuils de valeur. Piège possible : confondre le dépistage néonatal avec la confirmation diagnostique.",Le test de la sueur avec une concentration de chlore supérieure à 60 meq/L,"Correcte. Le test de la sueur est la méthode de confirmation diagnostique standard, avec un seuil de 60 meq/L pour confirmer la mucoviscidose.",L'analyse génétique par séquençage du gène CFTR,"Incorrecte. L'analyse génétique complète est une étape complémentaire, mais le test de la sueur reste la méthode de confirmation principale.",L'imagerie thoracique par radiographie,"Incorrecte. L'imagerie est utilisée pour évaluer les complications pulmonaires, mais non pour confirmer le diagnostic initial.",La culture du sputum pour détecter les infections,"Incorrecte. La culture sputum est utilisée pour identifier les agents pathogènes, pas pour confirmer le diagnostic de mucoviscidose.",a
70,OIC-045-21-B,Quelle est une des principales formes cliniques du syndrome du X Fragile?,"La question évalue la connaissance des formes cliniques du syndrome du X Fragile, en excluant les mécanismes moléculaires ou les modalités de prise en charge.",L'insuffisance ovarienne prématurée (FXPOI) et le syndrome tremblement-ataxie (FXTAS),Correcte. Ces deux formes cliniques sont explicitement mentionnées dans le contenu source.,La toxicité des triplets CGG et l'expansion génétique,"Incorrecte. Ces éléments relèvent du mécanisme moléculaire (objectif Rang B), non des formes cliniques.",La consultation en endocrinologie et la cryoconservation ovarienne,"Incorrecte. Ces éléments concernent la prise en charge, pas les formes cliniques.",Les troubles de l'attention et les troubles anxiodépressifs,"Incorrecte. Ces troubles sont classés sous l'acronyme FXAND, une forme clinique secondaire non prioritaire.",a
71,OIC-047-01-A,Quelle est la définition correcte des tranches d'âge des enfants selon les recommandations professionnelles?,"Cette question évalue la connaissance des tranches d'âge des enfants, un objectif de Rang A. Le piège courant est de confondre les limites entre nourrisson, enfant et adolescent.",Nouveau-né : 0-1 mois ; Nourrisson : 1-23 mois ; Enfant : 2 ans - < puberté ; Adolescent : > puberté,Correcte : Correspond exactement aux définitions officielles des tranches d'âge.,Nouveau-né : 0-1 mois ; Nourrisson : 1-12 mois ; Enfant : 1-2 ans ; Adolescent : > puberté,Incorrecte : Le nourrisson est mal défini (1-12 mois au lieu de 1-23 mois) et l'enfant est mal classé (1-2 ans au lieu de 2 ans - < puberté).,Nouveau-né : 0-1 mois ; Nourrisson : 1-23 mois ; Enfant : < puberté ; Adolescent : > puberté,"Incorrecte : L'enfant est mal défini (« < puberté » au lieu de « 2 ans - < puberté »), ce qui inclut erroneusement les nourrissons.",Nouveau-né : 0-1 mois ; Nourrisson : 1-2 ans ; Enfant : 2-12 ans ; Adolescent : > 12 ans,Incorrecte : Les limites sont erronées (nourrisson 1-2 ans au lieu de 1-23 mois ; enfant 2-12 ans au lieu de 2 ans - < puberté).,a
72,OIC-047-02-B,Quel est l'ensemble des examens médicaux obligatoires pour le suivi d'un nourrisson et d'un enfant?,Cette question évalue la connaissance des examens obligatoires mentionnés dans le contenu. Un piège courant est de confondre les certificats médicaux avec les examens spécifiques.,"Examens à 8 jours, 1 mois, 2 mois, 3 mois, 4 mois, 5 mois, 6 mois, 9 mois, 12 mois, 13 mois, 16-18 mois, 24-25 mois, 3 ans, 4 ans, 5 ans, 6 ans, 8-9 ans, 11-13 ans, 15-16 ans",Correcte : Cite les âges exacts des examens obligatoires mentionnés dans le contenu.,"Examens de routine à 1 an, 2 ans, 3 ans et 6 ans",Incorrecte : Ne mentionne pas l'ensemble des examens obligatoires et omet des tranches d'âge clés.,Examens de dépistage visuel et auditif uniquement,"Incorrecte : Restreint le suivi à des troubles spécifiques, sans inclure les examens obligatoires généraux.",Examens de scolarisation à 6 ans et 10 ans,"Incorrecte : Se concentre sur la scolarisation, non sur les examens obligatoires du suivi pédiatrique.",a
73,OIC-047-05-B,Quelle est une situation à risque personnelle pour un trouble visuel chez l'enfant?,"Cette question évalue la connaissance des facteurs de risque personnels des troubles visuels, un objectif de Rang A. Un piège courant est de confondre les facteurs familiaux (ex : strabisme héréditaire) avec les facteurs personnels (ex : prématurité).",Prématurité avec petit poids de naissance,"Correcte. La prématurité et le petit poids de naissance sont des facteurs de risque personnels majeurs pour les troubles visuels, comme les anomalies de développement du nerf optique.",Hérédité de strabisme,"Incorrecte. L'hérédité de strabisme relève des facteurs familiaux, non personnels, et n'est pas un risque direct pour le développement visuel.",Astigmatisme congénital,"Incorrecte. L'astigmatisme congénital est une anomalie structurelle, mais elle n'est pas classée comme un facteur de risque principal dans le contexte des troubles visuels évolutifs.",Exposition précoce à la lumière vive,Incorrecte. L'exposition à la lumière vive n'est pas reconnue comme un facteur de risque majeur pour les troubles visuels chez l'enfant.,a
74,OIC-047-08-B,Quel est le signe fonctionnel évocateur de malvoyance chez un enfant selon le développement du système visuel?,"La question évalue la capacité à identifier les signes cliniques liés au développement visuel, un objectif de Rang A. Le piège réside dans la confusion entre les signes physiques et fonctionnels.",Une vision floue persistante après l'âge de 3 ans,"Correcte. La persistance de troubles visuels après l'âge de 3 ans est un signe évocateur de malvoyance, en lien avec le développement progressif de l'acuité visuelle.",Une conjonctivite récidivante à l'âge de 6 mois,"Incorrecte. La conjonctivite est une infection oculaire, non un signe de malvoyance liée au développement visuel.",Une strabisme détecté à 4 mois,"Incorrecte. Le strabisme est une déviation oculaire, non directement lié au développement de l'acuité visuelle.",Une rougeur oculaire sans larmoiement,"Incorrecte. La rougeur sans larmoiement est un signe de traumatisme ou d'infection, non de malvoyance.",a
75,OIC-047-15-B,Quelle est la méthode utilisée pour le dépistage systématique des troubles auditifs chez l'enfant?,Cette question évalue la connaissance des modalités du dépistage systématique des troubles auditifs (objectif Rang A). Elle vise à identifier les tests standardisés utilisés dans le suivi pédiatrique.,Utilisation des tests objectifs comme l'OEAP et le PEAA,Correcte. Les tests objectifs (OEAP et PEAA) sont des méthodes standardisées utilisées pour le dépistage systématique des troubles auditifs chez l'enfant.,Audiogramme nécessitant la coopération de l'enfant,"Incorrecte. L'audiogramme est un test subjectif qui exige une coopération active, ce qui le rend inadapté pour le dépistage systématique chez les jeunes enfants.",Examen clinique uniquement basé sur les plaintes de l'enfant,"Incorrecte. Le dépistage systématique ne repose pas uniquement sur les plaintes, mais sur des tests standardisés pour détecter les troubles auditifs précoces.",Mesure de l'audition par échographie,Incorrecte. L'échographie n'est pas utilisée pour mesurer l'audition chez l'enfant. Elle est réservée à l'imagerie des structures anatomiques.,a
76,OIC-047-16-A,Quelle est la numérotation utilisée pour identifier les dents chez l'enfant dans le cadre du suivi médical?,"Cette question évalue la connaissance de la numérotation dentaire internationale, un élément fondamental pour le suivi des dents chez l'enfant. Piège possible : confondre avec d'autres systèmes de numérotation.",Le système de numérotation FDI (Fédération dentaire internationale),Correcte. Le système FDI est le standard international pour identifier les dents chez l'enfant et l'adulte.,La numérotation de Palmer,Incorrecte. Cette méthode est utilisée principalement pour l'éducation dentaire et non pour le suivi médical standard.,Le système de numérotation universel (0-28),Incorrecte. Ce système est utilisé en Amérique du Nord mais ne correspond pas à la numérotation internationale.,La numérotation par lettres (A-Z),Incorrecte. Cette méthode n'est pas utilisée dans les pratiques médicales standardisées.,a
77,OIC-047-19-B,Quel est l'examen médical obligatoire pour un nourrisson à l'âge de 9 mois?,Cette question évalue la connaissance des examens médicaux obligatoires du nourrisson et de l'enfant (objectif Rang A). Elle teste la capacité à identifier les contrôles réglementaires requis à un âge précis.,Contrôle de la mobilité articulaire des membres inférieurs,"Incorrect. Le contrôle de la mobilité articulaire n'est pas un examen obligatoire à 9 mois, mais une partie du dépistage de la luxation de la hanche.",Examen de la numérotation dentaire internationale,"Incorrect. La numérotation dentaire est un savoir théorique (Rang A), mais non un examen obligatoire à cet âge.",Contrôle de la vision et de l'audition,"Incorrect. Le dépistage visuel et auditif est systématique, mais pas spécifiquement obligatoire à 9 mois selon les recommandations.",Contrôle de la croissance et du développement neurologique,"Correct. Le suivi obligatoire à 9 mois inclut l'évaluation de la croissance, du développement moteur et neurologique, conformément aux examens médicaux obligatoires.",d
78,OIC-047-23-B,Quelle est la liste des formes cliniques de la luxation congénitale de hanche?,"Cette question évalue la connaissance des formes cliniques de la luxation congénitale de hanche, un objectif de Rang A. Le piège réside dans la confusion avec d'autres termes non mentionnés dans le contenu.","Hanche Luxée, Hanche Luxable, Subluxation",Correcte. Ces trois formes cliniques sont explicitement mentionnées dans le contenu source.,"Luxation aiguë, Luxation chronique, Subluxation",Incorrecte. « Luxation aiguë » et « Luxation chronique » ne sont pas des formes cliniques reconnues dans le contenu.,"Luxation congénitale, Luxation acquise, Subluxation","Incorrecte. « Luxation congénitale » est une désignation globale, pas une forme clinique spécifique. « Luxation acquise » n'est pas mentionnée.","Luxation de la hanche, Luxation de la cuisse, Subluxation",Incorrecte. « Luxation de la cuisse » n'est pas une forme clinique de la luxation congénitale de hanche.,a
79,OIC-047-26-B,Quelle est la modalité de diagnostic des anomalies d'axe des membres inférieurs chez l'enfant?,"Cette question évalue la connaissance des modalités de diagnostic des anomalies d'axe des membres inférieurs, en mettant en évidence la distinction entre les anomalies physiologiques et pathologiques.",Examen clinique avec mesure de l'angle de valgus et varum à l'âge de 3 ans,"Incorrect. La mesure de l'angle n'est pas une modalité de diagnostic, mais une observation clinique secondaire.",Imagerie radiologique systématique à partir de 6 mois,"Incorrect. L'imagerie est indiquée uniquement en cas de suspicion de pathologie, pas systématiquement.",Évaluation de la rotation interne des membres inférieurs chez le nourrisson,Incorrect. La rotation interne est physiologique jusqu'à 7 ans et ne constitue pas un diagnostic à proprement parler.,Examen clinique de l'axe des membres inférieurs avec observation de la torsion et des angles de valgus/varum,"Correct. L'examen clinique systématique est la modalité principale de diagnostic, incluant l'observation des anomalies physiologiques et pathologiques.",d
80,OIC-047-31-B,Quel examen médical est obligatoire lors du suivi systématique d'un enfant?,Cette question évalue la connaissance des examens médicaux obligatoires pour le suivi des enfants. Piège courant : confondre les examens recommandés avec ceux obligatoires.,Test de la vision à l'âge de 3 mois,Incorrect. Le dépistage visuel est recommandé mais non obligatoire avant 1 an.,Prise de sang pour dépister l'anémie chez le nourrisson,Incorrect. La prise de sang pour anémie n'est pas un examen obligatoire systématique.,Examen auditif à l'âge de 9 mois,Incorrect. Le dépistage auditif est recommandé mais non obligatoire avant 1 an.,"Vaccination contre la diphtérie, le tétanos et la poliomyélite à 2, 4 et 12 mois",Correct. Les vaccinations DTP sont des examens obligatoires du suivi systématique.,d
81,OIC-047-35-A,Quelle est la liste des éléments constitutifs du carnet de santé selon le contenu fourni?,Cette question évalue la connaissance des composants essentiels du carnet de santé. Un piège courant est de confondre les éléments obligatoires avec des informations complémentaires non mentionnées.,"Antécédents personnels/familiaux, données néonatales, croissance, santé bucco-dentaire, hospitalisations, vaccinations, conseils de parentalité",Correcte : Recopie exactement les éléments clés du carnet de santé mentionnés dans le contenu source.,"Antécédents médicaux, historique des maladies, résultats d'imagerie, bilans sanguins","Incorrecte : Ces éléments sont mentionnés comme des données à noter dans le carnet, mais ne constituent pas les composants principaux définis dans le contenu.","Prise de poids, taille, IMC, courbes de croissance, examens de laboratoire","Incorrecte : Ces données relèvent des éléments de suivi, non des composants structurants du carnet de santé.","Résultats d'examens radiologiques, prescriptions médicales, historique des allergies","Incorrecte : Ces informations sont des données à consigner, mais ne définissent pas les éléments constitutifs du carnet de santé.",a
82,OIC-047-41-A,Quelle est une mesure de prévention des accidents chez l'enfant selon les recommandations professionnelles?,"La question évalue la connaissance des moyens de prévention des accidents chez l'enfant, un objectif de Rang A. Un piège courant est de confondre ces mesures avec des actions liées à la santé globale (ex. vaccinations).","Adopter des normes de sécurité domestique (ex. barrières de sécurité, rangement des produits toxiques hors de portée)",Correcte. Cela correspond aux mesures d'adaptation de l'environnement mentionnées dans le contenu source.,Préconiser l'utilisation de vaccins pour prévenir les accidents infectieux,"Incorrecte. La prévention des accidents n'est pas liée aux vaccinations, qui relèvent d'une autre catégorie de mesures sanitaires.",Encourager l'utilisation de ceintures de sécurité dans les jeux de rôle,"Incorrecte. Les ceintures de sécurité sont pertinentes pour les transports, mais non spécifiquement mentionnées comme mesure de prévention dans le contenu.",Organiser des bilans de santé annuels pour détecter les troubles neurologiques,Incorrecte. Les bilans de santé annuels relèvent de la médecine scolaire et ne sont pas directement liés à la prévention des accidents.,a
83,OIC-048-03-A,Quelle est la méthode recommandée pour l'alimentation lactée exclusive?,"Cette question évalue la compréhension de la pratique de l'alimentation lactée exclusive. Un piège courant est de croire que les volumes doivent être fixes, alors qu'ils sont adaptés à l'appétit de l'enfant.",Alimenter le nourrisson à la demande,Correcte. L'alimentation lactée exclusive doit être à la demande pour répondre aux besoins individuels de l'enfant.,Utiliser des préparations lactées avec 1 cuillère-mesure dans 30 ml d'eau,"Incorrecte. Cette méthode concerne la préparation des formules, pas l'alimentation lactée exclusive.",Stériliser le biberon entre chaque prise,Incorrecte. Le stérilisation n'est pas nécessaire entre chaque prise selon les recommandations.,Donner des volumes fixes quotidiens,Incorrecte. Les volumes sont indicatifs et adaptés à l'appétit variable de l'enfant.,a
84,OIC-049-04-B,Quelle est une donnée clinique orientant vers une puberté précoce chez une fille?,"Cette question évalue la capacité à identifier les signes cliniques de puberté précoce, notamment les stades de Tanner, qui sont des éléments clés de l'examen clinique.",Présence d'un thélarche à stade S3 à 8 ans,"Correcte. Le thélarche à stade S3 à 8 ans est un signe de puberté précoce, car la puberté normale chez la fille commence généralement après 10 ans.",Présence d'un pubarche à stade P4 à 12 ans,"Incorrecte. Le pubarche à stade P4 à 12 ans est dans la norme, car la puberté normale commence généralement vers 11-12 ans.",Présence d'un ménarche à stade S5 à 14 ans,"Incorrecte. Le ménarche à 14 ans est dans la norme, car la puberté normale chez la fille se termine généralement vers 13-15 ans.",Présence d'un thélarche à stade S1 à 10 ans,"Incorrecte. Le thélarche à stade S1 à 10 ans est un signe de retard pubertaire, non de précocité.",a
85,OIC-049-05-B,Quelle est la donnée clinique orientant vers une puberté précoce chez l'enfant?,"Cette question évalue la capacité à identifier les signes cliniques de la puberté précoce, un objectif de Rang A. Le piège réside dans la confusion avec les signes de retard pubertaire.",Apparition précoce de la pubarche avant l'âge de 8 ans chez la fille,Correcte. La pubarche précoce est un signe clé de puberté précoce chez la fille.,Retard de la ménarche après 16 ans chez la fille,"Incorrecte. Cela correspond à un retard pubertaire, non à une puberté précoce.",Croissance osseuse normale avec un pic de croissance à 14 ans,Incorrecte. Un pic de croissance à 14 ans est dans la norme pour la puberté tardive.,Développement des seins à 12 ans chez un garçon,"Incorrecte. La thélarche chez un garçon est un signe de puberté précoce masculine, mais la question porte sur les données cliniques générales.",a
86,OIC-049-10-A,Quelles données sont recueillies lors de l'interrogatoire et de l'examen clinique pour orienter vers une puberté précoce?,"Cette question évalue la capacité à identifier les données cliniques essentielles pour suspecter une puberté précoce. Un piège courant est de confondre ces données avec les examens complémentaires (radiographies, bilans hormonaux).","Âge de la ménarche de la mère, taille cible génétique, antécédents familiaux de puberté précoce, signes d'hyperandrogénie et vitesse de croissance","Correcte. Ces éléments correspondent aux données clés mentionnées dans le contenu source (âge des parents, taille génétique, antécédents, signes cliniques et courbe de croissance).","Résultats d'une radiographie de la main, taux de testostérone sérique, âge osseux, bilan hormonal","Incorrecte. Ces données relèvent du bilan biologique et de l'imagerie, non de l'interrogatoire ou de l'examen clinique initial.","Présence de taches cutanées, signes de pubarche, âge de la ménarche de la sœur, antécédents d'adoption","Incorrecte. Bien que certains éléments (taches cutanées, pubarche) soient cliniques, l'âge de la ménarche de la sœur et les antécédents d'adoption relèvent de l'interrogatoire, mais la réponse incomplète manque de données essentielles.","Signes d'HTIC, antécédents de traumatisme crânien, âge de la puberté des frères, courbe de croissance","Incorrecte. Les antécédents de traumatisme crânien ne sont pas mentionnés dans le contenu, et la courbe de croissance est une analyse, non une donnée recueillie directement.",a
87,OIC-049-12-B,Quelle est une caractéristique clinique de la puberté précoce?,La question évalue la connaissance des données cliniques orientant vers la puberté précoce (objectif Rang A). Le piège réside dans la confusion entre les données épidémiologiques et les signes cliniques.,La puberté précoce est plus fréquente chez les garçons que chez les filles,Incorrect. La puberté précoce est plus fréquente chez les filles (1000 cas/an vs 100 cas/an chez les garçons).,La puberté précoce est toujours associée à une cause organique,Incorrect. Elle est le plus souvent idiopathique chez les filles et organique chez les garçons.,La puberté précoce se manifeste par un retard de croissance,"Incorrect. Elle se caractérise par une survenue précoce des signes sexuels, non un retard de croissance.",La puberté précoce est plus fréquente chez les filles que chez les garçons,Correct. Les données épidémiologiques indiquent une prévalence 10 fois plus élevée chez les filles.,d
88,OIC-049-13-B,Quelle est la classification des causes principales de la puberté précoces?,"Cette question évalue la connaissance des grands cadres étiologiques des pubertés précoces, un objectif de Rang A. Le piège courant est de confondre les catégories exogènes et génétiques avec les autres origines.","Origines hypothalamo-hypophysaire, ovariennes, surrénaliennes et exogènes/environnementales","Correcte. C'est la classification officielle des causes principales de la puberté précoces, conforme aux données étiologiques fournies.","Origines hypothalamo-hypophysaire, génétiques, surrénaliennes et exogènes","Incorrecte. La catégorie génétique n'est pas mentionnée comme une origine principale dans le contenu, contrairement à l'exogène/environnementale.","Origines hypothalamo-hypophysaire, ovariennes, génétiques et exogènes","Incorrecte. La catégorie génétique est absente du cadre étiologique principal, alors que l'exogène/environnementale est incluse.","Origines hypothalamo-hypophysaire, ovariennes, surrénaliennes et génétiques","Incorrecte. La catégorie génétique n'est pas reconnue comme une origine principale, contrairement à l'exogène/environnementale.",a
89,OIC-049-14-B,Quelle est une donnée clinique orientant vers une puberté précoce?,Cette question évalue la capacité à identifier les signes cliniques typiques de la puberté précoce. Un piège courant est de confondre les signes normaux de développement avec des anomalies.,Développement mammaire chez une fille avant l'âge de 8 ans,Correcte. Le thélarque précoce (développement mammaire) avant 8 ans est un signe clé de puberté précoce chez la fille.,Courbe de croissance normale avec pic de croissance osseuse à 12 ans,Incorrecte. Une courbe normale et un pic osseux à 12 ans correspondent à un développement pubertaire normal.,Retard de puberté avec absence de signes sexuels à 14 ans,"Incorrecte. Cela correspond à un retard pubertaire, non à une puberté précoce.",Augmentation de la taille des testicules à 14 ans chez un garçon,Incorrecte. L'adrénarche (développement des poils pubiens) à 14 ans est normale chez un adolescent.,a
90,OIC-049-15-B,Quel est l'objectif de l'échographie pelvienne et de la radiographie de la main et du poignet dans une puberté pathologique?,"Cette question évalue la compréhension de l'objectif des examens d'imagerie dans les troubles de la puberté, un objectif de Rang A. Un piège courant est de confondre ces examens avec d'autres investigations (ex. échographie abdominale ou radiographie thoracique).",Évaluer l'âge osseux et la maturation osseuse,"Correcte. La radiographie de la main et du poignet permet d'apprécier l'âge osseux, un marqueur clé de la puberté. L'échographie pelvienne évalue la maturation gonadique.",Identifier une fracture osseuse,Incorrecte. Les fractures osseuses ne sont pas l'objectif principal de ces examens dans le cadre de la puberté pathologique.,Surveiller la vitesse de croissance,"Incorrecte. La vitesse de croissance est évaluée via la courbe de croissance, non par ces examens d'imagerie.",Évaluer la fonction thyroïdienne,"Incorrecte. La fonction thyroïdienne est investiguée par des dosages sanguins spécifiques, non par ces examens d'imagerie.",a
91,OIC-049-17-A,Quelle est une donnée recueillie lors de l'interrogatoire et de l'examen clinique en faveur d'un retard pubertaire?,Cette question évalue la connaissance des données cliniques essentielles pour suspecter un retard pubertaire. Un piège courant est de confondre les données d'interrogatoire (comme l'âge des parents) avec celles de l'examen (comme les stades de Tanner).,Âges pubertaires des parents et de la fratrie,Correcte. L'âge de la puberté des parents et de la fratrie est une donnée clé de l'interrogatoire pour évaluer le retard pubertaire.,Taille cible génétique calculée à partir des tailles parentales,"Incorrecte. La taille cible génétique est une estimation, mais elle n'est pas une donnée directe de l'interrogatoire ou de l'examen clinique.",Signes visuels ou signes d'HTIC,"Incorrecte. Ces signes sont évoqués dans l'examen clinique, mais ne constituent pas une donnée principale de l'interrogatoire.",Vitesse de croissance et IMC (courbe),"Incorrecte. Ces éléments sont analysés via la courbe de croissance, mais ne sont pas des données recueillies directement lors de l'interrogatoire.",a
92,OIC-049-20-B,Quelle caractéristique est typique d'une courbe de croissance associée à une puberté précoces?,"Évalue la capacité à interpréter une courbe de croissance dans le contexte de la puberté pathologique, un objectif de Rang A. Piège : confondre avec la puberté normale ou le retard pubertaire.",Accélération de la vitesse de croissance avant l'âge de 8 ans chez la fille,"Correcte. La courbe montre une accélération prématurée de la croissance, typique de la puberté précoces.",Retard de croissance associé à un âge osseux retardé,"Incorrecte. Ce profil correspond au retard pubertaire, non à la précocité.",Croissance linéaire normale avec survenue normale des premières règles,Incorrecte. La puberté normale ne présente pas d'accélération prématurée.,Diminution progressive de la vitesse de croissance après 12 ans,"Incorrecte. Ce signe évoque un retard ou une puberté avancée, non précoces.",a
93,OIC-049-22-B,"Quelle est la définition correcte des termes pubarche, thélarche et ménarche?","Cette question évalue la capacité à définir les termes clés du développement pubertaire, un objectif de Rang A. Le piège courant est de confondre les stades de maturation sexuelle.",Pubarche : apparition des poils pubiens ; thélarche : développement des seins ; ménarche : première menstruation,Correcte. Ces définitions correspondent aux trois stades majeurs de la puberté féminine.,Pubarche : croissance osseuse ; thélarche : augmentation de la taille ; ménarche : déclenchement de la puberté,Incorrecte. Les termes correspondent à des phénomènes physiologiques distincts et non aux stades de maturation sexuelle.,Pubarche : déclenchement de la puberté ; thélarche : apparition des poils pubiens ; ménarche : développement des seins,"Incorrecte. Les termes sont mélangés : le pubarche est lié aux poils pubiens, le thélarche aux seins, et la ménarche à la menstruation.",Pubarche : augmentation de la taille ; thélarche : déclenchement de la puberté ; ménarche : première menstruation,Incorrecte. L'ordre et les associations des termes sont erronés par rapport aux stades de maturation sexuelle.,a
94,OIC-050-05-B,Quelle est la cause la plus fréquente d'une hémorragie génitale pendant les suites de couches?,"Cette question évalue la capacité à identifier l'étiologie d'une hémorragie génitale post-partum, un objectif de Rang A. Le piège courant est de confondre les causes de saignement avec des pathologies non post-partum.",Atrophie utérine secondaire à une dégradation des tissus myométriques,"Incorrect. L'atrophie utérine est une conséquence de l'effacement des tissus, mais non une cause directe d'hémorragie.",Hémorragie liée à une insuffisance plaquettaire,"Incorrect. Bien que possible, l'insuffisance plaquettaire est une cause moins fréquente que l'atony utérine.",Atony utérine due à une dégradation des tissus myométriques,"Correct. L'atony utérine est la cause la plus fréquente d'hémorragie post-partum, liée à la dégradation des tissus myométriques.",Saignement lié à une infection génitale,"Incorrect. Les infections génitales peuvent causer des saignements, mais sont moins fréquentes que l'atony utérine.",c
95,OIC-051-06-A,Quel examen médical est obligatoire lors du suivi systématique d'un nourrisson?,"Cette question évalue la connaissance des examens médicaux obligatoires, un objectif de Rang A. Elle évite les détails sur l'énurésie, qui relèvent d'un item distinct.",Examen de la mobilité des articulations des membres inférieurs,"Incorrect. L'examen des articulations n'est pas un examen obligatoire, mais une partie du dépistage de la luxation de la hanche.",Prise de sang pour la détection de la rubéole,"Incorrect. La rubéole est dépistée via un test sanguin spécifique, mais non obligatoire à chaque suivi.",Évaluation de la capacité vésicale fonctionnelle,"Incorrect. Cet examen est spécifique à l'énurésie, hors périmètre de l'item.","Vaccination contre la diphtérie, le tétanos et la poliomyélite (DTP)",Correct. La vaccination DTP est un examen médical obligatoire à chaque suivi systématique du nourrisson.,d
96,OIC-056-07-B,Quelle est la liste des principales typologies de handicap chez l'enfant en France?,Cette question évalue la connaissance de la typologie du handicap de l'enfant (objectif Rang A). Le piège courant est de confondre les catégories de handicap avec les causes ou les manifestations spécifiques.,"Handicap moteur, sensoriel, esthétique, cognitif, mental, psychique",Correcte : correspond exactement aux typologies évoquées dans le contenu source.,"Handicap visuel, auditif, moteur, cognitif","Incorrecte : omet des typologies clés (sensoriel, esthétique, mental, psychique) et inclut des sous-catégories de sensoriel.","Handicap neurologique, psychique, sensoriel, moteur",Incorrecte : fusionne des catégories (ex. neurologique) et manque de précision sur les typologies spécifiques.,"Handicap scolaire, social, physique, mental","Incorrecte : utilise des termes non alignés avec la typologie officielle (ex. scolaire, social) et manque de cohérence.",a
97,OIC-070-04-B,Quelle est la spécificité de la sémiologie des troubles psychiatriques du sujet âgé?,"Cette question évalue la connaissance des spécificités sémiologiques (signes et symptômes cliniques) des troubles psychiatriques chez le sujet âgé, un objectif de Rang A. Un piège courant serait de confondre les facteurs de risque avec les manifestations cliniques.",La fréquence des comportements suicidaires est plus élevée que chez le jeune adulte,"Incorrect. Ce point relève des facteurs de risque et de l'évolution des troubles, non de la sémiologie proprement dite.",Les troubles de l'humeur sont associés à une augmentation du risque de démence,"Incorrect. Cette association est une conséquence clinique (comorbidité), pas une spécificité sémiologique.",Les troubles psychotiques se manifestent principalement par des hallucinations auditives,"Incorrect. Les manifestations sémiologiques des troubles psychotiques chez le sujet âgé peuvent être atypiques (ex. hallucinations visuelles, délires de grandeur).",La sémiologie inclut des manifestations comportementales spécifiques comme les agressivités ou les apathies,"Correct. La sémiologie des troubles psychiatriques du sujet âgé intègre des symptômes psycho-comportementaux (agressivité, apathie, confusion) qui diffèrent des manifestations classiques chez l'adulte.",d
98,OIC-070-05-A,Quelle est une spécificité sémiologique des troubles psychiatriques du sujet âgé?,"La question évalue la capacité à identifier les manifestations cliniques distinctives des troubles psychiatriques chez les personnes âgées, en particulier les symptômes non psychiatriques associés à la dépression atypique.","Présence de plaintes physiques non spécifiques (douleurs, troubles du sommeil, troubles cognitifs) dans le cadre d'une dépression atypique","Correcte : C'est une spécificité sémiologique majeure des troubles psychiatriques du sujet âgé, illustrée par les symptômes non psychiatriques associés à la dépression atypique.",Dominance d'hallucinations auditives et de delirium de persécution dans la schizophrénie tardive,"Incorrecte : Bien que mentionnée, cette spécificité concerne une sous-catégorie (schizophrénie tardive) et non la sémiologie globale des troubles psychiatriques du sujet âgé.",Manifestations anxieuses secondaires à l'usage de médicaments chez les personnes âgées,Incorrecte : Cela relève des effets iatrogènes plutôt que des spécificités sémiologiques des troubles psychiatriques eux-mêmes.,Critères diagnostiques identiques aux troubles psychiatriques de l'adulte jeune pour les troubles bipolaires,"Incorrecte : Les critères diagnostiques sont les mêmes, mais cela ne constitue pas une spécificité sémiologique liée à l'âge.",a
99,OIC-070-06-A,Quelle liste inclut correctement les symptômes psycho-comportementaux classiques chez le sujet âgé dément?,Cette question évalue la connaissance de la sémiologie des symptômes psycho-comportementaux (SPCP) chez le sujet âgé dément. Un piège courant est de confondre les symptômes typiques des démences avec ceux des troubles psychotiques.,"Idées délirantes, hallucinations visuelles, symptômes dépressifs, apathie, symptômes anxieux, euphorie, agitation, agressivité, inversion du rythme nycthéméral","Correcte : Cette option recense tous les symptômes mentionnés dans le contenu (idées délirantes, hallucinations visuelles, symptômes dépressifs, apathie, symptômes anxieux, euphorie, agitation, agressivité, inversion du rythme nycthéméral).","Idées délirantes, hallucinations visuelles, symptômes dépressifs, apathie, symptômes anxieux, euphorie","Incorrecte : Cette option omit les symptômes d'agitation, d'agressivité et d'inversion du rythme nycthéméral, qui sont explicitement mentionnés comme classiques dans le contenu.","Idées délirantes, hallucinations visuelles, symptômes dépressifs, apathie, symptômes anxieux, euphorie, inversion du rythme nycthéméral","Incorrecte : Cette option omit les symptômes d'agitation et d'agressivité, qui sont explicitement mentionnés comme classiques dans le contenu.","Idées délirantes, hallucinations visuelles, symptômes dépressifs, apathie, symptômes anxieux, euphorie, agitation","Incorrecte : Cette option omit l'agressivité et l'inversion du rythme nycthéméral, qui sont explicitement mentionnés comme classiques dans le contenu.",a
100,OIC-070-10-B,Quelle est la spécificité du maniement des anxiolytiques et hypnotiques chez le sujet âgé?,"Cette question évalue la connaissance des règles de prescription spécifiques aux anxiolytiques et hypnotiques chez le sujet âgé, en mettant en évidence le risque d'iatrogénie et la nécessité de prudence.",Privilégier les anxiolytiques à faible potentiel de dépendance et commencer à la moitié de la dose de l'adulte jeune,Correcte : Correspond aux recommandations de début à demi-dose et à l'usage limité des anxiolytiques à risque de dépendance.,Préférer les antipsychotiques à large spectre pour les troubles anxieux,Incorrecte : Les antipsychotiques ne sont pas recommandés en première ligne pour les troubles anxieux chez le sujet âgé.,Associer plusieurs anxiolytiques pour optimiser l'effet,Incorrecte : Les associations de psychotropes sont à éviter pour limiter les risques d'effets indésirables.,Utiliser les benzodiazépines à long terme sans surveillance,Incorrecte : Les benzodiazépines nécessitent une surveillance étroite et une durée limitée en raison des risques de dépendance et de chute.,a
101,OIC-073-05-B,Quelle est la définition du terme psychothérapie?,"Cette question évalue la capacité à identifier la définition centrale du terme psychothérapie, en distinguant clairement les éléments constitutifs de la pratique thérapeutique.",Technique thérapeutique utilisant des procédés psychiques,Correcte. C'est la définition précise du terme psychothérapie selon le contenu fourni.,Relation de qualité psychothérapeute/patient,"Incorrecte. C'est un principe commun à toutes les psychothérapies, non la définition du terme.",Durée et limites de l'intervention,"Incorrecte. Cela relève du cadre thérapeutique, un élément des principes communs, pas de la définition.",Apprentissage comportemental et affectif,"Incorrecte. C'est un processus d'intervention, non la définition du terme psychothérapie.",a
102,OIC-073-09-B,Quelle est une des principales formes de psychothérapie mentionnée dans le tableau croisé des indications?,La question évalue l'objectif Rang A « Connaître les principaux courants psychothérapeutiques » en demandant d'identifier une approche psychothérapeutique spécifique. Le piège réside dans la confusion entre les indications et les courants thérapeutiques.,Thérapie cognitivo-comportementale,Correcte. La thérapie cognitivo-comportementale est explicitement mentionnée comme un courant principal dans le tableau croisé.,Éducation thérapeutique,"Incorrecte. L’éducation thérapeutique est décrite comme une indication, non un courant psychothérapeutique principal.",Psychothérapie de soutien,"Incorrecte. Bien que mentionnée, la psychothérapie de soutien est classée comme une indication générale, non un courant spécifique.",Remédiation cognitive,"Incorrecte. La remédiation cognitive est associée à des troubles cognitifs, non à un courant psychothérapeutique principal.",a
103,OIC-074-12-A,Quelle affirmation décrit correctement le rapport bénéfice/risque des anxiolytiques selon les informations fournies?,La question évalue la capacité à identifier le rapport bénéfice/risque à partir des données sur les effets et risques des anxiolytiques. Un piège courant est de confondre les effets retardés des azapirones avec ceux des benzodiazépines.,Les benzodiazépines présentent un effet rapide mais un risque accru de dépendance et de tolérance,"Correcte. Cela reflète le bénéfice (efficacité rapide) et le risque (dépendance, tolérance) des benzodiazépines.",Les azapirones ont une action immédiate et un risque faible de dépendance,"Incorrecte. Les azapirones ont une action retardée et un risque de dépendance faible, contrairement à cette affirmation.",Les antihistaminiques H1 sont associés à un bénéfice modéré et des effets secondaires anticholinergiques,Correcte. Cela décrit le bénéfice (anxiolyse modérée) et le risque (effets secondaires) des antihistaminiques H1.,Les β-bloqueurs sont sans risque et offrent une anxiolyse immédiate,"Incorrecte. Les β-bloqueurs agissent sur les symptômes somatiques et ne sont pas sans risque, contrairement à cette affirmation.",a
104,OIC-074-15-A,Quelle information est essentielle pour évaluer le rapport bénéfice/risque d'un anxiolytique selon le contenu fourni?,La question évalue la capacité à identifier les facteurs clés du rapport bénéfice/risque à partir des effets indésirables et interactions médicamenteuses décrits.,L'absence d'interactions avec les antihistaminiques,Incorrect. Les antihistaminiques sont mentionnés comme à éviter en association avec d'autres anticholinergiques.,La potentialisation des effets sédatifs par les dépresseurs du SNC,Correct. Cet effet est explicitement décrit comme un risque majeur dans le cadre des benzodiazépines.,L'absence de réactions allergiques graves,Incorrect. Les réactions allergiques sont mentionnées comme possibles pour tous les anxiolytiques.,L'efficacité à long terme des azapirones,"Incorrect. Les azapirones sont décrites comme ayant des effets secondaires initiaux, sans information sur leur efficacité à long terme.",b
105,OIC-075-02-A,Quelle est la méthode principale d'évaluation de la dépendance au tabac?,"La question évalue la connaissance des outils d'évaluation de la dépendance au tabac, notamment le Test de Fagerström. Le piège courant est de confondre les critères CIM-10 avec les méthodes d'évaluation.",Le Test de Fagerström (6 questions sur le comportement tabagique),Correcte. Le Test de Fagerström est explicitement mentionné comme outil d'évaluation dans le contenu source.,La mesure de la tolérance à la nicotine par analyse sanguine,"Incorrecte. La tolérance est un critère CIM-10, mais non une méthode d'évaluation standardisée.",L'analyse des symptômes de sevrage sur 24 heures,"Incorrecte. Les symptômes de sevrage sont des critères de dépendance, pas une méthode d'évaluation.",L'interrogatoire sur les antécédents familiaux de tabagisme,Incorrecte. Les antécédents familiaux ne constituent pas un outil d'évaluation directe de la dépendance.,a
106,OIC-075-03-B,Quelle est une forme de consommation du tabac?,"La question évalue la connaissance des modes de consommation du tabac (objectif Rang A). Les cigarettes électroniques sont une forme de consommation, mais il faut distinguer les modes de consommation du tabac traditionnel.",Fumer des cigarettes classiques,Correcte. Les cigarettes classiques sont un mode de consommation du tabac.,Utiliser des cigarettes électroniques,"Incorrecte. Bien que les cigarettes électroniques soient des produits de consommation, elles ne sont pas considérées comme des modes de consommation du tabac traditionnel.",Consommer des cigarettes à filtre,Correcte. Les cigarettes à filtre sont un mode de consommation du tabac.,Fumer des cigarettes à base de plantes aromatisées,Incorrecte. Les cigarettes à base de plantes aromatisées ne sont pas classées comme des modes de consommation du tabac.,a
107,OIC-075-05-B,Quelle est la combinaison des mécanismes d'atteinte artérielle liés au tabagisme?,"Cette question évalue la compréhension des mécanismes physiopathologiques de l'atteinte artérielle par le tabagisme, un objectif de Rang A. Le piège réside dans la confusion entre thrombose artérielle et veineuse.","Thrombogénicité, vasomotricité, inflammation",Correcte. Ces trois mécanismes sont explicitement mentionnés dans le contenu source.,"Inflammation, dysfonction endothéliale, thrombose veineuse",Incorrecte. La thrombose veineuse est exclue dans le contenu (seule la thrombose artérielle est mentionnée).,"Dysfonction endothéliale, agrégation plaquettaire, hypotension artérielle",Incorrecte. L'hypotension artérielle n'est pas évoquée dans le contenu source.,"Vasomotricité, hypoxie tissulaire, fibrose pulmonaire",Incorrecte. La fibrose pulmonaire et l'hypoxie tissulaire ne sont pas des mécanismes d'atteinte artérielle directe.,a
108,OIC-075-06-A,Quelle affirmation correspond aux données sur la mortalité liée au tabac en France et à l'échelle mondiale?,"La question évalue la connaissance des chiffres de mortalité liée au tabac, en mettant en évidence le piège de confondre les taux de prévalence et les taux de mortalité.",Le tabagisme est la première cause de décès évitable en France avec 75 000 décès annuels et responsable d'un décès sur dix à l'échelle mondiale,Correcte : Recouvre les deux données clés (75 000 décès annuels en France et 10 % de mortalité mondiale),"30,4 % des personnes âgées de 18 à 75 ans fument et le tabagisme cause 10 % des décès mondiaux","Incorrecte : Confond les taux de prévalence (30,4 %) et les taux de mortalité (10 %) sans mentionner la France",La durée de l'intoxication tabagique double le risque de cancer et l'âge moyen de début est de 14 ans,"Incorrecte : Mélange données sur le risque de cancer et l'âge de début, sans aborder la mortalité","Le tabagisme touche 34,6 % des hommes et 26,5 % des femmes avec une mortalité de 10 % en France",Incorrecte : Inverse les données de mortalité (10 % mondiale vs 75 000 décès annuels en France),a
109,OIC-075-08-A,Quelle est la proportion de fumeurs parmi les hommes et les femmes en France (18-75 ans) selon les données de 2019?,"Cette question évalue la connaissance des disparités sexuelles dans l'épidémiologie du tabagisme, un objectif clé de l'item. Le piège réside dans la confusion entre les pourcentages globaux et les taux par sexe.","34,6% des hommes et 26,5% des femmes déclarent fumer","Correcte. Correspond exactement aux données fournies (34,6% hommes vs 26,5% femmes).","26,5% des hommes et 34,6% des femmes déclarent fumer",Incorrecte. Inverse les pourcentages par sexe (confond hommes/femmes).,"30,4% des hommes et 30,4% des femmes déclarent fumer",Incorrecte. Utilise le taux global au lieu des taux spécifiques par sexe.,"34,6% des hommes et 34,6% des femmes déclarent fumer","Incorrecte. Ignore la différence de prévalence entre les sexes (26,5% femmes).",a
110,OIC-075-10-A,Quelle affirmation correspond à l'épidémiologie du tabagisme chez la femme enceinte?,"La question évalue la connaissance de l'épidémiologie spécifique du tabagisme en grossesse, en mettant l'accent sur la prévalence et les facteurs socio-démographiques associés.","La moitié des femmes enceintes continuent le tabagisme pendant la grossesse, principalement chez les jeunes et les moins diplômées",Correcte. Cite précisément les données clés du contenu source sur la prévalence et les facteurs socio-démographiques.,"Près de 70 % des femmes enceintes fument durant la grossesse, surtout chez les femmes âgées de plus de 35 ans",Incorrecte. La proportion mentionnée est fausse et les facteurs socio-démographiques inversés par rapport aux données sources.,Le tabagisme en grossesse touche exclusivement les femmes de moins de 25 ans,Incorrecte. Exclut les femmes plus âgées et sous-estime la prévalence réelle.,"Seules 10 % des femmes enceintes continuent de fumer, principalement chez les diplômées",Incorrecte. La proportion est fausse et les facteurs socio-démographiques inversés par rapport aux données sources.,a
111,OIC-075-12-A,Quel est l'ordre de grandeur du nombre de cas de cancer liés au tabac dans le monde?,"Cette question évalue la connaissance de l'impact épidémiologique du tabagisme sur les cancers, en mettant en évidence le risque global et la proportion de cancers attribuables au tabac. Un piège courant est de confondre la proportion de cancers pulmonaires (80 %) avec l'impact global (25 %).",25 % de l'ensemble des cancers,"Correcte. Le tabac est responsable de 25 % de tous les cancers, selon les données épidémiologiques.",30 % des cancers pulmonaires,"Incorrecte. Les cancers pulmonaires représentent 80 % des décès liés au tabac, non 30 % de l'ensemble des cancers.",40 % des cancers de la vessie,"Incorrecte. Les cancers de la vessie sont une fraction des cancers liés au tabac, mais ne représentent pas 40 % de l'ensemble.",50 % des cancers digestifs,"Incorrecte. Les cancers digestifs liés au tabac sont une partie limitée des cancers, pas la moitié de l'ensemble.",a
112,OIC-075-14-A,Quel est le nombre annuel de décès liés au tabagisme actif en France?,"Cette question évalue la connaissance de la mortalité liée au tabagisme actif, un objectif clé de l'item. Un piège courant pourrait être de confondre ces chiffres avec ceux liés à d'autres causes de mortalité.",75 000 décès par an en France,Correcte. Le texte source indique explicitement que le tabac est la première cause de décès évitable en France avec 75 000 décès annuels.,50 000 décès par an en France,"Incorrecte. Le chiffre mentionné dans le contenu source est de 75 000 décès, non 50 000.",100 000 décès par an en France,"Incorrecte. Le chiffre source est de 75 000 décès, ce qui rend cette option trop élevé.",25 000 décès par an en France,"Incorrecte. Le chiffre source est de 75 000 décès, ce qui rend cette option trop faible.",a
113,OIC-075-15-A,Quelle est la principale contribution du tabagisme à la mortalité cardiovasculaire?,"Cette question évalue la connaissance de l'impact spécifique du tabagisme sur la mortalité cardiovasculaire, en mettant l'accent sur la prévalence et la gravité des risques associés.",Le tabac est la première cause de mortalité cardiovasculaire évitable,Correcte. Cette affirmation correspond directement à la description du contenu source qui identifie le tabagisme comme la première cause évitable de mortalité cardiovasculaire.,Le tabagisme est responsable de 80 % des cancers pulmonaires,"Incorrecte. Bien que le tabagisme soit lié aux cancers, cette proportion concerne spécifiquement les cancers pulmonaires et non l'impact cardiovasculaire.",La nicotine est le principal facteur de risque pour l'hypertension artérielle,"Incorrecte. Le Monoxyde de Carbone est explicitement mentionné comme responsable des troubles cardiovasculaires, non la nicotine.",Le tabagisme passif réduit le risque d'accident vasculaire cérébral,"Incorrecte. Le contenu source indique que l'intoxication passive est responsable de cardiopathies ischémiques, sans établir de réduction de risque.",a
114,OIC-075-19-A,Quelle méthode est utilisée pour évaluer la consommation de tabac chez un patient?,"La question évalue la capacité à identifier la méthode standardisée de dépistage du tabagisme, en mettant l'accent sur l'algorithme décisionnel et le calcul des paquets-années (PA) comme outil clé.",Calculer le nombre de paquets-années (PA) = paquets/jour × années d'intoxication,Correcte. Le PA est la méthode standardisée pour quantifier la consommation tabagique et guider le suivi.,Demander le nombre de cigarettes fumées par jour sans calcul,Incorrecte. Une simple estimation du nombre de cigarettes ne permet pas d'apprécier l'impact chronique du tabagisme.,Utiliser un questionnaire sur les symptômes respiratoires,"Incorrecte. Le dépistage du tabagisme repose sur l'auto-évaluation directe, non sur des symptômes secondaires.",Examiner les signes de sevrage physiologique,"Incorrecte. Les signes de sevrage évaluent la dépendance, pas la consommation actuelle.",a
115,OIC-075-23-B,Quelle est la proportion de fumeurs parmi les femmes en France?,"La question évalue la connaissance de l'épidémiologie du tabagisme chez la femme, un objectif de Rang A. Elle évite les détails sur les comorbidités psychiatriques (Rang B) et se concentre sur les données épidémiologiques.",30 % des femmes fument,Incorrect. La prévalence du tabagisme chez les femmes en France est inférieure à 30 %.,25 % des femmes fument,"Correct. Selon les données épidémiologiques, environ 25 % des femmes en France sont fumeuses.",40 % des femmes fument,Incorrect. Cette proportion est plus élevée que la réalité observée en France.,15 % des femmes fument,Incorrect. Cette proportion sous-estime significativement la prévalence réelle.,b
116,OIC-075-25-A,Quelle mesure est associée au Programme national de réduction du tabagisme 2014-2019?,La question évalue la connaissance des mesures de prévention primaire (lois et politiques publiques) et secondaire (actions sanitaires) liées au tabagisme. Le piège réside dans la confusion entre les différents programmes temporaires (2014-2019 vs 2018-2022).,"L'instauration du paquet neutre, le remboursement des substituts nicotiniques et le « Mois sans tabac »",Correcte. Ces trois mesures figurent explicitement dans le PNRT 2014-2019.,La protection des enfants et l'encouragement au sevrage par les professionnels de santé,Incorrecte. Ces actions relèvent du Programme national de lutte contre le tabagisme 2018-2022.,L'objectif de réduire à 5 % la prévalence du tabagisme d'ici 2032,"Incorrecte. Ce cible est liée au PNRT 2018-2022, non au PNRT 2014-2019.",L'interdiction de la publicité et l'augmentation des prix des produits du tabac,Incorrecte. Ces mesures sont des actions de prévention primaire antérieures (lois Veil/Evin) et non spécifiques au PNRT 2014-2019.,a
117,OIC-075-26-A,Quelle est la principale modalité de traitement de la dépendance au tabac selon les recommandations officielles?,Cette question évalue la connaissance des traitements de la dépendance au tabac (pharmacologiques et non pharmacologiques). Le piège réside dans la confusion entre les traitements substitutifs nicotiniques et les traitements non pharmacologiques.,"La combinaison de traitements substitutifs nicotiniques (patchs, gommes) et de la thérapie cognitivo-comportementale (TCC)",Correcte. Elle résume les deux axes principaux des traitements (pharmacologiques et non pharmacologiques) mentionnés dans la description.,L'administration exclusive de varénicline associée à des patchs nicotiniques,"Incorrecte. La varénicline est un traitement de seconde intention, non une association obligatoire avec les patchs.",L'utilisation exclusive de la cigarette électronique comme traitement substitutif,"Incorrecte. La cigarette électronique est évoquée comme un support, non comme un traitement officiellement recommandé.",Le sevrage abrupt sans aide médicale ou psychologique,Incorrecte. Le sevrage abrupt est déconseillé ; les recommandations incluent systématiquement des accompagnements.,a
118,OIC-075-29-B,Quelle est la principale recommandation concernant le traitement pharmacologique en cas de dépendance au tabac?,"La question évalue la connaissance des traitements de la dépendance au tabac (pharmacologiques et non pharmacologiques) [Rang A], en mettant en avant la recommandation du traitement pharmacologique pour réduire les symptômes de sevrage.",Le traitement pharmacologique est recommandé pour réduire les symptômes de sevrage et les rechutes,Correcte. La recommandation du traitement pharmacologique est clairement évoquée dans le contenu.,Le traitement pharmacologique est inutile en cas de dépendance,Incorrecte. Le contenu souligne l'efficacité du traitement pharmacologique pour atténuer les symptômes.,Le sevrage doit être réalisé sans soutien médical,Incorrecte. Le contenu insiste sur l'importance du soutien médical et des traitements.,Les comorbidités psychiatriques n'ont pas d'impact sur le sevrage,Incorrecte. Le contenu met en évidence l'importance de rechercher les comorbidités avant le sevrage.,a
119,OIC-076-06-A,Quel est le seuil de score du questionnaire AUDIT-C indiquant un mésusage d'alcool chez un homme?,"Cette question évalue la connaissance des seuils de score du questionnaire AUDIT-C pour identifier le mésusage d'alcool, un objectif clé du dépistage systématique.",Un score supérieur ou égal à 4,"Correcte. Le seuil de 4 est le critère pour suspecter un mésusage chez l'homme, conformément aux recommandations du questionnaire AUDIT-C.",Un score supérieur ou égal à 3,"Incorrecte. Ce seuil correspond aux femmes, non aux hommes.",Un score supérieur ou égal à 5,Incorrecte. Le seuil est plus bas (4 pour les hommes) et ce score est trop élevé pour être pertinent ici.,Un score supérieur ou égal à 2,Incorrecte. Ce seuil est trop faible et ne correspond pas aux critères établis pour le mésusage.,a
120,OIC-076-10-A,Quelle est la principale complication sociale liée au mésusage d’alcool selon le texte?,"La question évalue la connaissance des complications sociales du mésusage d’alcool, un objectif de Rang A. Le piège réside dans la confusion avec les complications médicales ou psychiatriques non mentionnées.","Les violences intrafamiliales, les problèmes professionnels, les dettes et les troubles juridiques","Correcte. Cite les quatre catégories sociales mentionnées dans le texte (familiales, professionnelles, financières, judiciaires).","Les troubles cardiovasculaires, la dépression et la perte de mémoire","Incorrecte. Ces complications sont médicales ou psychiatriques, non sociales, et non évoquées dans le texte.",L’augmentation du risque de cancer et la détérioration des fonctions cognitives,"Incorrecte. Ces risques sont liés à la toxicité biologique, non aux complications sociales explicitées.",La réduction de la capacité de travail et l’isolement social,"Incorrecte. Bien que l’isolement soit mentionné, la réduction de la capacité de travail n’est pas explicitement évoquée dans le texte.",a
121,OIC-076-11-A,Quel est le marqueur biologique le plus spécifique pour détecter une consommation d'alcool chronique?,"Cette question évalue la connaissance des marqueurs biologiques de consommation d'alcool, en mettant en avant la spécificité des tests. Le piège réside dans la confusion entre sensibilité et spécificité des marqueurs.",Alcoolémie,Incorrect. L'alcoolémie est utile en urgence mais peu spécifique pour une consommation chronique.,GGT (Gamma Glutamyl Transpeptidase),"Incorrect. Bien que liée à la consommation d'alcool, la GGT présente une spécificité limitée et une sensibilité médiocre.",Volume Globulaire Moyen (VGM),Incorrect. Le VGM est assez spécifique mais moins sensible que d'autres marqueurs et se normalise lentement.,Transferrine désialylée,Correct. La transferrine désialylée est le marqueur le plus spécifique pour détecter une consommation d'alcool chronique.,d
122,OIC-076-19-B,Quelle est la principale fonction des groupes d’entraide dans la prise en charge des addictions?,"La question évalue la connaissance des objectifs des groupes d’entraide, un objectif de Rang B, mais le contexte fourni ne contient aucun objectif de Rang A pertinent. Cependant, le contenu source mentionne explicitement les groupes d’entraide, ce qui justifie l’utilisation de cet objectif.",Faciliter l’accès aux soins hospitaliers,"Incorrect. Les groupes d’entraide ne remplacent pas les soins hospitaliers, mais complètent la prise en charge par le soutien mutuel.",Lutter contre l’isolement des patients,"Correct. C’est le principal objectif des groupes d’entraide, comme indiqué dans le contenu source.",Proposer des traitements substitutifs nicotiniques,"Incorrect. Les traitements substitutifs nicotiniques relèvent des traitements de la dépendance, non des groupes d’entraide.",Accueillir les patients en sevrage complexe,"Incorrect. Cela correspond aux structures de soins en hospitalisation, non aux groupes d’entraide.",b
123,OIC-076-20-B,Quelle est la principale information à retenir concernant les risques liés au tabagisme?,"Cette question évalue la connaissance des principaux risques associés aux différents types de tabagisme (actif, passif, in utero), un objectif clé de Rang A.",Le tabagisme actif est responsable de 80 % des cancers pulmonaires en France,Correcte. Cela reflète la gravité du tabagisme actif comme principal facteur de risque de cancer pulmonaire.,Le tabagisme passif augmente le risque de crise cardiaque de 20 %,Incorrecte. Le risque est plus élevé (jusqu'à 30 %) et la donnée est trop générique pour être exacte.,Le tabagisme in utero est lié à 10 % des avortements spontanés,Incorrecte. L'impact du tabagisme in utero est plus lié à la croissance fœtale qu'aux avortements.,La cigarette électronique réduit de 50 % les risques de dépendance,Incorrecte. La cigarette électronique n'est pas évaluée comme un outil de réduction de la dépendance dans les objectifs Rang A.,a
124,OIC-082-05-B,Quel examen permet de déterminer si un trouble visuel est mono- ou binoculaire?,"Cette question évalue la capacité à identifier l'examen clé pour distinguer un trouble visuel mono- ou binoculaire, un objectif de Rang A. Le piège courant est de confondre l'angiographie ou l'ERG avec l'examen de champ visuel.",La périmétrie,"Correcte. La périmétrie permet d'explorer les déficits périphériques (hémianopsies, quadranopsies) et de déterminer si le trouble est mono- ou binoculaire.",La vision de couleurs,"Incorrecte. La vision de couleurs évalue les troubles de la perception chromatique, non la localisation du trouble visuel.",L'angiographie du fond d'œil,"Incorrecte. L'angiographie explore la vascularisation rétinienne, pas la localisation du trouble visuel.",L'électrorétinogramme (ERG),"Incorrecte. L'ERG évalue la réponse rétinienne globale, pas la localisation du trouble visuel.",a
125,OIC-082-08-B,Quel examen complémentaire est principalement indiqué devant une baisse de vision brutale avec œil blanc?,Cette question évalue la capacité à identifier l'examen adapté à une situation d'urgence oculaire. Le piège réside dans la confusion entre les examens de base et les examens spécifiques.,Angiographie à la fluorescéine,"Incorrect. L'angiographie est indiquée pour des pathologies rétiniennes, pas pour un œil blanc.",Tomographie en cohérence optique (OCT),"Correct. L'OCT est essentiel pour évaluer les lésions rétiniennes et le décollement de rétine, souvent associé à un œil blanc.",Échographie oculaire en mode B,"Incorrect. L'échographie mode B est prioritaire pour détecter un décollement de rétine, mais l'OCT reste plus spécifique.",Angiographie au vert d'indocyanine,"Incorrect. L'angiographie ICG est utilisée pour les pathologies inflammatoires, pas pour un œil blanc.",b
126,OIC-086-01-A,Quelle est la complication principale d'un ectropion?,Cette question évalue la reconnaissance des complications de l'ectropion. Un piège courant est de confondre les complications de l'ectropion avec celles de l'entropion.,Exposition cornéenne et larmoiement lié à la bascule du point lacrymal inférieur,Correcte. C'est la complication principale mentionnée dans la description de l'ectropion.,Inflammation des paupières due à l'entropion,"Incorrecte. L'inflammation des paupières est une complication de l'entropion, pas de l'ectropion.",Ptose avec douleur irradiant vers la tête,"Incorrecte. La ptose avec douleur est liée à une paralysie du III, non à l'ectropion.",Formation d'un orgelet secondaire à une infection bactérienne,"Incorrecte. L'orgelet est une infection du gland de la paupière, non une complication directe de l'ectropion.",a
127,OIC-086-03-A,Quelle affirmation définit correctement le ptosis?,La question évalue la capacité à reconnaître le ptosis en distinguant sa définition clinique de celle du dermachalasis. Piège courant : confondre le ptosis (position du bord libre de la paupière) avec le dermachalasis (excès de peau).,Le ptosis est une excès de peau sur le bord de la paupière supérieure,"Incorrect. C'est la définition du dermachalasis, non du ptosis.",Le ptosis est mesuré par la position du bord libre de la paupière supérieure par rapport au limbe scléro-cornéen supérieur,Correct. C'est la définition clé du ptosis selon le contenu source.,Le ptosis est une inversion du bord de la paupière supérieure,"Incorrect. C'est la description d'un ectropion, non d'un ptosis.",Le ptosis est une inversion du bord de la paupière inférieure,"Incorrect. C'est la description d'un entropion, non d'un ptosis.",b
128,OIC-086-06-A,Quelle est la description clinique typique d'un orgelet?,Cette question évalue la capacité à reconnaître un orgelet par ses caractéristiques cliniques. Un piège courant est de confondre l'orgelet avec un chalazion ou un furoncle cutané.,Tuméfaction rouge au bord de la paupière avec un point blanc central,"Correcte. C'est la description typique d'un orgelet, correspondant à une infection du follicule pilosébacé.",Tuméfaction jaune au bord de la paupière sans point central,"Incorrecte. La couleur jaune et l'absence de point central correspondent à un chalazion, non à un orgelet.",Lésion pustuleuse avec sécrétions abondantes dès l'apparition,Incorrecte. Les sécrétions apparaissent tardivement et ne sont pas un critère diagnostique principal de l'orgelet.,Furoncle localisé sur le bord de la paupière avec douleur modérée,"Incorrecte. Bien que la douleur soit présente, la description est trop vague et pourrait correspondre à d'autres lésions.",a
129,OIC-086-13-B,Quelle est la complication grave à suspecter lors d'un ptosis douloureux?,Cette question évalue la capacité à reconnaître un ptosis et à identifier sa complication neurologique grave. Le piège courant est de ne pas associer le ptosis douloureux à une paralysie du III.,Une infection du sac lacrymal,"Incorrect. La dacryocystite est une complication des voies lacrymales, pas du ptosis.",Une paralysie du III et un anévrysme intra-crânien,Correct. Le ptosis douloureux associé à une paralysie du III nécessite une recherche d'anévrisme.,Un chalazion récidivant,Incorrect. Le chalazion est une pathologie bénigne non liée au ptosis.,Une imperforation des voies lacrymales,"Incorrect. L'imperforation est une pathologie du nourrisson, non du ptosis.",b
130,OIC-094-06-A,Quelle est la bonne indication pour demander une imagerie devant une poussée aiguë de lombalgie?,La question évalue la capacité à identifier les critères cliniques justifiant une imagerie (drapeaux rouges) dans une rachialgie aiguë. Le piège courant est de demander une imagerie trop tôt sans signes évocateurs.,IRM du rachis lombaire en cas de drapeaux rouges (signes infectieux ou neurologiques),Correcte : L'IRM est indiquée pour les drapeaux rouges (ex. spondylodiscite) comme le montre le contenu source.,Radiographies du rachis lombaire dès la 1ère semaine,Incorrecte : Les radiographies ne sont pas recommandées avant la 7ème semaine en l'absence de drapeaux rouges.,TDM du rachis lombaire pour une lombalgie chronique,"Incorrecte : La TDM est secondaire à l'IRM dans les lombalgies chroniques, et non la première investigation.",Clichés dynamiques cervicaux pour une cervicalgie aiguë sans drapeau rouge,"Incorrecte : Les clichés dynamiques sont réservés aux entorses cervicales, pas aux cervicalgies aiguës sans alerte.",a
131,OIC-094-07-A,Quelle est une indication majeure pour prescrire une IRM devant une rachialgie?,La question évalue la connaissance des drapeaux rouges justifiant une IRM en cas de rachialgie secondaire. Le piège réside dans la confusion entre symptômes courants et signes d'alarme.,Douleur de type non mécanique,"Correcte. La douleur non mécanique (aggravation progressive, présente en position allongée) est un drapeau rouge justifiant une IRM pour écarter une pathologie secondaire.",Douleur irradiant vers le genou,"Incorrecte. L'irradiation vers le genou est un symptôme courant de la rachialgie mécanique, non un drapeau rouge pour IRM.",Douleur exacerbée par l'effort,"Incorrecte. Cette douleur est typique de la rachialgie mécanique, sans indication spécifique pour IRM en l'absence de signes d'alarme.",Douleur irradiant vers le coude,Incorrecte. L'irradiation vers le coude n'est pas un critère de drapeau rouge pour IRM et n'indique pas de pathologie secondaire.,a
132,OIC-094-11-B,Quelle est une étiologie de la rachialgie secondaire?,La question évalue la connaissance des principales étiologies d'une rachialgie secondaire (objectif Rang A). Elle vise à distinguer les causes directes liées à la structure rachidienne des facteurs externes.,Restrictions de participation professionnelle,"Incorrect. Cela relève des facteurs sociaux liés à la rachialgie complexe, non secondaire.",Anxiété et dépression,"Incorrect. Ces troubles psychologiques sont associés à la rachialgie complexe, pas directement à une étiologie secondaire.",Sédentarité et prise de poids,"Incorrect. Ces facteurs physiques globaux sont des causes de rachialgie complexe, non secondaire.",Douleur persistante et enraidissement rachidien,"Correct. Ces éléments correspondent à des mécanismes rachidiens directs, typiques des étiologies secondaires.",d
133,OIC-094-12-A,Quelle est la recommandation principale concernant la prise en charge d'une rachialgie aiguë?,"Cette question évalue la maîtrise des grands principes de prise en charge d'une rachialgie aiguë, en mettant l'accent sur les recommandations clés pour éviter les erreurs courantes.",Éviter le repos au lit prolongé et encourager l'activité physique adaptée,Correcte. Le repos prolongé est à proscrire et l'activité physique est recommandée pour prévenir la chronicité.,Prescrire systématiquement une IRM dès l'apparition des douleurs,Incorrecte. L'IRM n'est pas indiquée de façon systématique en cas de rachialgie aiguë sans signes d'alerte.,Imposer une kinésithérapie intensive dès le premier jour,Incorrecte. La kinésithérapie intensive n'est pas recommandée en cas d'épisode aigu isolé.,Prescrire des corticoïdes en première intention,Incorrecte. Les corticoïdes ne sont pas recommandés en première intention pour les rachialgies aiguës.,a
134,OIC-094-13-B,Quel traitement est recommandé en première intention pour une rachialgie aiguë?,"Cette question évalue la connaissance des principes de prise en charge d'une rachialgie aiguë (objectif Rang A). Elle met en évidence la distinction entre traitements recommandés et non recommandés, un point souvent mal maîtrisé.",Prescrire des antalgiques de palier 1 ou 2,"Correcte. Les antalgiques de faible à modérée intensité (palier 1 ou 2) sont recommandés en première intention pour les rachialgies aiguës, conformément aux principes de gestion.",Prescrire des corticoïdes en injection,"Incorrecte. Les corticoïdes ne sont pas recommandés en première intention pour les rachialgies aiguës, sauf en cas de complications spécifiques (ex. radiculopathie sévère).",Prescrire une kinésithérapie intensive dès le premier jour,Incorrecte. La kinésithérapie intensive est non indiquée en cas d'épisode aigu isolé et peut même aggraver la douleur si mal adaptée.,Prescrire une ceinture lombaire en permanence,"Incorrecte. L'utilisation prolongée d'une ceinture lombaire est à proscrire, car elle peut favoriser la déconditionnement musculaire et la chronicité.",a
135,OIC-094-14-A,Quelle est une cause extra-rachidienne des lombalgies?,"Cette question évalue la capacité à identifier les causes non rachidiennes des lombalgies, un objectif clé de diagnostic différentiel. Un piège courant est de confondre ces causes avec des pathologies rachidiennes courantes.",Anévrisme de l'aorte abdominale,"Correcte. L'anévrisme aortique est une cause extra-rachidienne des lombalgies, souvent associée à une douleur irradiant vers la région lombaire.",Hernie discale lombaire,"Incorrecte. L'hernie discale est une cause rachidienne, non extra-rachidienne, des lombalgies.",Ostéoporose lombaire,"Incorrecte. L'ostéoporose est une pathologie rachidienne secondaire, non une cause extra-rachidienne.",Arthrose de la colonne lombaire,Incorrecte. L'arthrose rachidienne est une cause intra-rachidienne des lombalgies.,a
136,OIC-099-03-A,Quelle est la démarche clé pour établir le diagnostic d'une céphalée primaire?,"La question évalue la maîtrise des étapes diagnostiques pour distinguer une céphalée primaire d'une secondaire, en mettant l'accent sur l'interrogatoire structuré et les critères ICHD.","Identifier les 5 étapes de l'interrogatoire (expression du patient, caractérisation de la céphalée, signes accompagnateurs, contexte, historique des traitements)",Correcte. Les 5 étapes sont essentielles pour structurer l'interrogatoire et identifier les critères diagnostiques de la céphalée primaire.,Recommander une IRM cérébrale systématique en cas de céphalée récente,"Incorrecte. L'IRM n'est pas de première intention en l'absence de marqueurs biologiques ou radiologiques, le diagnostic restant clinique.",Poser le diagnostic de migraine dès le premier épisode de céphalée,"Incorrecte. Le diagnostic de céphalée primaire ne doit pas être posé lors d'un premier épisode, nécessitant une évaluation à long terme.",Se baser uniquement sur la durée des crises pour classer la céphalée,"Incorrecte. La durée est un élément important mais doit être associée à d'autres critères (topographie, facteurs déclencheurs, etc.) pour le diagnostic.",a
137,OIC-099-05-A,Quelle est la combinaison de critères cliniques essentielle pour poser le diagnostic d'algies vasculaires de la face (AVF)?,"La question évalue la capacité à identifier les critères diagnostiques spécifiques de l'AVF selon les normes ICHD3, en mettant l'accent sur la sévérité, l'unilatéralité et les signes autonomes.",Douleur bilatérale intense avec nausées persistantes,Incorrect. L'AVF est strictement unilatérale ; la douleur bilatérale écarte le diagnostic.,Douleur unilatérale sévère associée à une congestion nasale et une transpiration faciale,Correct. Cela correspond aux critères C1 (signes autonomes) et B (unilatéralité) de l'ICHD3.,Douleur orbitaire brève sans signes autonomes ni fréquence spécifique,Incorrect. L'absence de signes autonomes et de fréquence (critère D) rend le diagnostic insuffisant.,Douleur temporaire avec aura visuelle et absence de symptômes autonomes,"Incorrect. L'aura visuelle suggère une migraine, non une AVF, et l'absence de signes autonomes est un critère excluant.",b
138,OIC-099-07-A,Quelle est la priorité diagnostique devant la coexistence de migraines et de céphalées de tension chez un patient?,"Cette question évalue la capacité à reconnaître l'interférence entre migraines et céphalées de tension, un point critique pour le diagnostic. Le piège réside dans la confusion avec d'autres pathologies comme la névralgie du trijumeau.",La céphalée de tension est prioritaire à la migraine,"Incorrect. Le diagnostic de migraine prime en cas de coexistence, conformément aux critères de l'ICHD-3.",La névralgie du trijumeau doit être évoquée en premier,"Incorrect. La névralgie du trijumeau présente des caractéristiques cliniques distinctes (douleurs éclatantes, déclencheurs spécifiques) qui ne justifient pas une priorité diagnostique ici.",Les céphalées dentaires doivent être exclues avant de diagnostiquer une migraine,"Incorrect. Les céphalées d'origine dentaire sont évaluées via des examens complémentaires, mais ne modifient pas la priorité diagnostique des migraines.",La migraine est prioritaire si 8 jours par mois de céphalées migraineuses sont présents,"Correct. Selon les critères de l'ICHD-3, une migraine chronique est diagnostiquée dès 8 jours de céphalées migraineuses par mois, supplantant la céphalée de tension.",d
139,OIC-099-11-B,Quelle est la démarche clé pour établir le diagnostic d'une algie vasculaire de la face?,"La question évalue la capacité à conduire l'interrogatoire et à réunir les arguments diagnostiques pour une algie vasculaire de la face, un objectif de Rang A. Le piège réside dans la confusion avec les examens complémentaires mentionnés dans le contenu source.",Identifier une douleur pulsatile associée à une hypertension artérielle,"Incorrect. La pulsation n'est pas un critère spécifique de l'algie vasculaire de la face, et l'hypertension n'est pas un facteur déclenchant principal.",Conduire l'interrogatoire et réunir les arguments du diagnostic d'algie vasculaire de la face,"Correct. C'est l'objectif principal évalué : l'interrogatoire clinique est la base du diagnostic, comme indiqué dans le contenu source.",Préconiser une TDM du massif facial comme examen de première intention,"Incorrect. La TDM est un examen complémentaire, non une démarche diagnostique initiale, contrairement à ce qui est évoqué dans le contenu.",Rechercher une lésion buccale par biopsie systématique,"Incorrect. La biopsie est une mesure ciblée en cas de suspicion spécifique, non une démarche standardisée pour l'algie vasculaire de la face.",b
140,OIC-099-14-A,Quelle est la principale composante des principes généraux du traitement des céphalées et douleurs de la face?,"Cette question évalue la maîtrise des principes généraux du traitement, un objectif de Rang A. Elle met en évidence un piège courant : confondre les traitements spécifiques (ex : triptans) avec les principes généraux.",Préconiser une hygiène de vie régulière et éviter les comportements d’éviction,Correcte. C’est un facteur déclenchant des crises mentionné dans les principes généraux du traitement.,Prescrire un triptan en cas de crise modérée à sévère,"Incorrecte. C’est une modalité de traitement de crise spécifique, non un principe général.",Utiliser la vérapamil en première intention pour l’algie vasculaire de la face,"Incorrecte. C’est une molécule de traitement de fond spécifique, non un principe général.",Conseiller un sevrage médicamenteux en cas d’abus chez la migraine chronique,"Incorrecte. C’est une mesure spécifique liée à l’abus médicamenteux, non un principe général.",a
141,OIC-099-15-B,Quelle est la principale recommandation concernant la prise en charge de la crise de migraine?,"La question évalue la maîtrise des principes généraux du traitement de la migraine, en mettant l'accent sur la prise précoce et la prévention de l'abus médicamenteux.","Préconiser une prise précoce dans l'heure suivant le début de la céphalée légère à modérée, sans dépasser 8 jours de prise par mois",Correcte. Cette recommandation correspond aux principes généraux du traitement évoqués dans le contenu (prise précoce et limitation de la consommation pour éviter l'abus).,Préférer les triptans comme première ligne de traitement en cas d'échec du paracétamol,"Incorrecte. Les triptans sont des traitements spécifiques, mais la recommandation générale souligne l'importance de la prise précoce plutôt que l'ordre de priorité des molécules.",Interdire l'association paracétamol et triptans en cas de nausées,"Incorrecte. L'association est recommandée selon les critères de la crise (légère, modérée, sévère), sans restriction liée aux nausées.",Prescrire des antidépresseurs comme première ligne de traitement de fond,"Incorrecte. Les antidépresseurs (ex. amitriptyline) sont des traitements de fond, mais la question porte sur les principes généraux de la prise en charge aiguë, non sur la prévention.",a
142,OIC-099-16-A,Quel type de contraception est contre-indiqué chez une patiente migraineuse avec aura et facteurs de risque vasculaire?,La question évalue la capacité à conseiller un patient migraineux en tenant compte des risques vasculaires. Piège courant : confondre les recommandations selon le type de migraine (avec/ sans aura).,Les contraceptifs progestatifs purs,"Incorrect. Les progestatifs purs sont autorisés chez la migraineuse avec aura, à condition d'absence de facteurs de risque artériel.",Les contraceptifs oraux oestroprogestatifs,Correct. Ces contraceptifs sont contre-indiqués chez la migraineuse avec aura en présence de facteurs de risque vasculaire.,Le dispositif intra-utérin (DIU) hormonal,"Incorrect. Le DIU hormonal est généralement toléré chez la migraineuse sans aura, sauf en cas de contre-indications spécifiques.","Les méthodes barrières (préservatifs, capotes)",Incorrect. Les méthodes barrières ne présentent pas de risque vasculaire et sont recommandées en cas de contre-indications à d'autres contraceptifs.,b
143,OIC-100-01-A,Quelle est la démarche clé pour distinguer une céphalée aiguë d'une céphalée chronique?,"La question évalue la capacité à identifier les modalités diagnostiques fondamentales pour classer une céphalée comme aiguë ou chronique, en se basant sur le profil temporel et les critères de classification.","Identifier le profil temporel avec les quatre questions clés : caractère habituel/inhabituel, récent/ancien, brutal/progressif, paroxystique/continu","Correcte. Le profil temporel est le pilier du diagnostic, permettant de distinguer aiguë (inhabituelle, brutale, progressive) de chronique (ancienne, habituelle).",Rechercher des signes neurologiques focaux ou des troubles visuels,"Incorrecte. Ces signes orientent vers des causes secondaires graves, mais ne définissent pas la nature aiguë ou chronique.",Évaluer la réponse aux traitements antalgiques et la fréquence des épisodes,"Incorrecte. Cela évalue la prise en charge, non la modalité diagnostique initiale.",Identifier les drapeaux rouges comme l'âge >50 ans ou la fièvre,"Incorrecte. Les drapeaux rouges orientent vers des causes secondaires, mais ne déterminent pas le caractère aigu ou chronique.",a
144,OIC-100-05-A,Quelle est la principale cause de céphalée récente d'aggravation progressive associée à une céphalée typique du syndrome méningé?,"Cette question évalue la capacité à identifier les causes spécifiques de céphalées récentes d'aggravation progressive, en mettant l'accent sur les caractéristiques cliniques distinctives des méningites infectieuses.",Méningite infectieuse,"Correcte. La méningite infectieuse, notamment tuberculeuse, peut présenter une céphalée isolée progressive et chronique, typique du syndrome méningé.",Hypertension intracrânienne,"Incorrecte. Bien que l'HTIC puisse causer une céphalée progressive, elle est associée à des troubles de la vigilance et à un tableau neurologique plus spécifique.",Sinusite bloquée,"Incorrecte. La sinusite bloquée provoque une céphalée intense mais non nécessairement progressive, souvent aggravée par des positions corporelles.",Céphalée médicamenteuse,"Incorrecte. La céphalée médicamenteuse est une céphalée chronique liée à une surconsommation de médicaments, non une céphalée récente d'aggravation progressive.",a
145,OIC-100-06-A,Quelle est l'indication principale d'une ponction lombaire devant une céphalée aiguë suspectée de méningite infectieuse?,"Cette question évalue la compréhension des indications spécifiques de la ponction lombaire dans le contexte d'une suspicion de méningite infectieuse, un cas d'urgence où l'examen doit être réalisé rapidement sans imagerie préalable.",Une céphalée aiguë brutale avec signes neurologiques focaux,"Incorrect. Les signes neurologiques focaux suggèrent une cause locale (ex. hémorragie), mais la ponction lombaire n'est pas prioritaire ici. L'imagerie est plus indiquée.",Une céphalée aiguë fébrile avec suspicion de méningite infectieuse,"Correct. La ponction lombaire est indiquée d'emblée sans imagerie préalable pour confirmer la méningite infectieuse, comme le souligne le contenu.",Une céphalée aiguë progressive avec imagerie cérébrale non diagnostique,"Incorrect. Dans ce cas, la ponction lombaire est indiquée après imagerie pour HTIC, non en priorité pour une céphalée progressive non spécifique.",Une céphalée aiguë avec suspicion d'anévrisme subarachnien,"Incorrect. La suspicion d'anévrisme nécessite une imagerie (angioscanner) avant la ponction lombaire, contrairement à la méningite.",b
146,OIC-100-08-A,Quel examen d'imagerie est le plus pertinent pour une céphalée aiguë brutale chez un adulte sans anomalies neurologiques?,Cette question évalue la connaissance des indications d'imagerie selon le type de céphalée (brutale vs progressive). Le piège réside dans la confusion entre les protocoles d'urgence et les examens de routine.,Scanner cérébral sans injection de produit de contraste,"Correcte. Le scanner cérébral est la première étape d'imagerie en urgence pour rechercher une HSA anévrismale, conformément aux recommandations du contenu.",Angioscanner cérébral en premier lieu,"Incorrecte. L'angioscanner est réalisé après le scanner cérébral si une HSA est suspectée, mais pas comme examen initial.",Imagerie par résonance magnétique (IRM) en urgence,"Incorrecte. L'IRM est privilégiée pour les céphalées progressives ou chroniques, pas pour les céphalées aiguës brusques.",Télé-radiologie avec examen par X-ray,Incorrecte. L'X-ray n'est pas utilisé pour l'imagerie cérébrale et n'est pas mentionné dans le contenu source.,a
147,OIC-101-02-A,Quelle est la caractéristique clinique typique d'une paralysie faciale centrale?,Cette question évalue la capacité à distinguer les paralysies faciales centrales et périphériques en se basant sur les signes cliniques spécifiques. Le piège courant est de confondre les signes de dissociation automatico-volontaire avec les manifestations de la paralysie périphérique.,Prédominance de l'atteinte du facial inférieur avec effacement du pli nasogénien et chute de la commissure labiale,"Correcte. C'est un signe classique de paralysie faciale centrale, reflétant la prédominance du nerf facial supérieur.",Atteinte équivalente du facial supérieur et inférieur avec signe de Charles Bell,"Incorrecte. C'est un signe de paralysie faciale périphérique, non centrale.",Absence de dissociation automatico-volontaire,"Incorrecte. C'est une caractéristique de la paralysie faciale périphérique, non centrale.",Réflexe cornéen aboli,"Incorrecte. Ce signe correspond à une atteinte du nerf facial périphérique, non centrale.",a
148,OIC-101-03-A,Quelle est la caractéristique clinique essentielle permettant de distinguer une paralysie faciale périphérique d'une paralysie faciale centrale?,"La question évalue la capacité à identifier la différence anatomique entre les deux types de paralysie, en mettant l'accent sur la fonction musculaire du front, qui est préservée dans la paralysie centrale.",Absence de contraction des muscles du front,"Correcte. La perte de contraction du front est spécifique à la paralysie périphérique, car le nerf facial central est intact.",Présence d'un hémispasme facial,"Incorrecte. L'hémispasme est une complication post-épisode, non un critère de distinction entre les deux types.",Déficit moteur unilatéral du visage,"Incorrecte. Ce signe est présent dans les deux formes de paralysie, sans permettre de distinction.",Éruption vésiculaire de la conque,"Incorrecte. C'est un signe de paralysie zostérienne, une cause spécifique de PFP, non un critère de distinction entre périphérique et central.",a
149,OIC-101-05-A,Quelle est une cause principale de paralysie faciale périphérique (PFP)?,"Cette question évalue la connaissance des principales causes de PFP, avec un piège courant de confondre la PFP a frigore avec d'autres causes moins fréquentes.",PFP a frigore,"Correcte. La PFP a frigore est la cause la plus fréquente de PFP, souvent liée à une compression du nerf facial.",Traumatisme crânien,Incorrecte. Le traumatisme crânien est une cause possible mais moins fréquente que la PFP a frigore.,Diabète,"Incorrecte. Le diabète peut être une cause, mais il est plus fréquemment associé à d'autres atteintes nerveuses.",Tumeur parotidienne,Incorrecte. Les tumeurs parotidiennes sont des causes rares de PFP.,a
150,OIC-101-07-A,Quelle est la recommandation principale pour le traitement d'une paralysie faciale a frigore?,"Cette question évalue la connaissance des principes de prise en charge d'une paralysie faciale a frigore, en mettant l'accent sur la corticothérapie et la prévention des complications oculaires.",Prescription d'une corticothérapie orale à 1 mg/kg/j pendant 7 à 10 jours,Correcte. C'est la recommandation clé pour améliorer les chances de récupération.,Utilisation d'antiviraux en association avec les corticoïdes,Incorrecte. Les antiviraux ne sont pas recommandés en routine pour la paralysie faciale a frigore.,Application de compresses froides sur le visage pour réduire l'inflammation,Incorrecte. Le froid n'est pas une mesure thérapeutique standardisée pour cette pathologie.,Prise de neurotrophines par voie orale pour accélérer la récupération,Incorrecte. Les neurotrophines ne sont pas incluses dans les principes de prise en charge standard.,a
151,OIC-101-12-A,Quelle est la manifestation clinique typique orientant vers une paralysie faciale périphérique zostérienne?,"Cette question évalue la capacité à reconnaître l'icône clinique spécifique d'une PFP zostérienne, un élément clé pour le diagnostic différentiel. Le piège réside dans la confusion avec d'autres éruptions cutanées.",Éruption vésiculaire de la conque associée à une paralysie faciale unilatérale,Correcte. L'éruption vésiculaire de la conque est le signe clinique emblématique de la paralysie faciale périphérique zostérienne (syndrome de Ramsay Hunt).,Éruption cutanée bilatérale sur le visage sans paralysie,"Incorrecte. Une éruption bilatérale ne correspond pas à la localisation typique de la PFP zostérienne, qui est unilatérale.",Lésion cutanée pustuleuse du cou associée à une paralysie faciale,"Incorrecte. Les pustules ne sont pas le signe principal de la PFP zostérienne, qui présente des vésicules.",Éruption rosacée sur le visage sans déficit facial,"Incorrecte. La rosacée est une maladie cutanée différente, non liée à la PFP.",a
152,OIC-102-03-B,Quel test permet de déterminer si une diplopie est mono- ou binoculaire?,Cette question évalue la capacité à identifier le test spécifique utilisé pour distinguer les types de diplopie. Le piège courant est de confondre ce test avec d'autres examens comme le test de Hess-Lancaster.,Le test de cover,Correcte. Le test de cover permet de détecter la nature de la diplopie (mono ou binoculaire) en observant le mouvement de restitution lors de la masquage alterné des yeux.,L'examen au verre rouge,"Incorrecte. L'examen au verre rouge est utilisé pour identifier le muscle oculomoteur déficitaire, non pour distinguer les types de diplopie.",Le test de reflet cornéen,"Incorrecte. Le test de reflet cornéen évalue la convergence et la position des pupilles, mais ne permet pas de classer la diplopie en mono ou binoculaire.",Le test de Hess-Lancaster,"Incorrecte. Le test de Hess-Lancaster objectifie les paralysies oculomotrices, mais ne permet pas de déterminer le type de diplopie (mono/binoculaire).",a
153,OIC-102-04-B,Quelle est la méthode permettant de déterminer si une diplopie est mono- ou binoculaire?,"Cette question évalue la capacité à identifier la méthode clinique pour distinguer les diplopies mono- et binoculaires, un objectif clé de Rang A. Le piège courant est de confondre les tests de ductions/vergences avec les tests de diplopie.",L'examen des ductions en monoscopie,"Incorrect. Les ductions évaluent la motilité oculaire individuelle, mais ne permettent pas de distinguer mono/binoculaire.",Le test de la convergence,"Incorrect. Le test de convergence évalue la vergence, non la nature mono/binoculaire de la diplopie.",Le test de la position vicieuse de la tête,"Incorrect. La position vicieuse est une conséquence de paralysies nerveuses, non une méthode de diagnostic de la nature de la diplopie.",Le test de la couverture (cover test),Correct. Le test de couverture est la méthode standard pour identifier la nature mono/binoculaire d'une diplopie.,d
154,OIC-102-07-A,Quelle photographie/vidéo montre une paralysie du VI droit?,"Cette question évalue la capacité à identifier une paralysie du VI à partir d'une image, un objectif clé de Rang A. Le piège réside dans la confusion avec d'autres paralysies (III, IV) ou des pathologies non neurologiques.",Paralysie du VI droit avec abolition de l'abduction de l'œil droit,"Correcte : La paralysie du VI entraîne une perte de l'abduction, visible sur l'image.",Paralysie du III gauche avec ptose et dilatation de la pupille,"Incorrecte : La paralysie du III présente une ptose, une dilatation pupillaire et une position vicieuse de la tête, absentes ici.",Paralysie du IV droit avec diplopie en regard bas,"Incorrecte : La paralysie du IV provoque une diplopie en regard bas, mais ne compromet pas l'abduction.",Signes de myasthénie avec diplopie fluctuante,"Incorrecte : La myasthénie présente une diplopie fluctuante, non liée à une perte motrice fixe d'un nerf crânien.",a
155,OIC-102-09-B,Quelle situation clinique illustre une paralysie du VI sans valeur localisatrice?,"Cette question évalue la compréhension que la paralysie du VI peut être non localisatrice en cas d'hypertension intracrânienne, contrairement aux lésions des noyaux ou trajets du nerf.",Une paralysie du VI associée à une hypertension intracrânienne,Correcte. L'hypertension intracrânienne comprime le VI sans localiser une lésion spécifique.,Une paralysie du VI due à un anévrisme de l'artère basilaire,Incorrecte. Une lésion vasculaire localisée (anévrisme) confère une valeur localisatrice.,Une paralysie du VI avec diplopie monofocale,"Incorrecte. La diplopie monofocale suggère une lésion du faisceau longitudinal médial, non une absence de localisation.",Une paralysie du VI avec signes de compression du tronc cérébral,Incorrecte. Les signes de compression du tronc cérébral indiquent une lésion localisée dans cette région.,a
156,OIC-102-13-B,Quelle est la caractéristique clinique d'une diplopie monoculaire?,"La question évalue la capacité à distinguer une diplopie monoculaire d'une diplopie binoculaire, en se basant sur la persistance de la diplopie après l'occlusion de l'œil sain. C'est un objectif de Rang A crucial pour la localisation des causes.",La diplopie persiste avec l'occlusion de l'œil sain,"Correcte. La diplopie monoculaire persiste même après l'occlusion de l'œil sain, contrairement à la diplopie binoculaire.",La diplopie disparaît avec l'occlusion de l'œil sain,"Incorrecte. C'est une caractéristique de la diplopie binoculaire, non monoculaire.",La diplopie est associée à une paralysie du III,"Incorrecte. La paralysie du III est une cause de diplopie binoculaire, non monoculaire.",La diplopie est liée à une myasthénie,"Incorrecte. La myasthénie peut causer une diplopie binoculaire, mais pas nécessairement monoculaire.",a
157,OIC-102-14-B,"Quel est le signe principal à rechercher dans le contexte d'une paralysie complète du III, du IV ou du VI?","Cette question évalue la capacité à identifier la position vicieuse de la tête, un signe clé dans les paralysies oculomotrices. Le piège courant est de confondre ce signe avec d'autres anomalies comme la ptosis ou l'anisocorie.",Position vicieuse de la tête,"Correcte. La position vicieuse de la tête est un signe spécifique des paralysies du III, IV ou VI, permettant de localiser le trouble.",Ptosis asymétrique,"Incorrecte. La ptosis est une anomalie palpebrale, mais elle n'est pas spécifique aux paralysies oculomotrices.",Anisocorie,"Incorrecte. L'anisocorie est une anomalie pupillaire, non directement liée à la paralysie des nerfs oculomoteurs.",Exophtalmie,"Incorrecte. L'exophtalmie est associée à des pathologies orbitaires (ex. Basedow), pas aux paralysies du III, IV ou VI.",a
158,OIC-107-03-A,Quel médicament est principalement associé aux dyskinésies de pic de dose?,"Cette question évalue la capacité à relier un médicament spécifique à un type de mouvement anormal, un objectif clé de l'item. Le piège courant est de confondre les effets des antipsychotiques (chorée) et des agonistes dopaminergiques (dyskinésies).",L-dopa est associé aux dyskinésies de pic de dose,"Correcte. L-dopa et ses agonistes dopaminergiques sont les principaux responsables des dyskinésies de pic de dose, un type de dyskinésie induite par les médicaments.",Antipsychotiques sont associés aux myoclonies,"Incorrecte. Les antipsychotiques sont principalement liés aux chorées et dystonies, non aux myoclonies (liées à des médicaments comme les antidépresseurs ou le valproate).",Amiodarone est associé aux dystonies,"Incorrecte. L'amiodarone est liée à l'exagération des tremblements physiologiques, pas aux dystonies (liées aux antipsychotiques).",Valproate est associé aux tics,"Incorrecte. Le valproate est lié aux myoclonies, pas aux tics (exprimés par des mouvements soudains et répétitifs, souvent liés aux troubles de la régulation de l'excitation cérébrale).",a
159,OIC-107-06-A,Quelle est la principale expression des tics?,Cette question évalue la connaissance des principales expressions des tics (moteurs et vocaux). Un piège courant est de confondre les tics avec d'autres mouvements anormaux comme les tremblements ou les dystonies.,Tics moteurs et tics vocaux,"Correcte. Les tics se manifestent à la fois par des mouvements (moteurs) et des sons (vocaux), comme indiqué dans la description.",Tremblements et dystonies,"Incorrecte. Les tremblements et dystonies correspondent à d'autres types de mouvements anormaux, non spécifiques aux tics.",Chorées et myoclonies,"Incorrecte. Les chorées et myoclonies sont des mouvements anormaux distincts, non associés aux tics.",Crampes musculaires et spasmes faciaux,"Incorrecte. Ces manifestations correspondent à des dystonies spécifiques (comme le torticolis spasmodique), non aux tics.",a
160,OIC-107-07-B,Quel est le type principal de dyskinésie induite par la L-dopa dans la maladie de Parkinson?,"Cette question évalue la capacité à identifier les formes spécifiques de dyskinésies liées à la L-dopa, un objectif clé de Rang A. Le piège courant est de confondre les dyskinésies induites par les neuroleptiques avec celles de la L-dopa.",Dyskinésies de pic de dose,"Correcte. Les dyskinésies de pic de dose sont les formes principales induites par la L-dopa dans la maladie de Parkinson, comme mentionné dans le contenu source.",Dyskinésies bucco-facio-masticatoires,"Incorrecte. Ces dyskinésies sont associées aux neuroleptiques et non à la L-dopa, ce qui les classe comme une forme de dyskinésie tardive.",Chorée de Huntington,"Incorrecte. La chorée est un mouvement anormal distinct, non lié directement à la L-dopa, et appartient à une autre catégorie de mouvements.",Myoclonies secondaires à un médicament,"Incorrecte. Les myoclonies sont des mouvements involontaires rapides, mais elles ne sont pas spécifiquement liées à la L-dopa comme les dyskinésies.",a
161,OIC-108-03-A,Quelle est la liste des principales causes neurologiques de confusion mentale?,"Cette question évalue la connaissance des causes neurologiques de la confusion mentale, un objectif de Rang A. Le piège courant est de confondre les causes neurologiques avec les causes non neurologiques ou psychiatriques.","Méningites, tumeurs, traumatismes crâniens, épilepsie",Correcte. Ces causes sont explicitement mentionnées dans le contenu comme principales causes neurologiques de confusion.,"Infections systémiques, déshydratation, troubles électrolytiques, anémie","Incorrecte. Ces causes relèvent des facteurs non neurologiques (métaboliques ou infectieux systémiques), non des causes neurologiques.","Troubles psychiatriques, dépression, schizophrénie, troubles de l'humeur","Incorrecte. Ces troubles sont classés comme causes non neurologiques de confusion, non neurologiques.","Infarctus cérébraux, accidents vasculaires cérébraux, troubles circulatoires, hypotension","Incorrecte. Bien que les infarctus soient neurologiques, les autres causes (troubles circulatoires, hypotension) relèvent des facteurs non neurologiques.",a
162,OIC-108-12-B,Quelle est la principale fonction cognitive associée à une atteinte du lobe temporal?,"Cette question évalue la compréhension des fonctions cognitives et de leur localisation cérébrale, un élément clé du raisonnement topographique. Le piège réside dans la confusion entre les fonctions du lobe temporal et pariétal.",Atteinte des fonctions exécutives,"Incorrect. Les fonctions exécutives sont principalement liées aux lobes frontaux et aux ganglions de la base, non au lobe temporal.",Trouble de la mémoire épisodique,Correct. L'atteinte du lobe temporal affecte particulièrement la mémoire épisodique via les hippocampes et les structures adjacentes.,Défaut de coordination motrice,"Incorrect. Ce trouble est lié à l'atteinte du lobe pariétal, non du lobe temporal.",Trouble de la perception visuelle,"Incorrect. Bien que le lobe temporal puisse être impliqué dans l'agnosie visuelle, le principal trouble associé est la mémoire épisodique.",b
163,OIC-108-14-B,Quelle est une caractéristique radiologique de l'hématome sous-dural chronique sur tomodensitométrie?,"Cette question évalue la connaissance de la sémiologie en imagerie de l'HSD chronique, un objectif de Rang B. Le piège courant est de confondre les densités (hypodense vs hyperdense) selon la chronologie du saignement.",Présence d'une collection hypodense en forme de « croissant »,"Correcte. L'HSD chronique présente une collection hypodense limitée par les sinus duraux, conformément à la description clinique.",Manifestation d'une zone hyperdense avec des lésions parenchymateuses,"Incorrecte. L'hyperdensité correspond à un saignement récent (HSD aigu), non chronique.",Présence de liquide céphalo-rachidien bilatéral,"Incorrecte. L'aspect bilatéral est fréquent mais non spécifique à l'HSD chronique, et le liquide céphalo-rachidien n'est pas une caractéristique radiologique.",Formation de zones hyperdenses associées à des lésions ischémiques,"Incorrecte. Les zones hyperdenses indiquent un sang frais, typique d'un HSD aigu, non chronique.",a
164,OIC-108-16-B,Quelle est une cause neurologique de confusion mentale?,La question évalue la connaissance des causes neurologiques de confusion mentale (objectif Rang A). Le piège réside dans la confusion entre causes neurologiques et non neurologiques.,Hydrocéphalie chronique,Correcte. L'hydrocéphalie chronique est une cause neurologique de confusion due à une altération du cycle du liquide céphalo-rachidien.,Infection urinaire,"Incorrecte. L'infection urinaire est une cause non neurologique de confusion, liée à une infection systémique.",Déséquilibre électrolytique,"Incorrecte. Le déséquilibre électrolytique est une cause non neurologique, liée à des troubles métaboliques.",Déshydratation,"Incorrecte. La déshydratation est une cause non neurologique, associée à des troubles de l'homéostasie.",a
165,OIC-109-02-A,Quelle est la modalité principale d'examen pour évaluer un trouble de la marche chez un enfant?,"Cette question évalue la connaissance des modalités d'examen clinique systématique adaptées à l'âge et au contexte (objectif Rang A). Elle met en évidence le piège de confondre les examens spécifiques (visuel, auditif) avec l'évaluation de la marche.",Évaluer la posture en position allongée et les réflexes ostéo-tendineux,"Incorrect. L'examen de la posture allongée et des réflexes ostéo-tendineux est une partie du neurologique, mais ne correspond pas spécifiquement aux modalités d'évaluation de la marche.",Tester l'équilibre en fermant les yeux et en effectuant des mouvements de résistance,"Incorrect. Bien que pertinent pour l'équilibre, cette modalité ne couvre pas l'ensemble des éléments nécessaires à l'évaluation de la marche (posture, allure, etc.).","Analyser la taille des pas, la symétrie des balancements et l'allure générale lors de la marche","Correct. Cela correspond directement aux éléments décrits dans le contenu (mouvements des membres inférieurs, posture du tronc, allure générale).",Examiner les signes de malvoyance et les troubles auditifs associés,"Incorrect. Ces éléments relèvent du dépistage visuel et auditif, non de l'évaluation spécifique de la marche.",c
166,OIC-109-09-A,Quelle est la composante principale du syndrome post-chute qui se traduit par une anxiété majeure et une peur du vide antérieur?,"La question évalue la connaissance des composantes du syndrome post-chute, un objectif de Rang A lié aux troubles de la marche et de l’équilibre. Le piège réside dans la confusion entre les composantes motrice, psychologique et dépressive.",Une composante motrice avec rétropulsion et marche talonnante,"Incorrect. Cela correspond à la composante motrice, non psychologique.",Une composante psychologique avec anxiété et peur du vide antérieur,Correct. Cela correspond exactement à la description du syndrome post-chute.,Un syndrome de régression psychomotrice avec dépendance,"Incorrect. Cela décrit une complication possible, non la composante principale.",Un syndrome dépressif avec perte d’intérêt,"Incorrect. Le syndrome dépressif est une complication, non la composante principale.",b
167,OIC-109-13-A,Quel est le principal examen complémentaire hors imagerie devant un trouble de la marche ou de l’équilibre?,Cette question évalue la connaissance des examens complémentaires non radiologiques dans les troubles de la marche. Le piège réside dans la confusion avec les examens d'imagerie.,"Bilan biologique (hypoglycémie, troubles ioniques, gaz du sang) et ECG",Correcte. Le bilan biologique et l'ECG sont des examens complémentaires hors imagerie essentiels pour évaluer les troubles de la marche.,Scanner cérébral avec injection de contraste,"Incorrecte. Le scanner avec injection est une imagerie, non évoquée dans le contenu source.",Radiographie du rachis lombaire,"Incorrecte. La radiographie est une imagerie, non mentionnée comme examen hors imagerie.",MRI du tronc cérébral,"Incorrecte. L'MRI est une imagerie, exclue explicitement par le contexte.",a
168,OIC-112-03-B,Quelle est la modalité principale de diagnostic des dermatoses bulleuses auto-immunes?,"La question évalue la connaissance des modalités diagnostiques, un objectif de Rang A. Elle met en évidence la complexité du diagnostic qui intègre plusieurs approches.",La biopsie cutanée associée à l'immunofluorescence directe et indirecte,"Correcte. La biopsie permet d'observer la localisation de la bulle et l'infiltrat, tandis que l'immunofluorescence identifie les dépôts spécifiques aux maladies.",L'analyse des signes cliniques et la prise de sang pour les anticorps,"Incorrecte. Bien que les signes cliniques et les anticorps soient importants, ils ne suffisent pas à eux seuls pour un diagnostic certain.",L'imagerie médicale et la culture bactérienne,Incorrecte. Ces méthodes ne sont pas pertinentes pour les maladies auto-immunes bulleuses.,La mesure de la pression artérielle et le bilan hépatique,Incorrecte. Ces examens sont hors périmètre et ne contribuent pas au diagnostic spécifique.,a
169,OIC-121-02-B,Quelle est la définition du handicap psychique?,"La question évalue la capacité à distinguer le handicap psychique de l'intellectuel, en mettant l'accent sur l'impact sur les fonctions psychologiques et l'intégration sociale.","Une altération durable des fonctions psychologiques (cognitives, émotionnelles, comportementales) entraînant une difficulté à s'intégrer socialement",Correcte : Celle-ci définit précisément le handicap psychique en soulignant l'altération des fonctions psychologiques et l'impact social.,Une limitation de l'intelligence mesurable par des tests standardisés,"Incorrecte : Cela correspond à la définition du handicap intellectuel, non psychique.",Une incapacité physique permanente affectant la mobilité,"Incorrecte : Cela relève du handicap physique, pas psychique.",Une pathologie mentale traitable par des médicaments,"Incorrecte : Le handicap psychique n'est pas une pathologie traitable par médicaments, mais une altération structurelle et durable.",a
170,OIC-124-05-A,Quelle est la principale manifestation clinique du syndrome climatérique?,Cette question évalue la connaissance des symptômes centraux du syndrome climatérique. Le piège courant est de confondre les symptômes secondaires (comme la sécheresse vulvo-vaginale) avec les manifestations principales.,Troubles vaso-moteurs et troubles du sommeil,Correcte. Ces symptômes sont explicitement mentionnés comme les principaux dans le contenu source.,Dépression et asthénie,Incorrecte. Ces symptômes sont décrits comme associés mais non prioritaires dans la définition du syndrome climatérique.,Sécheresse vulvo-vaginale et prise de poids,Incorrecte. Ces signes sont considérés comme secondaires et non centraux dans la pathogenèse du syndrome.,Arthralgies et troubles de l'humeur,Incorrecte. Ces manifestations sont associées mais ne constituent pas la base clinique du syndrome climatérique.,a
171,OIC-124-08-B,Quelle est une élément clinique positif permettant de poser le diagnostic de ménopause?,Cette question évalue la capacité à identifier les critères cliniques de diagnostic de la ménopause. Un piège courant est de confondre les symptômes du syndrome climatérique avec d'autres pathologies comme le cancer endométral.,La présence de bouffées de chaleur et de sécheresse vaginale,"Correcte. Ces symptômes sont des éléments cliniques majeurs du syndrome climatérique, qui constituent un critère diagnostique principal de la ménopause.",La baisse de la densité osseuse,"Incorrecte. La perte osseuse est un effet à long terme de la ménopause, non un critère diagnostique direct.",L'augmentation de la densité osseuse,"Incorrecte. La densité osseuse diminue après la ménopause, pas qui augmente.",La présence de métrorragies,"Incorrecte. Les métrorragies chez une femme ménopausée nécessitent une investigation pour exclure un cancer endométral, mais ne constituent pas un critère de diagnostic de la ménopause elle-même.",a
172,OIC-124-10-B,Quels sont les éléments cliniques positifs et/ou biologiques qui permettent de poser le diagnostic de ménopause?,"Cette question évalue la capacité à identifier les critères diagnostiques de la ménopause, un objectif clé de Rang A. Le piège courant est de confondre les symptômes (comme les bouffées de chaleur) avec des éléments diagnostiques.",Dosage de la FSH sérique élevé et de l'estradiol plasmatique bas,"Correcte. La ménopause est diagnostiquée par une FSH sérique élevée (>40 UI/L) et un estradiol plasmatique bas (<30 pmol/L), confirmés par un bilan biologique.",Présence de bouffées de chaleur et de sudation nocturne,"Incorrecte. Ces symptômes sont des manifestations du syndrome climatérique, mais ne constituent pas un critère diagnostique objectif.",Cycles menstruels irréguliers avec des saignements intermédiats,"Incorrecte. Ces signes correspondent à la périménopause, non à la ménopause elle-même.",Toux chronique et fatigue persistante,Incorrecte. Ces symptômes sont non spécifiques et ne permettent pas de poser le diagnostic de ménopause.,a
173,OIC-124-11-B,Quelle est la preuve biologique essentielle pour poser le diagnostic de ménopause?,Cette question évalue la capacité à identifier les critères biologiques clés pour diagnostiquer la ménopause (objectif Rang A). Le piège réside dans la confusion avec les signes cliniques ou les symptômes.,Absence de règles pendant 12 mois consécutifs,"Incorrect. C'est un critère clinique, non biologique. La preuve biologique concerne les niveaux hormonaux.",Augmentation des taux de FSH plasmatique,Correct. L'élévation persistante des FSH est un marqueur biologique majeur de la ménopause.,Présence de bouffées de chaleur,"Incorrect. C'est un symptôme clinique du syndrome climatérique, non un critère biologique.",Diminution des taux d'œstrogènes sériques,"Incorrect. Bien que pertinent, la baisse des œstrogènes est un signe indirect, pas une preuve biologique directe.",b
174,OIC-127-02-A,Quelle est la démarche diagnostique de l'hypertrophie bénigne de la prostate?,"Cette question évalue la connaissance de la démarche diagnostique de l'HBP, un objectif de Rang A. Un piège courant est de confondre les explorations paracliniques avec les éléments de la démarche diagnostique initiale.","Évaluation clinique, interrogatoire, absence d'autre cause et toucher rectal",Correcte. Ces éléments correspondent aux bases du diagnostic de l'HBP selon le contenu source.,Imagerie par résonance magnétique et bilan hépatique,Incorrecte. Ces examens sont des explorations paracliniques secondaires et non des éléments de la démarche diagnostique initiale.,Recherche d'hématurie et examen urinaire complet,"Incorrecte. La recherche d'hématurie est un élément du diagnostic différentiel, pas de la démarche diagnostique directe de l'HBP.",Analyse de la glycémie et échocardiographie,"Incorrecte. Ces examens sont utiles pour écarter des pathologies associées, mais ne constituent pas la démarche diagnostique de l'HBP.",a
175,OIC-127-04-B,Quelle est une complication chronique de l'hypertrophie bénigne de la prostate (HBP)?,"Cette question évalue la connaissance des complications chroniques de l'HBP, un objectif de Rang B. Cependant, elle est formulée en lien avec les informations fournies sur les complications chroniques, qui sont à distinguer des objectifs de Rang A.",La rétention chronique d'urine,"Correcte. La rétention chronique d'urine est une complication chronique de l'HBP, confirmée par une échographie réno-vésico-prostatique.",L'insuffisance rénale aiguë,"Incorrecte. L'insuffisance rénale aiguë est une complication aiguë, non chronique, liée à une obstruction soudaine.",La lithiase urinaire,"Incorrecte. La lithiase de stase est une complication chronique, mais la formulation est ambiguë et pourrait être confondue avec une complication aiguë.",L'hématurie macroscopique,"Incorrecte. L'hématurie macroscopique est une complication possible, mais non spécifique aux complications chroniques de l'HBP.",a
176,OIC-127-07-B,Quelle est une complication aiguë de l'hypertrophie bénigne de la prostate (HBP)?,"Cette question évalue la connaissance des complications aiguës de l'HBP, un objectif de Rang A. Le piège courant est de confondre les complications aiguës avec les complications chroniques.",Rétention urinaire aiguë,"Correcte. La rétention urinaire aiguë est une complication aiguë majeure de l'HBP, souvent liée à une obstruction urétrale.",Hypertrophie détrusorienne,"Incorrecte. L'hypertrophie détrusorienne est une complication chronique, non aiguë, liée à une altération du fonctionnement vésical.",Hématurie microscopique,Incorrecte. L'hématurie microscopique peut être associée à l'HBP mais n'est pas une complication aiguë spécifique.,Insuffisance rénale chronique,"Incorrecte. L'insuffisance rénale chronique est une complication chronique secondaire à une obstruction prolongée, non aiguë.",a
177,OIC-127-09-A,Quelle situation justifie un avis spécialisé en cas d'hypertrophie bénigne de la prostate?,Cette question évalue la capacité à identifier les situations cliniques nécessitant une consultation spécialisée. Le piège courant est de confondre les situations non liées à la HBP avec des complications directes.,SBAU a priori non liés à une HBP,"Correcte. Les situations non liées à la HBP (ex : patient < 50 ans, incontinence urinaire) nécessitent une expertise spécialisée pour écarter d'autres pathologies.",Rétention aiguë d'urine sans obstruction,"Incorrecte. La rétention aiguë d'urine est une complication aiguë de la HBP, non une situation justifiant un avis spécialisé.",ECBU normal avec symptômes légers,Incorrecte. Un ECBU normal et des symptômes légers ne justifient pas de consultation spécialisée en première intention.,Augmentation modérée du PSA,"Incorrecte. Une augmentation modérée du PSA est surveillée, mais ne constitue pas une indication immédiate d'avis spécialisé.",a
178,OIC-132-03-A,Quelle est une modalité clé du diagnostic d'une encéphalopathie vasculaire?,Cette question évalue la capacité à identifier les éléments cliniques positifs spécifiques à l'encéphalopathie vasculaire. Le piège réside dans la confusion avec d'autres pathologies neurodégénératives.,Présence d'atrophie cérébrale diffuse sur IRM,"Incorrect. L'atrophie diffuse est plus typique des maladies neurodégénératives comme l'Alzheimer, non de l'encéphalopathie vasculaire.",Troubles cognitifs associés à des séquelles neurologiques focales,"Correct. Les séquelles neurologiques focales (ex : hémianopsie, syndrome pyramidal) sont des éléments cliniques positifs spécifiques à l'encéphalopathie vasculaire.",Apparition soudaine d'une démence avec ataxie,"Incorrect. L'encéphalopathie vasculaire présente souvent une évolution en « marche d'escaliers », pas une démence soudaine.",Détection de plaques amyloïdes sur scanner cérébral,"Incorrect. Les plaques amyloïdes sont un marqueur de la maladie d'Alzheimer, non de l'encéphalopathie vasculaire.",b
179,OIC-132-04-B,Quelle est une caractéristique clinique permettant de distinguer la maladie à corps de Lewy de la maladie d'Alzheimer?,"La question évalue la capacité à identifier les critères différentiels entre les démences, en mettant en avant la spécificité des signes cliniques de la maladie à corps de Lewy.",Troubles de la mémoire à court terme,"Incorrect. Les troubles de la mémoire à court terme sont un critère principal de la maladie d'Alzheimer, non spécifique à la maladie à corps de Lewy.",Hallucinations visuelles précoces,Correct. Les hallucinations visuelles précoces sont un élément clinique distinctif de la maladie à corps de Lewy par rapport à la maladie d'Alzheimer.,Atrophie cérébrale diffuse,"Incorrect. L'atrophie cérébrale diffuse peut être observée dans plusieurs démences, y compris la maladie d'Alzheimer.",Agitation psychomotrice,Incorrect. L'agitation psychomotrice est un symptôme non spécifique et peut survenir dans diverses démences.,b
180,OIC-133-02-B,Quelle est la variable discriminante du score GIR qui évalue la capacité à se repérer dans le temps et les lieux?,"Cette question évalue la connaissance des variables discriminantes du score GIR, un outil d'évaluation de la dépendance (objectif Rang A). Le piège réside dans la confusion avec d'autres variables comme la cohérence ou les aides techniques.",La capacité à se lever seul sans aide,"Incorrect. Cette variable correspond au critère « transfert, se lever, se coucher, s’asseoir » et non à l'orientation.",L'orientation dans le temps et les lieux,Correct. L'orientation est une variable discriminante du score GIR évaluant la capacité à se repérer dans le temps et l'espace.,La possession d'un dispositif d'alerte à distance,"Incorrect. Cela relève des critères d'admissibilité à l'APA (Rang B), non des variables du score GIR.",La capacité à s'habiller seul du haut du corps,Incorrect. Cela correspond à la variable « habillage du haut » et non à l'orientation.,b
181,OIC-134-04-A,Quelle échelle d’évaluation de la douleur est principalement utilisée pour mesurer l’intensité douloureuse chez un patient communicant adulte?,"Cette question évalue la connaissance des outils d’évaluation de la douleur, un objectif clé pour distinguer les douleurs aiguës et chroniques. Le piège réside dans la confusion entre les échelles d’intensité et les échelles multidimensionnelles.",L’Échelle Visuelle Analogique (EVA),"Correcte. L’EVA est l’échelle d’intensité la plus couramment utilisée pour évaluer la douleur chez les patients communicants, avec une graduation linéaire permettant une mesure précise.",L’Échelle Numérique (EN),"Incorrecte. Bien que valide, l’EN est moins fréquemment utilisée que l’EVA pour l’évaluation de l’intensité de la douleur en routine clinique.",L’Échelle Verbale Simple (EVS),"Incorrecte. L’EVS est adaptée aux patients incapables d’utiliser les échelles numériques ou visuelles, mais non à l’évaluation de l’intensité en contexte aigu.",Le Questionnaire de McGill,"Incorrecte. Le Questionnaire de McGill est multidimensionnel et destiné à la douleur chronique, non à l’évaluation de l’intensité en temps réel.",a
182,OIC-134-05-B,Quelle proportion de la population française de plus de 18 ans souffre de douleurs chroniques d'intensité modérée à sévère?,"Cette question évalue la connaissance des données épidémiologiques sur les douleurs chroniques, un objectif de Rang B. Le piège courant est de confondre les taux de douleurs quotidiennes et les douleurs chroniques.",31 % des Français souffrent de douleurs quotidiennes depuis plus de 3 mois,"Incorrect. Cette proportion correspond aux douleurs quotidiennes, non aux douleurs chroniques.",20 % des Français ont des douleurs chroniques d'intensité modérée à sévère,Correct. C'est la proportion spécifique mentionnée dans le contenu pour les douleurs chroniques.,45 % des patients douloureux chroniques subissent des arrêts de travail,"Incorrect. Cette statistique concerne les impacts socio-économiques, non la prévalence.",Moins de 3 % des patients douloureux chroniques bénéficient d'une prise en charge spécialisée,"Incorrect. Cette donnée reflète l'accès aux soins, pas la prévalence des douleurs chroniques.",b
183,OIC-134-08-A,Quelle est la caractéristique clé permettant de distinguer une douleur neuropathique des douleurs nociceptives?,"La question évalue la capacité à identifier les critères diagnostiques spécifiques des douleurs neuropathiques, en s'appuyant sur les signes cliniques et les outils diagnostiques mentionnés dans le contenu.",La présence d'une lésion neurologique confirmée par imagerie,"Incorrect. L'imagerie n'est pas nécessaire au diagnostic initial de la nature neuropathique, mais utile pour confirmer l'étiologie.",La douleur associée à une hypoesthésie et une allodynie,Correct. Ces symptômes (perte de sensibilité et douleur à des stimuli non douloureux) sont des critères clés des douleurs neuropathiques.,La survenue de la douleur après un traumatisme ostéoarticulaire,"Incorrect. Les douleurs neuropathiques peuvent survenir après des lésions nerveuses, mais ce n'est pas un critère exclusif.",L'utilisation du questionnaire DN4 pour évaluer la douleur,"Incorrect. Bien que le DN4 soit un outil diagnostique, il est utilisé pour différencier la douleur neuropathique des nociceptives, mais la question cible directement les symptômes cliniques.",b
184,OIC-134-09-A,Quelle est la classification des douleurs cancéreuses selon leur mécanisme principal?,"Cette question évalue la capacité à identifier les catégories de douleur cancéreuse basées sur leurs mécanismes physiopathologiques, un objectif clé du contenu fourni.","Douleur nociceptive, neuropathique, mixte et nociplastique","Correcte. Cette réponse résume les quatre types de douleur mentionnés dans le contenu (nociceptifs, neuropathiques, mixtes, nociplastiques).","Douleur aiguë, douleur chronique et douleur paroxystique","Incorrecte. Ces catégories correspondent à la classification selon la durée et l'évolution, non selon le mécanisme principal.","Douleur liée à la tumeur, douleur liée aux traitements et douleur osseuse","Incorrecte. Ces catégories sont des causes spécifiques, non des mécanismes physiopathologiques.","Douleur de fond, douleur paroxystique et douleur à l'effort","Incorrecte. Ces catégories décrivent des caractéristiques cliniques, pas des mécanismes de douleur.",a
185,OIC-136-04-A,Quelle est une des principales étapes de la consultation pré-anesthésique?,"La question évalue la connaissance des principes de la consultation pré-anesthésique, en mettant en évidence l'importance de l'explication pré-opératoire et du recueil du consentement, qui est une composante clé de cette consultation.",Explication pré-opératoire et recueil de consentement d’un geste invasif diagnostique ou thérapeutique,Correcte. Cette étape est explicitement mentionnée comme un principe de la consultation pré-anesthésique dans le contenu source.,Prévention des infections liées aux soins,"Incorrecte. Bien que mentionnée dans le contenu, cette mesure relève plutôt de la prévention des infections, non directement d'une étape de la consultation pré-anesthésique.",Demande/prescription raisonnée et choix d’un examen diagnostique,"Incorrecte. Cette étape est liée à la prescription médicale, mais pas spécifiquement à la consultation pré-anesthésique.",Consultation pré-anesthésique,"Incorrecte. Cette option est trop générale et ne correspond pas à une étape précise de la consultation, contrairement aux autres propositions.",a
186,OIC-145-03-B,Quelle est la principale structure nationale en charge de la surveillance des maladies infectieuses en France?,Cette question évalue la connaissance des structures clés de la surveillance épidémiologique. Le piège réside dans la confusion entre les rôles des ARS et des réseaux sentinelles.,Santé Publique France,Correcte. Santé Publique France est l'agence nationale centralisée chargée de la surveillance épidémiologique et des maladies infectieuses.,Agences Régionales de Santé (ARS),Incorrecte. Les ARS gèrent la déclaration obligatoire mais ne sont pas la structure principale de surveillance nationale.,Centres Nationaux de Référence (CNR),Incorrecte. Les CNR assurent des missions spécialisées mais ne sont pas la structure principale de surveillance épidémiologique.,Réseaux Sentinelles,"Incorrecte. Les réseaux sentinelles sont des outils de surveillance complémentaires, non la structure principale.",a
187,OIC-145-05-B,Quelle est la définition correcte de la sensibilité d'un examen diagnostique?,"La question évalue la compréhension des indicateurs de performance des examens diagnostiques, un objectif de Rang B. Le piège courant est de confondre sensibilité et spécificité.",Proportion de sujets classés non malades parmi l’ensemble des sujets non atteints par la maladie,"Incorrect. C’est la définition de la spécificité, non de la sensibilité.",Proportion de sujets classés malades parmi les sujets réellement atteints de la maladie,Correct. C’est la définition de la sensibilité.,Proportion de sujets non malades parmi les sujets classés non malades,Incorrect. C’est la définition de la valeur prédictive négative.,Proportion de sujets classés malades parmi les sujets non atteints par la maladie,Incorrect. C’est la définition du faux positif.,b
188,OIC-145-09-B,Quelle maladie est principalement transmise par voie aérienne selon le contenu fourni?,Cette question évalue l'objectif Rang A : connaître les modes de transmission des maladies infectieuses. Le piège courant est de confondre les modes de transmission (ex : tuberculose vs rubéole vs varicelle).,Tuberculose,Correcte. Le contenu indique explicitement que la tuberculose est transmise par l'air.,Rubéole,"Incorrecte. La rubéole est mentionnée comme transmise par gouttelettes, non par voie aérienne.",Varicelle,"Incorrecte. La varicelle est classée comme transmise par l'air, mais le contenu la liste avec la tuberculose et la rougeole, ce qui rend cette option ambiguë.",Gonococcie,"Incorrecte. La gonococcie est transmise par contact direct ou sexuel, non par voie aérienne.",a
189,OIC-145-10-A,Quelle est la bonne dénomination des deux principales étapes du circuit de déclaration obligatoire des maladies infectieuses?,"La question évalue la connaissance des deux étapes clés du processus de déclaration obligatoire, un objectif de Rang A. Un piège courant est de confondre les étapes avec d'autres termes comme 'déclaration' ou 'notification' seule.",Signalement et notification,Correcte. Ces deux étapes sont explicitement décrites dans le contenu comme les principales étapes du circuit de déclaration obligatoire.,Déclaration et signalement,"Incorrecte. La déclaration n'est pas une étape distincte du processus, mais le résultat global des deux étapes (signalement et notification).",Notification et analyse,"Incorrecte. L'analyse n'est pas une étape du circuit de déclaration, mais une action réalisée après la collecte des données.",Signalement et éviction,"Incorrecte. L'éviction est une mesure de prévention distincte, non une étape du circuit de déclaration obligatoire.",a
190,OIC-145-12-A,Quelle est la principale approche des mesures de prévention des maladies infectieuses transmissibles en collectivité?,"La question évalue la compréhension des principes fondamentaux de prévention, en mettant l'accent sur la chaîne de transmission et les stratégies globales plutôt que sur des mesures spécifiques.","Contrôler le réservoir, interrompre la chaîne de transmission et agir sur la susceptibilité de l'hôte",Correcte. Cela résume les trois axes principaux des mesures de prévention évoqués dans le contenu.,Immunisation passive et vaccination active comme mesures principales,"Incorrecte. Bien que mentionnées, ces mesures sont des exemples spécifiques et non le principe général.",L'isolement géographique des porteurs et l'éviction scolaire,"Incorrecte. Ces mesures sont des exemples de contrôle des réservoirs, pas la synthèse des principes généraux.",La gestion des excrétas et le port de masques chirurgicaux,"Incorrecte. Ces mesures relèvent des précautions standards, non des principes globaux de prévention.",a
191,OIC-156-04-B,Quel est le germe le plus fréquemment isolé dans les infections ostéo-articulaires (IOA) chez l'adulte?,"Cette question évalue la connaissance des agents infectieux responsables des IOA selon le terrain et le mode de contamination, un objectif de Rang A. Elle met en évidence le germe principal, tout en évitant les détails sur les cas rares.",Staphylococcus aureus,"Correcte. Le staphylococcus aureus est le germe le plus fréquent (50-70%) dans les IOA chez l'adulte, notamment après des interventions ou traumatismes.",Streptocoques,"Incorrecte. Les streptocoques représentent 20% des cas, mais sont moins fréquents que les staphylocoques.",Entérobactéries,"Incorrecte. Les entérobactéries sont responsables de 10% des cas, principalement via des portes d'entrée urinaires ou digestives.",Mycobacterium tuberculosis,"Incorrecte. La tuberculose ostéo-articulaire est une forme rare, principalement vertébrale, et non la cause dominante.",a
192,OIC-156-05-A,Quelle est la combinaison de signes cliniques associés à une infection ostéoarticulaire aiguë chez l'enfant?,"Cette question évalue la capacité à identifier les signes cliniques spécifiques d'une infection ostéoarticulaire aiguë, en distinguant les manifestations locales et générales. Un piège courant est de confondre ces signes avec ceux d'autres pathologies oculaires.","Fièvre inconstante, douleur articulaire, impotence fonctionnelle et épanchement articulaire","Correcte. Ces signes correspondent aux manifestations générales (fièvre) et locales (douleur, impotence, épanchement) typiques d'une infection ostéoarticulaire aiguë.","Hémorragie sous conjonctivale, rougeur conjonctivale et sécrétions purulentes","Incorrecte. Ces signes correspondent à une conjonctivite, non à une infection ostéoarticulaire.","Sécheresse oculaire, photophobie et baisse d'acuité visuelle","Incorrecte. Ces symptômes évoquent une kératite ou une uvéite, pas une infection ostéoarticulaire.","Cicatrice anormale, douleur post-opératoire et fièvre persistante","Incorrecte. Ces signes correspondent à une infection post-opératoire, non à une infection ostéoarticulaire aiguë.",a
193,OIC-156-07-A,Quelle est l'indication principale de la ponction articulaire selon le contenu fourni?,"La question évalue la connaissance des indications de la ponction articulaire, un examen clé en urgence pour l'arthrite aiguë. Un piège courant est de confondre cette indication avec des pathologies chroniques ou des situations non urgentes.",L'arthrite aiguë avant antibiothérapie,Correcte. Le contenu indique que la ponction articulaire est un examen clé à faire en urgence devant toute arthrite aiguë avant toute antibiothérapie.,La polyarthrite rhumatoïde chronique,Incorrecte. La ponction articulaire n'est pas principalement indiquée pour les pathologies chroniques comme la polyarthrite rhumatoïde.,La suspicion de traumatisme articulaire sans douleur,Incorrecte. La ponction articulaire n'est pas indiquée en l'absence de douleur ou de suspicion d'arthrite aiguë.,La détection de cristaux dans les articulations,"Incorrecte. La recherche de cristaux est une analyse secondaire, non une indication principale de la ponction articulaire.",a
194,OIC-156-08-B,Quelle est la mesure thérapeutique initiale recommandée pour une ostéite chronique?,"La question évalue la connaissance des mesures thérapeutiques non antibiotiques pour les ostéites chroniques, en mettant en évidence l'indication chirurgicale systématique.",Immobilisation prolongée sans surveillance,"Incorrect. L'immobilisation doit être la plus courte possible pour éviter l'enraidissement, non prolongée.",Lavage et drainage chirurgical,Correct. L'ostéite chronique nécessite quasi systématiquement un débridement ou une ablation des séquestres.,Prévention de la thrombo-embolie veineuse,"Incorrect. Bien que nécessaire, cela n'est pas la mesure initiale spécifique à l'ostéite chronique.",Rééducation immédiate sans amélioration des douleurs,"Incorrect. La rééducation commence dès l'amélioration des signes inflammatoires, non immédiatement.",b
195,OIC-156-11-B,Quelle est une complication systémique de l'arthrite septique aiguë?,"Cette question évalue la connaissance des complications systémiques de l'arthrite septique, un objectif de Rang B. Le piège réside dans la confusion entre complications locales et systémiques.",Sepsis,Correcte. Le sepsis est une complication systémique liée à la bactériémie associée à l'arthrite septique.,Abscess des parties molles adjacentes,"Incorrecte. C'est une complication locale, non systémique.",Ostéite de contiguïté,"Incorrecte. C'est une complication osseuse locale, non systémique.",Destruction articulaire avec séquelles fonctionnelles,"Incorrecte. C'est une complication articulaire locale, non systémique.",a
196,OIC-156-13-A,Quelle est une élément de l'interrogatoire et de l'examen clinique dans le cas d'une suspicion de spondylodiscite?,"La question évalue la connaissance des éléments de l'interrogatoire et de l'examen clinique, essentiels pour identifier une spondylodiscite. Le piège réside dans la confusion avec d'autres pathologies oculaires ou des examens non pertinents.",Évaluation de la pression intraoculaire,"Incorrect. La pression intraoculaire est pertinente pour les pathologies oculaires, pas pour la spondylodiscite.",Palpation des lombaires pour détecter une masse,Correct. La palpation des lombaires est un élément clé de l'examen clinique pour suspecter une infection disco-vertébrale.,Prise en charge immédiate par un antibiotique probabiliste,Incorrect. L'antibiothérapie probabiliste est déconseillée avant prélèvement pour éviter de retarder le diagnostic.,Examen de la pupille et de la réaction à la lumière,"Incorrect. Cet examen est pertinent pour les troubles du nerf optique, pas pour la spondylodiscite.",b
197,OIC-156-15-B,Quelle complication est associée à une spondylodiscite?,"Cette question évalue la connaissance des complications d'une spondylodiscite, un objectif de Rang B. Le piège réside dans la confusion avec d'autres pathologies oculaires.",Hémorragie sous conjonctivale,"Incorrect. L'hémorragie sous conjonctivale est une complication oculaire, pas liée à la spondylodiscite.",Kératite,"Incorrect. La kératite est une infection de la cornée, non une complication de la spondylodiscite.",Sclérite,"Incorrect. La sclérite est une inflammation de la sclère, non liée à la spondylodiscite.",Sepsis,"Correct. Le sepsis est une complication grave possible de la spondylodiscite, due à une bactériémie.",d
198,OIC-157-05-B,Quel est le principal agent pathogène responsable des fongémies chez les patients hospitalisés?,"Cette question évalue la connaissance des agents infectieux à l'origine des fongémies, un objectif de Rang A. Elle met en évidence la prédominance de Candida dans les fongémies, un point clé pour la prise en charge.",Candida albicans,"Correcte. Candida albicans est le principal agent responsable des fongémies, représentant 50-60% des cas selon les données fournies.",Aspergillus,"Incorrecte. Aspergillus n'est pas un agent majeur des fongémies, et il ne pousse pas dans les hémocultures selon les données.",Cryptococcus,"Incorrecte. Cryptococcus est un agent de fongémie mais moins fréquent que Candida, et il est mentionné comme secondaire dans le contenu.",Malassezia,Incorrecte. Malassezia est spécifiquement mentionnée comme agent pédiatrique et non principal des fongémies.,a
199,OIC-157-10-B,Quel agent infectieux est associé à l'indication d'une échocardiographie systématique lors d'une bactériémie?,"Cette question évalue la connaissance des agents infectieux et de leurs particularités cliniques (Rang A), en se focalisant sur l'indication d'examen complémentaire spécifique.",Staphylococcus aureus,"Correcte. L'échocardiographie systématique est indiquée pour les bactériémies à Staphylococcus aureus, notamment pour suspecter une endocardite.",Candida,"Incorrecte. Les bactériémies à Candida nécessitent une échocardiographie et un examen du fond d'œil, mais pas systématiquement une échocardiographie seule.",Entérobactéries,"Incorrecte. Les entérobactéries et les entérocoques sont associés à une ECBU et/ou imagerie abdominale, pas à une échocardiographie.",Anaérobies,"Incorrecte. Les bactériémies à anaérobies nécessitent une imagerie abdominale, pas une échocardiographie systématique.",a
200,OIC-157-11-A,Quelle est la modalité d'interprétation des marqueurs bio-inflammatoires lors d'une bactériémie/fongémie?,La question évalue la compréhension des limites des marqueurs inflammatoires (non spécifiques) et de leur utilisation clinique. Le piège réside dans l'interprétation systématique de ces biomarqueurs.,"La procalcitonine < 0,25 ng/ml rend peu probable une bactériémie/fongémie, tandis que la CRP est une valeur d'orientation non spécifique",Correcte. Résume les points clés du contenu : seuil de procalcitonine et non spécificité de la CRP,La mesure de l'interleukine-6 est la référence pour confirmer une infection bactérienne,Incorrecte. L'interleukine-6 n'est pas mentionnée dans le contenu source,La CRP est un marqueur spécifique permettant de confirmer une infection fongique,Incorrecte. La CRP est non spécifique et ne permet pas de distinguer bactériémie/fongémie,Le comptage des globules blancs est le seul marqueur à doser systématiquement,Incorrecte. Le contenu précise qu'aucun marqueur n'est à doser systématiquement,a
201,OIC-157-16-B,Quelle est l'indication principale des hémocultures dans la prise en charge d'une bactériémie à Staphylococcus aureus?,"La question évalue la connaissance des indications des hémocultures, un objectif de Rang A. Elle met en évidence une modalité de prescription d'urgence avant antibiothérapie.",Rechercher un foyer endovasculaire après 48h d'antibiothérapie,Correcte. La surveillance des hémocultures à 48h est une indication clé pour identifier un foyer endovasculier.,Échocardiographie systématique en cas d'association à une endocardite,"Incorrecte. L'échocardiographie est une investigation complémentaire, non une indication directe des hémocultures.",Durée de traitement de 14 jours en cas de bactériémie non compliquée,"Incorrecte. La durée de traitement est déterminée par la gravité clinique, pas par les hémocultures.",Recherche de thrombose associée par écho-Doppler en cas de bactériémie liée au cathéter,"Incorrecte. L'écho-Doppler est une investigation spécifique, non une indication des hémocultures.",a
202,OIC-157-17-B,Quelle est la principale modalité de choix de l'antibiotique lors d'une bactériémie/fongémie selon la documentation microbiologique?,"Cette question évalue la capacité à identifier le principe fondamental de la sélection antibiotique basée sur les données microbiologiques, un objectif clé de Rang A. Le piège réside dans la confusion avec les facteurs cliniques ou épidémiologiques secondaires.",Sélectionner l'antibiotique en fonction des résultats microbiologiques et de la sensibilité des agents pathogènes identifiés,"Correcte. C'est le principe fondamental évoqué dans l'objectif de Rang A, basé sur l'analyse des données microbiologiques pour adapter la thérapeutique.",Privilégier les antibiotiques à large spectre sans analyse microbiologique,Incorrecte. Elle contredit le principe de la thérapeutique probabiliste basée sur des données microbiologiques précises.,Choisir l'antibiotique en fonction de la durée d'hospitalisation du patient,"Incorrecte. Ce facteur est un élément de risque épidémiologique, non une modalité de choix antibiotique directe.",Adapter l'antibiothérapie selon la gravité clinique sans analyse microbiologique,Incorrecte. L'absence d'analyse microbiologique rend le choix antibiotique non probabiliste et donc inadéquat.,a
203,OIC-161-02-A,Quel est le principal agent pathogène responsable des infections urinaires communautaires chez l'enfant?,"Cette question évalue la connaissance des agents pathogènes principaux des infections urinaires, un objectif clé de Rang A. Un piège courant est de confondre la fréquence chez l'enfant avec celle chez l'adulte.",Escherichia coli,"Correcte. Escherichia coli est le principal agent pathogène des infections urinaires communautaires chez l'enfant, représentant 70 à 90% des cas selon les études.",Proteus mirabilis,Incorrecte. Proteus mirabilis est fréquent chez l'enfant mais moins courant que Escherichia coli dans les infections urinaires communautaires.,Enterococcus faecalis,Incorrecte. Enterococcus faecalis est un agent pathogène mais moins fréquent que Escherichia coli dans les infections urinaires communautaires chez l'enfant.,Klebsiella pneumoniae,"Incorrecte. Klebsiella est plus souvent associée aux infections nosocomiales ou aux cas complexes, non au premier plan des infections urinaires communautaires chez l'enfant.",a
204,OIC-161-04-B,Quel examen complémentaire est recommandé en urgence pour une pyélonéphrite aiguë grave?,"Cette question évalue la connaissance des examens d'imagerie recommandés en fonction de la gravité de la pyélonéphrite, un objectif de Rang B. Le piège réside dans la confusion entre les examens de première et de deuxième intention.",Échographie des voies urinaires,"Incorrect. L'échographie est utilisée en cas de mauvaise évolution ou de complications, mais pas en urgence pour une pyélonéphrite grave.",Cystoscopie,"Incorrect. La cystoscopie est une procédure invasive évaluée au cas par cas, non recommandée en urgence pour une pyélonéphrite grave.",Scintigraphie au DMSA,"Incorrect. La scintigraphie au DMSA évalue la fonction rénale, mais n'est pas l'examen d'urgence pour une pyélonéphrite grave.",Uro-TDM,"Correct. La tomodensitométrie urinaire (Uro-TDM) est l'examen d'urgence recommandé pour les pyélonéphrites graves, permettant d'évaluer les complications anatomiques.",d
205,OIC-161-06-A,Quelle est la valeur seuil de la leucocyturie considérée comme significative dans un ECBU?,"Cette question évalue la connaissance des seuils de significativité des résultats d'ECBU, un objectif clé de l'item. Le piège réside dans la confusion entre leucocyturie et bactériurie, ainsi que dans l'oubli des exceptions (ex. matériel endo-urinaire).","Une leucocyturie ≥10⁴/mL, mais elle peut être faussement positive en cas de geste récent sur les voies urinaires","Correcte. Elle mentionne le seuil correct et une exception pertinente (geste récent), sans reprendre les termes du stem.",Une bactériurie ≥10³/mL chez la femme est toujours significative,"Incorrecte. Le seuil pour les femmes est généralement ≥10⁴/mL, sauf pour E. coli et S. saprophyticus.",Le seuil de bactériurie chez l'homme est fixé à 10³ UFC/mL indépendamment de la bactérie,"Incorrecte. Ce seuil est valable pour certaines bactéries, mais pas toutes (ex. E. coli a un seuil plus bas).",L'ECBU est un examen infaillible et ne peut jamais être négatif en cas d'infection clinique,"Incorrecte. L'ECBU peut être négatif en cas d'infection clinique (ex. bactérie décapitée, ECBU mal réalisé).",a
206,OIC-161-10-A,Quelle est la molécule de choix en monodose pour le traitement des cystites aiguës simples?,"Cette question évalue la connaissance des recommandations thérapeutiques pour les cystites aiguës simples, en mettant en évidence la priorité des molécules à faible risque de résistance. Le piège réside dans la confusion avec les autres classes d'antibiotiques (comme les fluoroquinolones, explicitement déconseillées).",Fosfomycine-Trométamol en monodose,"Correcte. La fosfomycine-trométamol est la molécule de choix en monodose pour le traitement des cystites aiguës simples, en raison de son efficacité et de son faible risque de résistance.",Pivmécillinam en monodose,"Incorrecte. La pivmécillinam est une alternative, mais elle est classée en second position dans les recommandations, après la fosfomycine-trométamol.",Fluoroquinolones en monodose,Incorrecte. Les fluoroquinolones sont explicitement déconseillées pour les cystites aiguës simples en raison du risque de résistance et de la sélection de souches résistantes.,Échantillon de liquide céphalorachidien (ECBU) en monodose,"Incorrecte. L'ECBU est une procédure diagnostique, non un traitement, et n'est pas utilisée en monodose pour le traitement des cystites.",a
207,OIC-161-13-A,Quelle est la principale complication à surveiller lors du diagnostic d'une infection urinaire masculine?,"Cette question évalue la connaissance des complications des infections urinaires masculines, un critère diagnostique essentiel selon le contenu fourni.",La rétention aiguë d'urine,Correcte. La rétention aiguë d'urine est explicitement mentionnée comme une complication urgente dans le contenu.,La kératite,Incorrecte. La kératite est un trouble oculaire non lié aux infections urinaires masculines.,L'hémorragie sous conjonctivale,Incorrecte. L'hémorragie sous conjonctivale est un signe oculaire distinct et non lié aux infections urinaires.,La sécheresse oculaire,Incorrecte. La sécheresse oculaire est une condition séparée et non mentionnée dans le contexte des infections urinaires.,a
208,OIC-161-19-A,Quelle est la modalité de prise en charge thérapeutique initiale d'une pyélonéphrite aiguë chez un enfant de 6 mois avec fièvre et signes d'infection urinaire?,"Cette question évalue la connaissance des protocoles thérapeutiques pour la pyélonéphrite aiguë, en mettant en évidence la nécessité d'un traitement antibiotique probabiliste et la prise en charge selon les critères de gravité.",Traitement oral d'emblée par céfixime pendant 10 jours,"Incorrect. Le céfixime est utilisé en cas de traitement oral d'emblée, mais uniquement après 3 mois et en l'absence de facteurs de risque, contrairement à la situation décrite ici.",Traitement IV par ceftriaxone puis relais oral après 2 à 4 jours,"Correct. Le traitement IV est indiqué en cas de fièvre, de signes d'infection urinaire et de facteurs de complications, avec un relais oral après 2 à 4 jours selon l'antibiogramme.",Hospitalisation immédiate sans antibiothérapie,"Incorrect. L'hospitalisation est indiquée en cas de < 3 mois, de signes de sévérité ou de surveillance à domicile impossible, mais le traitement antibiotique doit être débuté dès que possible après ECBU.",Traitement par amoxicilline seule pendant 5 jours,"Incorrect. L'amoxicilline est utilisée pour les infections urinaires basses, mais non pour les pyélonéphrites aiguës nécessitant un traitement plus puissant en cas de fièvre et de signes d'infection.",b
209,OIC-161-22-B,Quelle est la fréquence des infections urinaires chez les nourrissons de moins de 3 mois?,"Cette question évalue la connaissance de l'épidémiologie des infections urinaires chez l'enfant, un objectif de Rang B. Le piège réside dans la confusion entre les sexes et l'âge.",Les infections urinaires sont plus fréquentes chez les garçons que chez les filles,Correcte. Le contenu source indique une fréquence plus élevée chez les garçons jusqu'à 20% des nourrissons de moins de 3 mois.,Les infections urinaires sont plus fréquentes chez les filles que chez les garçons,Incorrecte. Le contenu source précise une prédominance masculine chez les nourrissons de moins de 3 mois.,Les infections urinaires sont plus fréquentes chez les nourrissons de plus de 3 mois,Incorrecte. Le contenu source mentionne une fréquence accrue chez les nourrissons de moins de 3 mois.,Les infections urinaires sont égales chez les garçons et les filles,Incorrecte. Le contenu source souligne une asymétrie de fréquence entre les sexes chez les nourrissons jeunes.,a
210,OIC-162-07-A,Quelle est la caractéristique clinique essentielle d'un chancre syphilitique primaire?,"Cette question évalue la capacité à identifier les éléments clés de l'examen clinique pour un chancre syphilitique, un signe spécifique de la syphilis. Le piège réside dans la confusion avec d'autres ulcérations génitales.",Ulcération douloureuse avec épanchement purulent,"Incorrect. Le chancre syphilitique est indolore, non douloureux, contrairement à une infection bactérienne aiguë.","Lésion indurée, non douloureuse avec bord fibrineux","Correct. C'est la description typique d'un chancre syphilitique (ulcération indolore, indurée, avec fond fibrineux).",Présence de nodules érythémateux sur le pénis,"Incorrect. Les nodules érythémateux correspondent à une syphilis secondaire, non primaire.",Févrilité associée à une éruption cutanée,"Incorrect. La fièvre et l'éruption cutanée sont des signes de la syphilis secondaire, pas du chancre primaire.",b
211,OIC-162-19-A,Quelle est la modalité de dépistage recommandée pour les infections à papillomavirus humain (HPV) chez les femmes?,"La question évalue la connaissance des modalités de dépistage de l'HPV, en mettant en évidence la priorité des tests non invasifs (FCV/HPV-HR) par rapport aux méthodes complémentaires.",Urétroscopie,"Incorrect. L'urétroscopie est utilisée chez l'homme pour une atteinte urétrale, pas chez les femmes.",FCV ou test HPV-HR,Correct. Ces tests sont les méthodes principales de dépistage non invasif recommandées chez les femmes.,Colposcopie-biopsie,"Incorrect. La colposcopie-biopsie est une méthode complémentaire, non prioritaire en première ligne.",Examen proctologique complet,"Incorrect. Cet examen est spécifique aux atteintes anales, non au dépistage général de l'HPV.",b
212,OIC-162-20-A,Quel antibiotique est utilisé en première intention pour la gonococcie après documentation microbiologique?,"Cette question évalue la connaissance des protocoles antibiotiques spécifiques à chaque IST, en mettant en évidence le choix du traitement initial pour la gonococcie.",Ceftriaxone 1000 mg IM ou IV,"Correcte. La ceftriaxone est le traitement de choix initial pour la gonococcie, conformément aux recommandations microbiologiques.",Azithromycine 1 g dose unique,"Incorrecte. L'azithromycine est une alternative en cas d'allergie aux bêta-lactamines, mais non le traitement de première intention.",Doxycycline 200 mg pendant 7 jours,"Incorrecte. La doxycycline est utilisée pour la chlamydie, pas la gonococcie.",Métronidazole 2 g dose unique,"Incorrecte. Le métronidazole est indiqué pour la trichomonose, pas la gonococcie.",a
213,OIC-162-36-B,Quelle est la démarche prioritaire devant une suspicion d'IST chez un enfant?,"La question évalue la connaissance des éléments de l'interrogatoire et de l'examen clinique (objectif Rang A). Elle met en évidence la nécessité d'une approche prudente et structurée en cas de suspicion d'IST chez un enfant, comme indiqué dans le contenu source.",Réalisé un prélèvement conjonctival immédiatement,"Incorrect. Le prélèvement conjonctival est une procédure spécifique, non prioritaire en l'absence de confirmation clinique.",Effectuer un interrogatoire et un examen clinique minutieux,Correct. Le contenu source souligne l'importance d'une approche rigoureuse et prudente pour éviter les accusations injustifiées.,Prescrire des antibiotiques sans attendre les résultats,"Incorrect. La prescription de médicaments doit s'appuyer sur un diagnostic précis, pas sur une suspicion seule.",Refuser le diagnostic en raison de l'âge de l'enfant,"Incorrect. Le diagnostic ne doit pas être exclu par l'âge, mais approfondi avec soin.",b
214,OIC-164-04-A,Quelle est la principale voie de transmission du virus de la rougeole?,"Cette question évalue la compréhension de l'épidémiologie de la rougeole, en particulier la transmission. Un piège courant est de confondre la transmission aérienne avec d'autres modes comme la voie fécale ou les vecteurs.",Transmission par voie aérienne (aérosol),Correcte. Le virus de la rougeole se transmet principalement par voie aérienne via des aérosols lors de toux ou éternuements.,Transmission par voie fécale-orale,"Incorrecte. La rougeole ne se transmet pas par la voie fécale-orale, contrairement à certaines autres infections virales.",Transmission par piqûre d'insecte,"Incorrecte. Le virus de la rougeole n'est pas vecteur par insecte, contrairement à des maladies comme le paludisme.",Transmission transplacentaire,"Incorrecte. Bien que possible chez le fœtus, la transmission transplacentaire n'est pas le mode principal de propagation de la rougeole.",a
215,OIC-164-07-A,Quel est le type d'éruption cutanée associé à l'exanthème subit causé par le virus HHV6?,"Cette question évalue la capacité à identifier le type d'éruption spécifique à l'exanthème subit. Le piège réside dans la confusion avec d'autres exanthèmes (ex. varicelle, scarlatine) présentant des éruptions cutanées distinctes.",Exanthème maculopapuleux,"Correcte. Le texte précise que l'éruption est « maculopapuleuse », rose pâle, localisée au visage et au tronc, et disparaît avec la fièvre.",Exanthème morbilliforme,"Incorrecte. L'exanthème morbilliforme (comme la rougeole) présente une éruption rosée mais continue, contrairement à l'exanthème subit.",Exanthème scarlatiniforme,"Incorrecte. La scarlatine montre une éruption rouge vif avec des bordures précises, absente dans l'exanthème subit.",Exanthème urticarien,"Incorrecte. L'urticaire est prurigineuse et éphémère, alors que l'exanthème subit est fugace mais non prurigineux.",a
216,OIC-164-08-A,Quel est le type d'éruption cutanée associé à la mononucléose infectieuse?,Cette question évalue la capacité à identifier le type d'éruption spécifique à la mononucléose infectieuse. Un piège courant est de confondre cette éruption avec celles des autres maladies éruptives.,Éruption maculopapuleuse inconstante,"Correcte. L'éruption est décrite comme inconstante, maculopapuleuse et favorisée par l'ampicilline dans le contenu source.",Éruption érythémateuse papulocystique,"Incorrecte. C'est le type d'éruption de la scarlatine, non de la mononucléose infectieuse.",Éruption vésiculaire généralisée,"Incorrecte. C'est le type d'éruption de la varicelle, non de la mononucléose infectieuse.",Éruption mucocutanée polymorphe,"Incorrecte. C'est le type d'éruption de la maladie de Kawasaki, non de la mononucléose infectieuse.",a
217,OIC-176-13-A,Quelle est la durée habituelle du traitement antibiotique pour une infection à Yersinia spp chez l'adulte?,"Cette question évalue la connaissance des durées de traitement antibiotique selon l'étiologie, un point clé pour éviter les complications. Un piège courant est de confondre les durées pour différentes bactéries.",3 jours,"Incorrect. Cette durée correspond à la thérapeutique de la shigellose ou des infections à Campylobacter, non à Yersinia spp.",7 jours,Correct. La durée habituelle pour Yersinia spp est bien de 7 jours selon les recommandations.,10 jours,"Incorrect. Cette durée est réservée aux infections à Clostridium difficile, non à Yersinia spp.",1-3 jours,"Incorrect. Cette durée correspond à des traitements initiaux (azithromycine/ciprofloxacine), mais pas spécifiquement à Yersinia spp.",b
218,OIC-176-16-A,Quelle situation clinique nécessite une prise en charge urgente chez un patient atteint de diarrhée aiguë?,"La question évalue la capacité à identifier les situations d'urgence liées à la diarrhée, en se concentrant sur les complications graves comme la déshydratation et le choc hypovolémique. Piège possible : confondre les symptômes aigus avec des situations non urgentes.",Déshydratation sévère et choc hypovolémique,"Correcte. La déshydratation sévère et le choc hypovolémique sont des complications urgentes de la diarrhée aiguë, nécessitant une prise en charge immédiate.",Févrile avec vomissements répétés,"Incorrecte. La fièvre et les vomissements, bien que symptomatiques, ne constituent pas une urgence absolue sans déshydratation ou choc.",Douleurs abdominales intenses et diarrhée sanglante,"Incorrecte. Les douleurs abdominales et la diarrhée sanglante peuvent être des signes d'urgence (ex. dysenterie), mais ne sont pas toujours associées à un risque vital immédiat sans autres critères.",Présence de selles fréquentes sans déshydratation,"Incorrecte. La fréquence des selles seule, sans signes de déshydratation ou de choc, ne justifie pas une prise en charge urgente.",a
219,OIC-179-03-A,Quelle est la définition correcte de la qualité dans le contexte des soins de santé?,"Cette question évalue la capacité à définir la qualité en soins de santé, un objectif clé de Rang A. Un piège courant est de confondre qualité avec efficacité ou sécurité seule.","La qualité correspond à la sécurité des soins, à l'efficacité des traitements et à la satisfaction du patient","Correcte. Cette définition intègre les trois dimensions essentielles de la qualité en soins : sécurité, efficacité et centrage sur le patient",La qualité se résume à la réduction des coûts des soins et à l'optimisation des ressources,Incorrecte. La qualité ne se limite pas à l'efficacité économique mais inclut des aspects cliniques et humains,La qualité désigne uniquement la prévention des erreurs médicales,"Incorrecte. Bien que pertinent, ce concept est une composante spécifique de la qualité et non sa définition complète",La qualité correspond à la rapidité des soins et à la disponibilité des équipements,Incorrecte. Ces critères relèvent de l'efficacité opérationnelle et non de la définition globale de la qualité,a
220,OIC-179-04-B,Quelle est la définition correcte de la sécurité dans le contexte des soins?,"La question évalue la capacité à définir la sécurité, un objectif de Rang A. Le piège courant est de confondre sécurité avec qualité ou événements indésirables.",La sécurité désigne la protection des patients contre les risques liés aux soins et à l'environnement,Correcte. La sécurité englobe la prévention des risques pour les patients et les professionnels.,La sécurité correspond à l'absence totale d'erreurs médicales,"Incorrecte. La sécurité ne garantit pas l'absence totale d'erreurs, mais la réduction des risques évitables.",La sécurité désigne la gestion des événements indésirables associés aux soins (EIAS),"Incorrecte. La gestion des EIAS relève de la démarche qualité, non de la définition de la sécurité.",La sécurité correspond à la qualité des soins délivrés aux patients,Incorrecte. La qualité englobe des aspects plus larges que la sécurité spécifique.,a
221,OIC-179-06-A,Quelle est la définition correcte de la sécurité dans le contexte des soins de santé?,"La question évalue la capacité à définir la sécurité, un objectif de Rang A. Le piège courant est de confondre la sécurité avec d'autres concepts comme la qualité ou la gestion des coûts.",La sécurité désigne la garantie de la satisfaction des patients,"Incorrect. La sécurité ne se limite pas à la satisfaction des patients, mais vise à prévenir les dommages évitables.",La sécurité désigne la prévention des risques et la protection des patients contre les dommages évitables,Correct. C'est la définition standard de la sécurité dans le domaine des soins de santé.,La sécurité désigne la gestion des coûts des soins,"Incorrect. La gestion des coûts relève de la dimension économique, pas de la sécurité.",La sécurité désigne la qualité des soins administratifs,"Incorrect. La sécurité concerne les risques liés aux soins, pas la qualité administrative.",b
222,OIC-179-10-B,Quelle est la mesure essentielle à la prévention des TIAC lors d'une enquête épidémiologique?,"La question évalue la connaissance des mesures de prévention liées à l'hygiène des mains, un objectif de Rang A. Le piège réside dans la confusion avec d'autres étapes de l'enquête.",Prélever des échantillons de selles et de vomissements chez les patients,"Incorrect. Cela relève de l'enquête microbiologique, non de la prévention.",Identifier les malades ayant des signes cliniques,"Incorrect. Cela correspond à une étape de collecte de données, non à une mesure de prévention.",Préparer une liste des menus des trois derniers jours,"Incorrect. Cela permet d'identifier les aliments suspects, mais n'est pas une mesure de prévention directe.",Pratiquer une hygiène des mains rigoureuse avec des solutions hydro-alcooliques,Correct. Cela correspond à l'objectif de Rang A sur les modalités d'hygiène des mains.,d
223,OIC-186-01-B,Quelle est l'indication principale de la réalisation d'un test de dépistage IgE multiallergénique?,"La question évalue la connaissance de l'indication du test IgE multiallergénique, qui est un objectif de Rang A. Le piège courant est de confondre les allergènes aéroportés (pneumallergènes) et alimentaires (trophallergènes) avec d'autres types d'allergènes.",Dépister les allergies aux médicaments,Incorrect. Les allergies médicamenteuses sont évaluées par d'autres tests spécifiques (ex : tests cutanés à la médication).,Dépister les allergies aux aéroallergènes et aux trophallergènes,Correct. Le test IgE multiallergénique est conçu pour détecter les IgE dirigées contre les aéroallergènes (inhalés) et les trophallergènes (alimentaires).,Dépister les allergies professionnelles,"Incorrect. Les allergies professionnelles nécessitent des tests spécifiques aux allergènes professionnels, non couverts par ce test.",Dépister les allergies alimentaires non IgE-dépendantes,"Incorrect. Ce test est spécifique aux réactions IgE, pas aux allergies non IgE (ex : réactions tardives).",b
224,OIC-187-17-B,Quelle est la définition d'un test épicutané positif?,"Évalue la compréhension de l'interprétation des tests épicutanés, distinction entre réaction allergique et irritante",Un eczéma de contact avec érythème et vésicules sur le site d'application,Correcte : correspond à la définition d'un test positif allergique dans le contenu source,Un érythème localisé persistant plus de 72 heures,"Incorrecte : l'érythème irritant disparaît en quelques heures, contrairement à un eczéma allergique",Une réaction cutanée avec prurit généralisé,Incorrecte : le prurit n'est pas un critère d'interprétation spécifique des tests épicutanés,Une rougeur accompagnée de démangeaisons persistantes,Incorrecte : ces symptômes correspondent à une réaction irritante et non allergique,a
225,OIC-188-07-B,Quel est le métier le plus souvent associé à un risque d'asthme professionnel dû à l'exposition au blé?,"Cette question évalue la connaissance du rôle de l'environnement professionnel dans l'allergie (objectif Rang A). Elle teste la capacité à identifier les risques spécifiques liés à certains métiers, comme le blé dans le cas des boulangeries.","Boulanger, pâtissier",Correcte. Le blé et les acariens de farine sont des allergènes majeurs dans ce métier.,Professionnels de santé,Incorrecte. Le latex et les aldéhydes sont les allergènes principaux dans ce domaine.,Coiffeurs,Incorrecte. Les persulfates sont les allergènes associés à ce métier.,Peintres,Incorrecte. Les isocyanates sont les allergènes principaux dans ce métier.,a
226,OIC-188-08-A,Quelle est la définition du contrôle de l'asthme selon les critères établis?,La question évalue la connaissance des critères objectifs de contrôle de l'asthme. Le piège courant est de confondre les seuils de VEMS/CVF et de VEMS avec d'autres paramètres.,"Les symptômes sont contrôlés (questionnaire ACT), les exacerbations < 2 cures de corticothérapie systémique et VEMS/CVF > 0.7 avec VEMS ≥ 80%",Correcte : Cite les trois critères essentiels du contrôle de l'asthme selon les recommandations.,"Les symptômes sont contrôlés (questionnaire BDI), les exacerbations > 2 cures de corticothérapie systémique et VEMS/CVF < 0.7 avec VEMS < 80%",Incorrecte : Mélange les outils d'évaluation (BDI au lieu d'ACT) et inverse les seuils de VEMS/CVF/VEMS.,"Les symptômes sont contrôlés (questionnaire ACT), les exacerbations < 2 cures de corticothérapie systémique et VEMS/CVF < 0.7 avec VEMS ≥ 80%",Incorrecte : Inverse incorrectement le seuil de VEMS/CVF sans respecter la relation avec VEMS.,"Les symptômes sont contrôlés (questionnaire ACT), les exacerbations > 2 cures de corticothérapie systémique et VEMS/CVF > 0.7 avec VEMS < 80%",Incorrecte : Inverse le seuil de VEMS et les critères d'exacerbations.,a
227,OIC-188-09-A,Quelle est la modalité correcte de diagnostic d'une exacerbation d'asthme chez l'enfant et l'adulte?,"La question évalue la connaissance des critères cliniques d'exacerbation d'asthme, en mettant l'accent sur l'approche clinique et les signes évocateurs.","Augmentation progressive des symptômes sur au moins deux jours, nécessitant une modification du traitement, non calmée par les bronchodilatateurs d'action rapide utilisés fréquemment et en quantité importante, sans retour à l'état habituel",Correcte. Cite les trois critères clés mentionnés dans le contenu source pour le diagnostic clinique d'une exacerbation d'asthme.,Présence d'une radiographie thoracique montrant une hyperinflation pulmonaire,Incorrecte. La radiographie thoracique n'est pas un critère de diagnostic mentionné dans le contenu source.,Dépistage par analyse sanguine des marqueurs inflammatoires,Incorrecte. Les marqueurs inflammatoires ne sont pas évoqués comme critères de diagnostic d'exacerbation d'asthme.,Évaluation spirométrique montrant une baisse de la FEV1 de plus de 20 %,Incorrecte. La spirométrie n'est pas mentionnée comme modalité de diagnostic dans le contenu source.,a
228,OIC-188-16-A,Quel traitement n'est pas considéré comme un principe thérapeutique standard de la rhinite allergique?,"Cette question évalue la connaissance des principes thérapeutiques de la rhinite allergique, en mettant en évidence un piège courant lié aux traitements associés.",Éviction de l’allergène,Correcte : L'éviction de l'allergène est une mesure préventive essentielle dans la prise en charge de la rhinite allergique.,Lavage nasal au sérum physiologique,Correcte : Le lavage nasal est une pratique recommandée pour éliminer les allergènes et les irritants.,Anti-histaminiques par voie orale et/ou locale,Correcte : Les anti-histaminiques sont des médicaments de première ligne dans la prise en charge de la rhinite allergique.,Modulateurs des leucotriènes,"Incorrecte : Les modulateurs des leucotriènes ne sont pas considérés comme un principe thérapeutique standard de la rhinite allergique, mais plutôt comme un traitement associé en cas de sévérité.",d
229,OIC-190-05-A,Quelle est la liste des trois principales causes non infectieuses de fièvre prolongée?,"La question évalue la capacité à identifier les trois catégories principales de causes non infectieuses, un objectif clé de Rang A. Un piège courant est de confondre les causes rares ou secondaires avec les trois catégories principales.","Cancers, maladies auto-immunes, médicaments",Correcte. Ces trois catégories correspondent aux principales causes non infectieuses évoquées dans le contenu.,"Hyperthyroïdie, maladies systémiques, médicaments","Incorrecte. L'hyperthyroïdie est une cause secondaire, pas une catégorie principale. La mention de « maladies systémiques » est trop vague.","Maladies inflammatoires, causes rares, médicaments","Incorrecte. Les « maladies inflammatoires » sont incluses dans les maladies auto-immunes, et les « causes rares » ne constituent pas une catégorie principale.","Maladies systémiques, médicaments, causes rares","Incorrecte. Les « maladies systémiques » et « causes rares » ne sont pas des catégories principales, mais des sous-catégories ou causes secondaires.",a
230,OIC-191-09-B,Quelle est la principale mesure thérapeutique à mettre en œuvre en urgence chez un patient neutropénique fébrile?,"Cette question évalue la reconnaissance de l'urgence de la prise en charge thérapeutique, un objectif de Rang A. Le piège réside dans la confusion avec les principes d'antibiothérapie (Rang B).",Démarrer une antibiothérapie intraveineuse systématique avec une β-lactamine à large spectre,"Correcte. La prise en charge urgence implique une antibiothérapie intraveineuse, conforme aux principes de gestion de la neutropénie fébrile.",Attendre les résultats des examens complémentaires avant de débuter une antibiothérapie,Incorrecte. L'urgence exige une antibiothérapie immédiate sans attendre les résultats microbiologiques.,Préférer une antibiothérapie orale si la neutropénie est non profonde,"Incorrecte. L'antibiothérapie orale est une option secondaire, non une mesure d'urgence.","Ne pas administrer d'antibiotiques si la fièvre est < 38,5°C","Incorrecte. La fièvre est un critère clinique, mais l'urgence est liée à la neutropénie, pas à la température exacte.",a
231,OIC-197-02-B,Quelle est la définition correcte des spondyloarthrites?,"Cette question évalue la capacité à identifier la définition des spondyloarthrites, un objectif de Rang A. Le piège réside dans la confusion avec d'autres pathologies inflammatoires.","Inflammation chronique des articulations et des tissus conjonctifs, principalement affectant les membres inférieurs","Incorrect. Les spondyloarthrites impliquent principalement le rachis et les articulations sacro-iliaques, non exclusivement les membres inférieurs.",Maladie auto-immune systémique avec prédominance des lésions cutanées et oculaires,"Incorrect. Les manifestations cutanées et oculaires sont des signes extra-articulaires, non la définition centrale.","Groupe de maladies inflammatoires chroniques affectant les articulations, les tissus entésiques et le système squelettique axial","Correct. Cela reflète la définition clé des spondyloarthrites, incluant les composantes articulaires et extra-articulaires.",Affection virale aiguë se limitant aux articulations périphériques,"Incorrect. Les spondyloarthrites sont des pathologies inflammatoires chroniques, non virales et non limitées aux articulations périphériques.",c
232,OIC-197-04-B,Quelle est la caractéristique essentielle permettant de distinguer les spondyloarthrites des autres arthritides inflammatoires?,"Cette question évalue la capacité à identifier la spécificité des spondyloarthrites, en mettant l'accent sur la nature de leur lésion élémentaire (enthésite) par opposition à d'autres pathologies comme la polyarthrite rhumatoïde.",L'atteinte des enthèses avec inflammation (enthésite) en tant que lésion élémentaire,"Correcte. L'enthésite est la lésion fondamentale des spondyloarthrites, contrairement à la synovite dominante dans la polyarthrite rhumatoïde.",La présence d'une dactylite asymétrique,Incorrecte. La dactylite est un signe péri-articulaire fréquent mais non spécifique aux spondyloarthrites.,La présence d'une atteinte radiologique du rachis,Incorrecte. La radiographie du rachis est un examen d'orientation mais non un critère de définition des spondyloarthrites.,L'association avec le gène HLA-B27,Incorrecte. L'HLA-B27 est un facteur de risque mais non un critère de diagnostic définitif.,a
233,OIC-197-07-B,Quelle radiographie du rachis est typique de la spondyloarthrite axiale selon les critères ASAS 2009?,"La question évalue la capacité à identifier les signes radiologiques spécifiques de la spondyloarthrite axiale, un objectif de Rang A. Le piège réside dans la confusion avec d'autres lésions osseuses.",Présence de dégénérescence discal avec arthrose intervertebrale,Incorrect. La dégénérescence discal est plus associée à l'arthrose que à la spondyloarthrite axiale.,Syndesmophytes et ostéophytes dans la région thoracique,Correct. Les syndesmophytes sont un critère radiologique clé de la spondyloarthrite axiale selon les critères ASAS 2009.,Ostéolyse de la vertèbre T12 avec érosion articulaire,"Incorrect. L'ostéolyse et l'érosion sont des signes de polyarthrite rhumatoïde, non de spondyloarthrite.",Lésion de la colonne vertébrale avec élargissement des espaces intervertébraux,"Incorrect. L'élargissement des espaces intervertébraux est un signe de spondylolyse, non de spondyloarthrite.",b
234,OIC-197-10-A,Quelle image montre un syndesmophyte sur une radiographie du rachis?,"Cette question évalue la capacité à identifier un syndesmophyte, un critère radiologique clé des spondyloarthrites. Piège courant : confondre les syndesmophytes avec d'autres formations osseuses.",Radiographie de face du rachis lombaire avec syndesmophytose,"Correcte. Les syndesmophytes sont des formations osseuses fines et verticales entre deux vertèbres, visibles sur cette vue.",Radiographie du rachis avec ostéophytes,"Incorrecte. Les ostéophytes sont des excroissances osseuses situées au niveau des bordures vertébrales, non entre deux vertèbres.",Radiographie du rachis avec érosions articulaires,Incorrecte. Les érosions articulaires correspondent à une destruction osseuse différente des syndesmophytes.,Radiographie du rachis avec spondylolisthèse,"Incorrecte. La spondylolisthèse est une déviation vertébrale, non une formation osseuse entre vertèbres.",a
235,OIC-197-11-B,Quelle est la caractéristique radiologique typique de la spondyloarthrite sur une radiographie du rachis?,"Cette question évalue la capacité à identifier les signes radiologiques spécifiques de la spondyloarthrite, notamment le pincement de l'interligne articulaire, un critère clé pour le diagnostic.",Présence d'ostéophytes sur les facettes vertébrales,"Incorrect. Les ostéophytes ne sont pas typiques de la spondyloarthrite, qui se distingue par un pincement de l'interligne articulaire.",Pincement global de l'interligne articulaire sans ostéophytose,Correct. Ce signe correspond à la description clinique de la spondyloarthrite sur une radiographie du rachis.,Épaississement des ligaments fléchisseurs,"Incorrect. Cet aspect est plus lié à des lésions chroniques ou à des traumatismes, non spécifiques à la spondyloarthrite.",Dilatation des espaces intervertébraux,Incorrect. La dilatation des espaces intervertébraux n'est pas un signe radiologique associé à la spondyloarthrite.,b
236,OIC-197-13-A,Quelle est une des approches principales de la prise en charge pharmacologique et non pharmacologique des spondyloarthrites?,"Cette question évalue la connaissance des principes de prise en charge, en évitant les pièges liés aux examens biologiques ou aux aspects génétiques.",Utilisation des anti-inflammatoires non stéroïdiens et de la rééducation fonctionnelle,Correcte. Cela correspond aux principes de prise en charge pharmacologique (AINS) et non pharmacologique (rééducation) mentionnés dans le contenu.,Infiltration de corticoïdes pour les lésions articulaires,"Incorrecte. L'infiltration cortisonique est un traitement local spécifique, non un principe général de prise en charge.",Prise en charge à 100 % par l'assurance maladie pour toutes les formes,"Incorrecte. La prise en charge sociale à 100 % est réservée aux formes sévères ou invalidantes, non une approche générale.",Radiographie du rachis comme examen de première intention,"Incorrecte. La radiographie est un examen diagnostique, non un principe de prise en charge.",a
237,OIC-198-01-A,Quels sont les trois principaux microcristaux impliqués en pathologie humaine?,Cette question évalue la connaissance des trois microcristaux majeurs associés aux arthropathies microcristallines. Un piège courant est de confondre les cristaux de pyrophosphate de calcium (PPC) avec les cristaux d'hydroxyapatite.,"Cristaux d’urate de sodium, cristaux de pyrophosphate de calcium et cristaux d’hydroxyapatite","Correcte. Ces trois microcristaux sont les principaux responsables des arthropathies microcristallines (goutte, rhumatisme à pyrophosphate, calcinoses).","Cristaux d’urate de sodium, cristaux de pyrophosphate de calcium et cristaux de cholestérol",Incorrecte. Les cristaux de cholestérol ne sont pas associés aux arthropathies microcristallines.,"Cristaux d’urate de sodium, cristaux de calcium carbonate et cristaux d’hydroxyapatite",Incorrecte. Les cristaux de calcium carbonate ne sont pas des microcristaux pathogènes majeurs.,"Cristaux d’urate de sodium, cristaux de pyrophosphate de calcium et cristaux de glucose",Incorrecte. Les cristaux de glucose n'ont aucun lien avec les arthropathies microcristallines.,a
238,OIC-198-06-B,Quel examen biologique est indispensable pour le diagnostic de la goutte?,La question évalue la connaissance des deux examens biologiques essentiels dans la goutte (Rang A). Le piège réside dans la confusion avec d'autres examens comme la radiographie ou la PCR.,Analyse de la synovie et mesure de l'uricémie,Correcte. Ces deux examens sont indispensables pour confirmer le diagnostic de goutte.,Dosage de la CRP et analyse de la synovie,"Incorrecte. La CRP est une marqueur d'inflammation non spécifique, non indispensable au diagnostic de la goutte.",Radiographie du genou et électrophorèse,"Incorrecte. La radiographie est un outil complémentaire, non essentiel au diagnostic initial. L'électrophorèse n'est pas utilisée en routine.",Échographie et bilan hépatique,"Incorrecte. L'échographie est un outil d'exploration, mais le bilan hépatique n'est pas un examen diagnostique spécifique de la goutte.",a
239,OIC-198-08-A,Quelle est la description typique d'un accès aigu microcristallin?,"La question évalue la connaissance des caractéristiques sémiologiques d'un accès aigu microcristallin, notamment son début brutal, sa douleur intense et sa résolution spontanée. Le piège courant est de confondre avec une infection aiguë (ex : « grosse jambe rouge »).","Douleur brutale >7/10, survenue nocturne, maximum des symptômes <24h, rougeur intense, résolution spontanée en 7-10 jours","Correcte. Correspond exactement à la description du contenu source (douleur ≥7/10, survenue nocturne, résolution en 7-10 jours, etc.).","Douleur progressive, survenue diurne, maximum des symptômes >24h, rougeur modérée, résolution en 15 jours","Incorrecte. La douleur est progressive et le délai de survenue est >24h, contrairement à la description typique.","Douleur intense >7/10, survenue nocturne, maximum des symptômes <24h, rougeur modérée, résolution en 30 jours",Incorrecte. La rougeur est décrite comme « très intense » (rouge pivoine) et la résolution est plus courte (7-10 jours).,"Douleur modérée <7/10, survenue diurne, maximum des symptômes >24h, rougeur intense, résolution en 1 mois","Incorrecte. La douleur est modérée et la survenue diurne, contrairement aux caractéristiques stéréotypées.",a
240,OIC-198-11-A,Quelle est la modalité principale d'exclusion d'une arthrite septique lors d'une crise aiguë microcristalline?,"La question évalue la connaissance des modalités d'exclusion d'une arthrite septique, un objectif clé de Rang A. Elle met en évidence le piège de confondre les signes inflammatoires de la goutte avec une infection associée.",Ponction du liquide articulaire pour analyse cytologique et culture,"Correcte. La ponction articulaire est le diagnostic de référence pour exclure l'arthrite septique, permettant d'identifier les éléments microbiens et les cristaux.",Examen hématologique complet avec comptage des leucocytes,"Incorrecte. Bien que l'hyperleucocytose puisse être un signe d'infection, elle n'est pas spécifique et ne permet pas d'exclure l'arthrite septique avec certitude.",Imagerie par résonance magnétique du membre affecté,"Incorrecte. L'IRM peut suspecter une infection mais ne permet pas un diagnostic définitif, contrairement à la ponction articulaire.",Mesure de la CRP et de la vitesse de sédimentation globulaire,Incorrecte. Ces paramètres biologiques sont non spécifiques et peuvent être élevés à la fois en cas d'infection et de goutte aiguë.,a
241,OIC-198-13-B,Quel examen est indispensable pour confirmer le diagnostic d'une crise aiguë de goutte?,"La question évalue la connaissance des examens diagnostiques essentiels en goutte. Le liquide synovial est un élément clé, mais la réponse correcte doit correspondre à un objectif Rang A.",L'analyse du liquide synovial avec présence de microcristaux urates,"Correcte. L'analyse du liquide synovial est un examen diagnostique indispensable, avec la détection de microcristaux urates.",La mesure de la créatinine sanguine,"Incorrecte. La créatinine est un marqueur rénal, non spécifique à la goutte.",La radiographie du poignet en projection postérieure,Incorrecte. La radiographie est utile mais non indispensable pour le diagnostic initial.,La mesure de la vitesse de sédimentation globulaire (VSG),Incorrecte. La VSG est non spécifique et moins sensible que l'analyse du liquide synovial.,a
242,OIC-198-15-A,Quels sont les deux examens biologiques indispensables à visée diagnostique dans la goutte?,La question évalue la connaissance des deux examens biologiques essentiels pour le diagnostic de la goutte. Un piège courant est de confondre la créatininémie (partie de l'estimation du débit de filtration glomérulaire) avec un examen distinct.,Uricémie et estimation du débit de filtration glomérulaire (MDRD ou CKD-EPI),Correcte. Ces deux examens sont explicitement mentionnés comme indispensables dans la description de l'objectif.,Créatininémie et hémogramme,"Incorrecte. La créatininémie est une composante de l'estimation du débit de filtration glomérulaire, non un examen distinct. L'hémogramme n'est pas indispensable à visée diagnostique.",Uricémie et CRP (protéine C-réactive),"Incorrecte. La CRP n'est pas un examen spécifique à la goutte, contrairement à l'estimation du débit de filtration glomérulaire.",Créatininémie et uricémie,"Incorrecte. La créatininémie est une composante de l'estimation du débit de filtration glomérulaire, non un examen distinct. L'uricémie seule n'est pas suffisante pour le diagnostic.",a
243,OIC-198-16-B,Quels sont les deux examens biologiques indispensables à visée diagnostique dans la goutte?,Cette question évalue la connaissance des examens biologiques essentiels pour le diagnostic de la goutte. Un piège courant est de confondre ces examens avec d'autres tests comme la CRP ou l'ESR.,Uricémie et CRP,"Incorrect. La CRP est un marqueur d'inflammation non spécifique, mais non indispensable au diagnostic de la goutte.",Uricémie et analyse du liquide synovial,Correct. L'uricémie et l'analyse du liquide synovial (recherche de cristaux) sont les examens biologiques clés pour confirmer le diagnostic de goutte.,ESR et radiographie,"Incorrect. L'ESR est un marqueur d'inflammation non spécifique, et la radiographie n'est pas un examen biologique.",Analyse du liquide synovial et CRP,Incorrect. La CRP n'est pas un examen biologique indispensable au diagnostic de la goutte.,b
244,OIC-198-17-B,"Quelle est la caractéristique terrain typique associée à la goutte, à l'arthropathie à pyrophosphate de calcium (PPCa) et à la calcification apatitique?","Cette question évalue la connaissance des différences de terrain entre les trois pathologies, un objectif de Rang A. Le piège réside dans la confusion entre les âges et les comorbidités spécifiques.",Goutte : femme jeune ; PPCa : homme mûr ; calcification apatitique : sujet âgé,"Incorrect. La goutte est associée à l'homme mûr, pas à la femme jeune. La calcification apatitique touche les femmes plus jeunes, pas les sujets âgés.",Goutte : homme mûr ; PPCa : sujet âgé ; calcification apatitique : femme jeune,"Correct. Cette réponse reflète précisément les caractéristiques terrain décrites : homme mûr pour la goutte, sujet âgé pour la PPCa et femme jeune pour la calcification apatitique.",Goutte : sujet âgé ; PPCa : femme jeune ; calcification apatitique : homme mûr,"Incorrect. La PPCa est liée aux sujets âgés, pas aux femmes jeunes. La goutte touche les hommes mûrs, pas les sujets âgés.",Goutte : femme jeune ; PPCa : sujet âgé ; calcification apatitique : homme mûr,"Incorrect. La goutte est associée à l'homme mûr, pas à la femme jeune. La calcification apatitique touche les femmes plus jeunes, pas les hommes mûrs.",b
245,OIC-198-18-A,Quelle est la principale mesure de prise en charge d'une crise aiguë de goutte selon les principes énoncés?,"La question évalue la connaissance des quatre principes fondamentaux de la prise en charge, souvent confondus avec les traitements spécifiques. Le piège réside dans la confusion entre les principes généraux et les modalités thérapeutiques.","Informer le patient sur l'auto-traitement, l'importance du traitement hypouricémiant et adapter le choix des médicaments selon les comorbidités","Correcte. Cela résume les quatre principes clés : éducation du patient, traitement hypouricémiant, adaptation au contexte clinique et choix des médicaments.",Utiliser exclusivement la colchicine à 1 mg par jour en cas de crise,"Incorrecte. La colchicine est une option parmi plusieurs, et son utilisation dépend de facteurs spécifiques (comorbidités, tolérance).",Préférer les AINS en première ligne sans tenir compte des comorbidités,"Incorrecte. Les AINS doivent être adaptés selon les comorbidités (insuffisance rénale, maladie cardiovasculaire).",Se concentrer uniquement sur la réduction de la douleur par antalgiques,"Incorrecte. La prise en charge inclut des mesures non pharmacologiques (glacage, repos) et des aspects préventifs (hypouricémiant).",a
246,OIC-198-21-B,Quelle est la combinaison des deux principales affections associées aux dépôts de pyrophosphate de calcium (PPCa)?,"Cette question évalue la connaissance des affections associées aux dépôts de PPCa, un objectif de Rang B. Le piège réside dans la confusion avec d'autres arthropathies microcristallines.",Hémochromatose et hyperparathyroïdie primaire,Correcte. Ces deux affections sont explicitement mentionnées comme principales dans le contenu source.,Goutte et arthropathie à hydroxyapatite,"Incorrecte. La goutte est liée aux cristaux d'acide urique, et l'hydroxyapatite est une autre forme de calcification, non associée au PPCa.",Arthrite septique et arthropathie à cristal de cholestérol,"Incorrecte. L'arthrite septique est une infection, et le cholestérol n'est pas un microcristal pathogène.",Arthropathie à cristal de sodium urate et tophus cutané,"Incorrecte. Ces éléments sont spécifiques de la goutte, non des dépôts de PPCa.",a
247,OIC-198-22-A,Quelle est la principale adaptation du traitement d'un accès aigu à cristaux de pyrophosphate de calcium par rapport à la goutte?,"La question évalue la connaissance des spécificités du traitement des accès aigus à cristaux de pyrophosphate de calcium, en mettant l'accent sur l'adaptation aux particularités des patients (âge, comorbidités) et les précautions thérapeutiques.",Utiliser des doses standard de colchicine sans adaptation,Incorrect. La colchicine doit être utilisée avec prudence en raison des comorbidités et des interactions médicamenteuses chez ces patients.,Préférer les anti-inflammatoires non stéroïdiens (AINS) sans restriction,Incorrect. Les AINS nécessitent une prudence accrue en raison du risque d'effets indésirables chez les patients plus âgés et comorbides.,Adopter un traitement similaire à la goutte avec adaptation des posologies et prudence vis-à-vis des AINS et de la colchicine,"Correct. Le traitement est comparable à la goutte, mais les posologies sont ajustées et les risques liés aux AINS et à la colchicine sont pris en compte.",Privilégier exclusivement l'infiltration cortisonique sans traitement oral,"Incorrect. L'infiltration cortisonique est une option, mais le traitement oral reste essentiel en cas de polyarthrite ou d'invalidation de l'infiltration.",c
248,OIC-201-01-A,Quelle est la définition correcte des donneurs potentiels selon le contenu fourni?,"Cette question évalue la connaissance de la définition des donneurs potentiels, en distinguant les trois catégories mentionnées dans le contenu. Le piège réside dans la confusion entre les différents types de donneurs.","Les donneurs potentiels incluent les donneurs en état de mort encéphalique, les donneurs décédés après arrêt circulatoire et les donneurs vivants",Correcte. Cette réponse synthétise les trois catégories de donneurs présentées dans le contenu.,Les donneurs potentiels désignent uniquement les donneurs en état de mort encéphalique,Incorrecte. Elle néglige les donneurs décédés après arrêt circulatoire et les donneurs vivants mentionnés dans le contenu.,Les donneurs potentiels correspondent exclusivement aux donneurs vivants,Incorrecte. Elle ignore les donneurs en état de mort encéphalique et les donneurs décédés après arrêt circulatoire.,Les donneurs potentiels sont définis comme les donneurs décédés après arrêt circulatoire,Incorrecte. Elle exclut les donneurs en état de mort encéphalique et les donneurs vivants évoqués dans le contenu.,a
249,OIC-201-10-A,Quelle est la liste des principes éthiques fondamentaux régissant le don d'organes en France?,Cette question évalue la connaissance des principes éthiques et légaux du don d'organes. Un piège courant est de confondre ces principes avec les mécanismes de gestion des refus ou les évolutions législatives.,"Le consentement présumé, la gratuité du don et l'anonymat entre donneur et receveur",Correcte. Ces trois principes sont explicitement mentionnés dans la loi de bioéthique de 1994 et constituent les fondements éthiques du don d'organes.,"Le registre national des refus, la gratuité du don et la mort encéphalique","Incorrecte. Le registre national des refus et la mort encéphalique relèvent des mécanismes d'organisation, pas des principes éthiques fondamentaux.","La loi de 1994, la loi de 2004 et la loi de 2011","Incorrecte. Ces lois constituent des évolutions législatives, non les principes éthiques fondamentaux du don d'organes.","Le don par cœur arrêté, le consentement explicite et la transparence","Incorrecte. Le don par cœur arrêté est une modalité de prélèvement, le consentement explicite n'est pas un principe légal principal et la transparence n'est pas explicitement mentionnée comme principe.",a
250,OIC-207-12-B,Quelle est la modalité principale de diagnostic d'une opacité pulmonaire chez l'enfant et l'adulte?,"Cette question évalue la connaissance des modalités de diagnostic d'une opacité pulmonaire, un objectif de Rang A. Un piège courant est de confondre la radiographie thoracique avec d'autres examens comme la TDM ou l'échographie.",Radiographie thoracique en urgence,Correcte. La radiographie thoracique est la première étape diagnostique standardisée pour détecter une opacité pulmonaire.,Tomodensitométrie thoracique sans contraste,"Incorrecte. La TDM est utilisée en second lieu pour une évaluation plus détaillée, non comme modalité principale.",Échographie thoracique en continu,"Incorrecte. L'échographie est peu utilisée pour l'opacité pulmonaire, sauf en contexte spécifique (ex. traumatisme).",Scanner abdominal avec injection de contraste,Incorrecte. L'examen abdominal est hors champ et non pertinent pour une opacité pulmonaire.,a
251,OIC-208-04-B,Quelle est la définition de l'hypertension pulmonaire (HTP) de l'adulte?,"Cette question évalue la capacité à identifier la définition précise de l'HTP, un objectif de Rang A. Le piège réside dans la confusion avec les symptômes ou les complications associées.",Augmentation de la pression artérielle pulmonaire à l'expiration,"Correcte. La définition de l'HTP repose sur une élévation persistante de la pression artérielle pulmonaire, indépendamment des causes.",Présence d'un souffle holosystolique d'insuffisance tricuspide,"Incorrecte. Ce signe clinique est une manifestation de l'HTP, non sa définition.",Dyspnée d'effort associée à une insuffisance cardiaque droite,"Incorrecte. C'est une complication de l'HTP, non sa définition.",Rétention hydro-sodée secondaire à une insuffisance respiratoire chronique,"Incorrecte. C'est une conséquence de l'IRC, non une définition de l'HTP.",a
252,OIC-208-11-B,Quelle est la conséquence majeure de l'insuffisance respiratoire chronique (IRC)?,"Cette question évalue la connaissance des conséquences de l'IRC, un objectif de Rang A. Le piège courant est de confondre les conséquences avec les symptômes ou les examens associés.","Insuffisance respiratoire aigüe, polyglobulie, hypertension pulmonaire, rétention hydro-sodée",Correcte. Ces conséquences sont explicitement mentionnées dans l'objectif de Rang A.,"Hypertension artérielle systémique, insomnie, perte auditive",Incorrecte. Ces éléments ne sont pas des conséquences directes de l'IRC.,"Dyspnée nocturne, toux chronique, épuisement","Incorrecte. Ces symptômes sont des manifestations cliniques, non des conséquences spécifiques de l'IRC.","Dysphagie, troubles de la coagulation, dépression",Incorrecte. Ces troubles ne sont pas directement liés aux mécanismes physiopathologiques de l'IRC.,a
253,OIC-208-13-B,Quelle est une conséquence de l'insuffisance respiratoire chronique (IRC)?,"Cette question évalue la connaissance des conséquences de l'IRC, un objectif de Rang A. Le piège courant est de confondre les conséquences avec des pathologies associées.",Hypertension pulmonaire secondaire à l'obstruction des voies respiratoires,"Incorrect. L'hypertension pulmonaire est une conséquence de l'IRC, mais non spécifiquement liée à l'obstruction des voies respiratoires.",Polyglobulie due à une hypoxémie chronique,Correct. La polyglobulie est une conséquence directe de l'hypoxémie chronique associée à l'IRC.,Décompensation aiguë de l'insuffisance cardiaque gauche,Incorrect. La décompensation cardiaque gauche n'est pas une conséquence directe de l'IRC.,Rétention hydro-sodée liée à une insuffisance rénale,"Incorrect. La rétention hydro-sodée est une conséquence de l'IRC, mais non liée à une insuffisance rénale.",b
254,OIC-215-06-A,Quel examen biologique est prescrit en urgence devant un purpura thrombopénique?,Cette question évalue la connaissance des examens biologiques urgents en cas de purpura thrombopénique. Un piège courant est de confondre les examens liés à la fièvre ou au purpura vasculaire.,Hémogramme (interprétation de l'hémogramme),Correcte. L'hémogramme est essentiel pour identifier une thrombopénie et évaluer l'état hémodynamique en urgence.,Hémocultures,"Incorrecte. Les hémocultures sont prescrites en cas de fièvre, non en urgence pour un purpura thrombopénique.",Protéine C-réactive (CRP),"Incorrecte. La CRP est utilisée pour évaluer l'inflammation dans le purpura vasculaire, pas en urgence pour le purpura thrombopénique.",Protéinurie,"Incorrecte. La protéinurie est un examen de première intention pour le purpura vasculaire, non en urgence pour le purpura thrombopénique.",a
255,OIC-217-02-B,Quelle est la définition du syndrome mononucléosique?,"Cette question évalue la capacité à définir précisément le syndrome mononucléosique, un objectif de Rang A. Un piège courant est de confondre la définition clinique avec les caractéristiques du frottis sanguin ou les étiologies.",Une infection virale aiguë causée par le virus de l'immunodéficience humaine (VIH),"Incorrect. Le VIH est une étiologie possible, mais la définition du syndrome mononucléosique ne se limite pas à cette infection.","Un tableau clinique caractérisé par une fièvre, une pharyngite et une lymphoadénopathie avec des cellules mononucléées atypiques au frottis sanguin","Correct. Cela correspond à la définition clinique du syndrome mononucléosique, incluant les symptômes et les éléments hématologiques spécifiques.",Une infection chronique due au cytomégalovirus (CMV) avec des complications hépatiques,"Incorrect. Le CMV est une étiologie possible, mais le syndrome mononucléosique n'est pas spécifiquement lié à cette infection.",Une réaction allergique avec des lymphocytes atypiques au frottis sanguin,"Incorrect. Les lymphocytes atypiques sont un élément du diagnostic, mais non une définition du syndrome mononucléosique.",b
256,OIC-217-05-A,Quelle est la principale étiologie infectieuse du syndrome mononucléosique?,"Cette question évalue la connaissance des étiologies infectieuses du syndrome mononucléosique, avec un accent particulier sur l'importance de l'EBV. Le piège courant est de confondre les fréquences des différentes causes.",Primo-infection à Epstein Barr virus (EBV),"Correcte. L'EBV est responsable de la majorité des cas de syndrome mononucléosique, comme indiqué dans le contenu source.",Primo-infection à cytomégalovirus (CMV),"Incorrecte. Le CMV est une cause secondaire, représentant seulement 10% des cas, contrairement à l'EBV.",Toxoplasmose,"Incorrecte. La toxoplasmose est une cause rare, souvent asymptomatique, et ne représente pas la principale étiologie.",Primo-infection à virus de l'immunodéficience humaine (VIH),Incorrecte. Le VIH est une cause exceptionnelle et non dominante du syndrome mononucléosique.,a
257,OIC-225-04-A,Quel examen est considéré comme un examen complémentaire de première intention pour évaluer l'artériopathie oblitérante des membres inférieurs (AOMI)?,Cette question évalue la capacité à identifier les examens de première intention pour l'AOMI. Un piège courant est de confondre les examens de première intention (comme l'écho-doppler) avec des méthodes invasives ou secondaires (comme l'angio-IRM).,Écho-doppler de l’aorte et des artères des membres inférieurs,Correcte. L'écho-doppler est l'examen de référence pour localiser les lésions artérielles et évaluer leur impact hémodynamique.,Angioscanner de l'aorte et des artères des membres inférieurs,"Incorrecte. L'angioscanner est une méthode d'imagerie secondaire, non recommandée en première intention.",Artériographie des membres inférieurs,Incorrecte. L'artériographie est une méthode invasive et non utilisée en première intention pour l'AOMI.,Angio-IRM de l'aorte et des artères des membres inférieurs,"Incorrecte. L'angio-IRM est une technique d'imagerie secondaire, moins accessible et non priorisée en première intention.",a
258,OIC-225-15-A,Quelle est la situation d'urgence la plus fréquente chez les patients porteurs d'un anévrisme de l'aorte abdominale?,"La question évalue la capacité à identifier la situation d'urgence la plus critique liée aux anévrismes de l'aorte abdominale, en se basant sur les données de fréquence et de gravité fournies.",La rupture de l'anévrisme avec une mortalité globale > 80%,"Correcte. La rupture est la situation d'urgence la plus grave et fréquente, avec une mortalité élevée et un traitement urgent.",La fistule aorto-cave avec défaillance hémodynamique,"Incorrecte. Bien qu'urgente, la fistule aorto-cave est une complication rare par rapport à la rupture.",L'ischémie aiguë du membre inférieur par embolie,"Incorrecte. C'est une complication rare de l'anévrisme, non la situation d'urgence la plus fréquente.",L'anévrisme douloureux nécessitant une intervention rapide,"Incorrecte. L'anévrisme douloureux est une indication pour l'intervention, mais moins critique que la rupture.",a
259,OIC-226-03-B,Quelle est une situation favorisant la maladie thromboembolique veineuse (MTEV)?,Cette question évalue la connaissance des facteurs favorisants temporaires et persistants de la MTEV (objectif Rang A). Le piège réside dans la confusion entre les facteurs thrombogènes (ex. cancer) et les facteurs génétiques (ex. thrombophilies héréditaires).,La grossesse et le post-partum,Correcte. Ces situations sont explicitement mentionnées comme favorisant la MTEV dans le contenu source.,La présence d'une thrombophilie héréditaire,"Incorrecte. Les thrombophilies héréditaires relèvent de l'hypercoagulabilité (physiopathologie, objectif Rang B), non des facteurs favorisants temporaires.",L'immobilisation prolongée,"Incorrecte. L'immobilisation est un facteur favorisant de la stase veineuse, mais elle est implicitement mentionnée dans le contenu sans être explicitement listée comme situation favorisante.",La prise de contraceptifs oraux,"Incorrecte. Les contraceptions contre-indiquées en cas de MTEV sont un objectif distinct (Rang A), mais ne constituent pas un facteur favorisant.",a
260,OIC-226-05-A,Quel examen est considéré comme le référence pour le diagnostic d'une embolie pulmonaire à haut risque lorsqu'il est réalisable sans délai?,"Cette question évalue la connaissance de la démarche diagnostique en cas d'EP à haut risque, en mettant en évidence l'examen de référence dans les conditions optimales.",L'angiotomodensitométrie thoracique,Correcte. L'angiotomodensitométrie thoracique est l'examen de référence pour le diagnostic d'EP à haut risque lorsque l'état hémodynamique le permet.,La scintigraphie de ventilation-perfusion,"Incorrecte. La scintigraphie est utilisée en cas d'impossibilité de réaliser l'angiotomodensitométrie, mais non comme examen de référence.",Le dosage des D-dimères,Incorrecte. Les D-dimères ne sont pas utilisés en cas d'EP à haut risque en raison du risque de faux négatifs et de l'urgence vitale.,L'échographie cardiaque trans-thoracique,"Incorrecte. L'échographie est utilisée en cas d'impossibilité de réaliser l'angiotomodensitométrie, mais non comme examen de référence.",a
261,OIC-226-10-A,Quel est le traitement anticoagulant recommandé en première intention pour une TVP/EP non grave à la phase initiale?,"Cette question évalue la connaissance des principes de traitement de la MTEV non grave, en mettant en évidence la priorité des anticoagulants oraux directs (AODs) en première intention, sauf en cas de risque élevé ou intermédiaire haut.",Les anticoagulants oraux directs (AODs) prescrits d’emblée sans phase héparinique,"Correcte. Les AODs sont recommandés en première intention pour la TVP/EP non grave, sauf en cas de risque élevé ou intermédiaire haut, conformément aux recommandations.",Les héparines de bas poids moléculaire (HBPM) avec relais anticoagulant oral après 5 jours,"Incorrecte. Les HBPM sont proposées en relais des AODs en cas de contre-indication, mais ne constituent pas la stratégie première intention.",Les héparines non fractionnées (HNF) pour les cas graves ou insuffisance rénale sévère,"Incorrecte. Les HNF sont réservées aux cas graves ou aux patients avec insuffisance rénale sévère, non aux TVP/EP non graves.",Les HBPM utilisées pendant la grossesse sans relais anticoagulant oral,"Incorrecte. Les HBPM peuvent être utilisées pendant la grossesse, mais un relais anticoagulant oral est nécessaire après la fin du traitement.",a
262,OIC-226-12-A,Quelle contraception est contre-indiquée en cas d'antécédent de maladie thromboembolique veineuse (MTEV)?,"Cette question évalue la connaissance des contraceptions contre-indiquées en cas de MTEV, un objectif clé de Rang A. Le piège réside dans la confusion entre les méthodes hormonales et non hormonales.",La pilule combinée (œstrogènes + progestatif),Correcte. Les contraceptions combinées contenant des œstrogènes augmentent le risque thromboembolique et sont contre-indiquées en cas d'antécédent de MTEV.,La pilule micro-progestative,Incorrecte. Les méthodes progestatives uniquement ne contiennent pas d'œstrogènes et ne sont pas contre-indiquées en cas de MTEV.,Le dispositif intra-utérin (DIU) à progestatif,Incorrecte. Le DIU progestatif est une alternative sûre et ne comporte pas de risque thromboembolique.,La méthode de la fertilité naturelle,Incorrecte. Cette méthode non hormonale ne présente aucun risque thromboembolique et est compatible avec la MTEV.,a
263,OIC-226-17-B,Quelle complication doit être dépistée avant d'arrêter le traitement anticoagulant pour une embolie pulmonaire?,"La question évalue la connaissance de la complication à dépister avant l'arrêt du traitement anticoagulant en cas d'embolie pulmonaire, un objectif de Rang B. Le piège réside dans la confusion avec d'autres complications comme l'HTAP ou la TVP.",L'hypertension pulmonaire post-embolique (HTP),"Correcte. L'échographie cardiaque transthoracique couplée au Doppler est la première étape pour dépister l'HTP avant d'arrêter l'anticoagulant, conformément au contenu source.",L'infarctus pulmonaire,"Incorrecte. L'infarctus pulmonaire est une complication aiguë de l'embolie pulmonaire, mais il n'est pas spécifiquement mentionné comme une complication à dépister avant l'arrêt du traitement.",Une thrombose veineuse profonde récidivante,"Incorrecte. La TVP récidivante est une complication possible, mais le contenu source insiste sur l'HTP comme complication à dépister avant l'arrêt du traitement.",Une insuffisance cardiaque aiguë,"Incorrecte. L'insuffisance cardiaque aiguë est une complication grave, mais elle n'est pas mentionnée comme une complication spécifique à dépister avant l'arrêt de l'anticoagulant.",a
264,OIC-227-08-A,Quelle est la description correcte d'un ulcère variqueux?,"Cette question évalue la capacité à identifier les caractéristiques cliniques spécifiques d'un ulcère variqueux, en s'appuyant sur ses critères diagnostiques clés.","Ulceration péri-malléolaire, superficielle, exsudative, large et indolore, associée à des varices ou à une insuffisance veineuse chronique",Correcte. Cite les caractéristiques essentielles du diagnostic d'ulcère variqueux selon le contenu source.,"Ulceration du pied plantaire, profonde, non exsudative et douloureuse","Incorrecte. Décrivant un ulcère diabétique ou ischémique, non spécifique aux varices.","Lésion cutanée localisée au genou, avec des bords réguliers et cicatrisation rapide",Incorrecte. Correspond à un ulcère de pression ou une lésion non liée à l'IVC.,Plaie infectée avec des signes de gangrène et douleur intense,"Incorrecte. Décrivant une infection secondaire ou une ulcère ischémique, non typique des varices.",a
265,OIC-227-09-A,Quelle méthode permet de confirmer le diagnostic d'insuffisance veineuse chronique?,Cette question évalue la connaissance des méthodes diagnostiques de l'IVC. Le piège réside dans la confusion entre les examens cliniques initiaux et le diagnostic confirmatoire.,Écho-Doppler veineux en position debout,Correcte. L'écho-Doppler en position debout permet de confirmer le diagnostic en évaluant le reflux veineux.,Inspection des varices en position debout,Incorrecte. L'inspection est une étape initiale de l'examen clinique mais ne permet pas de confirmer le diagnostic.,Palpation des veines pour détecter la douleur,Incorrecte. La palpation est une méthode d'exploration mais ne constitue pas un diagnostic confirmatoire.,Examen clinique bilatéral comparatif,"Incorrecte. L'examen clinique est une étape préliminaire, le diagnostic est confirmé par l'écho-Doppler.",a
266,OIC-227-10-B,Quelle est une manifestation clinique typique de l'insuffisance veineuse chronique (IVC)?,Cette question évalue la capacité à identifier les signes cliniques de l'IVC. Le piège courant est de confondre les manifestations de l'IVC avec celles d'autres pathologies vasculaires.,Présence de varices > 3 mm,"Correcte. Les varices > 3 mm sont une manifestation clinique majeure de l'IVC, reflétant une dilatation veineuse secondaire à l'insuffisance.",Présence de bruits artériels,"Incorrecte. Les bruits artériels sont associés à des pathologies artérielles (ex. artériopathie oblitérante), pas à l'IVC.",Hypertrophie des ganglions lymphatiques,"Incorrecte. L'hipertrophie ganglionnaire est une manifestation de l'atteinte lymphatique, non directement liée à l'IVC.",Présence de plaques cutanées rouges sans œdème,"Incorrecte. Les plaques rouges sans œdème ne correspondent pas aux signes classiques de l'IVC (ex. pigmentation, œdème, ulcères).",a
267,OIC-229-02-A,Quelle complication est spécifiquement associée aux voies veineuses centrales?,"La question évalue la connaissance des complications spécifiques des abords veineux centraux. Le piège courant est de confondre les complications communes (infectieuses, thrombotiques) avec celles propres aux voies centrales (embolie gazeuse).",Complications infectieuses,Incorrect. Les complications infectieuses peuvent survenir à la fois chez les voies périphériques et centrales.,Complications thrombotiques,Incorrect. Les complications thrombotiques sont fréquentes à la fois pour les voies périphériques et centrales.,Complications mécaniques,Incorrect. Les complications mécaniques (comme la perforation) peuvent survenir avec les deux types de voies veineuses.,Embolie gazeuse,"Correct. L'embolie gazeuse est une complication spécifique des voies veineuses centrales, liée à l'insertion et à la manipulation des cathéters.",d
268,OIC-229-07-B,Quelle complication des voies veineuses est associée à la présence de signes évocateurs d'infection du matériel?,"Cette question évalue la connaissance des complications des abords veineux (objectif Rang A). Le piège réside dans la confusion entre les complications infectieuses et thrombotiques, qui nécessitent des traitements distincts.",Infection de la voie veineuse,"Correcte. L'infection est associée à des signes évocateurs (fièvre, sepsis) et justifie le retrait du cathéter et des hémocultures.",Thrombose veineuse centrale,"Incorrecte. La thrombose est traitée par anticoagulation et peut laisser le cathéter en place, contrairement à l'infection.",Inflammation locale du site d'insertion,Incorrecte. L'inflammation locale n'est pas mentionnée comme signe évocateur d'infection dans le contenu.,Complication mécanique (p.ex. perforation),Incorrecte. Les complications mécaniques ne sont pas abordées dans le texte source.,a
269,OIC-230-06-A,Quelle étape est incluse dans la démarche diagnostique des quatre urgences cardio-vasculaires?,"Cette question évalue la connaissance de la démarche diagnostique, en mettant en évidence l'importance de l'ECG comme étape clé. Piège courant : confondre les étapes de l'anamnèse ou de l'examen clinique avec l'interprétation des examens objectifs.",Recherche des signes de détresse vitale,"Incorrect. Cette étape est effectuée avant l'ECG, mais ne constitue pas la démarche diagnostique elle-même.",Réalisations et interprétation de l’ECG,Correct. L'ECG est un élément central de la démarche diagnostique pour identifier les urgences cardiovasculaires.,Évaluation des pouls périphériques,"Incorrect. C'est une partie de l'examen clinique, non une étape spécifique de la démarche diagnostique.",Analyse des facteurs de risque cardiovasculaires,"Incorrect. Cela relève de l'anamnèse, pas de la démarche diagnostique proprement dite.",b
270,OIC-230-12-B,Quelle est la définition d'une douleur thoracique aiguë?,"Cette question évalue la capacité à définir précisément une douleur thoracique aiguë, un objectif clé de l'item. Le piège courant est de confondre cette notion avec une douleur thoracique chronique ou non urgente.","Douleur thoracique soudaine et intense, souvent associée à une pathologie cardiovasculaire aiguë","Correcte. Cette définition correspond à l'essence d'une douleur thoracique aiguë, qui implique une pathologie urgente.",Douleur thoracique persistante sans cause identifiable,Incorrecte. Une douleur thoracique aiguë est par définition associée à une cause identifiable et urgente.,Douleur thoracique liée à une pathologie respiratoire chronique,Incorrecte. Les pathologies respiratoires chroniques ne relèvent pas de la douleur thoracique aiguë.,Douleur thoracique liée à une cause psychosomatique,Incorrecte. Les causes psychosomatiques ne constituent pas la définition clinique d'une douleur thoracique aiguë.,a
271,OIC-230-13-A,Quelle est la principale cause thoracique de douleur aiguë en dehors des quatre urgences cardio-vasculaires?,Cette question évalue la connaissance des causes thoraciques non cardiovasculaires de douleur aiguë. Le piège réside dans la confusion avec les urgences cardiovasculaires.,"Pneumopathie infectieuse, pneumothorax, épanchement pleural et douleurs pariétales musculo-squelettiques",Correcte. Ces quatre causes sont explicitement mentionnées dans le contenu source.,Infarctus du myocarde et syndrome coronarien aigu,"Incorrecte. Ces causes relèvent des urgences cardiovasculaires, exclues par l'énoncé.",Dissection aortique et embolie pulmonaire,"Incorrecte. Ces causes sont des urgences cardiovasculaires, non thoraciques non cardiovasculaires.",Crise d'angine de poitrine et arythmies cardiaques,"Incorrecte. Ces causes sont des manifestations cardiovasculaires, non thoraciques non cardiovasculaires.",a
272,OIC-233-07-B,Quelle est la définition correcte de l'insuffisance mitrale?,Cette question évalue la connaissance des définitions des valvulopathies (objectif Rang A). Le piège courant est de confondre insuffisance mitrale avec rétrécissement mitral ou autres pathologies.,Fuite de sang du ventricule gauche vers le ventricule droit,"Incorrect. Cela correspond à une insuffisance tricuspide, non mitrale.",Fuite de sang du ventricule gauche vers l'oreillette gauche,Correct. L'insuffisance mitrale est une fuite de sang du ventricule gauche vers l'oreillette gauche.,Réduction de la surface d'ouverture de la valve aortique,"Incorrect. Cela définit le rétrécissement aortique, non l'insuffisance mitrale.",Fuite de sang du ventricule droit vers l'oreillette droite,"Incorrect. Cela correspond à une insuffisance tricuspide, non mitrale.",b
273,OIC-233-08-B,Quelle est la définition correcte de l'insuffisance mitrale (IM)?,La question évalue la connaissance des définitions des valvulopathies (objectif Rang A). Le piège réside dans la confusion entre insuffisance et rétrécissement.,Défaut de fermeture de la valve mitrale entraînant un reflux sanguin vers l'oreillette gauche,Correcte. L'IM est une insuffisance valvulaire avec reflux sanguin.,Réduction de la surface d'ouverture de la valve mitrale,Incorrecte. C'est la définition du rétrécissement mitral (RM).,Défaut de fermeture de la valve aortique entraînant un reflux sanguin vers l'artère aortique,Incorrecte. C'est la définition de l'insuffisance aortique (IA).,Réduction de la surface d'ouverture de la valve aortique,Incorrecte. C'est la définition du rétrécissement aortique (RA).,a
274,OIC-233-09-B,"Quelle proposition définit correctement l'insuffisance mitrale (IM), le rétrécissement aortique (RA), l'insuffisance aortique (IA) et le rétrécissement mitral (RM)?",Cette question évalue la capacité à distinguer les définitions des principales valvulopathies. Un piège courant est de confondre insuffisance et rétrécissement.,"L'IM est une insuffisance aortique, le RA est un rétrécissement mitral, l'IA est une insuffisance mitrale, le RM est un rétrécissement aortique","Incorrect : Mélange des définitions (IM = insuffisance mitrale, RA = rétrécissement aortique, IA = insuffisance aortique, RM = rétrécissement mitral)","L'IM est un rétrécissement mitral, le RA est une insuffisance aortique, l'IA est un rétrécissement aortique, le RM est une insuffisance mitrale","Incorrect : Inversion des définitions (IM = insuffisance mitrale, RA = rétrécissement aortique, IA = insuffisance aortique, RM = rétrécissement mitral)","L'IM est un rétrécissement aortique, le RA est une insuffisance mitrale, l'IA est un rétrécissement mitral, le RM est une insuffisance aortique","Incorrect : Confusion entre insuffisance et rétrécissement (IM = insuffisance mitrale, RA = rétrécissement aortique, IA = insuffisance aortique, RM = rétrécissement mitral)","L'IM est une insuffisance mitrale, le RA est un rétrécissement aortique, l'IA est une insuffisance aortique, le RM est un rétrécissement mitral","Correct : Correspond aux définitions officielles des valvulopathies (IM = insuffisance mitrale, RA = rétrécissement aortique, IA = insuffisance aortique, RM = rétrécissement mitral)",d
275,OIC-233-11-B,Quelle est la définition correcte du rétrécissement aortique (RA)?,La question évalue la connaissance des définitions des valvulopathies (objectif Rang A). Le piège réside dans la confusion entre les types de valvulopathies (insuffisance vs rétrécissement) et leur localisation (mitrale vs aortique).,Une insuffisance mitrale causée par une valve mitrale défectueuse.,"Incorrect. Définit l'insuffisance mitrale (IM), non le rétrécissement aortique (RA).",Une insuffisance aortique due à une valve aortique défectueuse.,"Incorrect. Définit l'insuffisance aortique (IA), non le rétrécissement aortique (RA).",Un rétrécissement de la valve aortique entraînant une obstruction du flux sanguin.,Correct. Définit précisément le rétrécissement aortique (RA) comme une sténose valvulaire.,Une insuffisance mitrale fonctionnelle liée à une insuffisance cardiaque.,"Incorrect. Définit une insuffisance mitrale fonctionnelle, non le rétrécissement aortique (RA).",c
276,OIC-234-01-B,Quelle est la principale preuve biologique permettant de poser le diagnostic de ménopause?,"Cette question évalue la capacité à identifier les critères biologiques clés pour diagnostiquer la ménopause, un objectif de Rang A. Le piège courant est de confondre les symptômes cliniques avec les éléments biologiques.",Un taux de FSH sérique supérieur à 40 UI/L,Correcte. L'élévation persistante du FSH est un marqueur biologique principal de la ménopause.,La présence de bouffées de chaleur,"Incorrecte. Les bouffées de chaleur sont un symptôme clinique, non un critère biologique.",Une amenorrhée de 6 mois consécutifs,"Incorrecte. L'amenorrhée de 12 mois est le critère clinique principal, pas 6 mois.",Une baisse de la densité osseuse,"Incorrecte. La perte osseuse est un effet à long terme, non un critère diagnostique direct.",a
277,OIC-234-03-A,Quelle est la définition de l'œdème aigu pulmonaire (OAP) cardiogénique?,"La question évalue la compréhension de la définition physiopathologique de l'OAP, un objectif clé de l'item. Le piège réside dans la confusion avec d'autres formes d'œdème pulmonaire.",Une accumulation de liquide dans les alvéoles pulmonaires due à une insuffisance cardiaque gauche,"Correcte. Cela correspond à la définition d'un OAP cardiogénique, lié à une élévation des pressions ventriculaires gauches.",Une inflammation des voies respiratoires causée par une infection virale,"Incorrecte. Cela décrit une pneumonie, non un OAP.",Une réduction du débit cardiaque en raison d'une insuffisance ventriculaire droite,"Incorrecte. Cela correspond à une insuffisance cardiaque droite, non à un OAP.",Une obstruction des artères pulmonaires par un caillot sanguin,Incorrecte. Cela décrit un syndrome de cor pulmonale ou une embolie pulmonaire.,a
278,OIC-234-04-A,Quelle est la définition correcte de la périménopause et de la ménopause?,"Cette question évalue la capacité à distinguer les définitions clés de la périménopause et de la ménopause, un objectif de Rang A essentiel pour la prise en charge clinique.","La périménopause correspond à la transition vers la ménopause, marquée par des variations hormonales et des irrégularités menstruelles, tandis que la ménopause désigne la fin définitive des règles après 12 mois de cessation.",Correcte. Cette réponse définit précisément les deux étapes du processus ménopausique.,"La périménopause est la phase de la ménopause où les règles cessent définitivement, tandis que la ménopause désigne la période de transition hormonale.","Incorrecte. Inverse les définitions : la périménopause est la transition, non la phase finale.","La périménopause est une baisse hormonale brutale, tandis que la ménopause est une perte de fertilité progressive.","Incorrecte. Mélange des mécanismes et des phases, sans mentionner les critères de durée (12 mois).","La périménopause correspond à la perte de fertilité, et la ménopause à la fin des règles après 6 mois de cessation.",Incorrecte. Utilise une durée erronée (6 mois au lieu de 12 mois) pour définir la ménopause.,a
279,OIC-234-06-B,Quelle est la principale différence entre l'œdème pulmonaire cardiogénique et l'œdème lésionnel par altération de la membrane alvéolo-capillaire?,Cette question évalue la capacité à distinguer les mécanismes physiopathologiques des deux types d'œdème pulmonaire. Un piège courant est de confondre les causes de l'augmentation de la pression capillaire.,L'œdème pulmonaire cardiogénique est lié à une élévation de la pression capillaire pulmonaire,"Correcte. Cette option identifie la cause principale de l'œdème cardiogénique, qui est l'hyperpression capillaire.",L'œdème lésionnel est causé par une diminution de la pression oncotique,"Incorrecte. L'œdème lésionnel est lié à une augmentation de la perméabilité alvéolo-capillaire, non à une diminution de la pression oncotique.",L'œdème lésionnel se caractérise par une teneur en protides faible dans le liquide d'œdème,"Incorrecte. L'œdème lésionnel présente une teneur en protides élevée, proche de celle du plasma.",L'œdème cardiogénique provoque une fibrose interstitielle sans hypoxémie,Incorrecte. L'œdème cardiogénique peut évoluer vers une fibrose interstitielle et est associé à une hypoxémie.,a
280,OIC-234-13-B,Quelle est la définition correcte de la ménopause?,Cette question évalue la capacité à distinguer la définition précise de la ménopause parmi des options ambiguës. Un piège courant est de confondre la ménopause avec la périménopause.,Cessation définitive des règles menstruelles après 12 mois de cycles irréguliers,"Correcte. La ménopause est définie par la cessation définitive des règles après 12 mois de cycles irréguliers, conformément à l'objectif Rang A.",Cessation des règles après 6 mois de cycles irréguliers,"Incorrecte. La durée minimale requise est de 12 mois, non 6 mois.",Cessation des règles liée à une insuffisance ovarienne prématurée,"Incorrecte. Cela décrit une insuffisance ovarienne prématurée, non la ménopause naturelle.",Cessation des règles liée à une hypogonadisme testiculaire,"Incorrecte. Cela concerne l'andropause, non la ménopause.",a
281,OIC-234-16-A,Quelle est la principale étiologie de l'insuffisance cardiaque gauche?,"Cette question évalue la connaissance des principales causes de l'insuffisance cardiaque gauche, un objectif clé de l'item. Le piège courant est de confondre les facteurs déclenchants (comme la fibrillation atriale) avec les étiologies principales.",La cardiopathie ischémique,"Correcte. La cardiopathie ischémique est la principale cause de l'insuffisance cardiaque gauche, souvent liée à des lésions du myocarde.",Les troubles du rythme ventriculaire,"Incorrecte. Les troubles du rythme peuvent être des facteurs déclenchants, mais ne constituent pas l'étiologie principale.",L'hypertension artérielle,"Incorrecte. L'HTA est une cause fréquente mais secondaire, surtout dans le contexte d'une insuffisance avec fraction d'éjection préservée.",Les cardiomyopathies restrictives,"Incorrecte. Les cardiomyopathies restrictives sont des causes rares et spécifiques, non dominantes dans l'étiologie principale.",a
282,OIC-234-19-A,Quelle est la principale mesure hygiéno-diététique recommandée pour la gestion de l'insuffisance cardiaque de l'adulte?,"Cette question évalue la connaissance des mesures hygiéno-diététiques clés pour la prise en charge de l'insuffisance cardiaque, en mettant l'accent sur la réduction du sel.",Bannir la salière de la table et limiter le sel à moins de 5 à 6 g par jour,Correcte : Le régime pauvre en sel est une mesure essentielle pour réduire la charge sur le cœur.,Privilégier l'alcool modéré et continuer le tabac,"Incorrecte : L'alcool et le tabac sont à éviter, surtout en cas de cardiomyopathie dilatée.",Privilégier une activité physique intense comme le sport de haut niveau,Incorrecte : L'activité physique doit être modérée et adaptée au patient.,Surveiller le poids et consulter en cas de prise de poids de 2 à 3 kg,"Incorrecte : Bien que pertinent, la surveillance du poids est une mesure secondaire par rapport au régime alimentaire.",a
283,OIC-235-05-B,Quelle est la caractéristique électrocardiographique typique d'une péricardite aiguë?,Cette question évalue la capacité à identifier les modifications ECG spécifiques de la péricardite aiguë. Un piège courant est de confondre ces signes avec ceux d'un infarctus ou d'une autre pathologie cardiaque.,Élévation diffuse des segments ST avec dépression des ondes PR,Correcte. L'élévation ST diffuse et la dépression PR sont les signes électrocardiographiques classiques de la péricardite aiguë.,Inversion des ondes T dans les dérivations précordiales,Incorrecte. L'inversion des ondes T est un signe secondaire et non spécifique de la péricardite aiguë.,Onde Q profonde dans les dérivations de face,"Incorrecte. L'onde Q profonde est associée à un infarctus myocardique, non à la péricardite aiguë.",Hyperkaliémie avec dérèglement des ondes T,Incorrecte. Les modifications des ondes T liées à l'hyperkaliémie sont distinctes des signes de la péricardite aiguë.,a
284,OIC-235-07-A,Quelle est la caractéristique électrocardiographique typique d'une péricardite aiguë?,"Cette question évalue la capacité à identifier les particularités de l'ECG en péricardite aiguë, un objectif clé de Rang A. Le piège courant est de confondre les décalages ST avec ceux d'un infarctus.","Décalage ST diffus, concave vers le haut, sans onde Q ni miroir, avec sous-décalage PQ","Correcte. Correspond exactement aux caractéristiques décrites dans le contenu source (ST diffus, concave, absence de Q et de miroir, PQ décalé).",Onde Q profonde dans les dérivations précordiales,"Incorrecte. Les ondes Q sont absentes dans la péricardite aiguë, contrairement à l'infarctus.",Décalage ST localisé au niveau du myocarde inférieur,Incorrecte. Le décalage ST est diffus et non localisé dans la péricardite aiguë.,Miroir des décalages ST dans les dérivations inverses,"Incorrecte. Le miroir des décalages ST est absent dans la péricardite aiguë, contrairement à l'infarctus.",a
285,OIC-235-09-A,Quelle est l'étiologie la plus fréquente de la péricardite aiguë bénigne?,Cette question évalue la connaissance de l'étiologie de la forme clinique usuelle de la péricardite aiguë. Le piège courant est de confondre l'étiologie virale avec d'autres causes moins fréquentes.,Une infection bactérienne,"Incorrect. La péricardite aiguë bénine est rarement d'origine bactérienne, sauf dans des cas exceptionnels comme les complications post-chirurgicales.",Une infection virale,"Correct. L'étiologie virale (notamment les entérovirus, adénovirus, etc.) correspond à 90% des cas de péricardite aiguë bénigne.",Une réaction auto-immune,"Incorrect. Les réactions auto-immunes sont des causes moins fréquentes, souvent associées à des contextes spécifiques comme le lupus ou la sclérose en plaques.",Une complication d'un infarctus du myocarde,"Incorrect. Cette étiologie correspond à des formes rares de péricardite, non à la forme clinique usuelle.",b
286,OIC-239-01-A,Quelle est la définition correcte des acrosyndromes mentionnés?,"Cette question évalue la capacité à distinguer les définitions des acrosyndromes. Le piège réside dans la confusion entre vasoconstriction et vasodilatation, ou entre acrocyanose et ischémie digitale.",Phénomène de Raynaud : vasoconstriction paroxystique induite par le froid ; érythermalgie : vasodilatation paroxystique induite par la chaleur ; acrocyanose : cyanose permanente des extrémités ; engelures : ischémie trophique des orteils ; ischémies digitales : ischémie localisée des doigts/orteils,Correcte : correspond exactement aux définitions fournies dans le contenu source.,Phénomène de Raynaud : vasodilatation induite par la chaleur ; érythermalgie : vasoconstriction induite par le froid ; acrocyanose : rougeur temporaire des extrémités ; engelures : érythème cutané ; ischémies digitales : œdème des doigts,"Incorrecte : inverse les mécanismes (vasoconstriction vs vasodilatation) et les caractéristiques cliniques (cyanose vs rougeur, ischémie vs œdème).",Phénomène de Raynaud : ischémie permanente des doigts ; érythermalgie : hyperémie des orteils ; acrocyanose : engelures récurrentes ; engelures : phénomène de Raynaud secondaire ; ischémies digitales : réaction allergique,"Incorrecte : mélange les acrosyndromes et associe des causes incorrectes (allergie, ischémie permanente).",Phénomène de Raynaud : vasodilatation induite par l'exercice ; érythermalgie : cyanose intermittente ; acrocyanose : engelures saisonnières ; engelures : ischémie réversible ; ischémies digitales : phénomène de Raynaud primaire,"Incorrecte : confond les mécanismes (vasodilatation vs vasoconstriction) et les caractéristiques (cyanose vs hyperémie, ischémie réversible vs permanente).",a
287,OIC-239-07-B,Quelle photographie représente correctement le phénomène de Raynaud en phase syncopale?,"Cette question évalue la capacité à identifier la manifestation clinique spécifique du phénomène de Raynaud en phase syncopale, un objectif de Rang A. Le piège courant est de confondre cette phase avec d'autres acrosyndromes comme l'engelure ou l'acrocyanose.",Photographie montrant des doigts pâles et cyanotiques avec des vaisseaux sanguins visibles,Correcte. La phase syncopale du phénomène de Raynaud se caractérise par une pâleur et cyanose des extrémités avec dilatation des capillaires.,Photographie d'orteils gélifiés avec des cloques,"Incorrecte. Cela correspond à une engelure, non au phénomène de Raynaud.",Photographie de doigts rouges et brûlants avec des douleurs,"Incorrecte. Cela correspond à l'érythermalgie, un acrosyndrome distinct.",Photographie de mains avec des lésions cutanées fibroses,"Incorrecte. Cela évoque la sclérodermie, non le phénomène de Raynaud.",a
288,OIC-242-02-B,Quelle est la définition de l'hyperthyroïdie et de la thyrotoxicose?,"Cette question évalue la capacité à distinguer les deux concepts clés de l'hyperthyroïdie. La thyrotoxicose désigne l'état de surdosage en hormones thyroïdiennes, tandis que l'hyperthyroïdie correspond à la cause pathologique (ex. glande thyroïdienne hyperactive).","L'hyperthyroïdie est une surproduction hormonale par la glande thyroïdienne, entraînant une thyrotoxicose",Correcte. Elle définit clairement l'hyperthyroïdie comme cause et la thyrotoxicose comme conséquence.,La thyrotoxicose est une hyperproduction hormonale due à une cause exogène,Incorrecte. La thyrotoxicose peut résulter de causes exogènes (ex. médicaments) ou endogènes (ex. hyperthyroïdie).,L'hyperthyroïdie désigne une augmentation des taux de TSH sans surproduction hormonale,"Incorrecte. L'hyperthyroïdie implique une surproduction hormonale, ce qui inhibe la sécrétion de TSH.",La thyrotoxicose est une affection uniquement liée à la maladie de Basedow,Incorrecte. La thyrotoxicose peut survenir avec d'autres causes comme les nodules hyperfunctionnels ou les troubles exogènes.,a
289,OIC-242-08-B,Quelle est la définition correcte de l'hyperthyroïdie?,"Cette question évalue la compréhension de la définition de l'hyperthyroïdie, un objectif de Rang A essentiel pour distinguer cette pathologie des autres troubles thyroïdiens.",C'est une surproduction hormonale de la glande thyroïde entraînant une thyrotoxicose,Correcte. Elle définit l'hyperthyroïdie comme une surproduction hormonale avec conséquence sur la thyrotoxicose.,C'est une insuffisance thyroïdienne chronique non compensée,"Incorrecte. Cela correspond à l'hypothyroïdie, pas à l'hyperthyroïdie.",C'est une hyperplasie bénigne de la glande thyroïde sans surproduction hormonale,"Incorrecte. Cela décrit une hyperplasie, non une hyperthyroïdie.",C'est une inflammation aiguë de la glande thyroïde sans altération hormonale,"Incorrecte. Cela correspond à une thyroïdite aiguë, pas à l'hyperthyroïdie.",a
290,OIC-242-12-B,Quelle est la particularité biologique non pathologique des patients traités par amiodarone?,"La question évalue la connaissance des critères diagnostiques d'une hyperthyroïdie iatrogène, en mettant en évidence une particularité biologique spécifique liée à l'amiodarone.",Une concentration de T4L un peu élevée,"Correcte. L'amiodarone inhibe la désiodase de la T4, entraînant une concentration de T4L élevée sans pathologie thyroïdienne.",Une concentration de TSH très basse,"Incorrecte. La TSH reste normale chez ces patients, contrairement à la thyrotoxicose classique.",Une augmentation des anticorps anti-récepteurs de TSH,"Incorrecte. Ces anticorps sont spécifiques de la maladie de Basedow, pas de l'hyperthyroïdie iatrogène.",Une thyroïdite avec relargage de T3 et T4,"Incorrecte. C'est une caractéristique de l'hyperthyroïdie de type II, non de la particularité biologique non pathologique.",a
291,OIC-242-13-B,Quelle est la bonne association des trois étiologies les plus fréquentes d'hyperthyroïdie?,"Cette question évalue la connaissance des trois causes principales de l'hyperthyroïdie, un objectif de Rang A. Un piège courant est de confondre les causes rares (comme la thyroïdite ou la surcharge iodée) avec les plus fréquentes.","Maladie de Basedow, goitre multinodulaire toxique, adénome toxique","Correcte. Ces trois causes représentent les étiologies les plus fréquentes de l'hyperthyroïdie, comme mentionné dans le contenu source.","Maladie de Basedow, thyroïdite, hyperthyroïdie induite par surcharge iodée","Incorrecte. La thyroïdite et la surcharge iodée sont des causes rares, non les plus fréquentes.","Goitre multinodulaire toxique, adénome toxique, thyroïdite","Incorrecte. La thyroïdite est une cause rare, pas une des trois principales.","Maladie de Basedow, goitre multinodulaire toxique, thyroïdite","Incorrecte. La thyroïdite est une cause rare, pas une des trois principales.",a
292,OIC-245-02-A,Quelle est la caractéristique sémiologique principale de l'insuffisance surrénale primaire?,"Cette question évalue la capacité à identifier les signes distinctifs de l'insuffisance surrénale primaire, un objectif clé du diagnostic positif. Le piège réside dans la confusion avec les manifestations de l'insuffisance secondaire.",Hyperpigmentation de la peau et muqueuses,Correcte. L'hyperpigmentation est un marqueur spécifique de l'insuffisance surrénale primaire due à la résistance au cortisol.,Hypotension orthostatique marquée,"Incorrecte. Bien que présente, l'hypotension est moins marquée dans l'insuffisance secondaire.",Hyponatrémie de dilution,"Incorrecte. C'est une caractéristique de l'insuffisance secondaire, liée à la perte de sel par dilution.",Hyperkaliémie associée à une anémie normochrome,"Incorrecte. L'hyperkaliémie est un signe de l'insuffisance primaire, mais l'anémie normochrome est plus liée à la décompensation.",a
293,OIC-245-03-A,Quel est le critère principal permettant de poser le diagnostic de ménopause?,"Cette question évalue la capacité à identifier les éléments cliniques et biologiques essentiels pour diagnostiquer la ménopause, un objectif de Rang A. Le piège courant est de confondre les symptômes du syndrome climatérique avec les critères diagnostiques.",La présence de bouffées de chaleur persistantes,"Incorrect. Les bouffées de chaleur sont un symptôme du syndrome climatérique, mais non un critère diagnostique principal.",L'absence de règles pendant 12 mois consécutifs,Correct. L'arrêt des règles pendant 12 mois est le critère principal pour diagnostiquer la ménopause.,Une baisse de la libido associée à une fatigue chronique,"Incorrect. Ces symptômes sont des manifestations possibles, mais non des critères diagnostiques objectifs.",Une diminution des taux d'œstrogènes sériques,"Incorrect. Bien que les taux d'œstrogènes soient perturbés, ils ne constituent pas le critère principal de diagnostic.",b
294,OIC-245-04-A,Quelle est la combinaison correcte de signes cliniques et biologiques de l'insuffisance corticotrope?,"La question évalue la connaissance des signes spécifiques de l'insuffisance corticotrope, en mettant en évidence la particularité de l'absence de mélanodermie et la présence d'hyponatrémie sans hyperkaliémie.",Mélanodermie et hyperkaliémie,Incorrect : La mélanodermie est absente et l'hyperkaliémie n'est pas associée à l'insuffisance corticotrope.,Pâleur et hyponatrémie sans hyperkaliémie,Correct : C'est la combinaison exacte des signes cliniques et biologiques décrits dans le contenu.,Hyperkaliémie et hyponatrémie,Incorrect : L'hyperkaliémie n'est pas un signe biologique associé à l'insuffisance corticotrope.,Mélanodermie et hyponatrémie,Incorrect : La mélanodermie est absente et l'hyponatrémie est associée à l'absence d'hyperkaliémie.,b
295,OIC-245-07-A,Quelle est l'élément clinique principal permettant de poser le diagnostic de ménopause?,"Cette question évalue la capacité à identifier les critères cliniques de base pour diagnostiquer la ménopause, un objectif clé de Rang A. Le piège réside dans la confusion entre symptômes (comme les bouffées de chaleur) et critères diagnostiques.",Absence de règles pendant 12 mois consécutifs,Correcte. L'absence de règles pendant 12 mois est le critère clinique principal pour diagnostiquer la ménopause.,Bouffées de chaleur fréquentes,"Incorrecte. Les bouffées de chaleur sont un symptôme du syndrome climatérique, non un critère diagnostique.",Augmentation des taux de FSH,"Incorrecte. L'élévation des taux de FSH est un élément biologique, non clinique, utilisé pour confirmer le diagnostic.",Diminution des taux d'œstrogènes,"Incorrecte. La baisse des œstrogènes est un élément biologique, non clinique, et ne suffit pas à elle seule à diagnostiquer la ménopause.",a
296,OIC-245-11-B,Quelle est la définition correcte de la périménopause et de la ménopause?,"Cette question évalue la compréhension des définitions clés de la périménopause et de la ménopause, un objectif de Rang A essentiel pour identifier les stades de la transition hormonale.","La périménopause correspond à la phase de transition vers la ménopause, marquée par des irrégularités menstruelles, tandis que la ménopause est le diagnostic posé après 12 mois sans règles.",Correcte. Cette réponse définit précisément les deux étapes de la transition hormonale.,"La périménopause est le diagnostic posé après 12 mois sans règles, et la ménopause correspond à la phase de transition vers la ménopause.","Incorrecte. Les définitions sont inversées : la ménopause est le diagnostic posé après 12 mois sans règles, et la périménopause est la phase de transition.","La périménopause est une forme de ménopause prématurée, tandis que la ménopause naturelle est liée à l'âge avancé.","Incorrecte. La périménopause n'est pas une forme de ménopause prématurée, mais une phase de transition vers la ménopause naturelle.","La périménopause est un état hormonnel stable, tandis que la ménopause est une phase de déclin progressif des hormones.","Incorrecte. La périménopause est une phase de transition, non un état stable, et la ménopause est le diagnostic posé après 12 mois sans règles.",a
297,OIC-245-17-B,"Quel examen doit être réalisé immédiatement en cas de suspicion d'insuffisance surrénale, sans attendre les résultats?",Évalue la capacité à identifier l'examen essentiel pour confirmer le diagnostic d'insuffisance surrénale en urgence. Piège : confondre les examens complémentaires avec le diagnostic initial.,Dosage de la cortisolémie et de l'ACTH sanguins,Correcte. Ces deux paramètres permettent de confirmer le diagnostic d'insuffisance surrénale et d'identifier son origine (primitive ou secondaire).,Dosage de l'aldostérone et de la rénine plasmatique,"Incorrecte. Ces examens sont utilisés pour établir l'étiologie secondaire (ex : insuffisance surrénale secondaire à une cause hypophysaire), mais ne permettent pas de confirmer le diagnostic initial.",Mesure de la sécrétion de cortisol en charge,"Incorrecte. Cette épreuve est une méthode de confirmation secondaire, non immédiate, et ne remplace pas le dosage sanguin de cortisol et ACTH.",Analyse des électrolytes plasmatiques,"Incorrecte. Bien que pertinente pour évaluer les complications (ex : hypokaliémie), elle ne confirme pas directement le diagnostic d'insuffisance surrénale.",a
298,OIC-245-19-B,Quelle est la définition correcte de l'andropause ou du déficit androgénique lié à l'âge?,"Cette question évalue la capacité à définir précisément l'andropause, un concept souvent confondu avec la ménopause. Un piège courant est de confondre le déficit androgénique avec l'hypoestrogénie ou les symptômes de la ménopause.","Diminution progressive des niveaux de testostérone liée à l'âge, sans cause pathologique identifiable","Correcte. Cette définition correspond à l'andropause, un phénomène physiologique lié à la baisse de la production androgénique avec l'âge.",Absence totale de production hormonale par les glandes surrénales,"Incorrecte. Cela décrirait une insuffisance surrénale, non l'andropause.",Syndrome climatérique associé à une baisse d'œstrogènes,"Incorrecte. Cela correspond à la ménopause, non à l'andropause.",Hyperandrogénie liée à une pathologie testiculaire,"Incorrecte. Cela décrit un état pathologique, non un phénomène physiologique lié à l'âge.",a
299,OIC-247-01-A,Quelle est la définition correcte du diabète selon les critères évoqués dans le contenu?,"La question évalue la connaissance de la définition du diabète, en mettant l'accent sur l'hyperglycémie chronique et le risque de rétinopathie, conformément à l'objectif de Rang A.","Le diabète est défini par une hyperglycémie chronique et un risque de rétinopathie lié à une glycémie à jeun supérieure à 1,26 g/l.","Correcte. Elle reprend la définition clé du diabète basée sur l'hyperglycémie et le risque de rétinopathie, conformément aux données citées.",Le diabète est défini par une insulino-résistance et une perte de poids involontaire.,"Incorrecte. L'insulino-résistance est un mécanisme physiopathologique du DT2, non une définition du diabète.",Le diabète est défini par une hypoglycémie récurrente et une polyurie.,"Incorrecte. L'hypoglycémie est une complication, non une caractéristique définissant le diabète.",Le diabète est défini par une néphropathie diabétique et une neuropathie périphérique.,"Incorrecte. Ces complications surviennent à long terme, non dans la définition du diabète.",a
300,OIC-247-06-A,Quelle est la principale cause de survenue des atteintes micro-angiopathiques chez le diabétique?,Cette question évalue la connaissance des facteurs de risque majeurs des complications microvasculaires. Le piège réside dans la confusion avec les facteurs macrovasculaires ou les causes aiguës.,Hyperglycémie chronique (HbA1c) et durée d'exposition au diabète,"Correcte. L'exposition prolongée à l'hypoglycémie est le facteur principal des microangiopathies, comme la néphropathie et la rétinopathie.",Insuffisance rénale aiguë liée à une déshydratation,"Incorrecte. C'est une complication aiguë, non un facteur de risque chronique des microangiopathies.",Pratique régulière d'activités physiques intenses,"Incorrecte. L'exercice physique réduit le risque, contrairement à ce que suggère l'option.",Infection virale récente avec fièvre prolongée,"Incorrecte. Les infections aiguës sont des déclencheurs, pas des facteurs de risque chroniques.",a
301,OIC-247-08-B,Quelle est une caractéristique principale du diabète de type 1 (DT1)?,"La question évalue la classification des diabètes sucrés, en mettant en évidence la distinction entre DT1 et DT2. Le piège courant est de confondre les mécanismes physiopathologiques (comme l'insulinorésistance) avec les caractéristiques de classification.",Destruction auto-immune des cellules bêta pancréatiques,"Correcte. La destruction auto-immune des cellules bêta est un pilier de la classification du DT1, entraînant une absence d'insuline.",Insulinorésistance périphérique,"Incorrecte. L'insulinorésistance est un mécanisme clé du DT2, non du DT1.",Prédisposition génétique liée aux antioxydants,"Incorrecte. Bien que la génétique soit un facteur, elle n'est pas une caractéristique de classification spécifique au DT1.",Hyperglycémie chronique sans symptômes,"Incorrecte. L'hyperglycémie est une conséquence, non une caractéristique de classification du DT1.",a
302,OIC-247-14-B,Quelle est la méthode standard d'évaluation du risque cardiovasculaire chez le diabétique?,La question évalue la connaissance des outils d'évaluation du risque cardiovasculaire (objectif Rang A). Le piège réside dans la confusion entre les examens spécifiques des complications macrovasculaires et les scores de risque globaux.,Échographie Doppler des artères des membres inférieurs,"Incorrect. C'est une méthode d'exploration clinique des artériopathies, non un score de risque cardiovasculaire.",Score de risque Framingham modifié,Correct. Le score Framingham modifié est un outil standard d'évaluation du risque cardiovasculaire chez le diabétique.,Test d'effort avec électrocardiogramme,"Incorrect. C'est une méthode d'exploration de l'ischémie myocardique, non un score de risque cardiovasculaire.",Mesure de l'indice de pression systolique (IPS),"Incorrect. L'IPS est un paramètre d'exploration clinique, non un score de risque cardiovasculaire.",b
303,OIC-247-16-A,Quelle est la caractéristique biologique essentielle permettant de distinguer le coma hyperosmolaire de l'acido-cétose diabétique?,Cette question évalue la capacité à identifier les critères biologiques discriminants entre les deux urgences métaboliques. Le piège courant est de confondre les valeurs de glycémie et d'osmolalité.,Présence de cétonémie > 3 mmol/l et bicarbonate < 18 mmol/l,"Incorrect. Ces critères correspondent à l'acido-cétose diabétique, pas au coma hyperosmolaire.",Glycémie > 30 mmol/l avec osmolalité > 320 mOsmol/kg et cétonémie négative,"Correct. Ces critères définissent le coma hyperosmolaire, qui se distingue par l'absence de cétonémie.","Bicarbonate < 5 mmol/l et pH veineux < 7,30 avec cétonémie > 6 mmol/l","Incorrect. Ces valeurs correspondent à une acido-cétose diabétique sévère, non au coma hyperosmolaire.",Glycémie < 70 mg/dl avec symptômes neuro-glucopéniques,"Incorrect. Ces critères décrivent l'hypoglycémie, une condition distincte des deux urgences métaboliques aiguës.",b
304,OIC-247-18-A,Quelle est la première mesure à mettre en œuvre en cas de suspicion d'acidocétose chez un enfant diabétique?,Cette question évalue la capacité à identifier les premiers gestes de prise en charge d'une urgence diabétique. Le piège courant est de confondre les symptômes avec d'autres pathologies aiguës.,Hospitalisation en urgence avec surveillance cardiorespiratoire et réhydratation hydroélectrolytique,Correcte. C'est la mesure initiale standardisée pour stabiliser l'enfant en cas d'acidocétose.,Administration immédiate d'insuline par voie orale,"Incorrecte. L'insuline doit être administrée par voie intraveineuse en urgence, pas orale.",Mesure de la glycémie capillaire sans intervention immédiate,"Incorrecte. Une urgence nécessite une prise en charge immédiate, pas seulement une mesure de glycémie.",Surveillance neurologique sans réhydratation,Incorrecte. La réhydratation est essentielle pour prévenir l'œdème cérébral et la déshydratation.,a
305,OIC-247-23-A,Quelle est la principale caractéristique de la prise en charge multifactorielle du diabète de type 2?,"Cette question évalue la compréhension des principes de prise en charge globale du DT2, en mettant l'accent sur l'approche centrée sur le patient et la prise en compte des facteurs de risque cardiovasculaires.",Elle se limite à la régulation strictement glycémique sans adaptation aux facteurs individuels,Incorrect. La prise en charge multifactorielle intègre des objectifs personnalisés selon le profil clinique et biologique du patient.,Elle privilégie exclusivement la réduction des lipides sanguins sans surveillance tensionnelle,Incorrect. Elle néglige les objectifs tensionnels essentiels à la prévention cardiovasculaire.,"Elle combine la gestion glycémique, lipidique et tensionnelle avec des mesures de prévention secondaire",Correct. Cela reflète les principes de prise en charge multifactorielle évoqués dans le contenu.,Elle se concentre uniquement sur la prise de médicaments sans adaptation diététique,Incorrect. Elle ignore les règles diététiques et l'activité physique comme éléments clés de l'approche.,c
306,OIC-247-25-A,Quelle est la modalité principale de prévention de l'hypoglycémie chez le patient diabétique?,"La question évalue la connaissance des mesures préventives de l'hypoglycémie, un objectif de Rang A. Un piège courant est de confondre les mesures de prévention avec les traitements d'urgence.","Éduquer le patient sur les signes cliniques, les médicaments à risque et les situations à risque","Correcte. L'éducation du patient est le pilier de la prévention, comme indiqué dans la section « Prévention » du contenu source.",Administer un glucagon en injection intraveineuse en cas d'inconscience,"Incorrecte. Cette mesure correspond à la prise en charge d'urgence, non à la prévention.",Surveiller régulièrement le taux glycémique à jeun,"Incorrecte. Bien que pertinent, la surveillance est une mesure complémentaire et non la modalité principale de prévention.",Précrire un traitement à base de sulfamides à longue durée d'action,"Incorrecte. Les sulfamides sont des médicaments à risque d'hypoglycémie, pas une mesure préventive.",a
307,OIC-247-26-B,Quelle est une des principales causes de l'atteinte micro-angiopathique chez le diabétique?,La question évalue la connaissance des facteurs de risque des atteintes micro-angiopathiques (objectif Rang A). Le piège réside dans la confusion entre les facteurs de risque et les mesures préventives.,L'hypertension artérielle mal contrôlée,"Correcte. L'hypertension non maîtrisée est un facteur de risque majeur des microangiopathies diabétiques, comme mentionné dans la gestion de la pression artérielle.",La prise d'insuline à longue durée d'action,"Incorrecte. L'insuline est un traitement, non un facteur de risque. Elle est utilisée pour contrôler la glycémie, un facteur de risque inverse.",La consommation d'alcool modérée,Incorrecte. L'alcool modéré n'est pas un facteur de risque connu pour les microangiopathies diabétiques.,La surveillance régulière de l'HbA1c,"Incorrecte. La surveillance de l'HbA1c est une mesure préventive, non un facteur de risque.",a
308,OIC-247-27-B,Quelle est la principale recommandation pour l'équilibre glycémique chez un patient diabétique avec rétinopathie diabétique?,"La question évalue la connaissance des principes de prise en charge du diabète en lien avec les complications, en mettant l'accent sur l'objectif de contrôle glycémique pour prévenir l'aggravation des lésions oculaires.",Maintenir un taux d'HbA1c supérieur à 8 % pour éviter les complications,Incorrect. L'HbA1c doit être < 7 % pour réduire le risque de progression de la rétinopathie.,Cibler un taux d'HbA1c < 7 % dès le stade de rétinopathie préproliférante,Correct. L'objectif glycémique strict est recommandé pour prévenir l'aggravation visuelle.,Prioriser la réduction des lipides sans contrôler la glycémie,"Incorrect. L'équilibre tensionnel et lipidique est important, mais la glycémie reste prioritaire.",Ne pas surveiller la glycémie en cas de rétinopathie sévère,Incorrect. Une surveillance rigoureuse est essentielle pour éviter les complications oculaires.,b
309,OIC-247-31-B,Quelle est une des principales composantes du suivi transdisciplinaire du diabétique?,La question évalue la connaissance des principes généraux de prise en charge multifactorielle du DT2 et de l'approche centrée sur le patient (objectif Rang A). Elle met en évidence le caractère multidisciplinaire et global du suivi.,Impliquer un équipe pluridisciplinaire comprenant des spécialistes et des professionnels de santé pour la prévention et le suivi des complications,"Correcte : Correspond exactement aux principes décrits dans le contenu (médecin généraliste, diététicien, podologue, etc.)",Se concentrer uniquement sur la gestion des facteurs de risque cardiovasculaire,"Incorrecte : Le suivi transdisciplinaire englobe plus que les facteurs cardiovasculaires (prévention, complications, alimentation, etc.)",Prioriser les traitements médicamenteux sans adaptation individuelle,Incorrecte : L'approche centrée sur le patient implique une adaptation personnalisée et non une approche uniquement médicamenteuse,Se limiter à la surveillance glycémique sans intervention multidisciplinaire,Incorrecte : Le suivi transdisciplinaire nécessite une collaboration entre différents professionnels et non une surveillance isolée,a
310,OIC-254-03-B,Quelle mesure préventive est essentielle pour éviter la listériose et la toxoplasmose chez la femme non immunisée pendant la grossesse?,Cette question évalue la connaissance des mesures préventives spécifiques contre les infections alimentaires liées à la listériose et à la toxoplasmose. Un piège courant est de confondre les aliments à risque avec d'autres restrictions alimentaires.,Éviter les viandes crues ou sous-cuites et les produits laitiers non pasteurisés,Correcte. Ces aliments sont des vecteurs majeurs de listériose et de toxoplasmose. La pasteurisation et la cuisson appropriée réduisent significativement les risques.,Préférer les légumes crus plutôt que cuits,Incorrecte. Les légumes crus ne sont pas un principal vecteur de ces infections. Le risque réside davantage dans les aliments animaux non traités.,Consommer exclusivement des fruits frais et des légumes bio,"Incorrecte. Bien que les produits bio puissent réduire certains risques, ils ne préviennent pas spécifiquement la listériose ou la toxoplasmose. Les aliments à risque sont plus liés à la préparation et au traitement.",Éviter les produits laitiers fermentés comme le yaourt,"Incorrecte. Les produits laitiers fermentés pasteurisés sont généralement sûrs. Le risque vient des produits non pasteurisés, non des fermentations.",a
311,OIC-256-02-B,Quelle est une des principales causes de contre-indication à la pratique sportive?,"Cette question évalue la connaissance des causes principales de contre-indication, un objectif de Rang A. Un piège courant est de confondre les contre-indications aiguës (ex. fracture) avec les causes chroniques.",Une maladie chronique en décompensation,"Correcte. Les maladies chroniques en décompensation constituent une cause majeure de contre-indication, comme mentionné dans le contenu source.",Une fracture en phase de consolidation,"Incorrecte. Bien que mentionnée, cette situation est une contre-indication aiguë et non une cause principale persistante.",Une allergie alimentaire modérée,Incorrecte. Les allergies alimentaires modérées ne sont pas évoquées comme cause principale de contre-indication dans le contenu.,Une fatigue temporaire liée à un examen scolaire,Incorrecte. La fatigue temporaire n'est pas considérée comme une contre-indication médicale définie dans le texte.,a
312,OIC-256-03-B,Quelle est une indication de recherche de facteurs de risque cardiovasculaires lors de l'interrogatoire pour un certificat de pratique sportive?,"Cette question évalue la capacité à identifier les facteurs de risque cardiovasculaires à l'interrogatoire, un objectif clé de l'objectif de connaissance Rang A. Le piège courant est de confondre les symptômes avec les facteurs de risque.",Antécédents familiaux de maladie cardiovasculaire,Correcte. Les antécédents familiaux sont un facteur de risque cardiovasculaire majeur à rechercher.,Douleur thoracique pendant l'exercice,"Incorrecte. C'est un symptôme évocateur, non un facteur de risque, et relève de l'interrogatoire sur les symptômes.",Pratique sportive intense,"Incorrecte. C'est une condition de pratique, non un facteur de risque ou un symptôme.",Hypertension artérielle,"Incorrecte. Bien qu'elle soit un facteur de risque, elle est mentionnée dans le contenu comme un élément à évaluer, mais la question exige une réponse spécifique à l'interrogatoire.",a
313,OIC-257-01-A,Quelle est la définition correcte des œdèmes?,Cette question évalue la capacité à identifier la définition centrale des œdèmes. Un piège courant est de confondre l'accumulation interstitielle avec une rétention sanguine ou une hyperhydratation globale.,Accumulation de liquide dans les tissus interstitiels,Correcte. C'est la définition exacte donnée dans le contenu source.,Inflammation des tissus associée à une augmentation du débit sanguin,"Incorrecte. L'inflammation est une cause locale d'œdème, mais non sa définition.",Hyperhydratation extracellulaire due à une déséquilibre sodé,"Incorrecte. C'est une description des œdèmes généralisés, non la définition générale.",Accumulation de liquide dans les vaisseaux sanguins,"Incorrecte. Les œdèmes concernent le tissu interstitiel, pas le compartiment vasculaire.",a
314,OIC-257-05-A,Quelle est la caractéristique clinique majeure des œdèmes liés à une rétention hydrosodée?,Cette question évalue la reconnaissance des manifestations cliniques spécifiques des œdèmes généralisés liés à une rétention hydro-sodée. Un piège courant est de confondre ces signes avec ceux des œdèmes localisés.,"Bilatéraux et symétriques, déclives, blancs, mous et prenant le godet","Correcte. Ces signes correspondent aux manifestations typiques des œdèmes généralisés liés à une rétention hydro-sodée, décrits dans la section II.A du contenu source.","Unilatéraux, asymétriques et douloureux","Incorrecte. Ces caractéristiques correspondent aux œdèmes localisés, non aux œdèmes généralisés liés à une rétention hydro-sodée.","Aspect inflammatoire, dur et cartonné","Incorrecte. C'est un signe de l'œdème localisé (ex : post-phlébitique), non de la rétention hydro-sodée.",Présence de dermite ocre et signes variqueux,"Incorrecte. Ces signes sont associés aux œdèmes localisés, non aux œdèmes généralisés liés à une rétention hydro-sodée.",a
315,OIC-260-01-A,Quelle est la définition correcte de l'hématurie?,"Cette question évalue la capacité à identifier la définition précise de l'hématurie, un objectif clé de Rang A. Le piège courant est de confondre l'hématurie avec d'autres manifestations comme la coloration rouge des urines ou les saignements externes.",La présence anormale d'hématies dans les urines,Correcte. C'est la définition exacte donnée dans le contenu source.,Un saignement provenant de l'urètre pendant la miction,"Incorrecte. Cela correspond à une urétrorragie, non à l'hématurie.",Une coloration rouge des urines due à des aliments ou médicaments,"Incorrecte. Cela décrit une pseudo-hématurie, non une hématurie réelle.",La présence de sang dans les urines liée à une infection urinaire,"Incorrecte. L'infection urinaire peut causer des hématuries, mais ce n'est pas la définition de l'hématurie elle-même.",a
316,OIC-260-02-B,Quelle est une cause principale d'hématurie néphrologique chez l'adulte?,"Cette question évalue la connaissance des étiologies des hématuries néphrologiques, un objectif de Rang A. Le piège réside dans la confusion entre causes urologiques et néphrologiques.",Glomérulonéphrite à prédominance hématurique,Correcte. La glomérulonéphrite est une cause majeure d'hématurie néphrologique avec des mécanismes de perméabilité membranaire.,Calcul rénal,"Incorrecte. Les calculs sont des causes urologiques, non néphrologiques, associées à une hématurie macroscopique.",Cystite aiguë,"Incorrecte. La cystite est une infection urologique, non une cause néphrologique de l'hématurie.",Hémorragie urétérale,"Incorrecte. L'hémorragie urétérale provient de l'arbre urinaire, classée comme cause urologique.",a
317,OIC-260-04-B,Quelle est la caractéristique clinique associée à une hématurie macroscopique caillotante?,"La question évalue la capacité à identifier une hématurie macroscopique caillotante et ses signes de gravité (Rang A). Le piège réside dans la confusion avec les manifestations de l'hématurie néphrologique (absence de douleur, de caillots et de brûlures).","Présence de caillots, de douleurs et de brûlures mictionnelles","Correcte. L'hématurie macroscopique caillotante est associée à des caillots, des douleurs et des brûlures mictionnelles, typiques d'une origine urologique.",Absence de caillots et de douleurs,"Incorrecte. C'est la caractéristique de l'hématurie néphrologique, non caillotante.",Présence de protéinurie associée,"Incorrecte. La protéinurie est un signe de l'hématurie néphrologique, non urologique.",Hématurie totale sans caillots,"Incorrecte. Cela correspond à une hématurie macroscopique d'origine rénale, mais non caillotante.",a
318,OIC-260-07-A,Quelle photographie illustre typiquement une hématurie macroscopique?,"Cette question évalue la capacité à reconnaître une hématurie macroscopique à partir d'une image, un objectif clé pour le diagnostic initial.",Une poche collectrice d'urines contenant une urine rougeâtre,Correcte. La couleur rougeâtre de l'urine est un signe typique d'hématurie macroscopique.,Une bandelette urinaire montrant des globules rouges,Incorrecte. Cela correspond à une hématurie microscopique détectée par bandelette.,Une urgence urinaire sans trace de sang,Incorrecte. L'absence de sang ne correspond pas à une hématurie.,Une imagerie urologique montrant une tumeur,"Incorrecte. Une tumeur est une cause possible, mais l'image ne montre pas directement l'hématurie.",a
319,OIC-260-09-A,Quelle est une des principales étiologies des hématuries néphrologiques chez l’adulte et l’enfant?,"Cette question évalue la connaissance des étiologies néphrologiques des hématuries, un objectif clé de l’item. Le piège réside dans la confusion entre causes néphrologiques et urologiques.","Néphropathies glomérulaires (ex : néphropathie à IgA, syndrome d’Alport)","Correcte. Les néphropathies glomérulaires sont des étiologies néphrologiques majeures, souvent associées à des signes comme la protéinurie ou l’hypocomplémentémie.",Néphropathies interstitielles aiguës (ex : réaction médicamenteuse),"Incorrecte. Bien que néphrologique, cette étiologie est moins fréquente et plus spécifique à des contextes allergiques ou médicamenteux.",Nécrose papillaire et infarctus rénal,Incorrecte. Ces causes sont liées à des lésions parenchymateuses mais présentent souvent des manifestations urologiques dominantes.,Polykystose rénale autosomique dominante,"Incorrecte. Bien qu’associée à des hématuries, cette pathologie est une maladie génétique chronique, non une étiologie principale des hématuries aiguës.",a
320,OIC-261-07-B,Quel est un élément clinique ou biologique permettant de suspecter un syndrome néphrotique à lésions glomérulaires minimes (SNLGM)?,La question évalue la capacité à identifier les éléments de suspicion du SNLGM (objectif Rang A). Le piège courant est de confondre les caractéristiques histologiques des autres maladies glomérulaires.,Absence de dépôts immunologiques en microscopie optique,"Correcte. Le SNLGM est caractérisé par l'absence d'anomalies en microscopie optique, conformément aux données du tableau.",Présence de dépôts d'IgA mésangiaux,"Incorrecte. Cela correspond à la néphropathie à IgA, non au SNLGM.",Prolifération extracapillaire avec dépôts granuleux,"Incorrecte. Cela correspond à la glomérulonéphrite rapidement progressive (GNRP), non au SNLGM.",Dépôts linéaires d'IgG sur la membrane basale glomérulaire,"Incorrecte. Cela correspond à la maladie de Goodpasture, non au SNLGM.",a
321,OIC-261-08-A,Quel est un élément clinique ou biologique permettant de suspecter un syndrome néphrotique à lésions glomérulaires minimes (SNLGM)?,La question évalue la capacité à identifier les critères cliniques et biologiques permettant de suspecter un SNLGM. Un piège courant est de confondre les signes associés (comme les douleurs abdominales) avec les éléments de suspicion.,Absence de signes extrarénaux,"Correcte. L'absence de signes extrarénaux est un critère clé pour suspecter un SNLGM, notamment chez l'enfant, car elle justifie l'abstention de biopsie rénale.",Présence de douleurs abdominales,Incorrecte. Les douleurs abdominales sont un signe fréquent chez l'enfant mais ne constituent pas un élément de suspicion spécifique au SNLGM.,Présence de dépôts glomérulaires,"Incorrecte. Les dépôts glomérulaires sont absents dans le SNLGM, ce qui en fait un critère d'exclusion.",Normalité du complément sérique,Incorrecte. La normalité du complément sérique est un critère de diagnostic mais ne permet pas de suspecter directement le SNLGM.,a
322,OIC-261-09-B,Quelle est la principale indication clinique pour suspecter un syndrome néphrotique à lésions glomérulaires minimes (SNLGM)?,"Cette question évalue la capacité à identifier les éléments cliniques et biologiques clés pour suspecter un SNLGM, un objectif de Rang A. Le piège réside dans la confusion avec d'autres syndromes glomérulaires.","Présence d'hypertension artérielle sévère et de protéinurie >3,5 g/24h","Incorrect. L'hypertension sévère n'est pas un critère principal du SNLGM, mais plutôt associée à d'autres pathologies comme la glomérulonéphrite aiguë post-infectieuse.","Présence de protéinurie >3,5 g/24h, d'hypoalbuminémie et d'œdèmes",Correct. Ces éléments cliniques et biologiques constituent les critères majeurs pour suspecter un SNLGM.,Survenue d'une néphrite aiguë avec céphalées et fièvre,"Incorrect. Ces symptômes correspondent à une manifestation extra-rénale, non spécifiques du SNLGM.",Dépistage d'une IgA sérique élevée et d'une protéinurie modérée,"Incorrect. L'IgA sérique est plus associée à la néphropathie à IgA, non au SNLGM.",b
323,OIC-261-18-B,Quelle est la principale factor de gravité d'une glomérulonéphrite rapidement progressive (GNRP)?,Cette question évalue l'objectif de connaissance « Connaître les facteurs de gravité d'un syndrome de GNRP [Rang A] ». Le piège courant est de confondre les critères cliniques avec les éléments histologiques.,La présence d'une protéinurie sévère,Incorrect. La protéinurie sévère est un critère de diagnostic mais pas un facteur de gravité spécifique à la GNRP.,La présence de lésions crescents dans le rein,Correct. Les lésions crescents (crescents glomérulaires) sont un marqueur histologique clé de gravité et de pronostic défavorable dans la GNRP.,L'absence de syndrome néphrotique,Incorrect. L'absence de syndrome néphrotique ne modifie pas la gravité de la GNRP.,La durée de l'évolution clinique,Incorrect. La durée de l'évolution n'est pas un facteur de gravité spécifique à la GNRP.,b
324,OIC-263-02-A,Quelle est la définition correcte du syndrome de microangiopathie thrombotique?,"Cette question évalue la connaissance de la définition du syndrome de microangiopathie thrombotique (MAT), en mettant l'accent sur les trois critères biologiques essentiels.","Anémie hémolytique avec schizocytes, thrombopénie de consommation et dysfonction d'organe","Correcte. Elle résume les trois composantes essentielles du syndrome de MAT : anémie hémolytique mécanique, thrombopénie et dysfonction organique.",Anémie hémolytique avec schizocytes et thrombopénie,Incorrecte. Elle omit la composante clé de dysfonction d'organe associée au syndrome.,Thrombopénie avec insuffisance rénale aiguë,Incorrecte. Elle réduit le syndrome à une seule manifestation et ignore l'anémie hémolytique.,Insuffisance rénale aiguë avec hémolyse et thrombopénie,Incorrecte. Elle associe des éléments pertinents mais omet la spécificité de la microangiopathie thrombotique.,a
325,OIC-263-04-B,Quelle est la liste des principales formes de néphropathies vasculaires?,Cette question évalue la connaissance des différents types de néphropathies vasculaires. Le piège réside dans la confusion avec d'autres syndromes comme le SHU ou la microangiopathie thrombotique.,"Syndrome hémolytique et urémique, sténose de l'artère rénale, infarctus rénal","Incorrect. Le SHU est un syndrome hémolytique-urémique, non une néphropathie vasculaire. La sténose de l'artère rénale et l'infarctus rénal sont des types valides, mais le SHU est hors périmètre.","Infarctus rénal, sténose de l'artère rénale, néphroangiosclérose bénigne, maladie des emboles de cristaux de cholestérol",Correct. Cette option inclut les quatre types de néphropathies vasculaires évoqués dans le contenu source.,"Sténose de l'artère rénale, néphroangiosclérose bénigne, syndrome de microangiopathie thrombotique","Incorrect. Le syndrome de microangiopathie thrombotique est une entité distincte, non une néphropathie vasculaire classique.","Néphroangiosclérose bénigne, maladie des emboles de cristaux de cholestérol, syndrome hémolytique et urémique","Incorrect. Le SHU est un syndrome hémolytique-urémique, non une néphropathie vasculaire. La maladie des emboles de cristaux de cholestérol est un type valide, mais le SHU est hors périmètre.",b
326,OIC-263-06-A,Quelle affirmation correspond au diagnostic de sténose de l'artère rénale?,Cette question évalue la connaissance des caractéristiques cliniques et épidémiologiques des deux types de sténose de l'artère rénale. Le piège réside dans la confusion entre les pourcentages d'incidence et les facteurs de risque associés.,La sténose athéromateuse représente 10 % des cas et touche principalement les femmes entre 25 et 40 ans,Incorrect. La sténose athéromateuse représente 90 % des cas et touche principalement les hommes >45 ans.,La fibrodysplasie de la media est associée à des facteurs de risque cardiovasculaires comme l'hypertension artérielle,Incorrect. La fibrodysplasie de la media ne présente pas de facteurs de risque cardiovasculaires connus.,La sténose proximale est typique de la fibrodysplasie de la media avec un risque élevé de thrombose,"Incorrect. La sténose proximale est caractéristique de la sténose athéromateuse, tandis que la fibrodysplasie présente des lésions distales en « collier de perles ».",La sténose athéromateuse est liée à des facteurs de risque multiples et présente une incidence de 90 %,Correct. Cela correspond exactement aux données du tableau sur l'incidence et les facteurs de risque de la sténose athéromateuse.,d
327,OIC-263-07-B,Quelle est la liste complète des types de néphropathies vasculaires mentionnés dans le contenu?,Cette question évalue la connaissance des différents types de néphropathies vasculaires. Un piège courant est de confondre ces pathologies avec d'autres néphropathies non vasculaires.,Infarctus rénal et sténose de l'artère rénale,Incorrect. Il manque la néphroangiosclérose bénigne et la maladie des emboles de cristaux de cholestérol.,Sténose de l'artère rénale et néphroangiosclérose bénigne,Incorrect. Il manque l'infarctus rénal et la maladie des emboles de cristaux de cholestérol.,Néphroangiosclérose bénigne et maladie des emboles de cristaux de cholestérol,Incorrect. Il manque l'infarctus rénal et la sténose de l'artère rénale.,"Infarctus rénal, sténose de l'artère rénale, néphroangiosclérose bénigne, maladie des emboles de cristaux de cholestérol",Correct. Cette liste inclut tous les types de néphropathies vasculaires mentionnés dans le contenu.,d
328,OIC-265-06-A,Quelle est la liste des facteurs favorisants de la colique néphrétique?,"Cette question évalue la connaissance des facteurs favorisants de la colique néphrétique, un objectif de Rang A. Un piège courant est de confondre ces facteurs avec les causes directes des calculs urinaires.","Voyage, chaleur, déshydratation, activité physique, écarts de régime",Correcte. Cette proposition reprend exactement les facteurs favorisants mentionnés dans le contenu source.,"Déshydratation, diabète, tabagisme, stress",Incorrecte. Le diabète et le tabagisme ne sont pas cités comme facteurs favorisants dans le contenu source.,"Alcool, surpoids, infection urinaire, hypertonie",Incorrecte. Ces facteurs ne sont pas mentionnés comme favorisants de la colique néphrétique dans le contenu.,"Déshydratation, activité physique, tabagisme, alimentation équilibrée","Incorrecte. Bien que la déshydratation et l'activité physique soient correctes, le tabagisme n'est pas mentionné et l'alimentation équilibrée est un facteur protecteur.",a
329,OIC-265-08-A,Quelle est une manifestation clinique typique de la colique néphrétique compliquée?,"Cette question évalue la compréhension des aspects cliniques spécifiques de la colique néphrétique compliquée, en mettant en évidence les signes distinctifs des formes graves ou atypiques.","Fièvre >38,5°C, frissons, marbrures cutanées, instabilité hémodynamique, bandelette urinaire positive","Correcte. Cela correspond à la définition de la colique néphrétique fébrile (pyélonéphrite aiguë obstructive), une complication grave avec des signes infectieux et hémodynamiques.",Oligurie <500 cc/24h chez un patient avec rein unique ou calculs bilatéraux,"Incorrecte. Cela décrit une complication spécifique (insuffisance rénale aiguë), mais ne correspond pas directement aux aspects cliniques de la colique néphrétique compliquée.",Douleur résistante aux AINS et aux morphiniques,"Incorrecte. Cela correspond à la colique néphrétique hyperalgique, une forme atypique, mais non la principale manifestation clinique de la complication.",Hospitalisation en milieu obstétrical avec risque d'accouchement prématuré,"Incorrecte. Cela décrit une situation contextuelle (colique chez la femme enceinte), non une manifestation clinique spécifique de la complication.",a
330,OIC-265-09-B,Quelle est la principale manifestation clinique associée à un calcul urinaire en dehors de la colique néphrétique?,"Cette question évalue la connaissance des aspects cliniques des calculs urinaires (objectif Rang A), en excluant les symptômes liés à la colique néphrétique. Le piège réside dans la confusion entre les manifestations spécifiques de la colique et les autres symptômes associés.",Hématurie microscopique liée à l'effort,"Correcte. L'hématurie microscopique est un symptôme fréquent des calculs urinaires, souvent liée à l'effort.",Douleur irradiant vers l'hypogastre,"Incorrecte. Cette description correspond à la colique néphrétique, non à un aspect clinique associé.",Insuffisance rénale aiguë due à une obstruction chronique,"Incorrecte. L'insuffisance rénale chronique est une complication secondaire, non un symptôme direct.",Fébrilité sans signe d'infection urinaire,Incorrecte. La fébrilité sans infection est peu spécifique et non associée directement aux calculs urinaires.,a
331,OIC-265-10-B,Quels examens biologiques sont indiqués en urgence devant une colique néphrétique?,La question évalue la connaissance des examens biologiques en urgence pour une colique néphrétique (objectif Rang A). Le piège courant est de confondre ces examens avec les examens d'imagerie mentionnés dans le contenu source.,"Analyse d'urine et bilan sanguin (créatinine, électrolytes, protéines urinaires)",Correcte. L'analyse d'urine et le bilan sanguin sont les examens biologiques essentiels en urgence pour évaluer la fonction rénale et détecter des anomalies métaboliques.,Scanner abdominal avec injection de produit de contraste,"Incorrecte. Le scanner avec injection est un examen d'imagerie, non biologique, et non indiqué en urgence pour la colique néphrétique simple.",Échographie réno-vésicale sans préparation,"Incorrecte. L'échographie est un examen d'imagerie, non biologique, utilisé pour évaluer la présence de calculs ou des complications.",Uroscanner pour déterminer la densité des calculs,Incorrecte. L'uroscanner est un examen d'imagerie utilisé hors contexte d'urgence pour analyser la composition des calculs.,a
332,OIC-267-03-A,Quel est l'ensemble des examens médicaux obligatoires pour le suivi d'un nourrisson et d'un enfant?,"La question évalue la connaissance des examens obligatoires, un objectif clé du suivi pédiatrique. Le piège réside dans la confusion avec les examens optionnels ou les bilans spécifiques.",Une consultation ophtalmologique annuelle et un bilan auditif trimestriel,Incorrect. Ces examens sont recommandés mais non obligatoires selon les protocoles nationaux.,"La mesure de la tension artérielle, la vérification de la croissance et la vaccination selon le calendrier",Correct. Ces éléments constituent les examens obligatoires mentionnés dans les recommandations officielles.,Une radiographie du rachis lombaire et un bilan visuel à l'âge scolaire,"Incorrect. La radiographie est indiquée pour la scoliose, non obligatoire systématiquement. Le bilan visuel est partiellement inclus dans les certificats.",Un bilan dentaire complet et un examen neurologique trimestriel,Incorrect. Ces examens sont spécifiques et non inclus dans les obligations légales de suivi.,b
333,OIC-267-04-A,Quel examen médical est obligatoire pour un nourrisson à 9 mois?,"Cette question évalue la connaissance des examens médicaux obligatoires pour les nourrissons et les enfants, un objectif de Rang A. Le piège courant est de confondre les dates de dépistage des troubles auditifs et visuels.",Test d'audition à 9 mois,Correcte. Le dépistage auditif est obligatoire à 9 mois selon les recommandations professionnelles.,Examen de la vision à 6 mois,Incorrecte. L'examen de la vision est systématique à 6 mois mais ne constitue pas un examen obligatoire à 9 mois.,Contrôle dentaire à 1 an,Incorrecte. Le contrôle dentaire est recommandé à 1 an mais n'est pas un examen obligatoire à cette date.,Prise de sang pour l'anémie à 12 mois,Incorrecte. La prise de sang pour l'anémie n'est pas un examen obligatoire à 12 mois selon les protocoles nationaux.,a
334,OIC-267-07-A,Quelle est une des principales causes d'acidose respiratoire selon le tableau de diagnostic étiologique?,"La question évalue la connaissance des causes principales d'acidose respiratoire, en se concentrant sur les mécanismes physiopathologiques clés. Le piège courant est de confondre les causes centrales et périphériques.",Perte de contrôle des centres respiratoires,"Correcte. La perte de contrôle des centres respiratoires est une cause majeure d'acidose respiratoire, notamment dans les cas de syndrome d'apnée du sommeil central ou d'hypothyroïdie.",Infections virales respiratoires aiguës,"Incorrecte. Les infections virales sont des causes d'acidose métabolique, non respiratoire, et ne figurent pas comme principales causes dans le tableau.",Obésité abdominale sévère,"Incorrecte. L'obésité est une cause secondaire d'acidose respiratoire liée à la cage thoracique, non une cause principale étiologique.",Réduction parenchymateuse pulmonaire,"Incorrecte. La réduction parenchymateuse est une cause d'acidose respiratoire d'origine pulmonaire, mais classée comme cause secondaire par rapport aux mécanismes centraux.",a
335,OIC-267-08-B,Quel examen médical est obligatoire pour un nourrisson à 9 mois?,"Cette question évalue la connaissance des examens médicaux obligatoires, un objectif clé de l'item. Le piège réside dans la confusion entre les examens de suivi et les examens obligatoires.",Examen de la mobilité articulaire des membres inférieurs,"Incorrect. L'examen de mobilité articulaire n'est pas un examen obligatoire à 9 mois, mais une partie du dépistage de la luxation de la hanche.",Test d'audition par audiogramme,"Incorrect. Le test d'audition par audiogramme n'est pas obligatoire à 9 mois, mais le dépistage auditif est effectué via des méthodes spécifiques (ex. : test de succion).",Examen de la vision par test de réflexion pupillaire,"Incorrect. L'examen de la vision à 9 mois est réalisé via des tests visuels adaptés (ex. : réflexion pupillaire), mais ce n'est pas un examen obligatoire à ce âge.",Test d'audition par écho sonore,Correct. Le dépistage auditif obligatoire à 9 mois inclut des tests comme l'écho sonore pour détecter les troubles auditifs.,d
336,OIC-267-15-A,Quelle est la définition de la mortalité et morbidité infantiles?,"Cette question évalue la compréhension de la notion de mortalité et morbidité infantiles, un objectif de Rang A. Le piège courant est de confondre ces concepts avec d'autres indicateurs de santé.",Connaître les facteurs de risque de mortalité et morbidité infantiles,"Incorrect. Cette option évoque les facteurs de risque, non la définition des concepts.",Connaître les tranches d'âge des enfants selon l'OMS,"Incorrect. Cela concerne la définition des tranches d'âge, non la mortalité et morbidité.",Connaître les examens obligatoires pour le suivi des nourrissons,"Incorrect. Cela relève des examens médicaux obligatoires, pas des indicateurs de santé publique.",Connaître les causes principales de mortalité infantile,"Correct. La mortalité infantile désigne le taux de décès avant l'âge de 1 an, tandis que la morbidité infantile désigne l'incidence des maladies chez les enfants.",d
337,OIC-267-19-A,Quel est le signe clinique principal de l'hypokaliémie liée aux troubles musculaires?,"Cette question évalue la reconnaissance des symptômes musculaires de l'hypokaliémie, un objectif de Rang A. Le piège courant est de confondre les manifestations digestives ou rénales avec les signes musculaires.",Crampes musculaires et faiblesse musculaire ascendante,"Correcte. Les crampes et la faiblesse musculaire, souvent débutant aux membres inférieurs, sont les signes cliniques principaux de l'hypokaliémie.",Constipation et ileus paralytique,"Incorrecte. Ces signes correspondent aux manifestations digestives de l'hypokaliémie, non aux troubles musculaires.",Polyurie et alcalose métabolique,"Incorrecte. Ces signes relèvent des complications rénales, non des symptômes musculaires.",Rhabdomyolyse et syndrome d'Ogilvie,"Incorrecte. La rhabdomyolyse est une complication grave, tandis que le syndrome d'Ogilvie est une manifestation digestive, pas musculaire.",a
338,OIC-267-20-A,Quel est l'ensemble des examens médicaux obligatoires pour un nourrisson et un enfant selon l'item 47?,"Cette question évalue la connaissance des examens médicaux obligatoires, un objectif clé de l'item. Le piège réside dans la confusion avec les examens de routine ou les vaccinations.","Certificat médical à l'issue du suivi systématique, examen visuel et auditif, bilan dentaire",Correcte : Ces examens sont explicitement mentionnés comme obligatoires dans l'item 47.,"Tests sanguins complets, radiographies du thorax, bilan hépatique",Incorrecte : Ces examens ne sont pas spécifiquement mentionnés comme obligatoires dans le cadre du suivi systématique.,"Vaccinations de base, examen neurologique, évaluation de la motricité",Incorrecte : Les vaccinations sont importantes mais ne constituent pas les examens médicaux obligatoires au sens strict du suivi systématique.,"Évaluation de l'audition par audiogramme, examen oculaire complet, bilan de la croissance","Incorrecte : Bien que pertinents, ces examens ne couvrent pas l'ensemble des obligations légales définies dans l'item.",a
339,OIC-267-21-A,Quel examen médical est obligatoire pour un nourrisson et un enfant selon les recommandations professionnelles?,"Cette question évalue la connaissance des examens médicaux obligatoires, un objectif de Rang A. Le piège réside dans les examens non mentionnés comme obligatoires.",Évaluation de la vision par un ophtalmologiste à 6 mois,Incorrect. L'évaluation visuelle est systématique mais non obligatoire à 6 mois ; elle est recommandée à 12 mois.,Examen auditif par un ORL à 12 mois,Incorrect. L'audiométrie est recommandée à 12 mois mais non obligatoire ; le dépistage systématique est effectué par le médecin traitant.,Contrôle dentaire par un chirurgien-dentiste à 18 mois,"Incorrect. Le contrôle dentaire est recommandé à 12 mois, mais non obligatoire à 18 mois ; la numérotation dentaire internationale est obligatoire.",Examen de la mobilité articulaire des membres inférieurs à 6 mois,Correct. L'examen des anomalies d'axe des membres inférieurs (comme la luxation de la hanche) est un examen obligatoire à 6 mois.,d
340,OIC-267-22-A,Quel examen médical est obligatoire pour un nourrisson à 9 mois?,"Cette question évalue la connaissance des examens médicaux obligatoires pour les nourrissons et les enfants, un objectif de Rang A. Le piège réside dans la confusion avec d'autres examens (visuels, dentaires) non obligatoires.",Évaluation de la vision à 6 mois,Incorrect. L'évaluation visuelle est recommandée mais non obligatoire à 6 mois. Elle relève des recommandations professionnelles (Rang B).,Test d'audition à 9 mois,"Correct. Le test d'audition est un examen obligatoire à 9 mois pour dépister les troubles auditifs, conformément aux recommandations de suivi systématique (Rang A).",Contrôle dentaire à 1 an,Incorrect. Le contrôle dentaire est une recommandation professionnelle (Rang B) et non un examen obligatoire à 1 an.,Test d'audition à 8 mois,"Incorrect. Le dépistage auditif est obligatoire à 9 mois, pas à 8 mois. La date est un élément clé pour l'obligation légale (Rang A).",b
341,OIC-267-25-A,Quelle est la définition correcte de la tranche d'âge 'nourrisson'?,"Cette question évalue la connaissance des tranches d'âge des enfants, un objectif de Rang A essentiel pour structurer le suivi pédiatrique.",Nourrisson : 0 à 12 mois,Correcte. La tranche 'nourrisson' correspond à l'âge de la naissance jusqu'à 12 mois.,Enfant : 1 à 3 ans,"Incorrecte. L'âge 1-3 ans correspond à la tranche 'petit enfant', non 'nourrisson'.",Adolescent : 13 à 18 ans,"Incorrecte. L'adolescence commence à 13 ans, mais cette tranche ne définit pas le 'nourrisson'.",Enfant : 4 à 12 ans,"Incorrecte. Cette tranche correspond à l'âge 'enfant' (3-12 ans), non au 'nourrisson'.",a
342,OIC-267-34-A,Dans quelles circonstances doit-on prescrire un dosage de la calcémie?,"Cette question évalue la connaissance des indications cliniques pour prescrire un dosage de la calcémie, en lien avec les symptômes et les pathologies à risque d'hypocalcémie.",En cas de troubles neurologiques et d'hypertension artérielle,Incorrect. L'hypertension artérielle n'est pas un critère d'indication pour la calcémie.,En cas de troubles neuro-musculaires et d'insuffisance rénale chronique,Correct. Les troubles neuro-musculaires et l'insuffisance rénale chronique sont des situations à risque d'hypocalcémie.,En cas de douleurs abdominales et de diabète de type 1,Incorrect. Les douleurs abdominales et le diabète de type 1 ne sont pas des indications directes pour la calcémie.,En cas de troubles visuels et de troubles auditifs,Incorrect. Les troubles visuels et auditifs ne sont pas liés à la calcémie dans ce contexte.,b
343,OIC-267-35-B,Quel examen médical est obligatoire pour un nourrisson de 6 mois selon les recommandations professionnelles?,Cette question évalue la connaissance des examens médicaux obligatoires du nourrisson et de l'enfant (objectif Rang A). Un piège courant est de confondre les examens de routine avec les examens obligatoires.,Examen de la vision par un ophtalmologiste,Incorrect. L'examen de la vision est recommandé mais non obligatoire pour un nourrisson de 6 mois.,Contrôle dentaire avec numérotation internationale des dents,Incorrect. Le contrôle dentaire est recommandé à partir de 6 mois mais ne constitue pas un examen obligatoire.,Évaluation de la mobilité articulaire des membres inférieurs,"Incorrect. L'évaluation de la mobilité articulaire est une partie du dépistage de la luxation de hanche, non un examen obligatoire.",Test d'audition par audiogramme,Correct. Le test d'audition est un examen médical obligatoire pour les nourrissons à partir de 6 mois selon les recommandations professionnelles.,d
344,OIC-267-36-A,Quel examen médical est obligatoire pour le suivi systématique d'un nourrisson?,"Cette question évalue la connaissance des examens médicaux obligatoires, un objectif clé de Rang A. Un piège courant est de confondre les examens obligatoires avec les examens de dépistage (visuel, auditif, dentaire).","La vaccination contre la diphtérie, le tétanos et la poliomyélite (DTP)",Correcte. La DTP est un examen médical obligatoire inclus dans le suivi systématique du nourrisson.,L'examen de la mobilité articulaire des membres inférieurs,"Incorrecte. Ce test est une partie du dépistage de la luxation de la hanche, non un examen obligatoire.",Le test de la mobilité oculaire pour détecter la strabisme,Incorrecte. Le dépistage visuel est systématique mais non obligatoire en tant qu'examen médical spécifique.,L'examen dentaire complet à 6 mois,Incorrecte. L'examen dentaire est recommandé mais non obligatoire avant 12 mois.,a
345,OIC-267-37-B,Quel est l'examen médical obligatoire réalisé lors du suivi systématique d'un nourrisson à 9 mois?,"Cette question évalue la connaissance des examens médicaux obligatoires pour le suivi des enfants, un objectif de Rang A. Le piège réside dans la confusion avec les examens de l'âge scolaire ou les certificats médicaux.",Examen de la mobilité articulaire des membres inférieurs,Correcte. L'examen de la mobilité articulaire est obligatoire pour dépister la luxation congénitale de la hanche à 9 mois.,Prise de sang pour doser la vitamine D,Incorrecte. La mesure de la vitamine D n'est pas un examen obligatoire systématique à cet âge.,Évaluation de la vision par un ophtalmologiste,"Incorrecte. L'ophtalmologie est une consultation d'adressage, non un examen obligatoire systématique.",Radiographie du rachis lombaire pour scoliose,"Incorrecte. La radiographie est indiquée en cas de suspicion de scoliose, non obligatoire systématiquement.",a
346,OIC-267-38-A,Quel examen médical est obligatoire pour un nourrisson à 9 mois?,Cette question évalue la connaissance des examens médicaux obligatoires du nourrisson et de l'enfant (Rang A). Le piège réside dans la confusion avec les examens de suivi à d'autres âges.,Test de la vision à l'âge de 12 mois,"Incorrect. Le test de la vision n'est pas un examen obligatoire à 9 mois, mais un dépistage systématique (Rang A).",Examen auditif à 6 mois,"Incorrect. L'examen auditif obligatoire est réalisé à 9 mois, non à 6 mois (Rang A).",Test de la mobilité articulaire des membres inférieurs,"Incorrect. Le dépistage de la luxation congénitale de la hanche est effectué à 6 et 12 mois, non à 9 mois (Rang A).",Examen auditif à 9 mois,Correct. L'examen auditif est un examen médical obligatoire à 9 mois pour détecter les troubles auditifs (Rang A).,d
347,OIC-283-04-B,Quelle est une caractéristique clinique typique de la constipation chronique chez l'enfant?,"La question évalue la capacité à identifier les signes cliniques spécifiques de la constipation chronique, un objectif clé pour distinguer cette pathologie des causes organiques ou congénitales.",Présence de selles molles et fréquentes,"Incorrect. Les selles molles et fréquentes correspondent à une diarrhée, non à la constipation.",Effort de poussée anormalement prolongé,Correct. L'effort de poussée prolongé est un signe clinique classique de constipation chronique liée à une dyschésie.,Détection d'une masse abdominale par palpation,"Incorrect. Une masse abdominale suggère une cause organique (ex. tumeur), non une constipation fonctionnelle.",Présence de sang dans les selles,Incorrect. Le sang dans les selles est un signe d'alarme pouvant indiquer une cause organique ou une maladie inflammatoire.,b
348,OIC-284-02-A,Quelle est la définition correcte des critères diagnostiques des troubles fonctionnels intestinaux selon les critères de Rome?,"La question évalue la connaissance des critères diagnostiques des troubles fonctionnels intestinaux, en mettant l'accent sur la durée, la fréquence des douleurs abdominales et les associations avec les symptômes évocateurs.","Douleur abdominale récidivante au moins un jour par semaine pendant trois mois, avec au moins deux des trois critères associés à la défécation, à la fréquence ou à la consistance des selles",Correcte : correspond exactement aux critères de Rome mentionnés dans le contenu source.,"Douleur abdominale au moins une fois par mois pendant six mois, avec un seul critère associé à la défécation",Incorrecte : durée erronée (six mois au lieu de trois mois) et nombre de critères insuffisant (un critère au lieu de deux).,"Douleur abdominale quotidienne pendant trois mois, associée à une modification de la fréquence des selles uniquement",Incorrecte : fréquence trop élevée (quotidienne) et nombre de critères insuffisant (un critère au lieu de deux).,"Douleur abdominale au moins une fois par semaine pendant trois mois, avec trois critères associés à la défécation, à la fréquence et à la consistance des selles",Incorrecte : nombre de critères excessif (trois critères au lieu de deux).,a
349,OIC-288-02-B,Quelle est la manifestation clinique la plus fréquente des hémorroïdes internes?,"Cette question évalue la connaissance des manifestations cliniques des hémorroïdes internes (objectif Rang A). Le saignement rectal est la manifestation la plus courante, contrairement à la douleur ou la thrombose qui sont plus liées aux hémorroïdes externes.",Saignement rectal,Correcte. Le saignement rectal est la manifestation clinique la plus fréquente des hémorroïdes internes.,Douleur intense,"Incorrecte. La douleur est plus spécifique aux hémorroïdes externes, notamment en cas de thrombose.",Thrombose hémorroïdaire,"Incorrecte. La thrombose est une complication possible, mais non la manifestation la plus fréquente.",Prolapsus hémorroïdaire,"Incorrecte. Le prolapsus est une forme avancée, moins fréquente que le saignement rectal.",a
350,OIC-288-03-B,Quelle est la manifestation clinique la plus fréquente des hémorroïdes internes?,"Cette question évalue la connaissance des manifestations cliniques des hémorroïdes internes (objectif Rang A). Le saignement rectal est le symptôme principal, contrairement à la douleur qui est plus liée aux hémorroïdes externes.",Saignement rectal,"Correcte. Le saignement rectal est la manifestation clinique la plus fréquente des hémorroïdes internes, souvent lié à l'ischémie du tissu lors de la défécation.",Douleur intense,"Incorrecte. La douleur intense est typique des hémorroïdes externes, notamment en cas de thrombose, et non des hémorroïdes internes.",Présence de nodules externes,"Incorrecte. Les nodules externes sont une manifestation des hémorroïdes externes prolabées, pas des internes.",Émission de mucus,"Incorrecte. L'émission de mucus peut survenir avec des pathologies rectales autres que les hémorroïdes internes, et n'est pas spécifique.",a
351,OIC-288-05-A,Quelle est la modalité correcte de diagnostic de la thrombose hémorroïdaire externe?,"La question évalue la connaissance des modalités du diagnostic de la thrombose hémorroïdaire externe, en mettant en évidence l'absence d'anoscopie pendant la phase aiguë.",Examen clinique par palpation rectale,"Incorrect. Bien que l'examen clinique soit utile, la palpation rectale est évitée pendant la phase aiguë pour éviter la douleur.",Anoscopie immédiate pour visualisation des lésions,Incorrect. L'anoscopie est déconseillée pendant la phase aiguë en raison de la douleur et du risque de complications.,Imagerie par résonance magnétique,Incorrect. L'imagerie n'est pas une modalité de diagnostic courante pour la thrombose hémorroïdaire externe.,Diagnostic clinique basé sur les signes et symptômes,"Correct. Le diagnostic est établi cliniquement (tuméfaction bleutée, douleur, œdème) sans nécessiter d'anoscopie pendant la phase aiguë.",d
352,OIC-288-08-B,Quelle est la modalité principale de diagnostic de la thrombose hémorroïdaire externe?,"Cette question évalue la connaissance des modalités de diagnostic de la thrombose hémorroïdaire, un objectif de Rang A. Le piège courant est de confondre le diagnostic de la thrombose externe avec celui des hémorroïdes internes.",Examen clinique par palpation rectale,"Correcte. L'examen clinique est la première étape du diagnostic, permettant d'identifier les nodules douloureux et les signes de thrombose.",Colonoscopie,Incorrecte. La colonoscopie est utilisée pour éliminer d'autres pathologies mais n'est pas la modalité principale de diagnostic de la thrombose hémorroïdaire.,Échographie Doppler,"Incorrecte. L'échographie est une méthode complémentaire, non première ligne, pour confirmer le diagnostic.",Biopsie du tissu hémorroïdaire,Incorrecte. La biopsie n'est pas utilisée pour diagnostiquer la thrombose hémorroïdaire externe.,a
353,OIC-288-11-A,Quelle photographie correspond à une thrombose hémorroïdaire externe?,"Cette question évalue la capacité à identifier la thrombose hémorroïdaire externe à partir de photographies, un objectif clé de Rang A. Le piège réside dans la confusion avec les hémorroïdes internes ou d'autres pathologies anales.",Thrombose hémorroïdaire externe avec ulcération au sommet du caillot,"Correcte. La thrombose hémorroïdaire externe se caractérise par un caillot sanguin au niveau d'une hémorroïde externe, souvent associé à une ulcération.",Hémorroïdes internes prolabées sans caillot,"Incorrecte. Les hémorroïdes internes prolabées ne présentent pas de caillot thrombique, ni l'ulcération typique de la thrombose.",Fissure anale avec érythème périphérique,"Incorrecte. La fissure anale se distingue par une lésion linéaire au niveau du sillon anal, sans caillot hémorroïdaire.",Hémorroïdes internes non prolabées avec saignement,"Incorrecte. Les hémorroïdes internes non prolabées ne montrent pas de caillot thrombique, mais des saignements récurrents.",a
354,OIC-288-12-B,Quelle est la définition correcte des hémorroïdes?,"Cette question évalue la capacité à définir précisément les hémorroïdes, un objectif de Rang A essentiel pour comprendre la pathologie. Le piège courant est de confondre les hémorroïdes avec d'autres pathologies anales.",Des dilatations veineuses anales situées au niveau de la zone de l'anneau dentelé,Correcte. Cette définition correspond à la description anatomique et pathologique des hémorroïdes.,Des kystes sébacés situés au niveau du sphincter anal,"Incorrecte. Les kystes sébacés sont une pathologie distincte, non liée aux hémorroïdes.",Des lésions cutanées infectées au niveau de la région anale,"Incorrecte. Les lésions infectées correspondent à une fissure anale ou à une infection, pas aux hémorroïdes.",Des adénomes rectaux situés au niveau du côlon,"Incorrecte. Les adénomes rectaux sont des tumeurs bénignes, non confondues avec les hémorroïdes.",a
355,OIC-288-16-B,Quelle est une des quatre règles de préambule thérapeutique dans la prise en charge des hémorroïdes?,"Cette question évalue la connaissance des quatre règles de préambule thérapeutique, un objectif de Rang A. Le piège réside dans la confusion avec les recommandations de prise en charge non directement liées à ces règles.",La réduction de la constipation par l'hydratation et l'alimentation fibreuse,"Correcte. La réduction de la constipation est une des quatre règles de préambule thérapeutique, visant à prévenir l'aggravation des hémorroïdes.",L'application de glace sur les hémorroïdes externes thrombosées,"Incorrecte. L'application de glace est une mesure de confort, mais ne constitue pas une règle de préambule thérapeutique.",La réalisation d'une coloscopie pour confirmer le diagnostic,"Incorrecte. La coloscopie n'est pas une règle de préambule thérapeutique, mais un examen complémentaire en cas de suspicion de pathologie associée.",L'administration d'analgésiques à base de morphine,Incorrecte. Les analgésiques à base de morphine ne sont pas recommandés en première ligne et ne relèvent pas des règles de préambule thérapeutique.,a
356,OIC-299-02-A,Quelle est la définition correcte d'une tumeur primitive intracrânienne du système nerveux central?,Cette question évalue la distinction entre tumeurs issues du système nerveux central (SNC) et des annexes. Le piège réside dans la confusion entre les origines anatomiques.,"Une tumeur développée à l'intérieur du cerveau, comme le glioblastome","Correcte. La tumeur primitive du SNC est intra-axiale, développée directement dans le tissu cérébral.","Une tumeur issue des méninges, comme le méningiome","Incorrecte. Les méningiomes proviennent des annexes du SNC, non du système nerveux central.","Une tumeur associée à un nerf crânien, comme le neurinome du VIIIe nerf","Incorrecte. Les neurinomes sont des tumeurs des annexes, non du SNC.",Une tumeur secondaire issue d'une métastase,"Incorrecte. Les métastases sont des tumeurs secondaires, non primitives.",a
357,OIC-299-04-B,Quelle est la localisation préférentielle du neurinome vestibulaire?,"Cette question évalue la connaissance des localisations des tumeurs intracrâniennes, un objectif de Rang A. Un piège courant est de confondre les localisations des tumeurs avec celles des autres pathologies.",Nerf vestibulaire,"Correcte. Le neurinome vestibulaire se localise préférentiellement sur le nerf vestibulaire, comme indiqué dans le contenu.",Cervelet,"Incorrecte. Le cervelet est la localisation préférentielle de l'hémangioblastome, pas du neurinome vestibulaire.",Ventricules cérébraux,"Incorrecte. Les ventricules cérébraux sont la localisation de l'épendymome, non du neurinome vestibulaire.",Moelle épinière,"Incorrecte. La moelle épinière est une localisation possible de l'hémangioblastome, pas du neurinome vestibulaire.",a
358,OIC-299-07-A,Quelle est la recherche systématique de cancer primitif à effectuer devant une métastase cérébrale?,Cette question évalue la capacité à identifier les examens complémentaires essentiels pour rechercher le cancer primitif associé à une métastase cérébrale. Un piège courant est de négliger l'exploration thoraco-abdomino-pelvienne ou la TEP.,"Examen clinique des ganglions, scanner thoraco-abdomino-pelvien avec contraste, TEP scanner, mammographie","Correcte. Elle inclut les examens clés : examen clinique (adénopathies, mammo), imagerie thoraco-abdomino-pelvienne avec contraste et TEP scanner.","Luminothérapie, IRM cérébrale, biopsie de la tumeur, échographie Doppler","Incorrecte. Ces examens ne correspondent pas à la recherche du cancer primitif, mais à des approches diagnostiques locales ou thérapeutiques.","Électroencéphalogramme, bilan hépatique, test de dépistage du VIH, examen oculaire","Incorrecte. Ces examens sont pertinents pour d'autres diagnostics (épilepsie, hépatite, infections) mais ne constituent pas la recherche systématique du cancer primitif.","Scintigraphie osseuse, examen cutané, radiographie pulmonaire, bilan sanguin complet","Incorrecte. Bien que l'examen cutané et la radiographie pulmonaire soient pertinents, la scintigraphie osseuse et le bilan sanguin complet ne sont pas les examens prioritaires pour rechercher le cancer primitif.",a
359,OIC-302-01-A,Quelle est la liste des principales tumeurs cutanées et de leur fréquence relative?,"Cette question évalue la connaissance des grandes familles de tumeurs cutanées (carcinomes basocellulaire, épidermoïde, mélanome, tumeurs HPV-induites) et leur prévalence, un objectif clé de Rang A.","Carcinome basocellulaire, carcinome épidermoïde, mélanome, tumeurs induites par le virus du papillome humain (VPH)","Correcte : Cite les quatre principales familles de tumeurs cutanées avec leur fréquence relative, conformément à l'objectif.","Carcinome épidermoïde, mélanome, tumeurs induites par le VPH, kératose seborrhéique","Incorrecte : La kératose seborrhéique est une tumeur bénigne, pas une tumeur maligne principale. Elle n'est pas mentionnée dans la description.","Carcinome basocellulaire, mélanome, tumeurs induites par le VPH, lichen plan","Incorrecte : Le lichen plan est une maladie inflammatoire, pas une tumeur cutanée maligne. Elle n'est pas incluse dans la description.","Carcinome épidermoïde, mélanome, tumeurs induites par le VPH, tumeurs de la glande sudoripare",Incorrecte : Les tumeurs de la glande sudoripare (comme les carcinomes sudoréens) sont rares et non mentionnées dans la description.,a
360,OIC-302-02-A,Quelle est la caractéristique clinique typique d'une verrue cutanée induite par le HPV?,"Cette question évalue la connaissance de la présentation clinique des verrues, un objectif de Rang A. Le piège réside dans la confusion avec d'autres lésions cutanées comme les kératoses séborrhéiques ou les mélanomes.",Lésion exophytique avec surface hérissée de saillies kératosiques grisâtres,"Correcte. Cette description correspond aux verrues vulgaires (HPV2), les plus fréquentes, avec leur aspect exophytique et leur surface papillomateuse.",Lésion circulaire avec un épais anneau kératosique recouvrant une zone centrale piquetée de points noirs,"Incorrecte. Cela décrive la myrmécie (verrue plantaire HPV1), une variété spécifique, mais non la présentation générale des verrues.",Papule plane à surface lisse avec prédominance sur le visage et les membres,"Incorrecte. Cela correspond aux verrues planes (HPV3), mais cette description est trop restrictive et ne couvre pas les formes plus courantes.",Lésion pigmentée asymétrique avec des contours irréguliers,"Incorrecte. Cela correspond à un mélanome, une lésion maligne non liée au HPV, et non à une verrue bénigne.",a
361,OIC-302-03-B,Quelle est une des principales tumeurs cutanées?,"Cette question évalue la connaissance des principales tumeurs cutanées, un objectif de Rang A. Le piège réside dans la confusion avec des lésions précancéreuses ou des tumeurs non mentionnées dans le contenu.",Le carcinome basocellulaire,Correcte. Le carcinome basocellulaire est explicitement mentionné comme la tumeur cutanée la plus fréquente dans le contenu.,Le mélanome,"Incorrecte. Bien que le mélanome soit évoqué, il est classé comme une tumeur mélanique et non comme une tumeur épithéliale, ce qui le distingue des carcinomes.",Le nævi,"Incorrecte. Les nævi sont des lésions bénignes, non des tumeurs, et leur épidémiologie est abordée séparément.",La kératose seborrhéique,"Incorrecte. La kératose seborrhéique est une lésion précancéreuse, non une tumeur cutanée principale selon le contenu.",a
362,OIC-302-07-A,Quelle est la modalité de prévention primaire des carcinomes épidermoïdes et basocellulaires?,"La question évalue la connaissance des mesures de prévention primaire, un objectif clé de l'item. Le piège courant est de confondre prévention primaire (prévention des facteurs de risque) et secondaire (dépistage).",Encourager la protection solaire et le traitement des lésions précancéreuses,Correcte. La prévention primaire inclut la protection solaire (photoprotection) et l'élimination des lésions précancéreuses comme les kératoses actiniques.,Effectuer des examens cutanés réguliers par un dermatologue,"Incorrecte. Les examens réguliers relèvent de la prévention secondaire (dépistage), non de la prévention primaire.",Utiliser des crèmes anti-âge contenant de la vitamine C,Incorrecte. Les crèmes anti-âge ne sont pas des mesures de prévention spécifique aux carcinomes cutanés.,Précrire des traitements locaux pour les nævi atypiques,"Incorrecte. Les traitements des nævi atypiques sont une mesure de prévention secondaire, non primaire.",a
363,OIC-302-09-B,Quelle est une manifestation clinique typique du mélanome?,Cette question évalue la connaissance des signes cliniques du mélanome (objectif Rang A). Le piège courant est de confondre le mélanome avec d'autres lésions pigmentées comme les nævi ou les kératoses.,Lésion circulaire avec des bordures régulières et une couleur uniforme,"Incorrect. Cette description correspond à un nævus commun, non à un mélanome.",Lésion asymétrique avec des contours irréguliers et des variations de couleur,"Correct. Cela correspond aux critères ABCDE du mélanome (asymétrie, bordures irrégulières, couleurs multiples, diamètre >6mm, évolution).",Lésion papillomatose avec des croissances kératiques,"Incorrect. Cela correspond à une kératose séborrhéique, un diagnostic différentiel du mélanome.",Lésion rouge violacée avec des vaisseaux sanguins visibles,"Incorrect. Cela correspond à un angiome thrombocytaire, un autre diagnostic différentiel du mélanome.",b
364,OIC-302-10-B,Quelle est la principale caractéristique clinique des nævi communs?,"La question évalue la connaissance des principales tumeurs cutanées, en se concentrant sur les nævi. Le piège réside dans la confusion entre les signes cliniques des nævi et ceux du mélanome.",Ils apparaissent généralement après 60 ans et se régressent naturellement,"Incorrect. Les nævi communs apparaissent vers 4-5 ans et augmentent jusqu'à 30 ans, avec une régression après 60 ans.",Ils sont associés à un risque accru de mélanome cutané,Incorrect. Le risque de transformation en mélanome est très faible pour les nævi communs.,Ils sont plus fréquents chez les personnes de peau claire,"Correct. Les nævi communs sont présents chez la majorité des individus, y compris ceux de peau claire.",Ils sont toujours associés à des lésions satellites,"Incorrect. Les lésions satellites sont spécifiques aux nævi congénitaux géants, pas aux nævi communs.",c
365,OIC-302-13-A,Quelle est la mesure principale de la prévention primaire du mélanome?,"Cette question évalue la connaissance des modalités de prévention du mélanome, en mettant l'accent sur la prévention primaire. Un piège courant est de confondre la prévention primaire (réduction des facteurs de risque) et la prévention secondaire (dépistage précoce).",Encourager la photoprotection en limitant les expositions aux UV durant les heures de forte irradiation,"Correcte. Cette mesure correspond à la prévention primaire, qui vise à réduire l'exposition aux UV, le seul facteur environnemental connu du mélanome.",Former les médecins à l'examen complet du tégument pour détecter les lésions suspectes,"Incorrecte. Cette mesure relève de la prévention secondaire, visant le dépistage précoce, non de la réduction des facteurs de risque.",Préconiser un traitement chirurgical des lésions précancéreuses,"Incorrecte. Le traitement des lésions précancéreuses est une mesure de prise en charge, non de prévention.",Surveiller les nævi atypiques chez les patients à risque génétique,Incorrecte. Cette mesure appartient à la prévention secondaire (dépistage) et non à la prévention primaire.,a
366,OIC-302-16-B,Quelle est la présentation clinique typique d'une lésion de carcinome épidermoïde?,"Cette question évalue la connaissance de la présentation clinique du carcinome épidermoïde, un objectif de Rang A. Le piège réside dans la confusion avec d'autres lésions cutanées comme le carcinome basocellulaire ou les nævi.","Tumeur irrégulière ulcéro-végétante, recouverte de croûtes, à bords inflammatoires et base indurée",Correcte. Cette description correspond exactement aux caractéristiques cliniques du carcinome épidermoïde mentionnées dans la photographie.,Lésion pâle avec des bordures régulières et une surface lisse,"Incorrecte. Cette description correspond plutôt à un nævi ou à un carcinome basocellulaire, non au carcinome épidermoïde.",Tumeur nodulaire avec des couleurs variées et des zones de pigmentation,"Incorrecte. Cette présentation est typique du mélanome, non du carcinome épidermoïde.",Lésion rouge vif avec des croûtes et une base sèche,"Incorrecte. Cette description correspond à une lésion de type actinique ou à une infection cutanée, pas au carcinome épidermoïde.",a
367,OIC-312-01-B,Quelle est une caractéristique clé de l'histoire naturelle du cancer du sein en France?,"Cette question évalue la compréhension de l'histoire naturelle du cancer du sein, incluant son incidence et ses tendances épidémiologiques. Un piège courant est de confondre les données épidémiologiques avec les modalités de dépistage ou les traitements.",L'incidence est de 58 000 nouveaux cas par an,"Correcte. L'incidence est un élément central de l'histoire naturelle, reflétant la fréquence des nouveaux diagnostics.",La mammographie est indiquée chez toutes les femmes à partir de 40 ans,"Incorrecte. Cela relève des modalités de dépistage, non de l'histoire naturelle.",Le cancer du sein est le premier cancer chez la femme en mortalité,"Incorrecte. C'est le deuxième cancer en mortalité, ce qui est une donnée épidémiologique mais pas directement liée à l'histoire naturelle.",Le traitement chirurgical est la première étape de prise en charge,"Incorrecte. Cela concerne les principes de traitement, non l'histoire naturelle.",a
368,OIC-312-09-B,Quelle est l'indication principale de la mammographie dans le cadre de la biopsie mammaire?,Cette question évalue la connaissance des indications de la mammographie (objectif Rang A). Elle met en évidence une confusion courante entre les modalités d'imagerie et les indications spécifiques de la mammographie.,Évaluer les lésions classées Bi-Rads 4 et 5,"Correcte. La mammographie guide la biopsie des lésions Bi-Rads 4/5, comme indiqué dans le contenu.",Analyser les adénopathies axillaires suspectes,"Incorrecte. La cytologie axillaire est une indication de la cytologie, non de la mammographie.",Évaluer les lésions visibles en échographie,"Incorrecte. L'échographie guide les microbiopsies, pas la mammographie.",Évaluer les foyers de microcalcifications profonds,"Incorrecte. Les foyers profonds nécessitent une biopsie chirurgicale, pas une mammographie.",a
369,OIC-312-10-B,Quelle est une présentation clinique typique de la mastopathie fibrokystique?,La question évalue la connaissance des présentations cliniques des tumeurs du sein (objectif Rang A). Le piège réside dans la confusion entre les symptômes des lésions bénignes et les caractéristiques des tumeurs malignes.,Mastodynies en rapport avec les cycles menstruels,Correcte. La mastopathie fibrokystique est associée à des douleurs mammaires cycliques liées aux hormones.,Tumeur bien délimitée et mobile de moins de 30 mm,"Incorrecte. Cette description correspond à l'adénofibrome, une lésion bénigne, mais pas à la mastopathie fibrokystique.",Placards ambigus avec écoulement mamelonnaire verdâtre,"Incorrecte. C'est une caractéristique de la mastopathie fibrokystique, mais non une présentation clinique typique.",Masse palpable avec marges irrégulières et nodule calcifié,"Incorrecte. Ces signes suggèrent une lésion maligne, non la mastopathie fibrokystique.",a
370,OIC-315-05-A,Quel signe clinique ou biologique est associé à une gravité accrue dans les leucémies aiguës?,Cette question évalue la capacité à identifier les signes de gravité dans les leucémies aiguës. Le piège réside dans la confusion entre les signes d'insuffisance médullaire et les complications directes des cellules malignes.,Hyperleucocytose avec leucostase,Correcte. L'hyperleucocytose est un marqueur biologique de gravité lié à la compression des vaisseaux par les cellules leucémiques.,Anémie modérée,Incorrecte. L'anémie modérée n'induit pas de complications organiques aiguës et ne correspond pas aux critères de gravité.,Thrombopénie légère,Incorrecte. La thrombopénie légère peut être asymptomatique et ne traduit pas une insuffisance médullaire sévère.,Neutropénie chronique,"Incorrecte. La neutropénie chronique est une évolution lente, contraire à la nature aiguë des complications de gravité.",a
371,OIC-325-04-B,Quelle est la règle utilisée pour prévenir les erreurs sur le circuit du médicament?,"La question évalue la connaissance de la règle des 5 B, un outil clé pour prévenir les erreurs en pharmacie. Le piège courant est de confondre cette règle avec d'autres protocoles de sécurité.",La règle des 5 B,"Correcte. La règle des 5 B (Bon Patient, Bon Médicament, Bonne Dose, Bonne Voie, Bon Moment) est spécifiquement conçue pour prévenir les erreurs sur le circuit du médicament.",La règle des 5 S,"Incorrecte. La règle des 5 S (Sécurité, Sanitation, Séparation, Système, Surveillance) est liée à la gestion des espaces de travail, pas aux erreurs médicales.",La règle des 3 C,"Incorrecte. La règle des 3 C (Comprendre, Communiquer, Contrôler) est utilisée dans le suivi des patients, pas dans la prévention des erreurs de médicament.",La règle des 7 P,"Incorrecte. La règle des 7 P (Préparation, Présentation, Prescription, Posologie, Posologie, Posologie, Posologie) n'existe pas et est une invention erronée.",a
372,OIC-325-09-B,Quelle est la définition correcte du principe d'imputabilité dans le contexte de la pharmacovigilance?,"La question évalue la compréhension du principe d'imputabilité, qui est central à l'analyse des effets indésirables médicamenteux. Un piège courant est de confondre l'imputabilité avec d'autres processus comme la déclaration ou la surveillance des risques.","L'imputabilité est l'estimation du lien de causalité entre le médicament et l'effet observé, évaluée par le centre régional de pharmacovigilance.",Correcte. Cette définition correspond exactement à la description du principe d'imputabilité dans le contenu source.,L'imputabilité correspond à la déclaration obligatoire d'un effet indésirable suspecté par un professionnel de santé.,"Incorrecte. La déclaration d'effet indésirable est une procédure distincte de l'imputabilité, qui concerne l'évaluation de la causalité.",L'imputabilité se base uniquement sur des critères bibliographiques pour établir un lien entre le médicament et l'effet.,"Incorrecte. L'imputabilité intègre des critères chronologiques, sémiologiques et bibliographiques, pas seulement bibliographiques.",L'imputabilité est la responsabilité légale d'un professionnel en cas d'erreur médicamenteuse.,"Incorrecte. L'imputabilité concerne la causalité médicale, non la responsabilité légale ou pénale.",a
373,OIC-326-01-A,Quelle est la principale composante du cadre juridique de la prescription?,Cette question évalue la compréhension des modalités légales de prescription. Piège courant : confondre les règles de dénomination commune internationale (DCI) ou de délivrance avec les cadres juridiques de prescription.,"La distinction entre prescription obligatoire, facultative et restreinte, ainsi que les professionnels habilités à prescrire",Correcte. Cela correspond aux modalités de prescription décrites dans le contenu (obligatoire/facultaire/restreinte et professions habilitées).,La réglementation sur la dénomination commune internationale (DCI) des médicaments,"Incorrecte. La DCI est une exigence technique de prescription, pas un cadre juridique de prescription.",Les règles de délivrance des médicaments par les pharmaciens,"Incorrecte. Les règles de délivrance relèvent du cadre réglementaire de la dispensation, non de la prescription.",La prescription de médicaments génériques ou biosimilaires,"Incorrecte. Cela concerne la pratique clinique et le bon usage, pas les cadres juridiques de prescription.",a
374,OIC-328-05-A,Quelle est la définition correcte d'une orthèse?,Cette question évalue la connaissance de la définition des orthèses. Un piège courant est de confondre les orthèses avec les prothèses ou de négliger leur rôle de suppléance.,Dispositif qui supplée un membre ou un segment de membre déficient ou le rachis,Correcte. C'est la définition exacte donnée dans le contenu source.,Appareil utilisé pour la rééducation des fractures osseuses,"Incorrecte. Les orthèses ne sont pas spécifiquement conçues pour les fractures, mais pour des troubles fonctionnels ou structurels.",Équipement destiné à améliorer la mobilité des articulations,"Incorrecte. Cela décrit une fonction possible, mais pas la définition générale des orthèses.",Objet utilisé pour la rééducation musculaire par exercices physiques,"Incorrecte. Les orthèses ne remplacent pas les exercices physiques, mais les complètent ou les accompagnent.",a
375,OIC-328-12-B,Quelle est la définition correcte d'une cure thermale?,"La question évalue la compréhension de la définition d'une cure thermale, un objectif de Rang B. Cependant, elle est formulée en lien avec l'objectif de Rang A concernant l'évaluation des thérapeutiques non médicamenteuses, en utilisant la cure thermale comme exemple.","Ensemble des thérapeutiques appliquées à un patient pendant son séjour dans une station thermale, incluant le repos, le dépaysement, le climat et les soins non thermaux.",Correcte. Cette définition correspond exactement à celle décrite dans le contenu source.,Appareil médical utilisé pour la rééducation fonctionnelle des patients en kinésithérapie.,"Incorrecte. Cela décrirait une orthèse, non une cure thermale.","Pratique médicale consistant à prescrire des soins non spécifiques à la médecine thermale, comme la kinésithérapie.","Incorrecte. Cela correspond à une indication secondaire des cures thermales, non à leur définition.",Technique de rééducation utilisant des gaz thermaux pour traiter les artériopathies.,"Incorrecte. Cela décrit une pratique complémentaire de la médecine thermale, non sa définition.",a
376,OIC-330-15-A,Quelle est la description correcte du rapport bénéfice/risque d'une molécule antidiabétique?,Cette question évalue la capacité à identifier le rapport bénéfice/risque à partir des données fournies sur les effets indésirables et les mécanismes d'action des antidiabétiques. Un piège courant est de confondre les effets secondaires de différentes classes de médicaments.,La metformine présente un bénéfice principal de contrôle glycémique avec un risque mineur d'acidose lactique,"Correcte. La metformine réduit la glycogénolyse hépatique et améliore la captation périphérique de glucose, avec un risque rare d'acidose lactique.",Les sulfonylurées offrent un bénéfice de perte de poids avec un risque accru d'hypoglycémie,"Incorrecte. Les sulfonylurées augmentent la libération d'insuline mais provoquent une prise de poids, non une perte de poids.",Les inhibiteurs SGLT2 présentent un bénéfice diurétique avec un risque de pancréatite,"Incorrecte. Les inhibiteurs SGLT2 favorisent l'excrétion urinaire du glucose, mais la pancréatite est un effet rare associé aux agonistes GLP-1.",Les agonistes GLP-1 offrent un bénéfice de régulation glycémique avec un risque de hypotension artérielle,"Incorrecte. Les agonistes GLP-1 stimulent la libération d'insuline, mais la hypotension est un effet secondaire des inhibiteurs SGLT2.",a
377,OIC-330-16-A,Quel médicament présente le plus grand risque de toxicité hépatique selon les informations fournies?,"La question évalue la capacité à identifier le risque hépatique spécifique d'un médicament à partir des données cliniques, un aspect central du rapport bénéfice/risque.",Paracétamol,Correcte. Le paracétamol est explicitement mentionné comme causant une hépatotoxicité exceptionnelle en cas de surdosage ou de conditions de risque.,Néfopam,"Incorrecte. Le néfopam présente des effets anticholinergiques et des risques neurologiques, mais pas de toxicité hépatique spécifique.",Anti-inflammatoires non stéroïdiens (AINS),"Incorrecte. Les AINS sont associés à des risques digestifs et rénaux, mais pas de toxicité hépatique majeure comme le paracétamol.",Antidépresseurs,"Incorrecte. Les antidépresseurs présentent des effets anticholinergiques et neurologiques, mais pas de risque hépatique spécifique mentionné.",a
378,OIC-332-04-A,Quel est un signe clinique principal de l'état de choc?,"La question évalue la reconnaissance des signes cliniques du choc, en mettant l'accent sur l'hypotension artérielle comme signe central. Le piège réside dans la confusion entre les signes précoces (comme la tachycardie) et les signes majeurs.",Hypotension artérielle définie par PAS <90 mmHg ou PAM <65 mmHg,"Correcte. L'hypotension est le signe clinique principal du choc, bien que la pression artérielle puisse être normale au début.",Tachycardie persistante sans hypotension,Incorrecte. La tachycardie précède l'hypotension dans le choc hémorragique mais n'est pas un signe clinique principal.,Marbrures cutanées sur les genoux,"Incorrecte. Les marbrures sont un signe de hypoperfusion périphérique, mais non le principal critère diagnostique.",Oligurie associée à une hyperlactatémie,"Incorrecte. L'oligurie et l'hyperlactatémie sont des signes secondaires, non le critère principal de diagnostic.",a
379,OIC-332-09-A,Quelle est une mesure essentielle dans la prise en charge immédiate d'un choc hémorragique?,"La question évalue la connaissance des principes de prise en charge du choc hémorragique, en mettant l'accent sur les actions prioritaires. Le piège courant est de confondre les mesures de surveillance (Temps 1) avec les interventions spécifiques (Temps 2/3).",Transfusion sanguine avec un ratio culot globulaire/plasma frais congelé entre 1/1 et 1/2,"Correcte. Le ratio transfusionnel est un principe clé de la gestion du choc hémorragique, conforme aux recommandations du contenu.",Identification de la cause du saignement par imagerie radiologique,"Incorrecte. L'identification de la cause est une étape du Temps 2, mais non une mesure immédiate de prise en charge.",Surveillance continue de la pression artérielle et des voies veineuses,"Incorrecte. La surveillance est une action du Temps 1, mais ne constitue pas le principe central de la prise en charge du choc hémorragique.",Utilisation de l'acide tranexamique pour prévenir la fibrinolyse,"Incorrecte. L'acide tranexamique est une mesure symptomatique du Temps 3, non un principe fondamental de la prise en charge.",a
380,OIC-336-05-A,Quelle est la définition correcte de la gynécomastie?,Cette question évalue la connaissance de la définition précise de la gynécomastie. Un piège courant est de confondre la gynécomastie avec la pseudogynécomastie (accumulation de graisse) ou d'oublier l'élément essentiel de la présence de tissu glandulaire.,Augmentation du tissu mammaire chez l'homme associée à la présence de tissu glandulaire,"Correcte. Cette définition inclut les deux éléments essentiels : l'augmentation du tissu mammaire et la présence de tissu glandulaire, qui distinguent la gynécomastie de la pseudogynécomastie.",Présence de nodules mammaires douloureux chez l'homme,"Incorrecte. Les nodules douloureux sont un signe clinique, mais ne définissent pas la gynécomastie. Ils peuvent être associés à d'autres pathologies.",Hyperplasie des glandes mammaires chez la femme,"Incorrecte. La gynécomastie concerne les hommes, non les femmes. Cette option confond le terme avec la mastopathie féminine.",Accumulation de graisse mammaire chez l'homme,"Incorrecte. Cette description correspond à la pseudogynécomastie, une condition distincte qui ne comporte pas de tissu glandulaire.",a
381,OIC-336-07-A,Quelle est la manifestation clinique principale de la gynécomastie?,Cette question évalue la capacité à identifier les signes cliniques de la gynécomastie. Un piège courant est de confondre les signes avec ceux d'autres pathologies mammaires.,Augmentation du volume mammaire avec ou sans douleur,Correcte. L'augmentation mammaire est le signe clinique principal de la gynécomastie.,Hypertension artérielle,Incorrecte. L'hypertension n'est pas un signe spécifique de la gynécomastie.,Perte de poids rapide,Incorrecte. La perte de poids n'est pas un signe clinique direct de la gynécomastie.,Toux chronique,Incorrecte. La toux n'est pas liée à la gynécomastie.,a
382,OIC-336-08-A,Quelle est la première étape d'évaluation d'une situation d'urgence extrême chez un patient en coma?,"Cette question évalue la capacité à identifier la priorité d'exploration respiratoire dans un coma, un critère clé pour la prise en charge immédiate.",Vérifier la présence de mouvements respiratoires hors gasp et d’un pouls central (MCE si absent),Correcte. La vérification des mouvements respiratoires et du pouls central est la priorité immédiate pour évaluer l'état respiratoire.,Évaluer la glycémie en dessous de 3 mmol/L,"Incorrecte. Bien que la glycémie basse soit urgente, elle n'est pas la première étape d'évaluation respiratoire.",Identifier un score de Glasgow inférieur à 8,Incorrecte. Le score de Glasgow est important mais ne remplace pas l'exploration immédiate des voies aériennes.,Reconnaître une mydriase unilatérale avec réponse motrice en décérébration,"Incorrecte. Cela correspond à un signe d'engagement, non à la première étape d'évaluation.",a
383,OIC-336-09-A,Quelle est la définition correcte de la gynécomastie?,Cette question évalue la capacité à identifier la définition précise de la gynécomastie. Un piège courant est de confondre cette pathologie avec d'autres affections mammaires comme la mastite ou le cancer.,Augmentation de la tumeur mammaire chez l'homme due à un déséquilibre hormonal,Correcte. La gynécomastie correspond à une hypertrophie mammaire masculine liée à une dominance estrogénique.,Inflammation des glandes mammaires chez l'homme,"Incorrecte. Cela correspond à une mastite, une infection aiguë, non à la gynécomastie.",Réduction de la taille des glandes mammaires chez l'homme,"Incorrecte. Cela décrit une atrophie mammaire, non une hypertrophie.",Tumeur maligne des glandes mammaires chez l'homme,"Incorrecte. Cela correspond à un cancer mammaire, une pathologie distincte.",a
384,OIC-342-03-A,Quel élément est essentiel pour distinguer une syncope d'une crise d'épilepsie généralisée?,"La question évalue la capacité à identifier le critère diagnostique majeur pour distinguer les deux pathologies, en se basant sur les éléments clés du diagnostic rétrospectif.",La durée de la perte de connaissance,"Correcte. La durée est le critère diagnostique majeur pour distinguer syncope et crise épileptique, comme indiqué dans le contenu source.",La présence d'un pacemaker,"Incorrecte. Bien que pertinent pour le diagnostic étiologique, elle n'est pas le critère principal de distinction entre les deux pathologies.",La recherche de signes neurologiques déficitaires,Incorrecte. Cet élément appartient à l'examen neurologique mais ne permet pas de distinguer directement syncope et crise épileptique.,La vérification des constantes vitales en position debout,Incorrecte. Cet examen est utile pour suspecter l'hypotension orthostatique mais ne constitue pas le critère principal de distinction.,a
385,OIC-342-08-A,Quelle est la cause neurologique d'un malaise ou d'une crise épileptique parmi les suivantes?,La question évalue la connaissance des causes neurologiques des malaises et crises épileptiques. Le piège courant est de confondre les causes métaboliques (comme l'hypoglycémie) avec les causes neurologiques.,"Méningite, lésion cérébrale focale",Correcte. La méningite et les lésions cérébrales focales sont des causes neurologiques directes.,"Hypoglycémie, arrêt de traitement","Incorrecte. L'hypoglycémie est une cause métabolique, et l'arrêt de traitement n'est pas une cause neurologique.","Prise de toxiques, arrêt de traitement","Incorrecte. La prise de toxiques peut être neurologique, mais l'arrêt de traitement n'est pas une cause neurologique spécifique.","Hypoglycémie, prise de toxiques","Incorrecte. L'hypoglycémie est métabolique, et la prise de toxiques n'est pas systématiquement neurologique.",a
386,OIC-342-12-B,Quelle est la caractéristique clé permettant de distinguer une crise épileptique d'un événement non épileptique (pseudo-crise)?,"Cette question évalue la capacité à identifier les différences cliniques entre les crises épileptiques et les pseudo-crises, un objectif de Rang A essentiel pour le diagnostic différentiel.",Perte de conscience brutale avec automatismes et recouvrement progressif de la conscience,Correcte. Cette description correspond aux caractéristiques d'une crise épileptique avec des automatismes et une récupération progressive.,Perte de conscience associée à une hyperventilation et une détresse respiratoire,Incorrecte. Cela correspond plutôt à un événement non épileptique (ex. crise hystérique).,"Perte de conscience avec des signes de décompensation circulatoire (cyanose, hypotension)",Incorrecte. Cela suggère une cause cardiovasculaire plutôt qu'une origine épileptique.,Perte de conscience avec des mouvements involontaires synchronisés des membres,"Incorrecte. Ces mouvements peuvent être observés dans les crises épileptiques, mais ne sont pas exclusifs à cette origine.",a
387,OIC-342-16-A,Quelle est la mesure de prise en charge symptomatique d'un malaise?,"La question évalue la connaissance des gestes d'urgence symptomatiques pour un malaise, en excluant les examens diagnostiques ou traitements spécifiques.",Positionner le patient en position latérale de sécurité si inconscient,Correcte : Correspond au geste de sécurité standardisé pour prévenir les complications respiratoires.,Prélever un échantillon sanguin pour doser la glycémie,"Incorrecte : La glycémie est un élément diagnostique, non une mesure de prise en charge symptomatique.",Administrer un anticonvulsivant en cas de crise convulsive,"Incorrecte : Les anticonvulsivants sont indiqués pour les crises épileptiques, non les malaises.",Effectuer un électrocardiogramme en urgence,"Incorrecte : L'ECG est un examen paraclinique diagnostique, non une mesure de prise en charge symptomatique.",a
388,OIC-342-17-B,Quelle est la recommandation principale pour le suivi d'un patient ayant présenté une syncope de cause rythmique?,"La question évalue la connaissance des recommandations de suivi spécifique pour les syncopes liées à des troubles rythmiques, en mettant l'accent sur la prévention de la mort subite.",Mise en place d'un suivi cardiaque incluant un électrocardiogramme périodique et une évaluation du risque de mort subite,Correcte. Cela correspond aux recommandations pour surveiller les troubles rythmiques et prévenir les complications graves.,Prescription d'un traitement anticonvulsivant à long terme,"Incorrecte. Les anticonvulsivants sont indiqués pour les crises épileptiques, pas pour les syncopes rythmiques.",Surveillance uniquement des signes neurologiques,"Incorrecte. Les syncopes rythmiques nécessitent une évaluation cardiaque spécifique, non neurologique.",Recommandation de repos absolu pendant 3 mois,"Incorrecte. Le suivi est basé sur l'analyse des causes rythmiques, pas sur une restriction d'activité prolongée.",a
389,OIC-347-02-B,Quelle est une cause principale de rétention aiguë d'urine?,Cette question évalue la connaissance des principales causes de la rétention aiguë d'urine (objectif Rang A). Le piège réside dans la confusion avec d'autres pathologies urinaires.,Obstruction mécanique de l'urètre,"Correcte. L'obstruction mécanique est une cause majeure de rétention aiguë d'urine, comme mentionné dans le contenu.",Dysfonction du sphincter urétéral,"Incorrecte. La dysfonction du sphincter urétéral est une cause de troubles de la miction, mais pas de rétention aiguë d'urine.",Insuffisance rénale aiguë,"Incorrecte. L'insuffisance rénale aiguë est une complication possible, mais pas une cause directe de rétention aiguë d'urine.",Diabète de type 1,"Incorrecte. Le diabète peut causer des complications urinaires, mais n'est pas une cause principale de rétention aiguë d'urine.",a
390,OIC-347-06-A,Quel est le signe clinique présent dans la rétention aiguë d'urine mais absent dans l'anurie?,"Cette question évalue la capacité à distinguer les signes cliniques de la rétention aiguë d'urine et de l'anurie, en mettant l'accent sur la présence d'un globe vésical distendu dans la première et son absence dans la seconde.",Présence d'un globe vésical distendu,"Correcte. La rétention aiguë d'urine se caractérise par un globe vésical distendu, contrairement à l'anurie où ce signe est absent.",Absence de douleur,"Incorrecte. L'anurie est associée à l'absence de douleur, tandis que la rétention aiguë d'urine peut provoquer une douleur.",Présence d'une envie d'uriner,"Incorrecte. L'envie d'uriner est un signe de la rétention aiguë d'urine, mais elle n'est pas spécifique à ce diagnostic et peut être absente dans l'anurie.",Présence d'une fièvre,Incorrecte. La fièvre n'est pas un signe clinique discriminant entre les deux conditions et peut être présente dans les deux cas.,a
391,OIC-351-12-A,Quelle est l'indication correcte de l'hospitalisation libre et sans consentement selon l'âge?,"Cette question évalue la connaissance des indications spécifiques de l'hospitalisation sans consentement en fonction de l'âge, un objectif clé de l'item. Le piège réside dans la confusion entre situations urgentes et non urgentes, ou entre âges non pertinents.",Un adolescent de 16 ans en crise psychiatrique aiguë nécessitant une prise en charge immédiate,"Correcte. L'hospitalisation sans consentement est indiquée pour les mineurs en crise aiguë, conformément aux modalités légales.",Un adulte de 25 ans présentant une agitation non urgente sans risque de suicide,Incorrecte. L'hospitalisation sans consentement ne s'applique pas aux situations non urgentes ou non dangereuses.,Un adolescent de 14 ans avec une dépression modérée sans comportement à risque,Incorrecte. L'âge de 14 ans ne justifie pas automatiquement une hospitalisation sans consentement en l'absence de danger immédiat.,Un adulte de 30 ans en dépression unipolaire chronique sans crise aiguë,"Incorrecte. L'hospitalisation sans consentement est réservée aux cas d'urgence ou de danger pour soi ou autrui, pas aux dépressions chroniques non aiguës.",a
392,OIC-353-03-A,Quelle définition correspond à un événement indésirable associé aux soins (EIAS)?,"Cette question évalue la capacité à définir un EIAS, en mettant l'accent sur sa nature évitable et son lien avec les pratiques professionnelles. Le piège courant est de confondre les EIAS avec des événements non évitables ou non liés aux soins.",Un événement non évitable lié à une pathologie chronique du patient,"Incorrect. Les EIAS sont définis comme évitables, pas non évitables.",Un événement évitable directement lié à une pratique professionnelle,Correct. C'est la définition précise d'un EIAS : évitable et lié aux soins.,Un événement non évitable lié à un facteur externe non contrôlable,"Incorrect. Les EIAS sont évitables, pas non évitables.",Un événement évitable non lié à la prise en charge du patient,Incorrect. Les EIAS sont directement liés aux pratiques professionnelles.,b
393,OIC-353-08-A,Quelle est la définition correcte de la sécurité en contexte de soins?,"Cette question évalue la capacité à distinguer la définition de la sécurité des autres concepts liés aux soins. Le piège réside dans la confusion entre sécurité et qualité, ou entre sécurité et événements indésirables.","L'absence de risque pour le patient et l'équipe, assurée par des pratiques et des systèmes de prévention des erreurs et des accidents.",Correcte. Cette définition reflète la notion de sécurité comme absence de risque et de prévention des incidents.,L'ensemble des actions visant à améliorer la qualité des soins et la satisfaction des patients.,"Incorrecte. C'est la définition de la qualité, non de la sécurité.",Un événement indésirable associé aux soins qui peut être évité grâce à des mesures préventives.,"Incorrecte. C'est la définition d'un événement porteur de risque, non de la sécurité.",La mise en place de protocoles pour surveiller et analyser les incidents survenus en milieu hospitalier.,"Incorrecte. Cela correspond à une démarche qualité, non à la définition de la sécurité.",a
394,OIC-364-01-A,Quelle classification est utilisée pour les fractures-décollements épiphysaires chez l'enfant?,"Cette question évalue la connaissance de la classification spécifique des fractures épiphysaires chez l'enfant, un objectif clé de l'item. Le piège courant est de confondre les types de fractures (ex. : en bois vert) avec leur classification.",Classification de Salter et Harris,Correcte. La classification de Salter et Harris est spécifique aux fractures épiphysaires chez l'enfant.,Fracture en bois vert,"Incorrecte. La fracture en bois vert est un type de fracture, non une classification.",Fracture sous périostée,"Incorrecte. La fracture sous périostée est un type de fracture, non une classification.",Fracture avulsion apophysaire,"Incorrecte. La fracture avulsion apophysaire est un type de fracture, non une classification.",a
395,OIC-364-02-B,Quelle est la principale indication pour rechercher les signes de gravité immédiate chez un enfant présentant une fracture?,"Cette question évalue l'objectif Rang A « Savoir rechercher les signes de gravité immédiate », en mettant en évidence la nécessité de prioriser l'exploration des complications neurovasculaires et des signes de danger imminent.",Évaluer la circulation sanguine distale et la sensibilité cutanée,"Correcte. C'est le critère principal pour identifier les signes de gravité immédiate liés aux fractures, comme les complications neurovasculaires.",Mesurer la douleur au niveau de la fracture,Incorrecte. La douleur est un signe mineur et ne permet pas d'identifier les complications graves.,Rechercher une déformité visible du membre,"Incorrecte. Bien que significative, la déformité n'est pas un signe de gravité immédiate à elle seule.",Analyser l'histoire de la fracture (mécanisme de traumatisme),Incorrecte. L'histoire clinique est utile mais ne permet pas d'identifier les signes de gravité immédiate.,a
396,OIC-364-04-B,Quelle est la principale indication de la radiographie de la hanche droite devant une suspicion de fracture du col fémoral?,"Cette question évalue la compréhension de l'indication des examens d'imagerie pour une fracture du fémur proximal, un objectif de Rang A. Le piège réside dans la confusion avec d'autres examens (ex. radiographie du poignet).",Évaluer la localisation et la gravité de la fracture,Correcte. La radiographie de la hanche est indiquée pour visualiser la fracture du col fémoral et son évolution.,Identifier une fracture de l'extrémité inférieure du radius,Incorrecte. La radiographie de la hanche ne permet pas de diagnostiquer une fracture de l'EIR.,Évaluer les lésions des ligaments du genou,Incorrecte. Les ligaments du genou ne sont pas visibles sur une radiographie de la hanche.,Déterminer la présence d'une fracture de Pouteau-Colles,"Incorrecte. La fracture de Pouteau-Colles est une fracture de l'EIR, non visualisée sur une radiographie de la hanche.",a
397,OIC-364-05-A,Quel signe est évocateur d'une gravité immédiate devant une fracture chez l'enfant?,"La question évalue la capacité à identifier les signes de gravité immédiate, notamment les signes de maltraitance. Le piège réside dans la confusion entre les signes de maltraitance et les signes de complications secondaires.",Fracture de l'extrémité inférieure du radius (EIR) avec ecchymoses de différentes anciennetés,"Correcte. La présence d'ecchymoses de différentes anciennetés est un signe évocateur de traumatismes multiples et de maltraitance, indiquant une gravité immédiate.",Fracture de l'extrémité proximale du fémur avec retard à la présentation,"Incorrecte. Le retard à la présentation est un signe de suspicion de maltraitance, mais il ne correspond pas directement à une gravité immédiate.",Fracture de l'extrémité inférieure du radius (EIR) avec localisation métaphysaire,"Incorrecte. La localisation métaphysaire est un critère de suspicion de maltraitance, mais elle ne reflète pas nécessairement une gravité immédiate.",Fracture de l'extrémité proximale du fémur avec absence de contexte,"Incorrecte. L'absence de contexte est un facteur de suspicion, mais elle ne constitue pas un signe de gravité immédiate.",a
