id,question,option_a,option_b,option_c,option_d,correct_option
OIC-005-01-A,"La responsabilité d’un professionnel de santé ou d’un établissement de santé peut être recherchée à deux fins : soit la sanction du professionnel ou de l’établissement, soit l’indemnisation de l’usager victime des conséquences d’un événement indésirable associé aux soins. La sanction peut être de nature pénale ou disciplinaire. L’indemnisation incombe au responsable (exercice libéral) ou à son employeur s’il est salarié (public ou privé). Elle peut également être obtenue via la procédure amiable devant les commissions de conciliation et d’indemnisation. L’indemnisation des victimes est assurée par l’obligation de souscription pour les médecins et les établissements de santé (public ou privé) d’une assurance de responsabilité civile professionnelle. En plus d’assurer l’indemnisation des victimes, cette assurance permet de couvrir les médecins salariés lorsque la faute est détachable du service ou lorsque la mission qui leur a été confiée est outrepassée.",La responsabilité peut être recherchée pour obtenir une sanction pénale ou disciplinaire.,L’indemnisation incombe au responsable (exercice libéral) ou à son employeur s’il est salarié (public ou privé).,La responsabilité peut être recherchée pour obtenir une indemnisation via la procédure amiable devant les commissions de conciliation et d’indemnisation.,L’indemnisation des victimes est assurée par l’obligation de souscription pour les médecins et les établissements de santé (public ou privé) d’une assurance de responsabilité civile professionnelle.,La responsabilité peut être recherchée pour obtenir une sanction pénale ou disciplinaire.
OIC-005-02-A,"La responsabilité pénale a une fonction répressive ayant pour vocation de sanctionner des individus dont le comportement est réprouvé dans notre société. Elle est toujours personnelle, concernant à l’identique tous les médecins (y compris les internes), quel que soit le cadre de leur exercice. Elle peut également concerner les établissements de santé, en leur qualité de personnes morales.",La responsabilité pénale vise à réprimer le comportement réprouvé par la société.,"La responsabilité pénale est toujours personnelle et s'applique à tous les médecins, y compris les internes, quel que soit leur cadre d'exercice.",La responsabilité pénale peut également concerner les établissements de santé en tant que personnes morales.,"La responsabilité pénale vise à réprimer le comportement réprouvé par la société et s'applique à tous les médecins, y compris les internes, quel que soit leur cadre d'exercice. Elle peut également concerner les établissements de santé en tant que personnes morales.","La responsabilité pénale vise à réprimer le comportement réprouvé par la société et s'applique à tous les médecins, y compris les internes, quel que soit leur cadre d'exercice. Elle peut également concerner les établissements de santé en tant que personnes morales."
OIC-005-03-A,Quelle juridiction est-elle responsable en cas de responsabilité civile engagée par un professionnel exerçant à titre libéral ou un établissement privé de santé?,Tribunal civil,Cour d'appel,Cour de cassation,Aucune des trois,Cour de cassation
OIC-005-04-A,Quelle est la définition de la responsabilité administrative?,La responsabilité administrative est engagée lorsque le médecin commet une faute personnelle ou détachable du service.,La responsabilité administrative est engagée lorsque le médecin commet une faute dans l’organisation et le fonctionnement du service.,La responsabilité administrative est engagée lorsque le médecin commet une faute de service.,La responsabilité administrative n'est pas engagée envers le patient.,La responsabilité administrative est engagée lorsque le médecin commet une faute de service.
OIC-005-05-A,Quelle est la définition de la responsabilité disciplinaire en médecine?,La responsabilité disciplinaire est celle qui est encourue devant les instances pénales.,La responsabilité disciplinaire est celle qui est encourue devant les instances civiles.,La responsabilité disciplinaire est celle qui est encourue devant les instances administratives.,La responsabilité disciplinaire est celle qui est encourue devant les instances de l’Ordre des médecins.,La responsabilité disciplinaire est celle qui est encourue devant les instances de l’Ordre des médecins.
OIC-005-06-A,Quelle est la définition de la responsabilité sans faute dans le contexte médical?,"La responsabilité sans faute s'applique lorsque des dommages sont liés aux soins, mais qui surviennent sans manquement aux règles professionnelles ou scientifiques.",La responsabilité sans faute est engagée lorsqu'il y a une infection nosocomiale sans faute professionnelle.,La responsabilité sans faute ne peut être invoquée que dans le cadre d'un système d'indemnisation.,La responsabilité sans faute n'existe pas en droit médical.,"La responsabilité sans faute s'applique lorsque des dommages sont liés aux soins, mais qui surviennent sans manquement aux règles professionnelles ou scientifiques."
OIC-005-07-A,Quelle est la définition de la faute en matière médicale ?,La faute est une violation des connaissances médicales avérées ou des données acquises de la science.,La faute est une violation du droit au respect de la dignité du patient.,La faute est une violation du secret professionnel.,La faute est une violation du droit à l’information pour un consentement libre et éclairé.,La faute est une violation des connaissances médicales avérées ou des données acquises de la science.
OIC-005-08-A,Quels sont les types d'erreur dans le domaine médical?,Omission,Commission,Exécution,Violation,All of the above
OIC-005-09-A,Quelle définition donne-t-on à l'accident médical?,"Un événement indésirable survenu au cours d'un acte de soin, de prévention ou de diagnostic.",Une erreur commise par un professionnel de santé lors d'un acte médical.,Un dommage anormal au regard de l'évolution prévisible de l'état de santé.,Tout événement indésirable survenant dans un lieu de soins.,C. Un dommage anormal au regard de l'évolution prévisible de l'état de santé.
OIC-005-10-A,Qu'est-ce que les infections nosocomiales?,Infections contractées au cours d'un séjour à domicile.,Infections transmises par des vecteurs animaux ou insectes.,Infections causées par des bactéries anaérobies.,Infections acquises dans un établissement de santé.,D. Infections acquises dans un établissement de santé.
OIC-005-11-A,Qu'est-ce que l'aléa thérapeutique?,Un événement indésirable lié à une action de soins conforme et ne comportant pas d'erreur.,Une erreur médicale qui n'est pas la faute du professionnel de santé.,Un effet secondaire d'un médicament correctement prescrit et administré.,Une infection nosocomiale sans responsabilité des professionnels de santé ou de l'établissement de santé.,A
OIC-005-12-B,Quels sont les principaux facteurs qui peuvent conduire à l'ouverture d'un contentieux à la suite d'un accident médical?,Les facteurs ne sont pas listés,Les facteurs ne sont pas précisés,Les facteurs ne sont pas classés par ordre de priorité,Les facteurs cités ne correspondent pas à ceux qui peuvent conduire à l'ouverture d'un contentieux,Les facteurs cités ne correspondent pas à ceux qui peuvent conduire à l'ouverture d'un contentieux
OIC-005-13-A,Quels sont les facteurs humains qui influencent le risque d'erreur?,"Le manque de connaissances, de compétences, d'expérience","Le stress, le manque de temps, la fatigue, la maladie",Certains facteurs linguistiques ou culturels,Les facteurs liés au patient,"Le manque de connaissances, de compétences, d'expérience"
OIC-005-14-B,Quels sont les différents types de barrières de sécurité dans le domaine médical ?,Les barrières de prévention,Les barrières de récupération,Les barrières d’atténuation,Toutes les réponses,Toutes les réponses
OIC-005-15-B,Quelle est la troisième grande classe de repérage des erreurs dans les hôpitaux?,Systèmes passifs fondés sur l’analyse de dossiers ou de traces électroniques,Systèmes actifs reposant sur le volontariat des médecins et autres professionnels de santé,Systèmes actifs reposant sur la volonté des patients ou de leur famille ou proches,Systèmes passifs fondés sur l’analyse de dossiers cliniques papier,Systèmes actifs reposant sur la volonté des patients ou de leur famille ou proches
OIC-006-01-A,Quelle est la définition d'une équipe pluriprofessionnelle dans le contexte clinique?,Une équipe composée de professionnels ayant des qualifications différentes et complémentaires.,Un groupe de professionnels travaillant ensemble pour un même but.,Une équipe qui assure la sécurité du travail contre les événements indésirables.,Une équipe qui améliore la qualité de prise en charge du patient.,Une équipe composée de professionnels ayant des qualifications différentes et complémentaires.
OIC-006-02-A,Quels sont les principaux dispositifs du travail en équipe pluridisciplinaire dans l'organisation de l'exercice clinique et les méthodes qui permettent de sécuriser le parcours du patient?,Un protocole pluriprofessionnel,Les réunions de concertation pluridisciplinaire (RCP),"La check-list au bloc opératoire ou pour les activités dites ""interventionnelles""",La réunion de morbi-mortalité (RMM),"Un protocole pluriprofessionnel, Les réunions de concertation pluridisciplinaire (RCP), La check-list au bloc opératoire ou pour les activités dites ""interventionnelles"", La réunion de morbi-mortalité (RMM)"
OIC-006-03-A,Quel est le concept du « parcours de soins » dans le domaine médical?,Le traitement thérapeutique dispensé à un patient par une équipe pluridisciplinaire.,"La façon dont les soins sont organisés pour chaque patient, de la prise en charge jusqu'à la rémission ou à la fin des soins.",Une méthode d'évaluation des compétences professionnelles dans le cadre du suivi médical.,"Les étapes clés dans l'histoire clinique d'un patient, marquées par des événements majeurs ou des changements significatifs de santé.","La façon dont les soins sont organisés pour chaque patient, de la prise en charge jusqu'à la rémission ou à la fin des soins."
OIC-006-04-B,Quels sont les objectifs d'un protocole pluriprofessionnel en soins ?,Faciliter le travail en équipe.,Assurer la qualité des soins.,Améliorer l'efficacité des soins.,Favoriser la prescription raisonnée.,Faciliter le travail en équipe.
OIC-006-05-A,"Les réunions de concertation pluridisciplinaire (RCP) sont organisées systématiquement dans le domaine de la cancérologie pour définir la stratégie diagnostique, thérapeutique et de suivi des patients atteints de cancer. Les RCP peuvent être organisées dans d'autres domaines lorsqu'il est nécessaire d'avoir un avis concerté et collégial sur la meilleure prise en charge du patient.",Toutes les deux,Seules les personnes formant une équipe de soins peuvent y assister,Elles ne sont pas systématiques dans le domaine de la cancérologie,Ne sont organisées que pour les patients en stade avancé de cancer,Toutes les deux
OIC-006-06-A,Quel est l'objectif principal des check-lists dans le domaine médical?,Facilitar la comunicación entre los profesionales de la salud durante una intervención quirúrgica.,Garantir que todos los miembros del equipo estén informados sobre el procedimiento a realizar.,Asistir al médico principal en la toma de decisiones durante la operación.,Garantir la seguridad del paciente durante el proceso quirúrgico.,d) Garantir la seguridad del paciente durante el proceso quirúrgico.
OIC-006-07-A,Quelles sont les caractéristiques d'une réunion de morbi- mortalité (RMM) ?,Une réunion d'analyse individuelle et prospective de situations cliniques marquées par la survenue d'un événement indésirable.,"Une réunion d'analyse collective, rétrospective et systémique de situations cliniques marquées par la survenue d'un événement indésirable.","Une réunion d'analyse individuelle, prospective et systémique de situations cliniques marquées par la survenue d'un événement indésirable.","Une réunion d'analyse collective, rétrospective et individuelle de situations cliniques marquées par la survenue d'un événement indésirable.","Une réunion d'analyse collective, rétrospective et systémique de situations cliniques marquées par la survenue d'un événement indésirable."
OIC-006-08-A,"Les structures de médecine d'urgence comprennent les Samu-Centre 15, les Services Mobiles d’Urgence et de Réanimation (Smur) et les Services des Urgences ou structures des urgences (SU).",Les Samu-Centre 15 assurent une écoute médicale permanente.,Les Services Mobiles d’Urgence et de Réanimation (Smur) sont spécialisés dans le transport d’enfants.,Les Structures des urgences (SU) assurent la prise en charge des « venues non programmées».,Toutes les réponses sont correctes.,Les Samu-Centre 15 assurent une écoute médicale permanente.
OIC-008-01-A,"Une discrimination consiste à faire une différence de traitement selon des critères prohibés, entraînant un préjudice pour la personne. Les conventions internationales listent des critères sur lesquels il est interdit de s'appuyer pour traiter différemment des personnes. Quelles sont ces conventions ? A) Convention européenne des droits de l'homme B) Pacte international relatif aux droits économiques, sociaux et culturels C) Charte sociale européenne D) Toutes les options précédentes",Convention européenne des droits de l'homme,"Pacte international relatif aux droits économiques, sociaux et culturels",Charte sociale européenne,Toutes les options précédentes,D) Toutes les options précédentes
OIC-008-02-B,Les discriminations ont un impact sur les inégalités sociales et les inégalités de santé.,"Ces inégalités sont liées à des facteurs tels que l'apparence physique, l'origine culturelle ou le milieu social.","Les discriminations ont un impact négatif sur la qualité du logement et les conditions d'emploi, ce qui affecte directement la santé des personnes.","Les discriminations contribuent au stress chez les personnes concernées, ce qui peut avoir des répercussions négatives sur leur état de santé physique et mentale.","Les discriminations accentuent le non-recours aux services de santé, notamment en raison d'attentes négatives ou de barrières à l'accès aux soins.","Les discriminations contribuent largement au ""non-recours""."
OIC-008-03-B,Quelles sont les causes structurelles et organisationnelles des discriminations en santé?,Les discriminations en santé sont principalement dues à des représentations sociales ou à un défaut de vigilance des soignants.,"Les discriminations en santé sont le résultat d'un dysfonctionnement dans le système de santé, d'un défaut de prise en charge ou d'un abaissement de la qualité des soins.",Les discriminations en santé ne sont pas liées à des dysfonctionnements structurels et organisationnels mais sont directement dues aux caractéristiques individuelles des patients.,Les discriminations en santé sont le fruit d'une hétérogénéité de pratiques dans les équipes de soin.,B
OIC-009-01-A,Quelle est la définition de l'éthique en santé?,La réflexion collective sur les valeurs et normes des actions du praticien,L'étude des faits et comportements pour définir ce qui doit être,Le droit appliqué aux questions de santé,Une science qui étudie la moralité humaine,La réflexion collective sur les valeurs et normes des actions du praticien
OIC-009-02-A,Quelle était la vision originale de V.R. Potter sur la bioéthique?,Une éthique globale pour la survie de l’être humain et de la planète,Un sous-ensemble de l’éthique en santé,Une éthique des sciences biomédicales appliquées à l'homme,La bioéthique comme une alliance entre sciences biologiques et éthique,Une éthique globale pour la survie de l’être humain et de la planète
OIC-009-03-A,Quel est l'objet du code de déontologie médicale?,Il s'agit d'un guide pour les médecins dans leur pratique quotidienne.,C'est un document qui sert de référence aux instances juridictionnelles de l'Ordre des médecins.,Le code de déontologie médicale n'existe pas.,Il s'agit d'un texte législatif qui réglemente l'exercice professionnel des médecins.,b) C'est un document qui sert de référence aux instances juridictionnelles de l'Ordre des médecins.
OIC-009-04-A,Quels sont les grands principes de l'éthique médicale?,Bienfaisance,Non-malfaisance,Respect de l'autonomie,Justice,All of the above
OIC-009-05-A,Le respect de l'autonomie du patient est-elle une condition suffisante pour accepter un refus de soins?,"Oui, le respect de l'autonomie du patient doit toujours être accepté.","Non, il faut prendre en compte d'autres facteurs avant de décider si un refus de soins est acceptable.",Le respect de l'autonomie n'est pas une condition suffisante pour accepter un refus de soins.,Il faut toujours essayer de convaincre le patient pour qu'il accepte les soins proposés.,B
OIC-009-06-A,Quelle est la place du droit dans l'information du patient ?,Le droit donne une dimension complémentaire à l'information.,Le droit n'a pas sa place dans l'information du patient.,L'information doit être simple et approximative.,L'information doit être exhaustive.,Le droit donne une dimension complémentaire à l'information.
OIC-009-07-A,Le refus de soin par le professionnel de santé,La liberté de conscience du praticien,La continuité des soins,L’égalité de l’accès aux soins,La clause de conscience du médecin,La clause de conscience du médecin
OIC-009-08-A,La personne de confiance est-elle un interlocuteur privilégié pour témoigner des désirs du patient dans certaines situations critiques?,"Oui, elle est le seul interlocuteur possible.","Non, il y a d'autres interlocuteurs possibles.",Seulement en cas de fin de vie.,Elle n'a aucun rôle dans les décisions critiques.,"Oui, elle est le seul interlocuteur possible."
OIC-009-09-B,Quelle est la définition de la vulnérabilité?,La vulnérabilité est une notion historiquement et culturellement située.,La vulnérabilité est un état pathologique.,La vulnérabilité est le fonds commun de notre humanité repensée à l'aune de la faiblesse et de la dépendance.,"La vulnérabilité n'est pas une condition négative en ce qu'elle empêche ou entrave l'autonomie, mais la condition normale du vivant, le fonds commun de notre humanité repensée à l'aune de la faiblesse et de la dépendance.",La vulnérabilité est une notion historiquement et culturellement située.
OIC-009-10-B,Quelles sont les mesures de protection juridique pour les personnes âgées ou handicapées?,Tutelle,Curatelle,Sauvegarde de justice,Mandat de protection future,Tutelle
OIC-009-11-A,Quelles sont les trois principales mesures de protection juridique pour une personne dont les facultés intellectuelles ou physiques sont altérées?,La sauvegarde de justice,La curatelle,La tutelle,Toutes les trois,Toutes les trois
OIC-009-12-B,Quel est le rôle du médecin dans la procédure d'ouverture d'une mesure de protection pour un majeur ?,Le médecin n'a aucun rôle dans cette procédure.,Le médecin doit évaluer l'état de santé du majeur avant que la mesure de protection ne soit ouverte.,Le médecin peut être désigné comme tuteur ou curateur.,Le médecin est responsable de la gestion du patrimoine de la personne protégée.,Le médecin doit évaluer l'état de santé du majeur avant que la mesure de protection ne soit ouverte.
OIC-009-13-A,Quel est le rôle de la loi Veil dans l'histoire de l'interruption volontaire de grossesse (IVG) en France?,Permettre aux femmes d'accéder à des informations fiables sur l'IVG,"Assurer un accès effectif à la procédure d'IVG pour toutes les femmes qui le souhaitent, indépendamment de leur situation sociale ou géographique",Protéger les professionnels de santé contre les pressions morales en cas de demande d'IVG,Encadrer médicalement une pratique qui était à la fois fréquente et risquée,"Assurer un accès effectif à la procédure d'IVG pour toutes les femmes qui le souhaitent, indépendamment de leur situation sociale ou géographique"
OIC-009-14-B,Quelle est la législation concernant l'interruption médicale de grossesse (IMG) ?,L'IMG peut être pratiquée jusqu'à 12 semaines d'aménorrhée,L'IMG ne peut être pratiquée avant 20 semaines d'aménorrhée,L'IMG ne peut être pratiquée après 28 semaines de grossesse,L'IMG ne peut être pratiquée sans l'accord du couple,L'IMG ne peut être pratiquée sans l'accord du couple
OIC-009-15-B,Quels sont les principes réglementaires encadrant le diagnostic prénatal?,Le diagnostic prénatal est soumis à l'accord préalable d'une commission,Les résultats du diagnostic prénatal doivent être communiqués aux parents avant 16 SA,Toute femme enceinte peut demander un test de dépistage prénatal non invasif sans condition,Le diagnostic prénatal est soumis à l'accord préalable d'une commission et les résultats doivent être communiqués aux parents avant 16 SA,Le diagnostic prénatal est soumis à l'accord préalable d'une commission et les résultats doivent être communiqués aux parents avant 16 SA
OIC-009-16-B,Quels sont les enjeux éthiques du diagnostic préimplantatoire?,Le recours au DPI ne doit pas dépasser les indications initiales.,La sélection des embryons pour typage HLA est une pratique acceptable.,Le DPI n'a pas sa place dans le cadre d'une procréation médicale à la demande.,Le choix du sexe de l'enfant ne pose aucun problème éthique.,C
OIC-009-17-A,Quels sont les enjeux éthiques de la fin de vie ?,La définition de la notion de fin de vie est complexe et incertaine.,L'enjeu éthique principal est d'offrir une information honnête et claire à la personne malade.,"Le respect de la dignité humaine, quels que soient la vulnérabilité et l'état de dépendance de la personne.",L'enjeu éthique principal est de soulager les douleurs et souffrances de la personne.,La définition de la notion de fin de vie est complexe et incertaine.
OIC-009-18-A,Les soins palliatifs ou une bienveillante prédiction assassine,La fin de vie est une affaire privée et familiale qui ne concerne pas l'État.,L'obstination déraisonnable doit être limitée pour respecter la volonté du patient.,Les directives anticipées s'imposent au médecin sans possibilité de discussion.,La personne en fin de vie est condamnée à ne plus avoir d'autre choix que le silence.,B. L'obstination déraisonnable doit être limitée pour respecter la volonté du patient.
OIC-009-19-B,La procédure collégiale en fin de vie est-elle une démarche collective sans hiérarchisation des arguments?,"Oui, la procédure collégiale ne doit pas être réduite à sa dimension procédurale et chaque participant peut argumenter librement.","Non, la procédure collégiale est une simple formalité sans aucune importance dans les prises de décisions.","Oui, mais les arguments ne sont pas échangés au sein d’une concertation interdisciplinaire.","Non, la procédure collégiale doit être réduite à sa dimension procédurale et hiérarchise les arguments en fonction des rôles des professionnels présents.","Oui, la procédure collégiale ne doit pas être réduite à sa dimension procédurale et chaque participant peut argumenter librement."
OIC-009-20-B,Quelles sont les évolutions récentes en droit concernant la fin de vie?,La loi Claeys-Leonetti,La circulaire Laroque,La loi Kouchner,La loi Léonetti,La loi Claeys-Leonetti
OIC-009-21-A,Quels sont les principes éthiques qui guident la recherche impliquant la personne humaine?,Bienfaisance,Non-malfaisance,Autonomie,Justice,All of the above
OIC-009-22-B,Quelle était la législation précédant la loi Huriet-Sérusclat en matière de protection des personnes dans la recherche biomédicale ?,"La recherche se faisait dans une semi-clandestinité avec un niveau de contrôle faible, des essais non comparatifs et une absence de protocole écrit.",Il n'existait pas de législation spécifique à la protection des personnes dans la recherche biomédicale.,La loi précédente était très stricte en matière de protection des personnes dans la recherche biomédicale.,Les essais se faisaient avec les non-contrôles et sans protocole écrit.,A
OIC-009-23-A,Quels sont les principes éthiques et légaux du don d’organes?,Le principe de gratuité,Le principe d’anonymat,Le consentement présumé des défunts,La possibilité pour les proches de témoigner la volonté du défunt,Le principe de gratuité
OIC-009-24-B,Le diagnostic de mort avant prélèvement sur un défunt,"La définition de la mort ""est que"" la résultante d’un accord social (variable au fil du temps). Longtemps la mort a été reconnue à travers le cadavre inanimé ou froid. Puis est apparu la notion de mort par arrêt cardio circulatoire et ensuite celle de mort encéphalique.","La définition de la mort ""est que"" la résultante d’un accord social (variable au fil du temps). Longtemps la mort a été reconnue à travers le cadavre inanimé ou froid. Puis est apparu la notion de mort par arrêt cardio circulatoire et ensuite celle de mort encéphalique.","La définition de la mort ""est que"" la résultante d’un accord social (variable au fil du temps). Longtemps la mort a été reconnue à travers le cadavre inanimé ou froid. Puis est apparu la notion de mort par arrêt cardio circulatoire et ensuite celle de mort encéphalique.","La définition de la mort ""est que"" la résultante d’un accord social (variable au fil du temps). Longtemps la mort a été reconnue à travers le cadavre inanimé ou froid. Puis est apparu la notion de mort par arrêt cardio circulatoire et ensuite celle de mort encéphalique.","La définition de la mort ""est que"" la résultante d’un accord social (variable au fil du temps). Longtemps la mort a été reconnue à travers le cadavre inanimé ou froid. Puis est apparu la notion de mort par arrêt cardio circulatoire et ensuite celle de mort encéphalique."
OIC-009-25-B,Quels sont les principes spécifiques au don d'organes entre vivants?,Le donneur doit être le père ou la mère du receveur.,Les frères et sœurs peuvent être donneurs.,Toute personne ayant vécu une vie commune avec le receveur peut être donneur.,La loi autorise désormais des dons croisés entre vivants.,La loi autorise désormais des dons croisés entre vivants.
OIC-009-26-B,Quels sont les principes qui gouvernent les éléments et produits du corps humain?,La non-patrimonialité,Le consentement préalable de la personne,L’anonymat,Les trois options précédentes,D
OIC-009-27-B,Quelles sont les conditions d'identification par empreintes génétiques d'une personne?,Dans le cadre de mesures d'investigation ou d'instruction diligentées lors d'une procédure judiciaire.,A des fins médicales ou de recherche scientifique.,"Aux fins d'établir, lorsqu'elle est inconnue, l'identité de personnes décédées.",Dans les conditions prévues à l'article L.2381-1 du Code de la défense nationale.,Diverses conditions spécifiques.
OIC-010-01-A,Quelle est la fonction principale du corps selon Pierre Bourdieu ?,Le corps est une construction sociale.,Le corps est un outil de distinction sociale.,Le corps est un support pour les habitudes de classe.,Le corps est un témoin d'histoire et de mémoire collective.,Le corps est une construction sociale.
OIC-010-02-B,Quelle est l'expérience corporelle du patient face à la maladie?,Le patient vit une expérience physique de la maladie.,Le patient vit une expérience psychologique et morale de la maladie.,Le patient vit une expérience sociale de la maladie.,Le patient vit une expérience existentielle de la maladie.,Le patient vit une expérience existentielle de la maladie.
OIC-010-03-B,Quelle est la différence entre le corps-objet et le corps-sujet dans le contexte de la santé?,"Le corps-objet est le corps considéré comme un simple objet, dépourvu de caractéristiques spécifiquement humaines, tandis que le corps-sujet inclut le corps subjectif vécu par l'individu et la dimension du sujet dans son action.","Le corps-objet est régi par des lois naturelles, tandis que le corps-sujet est influencé par les facteurs sociaux et culturels.","Le corps-objet est l'ensemble de tous les organes du corps humain, alors que le corps-sujet inclut également la psychologie et les expériences individuelles.","Le corps-objet est ce qui est observé par les soignants, tandis que le corps-sujet est ce qui est vécu par le patient.","Le corps-objet est dépourvu de caractéristiques spécifiquement humaines et régi par des lois naturelles, tandis que le corps-sujet inclut le corps subjectif vécu par l'individu et la dimension du sujet dans son action."
OIC-019-01-A,Quelles sont les quatre logiques de protection sociale?,La sécurité sociale est une logique d'assurance obligatoire.,L'assistance sociale est une logique de solidarité entre les individus.,La protection universelle couvre certaines catégories de dépenses pour tous les individus.,La prévoyance individuelle ou collective repose sur l'assurance privée et la mutualisation des risques.,Toutes les réponses sont correctes.
OIC-019-02-A,La protection sociale repose sur : A) Le versement de prestations sociales directement aux individus. B) L'accès à des prestations de services sociaux fournis gratuitement ou à des prix réduits. C) Les deux options précédentes. D) Une seule option parmi les deux précédentes.,Le versement de prestations sociales directement aux individus.,L'accès à des prestations de services sociaux fournis gratuitement ou à des prix réduits.,Les deux options précédentes,Une seule option parmi les deux précédentes,C) Les deux options précédentes.
OIC-019-03-B,Quel est le poids des prestations vieillesse et santé dans le Produit Intérieur Brut de la France en 2020 ?,30%,35%,40%,45%,b
OIC-019-04-B,Quelles sont les sources de financement de la protection sociale ?,Cotisations sociales,Impôts et taxes affectés,Contributions publiques de l'État,Autres,Toutes les options sont correctes
OIC-019-05-A,¿Cuál es el régimen general de la Seguridad Social y cuáles son sus principales características?,"El régimen general de la Seguridad Social se compone de cuatro ramas autónomas: familia, salud, accidentes del trabajo y viejas",La rama autonomía está en proceso de creación y será la quinta rama de la Seguridad Social,"El régimen general incluye un total de cinco ramas que cubren diferentes aspectos de la seguridad social, como salud, familia, accidentes del trabajo, invalidez y vejez.","La organización del régimen general se basa en una jerarquía de organismos nacionales, regionales y locales, gestionados por igual y dependientes de los ministerios encargados de la Seguridad Social (Ministerio de Solidaridad y Salud y Ministerio de Economía, Finanzas y Renta).","La organización del régimen general se basa en una jerarquía de organismos nacionales, regionales y locales, gestionados por igual y dependientes de los ministerios encargados de la Seguridad Social (Ministerio de Solidaridad y Salud y Ministerio de Economía, Finanzas y Renta)."
OIC-019-06-B,La loi de financement de la Sécurité Sociale (LFSS) est votée chaque année par le parlement.,Vrai,Faux,Peut-être,Je ne sais pas,Vrai
OIC-019-07-B,Quel est le rôle de l’Objectif national des dépenses d’Assurance maladie (ONDAM) ? ,Il sert à fixer les dépenses annuelles de l'assurance maladie.,Il régule les dépenses de soins de ville et d'hospitalisation dans les établissements privés ou publics.,Il est fixé par le gouvernement chaque année pour les dépenses de l'assurance maladie en France.,Toutes ces réponses sont correctes.,B
OIC-019-08-A,Quels sont les différents régimes de sécurité sociale?,Le régime général et le régime agricole,"Le régime général, le régime des fonctionnaires et le régime spécial des mines","Le régime général, le régime spécial des marins français et le régime de la fonction publique","Le régime général, le régime agricole et le régime spécial des mineurs",Le régime général et le régime agricole
OIC-019-09-A,Quelles sont les missions de l’assurance maladie du régime général de la sécurité sociale ?,"Gérer les risques maladie, maternité, invalidité et décès.","Gérer les risques maladie, maternité, invalidité, décès, accidents du travail et maladies professionnelles.",Fournir des soins aux assurés sociaux.,"Fournir des soins aux assurés sociaux et gérer les risques maladie, maternité, invalidité et décès.","Gérer les risques maladie, maternité, invalidité et décès."
OIC-019-10-A,Quelle est la définition du ticket modérateur ?,Une part des frais de soins qui reste à la charge de l'assuré social après remboursement par l'assurance maladie.,Un forfait payé par le patient pour chaque consultation médicale.,Une contribution forfaitaire demandée pour chaque acte paramédical effectué.,"Une franchise déduite des remboursements au patient pour les médicaments, actes paramédicaux et transports sanitaires.",A
OIC-019-11-A,Le médecin traitant est-il le pivot du parcours de soins coordonnés ?,"Oui, il est le pivot.","Non, ce n'est pas le cas.",Je ne sais pas.,"Tout à fait, c'est lui le chef de file.","Oui, il est le pivot."
OIC-019-12-A,Quel est le protocole de soins pour une affection de longue durée (ALD) avec exonération du ticket modérateur?,Un diagnostic précis et une thérapeutique adaptée,Une liste de 30 affections spécifiques,Un traitement prolongé supérieur à six mois,Tous les soins nécessaires pour une maladie invalidante,Une liste de 30 affections spécifiques
OIC-019-13-B,Quelles sont les prestations en espèces et en nature de l’assurance maladie?,Les prestations en espèces correspondent à un revenu de remplacement.,Les prestations en nature comprennent le remboursement des frais de santé.,Les prestations en nature sont versées aux ayants droit en cas de décès.,Les prestations en espèces et en nature ne sont pas liées à la sécurité sociale.,Les prestations en espèces correspondent à un revenu de remplacement. Les prestations en nature comprennent le remboursement des frais de santé.
OIC-020-01-A,Quels sont les trois niveaux d'organisation de la recherche en santé en France?,Ministères de la santé et de la recherche,Agences spécialisées comme l'ANR ou l'INCa,"Laboratoires, universités et CHU",Toutes les réponses sont correctes,D
OIC-020-02-A,Quel est le rôle du protocole dans la recherche clinique ?,Il s'agit d'une étape intermédiaire entre les objectifs de l'étude et les résultats attendus.,Il sert à décrire les actions à mener pour atteindre un objectif précis.,Il est une analyse préliminaire des données collectées.,Il est destiné à être modifié en cours d'étude.,b
OIC-020-03-A,La recherche clinique est réglementée par des textes de loi.,Le Jardé,Le code de la santé publique,Les deux,Aucun texte de loi n'est spécifique à la recherche clinique,Les deux
OIC-020-04-B,Quels sont les éléments qui permettent de justifier une problématique de recherche ?,Les facteurs épidémiologiques du problème de santé étudié.,L'état actuel des connaissances sur le sujet.,La formulation de l'hypothèse à vérifier.,Toutes les réponses précédentes.,Toutes les réponses précédentes.
OIC-020-05-B,Quelle est la définition des hypothèses de recherche ?,Les hypothèses de recherche sont les objectifs à atteindre au travers d'une étude.,Les hypothèses de recherche sont les résultats que l'on espère obtenir au terme d'une étude.,Les hypothèses de recherche sont les facteurs qui influencent la puissance d'une étude.,Les hypothèses de recherche sont les calculs pour déterminer le nombre de sujets nécessaires à l'étude.,Les hypothèses de recherche sont les objectifs à atteindre au travers d'une étude.
OIC-020-06-B,La méthode adaptée à un objectif de recherche dépend de la précision du,Préciser l’approche,Préciser la question posée,"Préciser la visée, le but de l’étude",Préciser la population cible,Préciser la question posée
OIC-020-07-B,Quelles sont les modalités d'échantillonnage utilisées en recherche en santé?,Recrutement exhaustif,Tirage au sort simple,Tirage au sort stratifié,Tirage au sort en grappes,Tirage au sort stratifié
OIC-020-08-B,"Les systèmes de surveillance épidémiologique font partie des sources de données issues des systèmes de santé. Les options suivantes sont correctes : A) Registres de morbidité, B) Déclaration obligatoire, C) Réseau Sentinelles et D) Statistiques vitales.",Registres de morbidité,Déclaration obligatoire,Réseau Sentinelles,Statistiques vitales,C) Réseau Sentinelles
OIC-020-09-B,"Parmi toutes les données recueillies, il faut isoler précisément :",Le critère de jugement principal.,Des critères de jugement secondaires.,Un ou plusieurs facteurs d’exposition.,Des variables d’ajustement.,Le critère de jugement principal.
OIC-020-10-B,Quelle est la définition des probabilités dans le contexte de la recherche en santé?,Les probabilités sont les chances que quelque chose arrive.,Les probabilités sont les nombres qui représentent la fréquence d'apparition d'un événement.,Les probabilités sont des lois statistiques utilisées pour prédire l'avenir.,Les probabilités sont les variables aléatoires dont on ne peut pas prédire la valeur.,Les probabilités modélisent des phénomènes aléatoires dont les issues possibles sont connues mais dont on ne peut prédire la valeur car leur réalisation est incertaine.
OIC-020-11-B,Quelle est la méthode utilisée pour calculer l'écart-type?,Somme des carrés des écarts à la moyenne,Racine carrée de la variance,Différence entre le troisième et premier quartile,Différence entre la valeur maximale et minimale,B) Racine carrée de la variance
OIC-020-12-B,Quelle est la définition de l'inférence en recherche en santé?,L'inférence en recherche en santé correspond à une estimation du taux d'une caractéristique chez une population.,L'inférence en recherche en santé correspond à une extrapolation des résultats observés sur un échantillon à la population dont il est issu.,L'inférence en recherche en santé correspond à une interprétation statistique des données recueillies dans une étude.,L'inférence en recherche en santé correspond à une analyse déductive de l'effet d'un traitement sur un groupe de patients.,B. L'inférence en recherche en santé correspond à une extrapolation des résultats observés sur un échantillon à la population dont il est issu.
OIC-020-13-B,Quelle est la courbe représentant les données de survie?,A,B,C,D,A
OIC-020-14-B,Quelle est la définition et le rôle de l’ajustement dans une recherche en santé ?,L'ajustement est une méthode d'analyse statistique qui permet de tenir compte des facteurs de confusion.,L'ajustement est une méthode d'évaluation clinique qui consiste à corriger les erreurs dans la mesure des variables.,L'ajustement est une technique utilisée pour éliminer les effets indésirables d'une nouvelle thérapie.,L'ajustement est une méthode de communication qui vise à adapter le message aux besoins et attentes du public cible.,L'ajustement est une méthode d'analyse statistique permettant de tenir compte d’un ou plusieurs facteurs de confusion.
OIC-020-15-B,Quels sont les textes juridiques qui protègent les données de santé considérées comme sensibles?,Règlement européen sur la protection des données personnelles (RGPD) et loi Informatique et Libertés,Loi Informatique et Libertés seulement,Code de la santé publique uniquement,Aucun texte juridique n'est spécifique aux données de santé sensibles,Règlement européen sur la protection des données personnelles (RGPD) et loi Informatique et Libertés
OIC-020-16-A,Quel est le rôle d'un facteur d'exposition dans une étude épidémiologique ?,C'est un facteur associé à une probabilité plus élevée de survenue du phénomène de santé étudié.,C'est un facteur qui influence l'état de santé des populations sans nécessairement être une cause directe de problèmes particuliers ou de maladies.,C'est un facteur dont la nature causale pour le phénomène de santé étudié est sous-entendue/ supposée / prouvée.,C'est l'intervention à laquelle sont exposés les participants d'une étude expérimentale.,"D'après le contenu éducatif, le facteur d'exposition dans une étude épidémiologique est celui dont la nature causale pour le phénomène de santé étudié est sous-entendue/ supposée / prouvée."
OIC-020-17-A,Quelle est la population cible dans le cadre de l'étude ? ,Les patients atteints d'une maladie particulière,Tous les habitants d'un village,Seuls les adultes âgés de plus de 65 ans,Toutes les femmes enceintes dans une clinique,Les patients atteints d'une maladie particulière
OIC-020-18-A,Quels sont les principaux types d'études observationnelles utilisés en santé publique?,Enquête de cohorte,Enquête cas-témoins,Enquête transversale,Cas clinique,Enquête de cohorte
OIC-020-19-B,Quelle est la différence entre une étude cas-cohorte et une étude cas-témoins nichée?,"Une étude cas-cohorte compare les cas avec des non-cas tirés au sort parmi une cohorte, tandis qu'une étude cas-témoins nichée compare les cas avec des témoins choisis parmi une cohorte déjà constituée.","Une étude cas-cohorte inclut des cas et des non-cas tirés au sort de la même population, tandis qu'une étude cas-témoins nichée inclut des cas et des témoins choisis parmi une cohorte déjà constituée.","Une étude cas-cohorte compare les cas avec des non-cas tirés au sort dans une cohorte, tandis qu'une étude cas-témoins nichée compare les cas avec des témoins choisis parmi une population générale.","Une étude cas-cohorte inclut des cas et des non-cas tirés au sort de la même population, tandis qu'une étude cas-témoins nichée inclut des cas et des témoins choisis parmi une cohorte déjà constituée.","Une étude cas-cohorte compare les cas avec des non-cas tirés au sort dans une cohorte, tandis qu'une étude cas-témoins nichée compare les cas avec des témoins choisis parmi une population générale."
OIC-020-20-A,Quelle est la définition du risque en santé publique?,La probabilité qu'un événement survienne dans une population pendant une période donnée.,"Le nombre de nouveaux cas d'une maladie au cours d'une certaine période, rapporté à la somme des personnes-temps susceptibles de tomber malade.",La proportion du nombre de cas d’une maladie dans une population à un instant donné ou sur une période donnée.,Le pourcentage de personnes ayant une certaine caractéristique sans unité.,La probabilité qu'un événement survienne dans une population pendant une période donnée.
OIC-020-21-B,Quelle est la mesure de fréquence standardisée la plus souvent rapportée dans les études épidémiologiques ?,Taux d'incidence non standardisé,Taux d'incidence standardisé,Taux de prévalence non standardisé,Taux de prévalence standardisé,Taux d'incidence standardisé
OIC-020-22-A,Quelle est la mesure utilisée pour décrire la force d'une association entre deux variables qualitatives à deux modalités?,Odds Ratio,Risque relatif,Nombre de sujet à traiter,Réduction absolue de risque,Odds Ratio
OIC-020-23-A,Quel est le lien entre l'estimation du Risque Relatif (RR) et l'Odds Ratio (OR)?,Le RR peut être estimé à partir d'une étude cas-témoins tandis que l'OR ne peut pas.,L'OR peut être estimé à partir d'une étude cas-témoins tandis que le RR ne peut pas.,"Les deux, RR et OR, peuvent être estimés à partir d'une étude cas-témoins.","Aucun des deux, RR et OR, ne peut pas être estimé à partir d'une étude cas-témoins.",Le RR ne peut pas être estimé à partir d'une étude cas-témoins tandis que l'OR peut.
OIC-020-24-A,Quels sont les facteurs qui influencent la puissance d'une étude ?,La taille de l'échantillon analysé N,La différence à détecter d,La variabilité des observations (variance),Le risque alpha,"La taille de l'échantillon analysé N, La différence à détecter d et Le risque alpha"
OIC-020-25-A,"Quand il s'agit d'études cliniques, le calcul du nombre de sujets nécessaires à inclure doit être effectué avant le début de l'étude.",Après la collecte des données,Au moment de publier les résultats,Une fois que les premiers résultats sont disponibles,Quand il s'agit d'études expérimentales,Avant le début de l'étude
OIC-020-26-A,Quelles sont les deux sources d’erreur dans l’estimation d’un paramètre ?,Erreur aléatoire et erreur systématique,Erreur de sélection et erreur de classement,Biais de sélection et biais de confusion,Erreur aléatoire et biais de sélection,Erreur aléatoire et erreur systématique
OIC-020-27-B,Les biais de sélection et de classement peuvent être : A) Non différentiel et non différencié B) Non différentiel et différencié C) Différentiel et non différencié D) Différentiel et différencié,Non différentiel et non différencié,Non différentiel et différencié,Différentiel et non différencié,Différentiel et différencié,Différentiel et non différencié
OIC-020-28-B,Quel est le rôle du facteur d'interaction dans une étude épidémiologique?,Il s'agit d'un facteur qui modifie l'association entre exposition et maladie.,Il s'agit d'un facteur qui ne modifie pas l'association entre exposition et maladie.,Il s'agit d'un facteur de confusion.,Il s'agit d'une variable dépendante.,a
OIC-020-29-A,Quelle est la définition du jugement de signification statistique ?,La probabilité d'observer une différence au moins aussi importante si en réalité cette différence n’existe pas.,L'estimation d'un paramètre accompagnée de son intervalle de confiance.,"Le risque, fixé a priori, de conclure à tort à une différence.",La probabilité d'observer une différence au moins aussi importante si en réalité cette différence existe.,La probabilité d'observer une différence au moins aussi importante si en réalité cette différence n’existe pas.
OIC-020-30-A,Quels sont les critères de causalité de Bradford Hill et quel niveau de preuve apportent les différents types d'études ?,"Les critères de causalité de Bradford Hill incluent l'association statistiquement significative, la force de l'association, la spécificité de la relation, la cohérence externe, la plausibilité biologique et le gradient géographique. Les études expérimentales apportent la preuve de la causalité.","Les critères de causalité de Bradford Hill incluent l'association statistiquement significative, la force de l'association, la spécificité de la relation, la cohérence externe, la plausibilité biologique et le gradient géographique. Les études observationnelles ne peuvent que discuter de la plausibilité de cette causalité.","Les critères de causalité de Bradford Hill incluent l'association statistiquement significative, la force de l'association, la spécificité de la relation, la cohérence externe, la plausibilité biologique et le gradient géographique. Les études expérimentales apportent la preuve de la causalité.","Les critères de causalité de Bradford Hill incluent l'association statistiquement significative, la force de l'association, la spécificité de la relation, la cohérence externe, la plausibilité biologique et le gradient géographique. Les études observationnelles ne peuvent que discuter de la plausibilité de cette causalité.","Les critères de causalité de Bradford Hill incluent l'association statistiquement significative, la force de l'association, la spécificité de la relation, la cohérence externe, la plausibilité biologique et le gradient géographique. Les études observationnelles ne peuvent que discuter de la plausibilité de cette causalité."
OIC-020-31-B,Quels sont les nouveaux ensembles de données qui soutiennent le progrès médical avec l'aide de la technologie?,Génome humain,Exposome,Phénome,Données -omics issues de la biologie moléculaire,Données -omics issues de la biologie moléculaire
OIC-020-32-B,Quelles sont les étapes du processus de publication d'un article scientifique?,"La recherche, la communication et la diffusion des résultats s'effectuent via la publication d’articles dans des revues spécialisées.",Le manuscrit est transmis à un comité de lecture pour évaluation par des pairs relecteurs.,Les revues prédatrices sont une escroquerie qui propose aux chercheurs de publier rapidement leurs travaux en accès libre moyennant des frais.,"Le processus de publication passe par un comité de lecture et les manuscrits peuvent être refusés, acceptés en l’état ou acceptés sous réserve de modifications.","La recherche, la communication et la diffusion des résultats s'effectuent via la publication d’articles dans des revues spécialisées. Le manuscrit est transmis à un comité de lecture pour évaluation par des pairs relecteurs. Les revues prédatrices sont une escroquerie qui propose aux chercheurs de publier rapidement leurs travaux en accès libre moyennant des frais. Le processus de publication passe par un comité de lecture et les manuscrits peuvent être refusés, acceptés en l’état ou acceptés sous réserve de modifications."
OIC-020-33-A,Quelle est la valeur prédictive positive d'un test ? ,La probabilité d'être malade si le test est positif.,La probabilité d'avoir un test positif si on est malade.,Le rapport de la probabilité que le test soit positif chez un patient malade sur la probabilité que le test soit positif chez un patient sain.,Le rapport de la probabilité que le test soit négatif chez un patient malade sur la probabilité que le test soit négatif chez un patient sain.,La probabilité d'être malade si le test est positif.
OIC-022-01-A,Quelle est la définition d'une maladie rare ?,Une maladie qui touche moins de 1 personne sur 1000.,Une maladie dont le nombre de cas est inférieur à celui des habitants d'une ville moyenne.,Une maladie qui affecte moins de 5% de la population générale.,Une maladie rare est celle dont la prévalence est inférieure à 1/2000.,Une maladie rare a une prévalence < 1/2000. 80 % des maladies rares sont d'origine génétique.
OIC-022-02-B,Quelle est l'organisation des soins pour les maladies rares en France?,Un réseau national de centres de référence,Des centres de compétence et des centres de ressources,Des filières spécialisées dans les maladies rares,"Une organisation nationale très structurée avec des centres de référence, des centres de compétence et des filières de santé maladies rares",D
OIC-022-03-B,"Quelle est la maladie génétique qui entraîne une absorption intestinale excessive de fer, liée le plus souvent à un déficit de production en hepcidine ?",Hémochromatose,Hémophilie,Drépanocytose,Thalassémies,Hémochromatose
OIC-022-04-B,Quel est le nombre total de maladies rares recensées en France?,7000,350 millions,Plus de 3 millions,50% des patients n'ont pas de diagnostic précis,Plus de 3 millions
OIC-022-05-A,Quelle est la différence entre l'errance diagnostique et l'impasse diagnostique?,La période allant de l'apparition des premiers symptômes à la date à laquelle un diagnostic précis est posé.,L'échec à définir la cause précise de la maladie après avoir mis en œuvre l'ensemble des investigations disponibles en l'état de l'art.,Une période allant de l'apparition des premiers symptômes jusqu'à ce qu'une forme atypique d'une maladie connue soit identifiée.,L'échec à définir la cause précise de la maladie après avoir mis en œuvre toutes les investigations disponibles pour une maladie dont la cause génétique ou autre n'a pas encore été reconnue.,La période allant de l'apparition des premiers symptômes à la date à laquelle un diagnostic précis est posé.
OIC-022-06-B,Quels sont les principaux dispositifs administratifs pour la prise en charge des maladies rares ?,"Centres de référence et de compétence maladies rares, filières de santé, Orphanet, Maladies rares Info Services, plateformes d’expertise maladies rares dans les territoires.","Centres de soins spécialisés pour maladies rares, associations de patients spécifiques, Alliance Maladies Rares.",Protocoles nationaux de diagnostic et de soins (PNDS) publiés sur le site de la HAS.,"Les équipes relais handicaps rares (ERHR), centres de soins spécialisés pour maladies rares, associations de patients spécifiques, Alliance Maladies Rares.","Centres de référence et de compétence maladies rares, filières de santé, Orphanet, Maladies rares Info Services, plateformes d’expertise maladies rares dans les territoires."
OIC-024-01-A,"La prise en charge d'une hémorragie du premier trimestre de grossesse doit être basée sur les éléments cliniques, biologiques et échographiques orientant vers le diagnostic. Quelle est la masse latéro-utérine la plus probable dans ce cas ? A) 150 ml B) 300 ml C) 450 ml D) 600 ml",A) 150 ml,B) 300 ml,C) 450 ml,D) 600 ml,B) 300 ml
OIC-024-02-A,Quelle est la prise en charge d'une fausse couche du premier trimestre?,Prise en charge psychologique proposée,Importance de l’information délivrée à la patiente pour réassurance,Prévention de l'allo-immunisation rhésus,Traitement médical ou chirurgical selon les cas,Traitement médical ou chirurgical selon les cas
OIC-024-03-A,Quel est le traitement chirurgical des grossesses extra-utérines symptomatiques?,Salpingotomie,Ablation de la trompe,Salpingectomie,Traitement médicamenteux,Salpingectomie
OIC-024-04-A,Le placenta bas inséré à proximité de l'orifice interne du col utérin ou recouvrant le col utérin est un signe clinique en faveur d'un placenta praevia.,Le placenta bas inséré à proximité de l'orifice interne du col utérin ou recouvrant le col utérin est un signe clinique en faveur d'un placenta praevia.,Le placenta bas inséré à proximité de l'orifice interne du col utérin ou recouvrant le col utérin n'est pas un signe clinique en faveur d'un placenta praevia.,Le placenta bas inséré à proximité de l'orifice interne du col utérin ou recouvrant le col utérin est un signe clinique en faveur d'un hématome rétroplacentaire.,Le placenta bas inséré à proximité de l'orifice interne du col utérin ou recouvrant le col utérin n'est pas un signe clinique en faveur d'un hématome rétroplacentaire.,The correct answer is A. Le placenta bas inséré à proximité de l'orifice interne du col utérin ou recouvrant le col utérin est un signe clinique en faveur d'un placenta praevia.
OIC-024-05-A,Quelle est la définition de l'hémorragie du post partum (HPP) ?,Une hémorragie du post partum (HPP) est une perte sanguine par les voies génitales supérieures à 500 mL dans les 24 heures suivant l'accouchement.,Une hémorragie du post partum (HPP) est une perte sanguine par les voies génitales inférieures à 500 mL dans les 24 heures suivant l'accouchement.,Une hémorragie du post partum (HPP) est une perte sanguine par les voies génitales supérieures à 1000 mL dans les 24 heures suivant l'accouchement.,Une hémorragie du post partum (HPP) est une perte sanguine par les voies génitales inférieures à 1000 mL dans les 24 heures suivant l'accouchement.,Une hémorragie du post partum (HPP) est une perte sanguine par les voies génitales supérieures à 500 mL dans les 24 heures suivant l'accouchement.
OIC-024-06-B,Quelle est la prise en charge des hémorragies obstétricales?,"La prise en charge des hémorragies obstétricales consiste en une estimation des pertes sanguines, une délivrance artificielle en urgence, une révision utérine, un massage utérin et une inspection sous valves des voies génitales basses.","La prise en charge des hémorragies obstétricales consiste en une estimation des pertes sanguines, une délivrance artificielle en urgence, une révision utérine, un massage utérin et une inspection sous valves des voies génitales basses.","La prise en charge des hémorragies obstétricales consiste en une estimation des pertes sanguines, une délivrance artificielle en urgence, une révision utérine, un massage utérin et une inspection sous valves des voies génitales basses.","La prise en charge des hémorragies obstétricales consiste en une estimation des pertes sanguines, une délivrance artificielle en urgence, une révision utérine, un massage utérin et une inspection sous valves des voies génitales basses.","La prise en charge des hémorragies obstétricales consiste en une estimation des pertes sanguines, une délivrance artificielle en urgence, une révision utérine, un massage utérin et une inspection sous valves des voies génitales basses."
OIC-024-07-B,"La prévention de l'hypertension périnatale (HPP) comprend les modalités suivantes, à l’exception de la surveillance systématique pendant 2 heures en salle de travail.",Administration prophylactique d'oxytocine dès la sortie de l'enfant,Mise en place d'un sac de recueil des pertes sanguines juste après l'expulsion,Délivrance artificielle en cas de non-décollement placentaire 30 minutes après l'accouchement,Vérification macroscopique du placenta et des membranes après la délivrance,Surveillance systématique pendant 2 heures en salle de travail
OIC-024-08-A,Quelle est la définition de l’hypertension artérielle gravidique (HTAg) ?,La hypertension artérielle gravidique est définie par une pression artérielle systolique (PAS) ≥ 140 mmHg et/ou diastolique (PAD) ≥ 90 mmHg à au moins deux reprises.,L'HTAg se manifeste par une pression artérielle systolique (PAS) ≥ 160 mmHg et/ou diastolique (PAD) ≥ 110 mmHg.,"L'HTAg est caractérisée par une pression artérielle systolique (PAS) ≥ 140 mmHg et/ou diastolique (PAD) ≥ 90 mmHg à au moins deux reprises, sans protéinurie associée et disparaissant avant la fin de la 6e semaine du post-partum.","L'HTAg est une hypertension artérielle chronique antérieure à la grossesse mais parfois méconnue, qui peut être découverte avant 20 semaines d'aménorrhée ou si elle persiste à plus de 6 semaines du post-partum.",La hypertension artérielle gravidique est définie par une pression artérielle systolique (PAS) ≥ 140 mmHg et/ou diastolique (PAD) ≥ 90 mmHg à au moins deux reprises.
OIC-024-09-B,Quelle est la fréquence de l’HTA pendant la grossesse?,5 à 10 % des grossesses,15 à 20 % des grossesses,25 à 30 % des grossesses,35 à 40 % des grossesses,5 à 10 % des grossesses
OIC-024-10-B,Savoir prescrire et interpréter les examens complémentaires en cas d’HTA gravidique,"Interpretation de l'albumine/creatinine urinaire pour eliminer une preecclampsie, elevation de la creatinine chez une femme encinee, savoir demander des exams obstetriocaux visant a evaluer le developpement fetal.",Savoir prescrire et interpréter les examens complémentaires en cas d’HTA gravidique,"Interpretation de l'albumine/creatinine urinaire pour eliminer une preecclampsie, elevation de la creatinine chez une femme encinee, savoir demander des exams obstetriocaux visant a evaluer le developpement fetal.",Savoir prescrire et interpréter les examens complémentaires en cas d’HTA gravidique,"Interpretation de l'albumine/creatinine urinaire pour eliminer une preecclampsie, elevation de la creatinine chez une femme encinee, savoir demander des exams obstetriocaux visant a evaluer le developpement fetal."
OIC-024-11-A,Quelles sont les complications de l'HTA gravidique?,Insuffisance rénale aiguë,Hématome sous-capsulaire du foie,Rétinopathie hypertensive,Hémorragie cérébroméningée,Insuffisance rénale aiguë
OIC-024-12-A,Quelle est la définition d'une HTA sévère ? ,PAS ≥ 160 mmHg et/ou PAD ≥ 110 mmHg,Protéinurie > 3g/24h,Créatinémie ≥ 90 µmol/L,Oligurie ≤ 500 mL/24h ou ≤ 25 mL/h,PAS ≥ 160 mmHg et/ou PAD ≥ 110 mmHg
OIC-024-13-B,Quel est l'objectif du traitement antihypertenseur chez une femme enceinte?,Eviter les à-coups hypertensifs,Limiter les complications maternelles,Les deux,Aucun des deux,Les deux
OIC-024-14-B,Quelles sont les recommandations pour surveiller une grossesse avec hypertension artérielle (HTA)?,"Surveillance renforcée, consultation tous les 10 jours environ, bilan biologique régulier et échographie mensuelle.",Un carnet de suivi 'Grossesse et HTA' pour optimiser le parcours de soins entre les différents soignants intervenant dans le suivi.,"Au 9<sup>ème</sup> mois, la possibilité d'un déclenchement artificiel du travail en fonction des conditions obstétricales.",Toutes les deux propositions précédentes sont correctes.,"Surveillance renforcée, consultation tous les 10 jours environ, bilan biologique régulier et échographie mensuelle."
OIC-024-15-B,"En postpartum, les complications sont encore possibles (poussée hypertensive, prééclampsie et ses complications) et l'HTA met parfois plusieurs semaines à disparaître. Quelle est la conduite à tenir après l’accouchement en cas d’HTA ? ",Surveillance étroite et arrêt progressif du traitement antihypertenseur,Traitement continu de l'HTA sans surveillance particulière,Arrêt immédiat du traitement antihypertenseur,Attente d'une stabilisation spontanée de l'HTA,Surveillance étroite et arrêt progressif du traitement antihypertenseur
OIC-024-16-A,Quel est le risque de récidive d'une hypertension toxique en cas de grossesse ultérieure?,1 patiente sur 5,1 patiente sur 10,1 patiente sur 20,1 patiente sur 100,A
OIC-024-17-B,Un antécédent d'HTA gravidique expose à un risque d'HTA chronique ainsi qu'à un risque accru de quelles pathologies ?,Cardiovasculaires et rénales,Neurologiques,Osteoarticulaires,Gastro-intestinales,Cardiovasculaires et rénales
OIC-024-18-A,"Menace d’accouchement prématuré (MAP) est défini par une association de modifications cervicales et de contractions utérines régulières et douloureuses avant 37 SA, soit entre 22 SA et 36 SA + 6 jours. Concernant les modifications du col : évaluée par TV et/ou par échographie du col plus objective et reproductible que la TV. Un col raccourci est défini par une longueur < 25 mm. Si l’accouchement survient avant 22 SA, on parle de fausse couche tardive.",Une menace d'accouchement prématuré (MAP) ne peut pas être diagnostiquée avant le terme de la grossesse.,La menace d’accouchement prématuré (MAP) est caractérisée par des contractions utérines irrégulières et douloureuses.,Une fausse couche tardive n'est pas une complication liée à la grossesse.,Le diagnostic de menace d’accouchement prématuré (MAP) est effectué uniquement par échographie du col.,A
OIC-024-19-A,Quels sont les facteurs de risque de la menace d’accouchement prématuré?,Aucune étiologie n'est retrouvée dans près de 60 % des cas.,"Facteurs de risques maternels : âge, tabac, toxiques, précarité, grossesses rapprochées, nombreux enfants à charge, troubles psychologiques, traumatisme abdominal, métrorragies au 2ème ou 3ème trimestre.","Causes infectieuses : infections urinaires, chorioamniotite et/ou rupture des membranes. Toute infection peut entraîner des contractions utérines.","Causes obstétricales : antécédents d’AP ou de FCT, causes utérines ou ovulaires : diminution de la compétence du col, diminution de la taille de la cavité utérine, augmentation de la distension utérine au cours de la grossesse.","Facteurs de risques maternels : âge, tabac, toxiques, précarité, grossesses rapprochées, nombreux enfants à charge, troubles psychologiques, traumatisme abdominal, métrorragies au 2ème ou 3ème trimestre."
OIC-024-20-A,Quel est l'examen qui doit être réalisé pour confirmer une rupture des membranes en cas de doute ? ,"Biologie : NFS, CRP (syndrome inflammatoire, chorioamniotite), ECBU, prélèvement cervicovaginal","Examen échographique : biométries fœtales pour estimation du poids fœtal, quantité de liquide amniotique, échographie du col : mesure le col à visée diagnostique (col raccourci défini par une longueur < 25 mm) et pronostique","Biologie : Fibronectine fœtale (pour certains – prédiction du risque d'accouchement), groupe/rhésus/phénotype/RAI : en cas d'accouchement imminent, recherche d'IGFBP-1 ou de PAMG-1 en cas de doute sur une rupture prématurée des membranes",Tocométrie externe et enregistrement du RCF.,"Biologie : Fibronectine fœtale (pour certains – prédiction du risque d'accouchement), groupe/rhésus/phénotype/RAI : en cas d'accouchement imminent, recherche d'IGFBP-1 ou de PAMG-1 en cas de doute sur une rupture prématurée des membranes"
OIC-024-21-B,"Le traitement d'une menace d'accouchement prématuré comprend les principes suivants, sauf :",Antibiothérapie uniquement si infection diagnostiquée,En cas de rupture des membranes : antibioprophylaxie courte systématique,Tocolyse pendant 48 heures par inhibiteurs calciques (nifédipine) ou antagonistes de l'oxytocine (atosiban),"Antipyrétique, antispasmodique, du repos sans alitement strict++",Pas d’hospitalisation prolongée mais suivi à domicile possible (SF libérale ou HAD)
OIC-024-22-A,Quelles sont les mesures de prévention de la menace d’accouchement prématuré?,Prévention primaire et secondaire,Cerclage préventif obligatoire pour tout patient ayant eu un accouchement prématuré,"Pas de cerclage préventif pour les patients ayant eu une conisation, une malformation utérine ou un accouchement gémellaire isolé",Cerclage préventif obligatoire pour tout patient ayant eu un accouchement prématuré et conisation,Prévention primaire et secondaire
OIC-024-23-A,Quels sont les signes cliniques d'une infection urinaire chez une femme enceinte?,Douleur lombaire,Brûlure mictionnelle,Leucorrhées,Saignements,B. Brûlure mictionnelle
OIC-024-24-A,Quels sont les examens complémentaires à réaliser en cas de fièvre au cours de la grossesse ?,"ECBU, NFS-CRP, hémocultures, sérologies selon contexte","ECBU, NFS-CRP, hémocultures, recherche de Listeria M, PCR COVID, test rapide grippe, streto test, RCF et tocométrie, échographie obstétricale","NFS-CRP, hémocultures, sérologies selon contexte, PCR COVID, test rapide grippe, streto test, RCF et tocométrie, échographie obstétricale","ECBU, NFS-CRP, hémocultures, recherche de Listeria M, PCR COVID, test rapide grippe, streto test, RCF et tocométrie, échographie obstétricale, analyse de la bandelette urinaire, analyse d'un examen cytobactériologique des urines (ecbu), analyse de l'hemogramme","ECBU, NFS-CRP, hémocultures, sérologies selon contexte"
OIC-024-25-A,Connaître la prise en charge d’une fièvre au cours de la grossesse,Traitement initial en cas de fièvre puis selon l'orientation spécifique.,Antibiothérapie préventive active sur Listeria : amoxicilline 3 g/j (ou érythromycine si allergie).,Antipyrétique ; surveillance étroite. ,Traitement spécifique selon l'orientation spécifique.,Traitement initial en cas de fièvre puis selon l'orientation spécifique.
OIC-026-01-B,"Une femme enceinte de 38 semaines présente une douleur abdominale aiguë et une fièvre légère. Les signes cliniques incluent un hématome rétroplacentaire, une thrombopénie, des anomalies du RCF et une hypotension artérielle. La femme est multipare et a eu une chirurgie utérine il y a 6 mois. Quel est le diagnostic le plus probable ?",Hématome rétroplacentaire,HELLP syndrome,Rupture utérine,Chorio-amniotite,B
OIC-026-02-A,"Quelle est l'origine des douleurs chez une femme enceinte qui présente une menace d'accouchement prématuré, causes gynécologiques, urinaires et digestives ? ",Menace d’accouchement prématuré,Causes gynécologiques,Causes urologiques,Causes digestives,Menace d’accouchement prématuré
OIC-026-03-A,Quelle est l'orientation de l'examen clinique pour une femme enceinte présentant une douleur abdominale aiguë ?,Orienté vers les étiologies mettant en jeu le pronostic vital,Orienté vers les causes non urgentes,Orienté vers les signes de perte de liquide amniotique,Orienté vers les signes de compression fœtale,Orienté vers les étiologies mettant en jeu le pronostic vital
OIC-026-04-B,Quel est l'objectif principal de la prise en charge d'une douleur abdominale aiguë chez une femme enceinte?,Identifier le diagnostic,Apporter soulagement immédiat à la patiente,Eviter tout pronostic néfaste pour la mère et l'enfant,Assurer une prise en charge adaptée aux besoins de la femme enceinte,C) Eviter tout pronostic néfaste pour la mère et l'enfant
OIC-026-05-B,Quelle est la dose maximale d’irradiation qu’un examen d’imagerie peut atteindre sans poser de risque pour l’enfant à naître ?,100 mGy,200 mGy,300 mGy,400 mGy,A
OIC-027-01-A,Quelle est la définition de l'infection materno-fœtale (IMF) ?,Contamination du fœtus par des germes d'origine maternelle pendant la grossesse ou à l'issue de celle-ci.,Infection néonatale bactérienne précoce si bactérienne.,Contamination externe au fœtus par des germes hétérogènes.,Contamination interne au fœtus par des germes homogènes.,A
OIC-027-02-B,Quelles sont les principales étiologies microbiennes des infections materno-fœtales?,Bactéries,Parasites,Virus,Autres,"Bactéries, Parasites, Virus"
OIC-027-03-B,Quelles sont les voies de contamination du fœtus au cours de la grossesse?,La voie hématogène,"La voie vaginale, ascendante",Les deux précédentes,Aucune des précédentes,Les deux précédentes
OIC-027-04-A,Quelle est la transmission materno-foetale en fonction du terme de grossesse pour la toxoplasmose ?,La transmission materno-foetale est la plus élevée au premier trimestre.,La transmission materno-foetale est la plus élevée au deuxième trimestre.,La transmission materno-foetale est la plus élevée au troisième trimestre.,La transmission materno-foetale reste constante quel que soit le terme de grossesse.,La transmission materno-foetale est la plus élevée au troisième trimestre.
OIC-027-05-A,"La surveillance d’une femme enceinte pour la toxoplasmose est réalisée par dépistage sérologique mensuel : la recherche d’IgG et IgM de la toxoplasmose est obligatoire à la déclaration de grossesse (sauf immunité maternelle antérieure documentée). Chez les femmes non immunisées, la sérologie sera répétée mensuellement jusqu’à l’accouchement du fait de la fréquence élevée des formes inapparentes de toxoplasmose maternelle (80%). La conduite à tenir en cas de sérologie positive maternelle est la suivante.",La surveillance se fait par dépistage sérologique tous les 3 mois,La recherche d’IgG et IgM n’est pas obligatoire à la déclaration de grossesse,La sérologie est répétée mensuellement jusqu’à l’accouchement chez toutes les femmes enceintes,La conduite à tenir en cas de sérologie positive maternelle n’est pas la même que celle décrite dans le contenu éducatif,La surveillance se fait par dépistage sérologique tous les 3 mois
OIC-027-06-A,Quelles sont les recommandations pour prévenir la toxoplasmose ?,"Consommer de la viande bien cuite, préférer les aliments congelés.",Se laver les mains avant et après toute manipulation d'aliments.,Laver soigneusement crudités et salades.,Eviter les contacts avec les chats et port de gants pour nettoyer la litière du chat et faire du jardinage.,"Consommer de la viande bien cuite, préférer les aliments congelés."
OIC-027-07-A,Quelles sont les conséquences d’une rubéole au cours de la grossesse?,Le fœtus peut être contaminé par la mère.,La contamination du fœtus est transplacentaire et le virus de la rubéole est tératogène.,Le risque d’infection fœtale varie avec l’âge gestationnel.,La contamination du fœtus peut être asymptomatique.,Le risque d’infection fœtale varie avec l’âge gestationnel.
OIC-027-08-A,La rubéole congénitale est une maladie évitable grâce à la vaccination.,La rubéole congénitale n'est pas évitable.,La rubéole congénitale peut être évitable mais la vaccination n'est pas obligatoire.,"La rubéole congénitale est évitable grâce à la vaccination, mais seulement si la femme en âge de procréer a été vaccinée et sa sérologie contrôle l'efficacité de la vaccination.",La rubéole congénitale n'est pas évitable même avec la vaccination.,"La rubéole congénitale est évitable grâce à la vaccination, mais seulement si la femme en âge de procréer a été vaccinée et sa sérologie contrôle l'efficacité de la vaccination."
OIC-027-09-A,Quelle est la définition de la rougeole materno-foetale?,Transmission transplacentaire de la rougeole du nouveau-né par sa mère,Rougeole néonatale causée par le virus de la rougeole transmis par voie transplacentaire,La rougeole materno-foetale est une maladie congénitale due à l'infection du fœtus par le virus de la rougeole pendant la grossesse,Transmission verticale de la rougeole du nouveau-né par sa mère,La rougeole materno-foetale est une maladie congénitale due à l'infection du fœtus par le virus de la rougeole pendant la grossesse
OIC-027-10-A,Quelles sont les conséquences néonatales de la rougeole maternelle?,Augmentation du risque de malformations congénitales,Rougeole périnatale (rougeole « congénitale »),Risque majoré si infection maternelle dans les 3 semaines qui précèdent la naissance,Pas d’augmentation du risque de malformations congénitales,B. Rougeole périnatale (rougeole « congénitale »)
OIC-027-11-A,"La femme enceinte, non vaccinée, et qui n’aura jamais contracté la rougeole, fait partie des sujets à risque de complications. La prévention et la surveillance de la survenue de l’infection chez la femme enceinte est fondamentale.",Vérifier le statut vaccinal de la patiente (carnet de santé),Pratiquer une sérologie en urgence (vérification de la présence d’IgG),"Chez une femme enceinte séronégative, possibilité d’administration d’immunoglobulines IV dans les 6 jours suivants le contage (protection d’un mois)","En suites de couches, une vaccination par vaccin trivalent (ROR) est indiquée",Vérifier le statut vaccinal de la patiente (carnet de santé)
OIC-027-12-A,Quelle est la définition de l'infection materno-fœtale à CMV?,Infection virale transmise de la mère au fœtus,Maladie congénitale causée par le virus du sida,Infection bactérienne transmissible entre la mère et le fœtus,Infection virale transmise par les insectes,Infection virale transmise de la mère au fœtus
OIC-027-13-B,"Quel virus peut être transmis de la mère au fœtus ou au nouveau-né, et quelles sont les conditions de transmission?",HSV,VHB,VIH,VZV,HSV
OIC-027-14-B,Quelle est la prise en charge d'un épisode initial d'herpès génital pendant la grossesse ?,Traitement maternel avec aciclovir 1g en 5 prises ou valaciclovir 2g en 2 prises pendant 5 à 10 jours.,Césarienne si infection dans les 6 semaines avant début de travail sauf RPM > 4h.,"Pas de prélèvement, voie basse possible si RPM >4h.",Prévention en cas de récurrence par valaciclovir 1g en 2 prises de 36 SA jusqu’à la naissance.,Traitement maternel avec aciclovir 1g en 5 prises ou valaciclovir 2g en 2 prises pendant 5 à 10 jours.
OIC-027-15-A,Quelle est la définition de l'infection à VHB materno-fœtale?,Transmission verticale de l'hépatite B entre la mère et le fœtus,Infection hépatique transmise par voie aérienne pendant la grossesse,Hépatite B transmissible par voie sanguine maternelle au nouveau-né,Transmission de l'hépatite B par voie respiratoire entre la mère et le fœtus,Transmission verticale de l'hépatite B entre la mère et le fœtus
OIC-027-16-A,Quelle est la prévention efficace de l'hépatite B fœtale ?,La vaccination des femmes à risque,La dépistage de l’hépatite B dès la déclaration de grossesse,La sérovaccination du nouveau-né chez les mères antigène HBs+,Toutes les réponses sont correctes,Toutes les réponses sont correctes
OIC-027-17-A,Le dépistage du VIH chez les femmes enceintes est-il obligatoire?,"Oui, il est obligatoire.","Non, il n'est pas obligatoire.",Seulement si la mère manifeste des symptômes de l'infection.,Seulement si le père est connu comme porteur du VIH.,"Oui, il est obligatoire."
OIC-027-18-A,La varicelle chez la femme enceinte : connaître les éléments de prévention par la vaccination,"Toutes les femmes en âge de procréer devraient être vaccinées contre la varicelle, quelle que soit leur histoire clinique.",Seules les femmes en âge de procréer ayant un projet de grossesse et n'ayant pas d'antécédent clinique de varicelle devraient être vaccinées.,"Toutes les adolescentes de 12 à 18 ans non vaccinées contre la varicelle devraient être vaccinées, quelle que soit leur histoire clinique.",Seules les adolescentes de 12 à 18 ans non vaccinées et ayant un projet de grossesse devraient être vaccinées.,Seules les adolescentes de 12 à 18 ans non vaccinées et ayant un projet de grossesse devraient être vaccinées.
OIC-027-19-B,Quelle est la transmission materno-fœtale de la listériose ?,Transmission verticale,Transmission horizontale,Transmission transvassale,Transmission par contact direct,Transmission verticale
OIC-027-20-A,Quels sont les aliments à éviter pour prévenir la listériose materno-fœtale ?,"Fromages à pâte molle au lait cru, fromages vendus râpés",Poissons fumés,Graines germées crues,Produits de charcuterie cuite consommés en l'état,"Fromages à pâte molle au lait cru, fromages vendus râpés"
OIC-027-21-B,Quels examens complémentaires doivent être prescrits en cas de suspicion de listériose pendant la grossesse?,Prescription d'urinanalyse chez le père,Prélèvement de sang pour recherche de toxines,Examens anatomopathologiques du placenta et des lochies,Toutes les options précédentes,Examens anatomopathologiques du placenta et des lochies
OIC-027-22-B,Quels sont les mécanismes de transmission materno-foetale du streptocoque B ?,Transmission par voie aérienne,Transmission par voie sanguine,Transmission verticale,Transmission transplacentaire,Transmission verticale
OIC-027-23-B,Quel est le traitement recommandé pour la vaginose bactérienne à Gardnerella vaginalis pendant la grossesse?,Traitement par métronidazole en dose unique,Traitement par métronidazole en 3 doses,Traitement par amoxicilline en 3 doses,Traitement par fluconazol en 3 doses,Traitement par métronidazole en dose unique
OIC-027-24-B,Quelle influence la vaginose bactérienne a-t-elle sur le risque d'accoucher prématurément ?,La vaginose bactérienne augmente le risque d'accoucher prématurément.,La vaginose bactérienne n'a aucun impact sur le risque d'accoucher prématurément.,La vaginose bactérienne réduit le risque d'accoucher prématurément.,Le rôle de la vaginose bactérienne dans le risque d'accoucher prématurément est inconnu.,La vaginose bactérienne n'a aucun impact sur le risque d'accoucher prématurément.
OIC-027-25-A,"La grippe pendant la grossesse peut être dangereuse pour la mère et le fœtus. La prévention primaire consiste en une vaccination antigrippale, uniquement avec des vaccins inactivés, à tous les stades de la grossesse. Cette vaccination offre une protection aux nouveau-nes et aux nourrissons qui ne peuvent être vaccinés avant l'âge de 6 mois. Les mesures d'hygiène comme le port du masque et le sevrage des mains sont également recommandées pour limiter les contacts avec d'autres personnes, en particulier celles à risque. La prévention secondaire consiste en un prélèvement nasal pour recherche virologique en cas de signes de gravité ou de comorbidités, et un traitement antiviral curatif par oseltamivir (Tamiflu®) réalisé le plus rapidement possible sans attendre les résultats du diagnostic biologique. L'allaitement maternel est toujours possible.",La grippe pendant la grossesse n'est pas dangereuse pour la mère et le fœtus.,La prévention primaire de la grippe pendant la grossesse ne comprend que les mesures d'hygiène.,Les vaccins inactivés sont les seuls à être recommandés pour la vaccination antigrippale chez la femme enceinte.,Le traitement antiviral curatif par oseltamivir (Tamiflu®) ne doit pas être réalisé avant les résultats du diagnostic biologique.,"La prévention primaire de la grippe pendant la grossesse comprend une vaccination antigrippale avec des vaccins inactivés à tous les stades de la grossesse, ce qui offre une protection aux nouveau-nes et aux nourrissons."
OIC-027-26-B,Quelle est la physiopathologie de l'allo-immunisation antiérythrocytaire?,L'allo-immunisation antiérythrocytaire est due à une infection fœtale.,L'allo-immunisation antiérythrocytaire est causée par la prise de médicaments toxiques.,L'allo-immunisation antiérythrocytaire résulte d'une irradiation.,L'allo-immunisation antiérythrocytaire se développe à cause de facteurs environnementaux.,"La réponse est incorrecte. L'allo-immunisation antiérythrocytaire n'est pas causée par une infection fœtale, ni par la prise de médicaments toxiques, ni par irradiation, ni par des facteurs environnementaux."
OIC-027-27-A,La détermination du groupe rhésus phénotype et la recherche d'agglutinines irrégulières (RAI) sont obligatoires chez toutes les femmes enceintes.,Toutes les femmes enceintes doivent avoir une détermination du groupe rhésus phénotype et une recherche d'agglutinines irrégulières au 1er trimestre de la grossesse.,"Seules les femmes Rh- ou précédemment transfusées doivent être réexaminées pour RAI aux 6e, 8e ou 9e mois de la grossesse.",Les femmes enceintes ne doivent pas avoir de détermination du groupe rhésus phénotype et recherche d'agglutinines irrégulières.,"Seules les femmes Rh- doivent être réexaminées pour RAI aux 6e, 8e ou 9e mois de la grossesse.",A
OIC-027-28-A,Quelle est la prévention possible de l’allo-immunisation antiérythrocytaire durant la grossesse?,La seule prévention possible est médicamenteuse.,Il existe des moyens physiques et médicinaux pour prévenir l'allo-immunisation anti-D.,L’allo-immunisation antiérythrocytaire peut être évitée par des mesures de sécurité en cas d'accident.,La seule solution est de faire une RAI avant toute injection d’immunoglobulines.,La seule prévention possible est médicamenteuse.
OIC-027-29-B,La mère Rh négative doit être vaccinée contre la toxoplasmie.,Vaccination obligatoire,"Non, pas de vaccination nécessaire",Seule si le père est porteur du germe,Vaccination recommandée mais non obligatoire,Vaccination obligatoire
OIC-027-30-A,Une patiente prenant un traitement et ne se sachant pas enceinte doit faire quoi?,Consigner les circonstances de la prise médicamenteuse,Arrêter le traitement sans autre forme de procès,Poursuivre le traitement en ignorant l'enceinte,Rechercher un remplacement du traitement,Consigner les circonstances de la prise médicamenteuse
OIC-027-31-A,Quel est le principal risque pour la santé lié à l'exposition à des médicaments?,Cancer,Malformations congénitales,Autres effets indésirables,Toutes les réponses sont correctes,Malformations congénitales
OIC-027-32-B,Quel est le principal risque lié à l'exposition in utero au lithium ?,Malformations cardiaques,Anomalies cérébrales,Rétinopathie,Microcéphalie,A
OIC-027-33-A,"Le vaccin contre la grippe est recommandé chez la femme enceinte, notamment chez les patientes à risque (diabétique, obèse).",Tout vaccin est interdit pendant la grossesse.,Seuls les vaccins inactivés sont autorisés.,"Les vaccins contre-indiqués théoriquement pendant la grossesse sont issus d'agents vivants atténués (rougeole, oreillons, rubéole (ROR), varicelle, BCG, rotavirus).",Les vaccins à ARNm (COVID-19) sont en cours d’évaluation chez la femme enceinte.,"Le vaccin contre la grippe est recommandé chez la femme enceinte, notamment chez les patientes à risque (diabétique, obèse)."
OIC-027-34-B,Le tabagisme a un impact différent sur les fœtus selon le trimestre de grossesse.,Le tabagisme n'a pas d'impact spécifique sur les fœtus en fonction du trimestre de grossesse.,Les effets du tabagisme sont plus importants au premier trimestre de la grossesse.,Les effets du tabagisme sont plus importants au deuxième trimestre de la grossesse.,Les effets du tabagisme sont plus importants au troisième trimestre de la grossesse.,Les effets du tabagisme sont plus importants au troisième trimestre de la grossesse.
OIC-027-35-A,Connaître les conséquences d’une intoxication tabagique pendant la grossesse,Le tabagisme n'a aucun impact sur le fœtus.,Il augmente le risque de naissance prématurée et diminue le poids à la naissance.,Il ne provoque pas d'effets néfastes sur l'enfant après la naissance.,Le tabagisme n'a aucun impact sur la santé du fœtus.,Il augmente le risque de naissance prématurée et diminue le poids à la naissance.
OIC-027-36-B,Quelles sont les interventions médicales pour l'aide à l'arrêt chez la femme enceinte fumeuse?,Conseils et informations adaptées,Information sur le degré de tabagisme,Approches psychologiques et/ou comportementales,Prescription nicotinique,"Conseils et informations adaptées, Information sur le degré de tabagisme, Approches psychologiques et/ou comportementales, Prescription nicotinique"
OIC-027-37-A,Quels sont les principaux troubles associés au syndrome d'alcoolisation fœtale (SAF) ?,Retard de croissance intra utérin modéré et malformations,Dysmorphie faciale typique et retard des acquisitions à distance,"Malformations neurologiques, cardiaques et squelettiques",Anomalie du développement psychomoteur et troubles comportementaux,Dysmorphie faciale typique et retard des acquisitions à distance
OIC-027-38-B,Les atteintes fœtales sont proportionnelles à la quantité d'alcool ingérée.,Les atteintes fœtales ne dépendent pas de la quantité d'alcool ingérée.,Les atteintes fœtales augmentent avec l'augmentation de la consommation d'alcool.,Les atteintes fœtales ne sont pas affectées par la quantité d'alcool ingérée.,Les atteintes fœtales diminuent avec l'augmentation de la consommation d'alcool.,Les atteintes fœtales augmentent avec l'augmentation de la consommation d'alcool.
OIC-027-39-A,Quelle est la meilleure approche pour dépister l'alcoolisation maternelle pendant la grossesse?,Interrogatoire intensifié,Utilisation d'un autoquestionnaire validé,Echographie,Dosage du taux d'alcoolémie maternelle,Interrogatoire intensifié et utilisation d'un autoquestionnaire validé
OIC-027-40-B,Quels sont les principaux effets du cannabis sur la grossesse et le nouveau-né?,Le cannabis n'a aucun effet néfaste sur la santé du fœtus ou du nouveau-né.,"Il peut entraîner un retard de croissance intra-utérin, des troubles du sommeil et une prématurité.","Il provoque des fausses couches spontanées, un retard de croissance intra-utérin et une prématurité.",Le cannabis est sans risque pour le fœtus ou le nouveau-né.,"Il peut entraîner un retard de croissance intra-utérin, des troubles du sommeil et une prématurité."
OIC-027-41-A,Quels sont les facteurs à repérer pour identifier une conduite addictive chez la future mère?,L'histoire de vie de la mère,L'histoire du couple parental,Le mode de vie maternel,La santé maternelle,"L'histoire de vie de la mère, L'histoire du couple parental, Le mode de vie maternel, La santé maternelle, Les peurs maternelles"
OIC-027-42-B,"Quels sont les traitements de substitution aux opiacés favorisant un meilleur suivi médical et obstétrical, diminuant la morbimortalité maternelle et fœtale ? ",Methadone,Buprenorphine,Suboxone,Naltrexone,Buprenorphine
OIC-027-43-B,Quels sont les principaux symptômes du syndrome de sevrage néonatal chez l'enfant d'une mère accro à l'opiacés ?,Hyperactivité et irritabilité,Rhinorrhée et éternuements,Vomissements et diarrhées,Bâillements et troubles du rythme respiratoire,A. Hyperactivité et irritabilité
OIC-027-44-B,Quelles sont les conséquences à long terme des conduites addictives pendant la grossesse?,"Les conséquences à long terme des conduites addictives pendant la grossesse ne sont pas spécifiques et ne sont pas liées à l'environnement, au mode de vie familial ou aux troubles psychiques maternels.","Les conséquences à long terme des conduites addictives pendant la grossesse sont liées à une exposition in utero à l'alcool, mais pas à d'autres substances comme les drogues.",Les conséquences à long terme des conduites addictives pendant la grossesse ne comprennent que des malformations et un retard mental.,"Les conséquences à long terme des conduites addictives pendant la grossesse sont liées à une exposition in utero à l'alcool, à d'autres substances comme les drogues, à d'eventuelles séquelles d'une prématurité ou d'une souffrance fœtale in utero et ne sont pas spécifiques.",option_d
OIC-027-45-B,Quels sont les mécanismes d’action de l’irradiation sur le fœtus?,La mort cellulaire et les lésions de l'ADN,Les anomalies congénitales et la mort in utero,L'infertilité et les malformations cardiaques,Le retard mental et le QI diminué,La mort cellulaire et les lésions de l'ADN
OIC-027-46-A,Quelle est la position recommandée pour l'exposition à un examen radiographique chez une femme enceinte?,L'examen ne doit pas être réalisé.,L'examen peut être réalisé avec un tablier de plomb.,L'examen peut être réalisé sans tablier de plomb.,L'examen est préférable à éviter.,option_b
OIC-030-01-B,Quels sont les signes cliniques d'une infection bactérienne néonatale?,Fièvre,Hypothermie,Tachypnée,Signes de lutte,Fièvre
OIC-030-02-B,Quels sont les signes d'une détresse respiratoire chez le nouveau-né?,Tachypnée,Battement des ailes du nez,Balancement thoraco-abdominal,Tirage intercostal,"Tous les signes mentionnés (A, B, C et D)"
OIC-030-03-B,Quels sont les facteurs de risque pour le retard de croissance intra-utérin (RCIU) ?,Pathologies fœtales,Pathologies vasculaires,Autres causes et facteurs de risque,Tous les trois,Tous les trois
OIC-030-04-B,Quels sont les facteurs de risque de prématurité ?,"Facteurs de risque socio-économiques, tabac, stress, antécédents d'accouchement prématuré et fausse couche tardive, intervalle court entre deux dernières grossesses, FIV.","Infection amnio-choriale, malformations utérines, incompétence cervico-isthmique, conisation, anomalies placentaires, métrorragies.","Grossesses multiples, hydramnios, placenta praevia, pathologies vasculaires gravidiques.","Tous les facteurs mentionnés dans les options a, b et c sont des facteurs de risque de prématurité.","Tous les facteurs mentionnés dans les options a, b et c sont des facteurs de risque de prématurité."
OIC-032-01-B,"Quel est le score d'Apgar à 1,5 et 10 minutes pour un nouveau-né sain?",Score inférieur à 7,Score compris entre 7 et 9,Score égal ou supérieur à 10,Aucun score ne peut être égal ou supérieur à 10,Score compris entre 7 et 9
OIC-032-02-B,Quels sont les critères pédiatriques de maturation d'un nouveau-né à terme ?,Le nouveau-né à terme doit pouvoir marcher sans aide.,Le nouveau-né à terme doit pouvoir se redresser complètement.,Le nouveau-né à terme doit pouvoir faire le point cardinal.,Le nouveau-né à terme doit pouvoir agripper fermement.,Le nouveau-né à terme doit pouvoir faire le point cardinal.
OIC-032-03-B,Quels sont les soins systématiques d'un nouveau-né en salle de naissance?,A) Lavage et séchage du nouveau-né,B) Section du cordon ombilical,C) Pose des bracelets d'identification,D) Toutes les options sont correctes,D) Toutes les options sont correctes
OIC-032-04-B,"Le dépistage néonatal sanguin est réalisé sur un papier buvard de manière systématique autour de 72 heures de vie (pas avant 48 heures). Une information claire et compréhensible doit être délivrée aux parents, et un consentement écrit est consigné avant le prélèvement sanguin. Ce dépistage concerne 6 maladies : La phénylcétonurie, l'hypothyroïdie congénitale, l'hyperplasie congénitale des surrénales, la mucoviscidose, la drépanocytose et le déficit en MCAD.",La phénylcétonurie,L'hypothyroïdie congénitale,L'hyperplasie congénitale des surrénales,La mucoviscidose,La phénylcétonurie
OIC-032-05-B,Quels sont les facteurs de risque d'une luxation congénitale des hanches?,Antécédents familiaux,Présentation en siège quel que soit la voie d'accouchement,Limitation de l'abduction uni ou bilatérale de hanche,Bassin asymétrique congénital,"Antécédents familiaux, présentation en siège quel que soit la voie d'accouchement, limitation de l'abduction uni ou bilatérale de hanche, bassin asymétrique congénital"
OIC-032-06-A,Quels sont les avantages de l'allaitement maternel?,Il offre un modèle nutritionnel adapté aux besoins physiologiques de l'enfant.,Il diminue le risque infectieux pour l'enfant.,Il contribue au lien mère-enfant.,Il est avantageux économiquement.,Il offre un modèle nutritionnel adapté aux besoins physiologiques de l'enfant.
OIC-032-07-B,Quelle est la définition de la prématurité ?,Naissance avant 37 SA,Naissance avant 38 SA,Naissance avant 39 SA,Naissance avant 40 SA,Naissance avant 37 SA
OIC-032-08-B,Quelle est la fréquence d'occurrence de la fente labio-palatine ?,1/2000 naissances,1/1000 naissances,1/500 naissances,1/3000 naissances,1/2000 naissances
OIC-037-01-A,Quel était le but de la loi Veil de 1975 sur l'interruption volontaire de grossesse (IVG)?,Facilité des procédures d'avortement,Amélioration des conditions de vie des femmes enceintes non désirées,Création de centres spécialisés dans les avortements illégaux,Augmentation du nombre de médecins formés à l'avortement,Facilité des procédures d'avortement
OIC-037-02-A,Quels sont les principaux facteurs qui conduisent à une interruption volontaire de grossesse?,Absence de contraception,Changement de méthode contraceptive,Méthode non adaptée,Autres causes,"Absence de contraception, changement de méthode, méthode non adaptée"
OIC-037-03-B,Quel est le nombre d'interruptions volontaires de grossesse (IVG) réalisés en France?,200 000 par an,215 000 par an,230 000 par an,250 000 par an,b. 215 000 par an
OIC-037-04-A,Quelle tranche d'âge réalise le plus grand nombre d'interruptions volontaires de grossesse (IVG) en France?,20-24 ans,25-29 ans,30-34 ans,35-39 ans,B. 25-29 ans
OIC-037-05-A,Quel est le délai légal pour pratiquer l'Interruption Volontaire de Grossesse (IVG) en France?,Jusqu'à 12 semaines d'aménorrhée,Jusqu'à 14 semaines d'aménorrhée,Jusqu'à 16 semaines d'aménorrhée,Jusqu'à 18 semaines d'aménorrhée,Jusqu'à 16 semaines d'aménorrhée
OIC-037-06-A,Quelles sont les structures de prise en charge des interruptions volontaires de grossesse (IVG) ?,Etablissements de santé uniquement,Centres de planification familiale uniquement,Médecin généraliste uniquement,Sage femme uniquement,Toutes les options sont correctes
OIC-037-07-A,"La prise en charge d'une interruption volontaire de grossesse (IVG) se fait en plusieurs étapes. La première consultation est avec un médecin ou sage-femme pour effectuer la demande d'IVG, fournir des informations orales et écrites sur les deux méthodes d'IVG, remettre un dossier guide à la patiente ainsi qu'une attestation de consultation médicale. La date du début de grossesse doit être vérifiée ou une échographie prescrite. Un rendez-vous pour la deuxième consultation est proposé. Lors de la deuxième consultation, la patiente confirme par écrit sa demande d'IVG, la date du début de grossesse est confirmée, et la technique d'IVG est décidée et réexpliquée à la patiente. Les suites de la prise en charge sont programmées selon la technique. Une information sur la contraception avant l'IVG est donnée, une nouvelle attestation de réalisation de la deuxième consultation est donnée à la patiente, et une contraception d'urgence peut être prescrite. La troisième étape consiste à la réalisation de l'IVG. Une consultation de contrôle doit être réalisée entre 14 et 21 jours après l'IVG pour vérifier l'absence de complications.",La première consultation se fait avec un médecin ou sage-femme.,La deuxième consultation est pour confirmer la demande d'IVG.,Une information sur la contraception avant l'IVG est donnée.,La troisième étape consiste à la réalisation de l'IVG.,La première consultation se fait avec un médecin ou sage-femme.
OIC-037-08-B,Quelles sont les principales techniques utilisées pour réaliser une interruption volontaire de grossesse (IVG)?,Médicamenteuse et chirurgicale,Chirurgicale seulement,Médicamenteuse seulement,Infectieuse,Médicamenteuse et chirurgicale
OIC-037-09-B,Quelles sont les contre-indications de la mifépristone et du misoprostol ?,"Troubles de la coagulation, prise d'un traitement anticoagulant","Anémie profonde (Hb < 9-10 g/dL), DIU en place, patiente isolée, ne comprenant pas les informations, visite de contrôle impossible, voyage après la procédure « dans une zone sanitaire risquée»","Asthme sévère, non contrôlé par le traitement, hypersensibilité au misoprostol, asthme / bronchite spasmodique, porphyrie héréditaire, hypersensibilité à la substance active, antécédents cardio-vasculaires : angine de poitrine, troubles du rythme, maladie de Raynaud, insuffisance cardiaque, malnutrition, hypertension artérielle grave non équilibrée, insuffisance hépatique, insuffisance rénale",Il n'existe pas de contre-indications absolues à la méthode instrumentale.,"Troubles de la coagulation, prise d'un traitement anticoagulant"
OIC-037-10-B,"Quelles sont les principales complications immédiates, secondaires et à long terme des interruptions volontaires de grossesse chirurgicales et médicamenteuses?",Douleurs,Echec,Mécaniques,Hémorragiques,A
OIC-037-11-B,Quels sont les critères retenus pour le choix d'une contraception après interruption volontaire de grossesse (IVG) ?,Efficacité et coût,"Effets secondaires, contre-indications et contraintes d'utilisation",Souhaits de la patiente et échec de la précédente contraception,Toutes les patientes doivent avoir une contraception proposée après IVG,"Effets secondaires, contre-indications et contraintes d'utilisation"
OIC-037-12-B,"Les facteurs de risque d'IVG itérative sont : A) âge jeune, B) patiente célibataire, C) conditions socio-économiques défavorables et D) contraception non adaptée.",âge jeune,patiente célibataire,conditions socio-économiques défavorables,contraception non adaptée,conditions socio-économiques défavorables
OIC-038-01-A,"Quelle est la définition de la fertilité, fécondité et fécondabilité d'un couple ?",La fertilité est la capacité d'un couple à concevoir un enfant.,"La fécondité est la capacité à se reproduire, c'est-à-dire l'habileté à concevoir et à donner naissance à un enfant vivant.",La fécondabilité est la probabilité de survenue d'une grossesse au cours d'un mois ou d'un cycle menstruel chez un couple n'utilisant pas de contraception.,Toutes les réponses sont correctes.,"La fertilité est la capacité d'un couple à concevoir un enfant. La fécondité est la capacité à se reproduire, c'est-à-dire l'habileté à concevoir et à donner naissance à un enfant vivant. La fécondabilité est la probabilité de survenue d'une grossesse au cours d'un mois ou d'un cycle menstruel chez un couple n'utilisant pas de contraception."
OIC-038-02-A,Quelle est la définition d'un couple infertile?,Un couple qui n'a pas eu de grossesse clinique après 12 mois ou plus de rapports sexuels non protégés.,Un couple dont l'une des parties a un taux d'ovaires prématuré insuffisant.,Un couple où la femme est physiquement incapable de concevoir une grossesse.,Un couple dans lequel les deux membres sont génétiquement incapables de procréer.,A
OIC-038-03-B,Quel pourcentage d'enfants par femme la fécondité était-elle en France en 2019 ?,"1,87","2,13","2,39","2,61",A
OIC-038-04-B,Quel est le principal objectif de l'interrogatoire et de l'examen clinique chez une femme présentant des troubles de la fertilité?,Détecter les causes réversibles,Dégager un diagnostic différentiel,Évaluer le risque de maladie génétique,Identifier une éventuelle victime de viol,Dégager un diagnostic différentiel
OIC-038-05-B,Quelle est la première étape pour le diagnostic d'une varicocèle?,Palpation testiculaire,Ultrasonographie testiculaire,Scrotal massage,Tomogramme de l'abdomen,Palpation testiculaire
OIC-038-06-B,Quelle est l'origine possible de l'infertilité chez un couple présentant une aménorrhée primaire ? ,Pathologie utérine,Pathologie cervicale,Troubles du cycle menstruel,Obstruction tubaire,Pathologie utérine
OIC-038-07-B,"Le bilan de première intention dans le cas d'une infertilité du couple vise à rechercher la ou les causes d'infertilité féminine et masculine, réaliser un bilan pré-conceptionnel et réduire au minimum les risques pour la future grossesse.",Rechercher la cause de l'infertilité chez le seul partenaire masculin,Rechercher la cause de l'infertilité chez le seul partenaire féminin,Rechercher les causes d'infertilité chez chaque partenaire,Ne pas réaliser de bilan pré-conceptionnel,Rechercher les causes d'infertilité chez chaque partenaire
OIC-038-08-B,Connaître les principes d’interprétation d’un spermogramme,Le recueil pour le spermogramme est réalisé dans un laboratoire spécialisé par masturbation après un délai d’abstinence de 2 à 7 jours et après une toilette intime avant le recueil.,"Après la réalisation du recueil spermatique, il faut vérifier qu’il n’y a pas une perte de l’éjaculat (en particulier la première fraction qui est la plus riche en spermatozoïdes) et demander si il y a eu des évènements particuliers dans les 3 mois précédent le recueil, notamment un épisode fébrile.","Ensuite, 30 à 60 minutes après le recueil, plusieurs paramètres sont analysés : Mesure du volume de l’éjaculat, Évaluation de la viscosité de l’éjaculat, Mesure du pH de l’éjaculat, Evaluation de la mobilité des spermatozoïdes selon les recommandations de l’OMS, en 3 catégories (mobilité progressive PR, mobilité non progressive NP, spermatozoïdes immobiles I), Recherche des agglutinats (attachements de spermatozoïdes mobiles), Calcul de la concentration (spermatozoïdes et cellules rondes), Evaluation de la vitalité à l’aide de colorants vitaux, Spermocytogramme permettant l’évaluation de la morphologie des spermatozoïdes après coloration sur lames.",Les valeurs de référence ont été définies par l’OMS après analyse de plus de milliers d'éjaculats d’hommes fertiles (grossesse spontanée dans les 12 mois) du monde entier. Il est important de préciser aux patients que les valeurs inférieures ne sont pas forcément synonymes d’infertilité ni de stérilité.,Le recueil pour le spermogramme est réalisé dans un laboratoire spécialisé par masturbation après un délai d’abstinence de 2 à 7 jours et après une toilette intime avant le recueil.
OIC-038-09-B,Quelles sont les principales causes d'infertilité féminine?,Troubles du cycle menstruel,Etiologie tubo-péritonéale,Endométriose,Pathologie utérine ou cervicale,Troubles du cycle menstruel
OIC-038-10-B,Quelles sont les principales causes d’infertilité masculine?,Anomalies de production des spermatozoïdes par les testicules,Obstruction des voies écrétoires,Troubles sexologiques et dysfonction érectile,Causes centrales hypogonadotropes,Anomalies de production des spermatozoïdes par les testicules
OIC-039-01-A,Quel est le but principal de l’Assistance Médicale à la Procréation (AMP)?,Permettre aux couples hétérosexuels d'avoir des enfants sans que les femmes ne soient enceintes.,Faciliter la procréation pour les couples homosexuels ou non hétérosexuels.,Offrir une solution aux couples stériles en leur permettant de conserver leurs gamètes.,Toutes ces options sont correctes.,Faciliter la procréation pour les couples homosexuels ou non hétérosexuels.
OIC-039-02-A,"La préservation de la fertilité s’entend des pratiques cliniques et biologiques qui permettent à toute personne dont la prise en charge médicale est susceptible d'altérer la fertilité, ou dont la fertilité risque d'être prématurément altérée, de bénéficier du recueil et de la conservation de ses gamètes ou de ses tissus germinaux, en vue de la réalisation ultérieure, à son bénéfice, d' une assistance médicale à la procréation, ou en vue de la préservation et de la restauration de sa fertilité. Depuis le loi de Bioéthique de 2021, il est possible d'avoir recours à une congélation de gamète pour préservation de la fertilité, en l'absence d'indication médicale.","La définition de la préservation de la fertilité féminine et masculine inclut les pratiques cliniques et biologiques permettant à toute personne dont la prise en charge médicale est susceptible d'altérer la fertilité, ou dont la fertilité risque d'être prématurément altérée, de bénéficier du recueil et de la conservation de ses gamètes ou de ses tissus germinaux, en vue de la réalisation ultérieure, à son bénéfice, d'une assistance médicale à la procréation, ou en vue de la préservation et de la restauration de sa fertilité. Depuis le loi de Bioéthique de 2021, il est possible d'avoir recours à une congélation de gamète pour préservation de la fertilité, en l'absence d'indication médicale.","La définition de la préservation de la fertilité féminine et masculine inclut les pratiques cliniques et biologiques permettant à toute personne dont la prise en charge médicale est susceptible d'altérer la fertilité, ou dont la fertilité risque d'être prématurément altérée, de bénéficier du recueil et de la conservation de ses gamètes ou de ses tissus germinaux, en vue de la réalisation ultérieure, à son bénéfice, d'une assistance médicale à la procréation, ou en vue de la préservation et de la restauration de sa fertilité. Depuis le loi de Bioéthique de 2021, il est possible d'avoir recours à une congélation de gamète pour préservation de la fertilité, en l'absence d'indication médicale.","La définition de la préservation de la fertilité féminine et masculine inclut les pratiques cliniques et biologiques permettant à toute personne dont la prise en charge médicale est susceptible d'altérer la fertilité, ou dont la fertilité risque d'être prématurément altérée, de bénéficier du recueil et de la conservation de ses gamètes ou de ses tissus germinaux, en vue de la réalisation ultérieure, à son bénéfice, d'une assistance médicale à la procréation, ou en vue de la préservation et de la restauration de sa fertilité. Depuis le loi de Bioéthique de 2021, il est possible d'avoir recours à une congélation de gamète pour préservation de la fertilité, en l'absence d'indication médicale.","La définition de la préservation de la fertilité féminine et masculine inclut les pratiques cliniques et biologiques permettant à toute personne dont la prise en charge médicale est susceptible d'altérer la fertilité, ou dont la fertilité risque d'être prématurément altérée, de bénéficier du recueil et de la conservation de ses gamètes ou de ses tissus germinaux, en vue de la réalisation ultérieure, à son bénéfice, d'une assistance médicale à la procréation, ou en vue de la préservation et de la restauration de sa fertilité. Depuis le loi de Bioéthique de 2021, il est possible d'avoir recours à une congélation de gamète pour préservation de la fertilité, en l'absence d'indication médicale.","La définition de la préservation de la fertilité féminine et masculine inclut les pratiques cliniques et biologiques permettant à toute personne dont la prise en charge médicale est susceptible d'altérer la fertilité, ou dont la fertilité risque d'être prématurément altérée, de bénéficier du recueil et de la conservation de ses gamètes ou de ses tissus germinaux, en vue de la réalisation ultérieure, à son bénéfice, d'une assistance médicale à la procréation, ou en vue de la préservation et de la restauration de sa fertilité. Depuis le loi de Bioéthique de 2021, il est possible d'avoir recours à une congélation de gamète pour préservation de la fertilité, en l'absence d'indication médicale."
OIC-039-03-A,"Parmi les techniques d’assistance médicale à la procréation (AMP), l'insémination intra-utérine (IIU) est une technique qui consiste à déposer dans l’utérus des spermatozoïdes sélectionnés. Cette technique peut être réalisée avec les spermatozoïdes du conjoint ou d’un donneur. L'insémination est idéalement précédée d'une stimulation de la croissance folliculaire par des gonadotrophines afin d’obtenir la maturation de un à trois follicules ou une induction de l’ovulation pour les patientes qui présentent des troubles du cycle menstruel. Un déclenchement de l’ovulation par injection d’hCG recombinante est réalisé afin de synchroniser l’ovulation et le dépôt intra utérin des spermatozoïdes. Le surlendemain du déclenchement, le recueil de sperme est réalisé par masturbation dans un laboratoire d’AMP ayant un agrément spécifique, dans des conditions d’asepsie satisfaisantes. Les spermatozoïdes mobiles sont sélectionnés et la préparation spermatique est inséminée dans la cavité utérine grâce à un cathéter adapté.",Insémination intra-utérine (IIU) avec les spermatozoïdes du conjoint,Insémination intra-utérine (IIU) avec les spermatozoïdes d’un donneur,Fécondation in vitro classique (FIVc) ou assistée avec microinjection intra-cytoplasmique d’un spermatozoïde (ICSI),Ponction folliculaire,Insémination intra-utérine (IIU) avec les spermatozoïdes du conjoint
OIC-039-04-A,Quelles sont les techniques de préservation de la fertilité féminine et masculine adaptées à l'âge et au contexte médical des patients?,Congélation d'ovocytes matures ou d'embryons,Congélation d'ovocytes matures sans stimulation hormonale préalable,Congélation de cortex ovarien,Congélation de tissu testiculaire,"Congélation d'ovocytes matures ou d'embryons, Congélation d'ovocytes matures sans stimulation hormonale préalable, Congélation de cortex ovarien"
OIC-039-05-B,Quel est le recours à l’assistance médicale à la procréation (AMP) en France ?,1 couple sur 4,1 couple sur 5,1 couple sur 6,1 couple sur 7,c
OIC-039-06-A,"Parmi les grandes indications de recours à l’AMP, on note : A) Les pathologies de la reproduction, B) Le risque de transmission d’une pathologie génétique d’une particulière gravité, C) Le risque de transmission d’une pathologie virale, D) L'accomplissement d'un projet parental d'un couple de femmes ou de femme non mariée, E) La préservation de la fertilité (indications médicales ou non médicales).",Les pathologies de la reproduction,Le risque de transmission d’une pathologie génétique d’une particulière gravité,Le risque de transmission d’une pathologie virale,L'accomplissement d'un projet parental d'un couple de femmes ou de femme non mariée,La préservation de la fertilité (indications médicales ou non médicales)
OIC-039-07-A,Quelles sont les principales indications pour une insémination artificielle avec un épithelium utérin (IIU) ? ,Indications d'IAC avec spermatozoïdes 'frais',Indications d'IAC avec spermatozoïdes congelés,Indications d'IAD avec spermatozoïdes congelés de donneur,Toutes les précédentes,Toutes les précédentes
OIC-039-08-A,Quelles sont les principales indications de la fécondation in vitro avec ou sans microinjection intracytoplasmique?,L'infertilité tubaire,L'endométriose,Les échecs d'IIU ou d'inductions simples de l'ovulation,Autres,"L'infertilité tubaire, L'endométriose, Les échecs d'IIU ou d'inductions simples de l'ovulation"
OIC-039-09-A,Les principales indications du don d’ovocytes ou de spermatozoïdes sont :,"Infertilité sévère voire stérilité médicalement constatée (insuffisance ovarienne prématurée, azoospermie, autres altérations spermatiques très sévères)",Risque de transmettre une maladie génétique d’une particulière gravité à l’enfant à venir,Risque de transmettre une maladie virale d’une particulière gravité à l’autre membre du couple,"En cas d’échec d’AMP intraconjugale, dans certains cas, un don d’ovocyte ou de spermatozoïdes peut être proposé","Infertilité sévère voire stérilité médicalement constatée (insuffisance ovarienne prématurée, azoospermie, autres altérations spermatiques très sévères)"
OIC-039-10-A,Quelles sont les principales indications médicales de préservation de la fertilité féminine?,Les traitements gonadotoxiques utilisés dans le traitement du cancer,Les traitements gonadotoxiques utilisés dans le traitement de pathologies non cancéreuses,Pathologies à risque d’insuffisance ovarienne prématurée,Autres cancers,Les traitements gonadotoxiques utilisés dans le traitement du cancer
OIC-039-11-B,"Quels sont les examens cliniques, biologiques et radiologiques minimales à réaliser avant le recours à l’AMP pour rechercher et identifier les causes d'infertilité du couple ?","Exploration clinique des deux membres du couple, exploration du cycle et du statut ovarien, exploration utérine et/ou utéro-tubaire selon les cas, spermogramme, spermocytogramme, spermoculture et test de migration de survie des spermatozoïdes si approprié, échographie testiculaire voire des voies excrétrices spermatiques le cas échéant.","Exploration clinique des deux membres du couple, exploration du cycle et du statut ovarien, exploration utérine et/ou utéro-tubaire selon les cas, spermogramme, spermocytogramme, spermoculture et test de migration de survie des spermatozoïdes si approprié, échographie testiculaire voire des voies excrétrices spermatiques le cas échéant.","Exploration clinique des deux membres du couple, exploration du cycle et du statut ovarien, exploration utérine et/ou utéro-ubaire selon les cas, spermogramme, spermocytogramme, spermoculture et test de migration de survie des spermatozoïdes si approprié, échographie testiculaire voire des voies excrétrices spermatiques le cas échéant.","Exploration clinique des deux membres du couple, exploration du cycle et du statut ovarien, exploration utérine et/ou utéro-ubaire selon les cas, spermogramme, spermocytogramme, spermoculture et test de migration de survie des spermatozoïdes si approprié, échographie testiculaire voire des voies excrétrices spermatiques le cas échéant.","Exploration clinique des deux membres du couple, exploration du cycle et du statut ovarien, exploration utérine et/ou utéro-ubaire selon les cas, spermogramme, spermocytogramme, spermoculture et test de migration de survie des spermatozoïdes si approprié, échographie testiculaire voire des voies excrétrices spermatiques le cas échéant."
OIC-039-12-B,Quelles sont les dispositions règlementaires concernant le recours à l'assistance médicale à la procréation et la préservation de la fertilité féminine et masculine?,Les femmes peuvent consentir au don d'ovocytes à partir de 18 ans.,Le nombre d'enfants nés à partir d'un même donneur ou d'une même donneuse est limité à 5.,La prise en charge par l’Assurance Maladie comprend la réalisation de 6 IIU et 4 tentatives FIV-ICSI.,Les femmes ne peuvent consentir au don d'ovocytes qu'à partir de 30 ans.,La prise en charge par l’Assurance Maladie comprend la réalisation de 6 IIU et 4 tentatives FIV-ICSI.
OIC-039-13-B,Quelles sont les principales complications liées à l'assistance médicale à la procréation (AMP) ?,Le risque allergique est le principal risque lié à la stimulation ovarienne.,La torsion d'annexe est une complication exceptionnelle liée à l'augmentation du volume ovarien en cours de stimulation ovarienne.,Les complications liées à la ponction ovarienne sont extrêmement rares.,Les complications de début grossesse par AMP sont les mêmes que lors d'une grossesse spontanée.,Le risque allergique est le principal risque lié à la stimulation ovarienne.
OIC-045-01-A,Quelles sont les bases du conseil génétique?,Le conseil génétique consiste à informer le patient et/ou les parents et/ou les personnes de la famille du risque de survenue ou de récurrence d’une maladie génétique.,"Le conseil génétique est un processus qui vise à informer les patients ou leurs parents porteurs d’un caractère génétique susceptible de se transmettre, des options qui s’offrent à eux en matière de planification de vie et de planification familiale, afin de prévenir la maladie ou améliorer leur situation.",Le conseil génétique comprend le diagnostic et le conseil en fonction du diagnostic.,Le conseil génétique est une partie de la médecine fœtale.,Le conseil génétique consiste à informer le patient et/ou les parents et/ou les personnes de la famille du risque de survenue ou de récurrence d’une maladie génétique.
OIC-045-02-B,Quel est le soutien proposé aux parents lorsqu'un enfant est diagnostiqué avec une maladie génétique?,Aucun soutien n'est proposé,Un soutien médical et psychologique est proposé,Seul un soutien médical est proposé,Seul un soutien psychologique est proposé,b. Un soutien médical et psychologique est proposé
OIC-045-03-A,Quels sont les principes éthiques qui guident le médecin dans le contexte du conseil génétique?,"Le respect de l'autonomie, la non-malveillance, la bienveillance et la justice.","Le respect de l'intégrité, la dignité humaine, la vulnérabilité et l'égalité d'accès aux moyens.","La transparence, le respect des droits de l'homme, la compassion et l'équité.","L'information, la non-discrimination, la protection de l'enfant et la responsabilité.","Le respect de l'autonomie, la non-malveillance, la bienveillance et la justice."
OIC-045-04-B,Le caryotype fœtal est réalisé sur un prélèvement de :,Villosités choriales (PVC) entre 12 et 14 semaines d’aménorrhée,Liquide amniotique (PLA) entre 15 semaines d’aménorrhée et la fin de la grossesse,Sang fœtal après 24 semaines d’aménorrhée,Chez une femme Rh(–),Villosités choriales (PVC) entre 12 et 14 semaines d’aménorrhée
OIC-045-05-A,"Le dépistage prénatal de la trisomie 21 comprend un test combiné du 1° trimestre qui est basé sur : A) L’âge maternel. B) La mesure de la clarté nucale au 1er trimestre. C) Le dosage des marqueurs sériques au 1er trimestre (PAPP- A, beta-HCG libre). D) Toutes les options précédentes.",L’âge maternel.,La mesure de la clarté nucale au 1er trimestre.,"Le dosage des marqueurs sériques au 1er trimestre (PAPP- A, beta-HCG libre).",Toutes les options précédentes.,D) Toutes les options précédentes.
OIC-045-06-B,Quelles sont les modalités du diagnostic anténatal de trisomie 21 ?,Le dépistage biologique est le seul moyen de diagnostic anténatal.,L'échographie n'a pas sa place dans le dépistage de la trisomie 21.,Seul le caryotype fœtal peut confirmer le diagnostic de trisomie 21.,"Les signes cliniques sont nombreux et variés, facilitant l'identification prénatale de cette maladie génétique.","Les signes cliniques sont nombreux et variés, facilitant l'identification prénatale de cette maladie génétique."
OIC-045-07-B,Le risque de récurrence d'une trisomie 21 dépend du caryotype :,Tout caryotype est à risque égal.,Le risque est plus important si la mère a plus de 40 ans.,Le risque est faible en cas de trisomie 21 en mosaïque.,Le risque est élevé si la translocation est héritée d'un parent.,Le risque dépend du caryotype.
OIC-045-08-B,Quelle est la modalité de prescription d'un caryotype pour le diagnostic de trisomie 21 ?,Prélèvement sanguin veineux périphérique de 2 ml sur un tube hépariné.,Prélèvement sanguin veineux périphérique de 5 ml sur un tube EDTA.,Prélèvement sanguin veineux périphérique de 10 ml sur un tube hépariné.,Prélèvement sanguin veineux périphérique de 2 ml sur un tube EDTA.,Prélèvement sanguin veineux périphérique de 2 ml sur un tube hépariné.
OIC-045-09-A,Quelles sont les principales manifestations cliniques de la trisomie 21 ou syndrome de Down ?,Cardiopathies fréquentes,Troubles du spectre autistique plus fréquents,Hypoacousie/surdité à dépister,Pieds plats valgus fréquents,Cardiopathies fréquentes
OIC-045-10-A,Quels sont les principaux signes cliniques postnatals de la trisomie 21 pour le diagnostic ?,"Hypotonie axiale, souffle à l'auscultation cardiaque et dysmorphie faciale","Retard psychomoteur, immaturité et difficultés d'apprentissage","Hypertonie axiale, bruit de murmurant à l'auscultation cardiaque et dysplasie faciale","Hyperactivité psychomoteur, précocité et facilité d'apprentissage",A
OIC-045-11-B,Quelle est l'évolution naturelle d'une personne atteinte de trisomie 21 tout au long de sa vie ? ,La personne porteuse de trisomie 21 présente à la naissance une hypotonie axiale associées à plus ou moins de complications médicales.,La personne porteuse de trisomie 21 a une marge de progression variable d’un patient à l’autre et impossible de prédire. Elles ont un retard psychomoteur et acquièrent la marche entre 2 et 3 ans contre 9 et 18 mois pour un enfant sans trisomie 21.,"La personne porteuse de trisomie 21 présente à la naissance une hypotonie axiale associées à plus ou moins de complications médicales, et les rééducations peuvent être faites dans le secteur libéral ou en CAMSP puis SESSAD.",La personne porteuse de trisomie 21 a une marge de progression variable d’un patient à l’autre et impossible de prédire. Elles ont un retard psychomoteur et acquièrent la marche entre 2 et 3 ans contre 9 et 18 mois pour un enfant sans trisomie 21.,"La personne porteuse de trisomie 21 présente à la naissance une hypotonie axiale associées à plus ou moins de complications médicales, et les rééducations peuvent être faites dans le secteur libéral ou en CAMSP puis SESSAD."
OIC-045-12-B,Le diagnostic anténatal de mucoviscidose peut être évoqué lors du suivi échographique de la grossesse devant un intestin hyperéchogène.,L'intestin hyperéchogène s'accompagne de l'absence de visualisation de la vésicule biliaire.,L'intestin hyperéchogène est associé à une visualisation de la vésicule biliaire.,Le suivi échographique ne peut pas être utilisé pour le diagnostic anténatal de mucoviscidose.,Toutes les situations mentionnées précédentes sont possibles.,L'intestin hyperéchogène s'accompagne de l'absence de visualisation de la vésicule biliaire.
OIC-045-13-A,Le dépistage néonatal de la mucoviscidose est effectué au troisième jour de vie à partir d'un prélèvement de sang au talon du nouveau-né.,Prélèvement au niveau des lèvres,Prélèvement au niveau des paumes des mains,Prélèvement au niveau des plantes des pieds,Prélèvement au niveau de la poitrine,Prélèvement au niveau des plantes des pieds
OIC-045-14-A,Quelles sont les modalités du diagnostic positif de la mucoviscidose?,Le diagnostic de mucoviscidose est confirmé par un test de la sueur.,Le diagnostic de mucoviscidose est confirmé par une analyse génétique.,Le diagnostic de mucoviscidose est confirmé par une radiographie thoracique.,Le diagnostic de mucoviscidose est confirmé par un test d'immunothérapie.,a
OIC-045-15-A,Quelles sont les manifestations cliniques de la mucoviscidose?,Manifestations en période néonatale,Manifestations chez le nourrisson,"Manifestations chez l’enfant, l’adolescent et l’adulte",Autres symptômes,Manifestations en période néonatale
OIC-045-16-B,Quels sont les grands principes de la prise en charge clinique de la mucoviscidose?,La lutte contre la perte de sel par une supplémentation régulière,"La prise en charge des troubles gastro-intestinaux : régime riche en calories, pauvre en graisses et apport d’enzymes digestives et de vitamines liposolubles","La prise en charge de la pathologie pulmonaire : traitements antibiotiques à dose importantes pour diminuer l’infection respiratoire chronique, traitements mucolytiques et kinésithérapie respiratoire",L’infertilité masculine est prise en charge par assistance médicale à la procréation (fécondation in vitro),"La lutte contre la perte de sel par une supplémentation régulière, La prise en charge des troubles gastro-intestinaux : régime riche en calories, pauvre en graisses et apport d’enzymes digestives et de vitamines liposolubles, La prise en charge de la pathologie pulmonaire : traitements antibiotiques à dose importantes pour diminuer l’infection respiratoire chronique, traitements mucolytiques et kinésithérapie respiratoire, L’infertilité masculine est prise en charge par assistance médicale à la procréation (fécondation in vitro)"
OIC-045-17-A,Quels sont les examens d'imagerie indiqués dans le suivi d'un patient atteint de mucoviscidose ?,Une radiographie pulmonaire et un échodoppler abdominal par an.,Un scanner thoracique annuel et un échodoppler digestif une fois par an.,Une IRM pulmonaire et un angio-scan en cas d'aggravation ou d'urgence.,Toutes les options sont correctes.,Une radiographie pulmonaire et un échodoppler abdominal par an.
OIC-045-18-A,Quels sont les principaux symptômes cliniques du syndrome du X Fragile chez les garçons et les filles?,"Retard psychomoteur, retard de langage, déficit attentionnel, hyperactivité, impulsivité, intolérance à la frustration","Troubles du spectre de l'autisme, troubles du sommeil, épilepsie, otites répétées, dysmorphie faciale, avance staturale, hyperlaxité articulaire, pieds plats, scoliose, prolapsus mitral, reflux vésico-urétéral, strabisme, myopie, macro-orchidie post-pubertaire","Difficultés cognitives de sévérité variable, QI dans la partie basse de la distribution normale, troubles relationnels ou anxiété fréquents, pas ou peu d'éléments dysmorphiques",Tous les symptômes cliniques mentionnés précédemment pour les garçons et les filles,"Retard psychomoteur, retard de langage, déficit attentionnel, hyperactivité, impulsivité, intolérance à la frustration"
OIC-045-19-B,Quels sont les mécanismes génétiques dans le syndrome du X fragile?,Mutations complètes et prémutations,Prémutations seulement,Délétions partielles ou totales du gène FMR1,Variants faux-sens,Mutations complètes et prémutations
OIC-045-20-A,Quelle est la première cause de déficience intellectuelle familiale ?,Trisomie 21,Syndrome de Prader-Willi,Syndrome de l’X fragile,Autosomal dominante,c
OIC-045-21-B,Quelles sont les formes cliniques du syndrome de l’X Fragile?,Insuffisance ovarienne prématurée chez les femmes,Syndrome FXTAS chez les hommes âgés,Troubles neuropsychiatriques liés aux prémutations,Tous les trois,Tous les trois
OIC-047-01-A,Quelles sont les tranches d'âge des enfants selon la définition ?,Nouveau-né : de la naissance à 1 mois; Nourrisson : de 1 mois à 6 mois; Enfant : de 2 ans à 10 ans; Adolescent : de 10 ans à 19 ans.,Nouveau-né : de la naissance à 3 mois; Nourrisson : de 3 mois à 12 mois; Enfant : de 1 année à 5 ans; Adolescent : de 5 ans à 18 ans.,Nouveau-né : de la naissance à 2 mois; Nourrisson : de 2 mois à 15 mois; Enfant : de 1 année à 6 ans; Adolescent : de 6 ans à 17 ans.,Nouveau-né : de la naissance à 4 mois; Nourrisson : de 4 mois à 18 mois; Enfant : de 1 année à 7 ans; Adolescent : de 7 ans à 16 ans.,Nouveau-né : de la naissance à 1 mois; Nourrisson : de 1 mois à 6 mois; Enfant : de 2 ans à 10 ans; Adolescent : de 10 ans à 19 ans.
OIC-047-02-B,Quels sont les examens obligatoires pour un enfant selon les recommandations professionnelles du suivi des nourrissons et enfants ?,8 examens obligatoires,20 examens obligatoires,30 examens obligatoires,40 examens obligatoires,20 examens obligatoires
OIC-047-03-A,Quelle est la première chose à faire lors d'une crise d'asthme ?,Administérer une dose unique de corticoïde,Administérer des bronchodilatateurs répétés,Administérer des antihistaminiques,Administérer des β2-adrénocepteurs,Administérer des bronchodilatateurs répétés
OIC-047-04-A,"Le dépistage systématique des troubles visuels chez l'enfant comprend les examens ophtalmologiques recommandés à la naissance, entre 2 et 4 mois, entre 9 et 24 mois, 2-3 ans et 5 ans.",Les examens sont réalisés systématiquement à chaque visite de l'enfant.,Les examens ne sont pas systématiques mais seulement réalisés si un signe clinique le suggère.,Les examens ne sont pas systématiques et ne doivent être réalisés que par les spécialistes en ophtalmologie.,Les examens ne sont pas recommandés chez l'enfant.,Les examens sont réalisés systématiquement à chaque visite de l'enfant.
OIC-047-05-B,Quels sont les facteurs de risque personnels des troubles visuels ?,Exposition in utero aux toxiques,"Prématurité, anoxie périnatale et petit poids de naissance","Troubles neuro-moteurs, infirmité motrice cérébrale",Anomalies chromosomiques,Exposition in utero aux toxiques
OIC-047-06-B,Le dépistage des troubles visuels chez l'enfant s'effectue selon quel protocole ?,Tous les 2 mois,Tous les 3 mois,Tous les 6 mois,Tous les 12 mois,Tous les 6 mois
OIC-047-07-A,Quelles sont les indications pour adresser un enfant à un ophtalmologiste?,Tout enfant présentant une anomalie ou un doute à l'inspection,Tout enfant ayant des signes d'appel,Tout enfant dont la famille a des antécédents personnels ou familiaux de pathologies oculaires,Tout enfant présentant une anomalie ou un doute à un test de dépistage,"Tout enfant présentant une anomalie ou un doute à l'inspection, Tout enfant ayant des signes d'appel, Tout enfant dont la famille a des antécédents personnels ou familiaux de pathologies oculaires, Tout enfant présentant une anomalie ou un doute à un test de dépistage"
OIC-047-08-B,Quel est le développement anatomique et fonctionnel du système visuel jusqu'à l'âge de 10 ans ?,"Le système visuel est immature à la naissance, il développe anatomiquement et fonctionnellement jusqu'à l'âge de 2 ans.","Le système visuel est immature à la naissance, il développe anatomiquement et fonctionnellement jusqu'à l'âge de 4 ans.","Le système visuel est immature à la naissance, il développe anatomiquement et fonctionnellement jusqu'à l'âge de 6 ans.","Le système visuel est immature à la naissance, il développe anatomiquement et fonctionnellement jusqu'à l'âge de 10 ans.","Le système visuel est immature à la naissance, il développe anatomiquement et fonctionnellement jusqu'à l'âge de 10 ans."
OIC-047-09-A,Quels sont les signes fonctionnels et physiques évocateurs de malvoyance chez l'enfant?,Les yeux rouges et pleins,Le strabisme constant après 4 mois d'âge,Le nystagmus,Tous les trois,D
OIC-047-10-A,Quels sont les âges clés pour le dépistage auditif?,"Le dépistage auditif est réalisé à la maternité, 9 mois et 24 mois.","Le dépistage auditif est réalisé à la maternité, 9 mois, 24 mois et 36 mois.","Le dépistage auditif est réalisé à la maternité, 9 mois, 24 mois et école maternelle.","Le dépistage auditif est réalisé à la maternité, 9 mois, 24 mois, 36 mois et école maternelle.","Le dépistage auditif est réalisé à la maternité, 9 mois, 24 mois et école maternelle."
OIC-047-11-B,Quels sont les facteurs de risques personnels et familiaux des troubles auditifs chez l'enfant en fonction de son âge ?,"In utero : exposition in utero aux toxiques, à certains agents infectieux; Période néonatale : prématurité, anoxie périnatale, petit poids de naissance, troubles neuro-moteurs, infirmité motrice cérébrale, anomalies chromosomiques (trisomie 21, 22q11), malformation du crâne (craniosténoses) ou de la face, ictère sévère avec exsanguino transfusion, infection sévère et/ou traitement ototoxique; Période post néonatale : traumatisme du roche, méningite bactériennes (pneumocoque ++), otites chroniques","In utero : exposition in utero aux toxiques, à certains agents infectieux; Période néonatale : prématurité, anoxie périnatale, petit poids de naissance, troubles neuro-موتors, infirmité motrice cérébrale, anomalies chromosomiques (trisomie 21, 22q11), malformation du crâne (craniosténoses) ou de la face, ictère sévère avec exsanguino transfusion, infection sévère et/ou traitement ototoxique; Période post néonatale : traumatisme du roche, méningite bactériennes (pneumocoque ++), otites chroniques","In utero : exposition in utero aux toxiques, à certains agents infectieux; Période néonatale : prématurité, anoxie périnatale, petit poids de naissance, troubles neuro-موتors, infirmité motrice cérébrale, anomalies chromosomiques (trisomie 21, 22q11), malformation du crâne (craniosténoses) ou de la face, ictère sévère avec exsanguino transfusion, infection sévère et/ou traitement ototoxique; Période post néonatale : traumatisme du roche, méningite bactériennes (pneumocoque ++), otites chroniques","In utero : exposition in utero aux toxiques, à certains agents infectieux; Période néonatale : prématurité, anoxie périnatale, petit poids de naissance, troubles neuro-موتors, infirmité motrice cérébrale, anomalies chromosomiques (trisomie 21, 22q11), malformation du crâne (craniosténoses) ou de la face, ictère sévère avec exsanguino transfusion, infection sévère et/ou traitement ototoxique; Période post néonatale : traumatisme du roche, méningite bactériennes (pneumocoque ++), otites chroniques","In utero : exposition in utero aux toxiques, à certains agents infectieux; Période néonatale : prématurité, anoxie périnatale, petit poids de naissance, troubles neuro-موتors, infirmité motrice cérébrale, anomalies chromosomiques (trisomie 21, 22q11), malformation du crâne (craniosténoses) ou de la face, ictère sévère avec exsanguino transfusion, infection sévère et/ou traitement ototoxique; Période post néonatale : traumatisme du roche, méningite bactériennes (pneumocoque ++), otites chroniques"
OIC-047-12-B,Quels sont les principes du dépistage des troubles auditifs chez l'enfant?,"Les principes de dépistage des troubles auditifs chez l'enfant consistent en une combinaison d'examen externe, otoscopie et tests cliniques adaptés à leur âge.",Le dépistage des troubles auditifs chez l'enfant se limite à l'audiométrie tonale au casque après 4 ans.,Les tests objectifs comme les oto-émissions acoustiques automatiques sont suffisants pour détecter tous types de surdités chez le nouveau-né.,Le seul test nécessaire pour dépister les troubles auditifs chez l'enfant est le test à voix.,"Les principes de dépistage des troubles auditifs chez l'enfant consistent en une combinaison d'examen externe, otoscopie et tests cliniques adaptés à leur âge."
OIC-047-13-A,Quels sont les signes cliniques qui justifient d'adresser un enfant à un ORL?,Antécédents familiaux de surdité,Inquiétude parentale sur l'audition,Anomalie à un test de dépistage,"Signes d'appels : absence de réaction aux bruits, réactions vives aux vibrations ou toucher, absence de réaction à l'appel ou au prénom, troubles du langage, difficultés de compréhension, difficultés d'apprentissage, difficultés de concentration, troubles du comportement, des interactions sociales, indifférence à l'entourage ou au contraire agitation/agressivité","Signes d'appels : absence de réaction aux bruits, réactions vives aux vibrations ou toucher, absence de réaction à l'appel ou au prénom, troubles du langage, difficultés de compréhension, difficultés d'apprentissage, difficultés de concentration, troubles du comportement, des interactions sociales, indifférence à l'entourage ou au contraire agitation/agressivité"
OIC-047-14-A,Quelle est la définition de l'enfant sourd selon le niveau audiométrique ?,Un enfant qui a une perte auditive légère entre 21 et 40 dB.,Un enfant qui a une perte auditive moyenne entre 41 et 70 dB.,Un enfant qui a une perte auditive sévère entre 71 et 90 dB.,Un enfant qui a une perte auditive profonde supérieure à 90 dB.,Un enfant qui a une perte auditive profonde supérieure à 90 dB.
OIC-047-15-B,Quels sont les tests utilisés pour le dépistage de l'audition chez l'enfant?,Audiométrie tonale,Potentiels évoqués auditifs,Audiogramme,OEAP et PEAA,D) OEAP et PEAA
OIC-047-16-A,Quelle est la numérotation dentaire internationale reconnue pour le suivi des enfants ?,A - 0;1;2;3;4;5;6;7;8;9;10;11;12;13;14;15;16;17;18;19;20;21;22;23;24;25;26;27;28;29;30,B - 0;1;2;3;4;5;6;7;8;9;10;11;12;13;14;15;16;17;18;19;20;21;22;23;24;25;26;27;28;29;30,C - 0;1;2;3;4;5;6;7;8;9;10;11;12;13;14;15;16;17;18;19;20;21;22;23;24;25;26;27;28;29;30,D - 0;1;2;3;4;5;6;7;8;9;10;11;12;13;14;15;16;17;18;19;20;21;22;23;24;25;26;27;28;29;30,A - 0;1;2;3;4;5;6;7;8;9;10;11;12;13;14;15;16;17;18;19;20;21;22;23;24;25;26;27;28;29;30
OIC-047-17-A,Qu'est-ce que la carie dentaire?,Une tumeur maligne qui affecte les dents.,Un manque de vitamine D qui entraîne des problèmes dentaires.,Une infection virale transmise par les mouches.,Une destruction de l'émail puis de la dentine des dents avec formation d'une cavité.,La carie est une destruction de l'émail puis de la dentine des dents avec formation d'une cavité. Elle est causée par les bactéries présentes naturellement dans la bouche.
OIC-047-18-A,Quels sont les principes de prévention de la carie dentaire?,La carie est favorisée par la consommation de sucre.,"La prévention repose sur une bonne hygiène bucco-dentaire, évitement du grignotage entre les repas ou biberon sucré pour s'endormir, suivi dentaire régulier et en cas de risque carieux élevé, apport de fluor per os et scellement des sillons.",La prévention ne repose que sur une bonne hygiène bucco-dentaire.,La prévention ne repose que sur l'évitement du grignotage entre les repas ou biberon sucré pour s'endormir.,b
OIC-047-19-B,Quand apparaissent les premières dents de l'enfant?,Vers 6 mois,Vers 2 ans,Vers 10-11 ans,Vers 18 ans,Vers 6 mois
OIC-047-20-B,Quel est le signe clinique d'un trouble de l'articulé dentaire?,Une béance,Une déviation latérale de mandibule,Une prognathie,Des incisives bout à bout,Une béance
OIC-047-21-A,Quand est-ce que l'examen des hanches doit être effectué chez un nourrisson ?,À chaque consultation de suivi de la maternité jusqu'à l'âge de la marche.,Seulement lorsqu'il y a suspicion clinique d'une luxation congénitale de hanche.,Une fois par an entre le 6ème et le 12ème mois de vie.,À chaque consultation de suivi jusqu'à l'âge de 2 ans.,À chaque consultation de suivi de la maternité jusqu'à l'âge de la marche.
OIC-047-22-A,"Le dépistage de la luxation congénitale de Hanche doit être effectué en inspectant le raccourcissement de la cuisse et recherchant les limitations d'abduction, l'instabilité de la hanche ainsi que la manoeuvre de Barlow.",Inspecter le raccourcissement de la cuisse,Rechercher les limitations d'abduction,Rechercher l'instabilité de la hanche,Effectuer la manoeuvre de Barlow,"Inspecter le raccourcissement de la cuisse, rechercher les limitations d'abduction et effectuer la manoeuvre de Barlow"
OIC-047-23-B,Quelle est la forme clinique d'une luxation congénitale de hanche?,Hanche Luxée,Hanche Luxable,Subluxation,Dislocation,Hanche Luxée
OIC-047-24-B,Quelle est la première prise en charge d'une luxation congénitale de hanche selon les recommandations HAS ?,Faire échographie jusqu'à 3 mois,Faire radiographie à partir du 4° mois (3 mois révolu),Ne pas faire d'imagerie supplémentaire avant l'âge de 1 an,Attendre la croissance pubertaire pour prendre une décision sur l'intervention chirurgicale,Faire échographie jusqu'à 3 mois
OIC-047-25-B,Une maladie luxante de hanche non traitée entraîne-t-elle des complications?,"Oui, elle entraîne une boiterie dès le début de la marche.","Non, il n'y a pas de conséquences si la maladie reste non traitée.","Oui, mais seulement après quelques années sans traitement.","Oui, elle entraîne une douleur chronique et une atteinte dégénérative précoce.",D
OIC-047-26-B,"Le trouble de torsion est une anomalie de rotation dans l'axe transversal. La réponse correcte est 'Trouble de torsion'. Les autres réponses sont: 'Genu valgum', 'Genu varum' et 'Anomalie de rotation dans l'axe frontal.'.",Genu valgum,Genu varum,Trouble de torsion,Anomalie de rotation dans l'axe frontal,Trouble de torsion
OIC-047-27-A,Quels sont les facteurs de risque pour le développement de la scoliose chez l'enfant?,Idiopathique dans 80% des cas,Dans 20% des cas: maladies sous jacentes (maladies neuromusculaires ou syndrome polymalformatif par exemple),"S'aggrave avec la croissance, vigilance +++ autour de la puberté",Toutes les réponses sont correctes.,Idiopathique dans 80% des cas
OIC-047-28-A,Quel est le signe clinique principal de la scoliose chez l'enfant?,Déformation de la colonne dans les 3 plans,Mise en évidence d'une Gibbosité,Tendinite patellaire,Prolapsus du disque intervertébral,Déformation de la colonne dans les 3 plans
OIC-047-29-B,Quels sont les examens complémentaires indiqués pour le bilan initial et préopératoire d'une scoliose chez l'enfant?,Radiographies du rachis en position allongée,IRM,Tous les deux,Aucun examen complémentaire n'est indiqué,Tous les deux
OIC-047-30-B,Quelle est la radiographie du rachis lombaire d'une scoliose malformative?,A) Une courbure verticale droite et une courbure horizontale gauche,B) Une courbure verticale gauche et une courbure horizontale droite,C) Deux courbures verticales opposées,D) Deux courbures horizontales opposées,B) Une courbure verticale gauche et une courbure horizontale droite
OIC-047-31-B,Quelle est la cause la plus courante du diagnostic positif de cyphose thoracique chez l'enfant?,Maladie de Scheuermann,Spondylolisthesis,Tuberculose osseuse,Dégénérescence intervertebrale,Maladie de Scheuermann
OIC-047-32-A,Quels sont les examens médicaux obligatoires pour un nourrisson et un enfant?,"Les examens médicaux obligatoires incluent le certificat n°1 au cours des 8 premiers jours, le certificat n°2 aux 9 mois et le certificat n°3 aux 4 ans.","Les examens médicaux obligatoires incluent le certificat n°1 au cours des 8 premiers jours, le certificat n°2 aux 12 mois et le certificat n°3 aux 6 ans.","Les examens médicaux obligatoires incluent le certificat n°1 au cours des 14 jours, le certificat n°2 aux 9 mois et le certificat n°3 aux 4 ans.","Les examens médicaux obligatoires incluent le certificat n°1 au cours des 8 premiers jours, le certificat n°2 aux 12 mois et le certificat n°3 aux 6 ans.","Les examens médicaux obligatoires incluent le certificat n°1 au cours des 8 premiers jours, le certificat n°2 aux 9 mois et le certificat n°3 aux 4 ans."
OIC-047-33-A,Quelle est la définition de la médecine scolaire?,"La médecine scolaire est une branche de la médecine qui s'occupe des enfants en période scolaire, du primaire jusqu'à l'adolescence.",La médecine scolaire n'existe pas comme discipline médicale reconnue.,"La médecine scolaire est une branche de la médecine qui s'occupe des enfants en période scolaire, du primaire jusqu'à l'adolescence. Elle a pour mission de prévenir et de traiter les maladies propres à cette population.","La médecine scolaire est une branche de la médecine qui s'occupe des enfants en période scolaire, du primaire jusqu'à l'adolescence. Elle a pour mission de prévenir et de traiter les maladies propres à cette population, ainsi que d'assurer le suivi médical des enfants.","La médecine scolaire est une branche de la médecine qui s'occupe des enfants en période scolaire, du primaire jusqu'à l'adolescence. Elle a pour mission de prévenir et de traiter les maladies propres à cette population, ainsi que d'assurer le suivi médical des enfants."
OIC-047-34-A,Quels sont les bilans de santé à l'âge scolaire?,"Bilans de santé à l'âge scolaire : 3 ans, 4 ans, 5 ans, 6 ans, 8-9 ans, 11-13 ans, 15-16 ans",Les bilans de santé à l'âge scolaire incluent les bilans réalisés lors des visites médicales obligatoires annuelles pour les enfants.,Les bilans de santé à l'âge scolaire sont effectués par un médecin généraliste ou un pédiatre.,"Les bilans de santé à l'âge scolaire consistent en une évaluation globale de la santé physique, psychologique et sociale du jeune patient.","Bilans de santé à l'âge scolaire : 3 ans, 4 ans, 5 ans, 6 ans, 8-9 ans, 11-13 ans, 15-16 ans"
OIC-047-35-A,Quels sont les éléments constitutifs d'un carnet de santé pour un enfant?,"Antécédents personnels et familiaux, allergies","Données néonatales : suivi prénatal, accouchement, terme, adaptation vie extra-utérine, surveillance en maternité, alimentation, prise de poids, coloration des selles","Croissance : courbes poids, taille, PC, IMC, vitesse de croissance",Santé bucco-dentaire,"Antécédents personnels et familiaux, allergies"
OIC-047-36-B,Quelles sont les modalités d’organisation et d’indemnisation du suivi systématique obligatoire du nourrisson et de l’enfant ? ,"Le suivi est assuré par le médecin traitant de l'enfant, pédiatre ou médecin généraliste.",Les consultations obligatoires de suivi sont à 100% pris en charge par l'assurance maladie.,Le suivi systématique obligatoire du nourrisson et de l'enfant est organisé par les services de PMI jusqu'à 6 ans d'âge.,Toutes les options sont correctes.,B
OIC-047-37-B,Quels sont les trois certificats médicaux qui accompagnent le suivi systématique obligatoire d'un nourrisson?,Certificat de naissance,Certificat de vaccination,Certificat de développement,Certificat de santé,Tous les trois certificats
OIC-047-38-B,Quels sont les objectifs et les items contenus dans les trois certificats médicaux accompagnant le suivi systématique obligatoire du nourrisson?,"Les objectifs sont de suivre l'état général, la croissance et le développement du bébé. Les items contenus dans les certificats sont les antécédents maternels, la grossesse, l'accouchement, l'état à la naissance, les pathologies de la première semaine, les anomalies congénitales, l'allaitement, les vaccinations (BCG ou VHB), et le dépistage néonatal audition.","Les objectifs sont de suivre l'état général, la croissance et le développement du bébé. Les items contenus dans les certificats sont les antécédents maternels, la grossesse, l'accouchement, l'état à la naissance, les pathologies de la première semaine, les anomalies congénitales, l'allaitement, les vaccinations (BCG ou VHB), et le dépistage néonatal audition.","Les objectifs sont de suivre l'état général, la croissance et le développement du bébé. Les items contenus dans les certificats sont les antécédents maternels, la grossesse, l'accouchement, l'état à la naissance, les pathologies de la première semaine, les anomalies congénitales, l'allaitement, les vaccinations (BCG ou VHB), et le dépistage néonatal audition.","Les objectifs sont de suivre l'état général, la croissance et le développement du bébé. Les items contenus dans les certificats sont les antécédents maternels, la grossesse, l'accouchement, l'état à la naissance, les pathologies de la première semaine, les anomalies congénitales, l'allaitement, les vaccinations (BCG ou VHB), et le dépistage néonatal audition.","Les objectifs sont de suivre l'état général, la croissance et le développement du bébé. Les items contenus dans les certificats sont les antécédents maternels, la grossesse, l'accouchement, l'état à la naissance, les pathologies de la première semaine, les anomalies congénitales, l'allaitement, les vaccinations (BCG ou VHB), et le dépistage néonatal audition."
OIC-047-39-B,"Quelle est la période de transformation physique, psychique et sociale mais aussi période de plus grande vulnérabilité chez l'adolescent?",L'enfance,La puberté,L'adolescence,Le jeune âge,C. L'adolescence
OIC-047-40-A,Quelle est la mortalité infantile en France en 2019 ?,"3,6 pour 1000 naissances vivantes","4,2 pour 1000 naissances vivantes","5,1 pour 1000 naissances vivantes","6,3 pour 1000 naissances vivantes",A
OIC-047-41-A,Quels sont les moyens de prévention des accidents chez l'enfant?,"Réglementations sur les jouets, éducation à la santé et adaptation de l'environnement aux enfants",Seule l'éducation à la santé est efficace pour prévenir les accidents chez l'enfant,Les réglementations sur les jouets sont le seul moyen de prévention des accidents domestiques chez les enfants,La prévention des accidents chez l'enfant ne peut être assurée que par une adaptation de l'environnement aux enfants,"Réglementations sur les jouets, éducation à la santé et adaptation de l'environnement aux enfants"
OIC-048-01-A,Quels sont les types de préparations lactées pour nourrissons?,Préparation lactée standard,Lait hypoallergénique hydrolysé partiellement,Lait antirégurgitation épaissi par l'amidon ou la farine de caroube,Lait sans lactose remplacé par de la dextrine maltose,Préparation lactée standard
OIC-048-02-A,La diversification de l’alimentation chez l’enfant est-elle seulement un moyen d’introduire de nouvelles protéines dans son alimentation?,"Oui, la diversification vise à apporter des protéines différentes.","Non, elle vise à apporter des vitamines et des minéraux.","Non, elle vise à développer les habilités masticatoires de l’enfant.","Oui, la diversification vise à introduire de nouvelles protéines ainsi que des vitamines et des minéraux.",A
OIC-048-03-A,Quelle est la durée recommandée pour l'alimentation lactée exclusive?,Jusqu'à 4 mois,Jusqu'à 6 mois,Jusqu'à 12 mois,Jusqu'à 18 mois,Jusqu'à 6 mois
OIC-048-04-A,Quelle est la séquence recommandée pour introduire des aliments divers dans l'alimentation d'un nourrisson?,Fruits et légumes avant les produits d'origine animale,Produits d'origine animale avant les fruits et légumes,Introduire tous les aliments simultanément sans distinction,"Une séquence précise n'est pas recommandée, chaque famille peut faire ce qu'elle veut",Fruits et légumes avant les produits d'origine animale
OIC-049-01-A,Quel est l'âge moyen de l'apparition de la ménarche?,10 ans,12.5 ans en moyenne,14 ans,16 ans,b) 12.5 ans en moyenne
OIC-049-02-A,"Définir les termes suivants pubarche, thélarche et ménarche",L'apparition d'une pilosité pubienne précoce isolée (prémature pubarche ou adrénarche) est liée le plus souvent à l'augmentation physiologique des androgènes surrénaliens autour de l'âge de 8 ans.,"C'est un diagnostic d'élimination, qui nécessite d'avoir éliminé une production pathologique d'androgènes d'origine surrénalienne ou gonadique : hyperplasie congénitale des surrénales, tumeur surrénalienne, tumeur gonadique.","Le développement précoce et isolé des seins (absence de pilosité pubienne, absence d'accélération de la vitesse de croissance) avant 2 ans est souvent physiologique (prémature thélarche). Il n'est pas en rapport avec une activation de l'axe gonadotrope. C'est un diagnostic d'élimination, retenu après avoir évoqué une puberté précoce vraie.",Le terme ménarche désigne les premières règles.,L'apparition d'une pilosité pubienne précoce isolée (prémature pubarche ou adrénarche) est liée le plus souvent à l'augmentation physiologique des androgènes surrénaliens autour de l'âge de 8 ans.
OIC-049-03-B,Quel est le pic de croissance pubertaire moyen chez la fille?,15-20 cm,20-25 cm,25-30 cm,30-35 cm,20-25 cm
OIC-049-04-B,Quel est le stade de développement mammaire d'une fille qui n'a pas encore commencé à se développer ?,S1 - Absence de développement mammaire,S2 - Petit bourgeon mammaire avec élargissement de l'aréole,S3 - Glande mammaire dépassant la surface de l'aréole,"S4 - Saillie de l'aréole et du mamelon sur la glande, sillon sous-mammaire",S1 - Absence de développement mammaire
OIC-049-05-B,Quel est l'âge moyen du pic de croissance osseuse durant la puberté?,12 ans,14 ans,16 ans,18 ans,c
OIC-049-06-B,"Le déclenchement pubertaire est hypothalamique : réactivation de la pulsatilité de la GnRH. La GnRH stimule la sécrétion antéhypophysaire des gonadotrophines FSH et LH. L'apparition de cette pulsatilité est modulée par des facteurs neuroendocriniens et périphériques, notamment la leptine produite par le tissu adipeux, des facteurs génétiques, ethniques, l'état nutritionnel, ou des pathologies intercurrentes. Chez le garçon, la FSH est responsable de la croissance du volume testiculaire, la LH stimule la production de testostérone à l'origine du développement des caractères sexuels secondaires (verge, pilosité) ainsi que les modifications musculo-squelettiques. Chez la fille, la LH et la FSH entraînent l'activation ovarienne et la production d'œstrogènes à l'origine du développement mammaire utérovaginal et des OGE, puis l'apparition des premières règles (ménarche). La pilosité pubienne est liée à la production d'androgènes gonadiques et surrénaliens. L'augmentation des hormones sexuelles augmente la fréquence et de l'amplitude des pics de sécrétion d'hormone de croissance (GH), la vitesse de croissance staturale s'accélère (pic de croissance pubertaire).","Le déclenchement pubertaire est hypothalamique : réactivation de la pulsatilité de la GnRH. La GnRH stimule la sécrétion antéhypophysaire des gonadotrophines FSH et LH. L'augmentation des hormones sexuelles augmente la fréquence et de l'amplitude des pics de sécrétion d'hormone de croissance (GH), la vitesse de croissance staturale s'accélère (pic de croissance pubertaire).","Le déclenchement pubertaire est hypothalamique : réactivation de la pulsatilité de la GnRH. La GnRH stimule la sécrétion antéhypophysaire des gonadotrophines FSH et LH. L'augmentation des hormones sexuelles augmente la fréquence et de l'amplitude des pics de sécrétion d'hormone de croissance (GH), la vitesse de croissance staturale s'accélère (pic de croissance pubertaire).","Le déclenchement pubertaire est hypothalamique : réactivation de la pulsatilité de la GnRH. La GnRH stimule la sécrétion antéhypophysaire des gonadotrophines FSH et LH. L'augmentation des hormones sexuelles augmente la fréquence et de l'amplitude des pics de sécrétion d'hormone de croissance (GH), la vitesse de croissance staturale s'accélère (pic de croissance pubertaire).","Le déclenchement pubertaire est hypothalamique : réactivation de la pulsatilité de la GnRH. La GnRH stimule la sécrétion antéhypophysaire des gonadotrophines FSH et LH. L'augmentation des hormones sexuelles augmente la fréquence et de l'amplitude des pics de sécrétion d'hormone de croissance (GH), la vitesse de croissance staturale s'accélère (pic de croissance pubertaire).","Le déclenchement pubertaire est hypothalamique : réactivation de la pulsatilité de la GnRH. La GnRH stimule la sécrétion antéhypophysaire des gonadotrophines FSH et LH. L'augmentation des hormones sexuelles augmente la fréquence et de l'amplitude des pics de sécrétion d'hormone de croissance (GH), la vitesse de croissance staturale s'accélère (pic de croissance pubertaire)."
OIC-049-07-B,Quels sont les deux facteurs qui peuvent influencer la puberté?,Le sexe et l'environnement,L'hypothalamus et le système endocrinien,La génétique et l'ethnie,L'état nutritionnel et les pathologies intercurrentes,B) La génétique et l'environnement
OIC-049-08-B,Quels sont les facteurs qui influencent le déclenchement pubertaire?,Seulement des facteurs génétiques,Seulement des facteurs environnementaux,Des facteurs génétiques et environnementaux,Aucun facteur ne joue un rôle dans le déclenchement pubertaire,Des facteurs génétiques et environnementaux
OIC-049-09-A,Quelle définition donne-t-on à la puberté précoce et à la puberté avancée?,La puberté précoce est définie par un développement mammaire avant l'âge de 8 ans chez une fille.,La puberté avancée est définie comme le surcroît de 2 SD du poids et de la taille par rapport aux valeurs moyennes pour chaque âge.,La puberté précoce est définie par un développement mammaire avant l'âge de 8 ans chez une fille ou une augmentation du volume testiculaire avant l'âge de 9 ans chez un garçon.,"La puberté avancée est définie comme le surcroît de 2 SD du poids et de la taille par rapport aux valeurs moyennes pour chaque âge, avec un développement mammaire avant l'âge de 8 ans chez une fille ou une augmentation du volume testiculaire avant l'âge de 9 ans chez un garçon.",La puberté précoce est définie par un développement mammaire avant l'âge de 8 ans chez une fille ou une augmentation du volume testiculaire avant l'âge de 9 ans chez un garçon. La puberté avancée (entre 8-9 ans chez la fille et 9-11 ans chez le garçon) est une situation limite qui survient à un âge non précoce mais qui peut entraver le pronostic de taille adulte.
OIC-049-10-A,Quelle est la méthode utilisée pour déterminer si un enfant présente des signes de croissance rapide?,Analyse du rapport poids-poids,Évaluation du stade pubertaire Tanner,Calcul de l'indice de masse corporelle (IMC),Mesure de la vitesse de croissance,Mesure de la vitesse de croissance
OIC-049-11-A,Savoir interpréter une courbe de croissance,La courbe de croissance est tracée sur le graphique.,Les points de repère sont placés à l'intersection des lignes représentant les âges.,L'échelle des abscisses représente les âges et celle des ordonnées la taille en centimètres.,La vitesse de croissance annuelle est calculée en tracant une droite depuis l'âge 2 ans jusqu'à l'âge 10 ans sur le graphique de croissance.,L'échelle des abscisses représente les âges et celle des ordonnées la taille en centimètres.
OIC-049-12-B,Quelle est l'épidémiologie de la puberté précoce?,La puberté précoce est plus fréquente chez les filles que chez les garçons.,La puberté précoce est le plus souvent organique chez les filles et idiopathique chez les garçons.,La puberté précoce est moins fréquente chez les filles que chez les garçons.,La puberté précoce est le plus souvent organique chez les filles et chez les garçons.,La puberté précoce est plus fréquente chez les filles que chez les garçons.
OIC-049-13-B,Quels sont les grands cadres étiologiques des pubertés précoces?,"Hypothalamo-hypophysaire, ovariennes, surrénaliennes ou exogènes/environnementales","Ovarienne/testiculaire, surrénalienne, centrale","Centrales, périphériques, idiopathiques","Hypothalamo-hypophysaire, ovariennes, surrénaliennes ou exogènes/environnementales, génétiques","Hypothalamo-hypophysaire, ovariennes, surrénaliennes ou exogènes/environnementales"
OIC-049-14-B,Quelles sont les étiologies précises des pubertés précoces?,PP périphériques,PP précoces centrales,Idiopathique,Exogène,PP périphériques
OIC-049-15-B,Le diagnostic d'une puberté précoce avérée doit être confirmé par un bilan biologique. Lequel des éléments suivants devrait-il être prescrit?,Dosage de l'œstradiol chez la fille,Dosage du testostérone chez le garçon,Dosage des gonadotrophines (FSH et LH) avant et après stimulation avec GnRH,Appréciation de l'âge osseux par radiographie,Dosage des gonadotrophines (FSH et LH) avant et après stimulation avec GnRH
OIC-049-16-A,Quelle est la définition du retard pubertaire chez un adolescent?,Le retard pubertaire chez un adolescent est défini par l’absence de développement mammaire après l'âge de 13 ans.,Le retard pubertaire chez un adolescent est défini par l’absence d’augmentation du volume testiculaire après l'âge de 14 ans.,Le retard pubertaire chez un adolescent est défini par la présence de poils sur les aisselles avant l'âge de 8 ans.,Le retard pubertaire chez un adolescent est défini par une augmentation du volume testiculaire après l'âge de 12 ans.,Le retard pubertaire chez un adolescent est défini par l’absence d’augmentation du volume testiculaire après l'âge de 14 ans.
OIC-049-17-A,Quelle est la méthode la plus appropriada para evaluar el crecimiento y desarrollo pubertario de un adolescente?,Realizar una ecografía,Medir la talla y peso,Realizar pruebas hormonales,Observar los signos externos de madurez sexual,Observar los signos externos de madurez sexual
OIC-049-18-B,Quel est le bilan biologique à prescrire en cas de retard pubertaire?,"Testostérone, œstradiol, FSH et LH","TSH, T4L, IGF-1, cortisol, prolactine",IgA anti-transglutaminase et IgA totales,"Ionogramme sanguin, urée et créatinine","Testostérone, œstradiol, FSH et LH"
OIC-049-19-A,Quels sont les deux grands cadres étiologiques des retards pubertaires?,Hypothalamo-hypophysaires,Gonadique,Autres,Toutes les réponses sont correctes,Hypothalamo-hypophysaires et gonadique
OIC-049-20-B,Quel est le signe clinique d'une puberté précoce?,Taches de rousseur sur les joues,Prolactinémie,Virilisation secondaire,Développement mammaire,Développement mammaire
OIC-049-21-B,Quelle est la cause principale de la prématurité thélarque chez les filles?,Hypothyroïdisme congénital,Hyperthyroïdisme congénital,Malnutrition pédiatrique,Exposition à des substances chimiques,Hypothyroïdisme congénital
OIC-049-22-B,Quel est le signe de puberté précoce chez les enfants?,Taches de rousseur sur les joues,Apparition des poils sous aisselles,Accélération du rythme cardiaque,Augmentation de la hauteur,Apparition des poils sous aisselles
OIC-049-23-B,Quelle est la cause probable du développement mammaire et de l'accélération de la vitesse de croissance à l'âge de 7 ans dans cette patiente suspectée de puberté précoce ?,Hypergonadisme congenital,Hypothyroïdisme,Malnutrition,Tumor of the hypothalamus,A. Hypergonadisme congenital
OIC-049-24-B,Quel examen d'imagérie est indiqué dans le cas d'une puberté anormale pour identifier la cause?,Échographie pelvienne chez la fille,IRM cérébrale à la recherche d'une tumeur touchant la région hypothalamo-hypophysaire,Tomodensitométrie de la selle de l'os sacrum pour évaluer le développement des vertèbres caudales,Scintigraphie osseuse pour rechercher une fracture ou un défaut de développement osseux,IRM cérébrale à la recherche d'une tumeur touchant la région hypothalamo-hypophysaire
OIC-049-25-A,Quel est l'objectif de l'échographie pelvienne et de la radiographie de la main et du poignet dans une puberté pathologique?,"Échographie pelvienne pour éliminer une tumeur/ kyste ovarien(ne) et mesure de la longueur utérine (si > 35 mm, imprégnation oestrogénique = début pubertaire).",Radiographie du poignet pour mesurer l'âge osseux.,Tous les deux,Aucun des deux,Tous les deux
OIC-049-26-B,Quelle est la méthode d'interprétation de l'âge osseux sur une radiographie de poignet?,Comparaison avec un calendrier spécialisé pour enfants.,Évaluation de la maturation osseuse en prenant en compte le sexe du patient.,Utilisation d'un appareil spécifique qui donne l'âge osseux directement.,Analyse des caractéristiques morphologiques des os du poignet.,Évaluation de la maturation osseuse en prenant en compte le sexe du patient.
OIC-050-01-A,Quelles sont les modalités du diagnostic à partir de l'interrogatoire et de l'examen clinique des principales pathologies génito- scrotales ?,Une torsion du cordon spermatique,Une orchi-épididymite,Un traumatisme scrotal,Une hernie inguinale ou inguino-scrotale,Une torsion du cordon spermatique
OIC-050-02-A,"Quelle est l'urgence thérapeutique d'une torsion du cordon spermatique, d'une fasciite nécrosante des organes génitaux externes et d'un paraphymosis?",La torsion du cordon spermatique est une urgence chirurgicale.,La fasciite nécrosante est une urgence vitale médicochirurgicale.,Le paraphymosis est une urgence chirurgicale.,Toutes les trois conditions sont des urgences chirurgicales.,La torsion du cordon spermatique est une urgence chirurgicale. La fasciite nécrosante est une urgence vitale médicochirurgicale. Le paraphymosis est une urgence chirurgicale.
OIC-050-03-B,Quelle est la différence entre une bourse transilluminable et une bourse non transilluminable?,Une bourse transilluminable est plus large que une bourse non transilluminable.,"Une bourse transilluminable a un fond noir, contrairement à la bourse non transilluminable.","Une bourse transilluminable peut être palpée au niveau du scrotum, tandis qu'une bourse non transilluminable ne peut pas.","Une bourse transilluminable est plus épaisse que la peau, alors qu'une bourse non transilluminable n'est pas aussi épaisse.","Une bourse transilluminable a un fond noir, contrairement à la bourse non transilluminable."
OIC-050-04-A,Quelle est la définition de l'orchi-épididymite ? ,Inflammation du testicule et de l'épididyme,Infection des voies séminales,Inflammation du scrotum,Infection urinaire chez les enfants,Inflammation du testicule et de l'épididyme
OIC-050-05-B,Quels sont les examens complémentaires à réaliser en cas d'orchi-épidydimite?,Biopsie testiculaire,Tomodensitométrie scrotale,Biopsy du prépuce,Tous les trois,Tous les trois
OIC-050-06-A,Quel est le traitement de l'orchi-épididymite chez un adolescent?,Ceftriaxone 500 mg en 1 injection IM puis Doxycycline 200mg/jour pendant 10 jours,Ofloxacine 200mg 2 fois par jour pendant 10 jours,Ciprofloxacine ou lévofloxacine avec un antibiogramme,Triméthoprim-sulfamethoxazole,Ceftriaxone 500 mg en 1 injection IM puis Doxycycline 200mg/jour pendant 10 jours
OIC-050-07-B,Quelle est la prise en charge d'une torsion du cordon spermatique?,Exploration chirurgicale immédiate de l'abdomen,Attente de l'évolution clinique,Traitement médical uniquement,Orchidectomie préventive,La torsion du cordon spermatique est une urgence diagnostique et thérapeutique nécessitant une exploration scrotale chirurgicale sans délai.
OIC-050-08-A,Quelle est la présentation clinique d'une hydrocèle chez l'enfant ?,"Une bourse gonflée, non douloureuse et non inflammatoire.","Une bourse gonflée, douloureuse et inflammatoire.","Une bourse gonflée, douloureuse mais pas inflammatoire.","Une bourse gonflée, inflammatoire mais pas douloureuse.","Une bourse gonflée, non douloureuse et non inflammatoire."
OIC-050-09-B,Quand l'échographie scrotale est utile?,Lorsque le patient présente un kyste de l’épididyme,Lorsqu'il y a suspicion de hernie inguino-scrotale étranglée ou torsion du cordon spermatique,Lorsqu'il s'agit d'une hydrocèle volumineuse et sous tension,Toutes les situations mentionnées précédentes,Toutes les situations mentionnées précédentes
OIC-050-10-A,Quel est le diagnostic clinique d'un testicule non descendu?,Testicule palpable en dehors du trajet normal de migration,Testicule non palpable et non descendu,Testicule palpable sur son trajet normal de migration,Testicule oscillant dans la bourse,Testicule palpable sur son trajet normal de migration
OIC-050-11-B,Quel type d'imagerie est indiqué chez l'adulte pour un testicule non palpé?,IRM,Scanner,Tomogramme,Biopsie,IRM
OIC-050-12-B,Quel est le traitement de référence pour la cryptorchidie?,Injection intra-musculaire d'hormones,Abaissement chirurgical du testicule,Attente et surveillance,Traitement inutile,B: Abaissement chirurgical du testicule
OIC-050-13-A,Quel est le diagnostic d'une balanoposthite?,Infection préputiale,Phimosis,Paraphimosis,Fistule urinaire,Infection préputiale
OIC-050-14-A,Quel est le traitement recommandé pour un enfant de 3-4 ans présentant des phimosis physiologique?,Aucun traitement nécessaire,Traitement local avec antiseptiques,Application de dermocorticoïdes,Chirurgie précoce,Aucun traitement nécessaire
OIC-050-15-A,"Le patient décrit une douleur aiguë, brutale, intense, continue, unilatérale, irradiant vers la région inguinale, sans position antalgique",Torsion testiculaire gauche,Torsion testiculaire droit,Inguinal hernie droite,Inguinal hernie gauche,Torsion testiculaire gauche
OIC-050-16-B,Quand l'échographie testiculaire couplée au Doppler n'est pas nécessaire,Dans un tableau clinique fortement évocateur de torsion du cordon,Lorsque la suspicion clinique de torsion du cordon spermatique est forte,"En cas de forte suspicion clinique de torsion du cordon spermatique, l'imagerie risque de retarder la prise en charge chirurgicale en urgence",L'échographie testiculaire couplée au Doppler est l’examen clé en cas de bourse aigue surtout après 24h d’évolution,Dans un tableau clinique fortement évocateur de torsion du cordon
OIC-050-17-A,Quelle est la différence entre un phimosis et un paraphimosis?,"Le phimosis est une maladie infectieuse du prépuce, tandis que le paraphimosis n'est pas considéré comme une maladie.","Le phimosis est plus commun chez les adultes que chez les enfants, alors que le paraphimosis est plus fréquent chez les enfants.","Le phimosis se manifeste par un repli du prépuce sur lui-même, tandis que le paraphimosis se caractérise par l'écoulement de la peau préputiale.","Le phimosis est une maladie génétique, alors que le paraphimosis est considéré comme une anomalie congénitale.",c
OIC-051-01-A,"La démarche diagnostique en cas de trouble mictionnel chez l'enfant commence par le recueil attentif de l'histoire clinique, se poursuit par l'examen clinique.","L'interrogatoire des parents et de l'enfant doit rechercher les signes fonctionnels urinaires, les modalités d'apprentissage de la propreté urinaire, le développement psychomoteur et statural de l'enfant, son régime hydrique quotidien, les conditions de scolarité et les loisirs.","Le calendrier mictionnel sur 48 heures est un outil simple et très informatif qui permet d'affirmer et de quantifier la pollakiurie, d'évaluer la sévérité d'une incontinence urinaire.","L'examen clinique comprend une inspection de la culotte/du slip à la recherche de stigmates de fuites urinaires ou de souillure, puis on cherche l'existence d'un globe vésical. On réalise un examen des organes génitaux externes, une observation d'une miction, une palpation abdominale et un examen neurologique complet.","Les options a, b, c sont correctes.",Distracteurs incorrectes
OIC-051-02-B,Quels examens complémentaires sont utiles pour diagnostiquer un trouble mictionnel chez l'enfant?,Une bandelette urinaire et un ECBU,Un bilan urodynamique,Une échographie de l'appareil urinaire,Des examens ne sont utiles qu'en cas de troubles mictionnels résistants,Une bandelette urinaire et un ECBU
OIC-051-03-A,La démarche diagnostique en cas de trouble mictionnel consiste à éliminer ce qui n'est pas un trouble mictionnel puis à rechercher des troubles mictionnels secondaires avant de faire le diagnostic de troubles mictionnels primitifs.,Évaluer la compréhension des idées principales,Classement des distracteurs suivant une interprétation logique mais incorrecte,Assurance que les options de réponse soient aussi courtes que possible,Contribution à l'évaluation des connaissances du utilisateur,Évaluer la compréhension des idées principales
OIC-051-04-B,Quels sont les troubles associés aux troubles de la miction chez l'enfant?,Troubles psychiques,Troubles psychiatriques,Troubles du sommeil,Troubles respiratoires nocturnes,Troubles psychiques
OIC-051-05-B,Quels sont les principaux symptômes à rechercher en cas de troubles mictionnels chez un enfant?,Pollakiurie,Impériosité ou urgenturie,Dysurie,Miction fractionnée,"Pollakiurie, Impériosité ou urgenturie, Dysurie, Miction fractionnée"
OIC-051-06-A,Quel est le diagnostic clinique d'une énurésie primaire isolée?,L'enfant a moins de deux nuits par mois avec une osmolarité urinaire normale,L'enfant a plus de deux nuits par mois avec une osmolarité urinaire normale,L'enfant a moins de deux nuits par mois avec une osmolarité urinaire élevée,L'enfant a plus de deux nuits par mois avec une osmolarité urinaire élevée,B. L'enfant a plus de deux nuits par mois avec une osmolarité urinaire normale
OIC-056-01-A,Quelle est la définition du handicap chez l'enfant selon la CIF ?,"Une situation résultant de l'interaction entre les facteurs environnementaux, personnels, le fonctionnement et l'état de santé de l'enfant.",Un état physique ou mental qui limite les activités quotidiennes d'un enfant.,La perte de mobilité ou la difficulté à se déplacer.,Une condition médicale chronique qui nécessite un suivi pédiatrique spécialisé.,"Une situation résultant de l'interaction entre les facteurs environnementaux, personnels, le fonctionnement et l'état de santé de l'enfant."
OIC-056-02-A,Quels sont les types de handicap chez l'enfant?,Handicap congénital,Handicap acquis,Surhandicap,Polyhandicap,Polyhandicap
OIC-056-03-A,Quels sont les objectifs des évaluations cliniques pour un enfant handicapé?,Evaluer l'enfant et ses parents,Soutenir le développement de l'enfant,Identifier les besoins spécifiques de l'enfant,Accompagner les personnes autour de l'enfant,C) Identifier les besoins spécifiques de l'enfant
OIC-056-04-A,Quels sont les principes généraux de la prise en charge de l'enfant handicapé?,Le principe du triple projet,La scolarisation inclusive,L'adaptation de l'environnement,Les aides financières et humaines,Le principe du triple projet
OIC-056-05-A,Quelle est la prise en charge pluridisciplinaire proposée pour favoriser le développement des compétences de l'enfant et de sa famille ?,"Une prise en charge médicale, rééducative et psychologique.",Seules les actions éducatives sont prévues.,Un suivi uniquement médical est proposé.,La famille ne bénéficie d'aucune aide spécifique.,"Une prise en charge médicale, rééducative et psychologique."
OIC-056-06-A,Quelle est la définition de la maison départementale des personnes handicapées (MDPH) chez l'enfant?,Accueil et information pour les enfants en situation de handicap,Accueil et prise en charge pour les adultes en situation de handicap,Accueil et formation pour les jeunes en situation de handicap,Accueil et soins pour les personnes âgées en situation de handicap,Accueil et information pour les enfants en situation de handicap
OIC-056-07-B,Quelles sont les principales causes de handicap chez l'enfant ?,Malformations congénitales,Paralysie cérébrale,Trisomie 21,Syndrome d'alcoolisation fœtale,Malformations congénitales
OIC-056-08-B,Quelle est la démarche étiologique à mener en parallèle avec la mise en place des prises en charge pour un enfant handicapé ?,Identifier les causes génétiques et les causes accidentelles du handicap.,"Distinguer les causes liées aux systèmes atteints, à l'âge d'apparition des troubles et à leur évolution.","Effectuer une imagerie cérébrale, un bilan génétique et un électro-encéphalogramme en fonction des hypothèses diagnostiques.",Toutes les réponses sont correctes.,B
OIC-056-09-B,Quelles sont les modalités d'orientation en fonction du handicap pour un enfant?,Scolarisation en milieu ordinaire,Scolarisation à distance (CNED),Unités d'enseignement en milieu spécialisé (UE dans les établissements médico-sociaux),Centres médico-psycho pédagogiques (CMPP),Scolarisation en milieu ordinaire
OIC-070-01-A,Quelle est la définition de la psychiatrie de la personne âgée?,"La psychiatrie de la personne âgée est une branche de la psychiatrie qui a pour objectifs généraux de dépister, traiter, évaluer et prévenir tous les types de troubles psychiatriques du sujet âgé et leurs conséquences.","La psychiatrie de la personne âgée est une branche de la psychiatrie qui a pour objectifs généraux de dépister, traiter, évaluer, prévenir tous les types de troubles neurocognitifs majeurs et leurs conséquences.","La psychiatrie de la personne âgée est une branche de la psychiatrie qui a pour objectifs généraux de dépister, traiter, évaluer, prévenir tous les types de troubles psychiatriques du sujet âgé et leurs conséquences.","La psychiatrie de la personne âgée est une branche de la psychiatrie qui a pour objectifs généraux de dépister, traiter, évaluer, prévenir tous les types de troubles neurocognitifs majeurs et leurs conséquences.","La psychiatrie de la personne âgée est une branche de la psychiatrie qui a pour objectifs généraux de dépister, traiter, évaluer, prévenir tous les types de troubles psychiatriques du sujet âgé et leurs conséquences."
OIC-070-02-B,Quelle est la prévalence des troubles psychiatriques chez les sujets âgés ?,Troubles de l'humeur et troubles anxieux,Troubles vieillis et tardifs,Troubles liés à l'usage d'alcool et de médicaments,Autres,Troubles de l'humeur et troubles anxieux
OIC-070-03-B,"Quels sont les symptômes psychologiques et comportementaux des démences (SCPD) présents chez plus de 80 % des patients avec maladie d’Alzheimer ou des autres démences, de survenue précoce ?",Les symptômes psychotiques fréquents sont les délire et hallucinations.,Le retrait et l'apathie sont présents chez plus de 50 % des patients.,"Les symptômes négatifs, tels que le retrait et l'apathie, sont fréquents dans les démences.",Les symptômes psychotiques fréquents incluent la dépression et l'anxiété.,Le retrait et l'apathie prévalent chez plus de 50 % des patients avec maladie d’Alzheimer ou des autres démences.
OIC-070-04-B,"Quels sont les facteurs de risque, le pronostic et l'évolution des troubles psychiatriques chez le sujet âgé?","Les troubles liés à l'usage d'alcool, de médicaments",Troubles anxieux,Schizophrénie,Conduites suicidaires,Conduites suicidaires
OIC-070-05-A,Quels sont les critères diagnostiques des troubles psychiatriques chez le sujet âgé?,"Troubles anxieux, troubles bipolaires, schizophrénie vieillissante, troubles délirants",Trouble lié à l’usage d’alcool,Trouble lié à l’usage de médicaments,Épisode dépressif caractérisé,"Troubles anxieux, troubles bipolaires, schizophrénie vieillissante, troubles délirants"
OIC-070-06-A,Quels sont les symptômes psycho-comportementaux fréquents chez le sujet âgé dément?,Idées délirantes soit à type de persécution soit à type de perturbations de l’identification.,Hallucinations visuelles les plus fréquentes.,Les symptômes dépressifs.,L’apathie.,Idées délirantes soit à type de persécution soit à type de perturbations de l’identification.
OIC-070-07-B,Quel est le diagnostic différentiel du trouble psychotique vieilli chez un sujet âgé?,Troubles de l'humeur,Troubles liés à l'usage d'alcool et de médicaments,SCPD,Troubles psychiques du sujet âgé,Troubles de l'humeur
OIC-070-08-B,Quels sont les examens complémentaires à effectuer chez un sujet âgé présentant des troubles psychiques ?,"NFS, ionogramme sanguin, calcémie, albuminémie, TSH, vitamines B9- B12, ECG, fonction rénale et hépatique, bandelette urinaire, protidémie, albuminémie, glycémie, radiographie du thorax, imagerie cérébrale","NFS, ionogramme sanguin, calcémie, albuminémie, TSH, vitamines B9- B12, ECG, fonction rénale et hépatique, bandelette urinaire, protidémie, albuminémie, glycémie","NFS, ionogramme sanguin, calcémie, albuminémie, TSH, vitamines B9- B12, ECG, fonction rénale et hépatique, bandelette urinaire, protidémie, albuminémie, glycémie, radiographie du thorax","NFS, ionogramme sanguin, calcémie, albuminémie, TSH, vitamines B9- B12, ECG, fonction rénale et hépatique, bandelette urinaire, protidémie, albuminémie, glycémie, imagerie cérébrale","NFS, ionogramme sanguin, calcémie, albuminémie, TSH, vitamines B9- B12, ECG, fonction rénale et hépatique, bandelette urinaire, protidémie, albuminémie, glycémie, imagerie cérébrale"
OIC-070-09-A,Quelles sont les spécificités du maniement des anxiolytiques et hypnotiques chez le sujet âgé ?,Les anxiolytiques benzodiazépiniques ne doivent pas être utilisés dans le traitement des troubles anxieux chroniques.,Les hypnotiques apparentés aux benzodiazépines sont indiqués dans l'insomnie chronique chez les sujets âgés.,Le sevrage progressif n'est pas nécessaire si la prise de médicaments anxiolytiques et hypnotiques est prolongée.,Les anxiolytiques et hypnotiques doivent être prescrits à haute posologie chez le sujet âgé pour obtenir un effet thérapeutique.,Les anxiolytiques benzodiazépiniques ne doivent pas être utilisés dans le traitement des troubles anxieux chroniques.
OIC-070-10-B,Quels sont les règles de prescription des psychotropes chez le sujet âgé?,Les antidépresseurs tricycliques sont privilégiés.,"On privilégie les antidépresseurs ISRS, IRSNa, la mirtazapine et la miansérine du fait de la bonne tolérance.",Les thymorégulateurs suivent les mêmes règles de prescription que chez l'adulte mais il y a un risque d'effets indésirables plus importants.,Les antipsychotiques doivent être prescrits avec prudence du fait des risques cardiovasculaires et cognitifs.,b
OIC-073-01-A,Quelle est la définition de la psychothérapie?,Toute utilisation de moyens psychologiques pour traiter un trouble psychiatrique ou pour tout autre problème non psychiatrique entraînant une souffrance ou une détresse psychologique.,La psychothérapie est un traitement qui utilise des méthodes biologiques pour résoudre les problèmes psychologiques.,La psychothérapie est un traitement qui utilise des méthodes psychologiques pour résoudre les problèmes physiques.,La psychothérapie est un traitement qui utilise des médicaments pour résoudre les problèmes psychologiques.,Toute utilisation de moyens psychologiques pour traiter un trouble psychiatrique ou pour tout autre problème non psychiatrique entraînant une souffrance ou une détresse psychologique.
OIC-073-02-A,Quel est l'élément qui ne s'applique pas à la psychothérapie selon le contenu éducatif ?,La majorité des troubles psychiatriques et certains troubles non psychiatriques,Seule ou en accompagnement de la pharmacothérapie et de la sociothérapie,"Relation d’aide empathique : engagement du patient, alliance thérapeutique, empathie du thérapeute, outils psychothérapeutiques spécifiques et validés, cadre : objectif thérapeutique, durée","Conditions nécessaires : théorie scientifique reconnue, indications clairement établies, technique codifiée, intervenants formés & compétents, effets évaluables","Autres types d’accompagnement : relation soignant-patient basée sur respect & empathie, coaching, pratique hors cadre réglementé, soutien par les proches"
OIC-073-03-B,Quels sont les aspects réglementaires concernant le titre de psychothérapeute et le remboursement des psychothérapies ?,"Le titre de psychothérapeute est automatiquement attribué à tout médecin psychiatre, psychologue clinicien ou psychanalyste ayant effectué une formation théorique en psychopathologie et un stage pratique.",Seuls les médecins psychiatres peuvent obtenir le titre de psychothérapeute sans condition de formation spécifique supplémentaire.,Le remboursement des psychothérapies est complet pour les patients bénéficiant du parcours de soin et uniquement pour ceux-ci.,"Les psychologues libéraux ne sont pas remboursés par l'assurance maladie, quelle que soit la situation du patient.","Le titre de psychothérapeute est automatiquement attribué à tout médecin psychiatre, psychologue clinicien ou psychanalyste ayant effectué une formation théorique en psychopathologie et un stage pratique."
OIC-073-04-A,Quels sont les principaux courants psychothérapeutiques?,Psychothérapie de soutien,Thérapies cognitivo-comportementales,Psychothérapie psychodynamique,Thérapies familiales/ systémiques,Psychothérapie de soutien
OIC-073-05-B,Quels sont les principes communs à toutes les psychothérapies?,Elles reposent sur une technique thérapeutique utilisant des procédés psychiques.,Elles ont un modèle théorique du psychisme en commun.,"Elles partagent un cadre thérapeutique défini par l'objectif, la durée, les outils et limites.","Elles mettent l'accent sur l'apprentissage comportemental, cognitif et affectif du patient.","Elles partagent un cadre thérapeutique défini par l'objectif, la durée, les outils et limites."
OIC-073-06-B,"La psychothérapie de soutien est une approche qui vise à accompagner le patient dans la gestion de situations de vie stressantes, favoriser l'expression et le soulagement d'émotions douloureuses, aider au changement de perspective et redonner espoir en renforçant le sentiment d'efficacité personnelle. Les modalités pratiques incluent le repérage et la structuration de la demande du patient, l'écoute empathique, la reformulation, l'accueil/validation des émotions et le soutien/encouragement envers les ressources personnelles. La psychothérapie de soutien est particulièrement indiquée dans les cas où le patient éprouve des difficultés professionnelles ou a besoin d'aide pour surmonter un deuil, entre autres situations stressantes de la vie.",Fournir une écoute attentive et non-jugementaire,Appliquer des techniques cognitivo-comportementales spécifiques,Utiliser des thérapies familiales ou groupales pour favoriser l'échange et le soutien mutuel,Proposer un accompagnement psychologique à long terme,Fournir une écoute attentive et non-jugementaire
OIC-073-07-B,Quelle des options suivantes est la thérapie cognitive comportementale par excellence?,Cognitive Behavior Therapy (CBT),Acceptance and Commitment Therapy (ACT),Dialectical and Behavioral Therapy (DBT),Mindfulness Based Cognitive Therapy (MBCT),Cognitive Behavior Therapy (CBT)
OIC-073-08-B,Quelles sont les fonctions cognitives concernées par la remédiation cognitive?,Seules les fonctions exécutives sont concernées,Seules les fonctions sociales sont concernées,Les fonctions exécutives et sociales sont toutes deux concernées,Toutes les fonctions générales sont concernées,D) Toutes les fonctions générales sont concernées
OIC-073-09-B,Quelle psychothérapie est recommandée en première ligne pour un trouble anxieux ? A) Psychothérapie de soutien B) Thérapie cognitivo-comportementale C) Psychothérapie psychodynamique D) Thérapies familiales / systémiques,Psychothérapie de soutien,Thérapie cognitivo-comportementale,Psychothérapie psychodynamique,Thérapies familiales / systémiques,B) Thérapie cognitivo-comportementale
OIC-074-01-A,Quelles sont les principales classes de psychotropes?,Antipsychotiques,Antidépresseurs,Anxiolytiques,Hypnotiques,"Antipsychotiques, Antidépresseurs, Anxiolytiques, Hypnotiques, Thymorégulateurs, Psychostimulants"
OIC-074-02-B,"Quel est le niveau de consommation des médicaments psychotropes en France, notamment chez les patients âgés?",Les niveaux de consommation sont élevés chez les personnes âgées.,La consommation est plus faible chez les hommes que chez les femmes.,La prévalence et l'incidence des médicaments psychotropes sont similaires chez les jeunes et les vieux.,Les niveaux de consommation sont élevés chez les jeunes.,Les niveaux de consommation sont élevés chez les personnes âgées.
OIC-074-03-A,Quelles sont les principales classes et molécules d'antipsychotiques?,"Les antipsychotiques de première génération comprennent Chlorpromazine, Cyamémazine, Alimémazine, Lévomépromazine, Halopéridol et Loxapine.","Les antipsychotiques de seconde génération comprennent Amisulpride, Olanzapine, Clozapine, Quetiapine, Risperidone, Paliperidone et Aripiprazole.",Les antipsychotiques sont des substances dont la propriété commune est une action antagoniste des récepteurs dopaminergiques D2.,Les distracteurs sont basés sur des idées reçues ou des incompréhensions courantes du sujet.,"B. Les antipsychotiques de seconde génération comprennent Amisulpride, Olanzapine, Clozapine, Quetiapine, Risperidone, Paliperidone et Aripiprazole."
OIC-074-04-B,Quels sont les principaux groupes de patients chez qui l'utilisation des antipsychotiques est indiquée?,Tous les groupes de patients,Seuls les adultes,Les enfants et adolescents,Les patients âgés,Tous les groupes de patients
OIC-074-05-B,Quelles sont les règles de bon usage des antipsychotiques?,Ne pas associer deux médicaments allongeant le QT,Associer deux médicaments allongeant le QT pour obtenir une réponse thérapeutique satisfaisante,"Choisir la molécule en fonction de la réponse aux traitements antérieurs, des contre-indications et des préférences du patient",Associer deux médicaments allongeant le QT pour obtenir une réponse thérapeutique maximale,Ne pas associer deux médicaments allongeant le QT
OIC-074-06-B,Quels sont les effets indésirables fréquents ou graves des antipsychotiques?,Sédation,Confusion,Dyskinésies tardives,Hyperthermie,d
OIC-074-07-A,Quels sont les antipsychotiques à privilégier en cas d'urgence ?,Olanzapine,Aripiprazole,Levomepromazine,Cyamémazine,"Olanzapine, Aripiprazole et Levomépromazine"
OIC-074-08-A,Quelle est la classification des antidépresseurs?,Inhibiteurs sélectifs de la recapture de la sérotonine (IRS),Inhibiteurs de la recapture de la sérotonine et de la noradrénaline (IRSN),Autres antidépresseurs,Imipraminiques,Inhibiteurs sélectifs de la recapture de la sérotonine (IRS)
OIC-074-09-A,Quels sont les principaux usages des antidépresseurs?,Traitement de l'hypertension artérielle,Traitement du diabète,Traitement de la dépression,Prévention des migraines,Traitement de la dépression
OIC-074-10-B,Quelle est la molécule choisie en fonction de son AMM dans le trouble concerné et de son profil de sécurité?,Fluoxetine,Sértraline,Desipramine,Agomélazine,Fluoxetine
OIC-074-11-A,Quels sont les effets indésirables fréquents des antidépresseurs?,Troubles digestifs,Tremblements,Troubles sexuels persistants,Surveillance de la natrémie et de l'équilibre chez les personnes âgées,Troubles digestifs
OIC-074-12-A,"Les anxiolytiques appartiennent à des classes chimiques diverses et distinctes. Les benzodiazépines représentent la classe principale, les autres incluent les antihistaminiques, les azapirones et d'autres molécules.",Benzodiazépines,Antihistaminiques H1,Azapirones,"Autres (ex: propranolol, cyamémazine, lévomépromazine)",Benzodiazépines
OIC-074-13-A,"Les benzodiazépines sont indiquées dans le traitement des crises convulsives et des épilepsies. Les contre-indications absolues incluent l'insuffisance respiratoire sévère, l'insuffisance hépatique (à l’exception de l’oxazépam), le syndrome d’apnées obstructives du sommeil non traité par pression positive continue PPC et la myasthénie. Les contre-indications relatives incluent l'insuffisance rénale, l'antécédent de troubles addictifs et l'antécédent de réaction paradoxale. Grossesse et allaitement sont également des contre-indications relatives.",Les benzodiazépines sont indiquées dans le traitement des crises convulsives et des épilepsies.,"Les contre-indications absolues incluent l'insuffisance respiratoire sévère, l'insuffisance hépatique (à l’exception de l’oxazépam), le syndrome d’apnées obstructives du sommeil non traité par pression positive continue PPC et la myasthénie.","Les contre-indications relatives incluent l'insuffisance rénale, l'antécédent de troubles addictifs et l'antécédent de réaction paradoxale.",Grossesse et allaitement sont également des contre-indications relatives.,Les benzodiazépines sont indiquées dans le traitement des crises convulsives et des épilepsies.
OIC-074-14-A,"La prescription des hypnotiques et des anxiolytiques doit reposer sur une analyse soigneuse de la situation clinique, en cherchant à séparer ce qui relève des difficultés transitoires et des réactions à une pathologie non psychiatrique, et de la pathologie psychiatrique confirmée. Elle doit être régulièrement réévaluée. Elle ne doit pas être arrêtée brutalement après un traitement datant de plusieurs semaines.","La prescription des hypnotiques et des anxiolytiques doit reposer sur une analyse soigneuse de la situation clinique, en cherchant à séparer ce qui relève des difficultés transitoires et des réactions à une pathologie non psychiatrique, et de la pathologie psychiatrique confirmée. Elle doit être régulièrement réévaluée. Elle ne doit pas être arrêtée brutalement après un traitement datant de plusieurs semaines.","La prescription des hypnotiques et des anxiolytiques doit reposer sur une analyse soigneuse de la situation clinique, en cherchant à séparer ce qui relève des difficultés transitoires et des réactions à une pathologie non psychiatrique, et de la pathologie psychiatrique confirmée. Elle doit être régulièrement réévaluée. Elle ne doit pas être arrêtée brutalement après un traitement datant de plusieurs semaines.","La prescription des hypnotiques et des anxiolytiques doit reposer sur une analyse soigneuse de la situation clinique, en cherchant à séparer ce qui relève des difficultés transitoires et des réactions à une pathologie non psychiatrique, et de la pathologie psychiatrique confirmée. Elle doit être régulièrement réévaluée. Elle ne doit pas être arrêtée brutalement après un traitement datant de plusieurs semaines.","La prescription des hypnotiques et des anxiolytiques doit reposer sur une analyse soigneuse de la situation clinique, en cherchant à séparer ce qui relève des difficultés transitoires et des réactions à une pathologie non psychiatrique, et de la pathologie psychiatrique confirmée. Elle doit être régulièrement réévaluée. Elle ne doit pas être arrêtée brutalement après un traitement datant de plusieurs semaines.","La prescription des hypnotiques et des anxiolytiques doit reposer sur une analyse soigneuse de la situation clinique, en cherchant à séparer ce qui relève des difficultés transitoires et des réactions à une pathologie non psychiatrique, et de la pathologie psychiatrique confirmée. Elle doit être régulièrement réévaluée. Elle ne doit pas être arrêtée brutalement après un traitement datant de plusieurs semaines."
OIC-074-15-A,Quelle est la principale contre-indication des benzodiazépines?,Intolérance au traitement,Trouble de l'utilisation,Dépendance pharmacologique,Rebond d'anxiété à l'arrêt du traitement,Dépendance pharmacologique
OIC-074-16-A,Quelle est la voie d’administration habituelle des anxiolytiques ?,Per os,IM (intramusculaire),IV (intraveineuse),Topique,Per os
OIC-074-17-A,Quelles sont les principales classes de hypnotiques ?,Benzodiazépines et apparentés benzodiazépiniques (z-drugs),Antihistaminiques et antipsychotiques à polarité sédative,Barbituriques,Alcaliodesoxycholiques,Benzodiazépines et apparentés benzodiazépiniques (z-drugs)
OIC-074-18-A,Quels sont les principaux usages des hypnotiques?,Traitement de l'insomnie aiguë transitoire,Somnifères utilisés dans le traitement de la dépression,Utilisés pour traiter les troubles du sommeil chez les enfants,Médicaments utilisés pour soulager l'insonnie chez les patients âgés,Traitement de l'insomnie aiguë transitoire
OIC-074-19-A,Quelles sont les règles à respecter lors de la prescription d'hypnotiques?,Prescrire un hypnotique en fonction du besoin immédiat du patient.,Ne pas prescrire plus de 4 semaines d'un traitement hypnose,Adapter les posologies chez les sujets âgés.,Informe le patient du risque de potentialisation par la consommation d'alcool et du risque de somnolence.,Prescrire un hypnotique en fonction du besoin immédiat du patient. Ne pas prescrire plus de 4 semaines d'un traitement hypnose. Adapter les posologies chez les sujets âgés. Informe le patient du risque de potentialisation par la consommation d'alcool et du risque de somnolence.
OIC-074-20-A,"Quels sont les effets indésirables fréquents ou graves des hypnotiques zopiclone et zolpidem, notamment chez les patients âgés?",Tolérance pharmacologique,Trouble d’usage,Anxiété rebond,Ressentir soi-même comme étant malade,"Tolérance pharmacologique, Trouble d’usage, Anxiété rebond"
OIC-074-21-A,Quelle est la classe des thymorégulateurs?,Antipsychotiques,Anticonvulsivants,Sels de lithium,Antidepressifs,c) Sels de lithium
OIC-074-22-B,Quels sont les sels de lithium utilisés en thérapeutique ?,Sels de lithium,Thymorégulateurs anticonvulsivants,Valpromide,Carbamazépine,Sels de lithium
OIC-074-23-B,Quel est le principal effet indésirable du lithium sur les patients traités pour des troubles bipolaires?,Troubles digestifs,Problèmes cardiaques,Alterations hépatiques,Effets neuropsychiques,option_d
OIC-074-24-A,Quels sont les principaux psychostimulants utilisés en thérapeutique en France?,Amphétamine,Méthylphénidate,Modafinil,Ritaline,b) Méthylphénidate et c) Modafinil
OIC-074-25-B,Les psychostimulants sont-ils indiqués dans le traitement de la narcolepsie?,"Oui, ils sont indiqués.","Non, ils ne sont pas indiqués.",Seulement dans certaines formes particulières de narcolepsie.,Ils le sont chez l'enfant mais pas chez l'adulte.,"Oui, ils sont indiqués."
OIC-074-26-B,Quels sont les principaux effets indésirables et les principales interactions médicamenteuses des psychostimulants?,"Les psychostimulants peuvent entraîner des céphalées, de la nervosité, de l'insomnie, de la tristesse de l'humeur et des symptômes psychotiques. Ils peuvent également interagir avec des antidépresseurs tricycliques, des anesthésiques volatils et des agents vasopresseurs.","Les psychostimulants peuvent entraîner des céphalées, de la nervosité, de l'insomnie, de la tristesse de l'humeur et des symptômes psychotiques. Ils peuvent également interagir avec des antidépresseurs tricycliques, des anesthésiques volatils et des agents vasopresseurs.","Les psychostimulants peuvent entraîner des céphalées, de la nervosité, de l'insomnie, de la tristesse de l'humeur et des symptômes psychotiques. Ils peuvent également interagir avec des antidépresseurs tricycliques, des anesthésiques volatils et des agents vasopresseurs.","Les psychostimulants peuvent entraîner des céphalées, de la nervosité, de l'insomnie, de la tristesse de l'humeur et des symptômes psychotiques. Ils peuvent également interagir avec des antidépresseurs tricycliques, des anesthésiques volatils et des agents vasopresseurs.","Les psychostimulants peuvent entraîner des céphalées, de la nervosité, de l'insomnie, de la tristesse de l'humeur et des symptômes psychotiques. Ils peuvent également interagir avec des antidépresseurs tricycliques, des anesthésiques volatils et des agents vasopresseurs."
OIC-075-01-A,"Quels sont les principaux risques liés au tabagisme actif, au tabagisme passif et au tabagisme in utero?",Néoplasiques,Pulmonaires,Cardiovasculaires,Dermatologiques,Néoplasiques
OIC-075-02-A,Quel est le principal agent responsable de la dépendance liée au tabac?,Nicotine,Cendres du tabac,Toxines du tabac,Alcool,Nicotine
OIC-075-03-B,Quelle est la définition de la cigarette électronique?,Un mélange (propylène-glycol + nicotine + eau + arômes + glycérol) propulsé sous forme de vapeur et inhalé.,Un appareil utilisant une batterie rechargeable pour produire de la fumée aromatisée sans le tabac.,Un produit qui peut provoquer des réactions allergiques.,Un produit considéré comme un objet de consommation.,Un mélange (propylène-glycol + nicotine + eau + arômes + glycérol) propulsé sous forme de vapeur et inhalé.
OIC-075-04-B,Quelle est la substance principale responsable de la dépendance à la cigarette?,La nicotine,Les goudrons,La fumée,Le monoxyde de carbone,La nicotine
OIC-075-05-B,Quelle est la principale conséquence du tabagisme sur les vaisseaux sanguins?,Il augmente le risque d'infarctus du myocarde.,Il provoque des thromboses veineuses.,Il entraîne une vasculitis généralisée.,Il diminue la capacité de l'endothélium à produire de la nitric oxide.,Il augmente le risque d'infarctus du myocarde.
OIC-075-06-A,Quel pourcentage de personnes âgées de 18 à 75 ans sont fumeuses en France?,"26,5%",49%,"34,6%","30,4%",d
OIC-075-07-B,Quelle est la tendance actuelle du tabagisme en Belgique?,Augmentation continue,Diminution continue,Stabilité,Tendance variable,b) Diminution continue
OIC-075-08-A,Quel pourcentage de la population française âgée de 18 à 75 ans est constituée de fumeurs selon les données de l'enquête nationale sur les conduites addictives (2019)?,"30,4%","31,2%","32,8%","33,6%","30,4%"
OIC-075-09-A,Quel est l'âge moyen auquel les jeunes commencent à fumer régulièrement?,10 ans,12 ans,14 ans,16 ans,c
OIC-075-10-A,"Parmi les femmes enceintes, combien continue-t-on à fumer ?",50% des femmes enceintes continuent le tabagisme pendant la grossesse.,60% des femmes enceintes continuent le tabagisme pendant la grossesse.,70% des femmes enceintes continuent le tabagisme pendant la grossesse.,80% des femmes enceintes continuent le tabagisme pendant la grossesse.,50% des femmes enceintes continuent le tabagisme pendant la grossesse.
OIC-075-11-A,Quel est le mode de consommation du tabac qui a connu une légère augmentation entre 2017 et 2018 ?,Fumer moins d'une cigarette par jour,Fumer plus d'une cigarette par jour,Spirale électronique,Tabac à bulles,Spirale électronique
OIC-075-12-A,Quel pourcentage des cancers est lié au tabac?,25%,50%,75%,80%,d
OIC-075-13-A,Quelle est la part du tabac dans la mortalité en France?,20%,40%,60%,80%,80%
OIC-075-14-A,Quelle est la première cause de décès évitable en France?,Le sida,Les accidents de la route,L'hypertension artérielle,Le tabac,Le tabac
OIC-075-15-A,Quelle est la cause des troubles cardiovasculaires liés à l'addiction au tabac?,Monoxyde de Carbone (CO),Intoxication passive,Toutes les réponses sont correctes,L’arrêt du tabac réduit mortalité liée aux maladies cardiovasculaires,Monoxyde de Carbone (CO)
OIC-075-16-A,Quelle était l'évolution récente du tabagisme en France ?,L'arrivée de la vapeur dans les tabacs,Une diminution des fumeurs de 12% entre 2017 et 2018,La création d'une opération « Mois Sans Tabac »,Le prix du paquet en forte hausse,Une diminution des fumeurs de 12% entre 2017 et 2018
OIC-075-17-A,Quelles sont les complications médicales non psychiatriques liées à l'intoxication passive par le tabac?,Cardiopathies ischémiques,Cancer broncho-pulmonaire,Coronaropathie,Otie et Asthme de l'enfant,Cancer broncho-pulmonaire
OIC-075-18-B,Quelle catégorie socio-professionnelle des fumeurs a vu une diminution la plus importante de leur tabagisme quotidien depuis 2000 ?,Les personnes au chômage,Les cadres et professions intellectuelles supérieures,Les agriculteurs,Les ouvriers,Les cadres et professions intellectuelles supérieures
OIC-075-19-A,Quelle est la méthode la plus appropriée pour évaluer l'addiction au tabac chez un patient ?,Interroger le patient sur sa consommation de tabac.,Utiliser une échelle de dépistage du tabagisme.,Mesurer la concentration de nicotine dans le sang du patient.,Analyser les niveaux d'aldhédehydrogène désoxidase (ADH) dans l'urine du patient.,Utiliser une échelle de dépistage du tabagisme.
OIC-075-20-A,Quels sont les critères du DSM-5 pour le diagnostic d'une dépendance au tabac?,Usage de tabac nocif pour la santé sans les critères de la dépendance,Dépendance au tabac (critères CIM-10),La nicotine est le principal agent responsable de la dépendance,Connaître les modalités de diagnostic de la dépendance,Dépendance au tabac (critères CIM-10)
OIC-075-21-A,Quels sont les signes de sevrage en tabac?,Humeur dépressive,Irritabilité,Frustration,Colère,Humeur dépressive
OIC-075-22-A,Quelles sont les complications médicales non psychiatriques liées à l'addiction au tabac?,Néoplasiques,Pulmonaires,Cardiovasculaires,Dermatologiques,Néoplasiques
OIC-075-23-B,Quelle est la comorbidité tabagique importante chez les patients atteints de troubles psychiatriques?,Trouble bipolaire,Schizophrénie,Trouble anxieux,Trouble dépressif,Schizophrénie
OIC-075-24-A,"Quand un professionnel de santé rencontre un fumeur, il doit proposer l'arrêt à chaque consultation.",Faire une proposition d'aide à l'arrêt à chaque contact avec un professionnel de santé.,Ne pas proposer l'arrêt systématiquement et laisser le patient décider s'il veut en discuter ou non.,Proposer l'arrêt uniquement si le patient exprime son désir d'y arrêter.,Se contenter de conseiller les fumeurs sur les risques du tabagisme sans proposer systématiquement l'aide à l'arrêt.,Faire une proposition d'aide à l'arrêt à chaque contact avec un professionnel de santé.
OIC-075-25-A,Quels sont les moyens de prévention primaire et secondaire du tabagisme?,"Interdiction de toute publicité, directe ou indirecte.",Augmentation dissuasive et répétée des prix de tous les produits du tabac.,Protection contre l’exposition au tabagisme passif.,Éducation et information : les avertissements sanitaires sous forme d’images sur les paquets.,"Interdiction de toute publicité, directe ou indirecte."
OIC-075-26-A,Quels sont les traitements pharmacologiques et non pharmacologiques de la dépendance au tabac?,"Les traitements pharmacologiques incluent l'apport quotidien de nicotine, les effets indésirables modérés des formes orales et transdermiques, ainsi que varénicline et bupropion en seconde ou dernière intention. Les traitements non pharmacologiques comprennent un accompagnement psychothérapique, des entretiens motivationnels, une thérapie cognitivo-comportementale (TCC) et un accompagnement téléphonique.",Les traitements pharmacologiques ne sont pas efficaces si prescrits longtemps.,Les traitements non pharmacologiques ne sont pas recommandés.,Les traitements pharmacologiques et non pharmacologiques ne sont pas adaptés à la dépendance au tabac.,A
OIC-075-27-A,Quels sont les outils institutionnels pour l'accès à un service d'accompagnement personnalisé dans le domaine de l'addiction au tabac ?,Ligne téléphonique gratuite 3989 et site internet http://www.tabac-info-service.fr,Applications mobiles pour smartphones,Centres d'écoute spécialisés dans les dépendances,Aucun outil institutionnel n'est disponible pour l'accompagnement personnalisé dans le domaine de l'addiction au tabac,Ligne téléphonique gratuite 3989 et site internet http://www.tabac-info-service.fr
OIC-075-28-B,Quels sont les moyens de prise en charge pour une personne qui a dépendance au tabac ?,"Psychothérapies, substituts nicotiniques et surveillance régulière.","Substituts nicotiniques, varénicline et bupropion.",Varénicline et bupropion.,Psychothérapies et surveillance régulière.,"Substituts nicotiniques, varénicline et bupropion."
OIC-075-29-B,Quel est l'objectif principal du traitement pharmacologique dans la dépendance à la nicotine ? ,Diminuer les symptômes de sevrage,Réduire le craving,Prévenir les rechutes,Améliorer la qualité de vie,Diminuer les symptômes de sevrage
OIC-075-30-B,Les rechutes sont la règle dans la prise en charge à long terme de l'addiction au tabac. Quelles mesures peuvent être prises pour prévenir les récidives?,Proposer systématiquement l'arrêt du tabac,Ne pas proposer systématiquement l'arrêt du tabac,Attendre que le fumeur demande spontanément d'arrêter,Rien ne peut être fait pour prévenir les récidives,Proposer systématiquement l'arrêt du tabac
OIC-075-31-B,"Après les traitements substitutifs nicotiniques, quelles sont les options d'aide médicamenteuse pour le sevrage tabagique ?",Varenicline,Bupropion,Methadone,Naltrexone,Varenicline et Bupropion
OIC-075-32-B,Quand un patient est-il susceptible d'être conseillé pour arrêter de fumer ?,"Toujours, quelle que soit la situation du patient.",Seulement si le patient manifeste des symptômes liés à l'arrêt du tabac.,Quand il est en consultation pour une autre raison que son tabagisme.,Dans les cas graves de maladie liée au tabac.,"Toujours, quelle que soit la situation du patient."
OIC-076-01-A,"Quel pays est-il, parmi ceux cités, où la consommation d'alcool est la plus importante?",France,Allemagne,Japon,États-Unis,France
OIC-076-02-A,Quelle est la définition d'une addiction selon le CIM 11 ?,Un comportement qui permet d'évacuer ou atténuer une sensation de malaise interne.,Consommation de substances psychoactives.,"Un autre comportement : jeu, sexe, internet, achats, exercice physique.",Correspond à la dépendance.,Un comportement qui permet d'évacuer ou atténuer une sensation de malaise interne.
OIC-076-03-A,Quel est le niveau de comparaison entre la dépendance selon la CIM et le trouble de l’usage d’alcool selon le DSM-5?,La dépendance (CIM) correspond au trouble de l’usage d’alcool (DSM-5) modéré.,La dépendance (CIM) est plus sévère que le trouble de l’usage d’alcool (DSM-5).,Le trouble de l’usage d’alcool (DSM-5) est plus sévère que la dépendance (CIM).,La dépendance (CIM) ne correspond pas au trouble de l’usage d’alcool (DSM-5).,La dépendance (CIM) correspond aux troubles de l'usage d'alcool modéré à sévère (DSM5).
OIC-076-04-A,Quelles sont les situations dans lesquelles il est recommandé de ne pas consommer d'alcool?,Toutes les situations listées ci-dessus,Seules les situations A et C sont interdites,Seules les situations B et D sont interdites,Seule la situation C est interdite,Toutes les situations listées ci-dessus
OIC-076-05-A,Le diagnostic d'usage nocif et le diagnostic de dépendance selon la CIM 11 sont-ils exclusifs?,"Oui, ils s'excluent mutuellement.","Non, ils peuvent coexister.",Seulement dans certains cas spécifiques.,Je ne sais pas.,"Oui, ils s'excluent mutuellement."
OIC-076-06-A,Quelle est la fréquence de votre consommation d’alcool ?,Jamais,Une fois par mois ou moins,2 à 4 fois par mois,2 à 3 fois par semaine,Une fois par mois ou moins
OIC-076-07-A,Quels sont les signes du syndrome de sevrage chez un patient en cessation d'alcool?,Tachycardie,Hypertension artérielle,Nausées,Diarrhée,Tachycardie
OIC-076-08-A,Quels sont les signes cliniques d'une intoxication aiguë à l'alcool ?,Haleine caractéristique (œnolique),Injection des conjonctives,"Jovialité ou tristesse, logorrhée, désinhibition, agressivité","Allongement du temps de réaction allongé, dysarthrie, syndrome cérébelleux aigu",Haleine caractéristique (œnolique)
OIC-076-09-A,Quelles sont les comorbidités psychiatriques associées au mésusage d'alcool ?,Troubles anxieux SD-116,Troubles dépressifs,Schizophrénie,Troubles bipolaires,Troubles anxieux SD-116 et troubles dépressifs
OIC-076-10-A,Quelles sont les principales complications sociales du mésusage d'alcool et leur lien avec la précarité?,Les complications sociales liées au mésusage d'alcool ne sont pas directement reliées à la précarité.,"Le mésusage d'alcool peut conduire à des violences intrafamiliales, mais cela n'est pas le seul facteur de précarité.",La précarité est un facteur de risque pour le mésusage d'alcool et non l'inverse.,"Le mésusage d'alcool peut entraîner des complications sociales, mais ces dernières ne sont pas directement liées à la précarité.",La précarité est un facteur de risque pour le mésusage d'alcool et non l'inverse.
OIC-076-11-A,Quels sont les marqueurs biologiques usuels de consommation d’alcool ?,"Alcoolémie, GGT, VGM et CDT","Alcoolémie, GGT et VGM","GGT, VGM et CDT","Alcoolémie, VGM et CDT","Alcoolémie, GGT, VGM et CDT"
OIC-076-12-A,Quels sont les troubles liés à l'alcool ? ,Troubles digestifs,Troubles neurologiques,Troubles cardiovasculaires,Troubles rhumatologiques,Troubles neurologiques
OIC-076-13-A,Quelle est la principale stratégie utilisée dans la prévention primaire du mésusage d'alcool?,Promotion des valeurs culturelles et morales,Sensibilisation aux dangers de l'alcool,Education sur les conséquences sociales,Information sur les effets physiologiques,Promotion des valeurs culturelles et morales
OIC-076-14-B,Le repérage précoce et intervention brève (RPIB) dans le cadre de la prise en charge de l'addiction à l'alcool comprend le dépistage systématique d'un mésusage d'alcool et une intervention brève en cas de mésusage sans dépendance. La bonne réponse est A) Le RPIB ne vise pas spécifiquement le mésusage mais plutôt la dépendance à l'alcool.,Le RPIB ne vise pas spécifiquement le mésusage mais plutôt la dépendance à l'alcool.,Le RPIB est destiné aux personnes en situation de mésusage sans dépendance.,"Le RPIB ne prévoit aucune intervention brève, il se contente du dépistage systématique.",Le RPIB vise à repérer et amener un consommateur d’alcool qui est dans le mésusage à réduire sa consommation en dessous des repères de l’usage à faible risque.,Le RPIB vise à repérer et amener un consommateur d’alcool qui est dans le mésusage à réduire sa consommation en dessous des repères de l’usage à faible risque.
OIC-076-15-A,"La prise en charge addictologique doit être globale, médico-psycho sociale et pluridisciplinaire. Elle dépend de la situation et de la demande du patient. Les objectifs généraux peuvent être l'arrêt complet des consommations (abstinence), le retour à un usage à faible risque ou voire réduction des consommations dans un objectif de réduction des risques. En cas de dépendance sévère, arrêt de l’usage est le plus réaliste mais c’est le patient qui définit son objectif. Les stratégies possibles incluent l'arrêt complet et encadré de l’usage avec maintien ensuite d’un arrêt de l’usage ou d’un usage à faible risque, ou diminution progressive de la consommation jusqu’à un usage à faible risque ou un arrêt complet. La prise en charge doit également aborder les comorbidités psychiatriques, autres addictions, répercussions médicales et sociales. Au mieux par des équipes pluridisciplinaires comprenant des soignants de spécialités médicales différentes, psychologues, assistantes sociales et éducateurs en collaboration avec le médecin traitant. Le patient doit être informé de l’existence et de l'intérêt des groupes d’entraide.",La prise en charge addictologique est uniquement médicale,La prise en charge addictologique ne peut se faire que psychosociale,"La prise en charge addictologique doit être globale, médico-psycho sociale et pluridisciplinaire",La prise en charge addictologique est uniquement psychiatrique,option_c
OIC-076-16-A,Quels sont les principes de l’entretien motivationnel en addictologie?,Il s'agit d'une méthode pour aider les patients à se débarrasser des substances qu'ils consomment en excès.,C'est un outil qui vise à motiver le patient pour qu'il change ses habitudes de vie sans nécessairement cesser la substance.,Il s'agit d'une technique destinée aux patients ayant une addiction au jeu vidéo.,L'entretien motivationnel est conçu pour aider les patients à gérer leur stress en les encourageant à exprimer leurs émotions.,a
OIC-076-17-B,Quelle est la prise en charge recommandée pour un patient souhaitant arrêter temporairement son addiction à l'alcool?,Une consultation préalable avec un médecin spécialisé en addictologie,Un sevrage hospitalier forcé de 7 jours minimum,Un sevrage ambulatoire encadré par le médecin généraliste ou une équipe spécialisée,Une consultation préalable avec un psychologue spécialisé en addictologie,C) Un sevrage ambulatoire encadré par le médecin généraliste ou une équipe spécialisée
OIC-076-18-B,Quel est le traitement approprié pour un patient en crise convulsive ou en delirium tremens suite à l'arrêt brutal de l'alcool ?,Administation d'un antihistaminique,"Traitement par benzodiazépines demi vie longue à forte dose, dégressive sur une à deux semaines",Supplémentation en vitamine B1 parentérale et hydratation adaptée,Système de contention pour les patients présentant des troubles sévères du comportement,"Traitement par benzodiazépines demi vie longue à forte dose, dégressive sur une à deux semaines"
OIC-076-19-B,Quels sont les groupes d'entraide et les structures de soins en addictologie?,Groupes d'entraide,Structures de soins en addictologie,Equipes de prévention,Equipes ambulatoires,Groupes d'entraide et structures de soins en addictologie
OIC-076-20-B,Quels sont les médicaments spécifiques utilisés dans le traitement de la dépendance à l’alcool?,Le nalmefene et le baclofène sont utilisés pour aider au maintien de l'arrêt d'alcool ou d'une consommation contrôlée.,"L'acamprosate, la naltrexone et le disulfiram sont utilisés en prévention des rechutes après un sevrage.",Le baclofène est utilisé pour aider au maintien de l'arrêt d'alcool ou d'une consommation contrôlée.,"L'acamprosate, la naltrexone et le disulfiram sont utilisés pour aider à diminuer la consommation d'alcool.",Le baclofène est utilisé pour aider au maintien de l'arrêt d'alcool ou d'une consommation contrôlée.
OIC-082-01-A,Quel est le critère pour déterminer si un trouble visuel est mono- ou binoculaire?,Le trouble visuel est binoculaire lorsqu'il disparait à l'occlusion de l'un ou l'autre des deux yeux.,Le trouble visuel est monoculaire lorsqu'il persiste à l'occlusion de l'oeil sain.,Le trouble visuel est binoculaire si la perception du champ visuel est altérée dans les deux yeux ouverts.,Le trouble visuel est monoculaire si la perception du champ visuel est altérée uniquement à l'oeil opéré.,b. Le trouble visuel est monoculaire lorsqu'il persiste à l'occlusion de l'oeil sain.
OIC-082-02-A,"Une amaurose fugace est caractérisée par la disparition totale de la vision, d'apparition aiguë, d'une durée de quelques minutes et qui se résout spontanément. Elle correspond à un accident ischémique rétinien transitoire. Cette condition constitue une urgence diagnostique en raison du risque de survenue d'une occlusion artérielle rétinienne constituée ou d'un AVC ischémique. Il est important de rechercher une athérome carotidien ou une cardiopathie emboligène, ainsi qu'une maladie de Horton qui doit aussi être systématiquement évoquée.",Une amaurose fugace correspond à un accident ischémique rétinien transitoire.,Une amaurose fugace est une condition oculaire rare et grave qui nécessite une urgence diagnostique.,"Une amaurose fugace est caractérisée par la disparition totale de la vision, d'apparition aiguë, d'une durée de quelques minutes et qui se résout spontanément.","Une amaurose fugace est une condition oculaire rare et grave qui nécessite une urgence diagnostique et doit faire rechercher une athérome carotidien ou une cardiopathie emboligène, ainsi qu'une maladie de Horton.",Une amaurose fugace correspond à un accident ischémique rétinien transitoire.
OIC-082-03-A,"Un patient avec un trouble du réflexe photomoteur se présente avec une Anisocorie. Lorsque l'anisocorie est plus marquée à l'obscurité, l'oeil pathologique est celui qui a la pupille la plus serrée (myosis). Lorsque l'anisocorie est plus marquée à la lumière, l'oeil pathologique est celui qui a la pupille la plus grande (mydriase).",Le patient a une mydriase d'origine sensorielle.,Le patient a une mydriase paralytique.,Le patient a un trouble du réflexe photomoteur asymétrique.,Le patient n'a pas de trouble du réflexe photomoteur.,Le patient a un trouble du réflexe photomoteur asymétrique.
OIC-082-04-A,Quel est le réflexe photomoteur direct et consensuel dans la situation normale?,Accroissement de l'éclairement,Diminution de l'éclairement,Aucun changement,Augmentation du champ visuel,Aucun changement
OIC-082-05-B,Quels examens complémentaires peuvent être réalisés en ophtalmologie?,Angiographie du fond de l'oeil,Vision de couleurs,Explorations électrophysiologiques,Échographie,"Angiographie du fond de l'oeil, Vision de couleurs, Explorations électrophysiologiques, Échographie"
OIC-082-06-A,Quelle est la principale cause de névrite optique ischémique antérieure aiguë (NOIA) ?,Maladie de Horton,Artériosclérose,Névrite optique rétrobulbaire,Oedème papillaire,A
OIC-082-07-A,"Devant une baisse d'acuité visuelle brutale avec œil blanc, l'examen du fond d'œil oriente le diagnostic et la conduite à tenir.",1. Fond d'œil non visible ou mal visible : hémorragie intravitréenne.,"2. Fond d'œil bien visible et anormal: Occlusion de l'artère centrale de la rétine ou d'une de ses branches, Occlusion de la veine centrale de la rétine ou d'une de ses branches, DMLA compliquée de néovaisseaux choroïdiens maculaires, Décollement de la rétine.","3. Fond d'œil visible et normal: Névrite optique rétrobulbaire (NORB), Atteintes des voies optiques chiasmatiques et rétrochiasmatiques.",4. Rétinopathie diabétique proliférante,"3. Fond d'œil visible et normal: Névrite optique rétrobulbaire (NORB), Atteintes des voies optiques chiasmatiques et rétrochiasmatiques."
OIC-082-08-B,Quels sont les examens complémentaires ophtalmologiques et non ophtalmologiques utilisés en cas de trouble visuel récent ?,Tous les deux,Seuls les examens ophtalmologiques,Seuls les examens non ophtalmologiques,Aucun des deux,Tous les deux
OIC-082-09-B,Quelle est la principale cause de l'occlusion artérielle centrale de la rétine (OACR)?,L'hypertension artérielle,Le diabète,La maladie de Horton,Les troubles de la coagulation,La maladie de Horton
OIC-082-10-B,Quels sont les signes cliniques d'une neuropathie optique?,Baisse d'acuité visuelle unilatérale,Altération du réflexe photomoteur,Atteinte du champ visuel (scotome),Œdème papillaire,"Baisse d'acuité visuelle unilatérale, Altération du réflexe photomoteur, Atteinte du champ visuel (scotome), Œdème papillaire"
OIC-082-11-A,Quel est le principal symptôme d'une migraine ophtalmique ou aura migraineuse visuelle?,Scotome scintillant bilatéral,Flashs colorés dans un hémichamp visuel,Vision floue dans le champ visuel contralateral,Tous les symptômes mentionnés précédemment,Scotome scintillant bilatéral
OIC-082-12-B,Quels sont les diagnostics différentiels neurologiques et oculaires d'une aura migraineuse?,Accidents ischémiques transitoires,Épilepsie occipitale partielle,Migraines symptomatiques,Dégénérescence maculaire séniore,"Accidents ischémiques transitoires, Épilepsie occipitale partielle, Migraines symptomatiques"
OIC-082-13-B,Quel est le signe ophthalmologique de l'œdème papillaire?,Le bord de la papille est flou,La papille a une apparence nattée,Il est impossible de dessiner le bord de la papille,Toutes les réponses précédentes sont correctes,Le bord de la papille est flou
OIC-082-14-B,Le patient a une altération aiguë de la vision. Lequel des champs visuels représentés dans la photographie correspond au déficit pupillaire afférent relatif?,Champ visuel droit,Champ visuel gauche,Champs visuels droits et gauches combinés,Aucun des deux champs visuels,Bitemporale
OIC-082-15-A,Quels sont les signes cliniques évocateurs d'un décollement de rétine ?,Poussee sur le globe oculaire,Champ visuel limité,Vision noire et blanche,Myodesopsie avec phosphènes,Myodesopsie avec phosphènes
OIC-082-16-B,Quels sont les facteurs de risque d'un décollement de rétine rhegmatogène?,Myopie forte,Traumatisme oculaire,Uvéeite,Chirurgie de la cataracte,"Myopie forte, Traumatisme oculaire, Uvéeite, Chirurgie de la cataracte"
OIC-082-17-B,Quelles sont les principales causes d'une hémorragie intravitréenne?,Rétinopathie diabétique proliférante,Occclusions de forme ischémique de la veine centrale de la rétine ou d'une de ses branches,Déchirure rétinienne,Syndrome de Terson,"Rétinopathie diabétique proliférante, Occclusions de forme ischémique de la veine centrale de la rétine ou d'une de ses branches, Déchirure rétinienne, Syndrome de Terson"
OIC-086-01-A,Quelle est la principale complication d'un ectropion?,Exposition cornéenne,Larmoiement (bascule du point lacrymal inférieur),Insuffisance d’occlusion palpébrale,Tous les trois,Exposition cornéenne
OIC-086-02-A,Quelle est la définition de l'entropion et quelles sont ses complications ?,Entropion sénile causé par relâchement des tissus cutanés.,Entropion cicatriciel dû à une pathologie bulleuse.,"Bascule de la paupière vers le dessous, causée par rétraction des tissus conjonctivaux.",Toutes les réponses précédentes sont correctes.,C
OIC-086-03-A,Quelle est la différence entre un ptosis et une dermachalasis?,"Le ptosis est caractérisé par le trop haut de la paupière supérieure, alors que dans une dermachalasis c'est le repli cutané qui recouvre l'axe visuel.","Un ptosis se manifeste par un trop bas du bord libre de la paupière supérieure, tandis qu'une dermachalasis est caractérisée par un excès de peau de la paupière.","Le ptosis est une maladie où le bord libre de la paupière supérieure est trop bas, alors que dans une dermachalasis c'est le repli cutané qui recouvre l'axe visuel.","Un ptosis se manifeste par un trop haut du bord libre de la paupière supérieure, tandis qu'une dermachalasis est caractérisée par un excès de peau de la paupière.","Le ptosis est une maladie où le bord libre de la paupière supérieure est trop bas, alors que dans une dermachalasis c'est le repli cutané qui recouvre l'axe visuel."
OIC-086-04-A,Quelles sont les principales étiologies d'un ptosis?,Neurogène,Myogène,Sénile,Traumatique,Neurogène
OIC-086-05-A,Reconnaître un chalazion,Une tumeur rougeâtre au niveau de la paupière,Un abcès sous le bord libre de la paupière,Une entorse du tendon de l'oeil,Une infection à l'intérieur de la paupière,Une tumeur rougeâtre au niveau de la paupière
OIC-086-06-A,Reconnaître un orgelet,Un furoncle du bord libre de la paupière centré sur un follicule pilosébacé du cil.,"Une infection bactérienne, le plus souvent à Staphylococcus aureus, du follicule pilosébacé.",Un développement en quelques jours qui peut entraîner une douleur vive.,Une tuméfaction rouge centrée par un point blanc au niveau du bord libre.,Un furoncle du bord libre de la paupière centré sur un follicule pilosébacé du cil.
OIC-086-07-A,Quel est le type de chalazion représenté dans les deux photographies?,Chalazion interne,Chalazion externe,Chalazion mixte,Autre type de chalazion,Chalazion externe
OIC-086-08-A,Quelle est la fonction de l'orgelet situé sur la paupière inférieure ?,Il s'agit d'un récepteur pour les ondes sonores.,C'est une glande produisant des sécrétions protecteurs.,Il joue un rôle dans la régulation de l'équilibre.,Il est impliqué dans le mécanisme de fermeture du pupille.,C'est une glande produisant des sécrétions protecteurs.
OIC-086-09-B,Quelles sont les tumeurs palpébrales bénignes les plus fréquentes?,Papillome,Hidrocystome (kyste lacrymal),Xanthélasmes (dépôts de cholestérol),Epidermome,Papillome
OIC-086-10-B,Le traitement du chalazion consiste en l'application d'une pommade corticoïde locale et des soins de paupières.,Masser les paupières avec le doigt depuis le rebord orbitaire vers le bord libre pour promouvoir l'expulsion du contenu du chalazion par les orifices des glandes de Meibomius situés sur le bord libre.,Inciser et curager la glande de Meibomius sous anesthésie locale si le traitement de première intention n'est pas efficace et si le chalazion évolue vers l'enkystement.,La glande est laissée sans suture et un collyre antiseptique est prescrit pendant 8 jours.,Les complications les plus fréquentes sont des saignements peu abondants qui cèdent habituellement en quelques minutes par compression simple.,Masser les paupières avec le doigt depuis le rebord orbitaire vers le bord libre pour promouvoir l'expulsion du contenu du chalazion par les orifices des glandes de Meibomius situés sur le bord libre.
OIC-086-11-A,Quel est le traitement de l'orgelet?,Collyre ou pommade antibiotique pendant 8 jours,Incision au niveau du bord libre avec anesthésie locale en consultation externe,Traitement chirurgical par laser,Traitement médicamenteux uniquement,Collyre ou pommade antibiotique pendant 8 jours
OIC-086-12-A,Un ptosis douloureux chez un patient comateux doit faire rechercher un anévrysme intracrânien rétrocarotidien.,Le ptosis est secondaire à une lésion des fibres motrices du nerf oculomoteur (III) extrinsèque.,Le ptosis est secondaire à une lésion des fibres parasympathiques du nerf oculomoteur (III) intrinsèque.,Le ptosis est secondaire à une lésion du système sympathique cervical.,Le ptosis est secondaire à une lésion du système sympathique thoracique.,a
OIC-086-13-B,Quel est le signe clinique d'une imperforation des voies lacrymales chez le nourrisson?,Larmoiement persistant,Tuméfaction dans l'angle interne,Signes inflammatoires,Écoulement purulent,Larmoiement persistant
OIC-094-01-A,Quelle est la classification des lombalgies selon leur durée et leur étiologie ? ,"A. Lombalgie aiguë : < 6 semaines, selon une étiologie précise","B. Lombalgie sub-chronique : de 6 semaines à 3 mois, non spécifique","C. Lombalgie chronique : > 3 mois, secondaire à une pathologie aiguë ou chronique",D. Lombalgie récidivante : récidive dans les 12 mois,"C. Lombalgie chronique : > 3 mois, secondaire à une pathologie aiguë ou chronique"
OIC-094-02-B,Quelle est la prévalence des lombalgies dans la population générale ?,1/4 à 1/3 de la population générale,2/3 de la population générale,1/5 de la population générale,1/10 de la population générale,1/4 à 1/3 de la population générale
OIC-094-03-A,Quelle est la principale cause des lombalgies ?,Une mauvaise posture au travail,Un manque d'exercice physique,Des blessures sportives récentes,Une mauvaise technique de manipulation,Une mauvaise posture au travail
OIC-094-04-B,Quelle est l'origine la plus probable de la rachialgie commune ?,Discale,Interapophysaire,Mixte (discale et interapophysaire),Autre,Interapophysaire
OIC-094-05-B,Quels sont les facteurs associés à la lombalgie commune et cervicalgie commune ?,"Traumatismes ou microtraumatismes répétés, postures prolongées dans les loisirs ou le travail, sédentarité, obésité (lombalgies uniquement), troubles de la statique rachidienne, tabagisme, antécédents familiaux","Traumatismes ou microtraumatismes répétés, postures prolongées dans les loisirs ou le travail, sédentarité, obésité (lombalgies uniquement), troubles de la statique rachidienne, tabagisme, antécédents familiaux","Traumatismes ou microtraumatismes répétés, postures prolongées dans les loisirs ou le travail, sédentarité, obésité (lombalgies uniquement), troubles de la statique rachidienne, tabagisme, antécédents familiaux","Traumatismes ou microtraumatismes répétés, postures prolongées dans les loisirs ou le travail, sédentarité, obésité (lombalgies uniquement), troubles de la statique rachidienne, tabagisme, antécédents familiaux","Traumatismes ou microtraumatismes répétés, postures prolongées dans les loisirs ou le travail, sédentarité, obésité (lombalgies uniquement), troubles de la statique rachidienne, tabagisme, antécédents familiaux"
OIC-094-06-A,Quelle est l'imagerie recommandée pour une patiente présentant une dorsalgie chronique ?,IRM du rachis dorsal,Radiographies du rachis dorsal F + P,IRM du rachis cervical,Radio bloc cervical,Radiographies du rachis dorsal F + P
OIC-094-07-A,Une personne âgée de plus de 55 ans présentant une douleur dorsale atroce avec paresthésie au niveau du pubis doit être soumise à une IRM rachidienne en urgence. La raison principale est la recherche d'une hernie discale.,La personne âgée de plus de 55 ans présentant une douleur dorsale atroce avec paresthésie au niveau du pubis doit être soumise à une IRM rachidienne en urgence pour rechercher une hernie discale.,La personne âgée de plus de 55 ans présentant une douleur dorsale atroce avec paresthésie au niveau du pubis doit être soumise à une IRM rachidienne en urgence pour rechercher une fracture vertébrale.,La personne âgée de plus de 55 ans présentant une douleur dorsale atroce avec paresthésie au niveau du pubis doit être soumise à une IRM rachidienne en urgence pour rechercher une infection tuberculeuse.,La personne âgée de plus de 55 ans présentant une douleur dorsale atroce avec paresthésie au niveau du pubis doit être soumise à une IRM rachidienne en urgence pour rechercher une ostéopathie fragilisante.,La personne âgée de plus de 55 ans présentant une douleur dorsale atroce avec paresthésie au niveau du pubis doit être soumise à une IRM rachidienne en urgence pour rechercher une hernie discale.
OIC-094-08-B,Quels sont les facteurs favorisants d'une évolution vers la chronicité d'une rachialgie?,"Problèmes émotionnels, anxiété, humour triste/douleur morale, isolement","Attitudes et représentations inappropriées par rapport au mal de dos, comportements douloureux inappropriés, tendance passive","Problèmes liés au travail : conflit, insatisfaction, arrêt de travail, accident de travail, maladie professionnelle","Absence de mesures facilitant le retour ou le maintien à l’emploi, insécurité financière, critères du système de compensation, incitatifs financiers, manque de contact avec le milieu de travail, durée de l’arrêt de travail","Problèmes émotionnels : anxiété, humour triste/douleur morale, isolement, Attitudes et représentations inappropriées par rapport au mal de dos, comportements douloureux inappropriés, tendance passive, Problèmes liés au travail : conflit, insatisfaction, arrêt de travail, accident de travail, maladie professionnelle"
OIC-094-09-A,Quelles sont les principales étiologies d'une rachialgie secondaire?,"tumorales (métastases, rarement cancer primitif)","infectieuses (spondylodiscite, mal de Pott si spondylodiscite tuberculeuse), amaigrissement, asthénie, syndrome inflammatoire aigu ou chronique, hyperthermie/fièvre","inflammatoires (spondylarthrite ankylosante, syndrome inflammatoire aigu ou chronique)","traumatique (fracture vertébrale et luxation traumatique, clichés dynamiques à distance, sans oublier la charnière cervico-occipitale), traumatisme rachidien, chute de la personne âgée","tumorales (métastases, rarement cancer primitif)"
OIC-094-10-B,Quelles sont les autres causes de douleurs rachidiennes secondaires ?,Tumeur intrarachidienne ou de la fosse postérieure,Douleurs référées d'origine ORL ou cervicale antérieure,"Chondrocalcinose, rhumatisme à apatite",Polyarthrite rhumatoïde,Tumeur intrarachidienne ou de la fosse postérieure
OIC-094-11-B,Quelles sont les étiologies d'une rachialgie compliquée?,Sociales,Psychologiques,Physiques globales,Rachiennes,Toutes les options sont correctes.
OIC-094-12-A,Quelle est la prise en charge d'une rachialgie aiguë ou chronique?,Rester physiquement actif,Arrêter de travailler,Reposer au lit,Prescrire des antalgiques,Rester physiquement actif
OIC-094-13-B,Quels traitements prescrire à un sujet souffrant d'une rachialgie aiguë ou chronique?,Immobilisation au lit,Arrêt de travail prolongé,Antalgiques,AINS,c) Antalgiques
OIC-094-14-A,Quelles sont les causes extra-rachidiennes des lombalgies ?,Pathologie vasculaire : anévrisme de l'artère aortique abdominale,"Pathologie des voies urinaires : lithiase, hydronéphrose, tumeur","Pathologie digestive : tumeur gastrique, rectocolique ou pancréatique ; pancréatite chronique","Pathologie gynécologique : tumeur pelvienne, endométriose",Pathologie vasculaire : anévrisme de l'artère aortique abdominale
OIC-094-15-B,Quelle est la démarche diagnostique devant une sacralgie?,Palpation du bassin,Radiographie du bassin,Scan du bassin,IRM du bassin,Radiographie du bassin
OIC-094-16-B,Quelle est la démarche diagnostique devant une coccygodynie?,Palpation du coccyx,Radiographie de l'aire sacro-coccygienne,Analgésiques et anti-inflammatoires,Infiltration locale d'anesthésique,Palpation du coccyx
OIC-099-01-B,Quel pourcentage des adultes dans le monde ont eu au moins une crise de céphalée au cours des douze derniers mois?,50 à 75%,25 à 49%,"12,5 à 24,9%","0 à 11,9%",50 à 75%
OIC-099-02-B,"Quelle est la pathologie neurovasculaire liée à des altérations subtiles neuronales et vasculaires, dont les mécanismes sont encore incomplètement compris?",Migraine,Névralgie du trijumeau,Algies de la face,Tension cervicale,Migraine
OIC-099-03-A,Quelle est la démarche diagnostique d'une céphalée primaire?,"L'interrogatoire repère toute céphalée aiguë, récente et inhabituelle.",Le diagnostic se base sur l'interrogatoire et l'examen clinique normal dans les céphalées primaires.,La démarche diagnostique est détaillée dans l’item 100.,L'interrogatoire repère toute céphalée secondaire suspectant une cause grave.,C
OIC-099-04-A,Quelle est la définition de la migraine sans aura selon les critères ICHD-3?,Crises de céphalées invalidantes avec hypersensibilité à la lumière et/ou nausées.,Céphalée chronique quotidienne,Migraine avec aura typique,Céphalée de tension,1. Migraine sans aura
OIC-099-05-A,Quels sont les critères diagnostiques ICHD3 de l'algie vasculaire de la face?,Au moins cinq crises répondant aux critères B-D,"Douleur sévère à très sévère, unilatérale, orbitaire, sus-orbitaire et/ou temporale durant 15 à 180 minutes (sans traitement)","L'un des éléments suivants ou les deux : injection conjonctivale et/ou larmoiement, congestion nasale et/ou rhinorrhée, œdème palpébral, transpiration du front et/ou de la face, myosis et/ou ptosis, une impression d'impatience ou une agitation",Fréquence crises = 1 tous les 2 jours à 8/jour en période active,Au moins cinq crises répondant aux critères B-D
OIC-099-06-A,Quelle est la durée typique des accès de douleur dans la névralgie du trijumeau essentielle?,2 à 4 minutes,5 à 10 minutes,10 à 20 minutes,20 à 30 minutes,2 à 4 minutes
OIC-099-07-A,"Un patient peut avoir deux types de céphalées primaire intriquées, le plus souvent une migraine sans aura et une céphalée de tension épisodique.",Le diagnostic de migraine prime si le patient a des migraines et des céphalées de tension.,Le diagnostic de céphalée de tension prime si le patient a des migraines et des céphalées de tension.,Les deux types de céphalées sont considérés équivalents pour le diagnostic.,La présence d'une aura ne change pas le diagnostic.,Le diagnostic de migraine prime si le patient a des migraines et des céphalées de tension.
OIC-099-08-A,Quelles sont les principales causes de douleur de la face?,Céphalées primaires à expression faciale,Algies vasculaires de la face,Autres céphalées trigémino-automatiques,Algies faciales secondaires de cause neurologique ou générale,Céphalées primaires à expression faciale
OIC-099-09-A,Quelle est la cause la plus fréquente des algies faciales ?,Algies d'origine dentaire,Algies d'origine sinusienne,Algies d'origine buccale non dentaire,Algies de cause salivaire,Algies d'origine dentaire
OIC-099-10-A,Which of the following clinical features is associated with otalgia in the context of a condition affecting the external or middle ear?,otalgia,otalgia reflex,otalgia due to a projected pain,"otalgia as a symptom of a cancer of the ear, nose and throat (ENT) area",otalgia
OIC-099-11-B,Quels sont les examens complémentaires de première intention devant une douleur de la face?,"Interrogatoire et examen clinique complet de la face, des oreilles et de la cavité buccale",Panoramique dentaire en cas de douleur dentaire,Examen ORL complet (otoscopie et fibroscopie),TDM du massif facial et des sinus (sans et avec injection),"Interrogatoire et examen clinique complet de la face, des oreilles et de la cavité buccale"
OIC-099-12-A,Quels sont les facteurs favorisants éventuels d'une migraine?,Modification des repas et de l'hydratation,Changements climatiques,Effort physique intense et inhabituel,Emotions négatives ou positives,Modification des repas et de l'hydratation
OIC-099-13-A,Une migraine chronique peut être diagnostiquée avec un abus médicamenteux associé.,La surconsommation d’antalgiques est une conséquence de l’augmentation des céphalées.,"La surconsommation d’antalgiques est une cause de l’augmentation des céphalées, ou les deux.",Le rôle de la surconsommation d’antalgiques dans l’apparition d’une migraine chronique ne doit pas être surestimé.,Une migraine chronique peut être diagnostiquée avec un abus médicamenteux associé.,Une migraine chronique peut être diagnostiquée avec un abus médicamenteux associé.
OIC-099-14-A,Quels sont les principes généraux du traitement de la migraine?,Facteurs déclenchant des crises,Traitement de crise et de fond,Prise en charge non médicamenteuse,Sevrage ambulatoire du médicament surconsommé,Traitement de crise et de fond
OIC-099-15-B,Quel est le traitement de crise recommandé pour une migraine ?,Paracétamol,AINS,Triptans,Métoclopramide,c
OIC-099-16-A,Quelle est la recommandation en matière de contraception pour une patiente migraineuse avec aura ?,Contraceptifs oraux oestroprogestatifs,Progestatifs purs,Autres modes de contraception,Toutes les options sont possibles,"Progestatifs purs, ainsi que les autres modes de contraception."
OIC-099-17-B,"Quel est le diagnostic de la migraine, de l'algie vasculaire de la face et de la nevralgie du trijumeau?",Migraine,Algie vasculaire de la face,Nevralgie du trijumeau,Tous les trois,Tous les trois
OIC-100-01-A,Quelle est la première étape du diagnostic d'une céphalée aiguë ou chronique chez un adulte ou un enfant ?,Identifier une céphalée,Raisonner devant une céphalée,Interrogatoire,Examen physique,A
OIC-100-02-A,Quels sont les syndromes nécessitant une hospitalisation systématique?,Syndrome méningé,Syndrome d’hypertension intracrânienne,Tumeur maligne du cerveau,Hématome sous-dural,"Syndrome méningé, Syndrome d’hypertension intracrânienne"
OIC-100-03-A,Quelles sont les principales causes de céphalée aiguë et leurs caractéristiques cliniques propres à chacune?,Hémorragie sous-arachnoïdienne,Syndrome de vasoconstriction cérébrale réversible,Hémorragie intracérébrale,Dissection des artères cervicales,Hémorragie sous-arachnoïdienne
OIC-100-04-B,Quelles sont les principales causes de céphalées chroniques et leurs caractéristiques cliniques chez l'adulte et l'enfant?,Migraine chronique,Céphalée de tension chronique,Algie vasculaire de la face,Névralgie du trijumeau classique,Migraine chronique
OIC-100-05-A,Quelles sont les principales causes des céphalées récentes d'aggravation progressive et leurs caractéristiques cliniques propres à chacune?,Méningites et méningo-encéphalite infectieuses,Syndromes d'hypertension intracrânienne,Syndromes d'hypotension intracrânienne,Céphalée post-traumatique aiguë,Méningites et méningo-encéphalite infectieuses
OIC-100-06-A,Quand une ponction lombaire est-elle indiquée en cas de céphalée aiguë ?,Toutes les céphalées aiguës sans diagnostic étiologique certain après imagerie,Céphalées aiguës suspectes d’HSA anévrismales ou méningites infectieuses,Céphalées aiguës suspectes de HTIC,Toutes les céphalées aiguës fébriles,B: Céphalées aiguës suspectes d’HSA anévrismales ou méningites infectieuses
OIC-100-07-A,Quel est le traitement d'une suspicion de céphalée secondaire?,Prescrire des antalgiques,Prescrire des anti-anti-inflammatoires non stéroïdiens (AINS),Eviter les sédatifs,Le traitement étiologique dépend de la cause identifiée par les examens complémentaires,Prescrire des antalgiques
OIC-100-08-A,Quelle est l'indication de l'imagerie cérébrale dans le cas d'une céphalée aiguë et chronique chez l'enfant?,Toute céphalée brutale doit être explorée par un scanner cérébral sans injection à la recherche d'une HSA.,Toute céphalée progressive doit être explorée par une IRM complète pour rechercher des signes de TVC ou d'un processus expansif intracrânien.,Toute céphalée fébrile doit être explorée comme une méningite.,"Les explorations sont réalisées aux urgences, parfois après transfert du patient dans un centre disposant des capacités d'imagerie nécessaires (angioscanner).",Toute céphalée brutale doit être explorée par un scanner cérébral sans injection à la recherche d'une HSA.
OIC-100-09-A,Quelle est la prise en charge des céphalées primaires?,Consultation item 99,Traitement de crise spécifique à chaque type de céphalée primaire,Traitement de fond pour réduire le nombre de crises,Toutes les options sont correctes,"Consultation item 99, Traitement de crise spécifique à chaque type de céphalée primaire, Traitement de fond pour réduire le nombre de crises"
OIC-101-01-B,Quelle est la principale fonction du nerf facial?,Innervation des muscles peauciers de la face,Sensibilité cutanée de la conque de l'oreille,Gustation pour les deux tiers antérieurs de la langue,Sécrétion des glandes lacrymales et salivaires,Innervation des muscles peauciers de la face
OIC-101-02-A,Quelle est la principale différence clinique entre une paralysie faciale centrale et périphérique?,"La paralysie faciale centrale se manifeste par une atteinte plus prononcée du facial inférieur avec chute de la commissure labiale, tandis que la périphérique affecte également le facial supérieur.","La paralysie faciale centrale est associée à un déficit moteur de l'hémicorps homolatéral, contrairement à la périphérique qui ne présente pas ce lien avec une hémiplegie.",La paralysie faciale centrale comporte une dissociation automatico-volontaire plus marquée que la périphérique.,"La paralysie faciale périphérique est caractérisée par une atteinte équivalente du facial supérieur et inférieur, avec notamment l'effacement des rides du front et les cils plus apparents et longs du côté paralysé.","La paralysie faciale centrale se manifeste par une atteinte plus prononcée du facial inférieur avec chute de la commissure labiale, tandis que la périphérique affecte également le facial supérieur."
OIC-101-03-A,Quelle est la cause la plus probable de cette paralysie faciale périphérique (PFP) ?,Neuralgia du trigême,Infarctus du pôle supérieur du nerf facial,Tumeur au nerf facial,Hémiplégie faciale périphérique,Infarctus du pôle supérieur du nerf facial
OIC-101-04-A,Quelle est la cause de la paralysie faciale centrale?,Lesion du tronc cerebral,Lesion du cervelet,Lesion du pons,Lesion du bulbe,Lesion du tronc cerebral
OIC-101-05-A,Quelles sont les principales causes de paralysie faciale?,Frigore,Traumatisme crânien,Diabète,Infections,Frigore
OIC-101-06-A,Quels sont les arguments en faveur d'une paralysie faciale a frigore dans le cas d'un déficit facial?,Le déficit facial est isolé et sévère.,"Les symptômes associés sont absents, ce qui exclut d'autres causes de paralysie faciale.",La paralysie faciale a frigore se développe progressivement au cours des heures suivant l'exposition au froid.,"Le déficit facial est caractéristique du matin, généralement au réveil ou après un voyage.",Le déficit facial est isolé et sévère.
OIC-101-07-A,Le traitement d’une paralysie faciale a frigore comprend : A) Prescription d’une corticothérapie orale et B) Prévention systématique des complications oculaires.,Prescription d’une corticothérapie orale,Prévention systématique des complications oculaires,Tous les deux,Aucun des deux,Tous les deux
OIC-101-08-B,Quelles sont les évolutions possibles d'une paralysie faciale à frigore?,Récupération,Signes de réinnervation aberrante,Hémispasme facial post-paralytique,Déficit sévère persistant avec déformation invalidante du visage et absence de réinnervation à l'ENMG,Récupération
OIC-101-09-B,La photographie/vidéo présentée est une illustration d'un hémispasme facial post-paralytique.,Un tic nerveux involontaire,Une convulsion partielle de l'épilepsie,Un spasme musculaire isolé,Une crise d'asthme,La photographie/vidéo présentée est une illustration d'un hémispasme facial post-paralytique.
OIC-101-10-A,Quels examens d'imagerie sont indiqués en cas de paralysie faciale centrale?,IRM cérébrale sans et avec injection de gadolinium,Scanner cérébral,IRM cervicale,Scanner cervical,IRM cérébrale sans et avec injection de gadolinium
OIC-101-11-A,Quelle est l'icône clinique d'une paralysie faciale unilatérale (PFP) ?,Une icône clinique n'est pas une image ou un symbole graphique utilisé pour représenter cliniquement une pathologie.,L'icône clinique d'une PFP est l'image d'un visage souriant avec les yeux fermés et le menton relevé du côté paralysé.,L'icône clinique d'une PFP est un symbole représentant une face flasque sans expression faciale du côté paralysé.,L'icône clinique d'une PFP est l'image d'un visage triste avec les yeux fermés et le menton relevé du côté paralysé.,B. L'icône clinique d'une PFP est l'image d'un visage souriant avec les yeux fermés et le menton relevé du côté paralysé.
OIC-101-12-A,Quelle est l'icône clinique d'une éruption vésiculaire de la conque en faveur d'une PFP zostérienne?,Une éruption vésiculaire sur le tronc et les membres,Vésicules sur le visage avec une zone de Ramsay Hunt,Vésicules dans la région auriculaire droite,Vésicules dans la région auriculaire gauche,Iconographie clinique d’un exemple typique d’une éruption vésiculaire de la conque en faveur d’une PFP zostérienne
OIC-101-13-B,Quel est l'aspect clinique d'une tumeur parotidienne envahissant la face et orientant vers une paralysie faciale périphérique tumorale (PFP) ?,Tumeur parotidienne avec infiltration cutanée de la joue droite et déviation du regard à droite.,Tumeur parotidienne avec infiltration cutanée de la joue gauche et déviation du regard vers le côté droit.,Tumeur parotidienne avec infiltration cutanée de la joue droite et déviation du regard vers le bas.,Tumeur parotidienne avec infiltration cutanée de la joue gauche et déviation du regard vers le haut.,Tumeur parotidienne avec infiltration cutanée de la joue droite et déviation du regard à droite.
OIC-101-14-B,Quel est l'innervation motrice du nerf facial?,Le nerf facial innervise les muscles de la joue droite.,Le nerf facial innervise les muscles de la joue gauche.,Le nerf facial innervise les muscles des lèvres supérieures.,Le nerf facial innervise les muscles des lèvres inférieures.,Le nerf facial innervise les muscles des lèvres supérieures.
OIC-102-01-B,Quels sont les nerfs crâniens responsables des muscles oculomoteurs?,Nerf optique,Nerf trochléaire,Nerf abducens,Nerf oculomoteur,Nerf oculomoteur
OIC-102-02-A,Quelle est la définition d'une diplopie ?,La vision double d'un objet unique.,Le fait que les deux yeux voient le même objet.,Une diplopie est présente quand les deux yeux sont ouverts et disparaît à l'occlusion de l'un ou de l'autre œil.,Une diplopie persiste en revanche à l'occlusion de l'œil sain et disparaît à l'occlusion de l'œil atteint.,La vision double d'un objet unique.
OIC-102-03-B,Quel est le but du test au verre rouge dans l'examen oculaire?,Dégister la pupille,Vérifier les réflexes pupillaires,Évaluer la motricité intrinsèque des yeux,Diagnostiquer le strabisme,Évaluer la motricité intrinsèque des yeux
OIC-102-04-B,Quels sont les mouvements oculaires des ductions et des vergences?,"Les ductions comprennent l'abduction et l'adduction, tandis que les vergences regroupent la convergence et la divergence.",Seules les ductions existent et ne sont composées que de l'abduction et de l'adduction.,Les vergences sont les seules mouvements oculaires qui existent et comprennent uniquement la convergence et la divergence.,Toutes les options précédentes sont correctes.,"Les ductions comprennent l'abduction et l'adduction, tandis que les vergences regroupent la convergence et la divergence."
OIC-102-05-B,Quelle est la définition des tropies ?,Déviation des axes visuels.,Déviation de l'œil vers l'intérieur.,Déviation de l'œil vers l'extérieur.,Déviation de l'œil vers le haut.,Déviation des axes visuels.
OIC-102-06-A,"Quelle est la position vicieuse de la tête dans une paralysie complète du III, du IV, du VI ?",La tête est tournée du côté sain.,La tête est tournée du côté atteint.,La tête est inclinée du côté sain avec le menton abaissé.,La tête est inclinée du côté atteint avec le menton abaissé.,La tête est inclinée du côté sain avec le menton abaissé.
OIC-102-07-A,Quelle est la cause de la paralysie du VI droit dans cette photographie/vidéo?,Ablation du nerf ophtalmique,Infarctus du noyau central supérieur,Traumatisme oculaire,Dégénérescence des muscles extrinsèques,Ablation du nerf ophtalmique
OIC-102-08-A,Quelle est la différence entre la paralysie extrinsèque et la paralysie intrinsèque du IIIème nerveu?,La paralysie extrinsèque du IIIème nerf se manifeste par l'incapacité à regarder vers le bas.,La paralysie intrinsèque du IIIème nerf se manifeste par l'incapacité à regarder vers le haut.,"La paralysie extrinsèque du IIIème nerf se manifeste par l'incapacité à regarder vers le haut, tandis que la paralysie intrinsèque du même nerf se manifeste par l'incapacité à regarder vers le bas.","La paralysie extrinsèque du IIIème nerf ne se manifeste pas par une incapacité à regarder vers le haut, mais par une perte de conscience.",C
OIC-102-09-B,La paralysie du VI a une faible valeur localisatrice.,Tout en bascule,Vers le côté opposé,Se dirige vers l'arrière,Se déplace vers le haut,Tout en bascule
OIC-102-10-A,"Devant une diplopie, reconnaître les arguments cliniques en faveur d’une myasthénie",Une ptosis progressive et variable au cours de la journée avec fatigue,Un bloc neuromusculaire sur électromyographie,Anticorps antirécepteur de l'acétylcholine positif,Test à la prostigmine (Reversol®) positif,Une ptosis progressive et variable au cours de la journée avec fatigue
OIC-102-11-A,Quand un anévrisme intracrânien doit-il être suspecté?,Devant une atteinte oculomotrice partielle mais avec des signes pupillaires d'atteinte du III intrinsèque,Chez un sujet jeune,En l'absence de facteurs de risque vasculaire,En présence de céphalées,Devant une atteinte oculomotrice partielle mais avec des signes pupillaires d'atteinte du III intrinsèque
OIC-102-12-B,Quels examens d'imagerie sont indiqués en présence d'une diplopie aiguë récente ?,IRM cérébrale,Angiographie cérébrale,TDM (Tomodensitométrie),Artériographie cérébrale,Angiographie cérébrale
OIC-102-13-B,Quelle est la cause ophtalmologique de diplopie monoculaire?,Iridienne,Cornéenne,Cristallinienne,Rétinienne,B. Cornéenne
OIC-102-14-B,Quelles sont les principales étiologies à rechercher en cas de diplopie récente?,Fracture du plancher de l'orbite,Atteinte neurologique,Tumeur orbitaire,Maladie vasculaire intracrânienne,"Fracture du plancher de l'orbite, Atteinte neurologique, Tumeur orbitaire, Maladie vasculaire intracrânienne"
OIC-107-01-A,Quelle est la définition du tremblement?,Oscillation rythmique involontaire de tout ou partie du corps autour de sa position d'équilibre.,"Mouvement brusque, aléatoire, anarchique, souvent à type de rotation ou de flexion/extension, non stéréotypé, arythmique, sans finalité, touchant des territoires variés (visage, cou, tronc, membres), présent au repos et à l'action, survenant sur un fond d'hypotonie.","Contractions musculaires involontaires, prolongées, responsables d'une posture anormale et/ou de mouvements répétitifs, aggravées par les mouvements au voisinage de la zone atteinte et stéréotypées.","Secousses musculaires brusques, prenant leur origine au niveau du système nerveux central. Elles peuvent être segmentaires (focales ou multifocales) ou généralisées, isolées (arythmiques) ou répétitives (rythmiques, pouvant donner l'impression d'un tremblement, mais irrégulier).",A. Tremblement
OIC-107-02-A,Quelles sont les principales causes de tremblement en fonction du type sémio-logique (repos ou action)?,Tremblement parkinsonien,Tremblement essentiel,Tremblement cérébelleux,Exagération du tremblement physiologique,Tremblement parkinsonien
OIC-107-03-A,Quels sont les principaux médicaments susceptibles d’induire les différents types de mouvements anormaux?,Neuroleptiques et autres traitements,"Antidépresseurs, antipsychotiques et antiépileptiques","Lithium, inhibiteurs calciques, cocaïne et amphétamines",Monoxyde de carbone et autres toxiques,Neuroleptiques et autres traitements
OIC-107-04-A,Quel est l'objectif de connaissance OIC-107-04-A dans le domaine de la neurologie?,Identifier les mouvements anormaux sur des cas vidéo typiques,Dégager les principaux mouvements anormaux sur des cas vidéo typiques,Classer les mouvements anormaux sur des cas vidéo typiques en fonction de leur gravité,Interpréter les mouvements anormaux sur des cas vidéo typiques pour établir un diagnostic préliminaire,Dégager les principaux mouvements anormaux sur des cas vidéo typiques
OIC-107-05-B,Quels sont les principaux signes cliniques de la maladie de Huntington?,Troubles cognitifs,Mouvements anormaux,Troubles psychiatriques,Tous les trois,Tous les trois
OIC-107-06-A,Quelles sont les principales expressions des tics ?,Tics moteurs et tics vocaux simples,Tics moteurs et tics vocaux complexes,Tics moteurs seulement,Tics vocaux seulement,Tics moteurs et tics vocaux simples
OIC-107-07-B,Quelles sont les principales formes de dyskinésies ?,Dyskinésies induites par la L-odopa et par les neuroleptiques,Tics convulsifs et dystonies,Mouvements anormaux involontaires,"Tics, dystonies et parkinsonisme",Dyskinésies induites par la L-odopa et par les neuroleptiques
OIC-108-01-B,Quels sont les principaux facteurs de risque et déclencheurs de la confusion mentale ?,Troubles neurosensoriels (anomalie de la vision ; baisse de l'audition/surdité),Pathologies psychiatriques chroniques (consultation de suivi et traitement de fond d'un patient souffrant d'un trouble psychiatrique chronique (hors dépression) ; consultation de suivi et traitement de fond d'un patient dépressif),Consommation d’alcool et de psychotropes (prévention des risques liés à l'alcool),"Immobilisation (hospitalisation, réanimation, phase de réveil post-opératoire ; prise en charge d’un patient en décubitus prolongé)","Troubles neurosensoriels (anomalie de la vision ; baisse de l'audition/surdité) ; Pathologies psychiatriques chroniques (consultation de suivi et traitement de fond d'un patient souffrant d'un trouble psychiatrique chronique (hors dépression) ; consultation de suivi et traitement de fond d'un patient dépressif) ; Consommation d’alcool et de psychotropes (prévention des risques liés à l'alcool) ; Immobilisation (hospitalisation, réanimation, phase de réveil post-opératoire ; prise en charge d’un patient en décubitus prolongé) ; Trouble neurocognitif sous-ject (justifié de réévaluer l'état cognitif des patients à distance (à 6 mois) de l'épisode confusionnel (consultation et suivi d'un patient ayant des troubles cognitifs))"
OIC-108-02-A,Quelle est la définition de la confusion et de la démence?,Trouble attentionnel sévère lié à une altération modérée de la vigilance,"Aigu ou subaigu, fluctuant (inversion du rythme nycthéméral)",Entraînant une désorganisation de la pensée et des troubles du comportement,Altération durable et acquise d'une ou plusieurs fonctions cognitives et/ou comportementales,Trouble attentionnel sévère lié à une altération modérée de la vigilance
OIC-108-03-A,Quelles sont les principales causes neurologiques de confusion mentale?,Hémorragie méningée,Méningites et méningo-encéphalites,Processus expansifs intracrâniens,Traumatisme crânien,"Hémorragie méningée, Méningites et méningo-encéphalites, Processus expansifs intracrâniens, Traumatisme crânien"
OIC-108-04-A,Quelles sont les principales causes non neurologiques de confusion mentale?,"Toxiques, métaboliques, infectieuses","Alcoolisme, carences vitaminiques, infections urinaires","Troubles hydro-électrolytiques, hypoglycémie, endocrinopathies","Insuffisances rénale, hépatique et cardiorespiratoire chroniques décompensées ou aigües, fécalome, rétention aiguë d’urines, douleur","Toxiques, métaboliques, infectieuses"
OIC-108-05-A,Quels sont les éléments d'un bilan complet pour une personne présentant des troubles de la conscience ?,"A. Bilan sanguin, urinaires et biologie hépatique","B. Bilan sanguin, électrocardiogramme (ECG) et scanner cérébral sans injection","C. Bilan sanguin, électrocardiogramme (ECG), scanner cérébral sans injection et ponction lombaire","D. Bilan sanguin, électrocardiogramme (ECG) et analyse du liquide cérébrospinal","C. Bilan sanguin, électrocardiogramme (ECG), scanner cérébral sans injection et ponction lombaire"
OIC-108-06-A,La confusion mentale est une urgence médicale nécessitant presque toujours une hospitalisation immédiate.,Faire les prescriptions d’urgence et traitement de la cause,"Prescrire des psychotropes sédatifs seulement s'ils sont indispensables, à petites doses et avec précautions","Eviter, dans la mesure du possible, la contention physique",Assurer une surveillance des constantes vitales et de la conscience fréquente et régulière,Faire les prescriptions d’urgence et traitement de la cause
OIC-108-07-B,Quels sont les principaux éléments neuropathologiques de la maladie d'Alzheimer?,A) Accumulation de protéine tau anormalement phosphorylée,B) Perte des neurones dans le cortex visuel primaire,C) Plaques amyloïdes formées par l'accumulation du peptide β-amyloïde Aβ-42,D) Atrophie de la corne optique antérieure,C) Plaques amyloïdes formées par l'accumulation du peptide β-amyloïde Aβ-42
OIC-108-08-A,Quelles sont les manifestations cliniques de la Maladie d’Alzheimer aux différentes phases?,La phase prédémentielle ou prodromale,La phase d'état ou de démence (légère à modérée),La phase de démence sévère,Toutes les options sont correctes.,Toutes les options sont correctes.
OIC-108-09-A,Le trouble de consolidation en mémoire épisodique est caractéristique de la maladie d'Alzheimer.,Le trouble de consolidation en mémoire épisodique est caractéristique de la maladie d'Alzheimer.,Le trouble de consolidation en mémoire épisodique n'est pas pathognomonique pour la maladie d'Alzheimer.,Le trouble de consolidation en mémoire épisodique peut être suspecté par l'épreuve des cinq mots.,Le trouble de consolidation en mémoire épisodique est un bon argument clinique en faveur d'une maladie d'Alzheimer.,Le trouble de consolidation en mémoire épisodique est caractéristique de la maladie d'Alzheimer.
OIC-108-10-A,Les principaux diagnostics différentiels de la MA sont :,La confusion mentale (confusion mentale/désorientation),Les causes fonctionnelles de trouble cognitif,Les causes organiques,Les encéphalopathies subaiguës et les autres démences dégénératives,La confusion mentale (confusion mentale/désorientation)
OIC-108-11-A,La prise en soins non médicamenteuse de la Maladie d’Alzheimer (MA) vise à :,Stabiliser ou compenser le trouble neurocognitif,Éviter le retrait social et l'absence de stimulation physique et cognitive,"Soutenir les familles, souvent épuisées",Toutes les réponses sont correctes,"Stabiliser ou compenser le trouble neurocognitif; Éviter le retrait social et l'absence de stimulation physique et cognitive; Soutenir les familles, souvent épuisées"
OIC-108-12-B,Quelle est la principale région cérébrale responsable des fonctions exécutives?,Lobe frontal,Lobe pariétal,Lobe temporal,Lobe occipital,Lobe frontal
OIC-108-13-B,"L'imagerie n'est pas recommandée de façon systématique dans la confusion (confusion mentale/désorientation), mais un scanner ou une IRM cérébrale doit être demandé en urgence au moindre doute de lésion neurologique.",L'imagerie est recommandée de façon systématique dans la confusion.,Un scanner ou une IRM cérébrale n'est pas demandé en urgence au moindre doute de lésion neurologique.,La demande d'un examen d'imagerie est conditionnelle à un signe de focalisation à l'examen neurologique.,La demande d'un examen d'imagerie n'est pas conditionnelle à un signe de focalisation à l'examen neurologique.,Un scanner ou une IRM cérébrale doit être demandé en urgence au moindre doute de lésion neurologique.
OIC-108-14-B,Quelle est la sémiologie en imagerie d'un hématome sous- dural chronique?,"collection extraparenchymateuse à contenu liquidien, parfois associée à un saignement récent, habituellement en forme de « croissant », limitée par les sinus duraux, et assez souvent bilatéral","collection extraparenchymateuse à contenu sanguin, en forme de « croissant », limitée par les sinus duraux, et assez souvent bilatéral","collection extraparenchymateuse à contenu liquide, en forme de « croissant », limitée par les sinus duraux, et assez souvent unilatéral","collection extraparenchymateuse à contenu sanguin, en forme de « croissant », limitée par les sinus duraux, et assez souvent unilatéral","collection extraparenchymateuse à contenu liquidien, parfois associée à un saignement récent, habituellement en forme de « croissant », limitée par les sinus duraux, et assez souvent bilatéral"
OIC-108-15-A,"Quelle est la cause probable du signe radiologique décrit dans le scanner sans injection montrant une collection péri cérébrale de la convexité hémisphérique gauche, majoritairement hypo dense, en forme de « croissant de lune », avec présence additionnelle de zones spontanément hyper denses ?",Hématome sous-archinoidien récent.,Hématome sous-archinoidien chronique.,Accident vasculaire cérébral.,Tumorale.,B) Hématome sous-archinoidien chronique.
OIC-108-16-B,Quelle est la sémiologie en imagerie de l’hydrocéphalie chronique de l’adulte?,"Anomalies visibles au scanner cérébral ou à l'IRM, dilatation tétraventriculaire, absence d’effet de masse par opposition aux hydrocéphalies obstructives liées à la présence d'un obstacle identifié d'écoulement du LCR, suffusion de liquide dans le parenchyme périventriculaire entraîant des anomalies radiologiques de la substance blanche périventriculaire.","Anomalies visibles au scanner cérébral ou à l'IRM, dilatation tétraventriculaire, absence d’effet de masse par opposition aux hydrocéphalies obstructives liées à la présence d'un obstacle identifié d'écoulement du LCR.","Anomalies visibles au scanner cérébral ou à l'IRM, dilatation tétraventriculaire, absence d’effet de masse par opposition aux hydrocéphalies obstructives liées à la présence d'un obstacle identifié d'écoulement du LCR, suffusion de liquide dans le parenchyme périventriculaire entraîant des anomalies radiologiques de la substance blanche périventriculaire.","Anomalies visibles au scanner cérébral ou à l'IRM, dilatation tétraventriculaire, absence d’effet de masse par opposition aux hydrocéphalies obstructives liées à la présence d'un obstacle identifié d'écoulement du LCR, suffusion de liquide dans le parenchyme périventriculaire entraîant des anomalies radiologiques de la substance blanche périventriculaire, hypodensité au scanner ou hypersignal en pondération T2 en IRM.","Anomalies visibles au scanner cérébral ou à l'IRM, dilatation tétraventriculaire, absence d’effet de masse par opposition aux hydrocéphalies obstructives liées à la présence d'un obstacle identifié d'écoulement du LCR, suffusion de liquide dans le parenchyme périventriculaire entraîant des anomalies radiologiques de la substance blanche périventriculaire, hypodensité au scanner ou hypersignal en pondération T2 en IRM."
OIC-108-17-B,"Les indications des examens de médecine nucléaire dans les démences sont : toutes les formes de diagnostic difficile, patients vus au stade débutant de TNC mineur, profil clinique atypique, démence à début précoce. ",La scintigraphie de perfusion cérébrale,La scintigraphie des transporteurs de la Dopamine,La Tomographie par Emission de Positons au FluoroDéoxyGlucose (TEP-FDG),Toutes les trois options précédentes,Toutes les trois options précédentes
OIC-109-01-A,Quels sont les éléments essentiels à prendre en compte lors d'un interrogatoire pour un trouble de la marche?,"La date de début des troubles, leur mode d'installation et le type de la plainte principale",L'évaluation de la sévérité du trouble dans la vie quotidienne,Évaluer la capacité du sujet à monter ou descendre un escalier,Connaitre la liste complète des médicaments pris par le patient,"La date de début des troubles, leur mode d'installation et le type de la plainte principale"
OIC-109-02-A,Quels sont les éléments à prendre en compte lors de l'examen clinique d'un patient présentant un trouble de la marche et de l'équilibre?,"L'examinateur doit pouvoir apprécier la locomotion, la posture et l'équilibre.",L'examinateur ne doit pas tester l'équilibre avec les yeux fermés.,L'examen neurologique doit être limité à la recherche d'un déficit moteur.,L'examen général doit se limiter à l'examen dermatologique et ostéoarticulaire.,A
OIC-109-03-B,Quel est le test clinique qui évalue l'équilibre et la marche en utilisant une échelle de Berg?,.        Test de marche de 6 minutes,.        Functional ambulation classification (FAC),.        Echelle d'équilibre de Berg,.        Posture dans les plans frontaux et sagittaux,.        Echelle d'équilibre de Berg
OIC-109-04-A,"Les différentes origines des troubles de la marche sont : douloureuse, ataxique, centrale et périphérique. Les options correctes sont : a) Douloureuse, b) Ataxique, c) Centrale et d) Périphérique.",Douloureuse,Ataxique,Centrale,Périphérique,b) Ataxique
OIC-109-05-A,"Quel est le diagnostic d'une personne qui esquive en marchant, fait des gestes de salutation avec la main et utilise la technique de Trendelebourg ?",Fracture du fémur,Tendinite patellaire,Luxation de l'épaule,Boiterie fonctionnelle,Boiterie fonctionnelle
OIC-109-06-A,Quelle est la définition de l’astasie-abasie?,Anxieté lorsqu'il faut marcher,Peur de tomber en marchant,Trouble du mouvement et de l'équilibre,Manque d'habileté motrice,Peur panique de marcher
OIC-109-07-B,Quelles sont les étiologies de l'astasie-abasie?,"Astasie-abasie psychogène (syndrome dépressif, syndrome de glissement)",Astasie-abasie secondaire (non psychogène) : apraxie de la marche ou ataxie frontale,Atteinte neurologique générale,Troubles du système musculoskeletal,"Astasie-abasie psychogène (syndrome dépressif, syndrome de glissement)"
OIC-109-08-B,Quelle est l'étiologie des démarches dandinantes?,Les démarches dandinantes sont dues à un déficit moteur des muscles des racines des membres inférieurs et de la ceinture pelvienne.,Les démarches dandinantes sont caractéristiques des démarches myopathiques.,"Les démarches dandinantes peuvent être précédées ou associées à des myalgies, des crampes musculaires lorsque la myopathie est de type métabolique ou inflammatoire.",Les démarches dandinantes sont dues à un déficit moteur des muscles des racines des membres supérieurs et de la ceinture scapulaire.,Les démarches dandinantes sont caractéristiques des démarches myopathiques.
OIC-109-09-A,Le syndrome post chute comprend les éléments suivants:,"Une composante motrice avec tendance à la rétropulsion et impossibilité de passage en antépulsion, marche talonnante avec élargissement du polygone de sustentation et flexion des genoux.",Une composante psychologique avec anxiété majeure et peur du vide antérieur.,"Un syndrome de régression psychomotrice avec recherche de dépendance (clinophilie, incontinence, aide aux repas).",Un syndrome dépressif.,"Une composante motrice : tendance à la rétropulsion et impossibilité de passage en antépulsion, marche talonnante avec élargissement du polygone de sustentation et flexion des genoux. Une composante psychologique : anxiété majeure et peur du vide antérieur. Un syndrome de régression psychomotrice : recherche de dépendance (clinophilie, incontinence, aide aux repas). Un syndrome dépressif."
OIC-109-10-B,Quel est l'élément caractéristique d'un trouble psychogène de la marche?,Une marche bondissante ou robotique,Un ralentissement psycho-moteur avec une lenteur à la marche,Les deux options précédentes,Aucun des éléments précédents ne caractérise un trouble psychogène de la marche,Une marche bondissante ou robotique
OIC-109-11-B,Quel trouble de la marche est illustré dans cette vidéo ?,Ataxie cérébelleuse,Hypotonie,Asthenie,Paraparésie,Ataxie cérébelleuse
OIC-109-12-A,Quand une IRM cérébrale est-elle indiquée dans le contexte d'un trouble de la marche ou de l'équilibre ?,Seule en cas de symptomatologie aiguë brutale,Dans les deux cas : symptomatologie aiguë brutale et non aigue,Seule en cas de symptomatologie non aigue,"En cas de suspicion d'hydrocéphalie chronique chez l'adulte ou un hématome sous-dural, quelle que soit la gravité du tableau clinique",Seule en cas de symptomatologie aiguë brutale
OIC-109-13-A,Quels sont les principaux examens complémentaires hors imagerie devant un trouble de la marche ou de l'équilibre?,"Bilan biologique (Hypoglycémies, troubles ioniques : dyskaliémie, hypercalcémie, hypocalcémie, hyponatrémie, Anémie) gaz du sang, RP (embolie pulmonaire)",ECG : troubles du rythme,"Scanner cérébral sans injection : (hématome sous dural, hématome extra dural, AVC)",Tous les options précédents,Tous les options précédents
OIC-112-01-A,Quelle est la définition d'une dermatose bulleuse auto-immune?,Une dermatose bulleuse auto-immune est caractérisée par des lésions cutanées le plus souvent bulleuses siégeant sur la peau ou les muqueuses.,Une dermatose bulleuse auto-immune est une maladie définie par la présence d'immunoglobulines déposées à la jonction dermo-épidermique ou à la surface des kératinocytes.,Une dermatose bulleuse auto-immune est caractérisée par des lésions cutanées le plus souvent bulleuses siégeant sur la peau ou les muqueuses externes.,Une dermatose bulleuse auto-immune est une maladie définie par la présence d'immunoglobulines déposées à la jonction dermo-épidermique ou à la surface des kératinocytes et caractérisée par des lésions cutanées le plus souvent bulleuses siégeant sur la peau ou les muqueuses externes.,Une dermatose bulleuse auto-immune est une maladie définie par la présence d'immunoglobulines déposées à la jonction dermo-épidermique ou à la surface des kératinocytes et caractérisée par des lésions cutanées le plus souvent bulleuses siégeant sur la peau ou les muqueuses externes.
OIC-112-02-A,"Une dermatose bulleuse auto-immune doit être suspectée cliniquement devant des lésions cutanées à type de bulle, d’érosion post-bulleuse, de décollement en linge mouillé et de signe de Nikolsky. Elle doit cependant également être évoquée devant des lésions vésiculeuses, des plaques urticariennes, des lésions eczématiformes et des érosions des muqueuses (buccales, conjonctivales, nasales, génitales, anales, oesophagiennes, laryngo-pharyngées). La confirmation diagnostique passe par la réalisation de deux biopsies cutanées, l’une pour une analyse histologique standard et l’autre pour un examen en immunofluorescence directe. L’analyse histologique permet de distinguer le lieu de formation de la bulle dans la peau (intra épidermique ou sous épidermique) mais ne précise pas le mécanisme de formation de la bulle. C’est la positivité de l’immunofluorescence directe lorsqu’elle met en évidence la présence d’auto anticorps au sein des lésions qui permet d’affirmer la nature auto immune d’une dermatose bulleuse. Dans le cas où l’immunofluorescence directe est négative, le diagnostic de dermatose bulleuse auto immune est écarté.","La dermatose bulleuse auto-immune doit être suspectée cliniquement devant des lésions cutanées à type de bulle, d’érosion post-bulleuse, de décollement en linge mouillé et de signe de Nikolsky.","Une dermatose bulleuse auto-immune doit également être évoquée devant des lésions vésiculeuses, des plaques urticariennes, des lésions eczématiformes et des érosions des muqueuses (buccales, conjonctivales, nasales, génitales, anales, oesophagiennes, laryngo-pharyngées).","La confirmation diagnostique passe par la réalisation de deux biopsies cutanées, l’une pour une analyse histologique standard et l’autre pour un examen en immunofluorescence directe.",L’analyse histologique permet de distinguer le lieu de formation de la bulle dans la peau (intra épidermique ou sous épidermique) mais ne précise pas le mécanisme de formation de la bulle.,"C’est la positivité de l’immunofluorescence directe lorsqu’elle met en évidence la présence d’auto anticorps au sein des lésions qui permet d’affirmer la nature auto immune d’une dermatose bulleuse. Dans le cas où l’immunofluorescence directe est négative, le diagnostic de dermatose bulleuse auto immune est écarté."
OIC-112-03-B,Quelle est la principale différence clinique entre une pemphigoïde bulleuse et un pemphigus?,La pemphigoïde bulleuse touche les muqueuses externes alors que le pemphigus ne les touche pas.,Le pemphigus est plus âgé que la pemphigoïde bulleuse.,"Les lésions de la pemphigoïde bulleuse sont localisées à la racine et sur les faces de flexion des membres, tandis que le pemphigus affecte les muqueuses buccales et cutanées.",La pemphigoïde bulleuse est caractérisée par une hyperéosinophilie sanguine alors que le pemphigus ne l'est pas.,"Les lésions de la pemphigoïde bulleuse sont localisées à la racine et sur les faces de flexion des membres, tandis que le pemphigus affecte les muqueuses buccales et cutanées."
OIC-112-04-A,La biopsie cutanée avec examen en immunofluorescence directe est utile dans le diagnostic de maladie bulleuse auto-immune ou d'évoquer une cause non auto immune de maladie bulleuse.,Permet d'affirmer le diagnostic de maladie bulleuse auto-immune,Orient vers d'autres étiologies de lésions bulleuses,Fait la distinction entre les dermatoses sous-épidermiques et intra-épidermiques,Aucun des trois,Permet d'affirmer le diagnostic de maladie bulleuse auto-immune
OIC-112-05-B,Quelles sont les autres étiologies des maladies bulleuses?,Toxidermie bulleuse,Érythème polymorphe bulleux,Bulles d’origine thermique,Bulles d’origine caustique,"Toxidermie bulleuse, Érythème polymorphe bulleux, Bulles d’origine thermique, Bulles d’origine caustique, Phytophotodermatose, ""Coup de soleil"", Piqure d’insecte, Vascularite"
OIC-112-06-A,Quelle est la lésion cutanée caractéristique de la varicelle ?,Une échancrure rougeâtre avec des bords rouges et saillants.,Un papule rose à surface lisse.,Une bulle tendue à contenu clair siégeant sur le dessus du pied.,Une croûte épaisse blanchâtre avec des bords rouges et saillants.,Une bulle tendue à contenu clair siégeant sur le dessus du pied.
OIC-112-07-B,La photographie représente une pemphigoïde bulleuse.,Une dermatose infectieuse,Un type de leishmaniasis cutanée,Une forme de pemphigus,Une éruption urticarienne,Une forme de pemphigus
OIC-112-08-B,La photographie représente une patiente atteinte de quel type de pemphigus?,Pemphigus foliaceus,Pemphigus vulgaris,Pemphigus vegetans,Pemphigus gestationis,Bulles tendues ou flasques du dos et multiples érosions à bords déchiquetés chez une patiente atteinte de pemphigus
OIC-121-01-A,Qu'est-ce qu'un handicap psychique?,Un trouble psychiatrique qui entraîne une altération des capacités cognitives ou des biais cognitifs,Une déficience intellectuelle liée à un trouble psychiatrique,Un handicap causé par un trouble psychiatrique chronique,Un trouble psychiatrique qui entraîne une altération des capacités cognitives ou des biais cognitifs et perturbent les relations sociales ou les activités quotidiennes,Une déficience intellectuelle liée à un trouble psychiatrique
OIC-121-02-B,La prise en charge du handicap psychique vise à aider la personne à se rétablir. Elle repose sur les techniques de réhabilitation psychosociales. Le rétablissement inclut le développement de compétences permettant à la personne d’apprendre à vivre avec ou faire face aux trois niveaux du handicap cités plus haut.,Aider la personne à se rétablir,Utiliser les techniques de réhabilitation psychosociales,Développer des compétences pour vivre avec le handicap,Faire face aux trois niveaux du handicap,Aider la personne à se rétablir
OIC-121-03-B,Quelles sont les trois principales méthodes pour aider un patient à développer des compétences pour limiter les conséquences d'un trouble psychique ?,"L'éducation thérapeutique, la psychothérapie et la remédiation cognitive.","La psychothérapie, l'entraînement aux habilités sociales et la remédiation cognitive.","L'éducation thérapeutique, le coaching social et la réadaptation cognitive.","Le coaching social, la psychothérapie et la réadaptation cognitive.","La psychothérapie, l'entraînement aux habilités sociales et la remédiation cognitive."
OIC-121-04-B,Quelles sont les mesures sociales pour la vie quotidienne dans le cas d'un patient avec un handicap psychique?,Le patient vit seul et s'occupe de sa vie quotidienne sans aide.,Le patient vit chez lui avec une aide à domicile qui l'aide à s'occuper de sa vie quotidienne.,Le patient vit dans un établissement d'hébergement collectif pour personnes handicapées.,Le patient vit dans une famille d'accueil spécialisée pour personnes handicapées.,Le patient vit chez lui avec une aide à domicile qui l'aide à s'occuper de sa vie quotidienne.
OIC-121-05-B,Quel type de mesure de protection juridique peut être mis en place selon le niveau de handicap de la personne?,Une mesure de sauvegarde de justice,Une curatelle,Une tutelle,Aucune des trois mesures précédentes,Une mesure de sauvegarde de justice
OIC-124-01-A,Quelle est la définition de la ménopause ?,Un arrêt permanent des menstruations résultant d’une perte de l’activité folliculaire ovarienne.,"Une période d'amenorrhée consécutive de 12 mois sans cause physiologique ou pathologique évidente chez une femme de plus de 45 ans, associée à des signes cliniques évocateurs.",La ménopause est la fin définitive des règles.,La ménopause est le début définitif des règles.,Un arrêt permanent des menstruations résultant d’une perte de l’activité folliculaire ovarienne.
OIC-124-02-B,Quel âge médian la ménopause naturelle est-elle atteinte dans la population européenne?,49 ans,50 ans et demi,51 ans,52 ans,option_b
OIC-124-03-B,Quelle est la définition et les modalités du diagnostic d’une insuffisance ovarienne prématurée?,La survenue d'une aménorrhée primaire ou secondaire de plus de 4 mois avant l'âge de 40 ans associée à une augmentation des gonadotrophines hypophysaires.,Une augmentation de FSH > 25 UI/ml avec un estradiol < 20 pg/ml à 2 reprises à 4 semaines d'intervalle.,La survenue d'une aménorrhée primaire ou secondaire de plus de 4 mois avant l'âge de 40 ans sans augmentation des gonadotrophines hypophysaires.,Une augmentation de FSH > 25 UI/ml avec un estradiol < 20 pg/ml à une seule reprise.,La survenue d'une aménorrhée primaire ou secondaire de plus de 4 mois avant l'âge de 40 ans associée à une augmentation des gonadotrophines hypophysaires.
OIC-124-04-A,Quels sont les éléments cliniques positifs et/ou biologiques qui permettent de poser le diagnostic de ménopause?,Aménorrhée,Symptômes climatériques,Dosage du FSH > 30 UI/ml + estradiol < 10-20 pg/ml,Hystérectomie,Aménorrhée
OIC-124-05-A,Quels sont les principaux symptômes du syndrome climatérique?,Troubles vasomotrices et troubles du sommeil,"Humeur triste/douleur morale, arthralgies de type inflammatoire associées à un dérouillage matinal","Sécheresse vulvo-vaginale, prise de poids, perte d'attention/perte de mémoire","Asthénie, insomnies, sueurs nocturnes",Troubles vasomotrices et troubles du sommeil
OIC-124-06-B,Savoir distinguer des bouffées de chaleur typiques et atypiques,"Les bouffées vaso-motrices typiques surviennent au moment de la péri- ménopause ou de la ménopause, sont essentiellement nocturnes mais peuvent aussi être diurnes, ne cèdent pas avec l'utilisation d'un traitement hormonal de ménopause adapté et ne sont pas associées à d'autres signes fonctionnels.","Les bouffées vaso- motrices atypiques surviennent ou réapparaissent à distance de la ménopause, présentent des modifications des BVM habituelles ou sont associées à d'autres signes fonctionnels tels que céphalées, palpitations, malaises, diarrhées, poussées hypertensives.","Les bouffées vaso- motrices typiques et atypiques peuvent être diagnostiquées par un interrogatoire sémiologique, l'examen clinique et des examens complémentaires en fonction des données de l'examen clinique.","Les bouffées vaso- motrices typiques sont caractérisées par une sensation soudaine de chaleur accompagnée de sueurs, entravant le sommeil, pouvant aller jusqu'à la bouffée vasomotrice invalidante. L'expression, la durée, la date d'apparition et l'intensité des bouffées de chaleur sont très variables d'une femme à l'autre.","Les bouffées vaso- motrices typiques sont caractérisées par une sensation soudaine de chaleur accompagnée de sueurs, entravant le sommeil, pouvant aller jusqu'à la bouffée vasomotrice invalidante. L'expression, la durée, la date d'apparition et l'intensité des bouffées de chaleur sont très variables d'une femme à l'autre."
OIC-124-07-A,Quels sont les signes cliniques d'hypoœstrogénie et d'hyperœstrogénie dans le climatère ?,"A. Bouffées vasomotrices, sueurs nocturnes, sécheresse vulvo-vaginale, prise de poids, arthralgies, myalgies.","B. Mastodynies bilatérales, douleurs pelviennes, prise de poids avec sensation de gonflement, pertes vaginales « blanches », irritabilité.","C. Troubles du sommeil, sueurs nocturnes, sécheresse vulvo-vaginale, prise de poids, arthralgies, myalgies.","D. Mastodynies bilatérales, douleurs pelviennes, prise de poids avec sensation de gonflement, pertes vaginales « blanches », irritabilité.","B. Mastodynies bilatérales, douleurs pelviennes, prise de poids avec sensation de gonflement, pertes vaginales « blanches », irritabilité."
OIC-124-08-B,Quels sont les effets à court terme du syndrome génito-urinaire de la ménopause (SGUM) ?,Douleur et irritation vulvaire,Fréquence urinaire accrue,Incontinence,Toutes les réponses sont correctes,Toutes les réponses sont correctes
OIC-124-09-B,Quels sont les objectifs du traitement hormonal de la ménopause (THM)?,Corriger la symptomatologie fonctionnelle du climatère et prévenir les conséquences tissulaires à long terme de la carence estrogénique.,Améliorer le sommeil et réduire les bouffées de chaleur.,Augmenter l'appétit et favoriser le maintien du poids.,Prévenir l'ostéoporose et le développement d'athérosclérose.,Corriger la symptomatologie fonctionnelle du climatère et prévenir les conséquences tissulaires à long terme de la carence estrogénique.
OIC-124-10-B,"Avant la prescription du THM, quelles sont les examens complémentaires nécessaires pour une femme ménopausée ?",La mammographie et l'ostéodensitométrie,La mammographie et l'échographie utéro-ovarienne,"Le bilan biologique minimum avec dosage du cholestérol total, des triglycérides et de la glycémie à jeun",Toutes les options précédentes,La mammographie et l'ostéodensitométrie
OIC-124-11-B,Quelles sont les contre-indications à la prise orale de THM ?,Hypertriglycéridémie,HTA (Hypertension Arteriale),Facteurs de risque thrombo-embolique veineux chez les femmes,Toutes les options précédentes,Toutes les options précédentes
OIC-124-12-B,Balance bénéfices risques du THM en cas de ménopause naturelle et en cas d'insuffisance ovarienne prématurée et les alternatives au THM,Le THM est toujours considéré comme positif chez une femme symptomatique et/ou à risque d’ostéoporose dans les 10 premières années de la ménopause ou avant 60 ans.,La balance bénéfices/risques du THS est positive en cas d’IOP en annulant les risques cardio-vasculaires et osseux induits par la carence estrogénique précoce.,"Les alternatives pharmacologiques, compléments alimentaires, phytoestrogènes, extraits de pollens, phytotherapie ne sont pas efficaces pour le traitement des bouffées vaso-motrices.","Quelques données indiquent que l’acupuncture, le yoga ou l’hypnose permettraient de réduire la fréquence et l’intensité des BVM.",Le THM est toujours considéré comme positif chez une femme symptomatique et/ou à risque d’ostéoporose dans les 10 premières années de la ménopause ou avant 60 ans.
OIC-124-13-B,"Les mesures hygiéno-diététiques recommandées chez la femme ménopausée sont : A) Eviction des facteurs de risques cardio vasculaire (tabac, alcool), B) Augmentation des dépenses énergétiques : activité physique régulière, C) Modérer l’apport énergétique glucidique et lipidique, D) Apports suffisant en calcium et vitamine D : supplémentation si besoin, en particulier en cas d’ostéoporose.","Eviction des facteurs de risques cardio vasculaire (tabac, alcool)",Augmentation des dépenses énergétiques : activité physique régulière,Modérer l’apport énergétique glucidique et lipidique,"Apports suffisant en calcium et vitamine D : supplémentation si besoin, en particulier en cas d’ostéoporose","Eviction des facteurs de risques cardio vasculaire (tabac, alcool), Augmentation des dépenses énergétiques : activité physique régulière, Modérer l’apport énergétique glucidique et lipidique, Apports suffisant en calcium et vitamine D : supplémentation si besoin, en particulier en cas d’ostéoporose"
OIC-124-14-A,Toute métrorragie chez une femme ménopausée doit être explorée afin d’éliminer un cancer endométrial.,La biopsie endométriale est indispensable en cas de positivité.,L'échographie pelvienne suffit à éliminer le cancer endométrial.,Une hystéroscopie diagnostique n'est pas nécessaire pour confirmer l'histologiquement.,Les facteurs de risque de cancer endométrial ne sont pas à rechercher.,La biopsie endométriale est indispensable en cas de positivité.
OIC-124-15-A,Quelle est la définition du syndrome de déficit en testostérone lié à l’âge (SDT)?,Le SDT est un syndrome biochimique caractérisé par une hypotestostéronémie et une diminution des androgènes sériques associée à une avancée en âge.,"Le SDT est un syndrome clinique caractérisé par une déclin physiologique de la testostérone, des symptômes spécifiques et une réduction des androgènes sériques chez les hommes après 40 ans d'âge.",Le SDT est un syndrome biologique caractérisé par une diminution des androgènes sériques et une avancée en âge sans l'apparition de symptômes spécifiques.,"Le SDT est un syndrome clinique caractérisé par une déclin physiologique de la testostérone, des symptômes spécifiques et une réduction des androgènes sériques chez les hommes après 50 ans d'âge.",Le SDT est un syndrome biochimique caractérisé par une hypotestostéronémie et une diminution des androgènes sériques associée à une avancée en âge.
OIC-124-16-B,Which of the following is responsible for the decrease in testosterone production with age?,Decreased stimulation of the hypothalamus by gonadotropin-releasing hormone (GnRH),Decreased secretion of luteinizing hormone (LH) and follicle-stimulating hormone (FSH) from the pituitary gland,Decreased sensitivity of Leydig cells to LH stimulation,Decreased production of gonadotropins by the hypothalamus,Decreased stimulation of the hypothalamus by gonadotropin-releasing hormone (GnRH)
OIC-124-17-A,Quels sont les éléments cliniques positifs et/ou biologiques qui permettent de poser le diagnostic d’andropause?,Aucun des symptômes ou signes précédents n'est spécifique à l'andropause.,"Les symptômes et signes cliniques positifs pour un diagnostic d'andropause sont: troubles de la sexualité, troubles neuropsychologiques, troubles vasomoteurs, obésité, syndrome métabolique, augmentation de la graisse viscérale, diminution de la pilosité avec atrophie cutanée et apparition d'une gynécomastie non douloureuse, signes en faveur d'une sarcopénie (fonte musculaire, diminution de la force musculaire), signes en faveur d'une diminution de la densité minérale osseuse (fracture récente, perte de taille etc.), une testostérone totale < 2,3 ng/ml OU une testostérone totale entre 2,3 et 3,5 ng/ml ET une testostérone biodisponible < 0,7 ng/ml ET une testostérone libre calculée < 0,07 ng/ml.","Les symptômes et signes cliniques positifs pour un diagnostic d'andropause sont: troubles de la sexualité, troubles neuropsychologiques, troubles vasomoteurs, obésité, syndrome métabolique, augmentation de la graisse viscérale, diminution de la pilosité avec atrophie cutanée et apparition d'une gynécomastie non douloureuse, signes en faveur d'une sarcopénie (fonte musculaire, diminution de la force musculaire), signes en faveur d'une diminution de la densité minérale osseuse (fracture récente, perte de taille etc.), une testostérone totale < 2,3 ng/ml OU une testostérone totale entre 2,3 et 3,5 ng/ml ET une testostérone biodisponible < 0,7 ng/ml ET une testostérone libre calculée < 0,07 ng/ml.","Les symptômes et signes cliniques positifs pour un diagnostic d'andropause sont: troubles de la sexualité, troubles neuropsychologiques, troubles vasomoteurs, obésité, syndrome métabolique, augmentation de la graisse viscérale, diminution de la pilosité avec atrophie cutanée et apparition d'une gynécomastie non douloureuse, signes en faveur d'une sarcopénie (fonte musculaire, diminution de la force musculaire), signes en faveur d'une diminution de la densité minérale osseuse (fracture récente, perte de taille etc.), une testostérone totale < 2,3 ng/ml OU une testostérone totale entre 2,3 et 3,5 ng/ml ET une testostérone biodisponible < 0,7 ng/ml ET une testostérone libre calculée < 0,07 ng/ml.","Les symptômes et signes cliniques positifs pour un diagnostic d'andropause sont: troubles de la sexualité, troubles neuropsychologiques, troubles vasomoteurs, obésité, syndrome métabolique, augmentation de la graisse viscérale, diminution de la pilosité avec atrophie cutanée et apparition d'une gynécomastie non douloureuse, signes en faveur d'une sarcopénie (fonte musculaire, diminution de la force musculaire), signes en faveur d'une diminution de la densité minérale osseuse (fracture récente, perte de taille etc.), une testostérone totale < 2,3 ng/ml OU une testostérone totale entre 2,3 et 3,5 ng/ml ET une testostérone biodisponible < 0,7 ng/ml ET une testostérone libre calculée < 0,07 ng/ml."
OIC-124-18-B,Quels sont les principaux diagnostics différentiels d'un déficit androgénique lié à l'âge (SDT) ?,Hypothyroïdie,Adénome hypophysaire,Adénome à prolactine,Hypognadisme iatrogène,Hypothyroïdie
OIC-124-19-B,Quels sont les effets secondaires d'un déficit androgénique lié à l'âge non traité?,"Troubles de la sexualité, troubles de l'humeur, troubles vasomoteurs","Obésité, gynoïdes, troubles neuropsychologiques","Signes d'ostéoporose, sarcopénie",Tous les symptômes mentionnés,"Troubles de la sexualité, troubles de l'humeur, troubles vasomoteurs"
OIC-127-01-A,Quelle est la définition clinique et l'histoire naturelle de l'hypertrophie bénigne de la prostate (HBP)?,L'hypertrophie bénigne de la prostate est une hyperplasie stromale et épithéliale de la zone de transition et péri-urétrale de la prostate.,L'hypertrophie bénigne de la prostate est caractérisée par une augmentation du volume de la prostate sans symptômes spécifiques.,L'hypertrophie bénigne de la prostate est une maladie rare qui affecte les hommes après 60 ans d'âge.,L'hypertrophie bénigne de la prostate ne provoque pas de symptômes du bas appareil urinaire et n'a aucune incidence sur la qualité de vie des patients.,L'hypertrophie bénigne de la prostate correspond à une hyperplasie stromale (fibro-musculaire) et épithéliale (glandulaire) de la zone de transition et péri-urétrale de la prostate.
OIC-127-02-A,"La démarche diagnostique d'une hypertrophie bénigne de la prostate (HBP) consiste à évoquer l'HBP devant des symptômes du bas appareil urinaire (SBAU), elle en est la cause la plus fréquente chez l'homme de plus de 50 ans. Le diagnostic positif se fait à partir du contexte clinique, de l'interrogatoire, de l'absence d'autre cause, et du résultat du toucher rectal.",La HBP est la première cause des SBAU chez les hommes âgés,Le diagnostic positif se fait par scanner ou biopsie transrectale,"Les diagnostics différentiels devant des SBAU incluent une recherche d'hématurie, de facteurs de risque de sténose de l'urètre et des signes évoquant une polyurie (diabète sucré, apnée du sommeil, insuffisance cardiaque, potomanie)",La HBP est diagnostiquée par toucher rectal,La HBP est la première cause des SBAU chez les hommes âgés
OIC-127-03-A,Les complications aiguës de l'Hypertrophie bénigne de la prostate justifient une prise en charge thérapeutique immédiate.,La rétention aigüe d’urines,Infection urinaire,Hématurie macroscopique,Insuffisance rénale aigue,La rétention aigüe d’urines
OIC-127-04-B,Quelles sont les complications chroniques de l'hypertrophie bénigne de la prostate?,Rétention chronique d'urines,Lithiase urinaire,Insuffisance rénale obstructive,Hernie de l'aine,Rétention chronique d'urines
OIC-127-05-A,Quels sont les symptômes cliniques de l'hypertrophie bénigne de la prostate?,Pollakiurie diurne et nocturne,Urgenturie,Dysurie,Miction en plusieurs temps,"Pollakiurie diurne et nocturne, Urgenturie, Dysurie, Miction en plusieurs temps"
OIC-127-06-B,Quelles sont les explorations paracliniques à faire en première intention pour le bilan d’une HBP?,"ECBU, débitmètre, résidu post-ictionnel","ECBU, cystoscopy, résidu post-ictionnel","ECBU, uroflowmetry, résidu post-ictionnel","Cystoscopy, débitmètre, résidu post-ictionnel","ECBU, débitmètre, résidu post-ictionnel"
OIC-127-07-B,Quels sont les examens complémentaires à réaliser dans le cadre d'une hypertrophie bénigne de la prostate ?,"PSA total, crétininémie, échographie de l'appareil urinaire","Urétro- cystoscopie, bilan urodynamique, calendrier mictionnel","Echographie rénale, vésicale et prostatique","PSA total, crétininémie, échographie de l'appareil urinaire, fibroscopie","PSA total, crétininémie, échographie de l'appareil urinaire, bilan urodynamique"
OIC-127-08-B,Quels sont les traitements possibles pour la hypertrophie bénigne de la prostate?,Abstention- surveillance,Traitement pharmacologique,Traitement chirurgical,Combinaison des trois,Combinaison des trois
OIC-127-09-A,Quelles sont les situations justifiant un avis spécialisé dans le cas d'hypertrophie bénigne de la prostate?,Aucune des situations mentionnées ne justifie un avis spécialisé.,Un seul des éléments cités justifie un avis spécialisé.,Deux des éléments cités justifient un avis spécialisé.,Trois des éléments cités justifient un avis spécialisé.,Trois des éléments cités justifient un avis spécialisé.
OIC-132-01-A,Quelle est la définition du DSM-5 des troubles neurocognitifs mineurs et majeurs?,"Troubles cognitifs mineurs : présence d’un déclin cognitif modéré à partir d’un niveau antérieur de performance dans un ou plusieurs domaines de la cognition, basé sur les activités instrumentales de la vie quotidienne étant préservées.","Troubles neurocognitifs majeurs : présence d’un déclin cognitif significatif à partir d’un niveau antérieur de performance dans un ou plusieurs domaines de la cognition, basé sur le fait que le déclin cognitif retentit sur l’autonomie dans les activités quotidiennes.",Les déficits cognitifs ne surviennent pas uniquement dans le contexte d’un délirium.,Les déficits cognitifs ne sont pas mieux expliqués par une autre affection mentale.,"B. Les déficits cognitifs n’interfèrent pas avec l’autonomie dans la vie quotidienne (c’est-à-dire les activités instrumentales de la vie quotidienne (IADL) comme payer ses factures ou ses médicaments sont préservés, mais nécessitent un plus grand effort, des stratégies compensatrices ou un ajustement)."
OIC-132-02-A,Quelles sont les lésions histopathologiques caractéristiques de la maladie d'Alzheimer?,Plaques amyloïdes,Dégénérescences neurofibrillaires,Activation de la neuroinflammation,Perte neuronale,"Plaques amyloïdes, Dégénérescences neurofibrillaires, Activation de la neuroinflammation et Perte neuronale."
OIC-132-03-A,Quelle est la deuxième cause de troubles cognitifs chez le sujet âgé après la maladie d'Alzheimer ?,La deuxième cause de troubles cognitifs chez le sujet âgé après la maladie d'Alzheimer est l'encéphalopathie vasculaire.,La deuxième cause de troubles cognitifs chez le sujet âgé après la maladie d'Alzheimer est l'angiopathie amyloïde.,La deuxième cause de troubles cognitifs chez le sujet âgé après la maladie d'Alzheimer est la maladie de Parkinson.,La deuxième cause de troubles cognitifs chez le sujet âgé après la maladie d'Alzheimer est l'hypoperfusion.,La deuxième cause de troubles cognitifs chez le sujet âgé après la maladie d'Alzheimer est l'encéphalopathie vasculaire.
OIC-132-04-B,Quels sont les critères cliniques positifs pour poser le diagnostic de maladie à corps de Lewy (MCL) ?,"Troubles cognitifs progressifs, syndrome parkinsonien surtout akinéto-rigide, troubles du comportement en sommeil paradoxal avec sensation de « rêve éveillé » voire des cauchemars violents, hallucinations visuelles précoces, fluctuations.","Troubles cognitifs progressifs, syndrome parkinsonien surtout akinéto-rigide, troubles du comportement en sommeil paradoxal avec sensation de « rêve éveillé » voire des cauchemars violents, dysautonomie avec hypotension orthostatique, hypersensibilité aux neuroleptiques.","Troubles cognitifs progressifs, syndrome parkinsonien surtout akinéto-rigide, troubles du comportement en sommeil paradoxal avec sensation de « rêve éveillé » voire des cauchemars violents, hallucinations visuelles précoces, hypersomnie.","Troubles cognitifs progressifs, syndrome parkinsonien surtout akinéto-rigide, troubles du comportement en sommeil paradoxal avec sensation de « rêve éveillé » voire des cauchemars violents, hypotension orthostatique, hypersensibilité aux neuroleptiques.","Troubles cognitifs progressifs, syndrome parkinsonien surtout akinéto-rigide, troubles du comportement en sommeil paradoxal avec sensation de « rêve éveillé » voire des cauchemars violents, hallucinations visuelles précoces, fluctuations."
OIC-132-05-A,Quelles sont les pathologies médicales pouvant induire des troubles neuro cognitifs réversibles ?,"Carences vitaminiques (B12, B9)",Hématome sous dural,Tumeur intra crânienne,Hydrocéphalie à pression normale,"Carences vitaminiques (B12, B9)"
OIC-132-06-A,Quelles sont les causes principales des troubles neurocognitifs selon le DSM 5 ?,"Maladie d’Alzheimer, Dégénérescence fronto-temporal","Maladie à corps de Lewy, Encéphalopathie neurovasculaire","Secondaire à un traumatisme cérébral, Secondaire à la prise de substance","Secondaire à une infection VIH, Maladie de Parkinson","Maladie d’Alzheimer, Dégénérescence fronto-temporal"
OIC-132-07-A,Quels sont les outils de repérage d'un trouble neuro-cognitif?,Mini Mental State Evaluation,Test des 5 mots de Dubois,BREF,Horloge,"Mini Mental State Evaluation, Test des 5 mots de Dubois, BREF, Horloge"
OIC-132-08-A,Quels sont les examens biologiques à réaliser devant un trouble neuro-cognitif ?,"Numération-formule sanguine, CRP, TSH, ionogramme sanguin avec calcémie, glycémie à jeun et albuminémie.","SGOT/SGPT, γGT, Sérologies TPHA-VDRL, HIV, Vitamines B12, B9.",Ponction lombaire selon le contexte.,Tous les examens proposés.,"Numération-formule sanguine, CRP, TSH, ionogramme sanguin avec calcémie, glycémie à jeun et albuminémie."
OIC-132-09-A,Quelle est la prise en charge médicale d'un patient avec trouble neuro-cognitif ?,"A. Mise en place d'une ALD 15, interventions non médicamenteuses, remédiation cognitive par orthophoniste ou en accueil de jour ou en hôpital de jour, Equipe de soin Alzheimer (ESA), éviter la iatrogenie, surveillance nutritionnelle, évaluation et prévention du risque de chutes, mise en place des aides après évaluation régulière du retentissement des troubles cognitifs sur l'indépendance fonctionnelle, suivi médical du patient voire de l'aidant âgé.","B. Mise en place d'une ALD 15, interventions non médicamenteuses, remédiation cognitive par orthophoniste ou en accueil de jour ou en hôpital de jour, Equipe de soin Alzheimer (ESA), éviter la iatrogenie, surveillance nutritionnelle, évaluation et prévention du risque de chutes, aide à domicile si nécessaire, suivi médical du patient voire de l'aidant âgé.","C. Mise en place d'une ALD 15, interventions non médicamenteuses, remédiation cognitive par orthophoniste ou en accueil de jour ou en hôpital de jour, Equipe de soin Alzheimer (ESA), éviter la iatrogenie, surveillance nutritionnelle, évaluation et prévention du risque de chutes, aide à domicile si nécessaire, suivi médical du patient voire de l'aidant âgé.","D. Mise en place d'une ALD 15, interventions non médicamenteuses, remédiation cognitive par orthophoniste ou en accueil de jour ou en hôpital de jour, Equipe de soin Alzheimer (ESA), éviter la iatrogenie, surveillance nutritionnelle, évaluation et prévention du risque de chutes, aide à domicile si nécessaire, suivi médical du patient voire de l'aidant âgé.","A. Mise en place d'une ALD 15, interventions non médicamenteuses, remédiation cognitive par orthophoniste ou en accueil de jour ou en hôpital de jour, Equipe de soin Alzheimer (ESA), éviter la iatrogenie, surveillance nutritionnelle, évaluation et prévention du risque de chutes, mise en place des aides après évaluation régulière du retentissement des troubles cognitifs sur l'indépendance fonctionnelle, suivi médical du patient voire de l'aidant âgé."
OIC-132-10-A,Connaître la prise en charge psycho-sociale d’un patient avec trouble neuro-cognitif,Adapter les aides en fonction de l'indépendance fonctionnelle du patient.,Protéger le patient des risques liés à son environnement et assurer sa sécurité.,Prise en charge des aidants pour mieux supporter leur rôle.,Proposer des thérapies non médicamenteuses adaptées au stade des troubles neurocognitifs.,Adapter les aides en fonction de l'indépendance fonctionnelle du patient.
OIC-132-11-B,Quels sont les symptômes psychologiques et comportementaux des démences ?,"Dépression/ dysphorie, anxiété, irritabilité/ labilité, apathie, exaltation/ euphorie, désinhibition, idées délirantes, hallucinations, agitation/ agressivité, comportements moteurs aberrants, troubles du sommeil, troubles de l'appétit.","Les symptômes psychologiques et comportementaux des démences incluent la dépression/dysphorie, l'anxiété, l'irritabilité/labilité, l'apathie, l'exaltation/euphorie, la désinhibition, les idées délirantes, les hallucinations, l'agitation/agressivité, les comportements moteurs aberrants, les troubles du sommeil et les troubles de l'appétit.","Les symptômes psychologiques et comportementaux des démences sont la dépression/dysphorie, l'anxiété, l'irritabilité/labilité, l'apathie, l'exaltation/euphorie, la désinhibition, les idées délirantes, les hallucinations, l'agitation/agressivité, les comportements moteurs aberrants, les troubles du sommeil et les troubles de l'appétit.","Les symptômes psychologiques et comportementaux des démences comprennent la dépression/dysphorie, l'anxiété, l'irritabilité/labilité, l'apathie, l'exaltation/euphorie, la désinhibition, les idées délirantes, les hallucinations, l'agitation/agressivité, les comportements moteurs aberrants, les troubles du sommeil et les troubles de l'appétit.","Les symptômes psychologiques et comportementaux des démences comprennent la dépression/dysphorie, l'anxiété, l'irritabilité/labilité, l'apathie, l'exaltation/euphorie, la désinhibition, les idées délirantes, les hallucinations, l'agitation/agressivité, les comportements moteurs aberrants, les troubles du sommeil et les troubles de l'appétit."
OIC-132-12-B,"Quelle est la démarche thérapeutique à suivre en cas de troubles du comportement (agitation, agressivité) chez un patient âgé présentant un trouble neuro-cognitif?","Éliminer un syndrome confusionnel, rechercher un facteur déclenchant ou aggravant des troubles du comportement et protéger le patient et se protéger.","Privilégier les approches non médicamenteuses : calme, paroles apaisantes, ne pas contre dire, activités occupationnelles.","Si nécessaire, approche médicamenteuse avec privilégement des benzodiazépines à demi-vie courte ou des antipsychotiques atypiques transitoirement dans le cadre de cures courtes.","Réévaluation de la pertinence des approches médicamenteuses et non médicamenteuses mises en place, éducation thérapeutique des aidants.","Si nécessaire, approche médicamenteuse avec privilégement des benzodiazépines à demi-vie courte ou des antipsychotiques atypiques transitoirement dans le cadre de cures courtes."
OIC-132-13-B,Quelles sont les lésions cérébrales caractéristiques de la maladie d'Alzheimer?,Plaques amyloïdes et dégénérescences neurofibrillaires,Activation de la neuroinflammation,Perte neuronale,"Co-existence de lésions vasculaires ischémiques diffuses ou lacunaires, des micro-hémorragies",Plaques amyloïdes et dégénérescences neurofibrillaires
OIC-132-14-B,Quels sont les éléments cliniques positifs qui permettent de poser le diagnostic d’une dégénérescence lobaire fronto-temporale (DFT) ?,Troubles du comportement,Syndrome dysexécutif,Atrophie frontale et temporale antérieure bilatérale à l’IRM encéphalique,Antécédents familiaux de DFT,Troubles du comportement
OIC-132-15-B,Quels sont les objectifs de l'IRM dans le cas d'un trouble neurocognitif?,Éliminer une cause curable des troubles cognitifs,Obtenir des éléments morphologiques pouvant orienter vers une étiologie des troubles cognitifs,Atrophie localisée,"Lésions vasculaires, microsaignement et ischémie récente",Obtenir des éléments morphologiques pouvant orienter vers une étiologie des troubles cognitifs
OIC-132-16-B,Quelle est la différence entre une tomodensitométrie d'un HSD chronique et un trouble cognitif du sujet âgé?,"Une tomodensitométrie d'un HSD chronique montre des lésions dans le cerveau, tandis qu'un trouble cognitif du sujet âgé est caractisé par une perte de mémoire.","Une tomodensitométrie d'un HSD chronique indique un taux élevé de lipides dans le cerveau, alors qu'un trouble cognitif du sujet âgé implique une réduction des connexions neuronales.","Une tomodensitométrie d'un HSD chronique montre une diminution de la densité osseuse au niveau du crâne, tandis qu'un trouble cognitif du sujet âgé est caractisé par un déficit en acides gras essentiels dans le cerveau.","Une tomodensitométrie d'un HSD chronique révèle une augmentation de la taille des ventricules latéraux, tandis qu'un trouble cognitif du sujet âgé est caractisé par un excès de protéines amyloïdes dans le cerveau.","Une tomodensitométrie d'un HSD chronique montre des lésions dans le cerveau, tandis qu'un trouble cognitif du sujet âgé est caractisé par une perte de mémoire."
OIC-133-01-A,Quelle est la définition de l'autonomie et comment elle diffère-t-elle de la dépendance fonctionnelle?,Autonomie: Capacité d'un individu à se gouverner lui-même. Dépendance fonctionnelle: Incapacité partielle ou totale d'un individu à effectuer certaines activités de la vie quotidienne sans aide.,Autonomie: Capacité d'un individu à prendre des décisions et à agir en fonction de son jugement. Dépendance fonctionnelle: Incapacité partielle ou totale d'un individu à effectuer certaines activités de la vie quotidienne sans aide.,"Autonomie: Capacité d'un individu à se nourrir, se laver et s'habiller par lui-même. Dépendance fonctionnelle: Incapacité partielle ou totale d'un individu à effectuer ces activités de la vie quotidienne sans aide.","Autonomie: Capacité d'un individu à prévoir et choisir, ainsi que la liberté et la capacité d'agir. Dépendance fonctionnelle: Incapacité partielle ou totale d'un individu à effectuer certaines activités de la vie quotidienne sans aide.","Autonomie: Capacité d'un individu à prévoir et choisir, ainsi que la liberté et la capacité d'agir. Dépendance fonctionnelle: Incapacité partielle ou totale d'un individu à effectuer certaines activités de la vie quotidienne sans aide."
OIC-133-02-B,Quels sont les critères utilisés pour attribuer un score GIR à une personne âgée dépendante?,Connaître la définition et les critères pour bénéficier de l’allocation personnalisée d’autonomie (APA),Connaître les éléments constitutifs du score GIR,Connaître les variables discriminantes utilisées pour le score GIR,Connaître la classification des groupes Iso-ressources (GIR) et leurs profils d’association de variables,Connaître les éléments constitutifs du score GIR
OIC-133-03-A,Quelles sont les principales causes de perte d’indépendance fonctionnelle chez le sujet âgé?,La maladie,Les soins,Un évènement de vie,Des difficultés socio-économiques,"La maladie, Les soins, Un évènement de vie, Des difficultés socio-économiques"
OIC-133-04-A,Connaître les principales échelles d’évaluation de la dépendance,Echelle de Katz,Echelle de Lawton,ADL (Activities of Daily Living),IADL (Instrumental Activities of Daily Living),Echelle de Katz et échelle de Lawton
OIC-133-05-B,Quelles sont les principales causes de dépendance iatrogène liée à l’hospitalisation?,Le syndrome d’immobilisation,La confusion aiguë,La dénutrition,Les chutes,Le syndrome d’immobilisation
OIC-133-06-B,Quelles sont les conséquences de la dépendance chez le patient et son aidant?,L'épuisement de l'aidant,La souffrance psychologique du patient,Isolement social pour le patient,Difficultés financières pour l'aidant,L'épuisement de l'aidant
OIC-133-07-A,Quelles sont les aides financières possibles selon le degré d'autonomie évaluée par la grille GIR ?,Allocation personne âgée (APA) et financement des aides à domicile.,Financement partiel pour l'accueil en EHPAD.,Aides financières versées par les caisses de retraite ou mutuelles au cas par cas.,Toutes les réponses précédentes.,Allocation personne âgée (APA) et financement des aides à domicile.
OIC-133-08-A,Quels sont les différents moyens de protection pour un sujet âgé dépendant?,Signalement au Procureur de la République,Mandat de protection future,Habilitation familiale,Sauvegarde de justice,A
OIC-133-09-B,Quels sont les dispositifs d'hébergement collectif pour les personnes âgées dépendantes?,Etablissements d’hébergement pour personnes âgées dépendantes (EHPAD),Etablissements d’hébergement pour personnes âgées (EHPA),Résidences autonomie,Etablissements de soins de longue durée (ou Unité de soins longue durée),Etablissements d’hébergement pour personnes âgées dépendantes (EHPAD)
OIC-134-01-A,"La douleur est actuellement définie par l'Association internationale pour l’Etude de la Douleur comme une expérience sensorielle et émotionnelle associée à, ou ressemblant à celle associée à, une lésion tissulaire réelle ou potentielle. Cette définition s’accompagne des commentaires suivants : La douleur est toujours une expérience personnelle influencée à des degrés divers par des facteurs biologiques, psychologiques sociaux et environnementaux. La douleur et la nociception sont deux phénomènes distincts. Au cours de leur vie, les individus apprennent le concept de douleur. Bien que la douleur puisse jouer un rôle adaptatif, elle peut avoir des effets délétères sur la fonction et le bien être social et psychologique. La description verbale de la douleur n’est qu’un des modes d’expression de la douleur ; l’incapacité à communiquer n’exclut pas la possibilité qu’une personne humaine ou un animal puissent ressentir une douleur. La douleur chronique est généralement définie comme une douleur persistante ou récurrente depuis au moins 3 mois et 2 mois pour la douleur chronique postopératoire.","La douleur est toujours une expérience personnelle influencée à des degrés divers par des facteurs biologiques, psychologiques sociaux et environnementaux.",La douleur et la nociception sont deux phénomènes distincts.,"Au cours de leur vie, les individus apprennent le concept de douleur.","Bien que la douleur puisse jouer un rôle adaptatif, elle peut avoir des effets délétères sur la fonction et le bien être social et psychologique.","La douleur est toujours une expérience personnelle influencée à des degrés divers par des facteurs biologiques, psychologiques sociaux et environnementaux."
OIC-134-02-B,Quelle est la physiopathologie de la douleur?,La douleur résulte d'une sur-stimulation des nocicepteurs.,La douleur est liée à une altération du système somato-sensoriel.,La douleur dépend de l'altération des systèmes de contrôle et de modulation.,La douleur résulte d'une inflammation périphérique.,La douleur dépend de l'altération des systèmes de contrôle et de modulation.
OIC-134-03-A,Quelle est l'échelle la plus utilisée pour évaluer la douleur chronique?,Questionnaire douleur de Mc Gill,EVA,EN,EVS,Questionnaire douleur de Mc Gill
OIC-134-04-A,Quelle est l'échelle d'auto-évaluation de la douleur la plus utilisée chez l'enfant ?,EVA,EN,EVS,Pas de douleur possible,EVA
OIC-134-05-B,Quelle est la prévalence des douleurs chroniques chez les adultes?,Un adulte sur deux,Un adulte sur trois,Deux adultes sur trois,Tous les adultes,Un adulte sur trois
OIC-134-06-A,Quelle est l'échelle d'auto-évaluation de la douleur reconnue pour être la plus utilisée chez les patients adultes communicants?,L’Échelle Visuelle Analogique (EVA),L’Échelle numérique (EN),L’échelle Verbale Simple (EVS) (ou échelle catégorielle),Toutes les précédentes,Toutes les précédentes
OIC-134-07-A,Quelles sont les principales étiologies des douleurs nociceptives?,Douleurs traumatiques et/ou per et postopératoires,Douleurs inflammatoires,Douleurs mécaniques liées au mouvement,Douleurs des maladies cancéreuses,"Douleurs traumatiques et/ou per et postopératoires, Douleurs inflammatoires, Douleurs mécaniques liées au mouvement, Douleurs des maladies cancéreuses"
OIC-134-08-A,Quelle est la définition des douleurs neuropathiques?,Douleurs causées par une lésion ou une maladie du système somatosensoriel,Douleurs liées à un excès de nociception,Douleurs dues à une activation anormale des nocicepteurs,Douleurs provoquées par l'excitation des fibres A delta,a
OIC-134-09-A,Quels sont les mécanismes des douleurs chez les cancéreux?,"Nociceptifs, neuropathiques, mixtes (neuropathiques et nociceptives), nociplastiques.","Neuropathiques, mixtes (neuropathiques et nociceptives), nociplastiques, nociceptifs.","Nociceptifs, neuropathiques, mixtes (neuropathiques et nociceptives), nociplastiques, autres.","Neuropathiques, mixtes (neuropathiques et nociceptives), nociplastiques, nociceptifs, autres.","Nociceptifs, neuropathiques, mixtes (neuropathiques et nociceptives), nociplastiques."
OIC-134-10-A,Quelles sont les particularités du diagnostic et de la prise en charge de la douleur chez le sujet âgé?,L'approche est similaire à celle utilisée chez l'enfant.,Il faut être vigilant aux signes d'appel de la douleur.,La douleur demeure sous-estimée et sous-traitée.,Les antalgiques sont prescrits en doses plus élevées que chez l'adulte.,La douleur demeure sous-estimée et sous-traitée.
OIC-134-11-A,Quelle est la définition d'une douleur nociplastique?,Douleur liée à une altération de la nociception malgré l'absence de preuve d'une lésion tissulaire activant les nocicepteurs ou d'une maladie ou lésion affectant le système somato-sensoriel.,Douleur causée par un stress psychologique,Douleur liée à une altération de la nociception avec présence de lésions tissulaires activant les nocicepteurs ou maladies affectant le système somato-sensoriel.,Douleur causée par un défaut de contrôle des systèmes de modulation de la douleur,Douleur liée à une altération de la nociception malgré l'absence de preuve d'une lésion tissulaire activant les nocicepteurs ou d'une maladie ou lésion affectant le système somato-sensoriel.
OIC-136-01-B,Quels sont les 5 actes d'anesthésie les plus fréquents en France?,Endoscopies digestives,Accouchements par voie basse et césariennes,Interventions sur le cristallin,Chirurgie de la bouche et des dents,"Les 5 actes d'anesthésie les plus fréquents en France sont : endoscopies digestives, accouchements par voie basse et césariennes, interventions sur le cristallin, chirurgie de la bouche et des dents, libérations du canal carpien."
OIC-136-02-A,Quelle est la mortalité directement imputable à l'anesthésie en France aujourd'hui?,1 décès pour 10 000 anesthésies,1 décès pour 100 000 anesthésies,1 décès pour 200 000 anesthésies,1 décès pour 500 000 anesthésies,1 décès pour 200 000 anesthésies
OIC-136-03-A,Quels sont les principes du décret anesthésie?,Le principe du décret anesthésie est le respect des droits et de l'intégrité du patient.,Le principe du décret anesthésie est la sécurité du patient avant tout.,Le principe du décret anesthésie est la protection du personnel médical en premier lieu.,Le principe du décret anesthésie est l'efficacité de l'intervention chirurgicale.,Le principe du décret anesthésie est le respect des droits et de l'intégrité du patient.
OIC-136-04-A,Quels sont les principes de la consultation pré-anesthésique?,"La consultation pré-anesthésique est fondée sur l'histoire clinique, l'examen physique et les tests nécessaires.",La consultation pré-anesthésique ne prend en compte que l'histoire clinique et l'examen physique.,La consultation pré-anesthésique se base uniquement sur les tests nécessaires.,"La consultation pré-anesthésique est fondée sur l'histoire clinique, l'examen physique et la réalisation d'un bilan complémentaire adapté aux besoins du patient.","La consultation pré-anesthésique est fondée sur l'histoire clinique, l'examen physique et la réalisation d'un bilan complémentaire adapté aux besoins du patient."
OIC-136-05-A,Quels sont les différents types d'anesthésie?,Anesthésie générale,Anesthésie locorégionale,Anesthésie locale,Anesthésie périphérique,"Anesthésie générale, locorégionale et locale"
OIC-136-06-A,Which of the following is NOT a principle of general anesthesia?,Induction by intravenous injection,Maintenance by inhalation,Suppression of reflexes by non-depolarizing muscle relaxants,Control of blood pressure and heart rate by beta-blockers,Control of blood pressure and heart rate by beta-blockers
OIC-136-07-A,"Quels sont les principes, indications et principales complications d'une anesthésie locorégionale?",L'anesthésie locorégionale est indiquée pour des interventions de courte durée sur des régions mineures.,Les principaux distracteurs sont les réactions systémiques à la bêta-bloquants et les effets neurologiques secondaires aux agents vasopressors.,L'indication principale est l'anesthésie de la face et du cou pour des interventions sur le visage.,"Les principales complications sont liées à une mauvaise injection locale, à un dépôt de produit dans les veines superficielles ou profondes et à l'absorption systémique.","L'anesthésie locorégionale est indiquée pour des interventions de courte durée sur des régions mineures. Les principales complications sont liées à une mauvaise injection locale, à un dépôt de produit dans les veines superficielles ou profondes et à l'absorption systémique."
OIC-136-08-B,Quels sont les mécanismes d'action des anesthésiques locaux?,Inhibent l'entrée du calcium dans les fibres nerveuses,Bloquent les canaux sodiques voltages dépendants,Empêchent la libération de neurotransmetteurs,Interrompent la transmission synaptique,Bloquent les canaux sodiques voltages dépendants
OIC-136-09-B,Quels sont les principaux anesthésiques locaux utilisés ?,"La lidocaïne, la mépivacaîne, la bupivacaïne et la ropivacaïne.","La lidocaïne, la mépivacaîne et la ropivacaïne.","La lidocaïne, la bupivacaïne et la ropivacaïne.",La lidocaïne et la ropivacaïne.,"La lidocaïne, la mépivacaîne, la bupivacaïne et la ropivacaïne."
OIC-136-10-B,Quels sont les mécanismes de la douleur pendant le travail?,Les contractions utérines causent une distension du col utérin,La douleur est transmise par des fibres Aδ et C,"La douleur somatique est secondaire à la distension du plancher pelvien, du vagin et du périnée",Les nerfs honteux issus des racines sacrées S2-4 sont responsables de la transmission de la douleur somatique,"La douleur est transmise par des fibres Aδ et C, les contractions utérines causent une distension du col utérin et la douleur somatique est secondaire à la distension du plancher pelvien, du vagin et du périnée."
OIC-136-11-A,La technique de choix pour l'analgésie/anesthésie obstétricale est l'anesthésie péri médullaire.,L'épidurale,L'espacifique,Le bloc crânien,La péridurale,La péridurale
OIC-136-12-B,Quels sont les points clés de la réhabilitation précoce après chirurgie (RAC) ?,La RAC est une approche qui vise à favoriser le rétablissement précoce des capacités du patient après la chirurgie.,La RAC implique l'information et la formation du patient sur la démarche de la chirurgie ambulatoire.,La RAC comprend l'anticipation de l'organisation des soins et la sortie du patient.,"La RAC vise à réduire les conséquences du stress chirurgical, contrôler la douleur dans toutes les situations et favoriser et stimuler l'autonomie des patients.",La RAC est une approche qui vise à favoriser le rétablissement précoce des capacités du patient après la chirurgie.
OIC-142-01-B,Quels sont les groupes d'enfants qui bénéficieront de soins palliatifs pédiatriques ? ,Tous les enfants atteints d'une maladie grave engageant le pronostic vital.,Seuls les enfants dont la vie est menacée ou limitée reçoivent des soins palliatifs.,Les soins palliatifs ne sont pas indiqués pour les enfants atteints de maladies génétiques incurables et d'une particulière gravité.,Seuls les nouveau-nés dont l'espérance de vie est très limitée reçoivent des soins palliatifs.,Tous les enfants atteints d'une maladie grave engageant le pronostic vital.
OIC-142-02-B,Quelle est la définition du deuil périnatal?,Le deuil périnatal correspond à une perte pathologique.,"Le deuil périnatal ne correspond pas à une perte pathologique, mais plutôt à un processus normal et naturel.",Le deuil périnatal est toujours traumatique pour les parents.,Le deuil périnatal n'est pas toujours traumatique; il dépend des circonstances.,c
OIC-145-01-A,"Quelles sont les définitions de maladie infectieuse transmissible, épidémie et pandémie? Quels sont les indicateurs utilisés dans le domaine de la santé?","Une maladie infectieuse transmissible est définie par un agent infectieux et sa capacité à se transmettre entre individus. Une épidémie est une augmentation rapide de l'incidence d'une maladie transmissible dans une zone géographique donnée, sur une période donnée. Une pandémie est une épidémie à caractère mondial. Les indicateurs utilisés dans le domaine de la santé sont des variables que l'on mesure pour décrire et suivre l'état de santé d'une population.","Une maladie infectieuse transmissible est définie par un agent infectieux et sa capacité à se transmettre entre individus. Une épidémie est une augmentation rapide de l'incidence d'une maladie transmissible dans une zone géographique donnée, sur une période donnée. Une pandémie est une épidémie à caractère mondial. Les indicateurs utilisés dans le domaine de la santé sont des variables que l'on mesure pour décrire et suivre l'état de santé d'une population.","Une maladie infectieuse transmissible est définie par un agent infectieux et sa capacité à se transmettre entre individus. Une épidémie est une augmentation rapide de l'incidence d'une maladie transmissible dans une zone géographique donnée, sur une période donnée. Une pandémie est une épidémie à caractère mondial. Les indicateurs utilisés dans le domaine de la santé sont des variables que l'on mesure pour décrire et suivre l'état de santé d'une population.","Une maladie infectieuse transmissible est définie par un agent infectieux et sa capacité à se transmettre entre individus. Une épidémie est une augmentation rapide de l'incidence d'une maladie transmissible dans une zone géographique donnée, sur une période donnée. Une pandémie est une épidémie à caractère mondial. Les indicateurs utilisés dans le domaine de la santé sont des variables que l'on mesure pour décrire et suivre l'état de santé d'une population.","Une maladie infectieuse transmissible est définie par un agent infectieux et sa capacité à se transmettre entre individus. Une épidémie est une augmentation rapide de l'incidence d'une maladie transmissible dans une zone géographique donnée, sur une période donnée. Une pandémie est une épidémie à caractère mondial. Les indicateurs utilisés dans le domaine de la santé sont des variables que l'on mesure pour décrire et suivre l'état de santé d'une population."
OIC-145-02-B,Quelle est l'organisation nationale de la surveillance des maladies infectieuses transmissibles?,Institut Pasteur,Santé Publique France,Institut national de recherche en santé et en environnement,Agence française de sécurité sanitaire des produits de santé,b) Santé Publique France
OIC-145-03-B,"En France, la surveillance des maladies infectieuses est principalement assurée par :",Santé Publique France et les Centres Nationaux de Référence (CNR),Les Agences Régionales de Santé (ARS) et les Centres Nationaux de Référence (CNR),Les réseaux Sentinelles et RéPIAS,"Santé Publique France, les Centres Nationaux de Référence (CNR), les Agences Régionales de Santé (ARS) et les réseaux Sentinelles","Santé Publique France, les Centres Nationaux de Référence (CNR), les Agences Régionales de Santé (ARS) et les réseaux Sentinelles"
OIC-145-04-B,Quelle est la définition du nombre de reproduction de base (R<sub>0</sub>)?,Le nombre moyen de nouveaux cas générés par une personne contagieuse dans une population où tous les individus sont sensibles à l'infection,"Le nombre de personnes atteintes d’une maladie dans une population, à un moment donné, divisé par le nombre total de personnes dans la population",Le rapport entre le nombre de nouveaux cas et le nombre total de contacts non infectés au début de la période,Le nombre de décès dans une période donnée divisé par le nombre total de personnes atteintes de l'affection en question,Le nombre moyen de nouveaux cas générés par une personne contagieuse dans une population où tous les individus sont sensibles à l'infection
OIC-145-05-B,Quelle est la formule pour calculer la sensibilité (Se) d'un examen diagnostique ?,a / (a + c),a / (a + b),b / (a + b),c / (a + c),a / (a + c)
OIC-145-06-B,Quelles sont les quatre principales missions de Santé Publique France en matière de maladies infectieuses?,Mission 1 : Surveillance épidémiologique,Mission 2 : Veille sanitaire,Mission 3 : Vigilance sanitaire,Mission 4 : Gestion de crise sanitaire,Mission 2 : Veille sanitaire
OIC-145-07-B,Quelle est la chaîne de transmission d'une infection ?,"Un agent infectieux, un réservoir et un hôte.","Un agent infectieux, un vecteur et une source.","Un agent infectieux, un réservoir et un hôte, un vecteur et une source.","Un agent infectieux, un réservoir, un hôte, un vecteur et une source.","Un agent infectieux, un réservoir et un hôte."
OIC-145-08-A,"Les maladies infectieuses se transmettent horizontalement entre deux individus selon trois modes (contact, gouttelettes, air) ou à partir de l’environnement. La transmission peut être directe : l’agent infectieux passe alors du réservoir à l’hôte sans intermédiaire ou indirecte : un vecteur inerte ou vivant entre le réservoir et l’hôte est nécessaire. Certains agents infectieux peuvent être transmis par plusieurs modes.",La transmission horizontale directe se fait par contact physique entre l'hôte réceptif et la source de l'agent infectieux.,La transmission horizontale directe se fait par voie aérienne en inhalant des particules aéroportées émises par l’individu infecté.,"La transmission horizontale indirecte passe par un intermédiaire, soit un véhicule inerte, soit un vecteur vivant.",La transmission verticale est la transmission de l'agent infectieux de la mère à l'enfant.,La transmission horizontale directe se fait par contact physique entre l'hôte réceptif et la source de l'agent infectieux.
OIC-145-09-B,Classer les principales maladies infectieuses transmissibles en fonction de leur mode de transmission.,Transmission horizontale directe d’une personne à une autre,Transmission horizontale indirecte entre le réservoir et l’hôte par un intermédiaire,Transmission verticale de la mère à l’enfant,Zoonose (transmission d’un animal à une personne),Transmission horizontale directe d’une personne à une autre
OIC-145-10-A,Quels sont les principaux acteurs impliqués dans la déclaration obligatoire des maladies infectieuses transmissibles?,Les médecins et biologistes,Les épidémiologistes de Santé Publique France,Les agents de l'ARS,Tous les acteurs mentionnés,Tous les acteurs mentionnés
OIC-145-11-B,Quels sont les centres nationaux de référence pour la lutte contre les maladies transmissibles en France?,"Les centres nationaux de référence (CNR) sont des laboratoires et services cliniques localisés dans des établissements publics ou privés de santé, d’enseignement ou de recherche.","Les CNR ont pour mission l'expertise en microbiologie et pathologie des agents infectieux, le conseil scientifique ou technique, la contribution à la surveillance épidémiologique et l'alerte immédiate.",Les CNR sont nommés pour 5 ans par le ministre chargé de la Santé sur proposition de Santé publique France.,"Les CNR ne sont pas localisés dans des établissements publics ou privés de santé, d’enseignement ou de recherche.","Les centres nationaux de référence (CNR) sont des laboratoires et services cliniques localisés dans des établissements publics ou privés de santé, d’enseignement ou de recherche."
OIC-145-12-A,"Les mesures de prévention des maladies infectieuses interhumaines et environnementales reposent sur la connaissance de la chaine de transmission de l’agent infectieux en cause. Elles peuvent être multiples pour une même maladie et peuvent viser à contrôler le réservoir, à interrompre la chaîne de transmission et/ou à agir sur la susceptibilité de l’hôte.",La chasse aux puces aiguës,L'utilisation d'un préservatif,Le contrôle des portes d'entrée,L'éviction scolaire ou d'une collectivité,L'utilisation d'un préservatif
OIC-145-13-A,Quelles sont les maladies infectieuses transmissibles pour lesquelles il est recommandé d'appliquer des mesures d'éviction ou d'isolement dans les collectivités ?,Maladies nécessitant éviction,Maladies nécessitant isolement,Maladies dont la fréquentation de la collectivité n'est pas souhaitable,Toutes les maladies infectieuses transmissibles,Maladies nécessitant éviction
OIC-145-14-B,Quel est le rôle du réseau Sentinelles dans la surveillance des maladies infectieuses transmissibles en France?,Un réseau de recherche et de veille en soins de premiers recours,Un système national d'information sanitaire,Une organisation de santé publique régionale,Un outil de détection et de prévision épidémique,a
OIC-153-01-A,Quels sont les différents types de prothèses valvulaires utilisés en chirurgie cardiaque ? ,Prothèse mécanique,Prothèses biologiques,Prothèses percutanées,Toutes les réponses sont correctes,Toutes les réponses sont correctes
OIC-153-02-A,Quelles sont les principales complications des porteurs de prothèses valvulaires?,Complications thrombo-emboliques,Désinsertion de prothèse,Dégénérescence des bioprothèses,Endocardite infectieuse,Complications thrombo-emboliques
OIC-153-03-A,Quel type de surveillance doit être effectué chez les porteurs de prothèses valvulaires?,Clinique,Paraclinique,Radiologique,Biologique,A
OIC-153-04-A,Un patient porteur de prothèse valvulaire est-il considéré comme un sujet à risque infectieux ? ,"Oui, il est considéré comme un sujet à risque infectieux.","Non, il n'est pas considéré comme un sujet à risque infectieux.","Peut-être, la question mérite une analyse plus approfondie.",Je ne sais pas.,"Oui, il est considéré comme un sujet à risque infectieux."
OIC-153-05-A,Quelle est la cible d'INR pour un patient porteur de prothèse mécanique à risque intermédiaire ?,"2,5","3,0","3,5","4,0","3,5"
OIC-153-06-B,Quelles sont les causes principales d'une désinsertion de prothèse valvulaire?,Un lâchage de suture de la prothèse,Fuite paravalvulaire due à des calcifications importantes,Endocardite infectieuse délabrante,Toutes les options sont correctes,Toutes les options sont correctes
OIC-156-01-A,Quelles sont les entités cliniques d'infections ostéo articulaires (IOA) ?,"Arthrite septique, ostéite chronique, spondylodiscite et ostéomyélite aiguë","Ostéite chronique, arthrite septique, spondylodiscite et ostéomyélite aiguë","Arthrite septique, ostéite chronique, ostéomyélite aiguë et spondylodiscite","Ostéite chronique, arthrite septique, ostéomyélite aiguë et spondylodiscite","Arthrite septique, ostéite chronique, spondylodiscite et ostéomyélite aiguë"
OIC-156-02-B,Quelle est la prévalence des infections ostéo articulaires (IOA) chez l'enfant en France?,20/100 000 habitants/an,40/100 000 habitants/an,60/100 000 habitants/an,80/100 000 habitants/an,80/100 000 habitants/an
OIC-156-03-B,Quels sont les mécanismes de survenue des infections ostéo articulaires (IOA)?,"Inoculation directe lors d'une chirurgie, ponction/infiltration ou traumatisme.",Contiguïté avec une infection de proximité.,Hémoculture positive SD-190.,Extension d'une infection osseuse préexistante.,"Inoculation directe lors d'une chirurgie, ponction/infiltration ou traumatisme."
OIC-156-04-B,"Quels sont les principaux agents infectieux responsables des infections ostéo articulaires (IOA) de l'enfant et de l'adulte, et par quelles voies peuvent-ils s'introduire ?","Les principales causes d'infections hématogènes chez l'enfant sont Staphylococcus aureus, Streptocoques et Escherichia coli. Les staphylocoques sont responsables de 50 à 70% des cas, les streptocoques environ 20%, et les entérobactéries environ 10%. D'autres agents infectieux peuvent être impliqués dans certains cas particuliers.","Les germes responsables des IOA post-opératoires ou post-ponction/infiltration sont principalement issus de la flore cutanée, notamment Staphylococcus aureus et Staphylocoques à coagulase négative. Les streptocoques, les bacilles Gram négatifs (comme Pseudomonas aeruginosa) et Cutibacterium acnes peuvent également être impliqués dans certaines formes chroniques.","Les inoculations post-morsure peuvent entraîner des infections multicrobiennes, notamment par des staphylocoques, streptocoques, entérobactéries et Pseudomonas aeruginosa.","Les infections de contiguïté impliquent souvent une pluralité de germes responsables, notamment des staphylocoques, streptocoques, entérobactéries et Pseudomonas aeruginosa, ainsi que d'autres anaérobies.","Staphylococcus aureus, Streptocoques et Escherichia coli sont les principales causes d'infections hématogènes chez l'enfant. Les staphylocoques sont responsables de 50 à 70% des cas, les streptocoques environ 20%, et les entérobactéries environ 10%. D'autres agents infectieux peuvent être impliqués dans certains cas particuliers."
OIC-156-05-A,Quels sont les signes cliniques d'infections ostéo articulaires (IOA) selon leur localisation la plus fréquente chez l'enfant et chez l'adulte ?,"Fièvre/hyperthermie inconstante, douleur articulation/membre/rachis, épanchement articulaire","Impotence fonctionnelle partielle ou totale, boiterie, rougeur/chaleur/œdème/articulaire","Douleur chronique, impotence fonctionnelle partielle ou totale, boiterie, fistulisation","Elévation de la protéine c-réactive (CRP), parfois absent","Fièvre/hyperthermie inconstante, douleur articulation/membre/rachis, épanchement articulaire"
OIC-156-06-B,Quel est l'examen d'imagerie à visée diagnostique le plus adapté pour confirmer une ostéite chronique ?,Radiographie conventionnelle de la zone atteinte,Echographie,Scanner sans et avec injection de produit de contraste,IRM,Scanner sans et avec injection de produit de contraste
OIC-156-07-A,Quelles sont les indications et contre-indications de la ponction articulaire?,Indications,Contre-indications,Analyses à effectuer,Interprétation des résultats,A
OIC-156-08-B,Quelles sont les mesures thérapeutiques autres que les antibiotiques pour les infections ostéo articulaires (IOA) de l'enfant et de l'adulte?,Immobilisation antalgique,Prise en charge pluridisciplinaire,Chirurgie,Rééducation,Prise en charge pluridisciplinaire
OIC-156-09-A,Quelle est la prise en charge urgente hospitalière pour limiter le risque de complications dans le cas d'arthrite septique ?,Antibiothérapie intraveineuse à moxifloxacine et ceftriaxone avec analgésiques,Traitement conservateur avec anti-inflammatoires non stéroïdiens (AINS) et physiothérapie,Antibiothérapie intraveineuse à pénicilline G et clindamycine avec analgésiques,Traitement conservateur avec AINS et corticoïdes oraux,Antibiothérapie intraveineuse à moxifloxacine et ceftriaxone avec analgésiques
OIC-156-10-A,Quels sont les signes cliniques d'arthrite septique aiguë?,Fièvre/hyperthermie,Douleurs articulaires et impotence fonctionnelle,Apparition d'une difficulté à la marche,Epanchement articulaire,"Fièvre/hyperthermie, Douleurs articulaires et impotence fonctionnelle, Apparition d’une difficulté à la marche, Epanchement articulaire"
OIC-156-11-B,Quelles sont les complications d'une arthrite septique aiguë ?,"Sepsis, choc septique",Abcès des parties molles adjacentes,Ostéite de contiguïté,Destruction articulaire avec séquelles fonctionnelles,"Sepsis, choc septique"
OIC-156-12-B,Le lavage articulaire est-il une procédure systématique dans le traitement des arthrites septiques?,"Oui, il est systématique.","Non, il n'est pas systématique.",Seulement en cas de sepsis ou choc septique.,Seulement chez l'enfant.,"Oui, il est systématique."
OIC-156-13-A,"Quand une spondylodiscite est suspectée, quelle est l'action à prendre ?",Attendre les résultats d'imagerie avant de commencer la prise en soin thérapeutique.,Commencer la prise en soin thérapeutique immédiatement sans attendre le résultat de l'imagerie.,Ne pas traiter la spondylodiscite car elle est rare et on ne sait pas comment la guérir.,Commencer la prise en soin thérapeutique après avoir effectué des prélèvements microbiologiques.,D
OIC-156-14-A,Quels sont les signes cliniques d'une spondylodiscite?,"Fièvre, douleurs thoraciques et âge ≥ 55 ans","Fièvre, douleurs dorsales et âge ≥ 55 ans","Fièvre, douleurs cervicales et âge ≥ 55 ans","Fièvre, douleur inflammatoire et notion d'usage intraveineux de drogue","Fièvre, douleurs thoraciques et âge ≥ 55 ans"
OIC-156-15-B,Quelles sont les complications d'une spondylodiscite?,"Sepsis, choc septique",Complications neurologiques : syndrome lésionnel ou sous-lesionnel,Abcès para-vertébraux,"Epidurite, abcès épidural","Sepsis, choc septique"
OIC-156-16-B,Quels examens complémentaires sont à réaliser pour une spondylodiscite?,IRM,Scanner,Scintigraphie osseuse,Echographie cardiaque,IRM
OIC-156-17-A,Quels sont les signes cliniques d'une ostéite chronique chez l'adulte?,Infection localisée dans le bassin,Fistule productive avec écoulement intermittent,Tumefaction inflammatoire et douloureuse,Douleur chronique,"C, D, A, B"
OIC-156-18-B,Quelle est la principale cause des infections osteoarticulaires (IOA) chez les enfants et les adultes ?,Une blessure ou une chirurgie récente,Un mauvais positionnement dentaire,Le sang s'écoulant dans l'articulation,La circulation sanguine insuffisante vers la zone touchée,Une blessure ou une chirurgie récente
OIC-156-19-B,Quelle est la prise en charge d'une ostéite chronique de l'adulte?,"Radiographies simples systématiques, scanner et/ou IRM, microbiologie avec hémocultures et biopsies osseuses scanno-guidées, chirurgie avec parage/curetage des zones infectées et réalisation des prélèvements microbiologiques, prescription d'un anti-infectieux.","Radiographies simples systématiques, scanner et/ou IRM, microbiologie avec hémocultures et biopsies osseuses scanno-guidées, chirurgie avec parage/curetage des zones infectées et réalisation des prélèvements microbiologiques, prescription d'un anti-infectieux.","Radiographies simples systématiques, scanner et/ou IRM, microbiologie avec hémocultures et biopsies osseuses scanno-guidées, chirurgie avec parage/curetage des zones infectées et réalisation des prélèvements microbiologiques, prescription d'un anti-infectieux.","Radiographies simples systématiques, scanner et/ou IRM, microbiologie avec hémocultures et biopsies osseuses scanno-guidées, chirurgie avec parage/curetage des zones infectées et réalisation des prélèvements microbiologiques, prescription d'un anti-infectieux.","Radiographies simples systématiques, scanner et/ou IRM, microbiologie avec hémocultures et biopsies osseuses scanno-guidées, chirurgie avec parage/curetage des zones infectées et réalisation des prélèvements microbiologiques, prescription d'un anti-infectieux."
OIC-157-01-A,Quelle est la définition d'une bactériémie et d'une fongémie? Quels sont leurs risques évolutifs?,Une bactériémie est la présence de bactéries dans le sang détectables dans un flacon d'hémocultures. Une fongémie est la présence de champignons dans le sang.,Une bactériémie est la présence de bactéries dans le sang et une fongémie est la présence de champignons dans le sang. Le terme de 'septicémie' doit être abandonné car imprécis.,Une bactériémie est la présence de bactéries dans le sang détectables par culture sanguine et une fongémie est la présence de champignons dans le sang.,Une bactériémie est la présence de bactéries dans le sang détectables dans un flacon d'hémocultures. Une fongémie n'existe pas.,"Une bactériémie est la présence de bactéries dans le sang détectables dans un flacon d'hémocultures. Une fongémie est la présence de champignons dans le sang. En l'absence de traitement adapté, le risque est l'évolution vers le sepsis, le choc septique et le décès."
OIC-157-02-B,Quelle est la fréquence des bactériémies/ fongémies chez les patients hospitalisés?,1% des patients,10% des patients,20% des patients,50% des patients,1% des patients
OIC-157-03-A,Quel est le principal foyer infectieux à rechercher dans le cas d'une bactériémie ou fongémie avec fièvre persistante ?,La gorge pharyngée doit être prioritairement examinée.,Les cavités pleurales doivent être explorées en premier lieu.,Le fond d'œil doit être pratiqué systématiquement.,L'endocardite doit être évaluée par échographie transesophageenne.,Le fond d'œil doit être pratiqué systématiquement.
OIC-157-04-A,Quels sont les principaux agents infectieux responsables des bactériémies chez l'enfant et le nourrisson ?,Staphylococcus aureus,Escherichia coli,Autres bacilles à Gram négatif,Streptococcus pneumoniae,Escherichia coli
OIC-157-05-B,"Quels sont les agents infectieux à l'origine des fongémies et leur porte d'entrée, ainsi que le terrain associé?",Candida albicans est la cause de 50-60% des cas de candidémie,La flore commensale joue un rôle dans la colonisation avant la translocation vers le compartiment sanguin,"Les candidémies sont presque toujours associées aux soins et favorisées par l'immunodépression, les voies veineuses centrales, la chirurgie abdominale, le séjour en réanimation, l'antibiothérapie préalable ou la dénutrition","Les portes d’entrée les plus fréquentes des candidémies sont le cathéter vasculaire, la chirurgie abdominale, les lésions muqueuses digestives et la toxicomanie IV",Candida albicans est la cause de 50-60% des cas de candidémie
OIC-157-06-B,"Quelles sont les particularités épidémiologiques, cliniques et des infections liées aux cathéters?",50 à 60% des infections sont causées par des staphylocoques.,"20 à 40% des infections sont causées par des bacilles à Gram négatif (entérobactéries, Pseudomonas aeruginosa).",Proportion de Candida variable en fonction du terrain.,Les signes cutanés locaux sont rares (10-20% des cas).,50 à 60% des infections sont causées par des staphylocoques.
OIC-157-07-A,Quelle est la sensibilité de Staphylococcus aureus à la méticilline?,100% résistant,80-90% sensible,30% résistant,100% sensible,b
OIC-157-08-A,Quand est-ce que l'on doit effectuer des prélèvements à visée microbiologique avant antibiothérapie?,Toujours,Seulement dans certains cas spécifiques,Jamais,Selon les symptômes cliniques,Bactériémie/ Fongémie de l’adulte et de l’enfant
OIC-157-09-A,Quelles sont les indications pour réaliser des hémocultures?,"Fièvre associée à l'un des critères suivants : purpura fébrile, nécessité d'une hospitalisation ou fièvre survenant en cours d'hospitalisation, terrain particulier (asplénie, neutropénie, présence d'un cathéter vasculaire), hypothermie +/- signes de défaillance d'organe, hypotension, tachycardie associée à des signes de mauvaise perfusion périphérique","Suspicion d'endocardite = réaliser trois paires d'hémocultures, même en l'absence de fièvre","En cas de suspicion de fongémie (cathéter, immunodéprimé fébrile sous antibiotiques, chirurgie digestive...), des hémocultures sur flacons fongiques sont indiquées",Les hémocultures n'ont pas besoin d'être prélevées au moment d'un pic de fièvre ou lors de frissons.,A
OIC-157-10-B,"En fonction de l’identification microbienne, les examens complémentaires pour une bactériémie/ fongémie incluent :",Échocardiographie systématique pour Staphylococcus aureus,Échocardiographie et fond d’œil systématiques pour Candida,"ECBU +/- imagerie abdominale pour entérobactéries, entérocoques",Imagerie abdominale pour anaérobies,"Échocardiographie pour bactéries associées aux endocardites (Staphylococcus aureus, streptocoque oral, Streptococcus gallolyticus) et radiographie de thorax +/- ponction lombaire pour Streptococcus pneumoniae"
OIC-157-11-A,Quelle est la valeur de procalcitonine qui rend peu probable l'existence d'une bactériémie/fongémie?,"0,25 ng/ml","0,5 ng/ml",1 ng/ml,2 ng/ml,"0,25 ng/ml"
OIC-157-12-A,La prise en charge thérapeutique probabiliste d'une bactériémie/fongémie chez l'adulte et l'enfant comprend les principes généraux suivants. Quel est le facteur essentiel à prendre en compte pour choisir l'antimicrobien?,Le symptôme clinique,L'âge du patient,La gravité de la maladie,La porte d'entrée suspectée cliniquement,La porte d’entrée suspectée cliniquement
OIC-157-13-A,Quel est l'antibiotique de première intention pour une bactériémie/ fongémie causée par Escherichia coli?,Pénicilline A (amoxicilline),"Céphalosporine de 3ème génération (céfotaxime, ceftriaxone)",Fluoroquinolone,Gentamicine,Bactériémie/ Fongémie de l’adulte et de l’enfant
OIC-157-14-A,Quel est le rôle du traitement de la porte d'entrée dans la réduction du risque de rechute ?,Le traitement de la porte d'entrée n'a aucun impact sur le risque de rechute.,Le traitement de la porte d'entrée réduit le risque de rechute mais ne l'élimine pas complètement.,Le traitement de la porte d'entrée élimine définitivement le risque de rechute.,Le traitement de la porte d'entrée augmente le risque de rechute.,Le traitement de la porte d'entrée réduit le risque de rechute mais ne l'élimine pas complètement.
OIC-157-15-B,Quelles sont les situations dans lesquelles le contrôle chirurgical ou radio-interventionnel de la source infectieuse est indispensable?,"Urgence abdominale (péritonite, angiocholite)",Pyélonéphrite aigue bloquée,Endocardite compliquée d’un choc cardiogénique ou d’un abcès péri-valvulaire,Arthrite avec sepsis/chock septique ou bactériémie persistante (lavage articulaire),"Urgence abdominale (péritonite, angiocholite)"
OIC-157-16-B,Quelle est la durée de traitement d'une bactériémie liée au cathéter ? ,14 jours par voie parentérale IV,4 à 6 semaines,8 semaines,10 semaines,b
OIC-157-17-B,Les éléments à intégrer pour évaluer le risque d’agent infectieux résistant chez un patient présentant une infection liée aux soins sont :,Durée d’hospitalisation,"Pression de sélection par antibiothérapie préalable (durée, spectre)",Présence de matériel implanté,Antécédent récent de chirurgie ou d’endoscopie,"Durée d’hospitalisation, Pression de sélection par antibiothérapie préalable (durée, spectre), Présence de matériel implanté, Antécédent récent de chirurgie ou d’endoscopie, Antécédent de colonisation ou d’infection à un agent infectieux multi résistant, Hémodialyse chronique ou vie en institution (risque accru d’infection à 'Staphylococcus aureus' résistant à la méticilline)"
OIC-157-18-B,Quelle est la conduite à tenir en cas de persistance de la fièvre sous traitement antibactérien ou antifongique ?,Rechercher une infection secondaire,Vérifier l'antibiothérapie adaptée,Rechercher une complication liée aux soins,Rechercher une candidémie,Bactériémie/ Fongémie persistante après traitement antibactérien ou antifongique : conduite à tenir (réponse courte en fonction du contexte clinique et des informations fournies)
OIC-161-01-A,Quelle est la définition des infections urinaires simples ou à risque de complication et leur fréquence respective?,"Les infections urinaires simples regroupent les cystites récidivantes, les infections urinaires masculines et les infections urinaires fébriles sans complications.","Les infections urinaires à risque de complication regroupent les cystites récidivantes, les infections urinaires graves et les infections urinaires masculines.",Les infections urinaires simples regroupent les cystites récidivantes et les infections urinaires fébriles sans complications.,"Les infections urinaires à risque de complication regroupent les cystites récidivantes, les infections urinaires graves et les infections urinaires masculines.","Les infections urinaires simples regroupent les cystites récidivantes, les infections urinaires fébriles sans complications."
OIC-161-02-A,Quels sont les principaux agents pathogènes à l’origine des infections urinaires et quels sont leurs principaux mécanismes de résistance?,"Escherichia coli, Staphylococcus saprophyticus","Klebsiella pneumoniae, Proteus mirabilis","Enterococcus faecalis, Morganella morganii","Pseudomonas aeruginosa, Acinetobacter baumannii","Escherichia coli, Staphylococcus saprophyticus"
OIC-161-03-A,Quels sont les examens complémentaires recommandés en fonction du type d'infection urinaire ?,BU pour cystite simple,ECBU avec antibiogramme systématique pour pyélonéphrite aiguë simple,Imagerie pour pyélonéphrite aiguë simple,BU possible pour pyélonéphrite à risque de complications,ECBU avec antibiogramme systématique pour pyélonéphrite aiguë simple
OIC-161-04-B,"Quels examens d’imagerie peuvent être recommandés pour une cystite simple, une cystite à risque de complications, des cystites récidivantes et les différents types de pyélonéphrite aiguë?",IRM,Cystographie rétrograde,Scintigraphie DMSA,Cystoscopie,Cystoscopie
OIC-161-05-A,Quelle est la principale fonction du système urinaire?,Produire les enzymes digestives,Assurer le transport des nutriments vers l'intestin,Réguler la température corporelle,Éliminer les déchets du corps,Éliminer les déchets du corps
OIC-161-06-A,Quels sont les principes de réalisation et d'interprétation de l'examen cytobactériologique des urines (ECBU) ?,Connaître les principes de réalisation et d'interprétation de l'ECBU.,Connaitre les causes de leucocyturie aseptique.,Comprendre la signification des seuils de bactériuries dans l'interprétation d'un ECBU.,Connaître les indications et quand ne pas faire d'ECBU systématique.,Connaître les principes de réalisation et d'interprétation de l'ECBU.
OIC-161-07-A,Quelle est la définition de la colonisation urinaire?,"*La colonisation urinaire, également appelée bactériurie asymptomatique, est la présence d’une bactérie dans les urines en l’absence de tout symptôme.*",La colonisation urinaire est le résultat d'une infection urinaire qui n'est pas traitée.,"La colonisation urinaire est caractérisée par la présence de bactéries dans les urines, sans que cela soit pathologique.",La colonisation urinaire est une condition fréquente chez les patients âgés ou diabétiques et peut être systématique dans certaines situations cliniques.,"*La colonisation urinaire, également appelée bactériurie asymptomatique, est la présence d’une bactérie dans les urines en l’absence de tout symptôme.*"
OIC-161-08-A,Quels sont les critères diagnostiques des cystites aiguës simples ou à risque de complication?,Symptômes anciens,"Pollakiurie, urgenturies et incontinence",Dysurie liée à une pollakiurie,"Hématurie, pyurie et ténesme vésicale",Symptômes anciens
OIC-161-09-A,Quels sont les critères diagnostiques d'une pyélonéphrite aiguë avec ou sans signe de gravité (algorithme) ? ,La présence de fièvre et une douleur lombaire unilatérale,Douleur fréquemment associée à des nausées ou des vomissements liés à un iléus réflexe,Irradiation de la douleur (douleur de colique néphrétique) qui fait évoquer un obstacle des voies urinaires,"La gravité clinique et le sepsis étant défini par les critères précédemment décrits, avec ou sans choc septique, qSOFA 2 ou 3, nécessité d'un drainage des urines rénales",La présence de fièvre et une douleur lombaire unilatérale
OIC-161-10-A,Quelle est la première ligne thérapeutique pour une cystite simple ? ,Fosfomycine-Trométamol en monodose,Pivmécillinam,En cas d’impossibilité des 2 molécules précédentes : ECBU pour guider le choix thérapeutique,Les fluoroquinolones ne doivent jamais être utilisées dans cette indication.,Fosfomycine-Trométamol en monodose
OIC-161-11-A,"Le traitement de première intention pour les pyélonéphrites aiguës simples est fondé sur les fluoroquinolones pour une durée de 7 jours, sauf si l'individu a pris des fluoroquinolones dans les 3 mois précédents. Les autres options sont : A) Traitement par C3G IV en cas de prise en charge hospitalière, B) Hospitalisation immédiate sans traitement spécifique, C) Prise en charge uniquement orale avec antalgiques et antiémétiques, D) Prise en charge uniquement orale avec antibiotiques.",Traitement par C3G IV en cas de prise en charge hospitalière,Hospitalisation immédiate sans traitement spécifique,Prise en charge uniquement orale avec antalgiques et antiémétiques,Prise en charge uniquement orale avec antibiotiques,Traitement par C3G IV en cas de prise en charge hospitalière
OIC-161-12-B,Quel est le traitement recommandé pour les pyélonéphrites aiguës compliquées?,Ciprofloxacine,Levofloxacine,Amoxicilline-acide clavulanique,Pipéracilline-tazobactam,Amoxicilline-acide clavulanique
OIC-161-13-A,Quels sont les critères diagnostiques des infections urinaires masculines?,La présence de fièvre aiguë et des frissons,Symptomatologie aiguë sans fièvre,Les symptômes du bas appareil urinaire préexistants,Toutes les réponses sont correctes,La présence de fièvre aiguë et des frisons
OIC-161-14-A,Quelle est la durée recommandée de traitement des infections urinaires masculines ?,7 jours,10 jours,14 jours,21 jours,c
OIC-161-15-A,Quelle est la prise en charge des infections urinaires au cours de la grossesse?,A - Cystite aiguë gravidique,B - Pyélonéphrite aiguë gravidique,C - Traitement probabiliste sans attendre le résultat de l’antibiogramme,D - Traitement adapté aux résultats de l’antibiogramme,B - Pyélonéphrite aiguë gravidique
OIC-161-16-A,Quel est l'objectif de connaissance pour connaître les spécificités de l'infection urinaire de la personne âgée?,Connaître les spécificités de l’infection urinaire de la personne âgée,Identifier les symptômes atypiques d'une IU chez le sujet âgé,Distinguer une colonisation urinaire d'une infection urinaire chez le sujet âgé,Connaître les facteurs favorisant la fréquence des infections urinaires chez le sujet âgé,Connaître les spécificités de l’infection urinaire de la personne âgée
OIC-161-17-A,Quels sont les signes cliniques d'une infection urinaire chez l'enfant?,Présence de fièvre isolée,Signes fonctionnels urinaires fébriles,Incontinence urinaire,Hématurie,Présence de fièvre isolée
OIC-161-18-A,Quels examens complémentaires sont indiqués dans le cadre d'une infection urinaire chez l'enfant?,La bandelette urinaire,L'ECBU,L'échographie rénale,"Les autres examens (scintigraphie, IRM)","La bandelette urinaire, L'ECBU, L'échographie rénale, Les autres examens (scintigraphie, IRM)"
OIC-161-19-A,Le traitement d'une infection urinaire aiguë chez l'enfant consiste en,Un ECBU et un traitement antibiotique oral par cefixime,Un ECBU suivi de deux jours d'antibiotiques intraveineux puis relai oral,Un ECBU suivi d'un traitement IV par amoxicilline avec gentamicine en cas de sepsis,Un ECBU suivi d'un traitement IV par ceftriaxone ou cefotaxime puis relai oral selon l'antibiogramme,Un ECBU et un traitement antibiotique oral par cefixime
OIC-161-20-B,Quels examens complémentaires doivent être réalisés dans les infections urinaires récidivantes ?,"Cystographie, cystoscopie et scanner des voies urinaires",Calendrier mictionnel et échographie des voies urinaires,Différenciation de la patiente post-ménopause avec déficit androgénique lié à l'âge,Débitmétrie et recherche de tumeurs vésicales,"Cystographie, cystoscopie et scanner des voies urinaires"
OIC-161-21-B,Quels sont les principes du traitement des cystites récidivantes?,Antibiotiques curatifs et prophylactiques,Mesures hygiéno-diététiques,Traitement local oestrogénique,Vaccin immuno-prophylactique,Antibiotiques curatifs et prophylactiques
OIC-161-22-B,Quelle est la prévalence des infections urinaires chez l'enfant?,10% des enfants de moins de 5 ans,20% des nourrissons de moins de 3 mois avec fièvre isolée,15% des enfants de moins de 1 an,30% des enfants de moins de 10 ans,20% des nourrissons de moins de 3 mois avec fièvre isolée
OIC-162-01-A,Quelles sont les causes des infections sexuellement transmissibles (IST) selon leur expression clinique?,Gonococcie,Chlamydiose,Syphilis,Infection à HPV,"Gonococcie, Chlamydiose, Syphilis, Infection à HPV"
OIC-162-02-B,Quelle est la fréquence des différentes infections sexuellement transmissibles  (IST) et leurs facteurs de risque ?,La gonococcie est plus fréquente que la chlamydiose.,La syphilis est plus fréquente que la gonococcie.,L'infection au HPV est plus fréquente que la trichomonose.,La trichomonose est plus fréquente que l'HPV.,La chlamydiose est plus fréquente que la gonococcie.
OIC-162-03-A,Quelles sont les mesures préventives des infections sexuellement transmissibles (IST)?,Usage du préservatif et vaccination préventive pour l'HPV et l'hépatite B.,"Identification du ou des partenaires contaminés ou contaminateurs, proposer un dépistage, un diagnostic et/ou un traitement probabiliste.",Insister sur les risques de recontamination (éducation) et envisager un traitement de type PrEP contre le VIH en cas de prise de risque trop régulière.,Les deux options A et B sont correctes.,Usage du préservatif et vaccination préventive pour l'HPV et l'hépatite B.
OIC-162-04-A,Quelle est la prise en charge recommandée pour les partenaires d'une personne contaminée par le VIH ?,"Proposer un dépistage, un diagnostic et/ou un traitement probabiliste des partenaires",Ne rien faire car il n'y a pas de risque de recontamination,Insister sur les risques de recontamination en matière d'éducation,Envisager un traitement de type PrEP contre le VIH en cas de prise de risque trop régulière,"Proposer un dépistage, un diagnostic et/ou un traitement probabiliste des partenaires"
OIC-162-05-A,Quelles sont les causes des ulcérations génitales infectieuses ou non infectieuses ?,"Chance syphilitique : unique à fond propre, induré, localisation variable",Herpès : ulcérations superficielles douloureuses à contours polycycliques,"Chancre mou : terrain (Afrique, Amérique du Sud, Asie), lésion(s) unique/multiples, fond sale, douleurs (+++), adénopathies inflammatoires","Donovanose : terrain (Afrique, Amérique du Sud, Asie), lésions peu douloureuses granulomateuses","Chance syphilitique : unique à fond propre, induré, localisation variable"
OIC-162-06-A,La photographie montre une lésion cutanée douloureuse avec des vésicules et une bordure inflammatoire. Quelle est la maladie représentée dans cette image?,Gonorrhoeae,Chlamydiae,Syphilis,Trichomonas vaginalis,Herpes simplex virus infection
OIC-162-07-A,Quelle est la description du chancre syphilitique?,Un ulceration douloureux sur le frein de la verge.,Une ulcération non douloureuse en regard du frein de la verge.,Une érosion superficielle sans ulcération au niveau du frein de la verge.,Un papule indurée à l'extrémité du frein de la verge.,B: Une ulcération non douloureuse en regard du frein de la verge.
OIC-162-08-A,Quels sont les signes cliniques de l'urethritis masculine?,Ecoulement uretral,Dysurie,Douleurs uretrales: brulures permanentes ou mictionnelles,Prurit uretral,"Ecoulement uretral, Dysurie, Douleurs uretrales: brulures permanentes ou mictionnelles, Prurit uretral, Méatite, voire balanite"
OIC-162-09-B,Quelles sont les causes des urétrites chez l'homme?,Infectieuses,Traumatiques,Radicales,Tumorales,Infectieuses
OIC-162-10-A,Identifiez les signes cliniques d'une infection génitale basse chez la femme.,Cervicite : - Leucorrhée ; - Pesanteur pelvienne ; - Signe d'urétrite associée ; - Col +/- inflammatoire et écoulement à l'orifice cervical,"Vulvo-vaginite : prurit, dyspareunie, leucorrhées, vulve œdématiée",Gonococcies : - Signes généraux d'infection ; - Prurit et douleur génitale ; - Efflorescence cervicovaginale ; - Ulcérations à l'orifice cervical,Chlamydioses : - Signes généraux d'infection ; - Prurit et douleur génitale ; - Efflorescence cervicovaginale ; - Ulcérations à l'orifice cervical,Cervicite : - Leucorrhée ; - Pesanteur pelvienne ; - Signe d'urétrite associée ; - Col +/- inflammatoire et écoulement à l'orifice cervical
OIC-162-11-B,Identifiez le signe clinique d'une infection génitale haute chez la femme.,Douleurs pelviennes,Métrorragies,Leucorrhées,Toutes les réponses sont correctes,Toutes les réponses sont correctes
OIC-162-12-A,Quelles sont les causes d'infections génitales basses chez la femme?,Gonocoque,"Chlamydiose, Mycoplasme",Trichomonose,Candidose,Gonocoque
OIC-162-13-B,Quelles sont les causes d'infections génitales hautes chez la femme?,Gonocoque,Chlamydiose,Trichomonose,Mycoplasma genitalium,"Gonocoque, Chlamydiose, Trichomonose, Mycoplasma genitalium"
OIC-162-14-B,"Quelles sont les manifestations extra génitales des infections à gonocoque, chlamydiose et syphilis ?","Les manifestations extra génitales des infections à gonocoque, chlamydiose et syphilis incluent : - Anorectite asymptomatique avec prurit anal, anite, écoulement rectal purulent, diarrhée et saignements anorectaux. - Oropharyngite asymptomatique. - Septicémie gonococcique avec fièvre, atteinte cutanée (purpura pétéchial) et/ou atteinte articulaire (mono- ou oligo-arthrites septiques). - Autres manifestations : péri- hépatite, endocardite ou méningite.","Les manifestations extra génitales des infections à gonocoque, chlamydiose et syphilis incluent : - Pharyngite. - Anorectites asymptomatiques. - Syndrome oculo-uréthro- synovial avec polyarthrite aiguë ou subaiguë réactionnelle, urétrite, conjonctivite bilatérale, balanite circinée, kératodermie palmoplantaire psoriasiforme, kératoconjonctivite, arthrite. - Chez le nouveau-né : kératoconjonctivite, pneumopathie. - Autres manifestations : péri- hépatite.","Les manifestations extra génitales des infections à gonocoque, chlamydiose et syphilis incluent : - Roséole syphilitique avec 1ère éruption syphilis secondaire, macules rosées sur le tronc, pas d'autres symptômes fonctionnels. - Syphilides papuleuses, palmoplantaires. - Autres symptômes cutanéo-phanériens : fausse perlèche, papules acnéiformes du menton, dépilation en aires de la langue, dépilation sourcils, … . - Signes généraux : fébricule, céphalées, poly-ADP, poly-arthralgies, neuro syphilis, manifestations ophtalmiques, … .","Les manifestations extra génitales des infections à gonocoque, chlamydiose et syphilis incluent : - Anorectite asymptomatique avec prurit anal, anite, écoulement rectal purulent, diarrhée et saignements anorectaux. - Oropharyngite asymptomatique. - Septicémie gonococcique avec fièvre, atteinte cutanée (purpura pétéchial) et/ou atteinte articulaire (mono- ou oligo-arthrites septiques). - Autres manifestations : péri- hépatite, endocardite ou méningite.","Les manifestations extra génitales des infections à gonocoque, chlamydiose et syphilis incluent : - Anorectite asymptomatique avec prurit anal, anite, écoulement rectal purulent, diarrhée et saignements anorectaux. - Oropharyngite asymptomatique. - Septicémie gonococcique avec fièvre, atteinte cutanée (purpura pétéchial) et/ou atteinte articulaire (mono- ou oligo-arthrites septiques). - Autres manifestations : péri- hépatite, endocardite ou méningite."
OIC-162-15-A,Quels sont les examens complémentaires à réaliser en cas d'IST ?,"Sérologies : VIH, VHB, test tréponémique +/- test non tréponémique","PCR : Gonocoque et chlamydia sur 1er jet urinaire, écoulement urétral, auto-prélévement vaginal, pharyngé et anal selon les pratiques sexuelles","Culture : systématique pour le gonocoque, écoulement urétral, auto-prélévement vaginal, selon la symptomatologie","Infection haute de la femme : CRP, NFS, prélèvement avec pose de speculum pour examen direct + culture standard + PCR, prélèvement chirurgicaux ou radioguidés si infection compliquée pour culture + PCR + rechercher de mycoplasmes","Sérologies : VIH, VHB, test tréponémique +/- test non tréponémique"
OIC-162-16-B,Quelles sont les mesures générales de prise en charge des infections sexuellement transmissibles (IST) ?,"A. Identifier le, la ou les partenaire(s) contaminé(s) ou contaminateur(trice)s et proposer un dépistage, diagnostic et/ou traitement probabiliste","B. Proposer systématiquement une sérologie VIH, test tréponémique, une sérologie d'hépatite B, PCR urinaire ou génitale à la recherche de Neisseria gonorrhoeae et Chlamydia trachomatis, PCR pharyngée et anale selon les pratiques sexuelles","C. Insister sur les risques de recontamination (éducation), envisager un traitement de type PrEP contre le VIH en cas de prise de risque trop régulière, protection des rapports sexuels par l’usage de préservatifs, recommandation en particulier d'abstinence/rapports protégés jusqu'à disparition de la contagiosité (au moins 7 jours), vaccination préventive pour l’HPV, l’hépatite B (et l’hépatite A chez les hommes ayant des rapports sexuels avec des hommes)","D. Devant une urétrite un traitement probabiliste par Doxycycline 200mg/J pendant 7 jours + Ceftriaxone 1g en dose unique peut être proposé, devant un chancre un traitement probabiliste par Benzathine pénicilline G DU IM 2,4 millions d’unités peut être proposé","A. Identifier le, la ou les partenaire(s) contaminé(s) ou contaminateur(trice)s et proposer un dépistage, diagnostic et/ou traitement probabiliste"
OIC-162-17-B,Quels sont les explorations à réaliser en cas d’infection génitale haute chez la femme?,"CRP, NFS",Prélèvement avec pose de speculum pour examen direct  + culture standard + PCR Neisseria gonorrhoeae et Chlamydia trachomatis,Prélèvement chirurgicaux ou radioguidés si infection compliquée pour culture + PCR Neisseria gonorrhoeae et Chlamydia trachomatis + rechercher de mycoplasmes,Tous les trois précédents,Prélèvement avec pose de speculum pour examen direct  + culture standard + PCR Neisseria gonorrhoeae et Chlamydia trachomatis
OIC-162-18-A,Quel est le traitement de l'urétrite ou cervicite avec une infection probabiliste à gonocoque et chlamydia?,Ceftriaxone dose unique IM ou IV 1000 mg,Doxycycline 200 mg PO 7 jours (ou azithromycine 1g dose unique),Amoxicilline 500 mg PO 3 fois par jour pendant 7 jours,"Metronidazole 2 g PO à chaque prise, 2 fois par jour pendant 7 jours",Ceftriaxone dose unique IM ou IV 1000 mg et Doxycycline 200 mg PO 7 jours (ou azithromycine 1g dose unique)
OIC-162-19-A,Quels sont les principaux moyens de dépister les infections à papillomavirus humain (HPV) ?,La recherche des condylomes est le principal moyen de diagnostic.,Les tests sanguins pour détecter les anticorps anti-HPV sont très utiles dans la détection précoce du HPV.,L'analyse cytologique des prélèvements biopsiés est indispensable pour le dépistage de l'infection au HPV.,"Les examens cliniques spécifiques tels que l'uroscopie, la colposcopie et la proctoscopie sont les outils principaux pour identifier les infections au HPV.","Les examens cliniques spécifiques tels que l'uroscopie, la colposcopie et la proctoscopie sont les outils principaux pour identifier les infections au HPV."
OIC-162-20-A,Quel est le traitement de choix pour la gonococcie?,Ceftriaxone dose unique IM ou IV 1000 mg,Si allergie β-actamines : dose unique azithromycine ou gentamicine ou ciprofloxacine,Doxycycline per os 200mg pendant 7 jours (ou azithromycine 1g dose unique mais risque de résistance à d'autres microorganismes),2ème intention : érythromycine ou ofloxacine,Ceftriaxone dose unique IM ou IV 1000 mg
OIC-162-21-B,Le traitement de l' infection à gonocoques consiste en :,Ceftriaxone 1g IV/IM dose unique,Doxycycline 100mg/12h per os 10 jours,Métronidazole 500mg/12h per os 10 jours,Une combinaison des trois médicaments précédents,Une combinaison des trois médicaments précédents
OIC-162-22-A,Quelles sont les modalités de prévention des infections sexuellement transmissibles (IST)?,Seuls les préservatifs peuvent être utilisés pour la prévention des IST.,"La vaccination peut être recommandée pour certaines IST, mais pas pour toutes.","Il faut identifier le ou les partenaires contaminés ou contaminateurs et proposer un dépistage, un diagnostic et/ou un traitement probabiliste.",Toutes les options précédentes sont correctes.,"La vaccination peut être recommandée pour certaines IST, mais pas pour toutes."
OIC-162-23-A,Connaître les signes cliniques d'une syphilis précoce,Le chancre unique et induré de la syphilis est à surveiller car il peut disparaître spontanément.,"La syphilis précoce ne doit pas être évoquée si l'on observe une ulcération des parties génitales, car les symptômes peuvent être trompeurs.",Les signes secondaires de la syphilis précoce comprennent une roséole syphilitique sur le tronc et des syphilides papuleuses cuivrées.,"La phase latente précoce de la syphilis est asymptomatique, ce qui signifie qu'il n'y a pas de symptômes apparents.",Le chancre unique et induré de la syphilis est à surveiller car il peut disparaître spontanément.
OIC-162-24-B,Quelles sont les formes cliniques de la syphilis tardive?,Syphilis gommeuse,Syphilis osseuse,Syphilis cardiovasculaire,Neurosyphilis tertiaire,Tabés
OIC-162-25-B,Quelles sont les manifestations cliniques de la syphilis secondaire ?,Roséole syphilitique,Syphilides palmoplantaires,Syphilides génitales et périnéales,Autres symptômes cutanéo-phanériens,Roséole syphilitique
OIC-162-26-B,Quelle est la phase de syphilis représentée dans cette photographie?,Pré-pubertaire,Pubertaire,Adulte,Néonatale,Pubertaire
OIC-162-27-A,Connaître les tests sérologiques au cours de la syphilis,Les tests tréponémiques (TT) : réaction spécifique des tréponématoses.,Les tests non tréponémique (TNT) : VDRL et RPR (Rapid Plasma Reagin) ne sont pas des réactions spécifiques des tréponématoses (+++).,TT- et TNT- : absence de tréponématose ou très récente (ou guérie et traitée précocement).,"TT+ et TNT+ : interprétation selon la cinétique du TNT (début d'une syphilis avec croissance du TNT, syphilis traitée avec décroissance du TNT).",Les tests tréponémiques (TT) : réaction spécifique des tréponématoses.
OIC-162-28-A,"Le traitement de la syphilis primaire consiste en une injection intramusculaire de benzathine pénicilline G à une dose unique de 2,4 millions d'unités. Si le patient est allergique à la pénicilline, on utilise la doxycycline pendant 14 jours. Une réaction d'Herxheimer peut se produire, notamment chez les patients infectés par le VIH et atteints de syphilis primaire ou secondaire. La réponse correcte est A) Benzathine pénicilline G à une dose unique IM.",Benzathine pénicilline G à une dose unique IM,Doxycycline 14 jours,"Rien, aucune action nécessaire",Inutile de traiter la syphilis primaire,Benzathine pénicilline G à une dose unique IM
OIC-162-29-B,"Le traitement de la syphilis secondaire précoce consiste en une dose unique d'une pénicilline benzathinée intramusculaire (IM) de 2,4 millions d'unités. Si l'on est allergique à la pénicilline, on utilise la doxycycline pendant 14 jours. Il peut y avoir une réaction d'Herxheimer possible pour la syphilis primaire ou secondaire, avec lyse des tréponèmes.","Une dose unique de benzathine pénicilline IM 2,4 millions d'unités",Doxycycline pendant 14 jours si allergie à la pénicilline,"Benzathine pénicilline G dose unique IM 2,4 millions d'unités pour les patients VIH positifs avec syphilis primaire ou secondaire","Benzathine pénicilline G dose unique IM 2,4 millions d'unités une fois par semaine pendant 3 semaines pour la syphilis secondaire tardive. Si allergie à la pénicilline, doxycycline pendant 28 jours.","Une dose unique de benzathine pénicilline IM 2,4 millions d'unités"
OIC-162-30-A,Quelles sont les manifestations cliniques liées au HPV?,Condylomes acuminés,Condylomes plans,Néoplasie intra épithéliale  (NIE),"Localisation variée, unique ou multiple",D
OIC-162-31-B,Quels sont les traitements préventifs et curatifs des infections liées au HPV?,"Le traitement préventif consiste en une vaccination nonavalente avec deux ou trois doses, principalement administrée aux enfants de 11 à 19 ans. Le traitement curatif comprend des méthodes physiques telles que cryothérapie, laser CO2, électrocoagulation et chirurgie, ainsi que des traitements chimique (podophyllotoxine) ou immunologique (imiquimod).","La vaccination nonavalente est le seul traitement préventif efficace pour les infections liées au HPV. Les traitements curatifs peuvent inclure cryothérapie, laser CO2, électrocoagulation et chirurgie physique, ainsi que des médicaments chimiques ou immunologiques.","Le traitement préventif par vaccination est réservé aux enfants de 11 à 19 ans. Les traitements curatifs peuvent varier en fonction du type d'infection HPV et comprennent cryothérapie, laser CO2, électrocoagulation et chirurgie physique.","La vaccination nonavalente est le seul moyen de prévenir les infections liées au HPV. Les traitements curatifs dépendent du type d'infection HPV et peuvent inclure cryothérapie, laser CO2, électrocoagulation ou chirurgie physique.","Le traitement préventif consiste en une vaccination nonavalente avec deux ou trois doses, principalement administrée aux enfants de 11 à 19 ans. Le traitement curatif comprend des méthodes physiques telles que cryothérapie, laser CO2, électrocoagulation et chirurgie, ainsi que des traitements chimique (podophyllotoxine) ou immunologique (imiquimod)."
OIC-162-32-B,Quelle est l'espèce de protozoaire responsable de la trichomonose?,Entamoeba histolytica,Trichomonas vaginalis,Giardia lamblia,Leishmania donovani,Trichomonas vaginalis
OIC-162-33-B,"Quels sont les examens complémentaires à réaliser pour le diagnostic d'une trichomonose, d'une infection à Chlamydia trachomatis et Neisseria gonorrheae?",PCR pour Chlamydia trachomatis et Neisseria gonorrhoeae,Prélèvement bactériologique pour Chlamydia trachomatis et Neisseria gonorrhoeae,Sérologie pour Chlamydia trachomatis et Neisseria gonorrhoeae,Examen direct pour la trichomonose,"PCR pour Chlamydia trachomatis et Neisseria gonorrhoeae, Prélèvement bactériologique pour Chlamydia trachomatis et Neisseria gonorrhoeae, Examen direct pour la trichomonose"
OIC-162-34-B,"Quel est le traitement de la trichomonose, de l'infection à Chlamydia trachomatis et du gonococcus?",Metronidazole PO 2g dose unique,Doxycycline 10 jours,Ceftriaxone IM ou IV 1000 mg,Azithromycine dose unique,Ceftriaxone IM ou IV 1000 mg
OIC-162-35-A,Quelles sont les principales conséquences à long terme des Infections à gonococcus (IGH) chez la femme?,Algies pelviennes inflammatoires,Stérilité tubaire,Grossesse extra-utérine,Toutes les réponses sont correctes,Toutes les réponses sont correctes
OIC-162-36-B,Quel âge est le plus susceptible à une majoration de l’incidence des salpingites ?,20-29 ans,30-39 ans,40-49 ans,50-59 ans,40-49 ans
OIC-162-37-B,La photographie montre des condylomes acuminés sur les grandes lèvres. Les condylomes acuminés sont causés par lequel des agents pathogènes?,Le papillomavirus humain  (HPV) type 6 et 11,Le papillomavirus humain  (HPV) type 16 et 18,Le papillomavirus humain  (HPV) type 11 et 14,Le papillomavirus humain  (HPV) type 6 et 18,Le papillomavirus humain  (HPV) type 6 et 11
OIC-164-01-A,Quels sont les deux types cliniques d'exanthèmes érythémateux?,Les exanthèmes maculeux sans intervalle de peau saine (scarlatiniformes),Les exanthèmes maculo-papuleux avec intervalles de peau saine (morbilliformes),Les exanthèmes vésiculo- pustuleux,Les exanthèmes papuleux sans intervalle de peau saine,Les exanthèmes maculo-papuleux avec intervalles de peau saine (morbilliformes) et les exanthèmes maculeux sans intervalle de peau saine (scarlatiniformes)
OIC-164-02-A,Quelle est la gravité des exanthèmes fébriles chez l'enfant?,Très grave,Grave,Moyenne,Legère,A
OIC-164-03-A,Quelle est la principale cause du syndrome de Reye chez l'enfant?,Une infection par le virus de l'herpès,Un surdosage en vitamine A,Une infection par le virus de l'herpès,Une infection par le virus de la rougeole,Une infection par le virus de l'herpès
OIC-164-04-A,Quelle est l'incidence de la rougeole dans le monde ? ,Elle cause des décès chez les enfants dans les pays à hauts revenus.,Elle est responsable de recrudescences épidémiques régulières en France.,Elle est très contagueuse avec un R0 entre 15 et 20.,Le virus de la rougeole appartient à la famille des Paramyxoviridae.,b
OIC-164-05-A,Quelle est l'incubation de la rubéole?,15 jours,20 jours,25 jours,30 jours,b
OIC-164-06-A,Quelle est la principale caractéristique clinique du mégalérythème épidémique?,Eruption maculopapuleuse,Fièvre intense,Arthralgies articulaires,Anasarque fœtal,Eruption maculopapuleuse
OIC-164-07-A,Quel virus est responsable de la roseole chez l'enfant?,VZV (Varicella-zoster virus),Parvovirus B19,HHV6 (Human Herpesvirus 6),Mycoplasma pneumoniae,c) HHV6 (Human Herpesvirus 6)
OIC-164-08-A,Quelle est la maladie virale qui cause le syndrome mononucléosique chez l'enfant?,Le syndrome mononucléosique chez l'enfant est causé par la rubéole.,Le syndrome mononucléosique chez l'enfant est causé par la varicelle.,Le syndrome mononucléosique chez l'enfant est causé par le CMV (Cytomegalovirus).,Le syndrome mononucléosique chez l'enfant est causé par la mononucléose infectieuse (Maladies infectieuses éruptives : mononucléose infectieuse).,Le syndrome mononucléosique chez l'enfant est causé par la mononucléose infectieuse (Maladies infectieuses éruptives : mononucléose infectieuse).
OIC-164-09-A,Quelle est la principale cause de la scarlatine chez l'enfant?,Une infection par le virus du sarampo,Une infection par le bacille de la tuberculose,Une infection par le streptocoque du groupe A,Une infection par le coronavirus du SARS-CoV-2,Une infection par le streptocoque du groupe A
OIC-164-10-A,"La maladie de Kawasaki est caractérisée par les symptômes suivants, sauf celui-ci:",Fièvre prolongée,Exanthème maculopapuleux ou érythème diffus,Atteinte des extrémités avec érythème des paumes et des plantes,Conjonctivite bulbaire bilatérale non suppurative,Atteinte oropharyngée : glossite et/ou chéilite et/ou pharyngite
OIC-164-11-A,Quelle est la principale indication de l'aciclovir dans le traitement de la varicelle?,Traitement du zona,Prévention des surinfections bactériennes cutanées,Traitement de l'encéphalite varicellaise,Prévention de la maladie chez les sujets immunodéprimés,Prévention des surinfections bactériennes cutanées
OIC-176-01-A,Quelle définition donne-t-on de la diarrhée chez l'enfant ?,La définition quantitative (nombre de selles molles ou liquides par 24 heures),La définition qualitative (consistance des selles),La définition selon la durée (durée d'évolution en semaine),Toutes les réponses sont correctes,La définition quantitative (nombre de selles molles ou liquides par 24 heures) et La définition selon la durée (durée d'évolution en semaine)
OIC-176-02-A,Quelles sont les principales causes des diarrhées chez l'adulte et l'enfant?,"Infectieuses, fonctionnelles, médicamenteuses, inflammatoires","Infectieuses, allergiques, médicamenteuses, inflammatoires","Infectieuses, fonctionnelles, médicamenteuses, parasitaires","Infectieuses, fonctionnelles, médicamenteuses, endocriniennes","Infectieuses, fonctionnelles, médicamenteuses, inflammatoires"
OIC-176-03-A,Quelles sont les situations cliniques qui nécessitent une prise en charge urgente dans le cadre des diarrhées infectieuses de l’adulte et de l’enfant?,Déshydratation aigue,Sepsis,Syndrome hémolytique et urémique (SHU) et purpura thrombotique thrombocytopénique,Tableau pseudo-occlusif post-diarrhée,Syndrome hémolytique et urémique (SHU) et purpura thrombotique thrombocytopénique
OIC-176-04-A,Quel est l'agent pathogène le plus probable dans un adulte présentant une diarrhée aiguë et une fièvre ?,Vibrio cholerae,Campylobacter jejuni,Yersinia enterocolitica,Clostridium perfringens,Vibrio cholerae
OIC-176-05-A,Quel est l'agent pathogène le plus fréquemment retrouvé dans les cas de gastroentérite chez l'enfant ? ,Rotavirus,Clostridium difficile,Entamoeba histolytica,Cytomegalovirus,Rotavirus
OIC-176-06-B,Quels sont les principaux parasites responsables de diarrhées chez l'enfant et l'adulte ?,"Giardia intestinalis, Cryptosporidium spp, microsporidies","Amoebae intestinales, Cyclospora spp, Anguillula spp","Ascaris lumbricoides, Trichuris trichiura, Ancyclostoma duodenale","Giardia intestinalis, Cryptosporidium spp, microsporidies et Cystoisospora belli en cas d'immunosuppression","Giardia intestinalis, Cryptosporidium spp, microsporidies"
OIC-176-07-A,Quels sont les principaux examens complémentaires à visée étiologique pour une diarrhée aigue fébrile ?,Coproculture,Examen parasitologique des selles,Recherche de toxines de C. difficile,Hémocultures,"Coproculture, examen parasitologique des selles, hémocultures"
OIC-176-08-B,Quand une recherche parasitologique des selles est-elle indiquée?,En cas de diarrhée au retour d'un voyage en zone tropicale,En cas d'immunodépression et de diarrhées chroniques,Dans les deux cas précédents,Aucun des cas précédents,Dans les deux cas précédents
OIC-176-09-A,Le bilan de retentissement concerne les situations de,"* deshydratation : ionogramme sanguin, créatininémie, NFS","* sepsis : Gaz du sang avec lactates, évaluation des dysfonction d'organe","* malnutrition : détermination de la morphologie corporelle (anthropométrie), bilan nutritionnel complet","* anémie : hématocrite, ferritinémie, marqueurs de l'état de santé globale","* deshydratation : ionogramme sanguin, créatininémie, NFS * sepsis : Gaz du sang avec lactates, évaluation des dysfonction d'organe"
OIC-176-10-B,Quelles sont les indications de l'examen endoscopique pour un adulte ou un enfant?,Toute personne avec diarrhée persistante,Personnes immunodéprimées sans étiologie identifiée à la diarrhée,Adultes et enfants avec symptômes digestifs persistants non spécifiques,Tous les patients présentant une fièvre,Personnes immunodéprimées sans étiologie identifiée à la diarrhée
OIC-176-11-A,Quel est le traitement symptomatique de la diarrhée aiguë chez l'enfant?,L'efficacité des anti-émétiques est très modérée et leur prescription ne doit pas se faire au dépend du SRO.,La diosmectite peut être utilisée comme traitement symptomatique de la diarrhée aiguë chez l'enfant.,Le racécadrotil peut être utilisé comme traitement symptomatique de la diarrhée aiguë chez l'enfant.,Le lopéramide est contre-indiqué dans le syndrome occlusif.,La diosmectite et le racécadrotil peuvent être utilisés comme traitement symptomatique de la diarrhée aiguë chez l'enfant.
OIC-176-12-A,Quels sont les principes de prise en charge symptomatique de la diarrhée chez l'adulte et l'enfant?,Corriger ou prévenir la déshydratation en privilégiant la voie orale quand possible,Réduire l'intensité de la diarrhée,Administer des anti-diarrhéiques,Prescrire des antibiotiques,Corriger ou prévenir la déshydratation en privilégiant la voie orale quand possible
OIC-176-13-A,Le traitement des diarrhées infectieuses chez l'adulte repose sur les antibiotiques.,True,False,Sometimes,It depends on the context,True
OIC-176-14-A,"La prévention primaire de la diarrhée infectieuse consiste à avoir une bonne hygiène des mains avant les repas et après passage aux toilettes, chez l’enfant en toutes circonstances au vu de la fréquence du port des mains à la bouche. En plus, les aliments doivent être bien conservés en respectant la chaine du froid, et en zone tropicale, veiller à consommer de l’eau traitée ou minérale et à consommer des aliments cuits et chauds, ou lavés et épluchés si crus. En cas d'hospitalisation, des précautions complémentaires contact sont nécessaires pour éviter la transmission croisée (renforcées (type 2) en cas d’infection à C. difficile. De plus, les spores de C. difficile étant résistantes au solutés hydro-alcooliques, un lavage des mains au savon doit précéder l'application de SHA dans cette situation). Une éviction de la collectivité est indiquée en cas de shigelloses, E. coli entérohémorragiques, Salmonella Typhi et Paratyphi. Vaccinations - Il existe une vaccination spécifique anti-rotavirus chez l'enfant avant l’âge de 6 mois (vaccins vivants oraux avec un schéma en 2 ou 3 doses ; risque d’invagination intestinale aiguë plus fréquent si administré après l’âge de 6 mois) qui est largement recommandée dans les pays Européens avec un impact sur les formes sévères et les hospitalisations même chez l'enfant plus âgé (moins de 5 ans). Ce vaccin n'est pas recommandé en France en 2021, il peut être prescrit mais ne sera pas remboursé. - Vaccins antityphoïde : en 2021, 2 types de vaccins sont disponibles en France Un vaccin monovalent Typhim® contre la fièvre typhoïde, composé de polyosides capsulaires Vi d’une souche de Salmonella typhi, peut être utilisé chez l’adulte et l’enfant de plus de 2 ans. Il est contre-indiqué en cas d’allergie à l’un des constituants. Un vaccin bivalent Tyavax® vaccin Fièvre typhoïde-Hépatite A : ce vaccin est composé de polyosides capsulaires Vi d’une souche de Salmonella typhi et du virus inactivé de l’hépatite A. Il est contre-indiqué en cas d’allergie à l’un des constituants. Il peut être utilisé chez les patients de plus de 16 ans. Pour ces deux vaccins la séroprotection vis-à-vis de la typhoïde diminue rapidement au cours de la première année (environ 40% de vaccinés protégés au bout d’un an, en dehors des zones d’endémie). Un rappel est indiqué entre 24 et 36 mois après la première injection pour le Typhim® et après 36 mois pour le Tyavax®, si une protection contre la fièvre typhoïde est toujours nécessaire. En ce qui concerne l’hépatite A un rappel peut être fait dès la première année après la première injection de Tyavax®, soit par un vaccin anti hépatite A, soit par le Tyavax® en fonction du risque de contamination. En dessous de l’âge de 2 ans aucun de ces vaccins n’induit une réponse immunitaire efficace. En ce qui concerne l’hépatite A un rappel peut être fait dès la première année soit par un vaccin anti hépatite A soit par le Tyavax® en fonction du risque d’acquisition d’une typhoïde.","La prévention primaire de la diarrhée infectieuse consiste à avoir une bonne hygiène des mains avant les repas et après passage aux toilettes, chez l’enfant en toutes circonstances au vu de la fréquence du port des mains à la bouche.","Les aliments doivent être bien conservés en respectant la chaine du froid, et en zone tropicale, veiller à consommer de l’eau traitée ou minérale et à consommer des aliments cuits et chauds, ou lavés et épluchés si crus.","En cas d'hospitalisation, des précautions complémentaires contact sont nécessaires pour éviter la transmission croisée (renforcées (type 2) en cas d’infection à C. difficile. De plus, les spores de C. difficile étant résistantes au solutés hydro-alcooliques, un lavage des mains au savon doit précéder l'application de SHA dans cette situation).","Une éviction de la collectivité est indiquée en cas de shigelloses, E. coli entérohémorragiques, Salmonella Typhi et Paratyphi.","La prévention primaire de la diarrhée infectieuse consiste à avoir une bonne hygiène des mains avant les repas et après passage aux toilettes, chez l’enfant en toutes circonstances au vu de la fréquence du port des mains à la bouche."
OIC-176-15-A,Connaître la définition d’une toxi- infection alimentaire collective,Une épidémie de gastro-entérite infectieuse aiguë,Une maladie causée par un agent pathogène ingéré dans l'alimentation,Une intoxication alimentaire collective due à des substances toxiques présentes dans les aliments,Une épidémie de diarrhées aiguës avec fièvre,Une intoxication alimentaire collective due à des substances toxiques présentes dans les aliments
OIC-176-16-A,Quelle est la principale cause des diarrhées dans le monde ?,Infectieuses,Toxiques,Alimentaire,Diverses causes,Infectieuses
OIC-176-17-A,Voir [[Connaître les principes de prescription d’une réhydratation orale et intraveineuse. Connaître les traitements symptomatiques de la diarrhée aiguë 2C-176-PC-A01]],,,,,Voir [[Connaître les principes de prescription d’une réhydratation orale et intraveineuse. Connaître les traitements symptomatiques de la diarrhée aiguë 2C-176-PC-A01]]
OIC-179-01-B,Quelles sont les protozoonoses transmises par l'eau?,Amoebiasis,Cryptosporidiosis,Toxoplasmosis,Giardiasis,All of the above
OIC-179-02-B,Quelle est la principale transmission de la toxoplasmose?,Ingestion d'aliments contaminés,Contact avec des animaux porteurs,Transmission vertébro-hépatique,Piqure d'un vecteur infectieux,Ingestion d'aliments contaminés
OIC-179-03-A,Quels sont les principaux risques liés à la consommation d’eau polluée ? ,Troubles gastro-intestinaux,Atteinte neurologique,Hépatite,"Insuffisance rénale, Syndrome hémolytique et urémique (SHU)",Troubles gastro-intestinaux
OIC-179-04-B,Quelles sont les formes de pollution qui affectent les ressources en eau et peuvent être responsables de troubles gastro-intestinaux?,Pollution thermique,Pollution radioactive,Pollution chimique,Pollution microbienne et parasitaire,Pollution microbienne et parasitaire
OIC-179-05-A,La prévention des risques sanitaires liés à l’eau repose sur un ensemble allant de la source à la distribution.,De la source au réseau,Du réseau à la source,De la source aux points de consommation,Des points de consommation jusqu’à la source,De la source aux points de consommation
OIC-179-06-A,Quels sont les principaux risques liés à l'alimentation ?,"Troubles gastro-intestinaux (agents infectieux, champignons (macromycètes), syndrome histaminique)","Éruption cutanée (allergie, macromycètes). Il existe de nombreux allergènes alimentaires : oeufs de poule, gluten, arachide… à ne pas confondre avec le syndrome histaminique lié à la consommation de poisson mal conservé","Atteinte neurologique (microbienne, toxique (métaux lourds, hydrargyrisme ou maladie de Minamata liée au mercure), macromycètes)","Atteinte hépatique (virus, parasites, macromycètes)","Troubles gastro-intestinaux (agents infectieux, champignons (macromycètes), syndrome histaminique)"
OIC-179-07-A,Quelle est la définition d'une toxi-infection alimentaire collective (TIAC)?,"Apparition d’au moins 2 cas d’une symptomatologie en général digestive, dont on peut rapporter la cause à une même origine alimentaire.",Une TIAC est caractérisée par l'apparition de nausées et de vomissements.,TIAC se manifeste par des diarrhées cholériformes.,TIAC présente une symptomatologie neurologique.,"Apparition d’au moins 2 cas d’une symptomatologie en général digestive, dont on peut rapporter la cause à une même origine alimentaire."
OIC-179-08-A,Quels sont les agents responsables de toxi-infections alimentaires aiguës (TIA) avec symptomatologie digestive et les aliments en cause?,"Salmonella enterica sérotypes non Typhi (Enteritidis, Typhimurium)",Staphylococcus aureus,Clostridium perfringens,Norovirus,"Salmonella enterica sérotypes non Typhi (Enteritidis, Typhimurium)"
OIC-179-09-A,Quand un suspect de toxi-infection alimentaire collective (TIAC) doit-il signaler cette suspicion à l'ARS ?,Seulement si une enquête est menée par les services officiels,Aucun cas groupé n'est considéré comme TIAC sans enquête préalable,"Toutes les suspicions doivent être signalées, qu'il y ait ou non enquête préalable",Seulement si des cas similaires ont été déclarés dans le même environnement collectif,"Toutes les suspicions doivent être signalées, qu'il y ait ou non enquête préalable"
OIC-179-10-B,Quelles sont les premières mesures à prendre pour préparer une investigation de toxi-infection alimentaire collective (TIAC)?,Identifier les malades ayant eu des signes cliniques,Effectuer des prélèvements de selles et éventuellement de vomissements chez les malades,Préparer une liste des menus des repas des trois derniers jours,Conserver les restes des matières premières et des denrées servies à la collectivité au cours des 3 derniers jours,Effectuer des prélèvements de selles et éventuellement de vomissements chez les malades
OIC-179-11-A,Quelles sont les mesures préventives pour les toxi-infections alimentaires aiguës chez le personnel?,Mesures préventives en dehors d’un contexte de TIAC,Mesures préventives en présence d’une TIAC,Les deux options précédentes,Aucune mesure particulière n’est nécessaire,B
OIC-183-01-B,Quels sont les deux modes d'organisation des services prévention et de santé au travail (SPST) ?,Un seul service pour plusieurs employeurs,Un service interne à l'entreprise pour les grandes entreprises,"Des équipes pluridisciplinaires composées d'infirmiers, d'ergonomes et de psychologues animés par le médecin du travail",Deux missions principales : conseil aux salariés et aux employeurs sur l'évaluation et la gestion des risques professionnels et suivi de santé des salariés,"Un service interne à l'entreprise pour les grandes entreprises, Des équipes pluridisciplinaires composées d'infirmiers, d'ergonomes et de psychologues animés par le médecin du travail, Deux missions principales : conseil aux salariés et aux employeurs sur l'évaluation et la gestion des risques professionnels et suivi de santé des salariés"
OIC-183-02-B,Quels sont les modes d'action des services de santé au travail?,Évaluer les risques professionnels,Conseiller sur l'organisation des secours et des services d'urgence,Mener des actions de promotion de santé,Toutes les réponses sont correctes,Toutes les réponses sont correctes
OIC-183-03-B,Quels sont les outils du médecin du travail?,Suivi de santé des salariés et actions sur le terrain,Conseil en prévention des risques professionnels,Etudes de poste de travail et adaptation des postes de travail,Organisation d'actions en partenariat avec l'équipe pluridisciplinaire,Suivi de santé des salariés et actions sur le terrain
OIC-183-04-A,Quels sont les types de consultations dans le suivi de santé en milieu professionnel?,Consultations systématiques,Consultations liées à un arrêt de travail,Consultations à la demande du salarié ou de l’employeur en cas de problème,Toutes les options sont correctes,Toutes les options sont correctes
OIC-183-05-B,Quels sont les documents rédigés par le médecin du travail?,Le dossier médical en santé au travail,La fiche d'entreprise,La fiche d'aptitude / inaptitude,Toutes les réponses sont correctes,"Le dossier médical en santé au travail, La fiche d'entreprise, La fiche d'aptitude / inaptitude"
OIC-183-06-A,Quelle est la prévention primaire dans le contexte professionnel?,Eviter les accidents du travail,Detecter les maladies liées au risque professionnel,Maintenir les personnes dans leur emploi en cas de maladie professionnelle,Prendre soin des employés blessés ou malades,Eviter les accidents du travail
OIC-183-07-B,La hiérarchisation des risques professionnels est-elle obligatoire dans les entreprises ?,"Non, elle n'est pas obligatoire.","Oui, elle est obligatoire et doit être réalisée par l'employeur.","Oui, elle est obligatoire mais ne concerne que certains risques spécifiques.","Non, elle n'est pas obligatoire mais recommandée.","B) Oui, elle est obligatoire et doit être réalisée par l'employeur."
OIC-183-08-A,"La démarche de gestion des risques professionnels s'effectue en cinq étapes. La première étape consiste à supprimer les dangers lorsqu'ils sont identifiés. Si la suppression est impossible, on passe à l'étape 2.",Suppression des dangers,Limiter les émissions à la source et leur dispersion dans le lieu de travail,Limiter l'exposition des salariés par le port d'équipements de protection individuelle adaptés,Evaluer l'efficacité des mesures de prévention,Suppression des dangers
OIC-186-01-B,"La physiopathologie des hypersensibilités allergiques comprend deux phases : la sensibilisation centrale dans les ganglions, asymptomatique, et la révélation périphérique symptomatique. Quelle est la phase de révélation périphérique ?",Phase d'activation périphérique,Phase de sensibilisation centrale,Phase de libération des médiateurs,Phase de synthèse des médiateurs inflammatoires,Phase de révélation périphérique
OIC-186-02-B,Quelles sont les tendances épidémiologiques des allergies aux venins d'hyménoptères?,Les hyménoptères contiennent des substances vaso-actives responsables de réactions toxiques et d'hypersensibilités non allergiques.,"Les hyménoptères contiennent des enzymes et autres protéines responsables de manifestations immuno-allergiques de type immédiat, médiées par des IgE spécifiques d'allergènes des venins.","Les piqûres d'abeille surviennent essentiellement au printemps et au début de l'été, généralement lorsque l'insecte se sent menacé.","Les guêpes sont plus agressives que les abeilles, peuvent piquer sans raison apparente, parfois plusieurs fois car l'aiguillon ne reste pas dans la peau.",Les hyménoptères contiennent des substances vaso-actives responsables de réactions toxiques et d'hypersensibilités non allergiques.
OIC-186-03-B,Quels sont les allergènes alimentaires les plus fréquents chez l'enfant et chez l'adulte?,"Chez l'enfant : œuf, arachide, lait de vache. Chez l'adulte : fruits.","Chez l'enfant : œuf, arachide, poissons. Chez l'adulte : fruits, légumineuses.","Chez l'enfant : œuf, arachide, lait de vache. Chez l'adulte : fruits, viandes.","Chez l'enfant : œuf, arachide, poissons. Chez l'adulte : fruits, poisson.","Chez l'enfant : œuf, arachide, lait de vache. Chez l'adulte : fruits."
OIC-186-04-B,"Quelle est la prévalence de l'hypersensibilité médicamenteuse, majoritairement non allergique, dans la population générale ? ",7% de la population générale,10% de la population générale,5% de la population générale,15% de la population générale,7% de la population générale
OIC-186-05-B,"Connaître les éléments physiopathologiques des allergies aux venins d’hyménoptères : prévalence, mortalité",Les allergies aux venins d'hyménoptères sont des hypersensibilités de type 1 médiées par des IgE spécifiques des venins.,Les allergies aux venins d'hyménoptères ne sont pas des hypersensibilités de type 1 mais plutôt des réactions immunitaires adaptatives non spécifiques.,Les allergies aux venins d'hyménoptères sont des hypersensibilités de type 2 médiées par des IgE spécifiques des venins.,Les allergies aux venins d'hyménoptères ne sont pas des hypersensibilités mais plutôt des réactions immunitaires innées non spécifiques.,Les allergies aux venins d'hyménoptères sont des hypersensibilités de type 1 médiées par des IgE spécifiques des venins.
OIC-186-06-A,Connaître et hiérarchiser les différentes étapes du diagnostic des allergies respiratoires,Le diagnostic des allergies respiratoires est fondé sur l'identification de pneumallergènes saisonniers.,Le diagnostic des allergies respiratoires repose sur la mise en évidence d'une sensibilisation à un allergène spécifique.,Le diagnostic des allergies respiratoires s'appuie sur l'association entre les symptômes et une exposition récurrente à certains allergènes.,Le diagnostic des allergies respiratoires est basé sur la présence d'IgE spécifiques vis-à-vis de certains allergènes.,Le diagnostic des allergies respiratoires s'appuie sur l'association entre les symptômes et une exposition récurrente à certains allergènes.
OIC-186-07-A,Quels sont les principaux allergènes de l'allergie alimentaire IgE-dépendante chez l'enfant et l'adulte ?,"Le lait avant l'âge de 6 mois, L'arachide surtout après 3 ans, L'œuf, lait de vache, moutarde, morue : de 5 mois à 15 ans, Fruits à coque, certains fruits (pomme, poire, prune, pêche, abricot, kiwi), crustacés, soja","Le lait avant l'âge de 6 mois, L'arachide surtout après 3 ans, L'œuf, lait de vache, moutarde, morue : de 5 mois à 15 ans, Fruits à coque, certains fruits (pomme, poire, prune, pêche, abricot, kiwi), crustacés, soja","Le lait avant l'âge de 6 mois, L'arachide surtout après 3 ans, L'œuf, lait de vache, moutarde, morue : de 5 mois à 15 ans, Fruits à coque, certains fruits (pomme, poire, prune, pêche, abricot, kiwi), crustacés, soja","Le lait avant l'âge de 6 mois, L'arachide surtout après 3 ans, L'œuf, lait de vache, moutarde, morue : de 5 mois à 15 ans, Fruits à coque, certains fruits (pomme, poire, prune, pêche, abricot, kiwi), crustacés, soja","Le lait avant l'âge de 6 mois, L'arachide surtout après 3 ans, L'œuf, lait de vache, moutarde, morue : de 5 mois à 15 ans, Fruits à coque, certains fruits (pomme, poire, prune, pêche, abricot, kiwi), crustacés, soja"
OIC-186-08-B,Quelle est la prévalence de l'allergie à l'arachide dans la population générale ?,"0,5%",1%,2%,4%,1%
OIC-186-09-B,Quelles sont les causes des allergies croisées entre allergènes respiratoires et alimentaires?,"Les allergies croisées entre allergènes respiratoires et alimentaires s'expliquent par la reconnaissance, par les IgE spécifiques d'un patient, d'allergènes similaires ou de forte homologie, présents dans des sources allergéniques distinctes (respitatoires et alimentaires).","Les allergies croisées entre allergènes respiratoires et alimentaires s'expliquent par la reconnaissance, par les IgE spécifiques d'un patient, d'allergènes similaires ou de forte homologie, présents dans des sources allergéniques distinctes (respitatoires et alimentaires).","Les allergies croisées entre allergènes respiratoires et alimentaires s'expliquent par la reconnaissance, par les IgE spécifiques d'un patient, d'allergènes similaires ou de forte homologie, présents dans des sources allergéniques distinctes (respitatoires et alimentaires).","Les allergies croisées entre allergènes respiratoires et alimentaires s'expliquent par la reconnaissance, par les IgE spécifiques d'un patient, d'allergènes similaires ou de forte homologie, présents dans des sources allergéniques distinctes (respitatoires et alimentaires).","Les allergies croisées entre allergènes respiratoires et alimentaires s'expliquent par la reconnaissance, par les IgE spécifiques d'un patient, d'allergènes similaires ou de forte homologie, présents dans des sources allergéniques distinctes (respitatoires et alimentaires)."
OIC-186-10-B,Le diagnostic d’une réaction consécutive à une piqûre d’hyménoptère repose sur :,"l’anamnèse, l’identification de l’insecte par le sujet et la persistance ou non d’un dard en place.",les tests cutanés (tests intradermiques) et les tests biologiques (dosage des IgE spécifiques des venins).,"l’anamnèse, l’identification de l’insecte par le sujet et la chronologie des symptômes.",les tests cutanés (tests intradermiques) et les tests biologiques (dosage des IgE spécifiques des venins).,"l’anamnèse, l’identification de l’insecte par le sujet et la chronologie des symptômes."
OIC-186-11-A,Quels sont les facteurs environnementaux qui influencent l'allergie?,Diversification tardive des habitudes alimentaires,Tabagisme passif pré- et post-natal,Environnement allergénique intérieur modifié,Pollution atmosphérique,"La modification des habitudes alimentaires, le tabagisme passif pré- et post-natal, l'environnement allergénique intérieur modifié, la pollution atmosphérique, la baisse de la biodiversité microbienne, ainsi que les facteurs professionnels."
OIC-186-12-B,Le test multi allergénique est prescrit par le médecin de soin primaire.,Le test multi allergénique est prescrit par l'allergologue.,Le test multi allergénique est prescrit par le pédiatre.,"Le test multi allergénique n'est pas prescrit par un médecin, mais par une infirmière spécialisée en allergologie.",Le test multi allergénique n'est pas prescrit par un professionnel de la santé.,Le test multi allergénique est prescrit par le médecin de soin primaire.
OIC-186-13-B,"Les tests cutanés en allergologie explorent les réactions immédiates ou retardées. Les réponses suivantes sont correctes : A) Les pricks explorent les réactions immédiates et sont réalisés sur la face antérieure de l’avant bras, B) Les patchs tests explorent les réactions retardées et sont réalisés le plus souvent dans le dos du patient, C) L’intra dermo-reaction (IDR) consiste à injecter l’allergène en intradermique et à effectuer soit une lecture immédiate à 15 minutes, soit une lecture retardée à 48h.",Les pricks explorent les réactions immédiates et sont réalisés sur la face antérieure de l’avant bras,Les patchs tests explorent les réactions retardées et sont réalisés le plus souvent dans le dos du patient,"L’intra dermo-reaction (IDR) consiste à injecter l’allergène en intradermique et à effectuer soit une lecture immédiate à 15 minutes, soit une lecture retardée à 48h",Les pricks explorent les réactions retardées et sont réalisés sur la face postérieure du dos,"C) L’intra dermo-reaction (IDR) consiste à injecter l’allergène en intradermique et à effectuer soit une lecture immédiate à 15 minutes, soit une lecture retardée à 48h."
OIC-186-14-A,"Connaître les principes de l’éducation thérapeutique dans l’allergie alimentaire (PAI, indication de l’adrénaline auto-injectable.)",L'éducation thérapeutique n'est pas un aspect fondamental de la prise en charge de l'allergie alimentaire.,"L'éducation thérapeutique est un aspect fondamental de la prise en charge de l'allergie alimentaire, mais ne concerne que le régime d’éviction des allergènes.",L'éducation thérapeutique est un aspect fondamental de la prise en charge de l'allergie alimentaire et comprend l'utilisation de la trousse d'urgence.,"L'éducation thérapeutique est un aspect fondamental de la prise en charge de l'allergie alimentaire, mais ne concerne que le projet d'accueil individualisé (PAI).",C
OIC-186-15-A,Quels sont les critères pour le diagnostic de conjonctivite allergique?,"Présence de signes cliniques, sensibilisation démontrée par des prick tests positifs ou présence d'IgE spécifiques d'allergènes et test de provocation conjonctival positive.",Signes cliniques et présence d'IgE spécifiques d'allergènes.,Présence de signes cliniques et test de provocation conjonctival positif.,Prick tests positifs ou détection d'IgE spécifiques d'allergènes.,"Présence de signes cliniques, sensibilisation démontrée par des prick tests positifs ou présence d'IgE spécifiques d'allergènes et test de provocation conjonctival positive."
OIC-186-16-A,Quels sont les principaux traitements d'une conjonctivite allergique?,Eviction de l'allergène et traitement systémique par anti H1 de 2ème génération.,Lavage oculaire fréquents et applications de compresses humides froides.,Antihistaminiques H1 en collyre.,Inhibiteurs de la dégranulation des mastocytes en collyre (cromoglicate de sodium).,Eviction de l'allergène et traitement systémique par anti H1 de 2ème génération.
OIC-186-17-A,Quelles sont les principales tendances épidémiologiques de l'allergie alimentaire chez l'enfant ? ,"La prévalence des allergies alimentaires est de 6% entre la naissance et 5,5 ans.","Le lait est l'allergène le plus fréquemment retrouvé avec une prévalence de 3,4%.","L'œuf est l'allergène le deuxième plus fréquent avec une prévalence de 0,87%.","Les fruits exotiques sont l'allergène le troisième plus fréquent avec une prévalence de 0,56%.","La prévalence des allergies alimentaires est de 6% entre la naissance et 5,5 ans."
OIC-186-18-A,Quels sont les principaux facteurs déclenchants de l'asthme chez l'enfant?,Les infections virales,L'allergie aux pneumallergènes,L'exposition au tabac dès la conception,La pollution de l'air intérieur et la pollution atmosphérique,"Les infections virales, L'allergie aux pneumallergènes, L'exposition au tabac dès la conception, La pollution de l'air intérieur et la pollution atmosphérique"
OIC-186-19-A,Le test multiallergénique est prescrit par le médecin de soin primaire.,Le test multiallergénique est prescrit par l'allergologue.,Le test multiallergénique n'est pas prescrit par le médecin de soin primaire.,Le test multiallergénique est prescrit par le pédiatre.,Le test multiallergénique est prescrit par l'immunologue.,Le test multiallergénique est prescrit par le médecin de soin primaire.
OIC-187-01-A,Quelle est la définition de l'urticaire ?,Une dermatose inflammatoire fréquente secondaire à des mécanismes immunologiques complexes.,Une dermatose inflammatoire fréquente secondaire à des mécanismes non immunologiques complexes.,Une dermatose inflammatoire rare secondaire à des mécanismes immunologiques complexes.,Une dermatose inflammatoire rare secondaire à des mécanismes non immunologiques complexes.,Une dermatose inflammatoire fréquente secondaire à des mécanismes non immunologiques complexes.
OIC-187-02-B,Quels sont les mécanismes d'activation des mastocytes dans l'urticaire?,Activation immunologique via les IgE ou auto-anticorps de type IgG,Activation non immunologique par récepteurs à la surface des mastocytes,Activation non immunologique par action pharmacologique directe de certains médicaments,Toutes les options sont correctes,Toutes les options sont correctes
OIC-187-03-A,Quelles sont les modalités de diagnostic d'une urticaire superficielle et profonde?,La lésion élémentaire est une papule oedèmateuse érythémateuse à bordure nette avec parfois un centre plus clair.,La forme et la taille des papules peuvent varier ; il peut exister des lésions annulaires ou polycycliques et les papules peuvent aller de quelques millimètres à de larges plaques à contours géographiques.,"Les 3 caractéristiques majeures de ces papules oedèmateuses au cours de l’urticaire superficielle sont leurs caractères purigineux, fugace et migrateur.","La lésion élémentaire est un œdème blanc rosé ferme, non prurigineux avec sensation de tension ou de douleur.",La lésion élémentaire est une papule oedèmateuse érythémateuse à bordure nette avec parfois un centre plus clair.
OIC-187-04-A,La photographie montre des papules oedémateuses sur la peau. Quel est le nom médical de cette condition?,Dermatite de contact,Eczéma infantile,Urticaire,Dermatite atopique,Urticaire
OIC-187-05-A,Quand une urticaire est-elle suspectée d'être secondaire à une anaphylaxie ?,L'urticaire chronique ne peut jamais être secondaire à une anaphylaxie.,L'urticaire aiguë peut être dans une minorité de cas secondaire à une allergie ou hypersensibilité immédiate appelée anaphylaxie.,Une urticaire isolée ne peut jamais être suspectée d'être secondaire à une anaphylaxie.,L'urticaire chronique peut être dans une minorité de cas secondaire à une allergie ou hypersensibilité immédiate appelée anaphylaxie.,B. L'urticaire aiguë peut être dans une minorité de cas secondaire à une allergie ou hypersensibilité immédiate appelée anaphylaxie.
OIC-187-06-A,Quelles sont les principales causes de l’urticaire ?,"Les urticaires physique, de contact, alimentaires, médicamenteuses, infectieuses",Les urticaires physique et de contact,Les urticaires alimentaires et médicamenteuses,Les urticaires infectieuses,"Les urticaires physique, de contact, alimentaires, médicamenteuses, infectieuses"
OIC-187-07-A,Quel est le traitement d'une urticaire aiguë?,Eviction de facteurs favorisants/déclenchants,Antihistaminiques anti H1 de 2<sup>ème</sup> génération,En cas de chronicisation de l’urticaire aigue et/ou de mauvaise réponse ; les antihistaminiques anti H1 de 2<sup>ème</sup> génération peuvent être augmentés à 4 cpés/jour.,"En cas de signes d’anaphylaxie associés le traitement doit être guidé par les manifestations présentées ; Ø  l’adrénaline par voie parentérale en cas de choc anaphylactique ou d’angio-œdème asphyxiant, Ø  l’oxygénothérapie si désaturation, Ø  le remplissage vasculaire si choc anaphylactique, Ø  l’administration de béta-2 mimétiques inhalés en cas de bronchospasme.",Antihistaminiques anti H1 de 2<sup>ème</sup> génération
OIC-187-08-B,Quels sont les facteurs responsables de l'atopie?,Génétique,Immunologiques,Environnementaux,Une seule réponse correcte,Tous les trois facteurs
OIC-187-09-A,La dermatite atopique évolue-t-elle différemment en fonction des phases aiguë et chronique ?,"Oui, elle est différente en phase aigue.","Non, elle n'est pas différente en phase aigue.","Oui, elle est différente en phase chronique.","Non, elle n'est pas différente en phase chronique.","Oui, elle est différente en phase chronique."
OIC-187-10-A,La photographie représente une dermatite atopique.,Une urticaire,Une dermatite de contact,Une eczéma infantile,Une psoriasis,Une dermatite atopique
OIC-187-11-B,Quelles sont les principales complications infectieuses de la dermatite atopique?,Surinfection par le staphylocoque doré de diagnostic cliniquement difficile,Surinfection par le virus de l’herpès (HSV-1++),Eczéma de contact par sensibilisation aux allergènes des topiques appliqués sur la peau,Retentissement sur la qualité de vie,Surinfection par le staphylocoque doré de diagnostic cliniquement difficile
OIC-187-12-A,Quels sont les quatre axes du traitement de la dermatite atopique?,Soins d’hygiène,Traitement anti-inflammatoire local,Émollients,Éducation thérapeutique,Tous les quatre axes sont nécessaires pour traiter la dermatite atopique.
OIC-187-13-B,Quels sont les deux phases physiopathologiques de l'eczéma de contact allergique ?,Phase de sensibilisation asymptomatique et phase de révélation symptomatique,Phase de sensibilisation asymptomatique et phase d'évocation clinique,Phase de sensibilisation asymptomatique et phase d'expression clinique,Phase de sensibilisation asymptomatique et phase de révélation clinique,Phase de sensibilisation asymptomatique et phase de révélation symptomatique
OIC-187-14-A,Quels sont les signes cliniques d'un eczéma aigu?,"Erythème mal limité, oedème vésiculeux et suintement.","Rougeur généralisée, éruptions cutanées et prurit constant.","Vésicules confluentes, suintement et croûtes transitoires.","Erythème localisé, oedème vésiculeux, suintement et croûtes persistantes.","Erythème mal limité, oedème vésiculeux et suintement."
OIC-187-15-A,Quelle est la caractéristique principale du dermatite atopique ?,Prurigo non spécifique,Erythème mal délimité,Vésicules,Oedème,B) Erythème mal délimité
OIC-187-16-A,Quels sont les quatre principaux allergènes responsables dans un eczéma de contact ?,"Produits vestimentaires, cosmétiques, médicaments à application cutanée et allergènes professionnels.","Vêtements teints, shampoings, crèmes anti-inflammatoires et produits du métier.","Produits de la maison, cosmétiques, médicaments topiques et substances professionnelles.","Produits vestimentaires en cuir, cosmétiques, médicaments à application cutanée et allergènes professionnels.","Produits vestimentaires, cosmétiques, médicaments à application cutanée et allergènes professionnels."
OIC-187-17-B,Quelle est la durée du test épicutané pour le diagnostic des allergies cutanées ?,24 heures,48 heures,72 heures,96 heures,b) 48 heures
OIC-187-18-A,Le traitement de l'eczéma de contact repose sur deux principes : le premier est l'eviction du contact avec l'allergène et le second est l'utilisation de dermocorticoïdes. La réponse qui ne correspond pas à ces principes est A) Utilisation d'antibiotiques. Choisissez la bonne option.,Utilisation d'antibiotiques,Eviction du contact avec l'allergène et application de dermocorticoïdes,Application quotidienne de crème ou pommade selon la localisation,Crème hydratante après la poussée d'eczéma,Eviction du contact avec l'allergène et application de dermocorticoïdes
OIC-188-01-A,"Quelle est la définition de l'asthme chez l'enfant et chez l'adulte, selon l'âge chez l'enfant?","Maladie inflammatoire chronique conduisant à des modifications de la structure des voies aériennes inférieures associant des symptômes respiratoires variables dans le temps et en intensité (dyspnée, sifflements, oppression thoracique et/ou toux) ET une obstruction des voies aériennes inférieures variable dans le temps et/ou réversible totalement ou partiellement sous bronchodilatateurs d’action rapide.","Maladie inflammatoire chronique conduisant à des modifications de la structure des voies aériennes supérieures associant des symptômes « PAREO » (Prurit, Anosmie, Rhinorrhée, Éternuements, Obstruction nasale) ET une obstruction des voies aériennes supérieures variable dans le temps et/ou réversible totalement ou partiellement sous bronchodilatateurs d’action rapide.","Maladie inflammatoire chronique conduisant à des modifications de la structure des voies aériennes inférieures associant des symptômes respiratoires variables dans le temps et en intensité (dyspnée, sifflements, oppression thoracique et/ou toux) ET une obstruction des voies aériennes supérieures variable dans le temps et/ou réversible totalement ou partiellement sous bronchodilatateurs d’action rapide.","Maladie inflammatoire chronique conduisant à des modifications de la structure des voies aériennes inférieures associant des symptômes respiratoires variables dans le temps et en intensité (dyspnée, sifflements, oppression thoracique et/ou toux) ET une obstruction des voies aériennes supérieures variable dans le temps et/ou réversible totalement ou partiellement sous bronchodilatateurs d’action rapide.","Maladie inflammatoire chronique conduisant à des modifications de la structure des voies aériennes inférieures associant des symptômes respiratoires variables dans le temps et en intensité (dyspnée, sifflements, oppression thoracique et/ou toux) ET une obstruction des voies aériennes inférieures variable dans le temps et/ou réversible totalement ou partiellement sous bronchodilatateurs d’action rapide."
OIC-188-02-B,Quelle est la prévalence de l'asthme dans la population générale?,6% de la population générale,24% de la population générale,80% chez les asthmatiques,Plus de 50% si les deux parents sont asthmatiques,6% de la population générale
OIC-188-03-B,Quels sont les mécanismes pathologiques communs à l'asthme et à la rhinite allergique?,Hyperplasie des glandes muqueuses,Épaississement de la membrane basale,Hyperperméabilité vasculaire provoquant un œdème de la muqueuse,Hyperplasie et hypertrophie des cellules musculaires lisses,Toutes les options sont correctes
OIC-188-04-A,Quels sont les critères d'orientation pour le diagnostic clinique et le diagnostic différentiel de la rhinite allergique chez l'enfant et chez l'adulte?,"Les symptômes regroupés sous l’acronyme PAREO (prurit, anosmie, rhinorrhée, éternuements, obstruction nasale) pouvant être accompagnés de symptômes oculaires (conjonctivite).",L’examen des fosses nasales au spéculum nasal (ou à défaut à l’otoscope) retrouve une muqueuse inflammatoire et recherchera d’éventuels polypes.,"Recherche d’arguments en faveur du caractère allergique de la rhinite (association forte entre l’exposition à un allergène et la survenue des symptômes évaluée par les unités de lieu, de temps et d’action ET l’objectivation d’une sensibilisation vis-à-vis de l’allergène : test cutané positif / présence d’IgE spécifiques ; cf item 186).","Les symptômes regroupés sous l’acronyme PAREO (prurit, anosmie, rhinorrhée, éternuements, obstruction nasale) pouvant être accompagnés de symptômes oculaires (conjonctivite). L’examen des fosses nasales au spéculum nasal (ou à défaut à l’otoscope) retrouve une muqueuse inflammatoire et recherchera d’éventuels polypes. Recherche d’arguments en faveur du caractère allergique de la rhinite (association forte entre l’exposition à un allergène et la survenue des symptômes évaluée par les unités de lieu, de temps et d’action ET l’objectivation d’une sensibilisation vis-à-vis de l’allergène : test cutané positif / présence d’IgE spécifiques ; cf item 186).","Recherche d’arguments en faveur du caractère allergique de la rhinite (association forte entre l’exposition à un allergène et la survenue des symptômes évaluée par les unités de lieu, de temps et d’action ET l’objectivation d’une sensibilisation vis-à-vis de l’allergène : test cutané positif / présence d’IgE spécifiques ; cf item 186)."
OIC-188-05-A,Le diagnostic d'asthme repose sur l'existence de symptômes caractéristiques ET la mise en évidence d'une obstruction des voies aériennes réversible. Quels sont les symptômes caractéristiques et comment est-elle mise en évidence?,Symptômes caractéristiques,Mise en évidence de l'obstruction des voies aériennes réversible,Tous les deux,Aucun des deux,Tous les deux
OIC-188-06-B,Le diagnostic d'asthme professionnel repose sur :,La mise en évidence d'un asthme (diagnostic positif) chez un patient avec ou sans antécédents allergiques (asthme de novo de l'adulte).,La mise en évidence d'une exposition professionnelle à un agent sensibilisant.,La mise en évidence d'un lien entre l'asthme et l'exposition professionnelle.,"Rechercher chez un sujet asthmatique connu, non professionnel, l'existence d'une possible aggravation de l'asthme associée à des expositions professionnelles irritantes courantes.",La mise en évidence d'un asthme (diagnostic positif) chez un patient avec ou sans antécédents allergiques (asthme de novo de l'adulte).
OIC-188-07-B,Quels sont les principaux métiers à risque d'asthme professionnel?,"Boulanger, pâtissier (allergène = blé, acarien de farine)","Professionnels de santé (latex, aldéhydes, ammoniums)",Coiffeurs (persulfates),Peintres (isocyanates),"Boulanger, pâtissier (allergène = blé, acarien de farine) | Professionnels de santé (latex, aldéhydes, ammoniums) | Coiffeurs (persulfates) | Peintres (isocyanates) | Agents d'entretien (ammoniums…) | Travailleurs du bois"
OIC-188-08-A,Which of the following best evaluates asthma control?,Symptoms controlled by questioning ACT (asthma control test),Few exacerbations: less than 2 systemic corticosteroid courses in the previous year,No bronchial obstruction: VEMS/CFV > 0.7 and VEMS ≥ 80%,All of the above,Symptoms controlled by questioning ACT (asthma control test)
OIC-188-09-A,Quelles sont les modalités du diagnostic d'exacerbation d'asthme chez l'enfant et l'adulte?,"Le diagnostic est clinique, avec une augmentation progressive des symptômes durant au moins deux jours nécessitant une modification du traitement.","Diagnostic par spirométrie, montrant une diminution de la fonction pulmonaire","Diagnostic radiologique, montrant des signes d'hyperinflation ou d'atopie",Diagnostic biopsie respiratoire,"Le diagnostic est clinique, avec une augmentation progressive des symptômes durant au moins deux jours nécessitant une modification du traitement."
OIC-188-10-A,Quels sont les signes de lutte et de défaillance dans une exacerbation d'asthme ?,"Signes de lutte: Parle avec des phrases courtes ou interrompues par l’inspiration, Préfère la position assise qu’allongée, Augmentation de la FR > 25/min, FC > 100/min, SpO2 < 95% en AA, Débit Expiratoire de Pointe (DEP) ≤ 50% de la meilleure valeur (ou théorique si inconnue). Signes de défaillance: Parle avec des mots, Assis penché en avant, Agité, FR > 30/min, Utilisation des muscles respiratoires accessoires, FC > 120/min, SpO2 < 90% en air, DEP ≤ 50% de la meilleure valeur (ou théorique si inconnue) ou impossible à réaliser, silence auscultatoire, respiration paradoxale, troubles de la conscience, bradycardie, collapsus.","Signes de lutte: Parle avec des phrases courtes ou interrompues par l’inspiration, Préfère la position assise qu’allongée, Augmentation de la FR > 25/min, FC > 100/min, SpO2 < 95% en AA, Débit Expiratoire de Pointe (DEP) ≤ 50% de la meilleure valeur (ou théorique si inconnue). Signes de défaillance: Parle avec des mots, Assis penché en avant, Agité, FR > 30/min, Utilisation des muscles respiratoires accessoires, FC > 120/min, SpO2 < 90% en air, DEP ≤ 50% de la meilleure valeur (ou théorique si inconnue) ou impossible à réaliser, silence auscultatoire, respiration paradoxale, troubles de la conscience, bradycardie, collapsus.","Signes de lutte: Parle avec des phrases courtes ou interrompues par l’inspiration, Préfère la position assise qu’allongée, Augmentation de la FR > 25/min, FC > 100/min, SpO2 < 95% en AA, Débit Expiratoire de Pointe (DEP) ≤ 50% de la meilleure valeur (ou théorique si inconnue). Signes de défaillance: Parle avec des mots, Assis penché en avant, Agité, FR > 30/min, Utilisation des muscles respiratoires accessoires, FC > 120/min, SpO2 < 90% en air, DEP ≤ 50% de la meilleure valeur (ou théorique si inconnue) ou impossible à réaliser, silence auscultatoire, respiration paradoxale, troubles de la conscience, bradycardie, collapsus.","Signes de lutte: Parle avec des phrases courtes ou interrompues par l’inspiration, Préfère la position assise qu’allongée, Augmentation de la FR > 25/min, FC > 100/min, SpO2 < 95% en AA, Débit Expiratoire de Pointe (DEP) ≤ 50% de la meilleure valeur (ou théorique si inconnue). Signes de défaillance: Parle avec des mots, Assis penché en avant, Agité, FR > 30/min, Utilisation des muscles respiratoires accessoires, FC > 120/min, SpO2 < 90% en air, DEP ≤ 50% de la meilleure valeur (ou théorique si inconnue) ou impossible à réaliser, silence auscultatoire, respiration paradoxale, troubles de la conscience, bradycardie, collapsus.","Signes de lutte: Parle avec des phrases courtes ou interrompues par l’inspiration, Préfère la position assise qu’allongée, Augmentation de la FR > 25/min, FC > 100/min, SpO2 < 95% en AA, Débit Expiratoire de Pointe (DEP) ≤ 50% de la meilleure valeur (ou théorique si inconnue). Signes de défaillance: Parle avec des mots, Assis penché en avant, Agité, FR > 30/min, Utilisation des muscles respiratoires accessoires, FC > 120/min, SpO2 < 90% en air, DEP ≤ 50% de la meilleure valeur (ou théorique si inconnue) ou impossible à réaliser, silence auscultatoire, respiration paradoxale, troubles de la conscience, bradycardie, collapsus."
OIC-188-11-B,Quelle est la sémiologie respiratoire d'une distension thoracique?,Hyperinflation pulmonaire avec aplatissement des coupoles diaphragmatiques et horizontalisation des côtes,Hypoflexion des vertèbres lombaires avec extension des hanches et genoux,Osteoarthritis de la hanche droite avec limitation d'adduction du membre supérieur droit,Prolapsus de l'ischio pubis gauche avec antalgie au niveau du bassin,Hyperinflation pulmonaire avec aplatissement des coupoles diaphragmatiques et horizontalisation des côtes
OIC-188-12-B,Quelles sont les caractéristiques d'un syndrome obstructif en explorations fonctionnelles respiratoires (EFR) ?,"Trouble ventilatoire obstructif : VEMS/CV < 0,7",Réversibilité : augmentation du VEMS post bronchodilatateur de plus de 200mL ET ≥12% de la valeur avant bronchodilatateur.,"Réversibilité complète si VEMS/CV ≥ 0,7 et VEMS > 80% post bronchodilatateur.",Toutes les réponses sont correctes.,"Trouble ventilatoire obstructif : VEMS/CV < 0,7"
OIC-188-13-B,Quels sont les cas où une utilisation des tests immuno-allergiques est indiquée?,Lorsque le diagnostic d'asthme est porté,Diagnostic de rhinite chronique dont l'origine allergique est suspectée,Tous les cas où un traitement allergologique est envisagé,Les allergies alimentaires chez l'enfant,Lorsque le diagnostic d'asthme est porté et Diagnostic de rhinite chronique dont l'origine allergique est suspectée
OIC-188-14-A,Quels sont les principaux métiers à risque d'asthme professionnel?,Pilote de train,Ouvrier dans l'industrie alimentaire,Employé du secteur financier,Chauffard,Ouvrier dans l'industrie alimentaire
OIC-188-15-B,Quels sont les facteurs de non contrôle de l'asthme?,Exposition à un allergène,Exposition à un irritant bronchique (Tabac),"Médicaments (B bloquants, aspirine, AINS)",Problème d'observance médicamenteuse,Exposition à un allergène
OIC-188-16-A,Quels sont les principaux traitements de la rhinite allergique?,Eviction de l'allergène,Lavage nasal au sérum physiologique,"Traitement médicamenteux (seuls ou en association en fonction de la sévérité): Anti-histaminiques par voie orale et/ou locale, Rhino-corticoïdes",Autre traitement non mentionné,"C. Traitement médicamenteux (seuls ou en association en fonction de la sévérité): Anti-histaminiques par voie orale et/ou locale, Rhino-corticoïdes"
OIC-188-17-A,Quels sont les principaux paliers thérapeutiques de l'asthme?,Pas de traitement de fond,CSI faible dose,CSI faible dose + anti-leucotriènes,CSI dose modérée à forte ou CSI faible dose + anti-leucotriènes,CSI dose forte + BDLA
OIC-188-18-B,Quelles sont les modalités d'utilisation des beta-2 mimétiques et des corticoïdes inhalés dans la maladie asthmatique?,Utilisation quotidienne en tant que traitement de fond,Utilisation uniquement lors d'une crise d'asthme,Seulement par voie aérosol pour les corticoïdes,Seulement par inhalation pour les beta-2 mimétiques,Utilisation quotidienne en tant que traitement de fond
OIC-188-19-A,Quels sont les objectifs et les modalités de surveillance du traitement de fond de l'asthme en première intention?,Obtenir un contrôle de l'asthme,"Efficacité, évaluation de l'observance thérapeutique, évaluation systématique de la technique de prise en charge et recherche d'effets secondaires.",Contrôler les symptômes de l'asthme,Assurer un suivi régulier des paramètres cliniques et fonctionnels de l'enfant asthmatique,B
OIC-188-20-A,Le traitement de l'exacerbation d'asthme repose sur ...,"L'utilisation de BDCA par voie inhalée, une corticothérapie systémique et l'utilisation d'un anticholinergique en nébulisation.",Une corticothérapie systémique et l'utilisation d'un anticholinergique en nébulisation.,L'utilisation de BDCA par voie inhalée et l'utilisation d'un anticholinergique en nébulisation.,Oxygénothérapie et/ou assistance ventilatoire en cas d'exacerbation sévère.,"L'utilisation de BDCA par voie inhalée, une corticothérapie systémique et l'utilisation d'un anticholinergique en nébulisation."
OIC-188-21-B,Quels sont les objectifs de l'éducation thérapeutique pour un patient asthmatique?,Apprécier la nature du processus inflammatoire dans l'asthme,Comprendre le fonctionnement des inhalateurs et connaître leurs indications,Identifier les signes précurseurs d'une crise d'asthme,Connaître les différents types de traitements disponibles pour l'asthme,Apprécier la nature du processus inflammatoire dans l'asthme
OIC-188-22-A,"Quelles sont les principales mesures d'éviction allergénique dans l'asthme et la rhinite allergique, y compris professionnels?","Acariens : réduction de l’humidité relative intérieure (<50%) ; aspiration (filtre Haute Efficacité pour les Particules Aériennes) ; changement de la literie si infestation importante ; lavage des draps régulier à température élevée (au moins 60°C – les acariens meurent à une température > à 56°C) ; housses anti-acariens pour le matelas (+++), les couettes et oreillers ; privilégier un sommier à lattes ; privilégier une température ambiante inférieure à 20°C, aérer largement les chambres.",Animaux domestiques : les animaux doivent rester à l’extérieur et ne pas accéder à la chambre à coucher. Les allergènes de chat peuvent persister pendant plusieurs mois dans l’habitat après le départ de l’animal.,Moisissures : nettoyage à l’eau de javel ; ventilation et exposition solaire importante ; éviter les plantes vertes en intérieur.,"Pollens : difficilement évitable ; ne pas sécher le linge en extérieur et de limiter les sorties en périodes de pics polliniques, adaptation du poste de travail.","Acariens : réduction de l’humidité relative intérieure (<50%) ; aspiration (filtre Haute Efficacité pour les Particules Aériennes) ; changement de la literie si infestation importante ; lavage des draps régulier à température élevée (au moins 60°C – les acariens meurent à une température > à 56°C) ; housses anti-acariens pour le matelas (+++), les couettes et oreillers ; privilégier un sommier à lattes ; privilégier une température ambiante inférieure à 20°C, aérer largement les chambres."
OIC-188-23-B,Quelles sont les complications de l'asthme?,Absenteïsme scolaire ou professionnel en cas d'asthme mal contrôlé,Sédentarité,Risques cardiovasculaires,Complications oculaires,Absenteïsme scolaire ou professionnel en cas d'asthme mal contrôlé
OIC-190-01-A,"La fièvre prolongée 'classique' est caractérisée par un nombre minimal de températures élevées, une durée minimale et des investigations appropriées. La définition précise inclut :","≥38° C à plusieurs reprises, ≥3 semaines, sans cause identifiée après trois jours d'hospitalisation ou trois consultations.","≥38,5° C à deux reprises, ≥4 semaines, sans cause identifiée après quatre jours d'hospitalisation ou quatre consultations.","≥39° C à trois reprises, ≥3 mois, sans cause identifiée après cinq jours d'hospitalisation ou cinq consultations.","≥38° C à deux reprises, ≥2 semaines, sans cause identifiée après deux jours d'hospitalisation ou deux consultations.","≥38° C à plusieurs reprises, ≥3 semaines, sans cause identifiée après trois jours d'hospitalisation ou trois consultations."
OIC-190-02-A,Quelles sont les trois principales catégories de causes de fièvres prolongées?,causes infectieuses,causes néoplasiques,causes inflammatoires non infectieuses,autre,causes inflammatoires non infectieuses
OIC-190-03-A,Quelle est l'importance du examen clinique dans le contexte d'une fièvre prolongée?,Il n'est pas nécessaire.,Il est utile pour confirmer le diagnostic.,Il est essentiel pour établir un diagnostic différentiel.,Toutes les réponses précédentes sont correctes.,Il est essentiel pour établir un diagnostic différentiel.
OIC-190-04-A,Quelles sont les principales infections responsables de la fièvre prolongée chez l'enfant ?,"Infections virales (Epstein Barr virus (EBV), Cytomégalovirus (CMV), dengue)",Tuberculose,Endocardites (notamment si matériel étranger++),Paludisme,"Infections virales (Epstein Barr virus (EBV), Cytomégalovirus (CMV), dengue)"
OIC-190-05-A,Quelles sont les principales causes non infectieuses de fièvre prolongée chez l'adulte ?,cancers (dont hémopathies),maladies inflammatoires ou auto-immunes,médicaments,causes diverses,"cancers (dont hémopathies), maladies inflammatoires ou auto-immunes, médicaments, causes diverses"
OIC-190-06-B,Quels sont les examens d'imagerie qui doivent être réalisés en première intention chez un patient présentant une fièvre prolongée ?,Radiographie thoracique de face et échographie abdomino-pelvienne,Todométrie thoraco-abdomino-pelvienne avec injection de contraste,Échocardiographie trans-thoracique,Selon le contexte clinique,Radiographie thoracique de face et échographie abdomino-pelvienne
OIC-190-07-B,Quels examens complémentaires sont indiqués pour une fièvre prolongée?,"NFS, CRP, fibrinogène","Hémocultures, sérologie EBV, CMV, parvovirus","BU + ECBU, iono ASAT ALAT ALAT, ferritine","Radiographie thoracique, échographie abdominale, échographie cardiaque","NFS, CRP, fibrinogène, Hémocultures, sérologie EBV, CMV, parvovirus, BU + ECBU, iono ASAT ALAT ALAT, ferritine, Radiographie thoracique, échographie abdominale, échographie cardiaque"
OIC-191-01-A,"La neutropénie fébrile est définie par : A) Fièvre et PNN < 1500/mm3, B) Fièvre et PNN < 1000/mm3, C) Fièvre et PNN < 500/mm3, D) Fièvre et PNN < 2000/mm3.",Fièvre et PNN < 1500/mm3,Fièvre et PNN < 1000/mm3,Fièvre et PNN < 500/mm3,Fièvre et PNN < 2000/mm3,C) Fièvre et PNN < 500/mm3
OIC-191-02-B,Quels sont les facteurs de risque des principales infections fongiques invasives?,Neutropénie prolongée,Allogreffe,Réanimation,Brèche digestive,"Neutropénie prolongée, allogreffe, réanimation, brèche digestive..."
OIC-191-03-A,L’examinateur doit être attentif à certains points lors de l’examen clinique d’un patient immunodéprimé présentant une fièvre.,Aucun point particulier n’est mentionné,Seule la constatation des constantes est importante,"L’interrogatoire et l’examen clinique doivent être minutieux, complet et répété",Tous les points proposés sont à vérifier lors de l’examen clinique,Seule la constatation des constantes est importante
OIC-191-04-B,Quels sont les principaux agents pathogènes responsables d'infections en fonction du type de déficit immunitaire?,Bactéries extracellulaires,Virus,Champignons,Autre,"Bactéries extracellulaires, Virus, Champignons, Autre"
OIC-191-05-A,"Les principales portes d’entrée infectieuses pour un patient neutropénique sont : A) Respiratoire, Tube Digestif et Peau. Lequel des trois est le moins probable ?",Respiratoire,Tube Digestif,Peau,Poumon,Poumon
OIC-191-06-A,La neutropénie fébrile est toujours une urgence thérapeutique.,Faux,Vrai,Peu probable,Très probable,Vrai
OIC-191-07-B,Quels sont les principaux agents infectieux responsables d'infection en fonction des situations d'immunodépression?,Bactéries Gram négatives,Champignons,Agents virales,Les trois options précédentes,D
OIC-191-08-B,Quels examens complémentaires doivent être réalisés chez un patient immunodéprimé présentant une fièvre persistante à 48h après l'initiation d'une antibiothérapie probabiliste ? ,Hémoculture aéro-anaérobique périphérique et centrale avant antibiothérapie,Examen cytobactériologique des urines (ECBU),"Examens complémentaires biologiques : NFS, TP TCA fibrinogène, ionogramme, fonction rénale et hépatique, CRP",Examen cytobactériologique des crachats et prélèvement naso-pharyngé pour PCR des virus respiratoires en période épidémique si symptômes respiratoires,"Hémoculture aéro-anaérobique périphérique et centrale avant antibiothérapie, Examen cytobactériologique des urines (ECBU), Examens complémentaires biologiques : NFS, TP TCA fibrinogène, ionogramme, fonction rénale et hépatique, CRP, Coproculture si diarrhée, recherche de clostridium si antibiothérapie préalable, Un scanner thoraco-abdomino-pelvien à la recherche d'un foyer infectieux profond, Antigénémie aspergillaire et B-D glucanes, hémocultures mycologiques pour appuyer une suspicion d'infection fongique (aspergillose) si neutropénie ≥ 7 jours"
OIC-191-09-B,Quelle est la thérapeutique recommandée pour une neutropénie fébrile profonde ?,Piperacilline/tazobactam et céfépime,Amoxicilline/acide clavulanique et ciprofloxacine,Vancomycine,Ceftriaxone et metronidazole,Piperacilline/tazobactam et céfépime
OIC-191-10-B,Quelle est la prévention du risque infectieux chez un patient asplénique et le traitement d'urgence de l'asplénique fébrile?,Vaccinations standard,Antibioprophylaxie,Education thérapeutique,Calendrier vaccinal usuel,B: Antibioprophylaxie
OIC-191-11-B,Quels sont les recommandations en matière de vaccination pour un patient immunodéprimé?,Toutes les vaccinations habituelles du calendrier national,Vaccination anti-grippale annuelle seulement,Vaccins spécifiques selon le déficit immunitaire concerné,Seule la vaccination anti-pneumococcique est recommandée pour les immunodéprimés,Vaccins spécifiques selon le déficit immunitaire concerné
OIC-197-01-A,Quelle est la définition et la description des spondyloarthrites?,Les spondyloarthrites regroupent des rhumatismes inflammatoires chroniques partageant des manifestations cliniques et un terrain génétique commun.,"La spondylarthrite ankylosante est une forme de spondyloarthrite axiale radiographique avec sacro-iliite, caractérisée par l'ankylose vertébrale.",Le rhumatisme psoriasique est une forme de spondyloarthrite périphérique articulaire non érosive sans sacro-iliite.,Les arthrites réactionnelles sont des formes de spondyloarthrite périphérique enthésitique érosive avec sacro-iliite.,Les spondyloarthrites regroupent des rhumatismes inflammatoires chroniques partageant des manifestations cliniques et un terrain génétique commun.
OIC-197-02-B,Quelle est la prévalence globale des spondyloarthrites en France?,"0,35%","1,05%","3,15%","4,65%","0,35%"
OIC-197-03-B,Quel est le rôle du gène HLA- B27 dans la spondylarthrite ankylosante ?,Le gène HLA-B27 n'a aucun lien avec la spondylarthrite ankylosante.,Le gène HLA-B27 est présent chez 50 % des personnes atteintes de spondylarthrite ankylosante.,Le gène HLA-B27 est associé à une forme grave de la spondylarthrite ankylosante.,Le gène HLA-B27 est fortement lié à la spondylarthrite ankylosante et il est détectable chez plus de 90 % des patients.,Le gène HLA-B27 est fortement lié à la spondylarthrite ankylosante et il est détectable chez plus de 90 % des patients.
OIC-197-04-B,Quelle est la zone d'ancrage dans l'os des différentes structures fibreuses?,La zone d'ancrage dans l'os des différentes structures fibreuses est l'enthesine.,La zone d'ancrage dans l'os des différentes structures fibreuses est la synoviale.,La zone d'ancrage dans l'os des différentes structures fibreuses est le périoste.,La zone d'ancrage dans l'os des différentes structures fibreuses est le tendon.,La zone d'ancrage dans l'os des différentes structures fibreuses est le tendon.
OIC-197-05-A,Quelle est l'atteinte enthésopathique périphérique la plus fréquente et la plus caractéristique dans les spondyloarthrites?,Talalgie,Orteil ou doigt en saucisse (dactylite),Atteinte de la paroi thoracique antérieure,Enthésite plantaire,Talalgie
OIC-197-06-B,Quel est le signe extra-articulaire caractéristique de la spondyloarthrite?,. Uvéite aiguë antérieure ([[152. Œil rouge et/ou douloureux]]),". Entérocolopathie inflammatoire: maladie de Crohn ou une rectocolite hémorragique, ([[2. Diarrhée]])",". Psoriasis: Les atteintes du scalp, le psoriasis inversé et le psoriasis unguéal sont particulièrement associées au rhumatisme psoriasique, ([[81. Anomalie des ongles) ([[85. Erythème]])",". Atteintes cardiaques très rares: valvulopathies aortique ou mitrale, troubles de conduction. ([[18. Découverte d'anomalies à l'auscultation cardiaque]])",. Uvéite aiguë antérieure ([[152. Œil rouge et/ou douloureux]])
OIC-197-07-B,Les critères de classification ASAS 2009 pour la spondyloarthrite incluent : A) Une sciatique persistante depuis plus de 3 mois. B) Un âge d'apparition inférieur à 45 ans. C) La présence d'ostéoarthropathie. D) Toutes les réponses correctes.,Une sciatique persistante depuis plus de 3 mois,Un âge d'apparition inférieur à 45 ans,La présence d'ostéoarthropathie,Toutes les réponses correctes,D) Toutes les réponses correctes
OIC-197-08-B,Quels sont les différents types de spondyloarthrites?,Spondylarthrite ankylosante,Rhumatisme psoriasique,Arthrites réactionnelles,Entérocolopathies inflammatoires chroniques,Spondylarthrite ankylosante
OIC-197-09-A,Quelle est la structure anatomique représentée dans cette photographie?,Une phalange de l'index,Un tendon du muscle abducteur commun du pied,Le 2ème métacarpe du pied,Une dactylite,d
OIC-197-10-A,Quel est le signe radiologique d'un syndesmophyte dans une spondyloarthrite ?,Un épiphysaire osseux,Une ostéite sclérodermatique,Un osteoma,Un signe de Romanus,Un signe de Romanus
OIC-197-11-B,Quelle est la radiographie du bassin dans la spondyloarthrite?,A) Une coxite isolée sans ostéophytose,B) Une sacroiliite avec pincement global de l'interligne articulaire et absence d'ostéophytose,C) Une coxite avec ostéophytose bilatérale,D) Une sacroiliite isolée sans ostéophytose,B) Une sacroiliite avec pincement global de l'interligne articulaire et absence d'ostéophytose
OIC-197-12-A,Quel examen d'imagerie peut être utile dans les doutes diagnostiques de spondyloarthrite ?,Radiographie conventionnelle,Autres techniques d'imagerie,Autres examens complémentaires,Tous les trois,Autres techniques d'imagerie
OIC-197-13-A,Which of the following is a pharmacological and non-pharmacological treatment for spondyloarthropathy?,Anti-inflammatory drugs,Physical therapy,Biologic agents,Corticosteroids,All of the above
OIC-197-14-B,Quelle est la principale complication potentielle de l'ankylose rachidienne ?,Osteoporose,Infarctus du myocarde,Fibrose pulmonaire,Dilatation du cul-de-sac dural,Osteoporose
OIC-198-01-A,Quels sont les trois principaux microcristaux impliqués en pathologie humaine?,Cristaux d’urate de sodium,Cristaux de pyrophosphate de calcium,Cristaux d’apatite,Cristaux d’acide urique,"Cristaux d’urate de sodium, cristaux de pyrophosphate de calcium, Cristaux d’apatite"
OIC-198-02-A,Quel est le seuil de solubilité des urates dans le sang ? ,240 µmol/l,480 µmol/l,720 µmol/l,960 µmol/l,360 µmol/ll
OIC-198-03-B,Quels sont les deux mécanismes principaux qui mènent à l'hyperuricémie?,Un défaut d'excrétion rénale,Un excès de production d'acide urique,Les deux précédents,Aucun des deux,Les deux précédents
OIC-198-04-B,Quelle est la radiographie du ligament triangulaire du carpe dans les arthropathies microcristallines ?,A) Une calcification isolée du ligament triangulaire du carpe.,B) Deux calcifications symétriques du ligament triangulaire du carpe.,C) Un arc de calcification dans le ligament triangulaire du carpe.,D) Aucune calcification visible dans le ligament triangulaire du carpe.,B) Deux calcifications symétriques du ligament triangulaire du carpe.
OIC-198-05-B,Quelle est la cause de la radiographie du genou présentant des calcifications méniscalée et cartilagineuse ?,Osteoarthritis,Rheumatoid arthritis,Psoriatic arthritis,Gout,A
OIC-198-06-B,"Les radiographies du bassin présentent des calcifications dans la symphyse pubienne et les cartilages fémoraux. Les symptômes cliniques incluent une douleur au niveau de l'aine, une sensation de brûlure ou de picotement, une rougeur localisée et une augmentation de la température cutanée dans la région génitale. La biopsie révèle des cristaux rhomboidaux dans les tissus. Les résultats suggèrent un diagnostic d'arthritis crystalline microscopique.",Arthropathies spondyloarthropathies,Polyarthrites rhumatoïdes,Osteoarthrite,Arthropathie psoriasique,Arthropathies spondyloarthropathies
OIC-198-07-B,Quelle est la prévalence de la goutte en France?,"0,8%","1,2%","0,6%","1,4%","0,9%"
OIC-198-08-A,Quelles sont les caractéristiques sémiologiques des accès microcristallins articulaires ou péri-articulaires typiques?,"Debut brutal, forte intensité de la douleur et de l'inflammation locale, rougeur locale parfois très intense, maximum des symptomes en moins de 24 heures, eau ou en douleur >=7/10",Douleurs articulaires avec impotence intermittente,Rougeur locale mais pas d'impotence,"Debut progressif, faible intensite de la douleur et de l'inflammation locale, rougeur locale moderee, maximum des symptomes en moins de 48 heures, eau ou en douleur >=7/10","Debut brutal, forte intensité de la douleur et de l'inflammation locale, rougeur locale parfois très intense, maximum des symptomes en moins de 24 heures, eau ou en douleur >=7/10"
OIC-198-09-B,Quels sont les facteurs de risque extracorique d'une crise de goutte ?,L'âge,Le sexe masculin,La ménopause,Les antécédents familiaux de goutte,Toutes les options sont correctes.
OIC-198-10-A,Le diagnostic de la goutte repose sur quelles modalités?,"Terrain, anamnèse et topographie",Uricémie et radiographie articulaire,Echographie articulaire et uricémie,Tophus clinique et sensibilité à la colchicine,"Terrain, anamnèse et topographie"
OIC-198-11-A,"Quand un patient présente des signes généraux d'inflammation aiguë avec une possible infection articulaire, quelle est la modalité d'exclusion préférée de l'arthrite septique ?",Analyse du sang pour déterminer le taux de C-reactive protein (CRP),Imagerie par résonance magnétique (IRM) pour visualiser les structures articulaires,Biopsie articulaire pour examiner la synoviale et les tissus adjacents,Ponction du liquide articulaire pour analyser le contenu et rechercher des bactéries ou signes d'inflammation,D) Ponction du liquide articulaire pour analyser le contenu et rechercher des bactéries ou signes d'inflammation
OIC-198-12-B,Quelles manifestations cliniques peuvent être observées chez un patient atteint de goutte ? ,Oligoarthritis,Polyarthritis,Tendinitis,Tenosynovitis,"B, C, D"
OIC-198-13-B,Quelles sont les caractéristiques d'un liquide inflammatoire dans le contexte des arthropathies microcristallines?,Le liquide est anormal avec une forte présence de neutrophiles et des microcristaux.,Le liquide est normal avec une faible présence de neutrophiles et des microcristaux.,Le liquide est anormal sans neutrophiles mais avec des microcristaux.,Le liquide est normal sans neutrophiles ni microcristaux.,Le liquide est anormal avec une forte présence de neutrophiles et des microcristaux.
OIC-198-14-A,Quelle est la localisation typique d'un tophus dans les arthropathies microcristallines?,Hélix du doigt,Pulpe du doigt,Orteil,Toute la main,Hélix du doigt
OIC-198-15-A,Quels sont les deux examens biologiques indispensables à visée diagnostique dans la goutte?,Uricémie,"Créatininémie avec estimation du débit de filtration glomérulaire (DFGe, selon les formules MDRD ou CKD- EPI)",Hémogramme,Tous les trois examens,"Uricémie et créatininémie avec estimation du débit de filtration glomérulaire (DFGe, selon les formules MDRD ou CKD- EPI)"
OIC-198-16-B,Quel est le risque de surmortalité pour la goutte non traitée?,La goutte doit être traitée compte tenu de sa mortalité cardiovasculaire associée.,Une hypouricémie est également à risque d’une augmentation de la mortalité.,Les deux options précédentes sont vraies.,Aucune des options précédentes n’est correcte.,La goutte doit être traitée compte tenu de sa mortalité cardiovasculaire associée.
OIC-198-17-B,"Quelle est la différence entre les terrains cliniques de la goutte, de l'arthropathie à pyrophosphate de calcium (PPCd) et de la calcification apatitique?","Le terrain clinique de la goutte est caractérisé par un homme mûr, souvent en surpoids ou obèse, atteint de maladies cardiovasculaires, d'insuffisance rénale ou de diabète sucré.",Le terrain clinique du rhumatisme à pyrophosphate de calcium (PPCd) est caractérisé par un sujet âgé.,Le terrain clinique des crises calciques apatitiques touche souvent une femme plus jeune.,"Les sites d'arthrite ou de périarthrite aiguë peuvent orienter le diagnostic, avec la goutte initialement atteinte de l'articulation métatarsophalangienne du gros orteil ou d'une autre articulation du pied, le rhumatisme à pyrophosphate d'un genou ou d'un poignet et les accès périarticulaires liés aux dépôts apatitiques touchant souvent l'épaule par tendinite calcifiante des muscles de la coiffe ou la main avec de pseudo-phlegmons/abcès/cellulites récidivants des doigts ou des poignets.","Le terrain clinique de la goutte est caractérisé par un homme mûr, souvent en surpoids ou obèse, atteint de maladies cardiovasculaires, d'insuffisance rénale ou de diabète sucré."
OIC-198-18-A,"Quatre principes simples président à la prise en charge de la crise de goutte, fondée sur l'éducation du patient :",Le patient doit être informé de l'importance de traiter la crise de goutte dès ses premiers signes.,"Le patient doit savoir que le traitement de la crise ne suffit pas à traiter la goutte et doit connaître l'importance du traitement hypouricémiant qui, seul, peut soulager définitivement les symptômes de la goutte.","Le choix du traitement de la crise de goutte dépend des comorbidités, des antécédents d'intolérance médicamenteuse, des interactions médicamenteuses potentielles, et du nombre et du type d'articulations touchées.","Les médicaments qui peuvent être utilisés pour le traitement de la crise sont la colchicine, les AINS per os, la corticothérapie orale ou locale, et les inhibiteurs de l'IL-1 en milieu hospitalier.",Le patient doit être informé de l'importance de traiter la crise de goutte dès ses premiers signes.
OIC-198-19-A,Quelles sont les règles hygiénodiététiques à respecter pour la prise en charge d'une goutte ?,Amaigrissement progressif en cas d'obésité ou de surcharge pondérale.,Diminution des boissons alcoolisées.,Interdiction des spiritueux et de la bière.,Arrêt des sodas sucrés.,Amaigrissement progressif en cas d'obésité ou de surcharge pondérale.
OIC-198-20-B,Quelles sont les formes sévères de goutte ?,Accès récurrents fréquents,Tophus et arthropathie chronique,Comorbidités,Les trois options précédentes,D
OIC-198-21-B,Quelles sont les deux principales affections associées aux dépôts de PPCa?,Hémochromatose,Hyperparathyroïdie primaire,Maladie de Wilson,Maladie de von Recklinghausen,"Hémochromatose, Hyperparathyroïdie primaire"
OIC-198-22-A,Quel traitement est adapté pour un accès aigu à cristaux de pyrophosphate de calcium chez un patient âgé?,Colchicine,Prednisone,Indomethacin,Allopurinol,Prednisone
OIC-198-23-B,Quels sont les principes du traitement d'un accès aigu de cristaux d'hydroxyapatite?,Injections locales de corticoïdes,Cure de repos et prise orale de corticoïdes,Glaceage et prise orale de corticoïdes,Seule la glaceure est recommandée,B. Cure de repos et prise orale de corticoïdes
OIC-201-01-A,Quelles sont les catégories de donneurs potentiels?,Donneurs en état de mort encéphalique,Donneurs décédés après arrêt circulatoire,Donneurs vivants,Toutes les catégories précédentes,Toutes les catégories précédentes
OIC-201-02-A,Quels sont les organes transplantés et quels sont les tissus greffables?,"Les organes transplantés comprennent le rein, le foie, le cœur, le pancréas, les poumons et les intestins. Les greffes de cellules et de tissus peuvent concerner la cornée, les membranes amniotiques, l'os, les tendons, les ligaments, les ménisques, la peau et les valves cardiaques, artères et veines.","Les organes transplantés comprennent le rein, le foie, le cœur, le pancréas, les poumons et les intestins. Les greffes de cellules et de tissus peuvent concerner la cornée, les membranes amniotiques, l'os, les tendons, les ligaments, les ménisques, la peau et les valves cardiaques, artères et veines.","Les organes transplantés comprennent le rein, le foie, le cœur, le pancréas, les poumons et les intestins. Les greffes de cellules et de tissus peuvent concerner la cornée, les membranes amniotiques, l'os, les tendons, les ligaments, les ménisques, la peau et les valves cardiaques, artères et veines.","Les organes transplantés comprennent le rein, le foie, le cœur, le pancréas, les poumons et les intestins. Les greffes de cellules et de tissus peuvent concerner la cornée, les membranes amniotiques, l'os, les tendons, les ligaments, les ménisques, la peau et les valves cardiaques, artères et veines.","Les organes transplantés comprennent le rein, le foie, le cœur, le pancréas, les poumons et les intestins. Les greffes de cellules et de tissus peuvent concerner la cornée, les membranes amniotiques, l'os, les tendons, les ligaments, les ménisques, la peau et les valves cardiaques, artères et veines."
OIC-201-03-B,Quelles sont les règles de compatibilité immunologique nécessaires pour envisager une transplantation d'organe?,La seule compatibilité sanguine est prise en compte.,Les transplantations ABO-incompatibles ne sont pas possibles.,Seule la compatibilité tissulaire HLA est évaluée.,Toutes les options précédentes sont correctes.,Seule la compatibilité tissulaire HLA est évaluée.
OIC-201-04-B,"Quels sont les aspects épidémiologiques, les résultats et l'organisation administrative de la transplantation d’organe?",A. Aspects épidémiologiques de la transplantation d’organe,B. Résultats,C. Organisation administrative,D. Toutes les réponses sont correctes.,C. Organisation administrative
OIC-201-05-A,Quels sont les trois grands principes éthiques qui régissent le don d’organe selon la loi de bio-éthique?,"Le consentement présumé, la gratuité du don et l'anonymat entre le donneur et le receveur.","Le consentement présumé, la gratuité du don et la transparence dans les comptes bancaires des établissements de transfusion.","La gratuité du don, l'absence d'anonymat entre le donneur et le receveur, et la possibilité pour un organisme de refuser un don sans avoir à en justifier les motifs.","Le consentement présumé, la transparence dans les comptes bancaires des établissements de transfusion, et l'absence d'anonymat entre le donneur et le receveur.","Le consentement présumé, la gratuité du don et l'anonymat entre le donneur et le receveur."
OIC-201-06-A,Connaître la définition de la mort encéphalique,La mort encéphalique correspond à la destruction définitive et irréversible de l’encéphale.,"Elle correspond à un coma profond, aréactif, avec disparition de l’ensemble des réflexes du tronc cérébral et absence de respiration spontanée.",La mort encéphalique est définie par la perte de conscience et d'activité électroencéphalographique.,La mort encéphalique correspond à l’arrêt cardiaque irréversible.,La mort encéphalique correspond à la destruction définitive et irréversible de l’encéphale.
OIC-201-07-B,Quels sont les critères de mort encéphalique?,Critères cliniques et paracliniques,Seulement des critères cliniques,Seulement des critères paracliniques,Aucun critère précis n'est requis pour la déclaration de mort encéphalique,Critères cliniques et paracliniques
OIC-201-08-B,"L'immunosuppression utilisée en transplantation d'organe a pour but de prévenir le rejet aigu à la phase initiale et les rejets après la phase initiale, ainsi que de traiter les rejets aigus.",Prévenir le rejet aigu à la phase initiale,Prévenir les rejets après la phase initiale,Traitement des rejets aigus,Toutes les options sont correctes,Toutes les options sont correctes
OIC-201-09-B,Quelles sont les particularités diagnostiques de la mort encéphalique?,Critères cliniques et électro-encéphalogrammes nuls,Critères cliniques et angiographie cérébrale,Critères cliniques et électrocardiogramme aréactif,Critères cliniques et absence de ventilation spontanée,Critères cliniques et électro-encéphalogrammes nuls
OIC-201-10-A,Quels sont les principes éthiques et légaux en matière de don d’organes?,"Le don d’organe est encadré par 3 grands principes éthiques inscrits dans la loi de bioéthique : le consentement présumé, la gratuité du don et l’anonymat entre le donneur et le receveur.","Les prélèvements d’organes de donneurs en état de mort encéphalique sont régis par les lois de bioéthique de 1994, qui repose sur le principe du consentement présumé. Il existe aussi un registre national des refus.","Depuis le 1er janvier 2017, tous les défunts diagnostiqués en mort encéphalique sont considérés comme donneurs par défaut. Si une personne s’oppose de son vivant au prélèvement, elle doit s’inscrire sur le registre national des refus ou transmettre à ses proches un témoignage oral ou écrit.",Le Tableau 3 résumé les lois importantes régissant l’activité de transplantation d’organe en France.,"Le don d’organe est encadré par 3 grands principes éthiques inscrits dans la loi de bioéthique : le consentement présumé, la gratuité du don et l’anonymat entre le donneur et le receveur."
OIC-201-11-A,"Le projet de transplantation rénale avec donneur vivant présente plusieurs avantages pour le receveur, notamment la possibilité de réaliser une préparation spécifique du receveur avant la greffe, ce qui permet des transplantations ABO- incompatibles entre donneur et receveur ou la désensibilisation du receveur portant un anticorps anti- HLA dirigé contre un antigène HLA du donneur. Il offre une meilleure survie à long terme de l'organe transplanté, constitue un moyen puissant de lutte contre la pénurie de greffons et réduit l'attente du receveur.",Permet des transplantations ABO-incompatibles entre donneur et receveur,Améliore la survie à long terme de l'organe transplanté,Lutte contre la pénurie de greffons,Réalise des transplantations préemptives,Permet des transplantations ABO-incompatibles entre donneur et receveur
OIC-207-01-A,"Une opacité pulmonaire est caractérisée par une perte de la radiotransparence normale du poumon, prenant des aspects variables selon sa taille, sa morphologie, ses contours, sa localisation, son caractère plus ou moins opaque, systématisé, rétractile, etc. Une opacité pulmonaire correspondra en scanner à des descripteurs sémiologiques plus précis : nodule, masse, condensation, verre dépoli... La gamme étiologique des opacités pulmonaires est très large et recouvre les maladies du parenchyme pulmonaire mais également au-delà puisque des anomalies pleurales, pariétales ou médiastinales peuvent se projeter radiographiquement dans les aires pulmonaires. Les opacités radiographiques peuvent ainsi être catégorisées en syndromes : syndrome alvéolaire, syndrome interstitiel, syndrome nodulaire, syndrome cavitaire, syndrome bronchique, syndrome médiastinal, syndrome pleural et syndrome pariétal. Parmi les opacités pulmonaires, une opacité ronde bien circonscrite (syndrome nodulaire) doit faire évoquer un cancer du poumon jusqu’à preuve du contraire. Cependant cette présentation n’est ni sensible ni spécifique. En effet la majorité des nodules pulmonaires vus en scanner sont bénins, et à l’inverse un cancer du poumon peut se manifester par une masse médiastinale ou hilaire.","Une opacité pulmonaire est caractérisée par une perte de la radiotransparence normale du poumon, prenant des aspects variables selon sa taille, sa morphologie, ses contours, sa localisation, son caractère plus ou moins opaque, systématisé, rétractile, etc. Une opacité pulmonaire correspondra en scanner à des descripteurs sémiologiques plus précis : nodule, masse, condensation, verre dépoli...","La gamme étiologique des opacités pulmonaires est très large et recouvre les maladies du parenchyme pulmonaire mais également au-delà puisque des anomalies pleurales, pariétales ou médiastinales peuvent se projeter radiographiquement dans les aires pulmonaires. Les opacités radiographiques peuvent ainsi être catégorisées en syndromes : syndrome alvéolaire, syndrome interstitiel, syndrome nodulaire, syndrome cavitaire, syndrome bronchique, syndrome médiastinal, syndrome pleural et syndrome pariétal.","Parmi les opacités pulmonaires, une opacité ronde bien circonscrite (syndrome nodulaire) doit faire évoquer un cancer du poumon jusqu’à preuve du contraire. Cependant cette présentation n’est ni sensible ni spécifique.","En effet la majorité des nodules pulmonaires vus en scanner sont bénins, et à l’inverse un cancer du poumon peut se manifester par une masse médiastinale ou hilaire.","Une opacité pulmonaire est caractérisée par une perte de la radiotransparence normale du poumon, prenant des aspects variables selon sa taille, sa morphologie, ses contours, sa localisation, son caractère plus ou moins opaque, systématisé, rétractile, etc. Une opacité pulmonaire correspondra en scanner à des descripteurs sémiologiques plus précis : nodule, masse, condensation, verre dépoli..."
OIC-207-02-B,Quel est le diagnostic radiologique d'une fracture de côte?,Fracture simple,Fracture comminutée,Volet costal,Dégâtellement vertébral,Volet costal
OIC-207-03-A,Quel est le signe radiologique d'un épanchement pleural liquidien?,Ligne de Damoiseau effacée,Opacité homogène déclive non rétractile limitée par une ligne concave en haut et en dedans,Signes de pleurésie sous-tension,Epaississement pleural calcifié,B
OIC-207-04-A,Le diagnostic radiographique d’un pneumothorax est facilité par la position du patient.,Couché sur le côté,Assis,Debout face,Debout de profil,Debout face
OIC-207-05-B,Quel est le diagnostic d'une opacité alvéolaire avec un bronchogramme aérique?,Pneumopathie aiguë,Hémorragie intra-alvéolaire,Ouïe pulmonaire,Bronchiectasie,Pneumopathie aiguë
OIC-207-06-B,Quel est le diagnostic de la patiente présentant une opacité bilatérale diffuse sur tomogramme thoracique ? ,Pneumonie interstitielle,Bronchiectasies,Histiocytose langerhansienne,Sarcoïdose thoracique,Pneumonie interstitielle
OIC-207-07-B,"Une anomalie médiastinale se caractérise par une opacité à limite externe nette convexe vers le poumon, se raccordant en pente douce avec le médiastin et à limite interne non visible car non discernable des éléments du médiastin, de tonalité hydrique comme le reste du médiastin.",Une masse dans le médiastin,Un élargissement aortique,Une cardiomégalie,Un goitre thyroïdien intra-thoracique,Une cardiomégalie
OIC-207-08-B,"Quel est le diagnostic d'une opacité homogène diffuse du champ pulmonaire gauche sur une radiographie de thorax, sans bronchogramme aérique, avec déviation trachéale gauche et ascension de la coupole diaphragmatique gauche ? ",Atélectasie,Pneumothorax,Pulmonite,Hémothorax,Atélectasie
OIC-207-09-A,Quelles sont les principales indications et non-indications d'une radiographie thoracique en urgence ?,"Indications : dyspnée aiguë, douleur thoracique, hémoptysie, toux aiguë, inhalation de corps étranger, bruits respiratoires anormaux, stridor aigu. Non-indications : suspicion de dissection aortique, embolie pulmonaire ou de rupture œsophagienne, traumatisme thoracique ou polytraumatisme.","Indications : dyspnée aiguë, douleur thoracique, hémoptysie, toux aiguë, inhalation de corps étranger, bruits respiratoires anormaux, stridor aigu. Non-indications : suspicion de dissection aortique, embolie pulmonaire ou de rupture œsophagienne, traumatisme thoracique ou polytraumatisme.","Indications : dyspnée aiguë, douleur thoracique, hémoptysie, toux aiguë, inhalation de corps étranger, bruits respiratoires anormaux, stridor aigu. Non-indications : suspicion de dissection aortique, embolie pulmonaire ou de rupture œsophagienne, traumatisme thoracique ou polytraumatisme.","Indications : dyspnée aiguë, douleur thoracique, hémoptysie, toux aiguë, inhalation de corps étranger, bruits respiratoires anormaux, stridor aigu. Non-indications : suspicion de dissection aortique, embolie pulmonaire ou de rupture œsophagienne, traumatisme thoracique ou polytraumatisme.","Indications : dyspnée aiguë, douleur thoracique, hémoptysie, toux aiguë, inhalation de corps étranger, bruits respiratoires anormaux, stridor aigu. Non-indications : suspicion de dissection aortique, embolie pulmonaire ou de rupture œsophagienne, traumatisme thoracique ou polytraumatisme."
OIC-207-10-B,Identifier une image thymique normale sur une radiographie thoracique de face chez un nourrisson,"Une opacité bilatérale et asymétrique dans le médiastin antéro- supérieur, en forme variable, à contours nets, non compressive sur les structures adjacentes, avec tonalité hydrique et homogène.","Un signe de la voile latéro- médiastinal droit, donnant un aspect en voile de bateau.",Un signe de la vague sur le bord externe gauche du thymus.,Un signe du raccordement entre le bord externe gauche hypertrophique du thymus et le bord gauche du coeur.,"Une opacité bilatérale et asymétrique dans le médiastin antéro- supérieur, en forme variable, à contours nets, non compressive sur les structures adjacentes, avec tonalité hydrique et homogène."
OIC-207-11-B,Quelle est l'approche diagnostique des anomalies du médiastin chez l'enfant ? ,Radiographie thoracique de face,Todomensitome thoracique,Echographie,IRM,Radiographie thoracique de face
OIC-207-12-B,Quelles sont les principales causes de masse médiastinale chez l'enfant?,Tumeurs d'origine thymique,Tumeurs de la lignée germinales,Adénopathies,Tumeurs vasculaires,Tumeurs d'origine thymique
OIC-208-01-A,Quel est le seuil de PaO2 pour parler d'insuffisance respiratoire chronique?,PaO2 < 70 mmHg,PaO2 < 60 mmHg,PaO2 < 55 mmHg,PaO2 < 50 mmHg,PaO2 < 70 mmHg
OIC-208-02-A,Quels sont les éléments cliniques qui orientent vers une insuffisance respiratoire chronique obstructive (BPCO) ou restrictive?,Une toux avec expectorations chroniques,Dyspnée d'effort,Toux sèche et présence de crépitants télé-inspiratoires,Cyphoscoliose et signes de dysfonction diaphragmatique,Une toux avec expectorations chroniques
OIC-208-03-A,Which of the following is NOT a feature of chronic obstructive pulmonary disease (COPD)?,Increased residual volume,Decreased 1 second forced expiratory volume,Air trapping,Reduced FEV1/FVC ratio,Increased residual volume
OIC-208-04-B,Quels sont les signes cliniques d'HTP compliqués par une insuffisance cardiaque droite?,Palpitations et tachycardie,Dyspnée à l'effort et œdème des membres inférieurs,Jaunissement de la peau et hépatomégalie,Turgescence jugulaire et reflux hépato-jugulaire,B) Dyspnée à l'effort et œdème des membres inférieurs
OIC-208-05-A,Quels sont les examens fonctionnels permettant d'orienter vers une insuffisance respiratoire chronique obstructive (IRCO) et vers une insuffisance respiratoire chronique restrictive (IRCR)?,"Une IRCO est orientée par une spirométrie avec courbe débit volume (TVO : VEMS/ CV < 0,7). Une pléthysmographie peut être réalisée pour rechercher une distension thoracique (CPT > 120% des valeurs prédites).","Une IRCR est orientée par une pléthysmographie (CPT < 80% des valeurs prédites). Une altération de la diffusion (TLCO < 0,7) oriente vers une pneumopathie infiltrante diffuse. Une diffusion normale oriente vers une pathologie de la pompe ventilatoire (maladie neuromusculaires, squelettiques). D'autres examens pourront évaluer plus spécifiquement la force des muscles respiratoires (pression maximale inspiratoire, pression maximale expiratoire)","Les gaz du sang permettent de confirmer le diagnostic, d'évaluer la sévérité de l'IRC et d'orienter vers une pathologie de l'échangeur pulmonaire (effet shunt gazométrique ou augmentation de la différence alvéolo-artérielle) ou vers une pathologie de la pompe ventilatoire (hypoventilation alvéolaire).",Tous les examens mentionnés précédemment sont utiles pour orienter vers une IRCO ou une IRCR.,"Les gaz du sang permettent de confirmer le diagnostic, d'évaluer la sévérité de l'IRC et d'orienter vers une pathologie de l'échangeur pulmonaire (effet shunt gazométrique ou augmentation de la différence alvéolo-artérielle) ou vers une pathologie de la pompe ventilatoire (hypoventilation alvéolaire)."
OIC-208-06-B,Quelle est la différence entre l'interprétation d'une EFR orientée vers une IRC obstructive et vers une IRC restrictive ?,La durée de la relaxation inspiratoire est plus longue dans l'IRC obstructive.,Le PEF est moins élevé dans l'IRC obstructive.,L'EILFOT est plus faible dans l'IRC obstructive.,La FEV1/FVC est inférieure à 70% dans l'IRC obstructive.,Le PEF est moins élevé dans l'IRC obstructive.
OIC-208-07-A,Quel est le principal facteur de risque pour les patients atteints d'insuffisance respiratoire chronique (IRC)?,Pollution atmosphérique,Fibrose pulmonaire idiopathique,Embolie pulmonaire,Insuffisance ventriculaire gauche,Fibrose pulmonaire idiopathique
OIC-208-08-A,Quelles sont les conséquences de l'insuffisance respiratoire chronique (IRC) en termes d'hypoxémie ?,Polyglobulie,Hypertension pulmonaire du groupe 3,"Hypercapnie avec asthénie, somnolence et altération des fonctions supérieures",Rétention hydro-sodée,Polyglobulie
OIC-208-09-B,Quelles sont les principales causes d'insuffisance respiratoire chronique (IRC) en fonction de leur mécanisme physiopathologique?,Maladies de l'échangeur pulmonaire,Maladies de la pompe ventilatoire,Atteintes vasculaires pulmonaires,Autres causes,Maladies de l'échangeur pulmonaire
OIC-208-10-B,Quels sont les principaux mécanismes responsables d'une hypoxémie et ceux responsables d'une hypercapnie dans le cadre de la BPCO ?,Hyperventilation alvéolaire prédominante,Maladies de l'échangeur pulmonaire,"La BPCO est avant tout une maladie de l'échangeur avec hypoxémie et normo/hypocapnie initialement. A un stade plus tardif, une hypoventilation alvéolaire peut apparaître chez les patients les plus sévères",Maladies de la pompe ventilatoire,"La BPCO est avant tout une maladie de l'échangeur avec hypoxémie et normo/hypocapnie initialement. A un stade plus tardif, une hypoventilation alvéolaire peut apparaître chez les patients les plus sévères"
OIC-208-11-B,Quelles sont les indications de l'oxygénothérapie de longue durée dans l'insuffisance respiratoire chronique obstructive en état stable ?,"PaO2 < 55 mmHg (7,3 kPa)","PaO2 comprise entre 55 mmHg (7,3 kPa) et 60 mmHg (8 kPa) avec présence de signes cliniques d'hypoxie tissulaire",Hématocrite > 55%,Insuffisance ventriculaire droite (clinique ou échocardiographie ou via un cathétérisme),Polyglobulie (hématocrite > 55%)
OIC-208-12-B,Quel est le seuil d'oxygène artificiel pour obtenir une exonération du ticket modérateur dans le cadre de l'Ald 14 pour les patients avec insuffisance respiratoire chronique ?,Pa02<60mmHg,Pa02<55mmHg,Pa02<50mmHg,Pa02<45mmHg,Pa02<60mmHg
OIC-208-13-B,Quelle est la cible de saturation pour l'oxygénothérapie chez un malade hypercapnique?,88%<Saturation<92%,92%<Saturation<96%,96%<Saturation<100%,100%<Saturation,88%<Saturation<92%
OIC-208-14-B,Quels sont les examens d'imagérie indiqués devant une insuffisance respiratoire chronique ?,Une radiographie thoracique et une TDM thoracique,Une IRM thoracique et une scintigraphie pulmonaire,Une tomodensité thoracique et une scintigraphie pulmonaire,Une IRM thoracique et une TDM thoracique,Une radiographie thoracique et une TDM thoracique
OIC-215-01-A,Quelle est la définition du purpura?,Lésions cutanées rouges ou violacées,Séparées par un intervalle de peau saine,Ne s’effacent pas à la vitro-pression,Liées à l’extravasation de sang dans le derme,Toutes les réponses sont correctes
OIC-215-02-A,Quel est le mécanisme principal d'un purpura vasculaire et comment se manifeste-t-il cliniquement?,Purpura vasculaire par fragilité capillaire,Purpura thrombopénique,Purpura vasculaire des vascularites,Autre,Purpura vasculaire des vascularites
OIC-215-03-A,Quel est l'élément nécrotique ou ecchymotique de plus de 3 mm de diamètre associé à un sepsis ou choc septique qui caractérise un purpura fulminans ?,Une plaquette sanguine,Un œdème aigu du poumon gauche,Un abcès dentaire non traité,Un ulcère variqueux,Une plaquette sanguine
OIC-215-04-A,Quels sont les signes cliniques d'alerte pour un purpura fulminans?,Fièvre,Signes de défaillance hémodynamique,Signes neurologiques,Purpura nécrotique et/ou ecchymotique et/ou extensif,"Fièvre, Signes de défaillance hémodynamique, Signes neurologiques, Purpura nécrotique et/ou ecchymotique et/ou extensif"
OIC-215-05-A,Quels sont les signes cliniques à observer lors de l'examen d'un patient présentant un purpura vasculaire ?,"Fièvre, signes ORL et neuropathie périphérique","Fièvre, souffle cardiaque et découverte d'anomalies à l'auscultation cardiaque",Signes de dénutrition,"Prise de médicaments, syndrome tumoral avec hépatomégalie, splénomégalie et adénopathies, nécessité du myélogramme pour interprétation","Fièvre, signes ORL et neuropathie périphérique"
OIC-215-06-A,Quels sont les examens biologiques à effectuer en urgence devant un purpura ?,"Hémogramme, protéine C réactive (CRP), recherche d'une diminution du taux de prothrombine (TP) ou d'un allongement du temps de céphaline activée (TCA), frottis sanguin, bilan hépatique et groupe sanguin.","Hémogramme, protéine C réactive (CRP), recherche d'une diminution du taux de prothrombine (TP) ou d'un allongement du temps de céphaline activée (TCA), frottis sanguin et bilan hépatique.","Hémogramme, protéine C réactive (CRP), recherche d'une diminution du taux de prothrombine (TP) ou d'un allongement du temps de céphaline activée (TCA), frottis sanguin et groupe sanguin.","Hémogramme, protéine C réactive (CRP), recherche d'une diminution du taux de prothrombine (TP) ou d'un allongement du temps de céphaline activée (TCA), bilan hépatique et groupe sanguin.","Hémogramme, protéine C réactive (CRP), recherche d'une diminution du taux de prothrombine (TP) ou d'un allongement du temps de céphaline activée (TCA), frottis sanguin, bilan hépatique et groupe sanguin."
OIC-215-07-B,Quel examen biologique est prescrit en dehors de l'urgence devant un purpura vasculaire?,Anticorps anti-lymphocyte,Cryoglobulinémie,Hemochromatose,Anticorps antinucléaires,B. Cryoglobulinémie
OIC-215-08-A,Quelles sont les principales causes de purpura vasculaire?,Purpura fulminans,Endocardite infectieuse,"Vascularites associées aux ANCA (granulomatose avec polyangéite, granulomatose éosinophilique avec polyangéite, polyangéite microscopique)","Vascularite à dépôt de complexes immuns (vascularite de cryoglobulinémie, vascularite à IgA, vascularites post-infectieuses)",Purpura fulminans
OIC-215-09-A,Quelles sont les situations d'urgence qui nécessitent une prise en charge immédiate pour un purpura?,Une personne présentant des signes de choc,Un enfant présentant des signes de choc,Toute personne avec une thrombopénie centrale ou profonde,Personnes âgées de plus de 65 ans,Une personne présentant des signes de choc
OIC-217-01-A,Quel est le critère principal pour diagnostiquer un syndrome mononucléosique?,Présence de plus de 50% d'éléments mononucléés parmi les leucocytes,Hyperlymphocytose avec plus de 10% de lymphocytes activés sur le frottis sanguin,Plusieurs critères combinés dont la présence de plus de 50% d'éléments mononucléés et une hyperlymphocytose,"Aucun des critères proposés n'est correct, il faut prendre en compte plusieurs autres éléments cliniques et biologiques",Présence de plus de 50% d'éléments mononucléés parmi les leucocytes
OIC-217-02-B,Quelles sont les caractéristiques du frottis sanguin dans le syndrome mononucléosique?,Cellules mononucléées activées avec un cytoplasme hyperbasophile,Cellules polymorphes atypiques et lymphocytes T activés,Absence de cellules blastiques et lignées hématopoïétiques normales,Toutes les réponses précédentes,"Cellules mononucléées activées avec un cytoplasme hyperbasophile, Cellules polymorphes atypiques et lymphocytes T activés, Absence de cellules blastiques et lignées hématopoïétiques normales"
OIC-217-03-B,Quel est le type de cellule principalement augmentée dans un syndrome mononucléosique ?,Lymphocyte T CD4,Lymphocyte B plasmatocyte,Neutrophile,Eosinophile,Lymphocyte T CD4
OIC-217-04-A,Quels sont les éléments de l’interrogatoire chez un patient présentant un syndrome mononucléosique?,Contact avec de jeunes enfants ou nouvelle relation,"Notion de rapports sexuels à risque, ou d’une toxicomanie intraveineuse (Virus de l’Immunodéficience humaine (VIH))","Introduction récente de nouveaux médicaments, prises médicamenteuses dans les semaines précédentes, dans l’hypothèse d’une toxidermie (suspicion d’un effet indésirable des médicaments ou d’un soin)","Présence de signes généraux : fièvre (hyperthermie / fièvre), asthénie",Contact avec de jeunes enfants ou nouvelle relation
OIC-217-05-A,Quelle est l'agent infectieux le plus souvent responsable des syndromes mononucléosiques?,Epstein Barr virus (EBV),Cytomégalovirus (CMV),Virus de l'immunodéficience humaine (VIH),Toxoplasmose,Epstein Barr virus (EBV)
OIC-217-06-B,Quelle est l'une des principales étiologies non infectieuses du syndrome mononucléosique?,Maladie auto-immune,Reaction allergique medicamenteuse,Infection virale,Autre (specifier),Reaction allergique medicamenteuse
OIC-223-01-A,"Quel est le niveau de risque pour un patient présentant une insuffisance rénale chronique, un diabète de type 2 ou un diabète de type 1 selon les critères SCORE2 et SCORE2-OP ?",risque faible à modéré,risque élevé,risque très élevé,aucun risque,risque élevé
OIC-223-02-A,Quels sont les trois grands types de dyslipidémies?,Hypercholestérolémie pure,Hypertriglycéridémie pure,Hyperlipidémie mixte,Autre,"Hypercholestérolémie pure, Hypertriglycéridémie pure, Hyperlipidémie mixte"
OIC-223-03-B,Quelle est la relation entre dyslipidémies et athérosclérose ?,Les dyslipidémies sont directement responsables de l'athérosclérose.,"Il existe un lien probable entre hypertriglycéridémie et athérosclérose, surtout dans le cas d'une association avec un HDL-cholestérol bas.",Les dyslipidémies n'ont aucun impact sur l'apparition de la plaque d'athérome.,Il n'existe pas de lien entre dyslipidémies et athérosclérose.,Les dyslipidémies sont directement responsables de l'athérosclérose.
OIC-223-04-A,Quand doit-on dépister une dyslipidémie?,Seul en cas de facteurs de risque cardiovasculaire présents,"Dans tous les cas, quelle que soit l'âge et le sexe",Seul en cas de prévention secondaire (ATCD d'accident cardiovasculaire ou d'athérosclérose asymptomatique authentifiée à l'imagerie),"Dans tous les cas, quelle que soit l'âge et le sexe, mais seulement si une contraception hormonale est mise en place",Seul en cas de prévention secondaire (ATCD d'accident cardiovasculaire ou d'athérosclérose asymptomatique authentifiée à l'imagerie)
OIC-223-05-A,Quelle est la classification des dyslipidémies selon Fredrickson?,Hypercholestérolémie familiale homozygote,Hypertriglycéridémie exogène,Hyperlipidémie combinée familiale,Dysbetalipoprotéinémie,Hyperlipidémie combinée familiale
OIC-223-06-A,Quels sont les signes cliniques des dyslipidémies?,Xanthomes tendineux,Xanthélasma avant l’âge de 60 ans,Arc cornéen avant l’âge de 60 ans,Tous les signes mentionnés précédemment,Tous les signes mentionnés précédemment
OIC-223-07-A,Quelles sont les principales causes d'hyperlipidémies secondaires?,Endocrinopathies,Maladies rénales,Atteintes hépatiques,Médicaments,"Endocrinopathies, maladies rénales  , atteintes hépatiques, médicaments"
OIC-223-08-B,Quel bilan biologique prescrire à la recherche d'une dyslipidémie secondaire ?,"TSH, créatininémie et protéinurie (bandelette urinaire)","TSH, créatininémie et phosphatases alcalines",Protéinurie (bandelette urinaire) et TSH,Protéinurie (bandelette urinaire) et phosphatases alcalines,"TSH, créatininémie et protéinurie (bandelette urinaire)"
OIC-223-09-A,Quel est le traitement de l’hypercholestérolémie ?,Statines,Ezétimibe,Cholestyramine,Inhibiteurs PCSK9,Statines
OIC-223-10-A,Quelle est la recommandation concernant l'apport quotidien en graisses pour les patients hypercholestérolémiques?,Apport quotidien en graisses <35% de l'apport calorique total,Apport quotidien en graisses <40% de l'apport calorique total,Apport quotidien en graisses <50% de l'apport calorique total,Apport quotidien en graisses <55% de l'apport calorique total,Apport quotidien en graisses <35% de l'apport calorique total
OIC-225-01-A,Quelle est la définition et la fréquence de l'artériopathie oblitérante des membres inférieurs (AOMI)?,"L’artériopathie oblitérante des membres inférieurs (AOMI) est définie comme la présence de lésions d'athérosclérose au niveau de l'aorte et des artères sous-jacentes perfusant les membres inférieurs. Elle peut entraîner des plaques (plaque d'athérome), des sténoses ou des obstructions athéromateuses d’une ou plusieurs artères destinées au pelvis et aux membres inférieurs.","La prévalence de la maladie augmente avec l’âge, pour atteindre plus de 20% au-delà de 70 ans.",L'artériopathie oblitérante des membres inférieurs (AOMI) est une pathologie vasculaire qui affecte les artères de la jambe et du pied.,L'artériopathie oblitérante des membres inférieurs (AOMI) est caractérisée par l’athérosclérose dans les artères des jambes et des pieds.,"La prévalence de la maladie augmente avec l’âge, pour atteindre plus de 20% au-delà de 70 ans."
OIC-225-02-B,L'AOMI est l'expression locale d'une maladie systémique dont le pronostic est en partie conditionné par les complications cardiaques (angor et infarctus du myocarde) et cérébro-vasculaires. Les facteurs de risque de l'AOMI sont ceux de l'athérome. Quels sont ces facteurs de risque ?,"âge, Sexe masculin, tabagisme, diabète, HTA, Hypercholestérolémie",Obésité et sédentarité,Sa prévention rejoit la prévention des maladies cardiovasculaires.,Les trois options précédentes sont correctes.,"âge, Sexe masculin, tabagisme, diabète, HTA, Hypercholestérolémie"
OIC-225-03-A,Quelle est la classification clinique et hémodynamique de l'AoMéranisme Infrainférieur (AOMI)?,"Asymptomatique avec un IPS ≤ 0,90","Claudication avec un IPS ≤ 0,90",Symptômes au repos avec une pression de cheville < 50 mmHg ou une pression au gros orteil < 30 mmHg,Trousseaux artériels et troubles trophiques,"Asymptomatique avec un IPS ≤ 0,90"
OIC-225-04-A,Quels sont les examens complémentaires de première intention pour l'évaluation clinique de l'AOMI?,L’echo-doppler de l’aorte et des artères de membres inférieurs,Angioscanner de l'aorte et des artères des membres inférieurs,Angio-IRM de l'aorte et des artères des membres inférieurs,Artériographie des membres inférieurs,L’echo-doppler de l’aorte et des artères de membres inférieurs
OIC-225-05-A,Le suivi régulier s'assure de,"l’adhésion aux propositions de modifications thérapeutiques du mode de vie,",la réadaptation à la marche et des prescriptions médicamenteuses ;,"l’obtention des cibles thérapeutiques : cholestérol LDL- inférieur à 1,4 mmol/L ET 50% de réduction par rapport à la valeur de base, pressions artérielles inférieures à 120/70 mmHg si bien tolérées, contrôle glycémique, sevrage en tabac ;",la tolérance des traitements; de l’efficacité de la prise en charge; la perméabilité des revascularisations.,"l’adhésion aux propositions de modifications thérapeutiques du mode de vie, la réadaptation à la marche et des prescriptions médicamenteuses ;"
OIC-225-06-A,Quelle est la principale complication des artériopathies vasculaires occlusives?,Ischémie aiguë des membres inférieurs,Complications cérébrovasculaires,Complications mésentériques,Tous les trois,Ischémie aiguë des membres inférieurs
OIC-225-07-A,Quelle est la gravité ultime de l'ischémie aiguë ?,Légère,Modérée,Grave,Très grave,Très grave
OIC-225-08-B,Quelles sont les autres causes de l'ischémie aiguë?,Une thrombose d'une artère pathologique,Une embolie venant d'un caillot aortique,Une embolie venant d'un caillot cardiaque,Une thrombose d'une artère saine,Une thrombose d'une artère pathologique
OIC-225-09-A,La stratégie thérapeutique de l’ischémie aiguë vise à :,éviter l’extension du thrombus et la récidive embolique,assurer la revascularisation du territoire ischémié,corriger les processus pathologiques aggravant l’ischémie,prévenir et traiter les conséquences générales de l’ischémie et de la revascularisation,éviter l’extension du thrombus et la récidive embolique
OIC-225-10-A,"Un anévrisme artériel est une dilatation focale et permanente de l’artère avec une perte du parallélisme de ses parois, et dont le diamètre est supérieur à 1,5 fois le diamètre d’amont. Le plus fréquemment il se développe dans la partie sous- rénale de l’aorte abdominale.","Un anévrisme artériel est une dilatation focale et permanente de l’artère avec une perte du parallélisme de ses parois, et dont le diamètre est supérieur à 1,5 fois le diamètre d’amont.",Le plus fréquemment il se développe dans la partie sous- rénale de l’aorte abdominale.,"Un anévrisme artériel est une dilatation focale et permanente de l’artère avec une perte du parallélisme de ses parois, et dont le diamètre est supérieur à 1,5 fois le diamètre d’amont. Le plus fréquemment il se développe dans la partie sous- rénale de l’aorte abdominale.","Un anévrisme artériel est une dilatation focale et permanente de l’artère avec une perte du parallélisme de ses parois, et dont le diamètre est supérieur à 1,5 fois le diamètre d’amont. Le plus fréquemment il se développe dans la partie sous- rénale de l’aorte abdominale.","Un anévrisme artériel est une dilatation focale et permanente de l’artère avec une perte du parallélisme de ses parois, et dont le diamètre est supérieur à 1,5 fois le diamètre d’amont. Le plus fréquemment il se développe dans la partie sous- rénale de l’aorte abdominale."
OIC-225-11-B,Quels sont les principaux facteurs associés aux anévrismes de l'aorte abdominale?,Athérosclérose,Maladie de Marfan,Infection aortique,Hypertension artérielle,Athérosclérose
OIC-225-12-A,Quels sont les signes cliniques des anévrismes de l’aorte?,L’AAA est asymptomatique.,Le diagnostic peut être fait chez un malade consultant pour une douleur abdominale ou lombaire.,Le diagnostic peut n’être porté qu’au stade de rupture.,Les autres présentations cliniques révélatrices sont rares.,a
OIC-225-13-A,Quels sont les examens complémentaires utilisés pour diagnostiquer un anévrysme de l'aorte abdominale?,L'échographie abdominale,La TDM thoraco-abdomino-pelvienne avec injection de produit de contraste iodé,L'IRM,L'artériographie,La TDM thoraco-abdomino-pelvienne avec injection de produit de contraste iodé
OIC-225-14-B,Quels sont les principes thérapeutiques d'un anévrisme de l'aorte abdominale?,La surveillance échographique à intervalles adaptés à son diamètre.,Sa cure chirurgicale conventionnelle ou endovasculaire si nécessaire.,"La recherche d'autres anévrismes, en particulier poplités, iliaques et aorte thoracique.",La recherche d'un AAA chez les enfants et collatéraux de plus de 50 ans.,Sa cure chirurgicale conventionnelle ou endovasculaire si nécessaire.
OIC-225-15-A,Quelle est la situation d'urgence dans le contexte d'un anévrisme de l'aorte abdominale?,Anévrisme rompu,Anévrisme douloureux,Ischémie aiguë du membre inférieur,Fistule aorto-veineuse ou fistule aorto-digestive,Anévrisme rompu
OIC-225-16-A,Quelle est la définition de l'ischémie intestinale aiguë et chronique?,"L’ischémie digestive correspond à une insuffisance de perfusion artérielle liée à un obstacle chronique (le plus souvent d’origine athéromateuse) ou aigu (par embolie, thrombose in situ ou dissection) des artères digestives.",L'ischémie intestinale aiguë correspond à une insuffisance de perfusion artérielle liée à un obstacle aigu des artères digestives.,L’ischémie digestive est une insuffisance de perfusion artérielle chronique des artères digestives.,L'ischémie intestinale aiguë correspond à une insuffisance de perfusion artérielle liée à un obstacle aigu ou chronique des artères digestives.,"L’ischémie digestive correspond à une insuffisance de perfusion artérielle liée à un obstacle chronique (le plus souvent d’origine athéromateuse) ou aigu (par embolie, thrombose in situ ou dissection) des artères digestives."
OIC-225-17-A,"La triade associant douleur abdominale post-prandiale, eviction et fractionnement alimentaire, amaigrissement est caractéristique de l’ischémie digestive chronique.","L'ischémie digestive chronique se manifeste par une triade constituée de douleur abdominale post-prandiale, éviction et fractionnement alimentaire ainsi que amaigrissement.",La triade est caractéristique d'une ischémie intestinale aiguë.,L'ischémie digestive chronique n'est pas caractérisée par une triade mais par des signes fonctionnels et physiques spécifiques.,La triade ne concerne que l'ischémie intestinale aiguë.,A
OIC-226-01-A,Quelle est la définition d’une thrombose veineuse profonde (TVP) ?,Obstruction veineuse partielle ou totale par un thrombus endoluminal localisé aux membres inférieurs.,"Obstruction veineuse partielle ou totale par un thrombus endoluminal localisé dans tout l’arbre veineux, le plus souvent aux membres inférieurs.",Obstruction veineuse partielle ou totale par un thrombus endoluminal localisé aux membres supérieurs.,"Obstruction veineuse partielle ou totale par un thrombus endoluminal localisé dans tout l’arbre veineux, le plus souvent aux membres supérieurs.","Obstruction veineuse partielle ou totale par un thrombus endoluminal localisé dans tout l’arbre veineux, le plus souvent aux membres inférieurs."
OIC-226-02-A,Quels sont les facteurs de risque transitoires pour le développement d'une maladie thromboembolique veineuse (MTEV) ?,Immobilisation prolongée,Antécédents familiaux de MTEV,Obésité,Syndrome néphrotique,Immobilisation prolongée
OIC-226-03-B,Quels sont les trois facteurs de la triade de Virchow favorisant la survenue d'une TVP compliquée ou non d'EP ?,"Interventions chirurgicales, immobilisation et lésions de l'endothélium","Thrombophilies acquises ou héréditaires, situations thrombogènes et cancer","Immobilisation, sepsis et grossesse/post partum","Interventions chirurgicales, lésions de l'endothélium et hypercoagulabilité","Interventions chirurgicales, immobilisation et lésions de l'endothélium"
OIC-226-04-A,Quels sont les signes cliniques évocateurs d'une maladie veineuse thrombo-embolique (MTEV)?,Douleur spontanée du membre inférieur,Œdème unilatéral,Dilatation veineuse superficielle en l’absence de varices,Tous les trois signes mentionnés,Tous les trois signes mentionnés
OIC-226-05-A,Quelle est la stratégie de prise en charge d'une embolie pulmonaire grave ?,Fibrinolyse et héparine,Anticoagulation uniquement,Traitement chirurgical immédiat,Observation et traitement symptomatique,Fibrinolyse et héparine
OIC-226-06-A,"Les D-dimères sont : A) Produits de dégradation de la fibrine, B) Non spécifiques, C) Mais forte valeur prédictive négative. S'ils sont inférieurs au seuil diagnostique, ils permettent d'él...",Produits de dégradation de la fibrine,Non spécifiques,Mais forte valeur prédictive négative,Toutes les réponses sont correctes,"Produits de dégradation de la fibrine, Non spécifiques, Mais forte valeur prédictive négative. S'ils sont inférieurs au seuil diagnostique, ils permettent d'él..."
OIC-226-07-A,Quelle est la place et les limites de l’échodoppler veineux dans le diagnostic de thrombose veineuse profonde (TVP) et d’embolie pulmonaire (EP)?,L'échodoppler veineux n'est pas utilisé pour diagnostiquer la TVP.,L'échodoppler veineux est le premier examen de choix dans le diagnostic de TVP.,L'échodoppler veineux est réservé au diagnostic d'embolie pulmonaire.,L'échodoppler veineux n'est pas utilisé pour diagnostiquer la TVP et l'EP.,B
OIC-226-08-A,Quels sont les examens d'imagerie utilisés dans le cadre de l'évaluation d'une embolie pulmonaire (EP) et quelles sont leurs limites?,Angiotomodensitométrie thoracique,Scintigraphie de ventilation-perfusion,Échographie cardiaque trans-thoracique,Tous les trois,Tous les trois
OIC-226-09-A,Quels sont les signes d'une embolie pulmonaire grave?,Hypotension persistante,Tachycardie persistante,Dyspnoea persistant,Pulmonary oligémie sur TTE,Hypotension persistante
OIC-226-10-A,Quel est le traitement anticoagulant de première intention pour les patients avec TVP/EP non graves ?,Héparine de bas poids moléculaire (HBPM) / fondaparinux,Anticoagulants oraux directs (AODs),Héparine non fractionnée (HNF),Héparine de bas poids moléculaire (HBPM) sans relais AVK,Anticoagulants oraux directs (AODs)
OIC-226-11-A,Quand une compression élastique peut-elle être indiquée dans le cas d'une thrombose veineuse profonde des membres inférieurs?,Toujours,Jamais,Seulement pendant la phase aiguë,Pendant au minimum 6 mois après la phase aiguë,Pendant au minimum 6 mois après la phase aiguë
OIC-226-12-A,Quelle(s) forme(s) de contraception sont contre-indiquées en cas d'antécédent de thrombose veineuse profonde (TVP) et d'embolie pulmonaire (EP)?,Contraceptives combinés œstrogènes/progestatines,Pilule micro-progestative,Dispositif intra-utérin,Implant sous-cutané,Contraceptives combinés œstrogènes/progestatines
OIC-226-13-A,Quelles sont les situations nécessitant une prévention de la MTEV?,Toute personne âgée,Personnes hospitalisées pour plus de 3 jours,"Chirurgie orthopédique, carcinologique ou bariatrique",Patient présentant plusieurs facteurs de risque de MVTE,"Chirurgie orthopédique, carcinologique ou bariatrique; Patient présentant plusieurs facteurs de risque de MVTE"
OIC-226-14-B,La durée minimale de traitement anticoagulant pour une thrombose veineuse profonde (TVP) ou une embolie pulmonaire (EP) est de:,3 mois,6 mois,9 mois,1 an,3 mois
OIC-226-15-B,Quand un bilan complet est-il nécessaire pour un patient présentant une thrombose veineuse profonde (TVP) ou une embolie pulmonaire (EP)?,Seulement si la TVP ou l'EP récidive,"Dans tous les cas, y compris ceux sans symptômes récurrents",Seulement dans le cadre d'un diagnostic différentiel avec un cancer,Ne jamais faire de bilan complet,"B. Dans tous les cas, y compris ceux sans symptômes récurrents"
OIC-226-16-B,Quelles sont les complications à long terme de la thrombose veineuse profonde (TVP)?,Syndrome post-thrombotique (SPT),Hypertension pulmonaire (HTP) post-embolique,Insuffisance cardiaque droite,Aucune des propositions précédentes,Syndrome post-thrombotique (SPT)
OIC-226-17-B,"Avant d’arrêter le traitement anticoagulant prescrit pour une EP, il faut s’assurer de l’absence de dyspnée.",La dyspnée n'est pas une complication à dépister avant d'arrêter un traitement anticoagulant pour EP.,Il est indispensable de dépister une hypertension pulmonaire post-embolique en réalisant en premier lieu une échographie cardiaque transthoracique couplée au Doppler.,"La dyspnée n'est pas une complication à dépister avant d'arrêter un traitement anticoagulant pour EP, mais il est indispensable de dépister une hypertension pulmonaire post-embolique en réalisant en premier lieu une échographie cardiaque transthoracique couplée au Doppler.",La dyspnée n'est pas une complication à dépister avant d'arrêter un traitement anticoagulant pour EP et il est indispensable de dépister une hypertension pulmonaire post-embolique en réalisant en premier lieu une échographie cardiaque transthoracique couplée au Doppler.,Il est indispensable de dépister une hypertension pulmonaire post-embolique en réalisant en premier lieu une échographie cardiaque transthoracique couplée au Doppler.
OIC-226-18-B,Quel est le diagnostic clinique d'une thrombose veineuse superficielle (TVS)?,Un cordon veineux induré sans inflammation locale.,Un cordon veineux induré avec inflammation locale associée.,Une élongation de la peau sur le membre affecté.,Des symptômes de congestion venose profonde (V.P.),b. Un cordon veineux induré avec inflammation locale associée.
OIC-227-01-A,Quelle est la définition d'une insuffisance veineuse chronique (IVC) et des varices ?,"Insuffisance veineuse chronique (IVC) : Dysfonctionnement du système veineux profond et/ou superficiel, résultant d’une incontinence valvulaire, avec ou sans une oblitération veineuse associée. Il touche préférentiellement les membres inférieurs. Varices : Dilatation permanente d’une ou de plusieurs veines superficielles des membres inférieurs de plus de 3 mm de diamètre en orthostatisme associée le plus souvent à un reflux par incontinence valvulaire.","Insuffisance veineuse chronique (IVC) : Dysfonctionnement du système veineux profond et/ou superficiel, résultant d’une incontinence valvulaire, avec ou sans une oblitération veineuse associée. Il touche préférentiellement les membres inférieurs. Varices : Dilatation permanente d’une ou de plusieurs veines superficielles des membres inférieurs de plus de 3 mm de diamètre en orthostatisme associée le plus souvent à un reflux par incontinence valvulaire.","Insuffisance veineuse chronique (IVC) : Dysfonctionnement du système veineux profond et/ou superficiel, résultant d’une incontinence valvulaire, avec ou sans une oblitération veineuse associée. Il touche préférentiellement les membres inférieurs. Varices : Dilatation permanente d’une ou de plusieurs veines superficielles des membres inférieurs de plus de 3 mm de diamètre en orthostatisme associée le plus souvent à un reflux par incontinence valvulaire.","Insuffisance veineuse chronique (IVC) : Dysfonctionnement du système veineux profond et/ou superficiel, résultant d’une incontinence valvulaire, avec ou sans une oblitération veineuse associée. Il touche préférentiellement les membres inférieurs. Varices : Dilatation permanente d’une ou de plusieurs veines superficielles des membres inférieurs de plus de 3 mm de diamètre en orthostatisme associée le plus souvent à un reflux par incontinence valvulaire.","Insuffisance veineuse chronique (IVC) : Dysfonctionnement du système veineux profond et/ou superficiel, résultant d’une incontinence valvulaire, avec ou sans une oblitération veineuse associée. Il touche préférentiellement les membres inférieurs. Varices : Dilatation permanente d’une ou de plusieurs veines superficielles des membres inférieurs de plus de 3 mm de diamètre en orthostatisme associée le plus souvent à un reflux par incontinence valvulaire."
OIC-227-02-B,Quels sont les principaux mécanismes physiopathologiques responsables de l'insuffisance veineuse chronique (IVC) ?,A. Dysfonctionnement des valvules veineuses centripètes et unidirectionnelles.,B. Insuffisance cardiaque avec une pression de perfusion du ventricule gauche élevée.,C. Obstruction veineuse séquellaire d'une thrombose veineuse profonde.,D. Réseau veineux superficiel insuffisant en charge du sang veineux des membres inférieurs.,A. Dysfonctionnement des valvules veineuses centripètes et unidirectionnelles.
OIC-227-03-A,Which of the following is NOT a mechanism involved in post-thrombotic syndrome? A) Venous destruction leading to reflux B) Residual venous obstruction C) Both of the above D) None of the above,Venous destruction leading to reflux,Residual venous obstruction,Both of the above,None of the above,D) None of the above
OIC-227-04-B,Quelles sont les principales causes de l'insuffisance veineuse chronique (IVC) ?,Les varices primitives,L'insuffisance valvulaire primitive profonde,Le syndrome post-thrombotique,Les syndromes veineux compressifs,Les varices primitives
OIC-227-05-A,Quels sont les facteurs favorisants communs entre l'insuffisance veineuse chronique et les varices?,Hérédité,Mode de vie sédentaire,Âge,Sexe féminin,"Hérédité, mode de vie sédentaire, âge, sexe féminin, grossesses multiples, surpoids et obésité, exposition à la chaleur, orthostatisme prolongé, constipation chronique"
OIC-227-06-B,Quelle est la prévalence globale de l'insuffisance veineuse chronique (IVC) dans les pays industrialisés?,Entre 30 et 60 %,Moins de 20 %,Plus de 80 %,Entre 70 et 90 %,Entre 30 et 60 %
OIC-227-07-A,Quelle est la classification CEAP de l’insuffisance veineuse chronique (IVC) ?,"La classification CEAP de l’IVC va de C0 à C6, où C0 représente un état asymptomatique et C6 un ulcère non cicatrisé.","La classification CEAP de l’IVC va de C1 à C4, où C1 représente des télangiectasies ou veines réticulaires et C4 un œdème.","La classification CEAP de l’IVC va de C2 à C6, où C2 représente des veines variqueuses et C6 un ulcère non cicatrisé.","La classification CEAP de l’IVC va de C0 à C4, où C0 représente un état asymptomatique et C4 un œdème.","La classification CEAP de l’IVC va de C0 à C6, où C0 représente un état asymptomatique et C6 un ulcère non cicatrisé."
OIC-227-08-A,Quelles sont les caractéristiques principales d'un ulcère veineux?,Le siège péri malléolaire,L’aspect superficiel non creusant,Ulcère exsudatif et fibrineux,La grande taille,"Le siège péri malléolaire, L’aspect superficiel non creusant, Ulcère exsudatif et fibrineux, La grande taille"
OIC-227-09-A,Quels sont les outils diagnostiques utilisés pour une insuffisance veineuse chronique (IVC) ?,"Interrogatoire, examen clinique et réalisation d'un écho-veineux.","Angiographie, phléboscopie et mesure des pressions dans les membres inférieurs.","Angiographie, phléboscopie et réalisation d'un écho-veineux.","Interrogatoire, examen clinique et réalisation d'une IRM veineuse.","Interrogatoire, examen clinique et réalisation d'un écho-veineux."
OIC-227-10-B,Quels sont les principaux traitements de l'insuffisance veineuse chronique ?,Compression élastique,Traitement médicamenteux,"Sclérothérapie, techniques thermiques endoveineuses et chirurgie",Crénothérapie ou cure thermale,"Compression élastique, Traitement médicamenteux, Sclérothérapie, techniques thermiques endoveineuses et chirurgie, Crénothérapie ou cure thermale"
OIC-229-01-A,Quels sont les différents types d’abords veineux?,"A. Central (chambres implantables, tunnélisé ou par voie périphérique) et périphérique","B. Seulement central (chambres implantables, tunnélisé)",C. Seulement périphérique (par voie périphérique),D. Central uniquement (tunnélisé ou par voie périphérique),"A. Central (chambres implantables, tunnélisé ou par voie périphérique) et périphérique"
OIC-229-02-A,Quelles sont les principales complications des abords veineux?,Infectieuses,Thrombotiques,Mécaniques,Hémorragiques,Toutes les options sont correctes.
OIC-229-03-A,La technique d’insertion d’une voie veineuse périphérique est-elle correctement illustrée dans le lien vidéo proposé ?,"Oui, la vidéo montre clairement comment poser une VVP.","Non, la vidéo ne donne pas assez de détails sur la pose d’une VVP.",La vidéo est inutile pour apprendre à poser une VVP.,Il faut voir un autre lien vidéo pour savoir comment poser une VVP correctement.,"Oui, la vidéo montre clairement comment poser une VVP."
OIC-229-04-A,Quelles sont les complications possibles lors du suivi d'une voie veineuse périphérique ou centrale ? ,Les complications infectieuses,Les complications thrombotiques,Les complications mécaniques,Les complications hémorragiques,Les complications infectieuses
OIC-229-05-A,Quel est le risque principal associé à la rétractile veineuse centrale dans le territoire cave supérieur?,Hémorragie locale,Trouble de l'hémostase,Points d'insertion difficilement comprimables,Risque d'embolie gazeuse,D) Risque d'embolie gazeuse
OIC-229-06-B,Quelles sont les conditions d’insertion d’une voie veineuse centrale?,La voie veineuse centrale peut être insérée dans une veine basilique.,L’insertion de la voie veineuse centrale doit être effectuée sur une veine accessible à tous les jours.,Une voie veineuse centrale ne peut pas être mise en place par un infirmier.,La voie veineuse centrale est insérée dans la veine femorale.,La voie veineuse centrale est insérée dans la veine femorale.
OIC-229-07-B,Quel est l'objectif de cette question ?,Évaluer la compréhension des idées principales.,Vérifier les connaissances sur les complications des abords veineux.,Tester la capacité à traiter une infection de voie veineuses.,Évaluer la compréhension des principes de traitement des complications thrombotiques et infectieuses des voies veineuses., Tester la capacité à traiter une infection de voie veineuses.
OIC-230-01-A,Quelle est la définition d'une douleur thoracique aiguë?,Douleur dans le dos,Gêne dans la région de la cage thoracique survenant de manière brutale,Douleur dans le cou et le haut du dos,Douleur dans les deux bras,Gêne dans la région de la cage thoracique survenant de manière brutale
OIC-230-02-A,Quels sont les signes d'urgence à rechercher en cas de douleur thoracique aiguë ?,Détresse respiratoire aiguë,Détresse hémodynamique (signes de choc),Détresse neurologique (coma et troubles de conscience),Toutes les réponses sont correctes,Toutes les réponses sont correctes
OIC-230-03-A,Un patient présentant une douleur thoracique aiguë peut présenter les signes suivants. Lesquels d'entre eux sont considérés comme urgents et nécessitent des décisions thérapeutiques immédiates?,Respiration rapide (>30/min) ou lente (<10/min ou pauses),"Cyanose, sueurs, désaturation <90%","Hypotension artérielle, signes de chocs (marbrures, extrémités froides, oligurie)","Troubles de conscience, confusion, agitation","Respiration rapide (>30/min) ou lente (<10/min ou pauses), Cyanose, sueurs, désaturation <90%, Hypotension artérielle, signes de chocs (marbrures, extrémités froides, oligurie), Troubles de conscience, confusion, agitation"
OIC-230-04-A,Quelles sont les quatre urgences cardio-vasculaires pouvant entraîner une douleur thoracique ?,Dissection aortique,Syndrome coronarien aigu,Embole pulmonaire,Péricardite avec tamponnade,"Dissection aortique, Syndrome coronarien aigu, Embolie pulmonaire, Péricardite avec tamponnade"
OIC-230-05-A,Quelle est la séméiologie clinique fonctionnelle et physique de la dissection aortique?,"Douleur thoracique brutale, intense typiquement migratrice",Asymétrie tensionnelle > 20 mmHg,Abolition d’un ou plusieurs pouls,Souffle d’insuffisance aortique,"Douleur thoracique brutale, intense typiquement migratrice"
OIC-230-06-A,Quelle est la démarche diagnostique des quatre urgences cardio-vasculaires?,"Anamnèse, examen clinique, réalisation et interprétation de l’ECG","Anamnèse, examen clinique, bilan biologique et d’imagerie","Examen clinique, réalisation et interprétation de l’ECG, bilan biologique et d’imagerie","Anamnèse, bilan biologique et d’imagerie, réalisation et interprétation de l’ECG","Anamnèse, examen clinique, réalisation et interprétation de l’ECG"
OIC-230-07-A,Quelles sont les anomalies électrocardiographiques des quatre urgences cardio-vasculaires?,Aiguëté du segment ST et négativation des ondes T,Sous-décalage du segment ST sans miroir,ECG normal,Sus-élevement du segment ST avec miroir,Aiguëté du segment ST et négativation des ondes T
OIC-230-08-A,Quelle est l'utilité de la radiographie thoracique dans le contexte d'une douleur thoracique aiguë?,Elle est réalisée systématiquement.,Inutile dans le cadre d'un SCA typique.,Aide au diagnostic des 3 autres urgences cardio-vasculaires.,"Permet des diagnostics différentiels (pneumothorax, pneumopathie).",La radiographie thoracique aide au diagnostic des 3 autres urgences cardio-vasculaires.
OIC-230-09-A,Connaître les examens biologiques à prescrire et leur interprétation des quatre urgences cardio-vasculaires,"Bilan biologique standard : NFS-plaquettes, ionogramme sanguin avec créatininémie, bilan de coagulation (TP, TCA)","Troponines ultrasensibles (élévation des enzymes cardiaques dans SCA, moindre dans l’EP)","D-Dimères : en cas de suspicion faible ou modérée d’EP (EP éliminée si D-Dimères normaux), éliminent la dissection aortique si normaux également. Ne permettent la confirmation d’aucun diagnostic","CRP (protéine C réactive) : témoin de syndrome inflammatoire, intérêt surtout pour péricardite mais non spécifique","Bilan biologique standard : NFS-plaquettes, ionogramme sanguin avec créatininémie, bilan de coagulation (TP, TCA)"
OIC-230-10-B,La coronarographie est-elle le premier examen complémentaire à envisager dans le diagnostic et la prise en charge du syndrome coronarien aigu ? ,"Oui, elle est le premier examen complémentaire","Non, il y a d'autres examens prioritaires avant la coronarographie",La coronarographie n'est pas indiquée dans le syndrome coronarien aigu,Il faut commencer par une IRM cardiaque pour tous les patients,"Oui, elle est le premier examen complémentaire"
OIC-230-11-B,Quels sont les examens complémentaires utiles dans le diagnostic d'une dissection aortique?,Echocardiographie trans-oesophagienne (ETO),Angioscanner thoracique,Todomodensitometrie thoracique,Autres,Echocardiographie trans-oesophagienne (ETO) et Angioscanner thoracique
OIC-230-12-B,"Devant un angor d'effort, connaître les principales causes d'angor fonctionnel",rétrécissement aortique serré,cardiomyopathie hypertrophique,tachycardies (fibrillation atriale),anémie,hyperthyroïdie
OIC-230-13-A,"Quelles sont les principales causes thoraciques de douleur aiguë en dehors des quatre urgences cardio-vasculaires ? A) Pneumopathie infectieuse, B) Pneumothorax, C) Épanchement pleural, D) Douleurs pariétales musculo-squelettiques",Pneumopathie infectieuse,Pneumothorax,Épanchement pleural,Douleurs pariétales musculo-squelettiques,B) Pneumothorax
OIC-230-14-A,Quelles sont les principales causes extra-thoraciques de douleur thoracique?,pancréatite,cholécystite,ulcère gastro-duodénal,reflux gastro-oesophagien,"pancréatite, cholécystite, ulcère gastro-duodénal, reflux gastro-oesophagien"
OIC-233-01-A,Quelle est la définition de l'insuffisance mitrale (IM) ?,Dysfonctionnement de la valve mitrale avec défaut de fermeture systolique ayant pour conséquence une régurgitation de sang du ventricule gauche vers l’oreillette gauche en systole.,Dysfonctionnement de la valve mitrale avec limitation d'ouverture en diastole ayant pour conséquence un obstacle à l'écoulement du sang de l'oreillette gauche vers le ventricule gauche au moment du remplissage cardiaque.,Dysfonctionnement de la valve mitrale avec défaut de fermeture diastolique ayant pour conséquence une régurgitation de sang de l’oreillette gauche vers le ventricule gauche en diastole.,Dysfonctionnement de la valve mitrale avec limitation d'ouverture ayant pour conséquence un obstacle à l'éjection systolique du ventricule gauche.,A
OIC-233-02-B,Quelle est la conséquence de l'insuffisance mitrale ?,Insuffisance ventriculaire gauche,Hypertension aortique,Insuffisance cardiaque globale,Insuffisance pulmonaire,Insuffisance cardiaque globale
OIC-233-03-A,"Quelles sont les principales étiologies des valvulopathies ? (IM, RA, IA, RM)",Insuffisance mitrale,Rétrécissement aortique,Insuffisance aortique,Rétrécissement mitral,Insuffisance mitrale
OIC-233-04-A,Quelle est l'auscultation caractéristique de l'insuffisance mitrale ?,Un souffle holosystolique en jet de vapeur,Un souffle systolique râpeux,Un souffle diastolique râpeux,Un souffle protodiastolique en jet de vapeur,Un souffle holosystolique en jet de vapeur
OIC-233-05-B,Quels examens complémentaires sont utiles dans les valvulopathies?,L'électrocardiogramme (ECG) est peu spécifique et son intérêt est limité pour le diagnostic précoce.,La radiographie de thorax est rarement normale dans les valvulopathies chroniques sévères.,L'épreuve d'effort est contre-indiquée dans les valvulopathies symptomatiques.,L'échographie d'effort peut être utile dans certaines valvulopathies.,L'échographie d'effort peut être utile dans certaines valvulopathies.
OIC-233-06-A,Quelle est la valeur primordiale de l'échocardiographie dans les valvulopathies?,Diagnostic positif,Diagnostic du mécanisme et de l'Étiologie,Diagnostic de sévérité,Toutes les réponses sont vraies,Toutes les réponses sont vraies
OIC-233-07-B,Quelle est la principale complication d'une insuffisance mitrale ?,Insuffisance cardiaque gauche,Endocardite,Troubles du rythme,Thromboembolique,Insuffisance cardiaque gauche
OIC-233-08-B,Quel est le traitement chirurgical de l'Insuffisance mitrale?,Plastie mitrale en première intention si faisable,Remplacement valvulaire mitral par prothèse mécanique ou biologique (> 65 ans),Commissurotomie chirurgicale à cœur fermé ou ouvert (post-rhumatismale) : rare,Remplacement valvulaire mitral par prothèse mécanique ou biologique,Plastie mitrale en première intention si faisable
OIC-233-09-B,Quel traitement percutané existe pour l'insuffisance mitrale?,Mitraclip,TAVI,Valvuloplastie aortique au ballon,Commissurotomie percutanée,Mitraclip
OIC-233-10-B,"Les indications de traitement chirurgical des valvulopathies IM, RA, RM et IA sont évaluées en fonction de critères cliniques et échocardiographiques. Les principales indications comprennent :",Insuffisance mitrale aigue mal tolérée,Insuffisance mitrale chronique sévère avec possibilité d'une plastie mitrale ou remplacement valvulaire mitral,"Rétrécissement aortique serré symptomatique, asymptomatique avec retentissement valvulaire grave ou très serré avec épreuve d'effort positive","Insuffisance aortique sévère aigue, chronique avec possibilité de remplacement valvulaire si le patient est symptomatique ou asymptomatique avec certaines conditions spécifiques",Insuffisance mitrale aigue mal tolérée
OIC-233-11-B,"Le traitement percutané des valvulopathies est indiqué dans les cas de RA ou d'IM. Les autres valvulopathies sont actuellement en cours d'évaluation, notamment IA en cas de contre-indication ou très haut risque chirurgical.",TAVI pour rétrécissement aortique,Mitraclip pour insuffisance mitrale organique,Mitraclip pour insuffisance mitrale fonctionnelle,Aucune indication pour traitement percutané des valvulopathies,TAVI pour rétrécissement aortique
OIC-233-12-B,"Le traitement médical de l'insuffisance aortique (IA) est indiqué en cas d'IA sans indication chirurgicale. Il repose sur plusieurs piliers : un régime pauvre en sel, un traitement pharmacologique avec IEC/ARA 2 et éventuellement diurétiques, des précautions pour éviter l'infectieuse, le dépistage familial si maladie de Marfan ou bicuspidie chez les apparentés du premier degré, et une surveillance clinique, électrocardiographique et thoracotomique tous les ans selon la gravité de l'IA.",Le traitement médical est indiqué en cas d'IA sans indication chirurgicale,Le traitement repose sur le seul régime pauvre en sel,Le traitement repose uniquement sur un traitement pharmacologique avec IEC/ARA 2 et éventuellement diurétiques,"Le traitement comprend la prévention de l’endocardite infectieuse, le dépistage familial et la surveillance clinique, électrocardiographique et thoracotomique tous les ans",Le traitement médical est indiqué en cas d'IA sans indication chirurgicale
OIC-234-01-B,La prévalence de l'insuffisance cardiaque chez les personnes âgées est-elle en augmentation constante?,"Oui, la prévalence augmente avec le vieillissement de la population.","Non, la prévalence reste stable quelle que soit l'âge.",La prévalence diminue chez les personnes âgées en raison des progrès thérapeutiques.,La prévalence augmente chez les jeunes en raison de facteurs environnementaux.,"Oui, la prévalence augmente avec le vieillissement de la population."
OIC-234-02-A,Quelle est la définition de l'insuffisance cardiaque (IC) ?,"Un syndrome clinique avec des symptômes passés ou présents d'IC causés par une anomalie cardiaque structurelle et/ou fonctionnelle et confirmé par plusieurs éléments : signes cliniques d'insuffisance cardiaque, un taux élevé de peptide natriurétique et des signes radiologiques échocardiographiques hémodynamiques.",La capacité du cœur à délivrer un débit suffisant aux besoins de l'organisme et/ou à fonctionner avec des pressions de remplissage normales.,Un problème cardiaque qui ne peut être corrigé par la chirurgie.,Une condition où le cœur ne peut pas pomper suffisamment de sang vers le reste du corps.,"Un syndrome clinique avec des symptômes passés ou présents d'IC causés par une anomalie cardiaque structurelle et/ou fonctionnelle et confirmé par plusieurs éléments : signes cliniques d'insuffisance cardiaque, un taux élevé de peptide natriurétique et des signes radiologiques échocardiographiques hémodynamiques."
OIC-234-03-A,Quel est le mécanisme physiopathologique de l'œdème aigu pulmonaire cardiogénique?,Insuffisance cardiaque gauche responsable d'un œdème pulmonaire transsudatif,Insuffisance cardiaque droite responsable d'un œdème pulmonaire transsudatif,Insuffisance cardiaque gauche responsable d'une édition interstitielle de l'œdème pulmonaire,Insuffisance cardiaque droite responsable d'une édition interstitielle de l'œdème pulmonaire,Insuffisance cardiaque gauche responsable d'un œdème pulmonaire transsudatif
OIC-234-04-A,Quelle est la définition du choc cardiogénique?,Défaillance aiguë et sévère de la fonction cardiaque entraînant une altération profonde de la perfusion périphérique et une anoxie tissulaire,Un état d'hypotension artérielle avec un débit urinaire inférieur à 30 mL/h,Une chute du débit cardiaque entraînant une hypoperfusion et une anoxie tissulaire,Le choc cardiogénique est causé par l'infarctus du myocarde,Défaillance aiguë et sévère de la fonction cardiaque entraînant une altération profonde de la perfusion périphérique et une anoxie tissulaire
OIC-234-05-B,Quelle est la principale cause d'insuffisance cardiaque droite dans le cadre d'une insuffisance cardiaque globale?,Insuffisance cardiaque gauche,Hypertension pulmonaire,Hypertension veineuse systémique,Remodelage ventriculaire gauche,Insuffisance cardiaque gauche
OIC-234-06-B,Quelle est la différence entre un œdème pulmonaire cardiogénique et un œdème pulmonaire lésionnel?,"Un œdème pulmonaire cardiogénique se caractérise par une élévation brutale ou chronique de la pression capillaire pulmonaire, alors qu'un œdème pulmonaire lésionnel est lié à une augmentation de la perméabilité par altération de la membrane alvéolo-capillaire.","Un œdème pulmonaire cardiogénique se manifeste par un syndrome d'insuffisance respiratoire aigüe, tandis qu'un œdème pulmonaire lésionnel peut évoluer vers une fibrose interstitielle.","Le liquide d’œdème dans un œdème pulmonaire cardiogénique a une très forte teneur en protides proche de celle du plasma, tandis que dans un œdème lésionnel, il n'est pas aussi riche en protides.","Un œdème pulmonaire cardiogénique est responsable d'une hypoxémie, alors qu'un œdème pulmonaire lésionnel ne la provoque pas.",A
OIC-234-07-A,Quels sont les principaux diagnostics différentiels de l'insuffisance cardiaque aiguë ?,Pneumopathie aiguë,Insuffisance respiratoire décompensée,Crise d'asthme,Exacerbation de BPCO,Pneumopathie aiguë
OIC-234-08-B,Quel est le paramètre échocardiographique le plus utilisé pour caractériser la fonction systolique du ventricule gauche?,Le débit cardiaque,La pression de choc,L'amplitude des contractions ventriculaires,La fraction d'éjection (FE),La fraction d'éjection (FE)
OIC-234-09-A,Quels sont les principaux signes fonctionnels d'une insuffisance cardiaque?,Dyspnée,Palpitations,Troubles digestifs,Signes neurologiques,A
OIC-234-10-B,Quels sont les principaux examens complémentaires à réaliser dans le bilan d'une insuffisance cardiaque?,"ECG, échocardiographie transthoracique et coronarographie","Échocardiographie transthoracique, scintigraphie osseuse et cathétérisme droit","ECG, IRM cardiaque et scintigraphie de perfusion au thallium couplée à une épreuve d'effort","Coronarographie, coroscanner et scintigraphie aux biphosphonates","ECG, échocardiographie transthoracique et coronarographie"
OIC-234-11-A,Quels sont les examens complémentaires à réaliser en urgence dans l’OAP cardiogénique ?,Bilan sanguin,Troponine surtout en cas de douleur thoracique et modifications ECG,BNP ou NT Pro BNP,ECG,Echographie cardiaque
OIC-234-12-B,Quel est l'intérêt et quelles sont les limites du BNP ou du NT proBNP pour le diagnostic et le suivi de l'insuffisance cardiaque ?,Le BNP et le NT pro BNP ne sont pas utiles pour le diagnostic et le suivi de l'insuffisance cardiaque.,Le BNP est utile mais le NT pro BNP n'est pas utile pour le diagnostic et le suivi de l'insuffisance cardiaque.,"Les deux, BNP et NT pro BNP, sont utiles pour le diagnostic et le suivi de l'insuffisance cardiaque.",Aucun des deux ne sont utiles pour le diagnostic et le suivi de l'insuffisance cardiaque.,"Les deux, BNP et NT pro BNP, sont utiles pour le diagnostic et le suivi de l'insuffisance cardiaque."
OIC-234-13-B,Quels sont les paramètres que permet l'échocardiographie transthoracique pour diagnostiquer et définir le type d'insuffisance cardiaque?,Mesure du diamètre ventriculaire gauche,Recherche de valvulopathies,Evaluation de la géométrie et de la fonction du ventricule droit,Evaluation hémodynamique,Toutes les options sont correctes
OIC-234-14-A,Quels sont les signes radiologiques d'une stase pulmonaire dans un adulte?,Opacités alvéolaires de distribution périhilaire quand la survenue est brutale,Redistribution vasculaire des bases vers les sommets,Lignes horizontales sous-pleurales de Kerley,Opacités floconneuses confluentes des bases,Opacités alvéolaires de distribution périhilaire quand la survenue est brutale
OIC-234-15-A,Quel est l'exemple le plus représentatif d'une radiographie thoracique d'un patient présentant une insuffisance cardiaque de l'adulte ?,Une radiographie thoracique normale.,Un cliché thoracique montrant des signes d’œdème aigu du poumon.,Un cliché thoracique présentant une dilatation ventriculaire gauche isolée.,Un cliché thoracique avec un signe de sténose pulmonaire.,Un cliché thoracique montrant des signes d’œdème aigu du poumon.
OIC-234-16-A,Quelles sont les principales étiologies de l'insuffisance cardiaque gauche?,Cardiopathies ischémiques,HTA,Valvulopathies,Cardiomyopathies,Cardiopathies ischémiques
OIC-234-17-A,Quel est le diagnostic différentiel d'une insuffisance cardiaque de l'adulte?,Insuffisance respiratoire,Infarctus du myocarde,Hypertension artérielle pulmonaire,Insuffisance rénale aiguë,Infarctus du myocarde
OIC-234-18-A,Quel est le traitement symptomatique pour une crise d'angine de poitrine?,Oxygénothérapie,Traitement anti-arythmique,Traitement vasodilateur,Traitement bronchodilateur,Oxygénothérapie
OIC-234-19-A,"La prise en charge de l'insuffisance cardiaque chez l'adulte comprend plusieurs mesures. Parmi celles-ci, la mesure hygiéno-dietétique consiste à bannir la salière de la table et à ne plus saler l'eau de cuisson des aliments, en remettant au patient une liste détaillée d'aliments contenant le plus de sel. Cette mesure vise à réduire les apports en sel de 5 à 6 g par jour. Une autre mesure consiste à éviter l'alcool et le tabac, notamment en cas de cardiomyopathie dilatée supposée toxique, avec un arrêt du tabac. L'activité physique est encouragée, avec une activité régulière et prolongée, comme la marche, sans essouffler le malade. La surveillance du poids et des symptômes comprend une pesée régulière pour permettre au patient de consulter rapidement en cas de prise de poids supérieure à 2 à 3 kg. Pour la réinsertion professionnelle, il est important d'éviter les efforts physiques importants et de trouver un emploi adapté ou demander l'invalidité. Les vaccinations contre la grippe et le pneumococcus sont également recommandées. La mise en place d'un suivi ambulatoire dans un réseau de soins avec éducation thérapeutique, télésurveillance et réadaptation cardiaque complète la prise en charge de l'insuffisance cardiaque chez l'adulte.","La mesure hygiéno-dietétique consiste à bannir la salière de la table et à ne plus saler l'eau de cuisson des aliments, en remettant au patient une liste détaillée d'aliments contenant le plus de sel. Cette mesure vise à réduire les apports en sel de 5 à 6 g par jour.","Une autre mesure consiste à éviter l'alcool et le tabac, notamment en cas de cardiomyopathie dilatée supposée toxique, avec un arrêt du tabac.","L'activité physique est encouragée, avec une activité régulière et prolongée, comme la marche, sans essouffler le malade.",La surveillance du poids et des symptômes comprend une pesée régulière pour permettre au patient de consulter rapidement en cas de prise de poids supérieure à 2 à 3 kg.,"La mesure hygiéno-dietétique consiste à bannir la salière de la table et à ne plus saler l'eau de cuisson des aliments, en remettant au patient une liste détaillée d'aliments contenant le plus de sel. Cette mesure vise à réduire les apports en sel de 5 à 6 g par jour."
OIC-234-20-A,Quels sont les principaux traitements de l'insuffisance cardiaque avec fraction d'éjection altérée?,Inhibiteurs de l'enzyme de conversion,Bêtabloquants,Antagonistes des récepteurs de l’aldostérone,Glifozines,Tous les options sont correctes
OIC-234-21-B,Quelles sont les principales complications de l’insuffisance cardiaque (IC) et comment sont-elles gérées?,"Les principales complications de l’IC sont la mort subite secondaire à des troubles du rythme ventriculaire, l'embolie pulmonaire et l'insuffisance rénale terminale.","Les principales complications de l’IC ne comprennent pas la mort subite secondaire à des troubles du rythme ventriculaire, mais incluent l'embolie pulmonaire et l'insuffisance rénale terminale.","Les principales complications de l’IC ne comprennent pas l'embolie pulmonaire, mais incluent la mort subite secondaire à des troubles du rythme ventriculaire et l'insuffisance rénale terminale.","Les principales complications de l’IC ne comprennent pas l'insuffisance rénale terminale, mais incluent la mort subite secondaire à des troubles du rythme ventriculaire et l'embolie pulmonaire.",A
OIC-234-22-A,Quels sont les critères de diagnostic d'un choc cardiogénique?,"Hypotension artérielle, oligurie et troubles de conscience","Hypertension artérielle, hyperuricémie et troubles de conscience","Hypotension artérielle, hypoperfusion périphérique et troubles de conscience","Hypertension artérielle, hyperkaliémie et troubles de conscience","Hypotension artérielle, hypoperfusion périphérique et troubles de conscience"
OIC-234-23-B,Quels sont les principes du traitement du choc cardiogénique?,Infiltrer le ventricule gauche avec un cathéter pour augmenter la pression artérielle,Utiliser une sonde urinaire pour évaluer l'état hydrique du patient,Administer des inotropes et catécholamine en cas de choc cardiogénique,Effectuer une revascularisation si infarctus,Administer des inotropes et catécholamine en cas de choc cardiogénique
OIC-235-01-A,Quelle est la définition d'une péricardite aiguë?,* Inflammation aiguë des feuillets du péricarde,* Accompagnée d’un épanchement péricardique ou non (« péricardite sèche »),* Si associée à une élévation de la troponine = myo-péricardite,Toutes les réponses précédentes sont correctes.,Inflammation aiguë des feuillets du péricarde
OIC-235-02-A,Quels sont les signes cliniques d'une péricardite aiguë?,"Fièvre, myalgies et asthénie","Douleur thoracique, dyspnée, dysphonie et hoquet","Frottement péricardique, signes d'épanchement pleural",Modifications ECG typiques (Stade I ou sous-PQ),"Fièvre, myalgies et asthénie"
OIC-235-03-A,Quels sont les signes cliniques d'une péricardite aiguë?,"Turgescence jugulaire, reflux hépato jugulaire","Tachycardie et PAS<90mmHg, marbrures, extrémités froides",Pouls paradoxal (îde la PAS de 10 mmHg à l’inspiration),Fièvre > 38°,"Turgescence jugulaire, reflux hépato jugulaire; Tachycardie et PAS<90mmHg, marbrures, extrémités froides; Pouls paradoxal (îde la PAS de 10 mmHg à l’inspiration); Fièvre > 38°"
OIC-235-04-A,Quelle est la durée typique de l'évolution des signes ECG dans une péricardite aiguë ? A) 1 semaine B) 2 semaines C) 3 semaines D) 4 semaines,A) 1 semaine,B) 2 semaines,C) 3 semaines,D) 4 semaines,B) 2 semaines
OIC-235-05-B,Quelle est l'intérêt diagnostique d'une ponction péricardique?,Distinguer entre une pericardite infectieuse et une insuffisance cardiaque,Déterminer la cause exacte d'un épanchement péricardique,Confirmer le diagnostic de tumeur pérituberculaire,Évaluer l'efficacité du traitement en cours,Déterminer la cause exacte d'un épanchement péricardique
OIC-235-06-B,Quelle est l'objectif de l'imagerie dans l'exploration d'une péricardite aiguë?,"Radiographie thoracique : élargissement de la silouette cardiaque, calcification péricardique, anomalies du médiastin, anomalies parenchymateuses pulmonaires","Echocardiographie : absence ou présence d'un épanchement péricardique, anomalies de la cinétique cardiaque, anomalies de l'aorte intiale",Tous les deux,Aucun des deux,Tous les deux
OIC-235-07-A,"Le signe ECG typique d'une péricardite aiguë est : A) Décalage de ST isole, B) Décalage de ST diffus, C) Décalage de ST concave vers le haut sans miroir ni onde Q, D) Sous décalage PQ",Décalage de ST isole,Décalage de ST diffus,Décalage de ST concave vers le haut sans miroir ni onde Q,Sous décalage PQ,Décalage de ST diffus
OIC-235-08-A,Quel est le critère qui oriente vers une étiologie spécifique dans un cas de péricardite aiguë ?,Fièvre >38°,Durée des symptômes,Épanchement péricardique abondant,Résistance au traitement anti-inflammatoire,Épanchement péricardique abondant
OIC-235-09-A,Quelle est l'étiologie la plus fréquente de la péricardite aiguë ?,Bactérienne,Virale,Auto-immune,Tumorale,Bactérienne
OIC-235-10-B,Quelles sont les étiologies d'une péricardite au cours d'un infarctus du myocarde?,Hémopéricarde,Effusion,Syndrome de Dressler,Tous les trois,D) Tous les trois
OIC-235-11-B,Quelles sont les étiologies rares de la péricardite aiguë?,Hypothyroïdie,Médicamenteuses,Amylose cardiaque,Dissection aortique,Toutes les réponses sont correctes
OIC-235-12-A,"Le traitement d’une péricardite aiguë bénigne comprend : A) Repos, arrêt du sport pendant une durée minimum jusqu’à la résolution des symptômes après normalisation de la CRP, ECG et ETT (en pratique 3 mois), B) Double traitement anti inflammatoire avec aspirine ou ibuprofène et colchicine, C) Association à une protection gastrique, D) Pas de corticoïdes en première intention, E) Evolution le plus souvent favorable.","Repos, arrêt du sport (durée minimum jusqu’à la résolution des symptômes après normalisation de la CRP, ECG et ETT : en pratique 3 mois)",Double traitement anti inflammatoire : AINS (aspirine ou ibuprofène) et colchicine,Association à une protection gastrique,Pas de corticoïdes en première intention,B) Double traitement anti inflammatoire avec aspirine ou ibuprofène et colchicine
OIC-235-13-A,Quels sont les principaux risques d'une péricardite aiguë?,Myocardite,Tamponnade,Récidive,Constriction péricardique,Myocardite
OIC-235-14-B,Quelles sont les principales causes de tamponnade?,Purulente,Néoplasique,Tuberculeuse,Traumatique (car installation brutale),"Purulente, Néoplasique, Tuberculeuse, Traumatique (car installation brutale)"
OIC-235-15-A,Quelle est la cause principale de tamponnade ?,Infarctus du myocarde,Hémopericardium,Péricardite aiguë,Insuffisance cardiaque droite chronique,B) Hémopericardium
OIC-237-01-A,Quelle est la définition des palpitations ?,"Une sensation de perception anormale de battements cardiaques, normaux ou anormaux, décrite comme 'le cœur se débattant' dans la poitrine.",Une sensation que le cœur bat trop fort.,Une sensation que le cœur bat trop vite ou irrégulièrement (tachycardie).,Elles peuvent être ressenties en latéro-cervical le long des axes carotides.,"Une sensation de perception anormale de battements cardiaques, normaux ou anormaux, décrite comme 'le cœur se débattant' dans la poitrine."
OIC-237-02-A,Quels sont les éléments de gravité dans un cas de tachycardie ?,Le terrain,Mauvaise tolérance hémodynamique,Tachycardie ventriculaire,Les trois options précédentes,D
OIC-237-03-A,Le parallélisme électro-clinique est-il un élément essentiel pour établir un diagnostic de certitude en cas de palpitations?,"Oui, il est indispensable","Non, il n'est pas nécessaire",Seulement dans certains cas,Il n'a aucune importance,"Oui, il est indispensable"
OIC-237-04-B,Quel type d'examen complémentaire est indiqué en cas de palpitations fréquentes (>1/semaine)?,Biologie de première intention,Échocardiographie,Épreuve d'effort,Enregistrement ambulatoire de l'ECG,D. Enregistrement ambulatoire de l'ECG
OIC-237-05-A,Quelles sont les caractéristiques des extrasystoles ventriculaires malignes?,Fréquence,Répétitivité,Couplage court/long/variable,Morphologie,Distracteur incorrect
OIC-237-06-A,Quelle est la cause principale d'une tachycardie sinusale inappropriée ?,Insuffisance cardiaque,Embole pulmonaire,Épanchement péricardique,Fièvre,Fièvre
OIC-237-07-A,Quelle est l'interprétation clinique et électrocardiographique d'une tachycardie jonctionnelle?,"Maladie de Bouvere, palpitations, début et fin brutale, durée variable, sensation de tachycardie régulière, polyurie post critique, arrêtées par les manœuvres vagales ou l' injection d'adénosine",Tachycardie régulière à QRS fins avec activité atriale rétrograde négative dans les dérivations inférieures,Tracé normal ou révélateur d'une pré excitation ventriculaire (syndrome de Wolff-Parkinson-White),Tachycardie non régulière avec QRS alargés et activité atriale rétrograde visible,"Maladie de Bouvere, palpitations, début et fin brutale, durée variable, sensation de tachycardie régulière, polyurie post critique, arrêtées par les manœuvres vagales ou l' injection d'adénosine"
OIC-237-08-B,Quel est le signe ECG caractéristique d'un Wolff Parkinson White ?,Ondes P pulmonaires multiples,Ondes QRS complexes doubles,Ondes T inversées,Onde delta,D. Onde delta
OIC-237-09-B,Quand un diagnostic de névrose cardiaque est-il à évoquer ?,Le patient présente des signes de dépression et une pathologie extracardiaque identifiée.,Le patient présente des signes d'anxiété et une pathologie extracardiaque identifiée.,"Les examens cliniques et paracliniques sont tous normaux, mais il n'y a pas de pathologie cardiaque identifiée.",Le patient présente des signes de dépression et une pathologie cardiaque identifiée.,"C. Les examens cliniques et paracliniques sont tous normaux, mais il n'y a pas de pathologie cardiaque identifiée."
OIC-239-01-A,Quels sont les acrosyndromes vasculaires et leurs caractéristiques ?,Phénomène de Raynaud (PR),Erythermalgie,Acrocyanose,Engelures,Phénomène de Raynaud (PR)
OIC-239-02-A,Quelle est la principale caractéristique clinique des acrosyndromes?,Phénomène de Raynaud,Érythermalgie,Acrocyanose,Engelures,Phénomène de Raynaud
OIC-239-03-A,Quels sont les éléments cliniques permettant de suspecter un Raynaud secondaire?,Un pouls normal,Exposition professionnelle aux engins vibrants ou aux traumatismes répétitifs des mains,Effets iatrogènes d'un traitement médicamenteux ou d'un toxique,Des éléments cliniques évocateurs de sclérodermie,Exposition professionnelle aux engins vibrants ou aux traumatismes répétitifs des mains
OIC-239-04-B,Quels sont les signes dermatologiques de la sclérodermie systémique ?,"Calcinose sous cutanée, télangiectasies et ulcérations digitales","Sclérose cutanée prédominant aux extrémités (sclérodactylie), étendue au tronc et pouvant toucher le visage","Doigts boudinés, sclérodactylie et télangiectasies","Hippocratisme digital, doigts boudinés et ulcérations digitales","B: Sclérose cutanée prédominant aux extrémités (sclérodactylie), étendue au tronc et pouvant toucher le visage"
OIC-239-05-B,Le test d’Allen est-il un outil fiable pour évaluer la vascularisation digitale et le fonctionnement des arcades palmaires ? ,"Oui, il est fiable.","Non, il n'est pas fiable.","Peut être, mais seulement dans certains cas.",Je ne sais pas.,"Oui, il est fiable."
OIC-239-06-A,"Quelle est la phase du phénomène de Raynaud qui présente une coloration bleutée des doigts et des lèvres, suivie d'une pâleur généralisée ?",Phase vasculaire,Phase trophique,Phase cyanosique,Phase blanche,Phase cyanosique
OIC-239-07-B,Quelle est la maladie dont les symptomes sont representes dans l'image ci-dessus?,Phenomene de Raynaud,Erythermalgie,Acrocyanose,Ischemie digitale,Engelures
OIC-239-08-B,La manœuvre d’Allen est utilisée dans le traitement des acrosyndromes.,"Oui, elle est efficace pour traiter les phénomènes de Raynaud.","Non, elle n'est pas adaptée aux traitements des acrosyndromes.","Elle ne sert qu'à diagnostiquer les acrosyndromes, mais pas à les traiter.",La manœuvre d’Allen est utilisée pour traiter l'érythermalgie.,"Oui, elle est efficace pour traiter les phénomènes de Raynaud."
OIC-239-09-B,Quand une capillaroscopie est-elle indiquée dans le cadre du phénomène de Raynaud ?,Seul en cas de PR primaire,En cas de PR primaire ou secondaire avec apparition récente ou aggravation récente,En cas d'ischémie digitale,Toujours dans les deux cas,En cas de PR primaire ou secondaire avec apparition récente ou aggravation récente
OIC-242-01-A,Quelle est la définition de l'hyperthyroïdie et de la thyrotoxicose?,"Hyperthyroïdie: excès de production d'hormones thyroïdiennes liées à l'hyperfonctionnement de la glande thyroïde. Thyrotoxicose: conséquences de l'excès d'hormones thyroïdiennes au niveau des tissus cibles, quelle que soit sa cause.","Hyperthyroïdie: excès de production d'hormones thyroïdiennes liées à une hyperfonctionnement de la glande thyroïde. Thyrotoxicose: conséquences de l'excès d'hormones thyroïdiennes au niveau des tissus cibles, quelle que soit sa cause.","Hyperthyroïdie: excès de production d'hormones thyroïdiennes liées à une hyperfonctionnement de la glande thyroïde. Thyrotoxicose: conséquences de l'excès d'hormones thyroïdiennes au niveau des tissus cibles, quelle que soit sa cause.","Hyperthyroïdie: excès de production d'hormones thyroïdiennes liées à une hyperfonctionnement de la glande thyroïde. Thyrotoxicose: conséquences de l'excès d'hormones thyroïdiennes au niveau des tissus cibles, quelle que soit sa cause.","Hyperthyroïdie: excès de production d’hormones thyroïdiennes liées à l’hyperfonctionnement de la glande thyroïde. Thyrotoxicose: conséquences de l’excès d’hormones thyroïdiennes au niveau des tissus cibles, quelle que soit sa cause."
OIC-242-02-B,Quelle est la prévalence de l'hyperthyroïdie?,"Prévalence élevée mais variable selon les pays (0,2 à 1,9 % toutes causes confondues).",Prévalence modérée et stable dans tous les pays.,Prévalence faible et influencée par la région géographique.,Prévalence inconnue car impossible à déterminer.,"Prévalence élevée mais variable selon les pays (0,2 à 1,9 % toutes causes confondues)."
OIC-242-03-A,"Quels sont les signes cliniques d'une hyperthyroïdie, notamment les signes ophtalmologiques ?",La rétraction de la paupière supérieure découvrant l'iris,L'exophtalmie,L'œdème palpébral,Tous les trois signes,Tous les trois signes
OIC-242-04-A,Quels sont les signes cliniques évocateurs d'une crise aiguë thyrotoxique ? ,"Hyperstimulation, agitation, tremblements, diaphorèse","Palpitations, tachycardie, sueurs froides, cyanose","Confusion, mydriasis, photophobie, diarrhée","Hyperglycémie, polyurie, xanthomatoses, exophtalmosé","Palpitations, tachycardie, sueurs froides, cyanose"
OIC-242-05-B,Quelles sont les complications possibles de l’ophtalmopathie dysthyroïdienne?,Neuropathie optique compressive,Kératite d’exposition,Inocclusion palpébrale,Diplopie,Neuropathie optique compressive
OIC-242-06-A,Quel est le dosage de TSH dans une hyperthyroïdie ?,TSH normal,TSH basse,TSH élevée,TSH nul,option_b
OIC-242-07-B,"Le diagnostic de maladie de Basedow est fondé sur la mesure des anticorps anti-récepteurs de la TSH. Un titre élevé permet d’affirmer le diagnostic. Les signes biologiques non spécifiques incluent une diminution du cholestérol et des triglycérides, une discrète hyperglycémie (parfois), aggravation d’un diabète associé, élévation des enzymes hépatiques et leuconeutropénie avec lymphocytose relative. ",Une diminution du cholestérol et des triglycérides,Une discrète hyperglycémie (parfois),Aggravation d’un diabète associé,Leuconeutropénie avec lymphocytose relative,Une diminution du cholestérol et des triglycérides
OIC-242-08-B,Quelles sont les indications de la scintigraphie thyroïdienne et de l'échographie dans la démarche étiologique des hyperthyroïdies?,La scintigraphie thyroïdienne est indiquée pour confirmer le diagnostic d'une hyperthyroïdie.,L'échographie est utilisée dans les cas de goitre diffus pour différencier une hyperplasie nodulaire d'une adenopathie lymphoïde.,"Les deux, scintigraphie thyroïdienne et échographie, sont indiquées pour confirmer le diagnostic d'une hyperthyroïdie.",Aucune des deux ne sont indiquées dans la démarche étiologique des hyperthyroïdies.,"Les deux, scintigraphie thyroïdienne et échographie, sont indiquées pour confirmer le diagnostic d'une hyperthyroïdie."
OIC-242-09-A,Quelles sont les trois étiologies les plus fréquentes d'hyperthyroïdie?,La maladie de Basedow (auto-immune),Le goitre multinodulaire toxique,L’adénome toxique,Une tumeur thyroïdienne toxique,La maladie de Basedow (auto-immune)
OIC-242-10-A,Quels sont les critères diagnostiques d'une maladie de Basedow ?,Dosage plasmatique positif des anticorps anti-THS,Hyperthyroidie cliniquement évidente et orbitopathie confirmée,Scintigraphie thyroïdienne avec hyperfixation diffuse et homogène de l'isotope,Echographie-doppler thyroïdienne montrant une glande hypoéchogène hypervascularisée,"Dosage plasmatique positif des anticorps anti-THS, Hyperthyroidie cliniquement évidente et orbitopathie confirmée, Scintigraphie thyroïdienne avec hyperfixation diffuse et homogène de l'isotope, Echographie-doppler thyroïdienne montrant une glande hypoéchogène hypervascularisée"
OIC-242-11-A,Quels sont les critères diagnostiques d'un nodule hypersecrétant ou d'un goitre multinodulaire toxique?,Un syndrome de thyrotoxicose d'intensité variable,Une hyperthyroidie biologique périphérique avec TSH basse,Un nodule ou plusieurs nodules à l'échographie thyroïdienne,Une plage unique hyperfixante avec extinction du parenchyme thyroidien sain ou une alternance de plages de fixation chaudes et froides dites en damier,Une plage unique hyperfixante avec extinction du parenchyme thyroidien sain ou une alternance de plages de fixation chaudes et froides dites en damier
OIC-242-12-B,Quels sont les médicaments susceptibles de provoquer une hyperthyroïdie iatrogène?,Amiodarone,Contrastes iodés,Interféron anti-cancéreux,Thyroïdienne,"Amiodarone, Contrastes iodés, Interféron anti-cancéreux, Thyroïdienne"
OIC-242-13-B,Quels sont les traitements symptomatiques et spécifiques de l'hyperthyroïdie ?,"Les traitements symptomatiques incluent le repos, les bétabloquants non cardiosélectifs pour réduire la tachycardie et les tremblements des extremités, et les sédatifs ou benzodiazépines en cas de troubles du comportement de type agitation ou en cas d'insomnie invalidante.","Les traitements spécifiques de l'hyperthyroïdie incluent les antithyroidiens de synthèse, la thyroïdectomie totale responsable d'une hypothyroïdie avec substitution définitive, et le traitement par iode radioactif en l'absence de contre-indication.","Le choix du traitement dépend de la cause de l'hyperthyroïdie (Basedow, goitre multinodulaire toxique, adénome toxique ou hyperthyroïdie induite par surcharge iodée ; thyroïdite) et du contexte (âge du patient, demande du patient, désir de grossesse, tolérance des médicaments).",La maladie de Basedow peut survenir sous forme d'un épisode unique mais le risque de récidive est de 40 à 60% après un traitement bien conduit.,"Les traitements symptomatiques incluent le repos, les bétabloquants non cardiosélectifs pour réduire la tachycardie et les tremblements des extremités, et les sédatifs ou benzodiazépines en cas de troubles du comportement de type agitation ou en cas d'insomnie invalidante."
OIC-245-01-A,Quelle est la définition de l'insuffisance surrénale chez l'enfant et chez l'adulte?,Maladie résultant d'un déficit chronique en hormone,Maladie résultant d'un déficit aigu en hormone,Maladie résultant d'une insuffisance de production de cortisol par les glandes surrénales pouvant être associée à un déficit de production d’aldostérone et d’androgène surrénalien.,Maladie résultant d'un déficit en cortisol d'origine surrénalienne associé à un déficit en aldostérone et androgènes surrénaliens,c
OIC-245-02-A,Quelle est la différence entre l'insuffisance surrénale primaire et secondaire?,Hyperpigmentation,Hypoglycémie,Hypotension artérielle,Hyperkaliémie,A
OIC-245-03-A,Quels sont les signes cliniques de l'insuffisance surrénale primaire?,"Amaigrissement, asthénie et anorexie",Hypotension artérielle initialement orthostatique avec tachycardie,"Nausées, vomissements, diarrhée et douleurs abdominales",Mélanodermie et taches ardoisées sur la muqueuse buccale,"Amaigrissement, asthénie et anorexie"
OIC-245-04-A,Quels sont les signes cliniques et biologiques de l'insuffisance corticotrope?,"Asthénie, pas de mélanodermie","Pâleur, asthénie","Hyperkaliémie, hyponatrémie","Taches brunes sur la peau, pâleur","Asthénie, pas de mélanodermie"
OIC-245-05-A,"Le diagnostic de certitude d'une insuffisance surrénalienne repose sur le dosage du cortisol à 8h, heure où le cortisol est le plus élevé. Une cortisolémie basse (<50 ng/ml ou 138 nmol/l) indique une insuffisance surrénale. Une cortisolémie supérieure à 180 ng/ml (500 nmol/l) exclut l'insuffisance surrénale. Entre ces deux valeurs, un test de stimulation au synACTHène est réalisé. Si le cortisol 60 minutes après l'injection est inférieur à 180 ng/ml (500 nmol/l), cela indique une insuffisance surrénale.",Le dosage du cortisol à 8h est un élément essentiel pour le diagnostic de certitude d'une insuffisance surrénalienne.,La cortisolémie basse (<50 ng/ml ou 138 nmol/l) ne suffit pas seule pour diagnostiquer une insuffisance surrénale.,Le test au synACTHène est le seul test de stimulation utilisé pour confirmer l'insuffisance surrénale.,Une cortisolémie supérieure à 180 ng/ml (500 nmol/l) ne peut pas exclure complètement une insuffisance surrénale.,Le dosage du cortisol à 8h est un élément essentiel pour le diagnostic de certitude d'une insuffisance surrénalienne.
OIC-245-06-B,"Quand le diagnostic de l'insuffisance surrénalienne est posé, quel paramètre hormonal permet de faire le diagnostic étiologique de l'insuffisance surrénale?",TSH,LDH,ACTH,Cortisol,c) ACTH
OIC-245-07-A,"Le synACTHène ® (tétracosactide) explore l’insuffisance surrénale primaire et de manière indirecte la possibilité d’une insuffisance corticotrope en testant l’atrophie surrénalienne résultante du manque de stimulation du cortex surrénalien par l’ACTH. Le test au synacthène consiste en un dosage du cortisol avant le test, une administration IM ou IV d’une ampoule de 250 µg de tetracosactide et un dosage de la cortisolémie à 1h (+/- 30 min). La réponse au test est évaluée par le pic de cortisol : - < 180 ng/ml (500 nmol/l) = absence de réponse = insuffisance surrénale, quelle que soit l’étiologie. - ≥ 180 ng/ml (500 nmol/l) = réponse normale = insuffisance surrénale éliminée SAUF en cas d’insuffisance corticotrope d’installation récente ou partielle.",Le synACTHène ® explore l’insuffisance surrénale primaire et de manière indirecte la possibilité d’une insuffisance corticotrope en testant l’atrophie surrénalienne résultante du manque de stimulation du cortex surrénalien par l’ACTH.,Le synACTHène ® est un analogue de l’ACTH utilisé pour tester l’insuffisance surrénale et la possibilité d’une insuffisance corticotrope.,"Le test au synacthène consiste en un dosage du cortisol avant le test, une administration IM ou IV d’une ampoule de 250 µg de tetracosactide et un dosage de la cortisolémie à 1h (+/- 30 min).","La réponse au test est évaluée par le pic de cortisol : - < 180 ng/ml (500 nmol/l) = absence de réponse = insuffisance surrénale, quelle que soit l’étiologie. - ≥ 180 ng/ml (500 nmol/l) = réponse normale = insuffisance surrénale éliminée SAUF en cas d’insuffisance corticotrope d’installation récente ou partielle.",Le synACTHène ® explore l’insuffisance surrénale primaire et de manière indirecte la possibilité d’une insuffisance corticotrope en testant l’atrophie surrénalienne résultante du manque de stimulation du cortex surrénalien par l’ACTH.
OIC-245-08-B,Quelles sont les principales causes d'insuffisance surrénale de l'adulte?,Rétraction corticale auto-immune,Tuberculose bilatérale des surrénales,Iatrogènes,Lésions surrénaliennes bilatérales,Rétraction corticale auto-immune
OIC-245-09-A,Quelles sont les deux principales causes d'insuffisance corticotrope?,Interruption d'une corticothérapie prolongée,Tumeurs de la région hypothalamo-hypophysaire,Insuffisance surrénale primaire,Maladie auto-immune de la glande surrénale,Interruption d'une corticothérapie prolongée et tumeurs de la région hypothalamo-hypophysaire
OIC-245-10-B,Quelles sont les autres causes d’insuffisance corticotrope?,Atteinte auto-immune (hypophysite),Granulomatose (sarcoïdose en particulier),Traumatisme,Chirurgie hypophysaire,Atteinte auto-immune (hypophysite) et Granulomatose (sarcoïdose en particulier)
OIC-245-11-B,Quelle est la bioéquivalence entre Dexaméthasone et Prednisolone?,20 mg,5 mg,1 mg,"0,75 mg",5 mg
OIC-245-12-A,Quelle est la première ligne thérapeutique pour une insuffisance surrénale aiguë ?,"Administration de 100 mg d'hydrocortisone IV ou IM ou à défaut en SC au domicile du patient, puis transport médicalisé en milieu hospitalier.",Transfert en urgence en réanimation à l'hôpital.,"Corriger l'hémodynamique et les troubles hydroélectrolytiques, notamment par le remplissage avec NaCl 0,9 % pour compenser la déshydratation, sans supplémentation potassique car hyperkaliémie (++), et administration de glucosé pour compenser l'hypoglycémie.","Hydrocortisone : après une dose initiale de 100 mg en IV ou IM (ou, à défaut, en SC), puis 100 mg par 24 heures en perfusion IV continue par seringue électrique (à défaut 50 mg en IV ou IM toutes les 6 heures).","Administration de 100 mg d'hydrocortisone IV ou IM ou à défaut en SC au domicile du patient, puis transport médicalisé en milieu hospitalier."
OIC-245-13-B,Quel est le traitement de l'insuffisance surrénale chez l'enfant?,Hydrocortisone en 2 prises par jour,Fludrocortisone en 1 prise par jour,Hydrocortisone en 3 prises par jour,Fludrocortisone en 2 prises par jour,Hydrocortisone en 2 prises par jour
OIC-245-14-B,La surveillance du traitement de l'insuffisance surrénale est essentiellement clinique. Quels sont les signes de sous-dosage et de surdosage en hydrocortisone et/ou fludrocortisone ?,"fatigue, hypotension orthostatique, gonflement et rougeur du visage, œdème des membres inférieurs, prise de poids, HTA","hypertension, tachycardie, diabète sucré, hyperkaliémie, œdème des membres supérieurs, amaigrissement","hyperglycémie, hypokaliémie, asthénie, hypotension orthostatique, gonflement et rougeur du visage, œdème des membres inférieurs","hypertension, tachycardie, diabète sucré, hyperkaliémie, amaigrissement, œdème des membres supérieurs",a
OIC-245-15-A,"L'insuffisance surrénale aigue est une pathologie vitale, une urgence extrême.",Une pathologie non vitale,Une pathologie moins urgente,Une pathologie qui n'est pas critique en termes d'urgence,Une pathologie dont l'urgence dépend de la gravité du cas clinique,"Une pathologie vitale, une urgence extrême"
OIC-245-16-A,Quels sont les principaux signes cliniques et biologiques de l'insuffisance surrénale chez l'enfant ?,"Pli cutané, hypotension artérielle, crises convulsives secondaires à l'hyponatrémie et à l'hypoglycémie, troubles digestifs (anorexie, nausées, vomissements, douleurs abdominales, diarrhée), douleurs diffuses, fièvre.","Hémoconcentration, insuffisance rénale fonctionnelle, hyponatrémie, hyperkaliémie (carence en aldostérone), hypoglycémie, acidose métabolique, anémie, hyperlymphocytose, hyperéosinophilie, natriurèse conservée.","Pli cutané, hypotension artérielle, troubles digestifs (anorexie, nausées, vomissements, douleurs abdominales, diarrhée), douleurs diffuses, fièvre.","Hémoconcentration, insuffisance rénale fonctionnelle, hyponatrémie, hyperkaliémie (carence en aldostérone), hypoglycémie, acidose métabolique, anémie, hyperlymphocytose, hyperéosinophilie.","Hémoconcentration, insuffisance rénale fonctionnelle, hyponatrémie, hyperkaliémie (carence en aldostérone), hypoglycémie, acidose métabolique, anémie, hyperlymphocytose, hyperéosinophilie, natriurèse conservée."
OIC-245-17-B,"Quel est le diagnostic clinique de l'insuffisance surrénale chez un patient présentant une cortisolémie basse ou effondrée, avec ACTH élevée?",Insuffisance corticotrope,Insuffisance surrénale primitive,Hyperinsuffisance surrénale,Aucun diagnostic spécifique,Insuffisance surrénale primitive
OIC-245-18-B,Les pathologies intercurrentes et l'absence d'adaptation suffisante du traitement par hydrocortisone par le patient à ces situations sont une cause de décompensation de l'insuffisance surrénale traitée.,Pathologies intercurrentes,Absence d'adaptation au traitement par hydrocortisone,Les deux,Aucune des deux,Les deux
OIC-245-19-B,"L'insuffisance surrénale aigue peut être révélatrice de la maladie, notamment: A) En période néonatale : bloc enzymatique surrénalien (21-hydroxylase +++), B) À l’âge adulte : maladie d'Addison, C) Hémorragie bilatérale des surrénales, D) Apoplexie hypophysaire.",En période néonatale : bloc enzymatique surrénalien (21-hydroxylase +++),À l’âge adulte : maladie d'Addison,Hémorragie bilatérale des surrénales,Apoplexie hypophysaire,En période néonatale : bloc enzymatique surrénalien (21-hydroxylase +++)
OIC-245-20-B,Quels sont les principes de prévention de l'insuffisance surrénale aiguë chez un patient déjà traité pour insuffisance surrénale primaire ?,Augmenter la dose de fludrocortisone en cas de pathologie intercurrente.,Reconnaître une insuffisance surrénale aiguë et débuter le traitement à domicile avant d'adresser le patient à l'hôpital.,"Le médecin urgentiste ou l'anesthésiste recevant un patient insuffisant surrénalien en situation de stress doit connaître le risque d'insuffisance surrénale aiguë et savoir la prévenir, notamment si la prise orale du traitement est impossible.","En cas de chirurgie, on peut proposer 100 mg IV ou IM initialement, puis en cas de chirurgie majeure, 100 mg/24 heures en IV continue à la SAP jusqu'à la reprise de l'alimentation, puis diminution progressive en quelques jours pour revenir aux doses habituelles.",Reconnaître une insuffisance surrénale aiguë et débuter le traitement à domicile avant d'adresser le patient à l'hôpital.
OIC-245-21-B,Quelle est la dose d'hydrocortisone à augmenter chez l'adulte en cas de stress?,20 mg,40 mg,60 mg,80 mg,C) 60 mg
OIC-245-22-B,Quelle est l'origine de l'insuffisance surrénale chez un enfant ?,Bloc en 21 hydroxylase,Adrénoleucodystrophie,Mutation du gène codant le transporteur des acides gras à très longues chaînes dans le peroxysome,Autre cause,Bloc en 21 hydroxylase
OIC-245-23-A,Quelle est la principale manifestation clinique de l'adrénoleucodystrophie chez le nouveau-né ?,Hypoglycémie,Convulsions,Ictère cholestatique persistant,Hypotension artérielle,Hypoglycémie
OIC-245-24-B,Le diagnostic étiologique d'insuffisance surrénale chez l'enfant se fait par le dosage de la 17 OH progestérone.,Dosage systématique de la 17 OH progestérone depuis 1995 au 3ème jour de vie,Dosage des acides gras à longue chaine dans le cadre de l'adrénoleucodystrophie,Tous les deux,Aucun des deux,Dosage systématique de la 17 OH progestérone depuis 1995 au 3ème jour de vie
OIC-245-25-B,Quelles sont les causes génétiques de l’insuffisance surrénale chez le nouveau-né et le nourrisson?,Le bloc enzymatique 21-hydroxylase,La maladie X-linked liée à l'Adrénoleucodystrophie,Les déficits en 11-bêta hydroxylase et en 17-ketostéroid déhydrogénase,Autres causes génétiques,Le bloc enzymatique 21-hydroxylase
OIC-247-01-A,Le diabète comprend des pathologies caractérisées par une hyperglycémie chronique.,Une maladie infectieuse,Une maladie auto-immune,Une maladie héréditaire,Une maladie liée à l'environnement,Une maladie auto-immune
OIC-247-02-A,Quelles sont les causes principales du diabète?,Le diabète de type 1 dû à une absence de sécrétion d’insuline par le pancréas,Le diabète de type 2 dû à une mauvaise utilisation de l’insuline par les cellules de l’organisme,Le diabète gestationnel,"Les étiologies rares : anomalies génétiques de la fonction de la cellule β, maladies du pancréas exocrine, maladies endocrines, médicaments et toxiques…",Le diabète de type 1 dû à une absence de sécrétion d’insuline par le pancréas
OIC-247-03-A,Quelles sont les circonstances et critères diagnostiques du diabète chez un enfant ?,"Glycémie veineuse à jeun ≥ 1,26 g/l à deux reprises.",Hyperglycémie provoquée par voie orale si la glycémie 2 heures après charge orale est supérieure ou égale à 2 g/l [11 mmol/l].,Situations d'urgence chez un patient symptomatique si la glycémie est supérieure ou égale à 2 g/l [11 mmol/l].,"Chez l'enfant, le syndrome cardinal est souvent présent, mais difficile à reconnaître chez le petit enfant.","Glycémie veineuse à jeun ≥ 1,26 g/l à deux reprises."
OIC-247-04-A,Quelles sont les modalités et les populations cibles du dépistage du diabète de type 2 (DT2) ?,"Les patients asymptomatiques âgés de plus de 45 ans, tous les 3 ans si pas de FDR",Les patients avec symptômes et leurs FDR tous les ans,Les patients avec FDR tous les ans,"Les patients asymptomatiques âgés de plus de 45 ans, tous les ans","Les patients asymptomatiques âgés de plus de 45 ans, tous les 3 ans si pas de FDR"
OIC-247-05-B,Quel est le critère principal pour distinguer le diabète prégestationnel du diabète gestationnel?,Présence d'un diabète antérieur à la grossesse,Intolérance au glucose qui se développe pendant la grossesse,Hyperglycémie provoquée orale entre la 24<sup>ème</sup> et la 28<sup>ème</sup> semaine de grossesse,Diabète gestationnel avec un facteur de risque pour le bébé,Présence d'un diabète antérieur à la grossesse
OIC-247-06-A,Quels sont les facteurs de risque pour le développement de complications micro-angiopathiques chez un patient diabétique?,Hyperglycémie : niveau (HbA1c) et durée d'exposition,Dyslipidémie,Tabagisme ou alcoolisme associé,"FDR spécifiques de certaines atteintes : facteurs génétiques, origines ethniques (ex. pour la néphropathie), pour la neuropathie : grande taille, carences nutritionnelles, vitaminiques, tabagisme et alcool, insuffisance rénale",Hyperglycémie : niveau (HbA1c) et durée d’exposition
OIC-247-07-A,Quels sont les facteurs de risque pour les atteintes macrovasculaires chez le patient diabétique ?,"HbA1c, LDL et PA systolique","HbA1c, HDL et PA diastolique","HbA1c, LDL et tabagisme","HbA1c, HDL et tabagisme","HbA1c, LDL et PA systolique"
OIC-247-08-B,Quels sont les facteurs impliqués dans la physiopathologie du diabète de type 1?,Prédisposition génétique,Facteurs environnementaux,Processus auto-immuns,Tous les trois,Tous les trois
OIC-247-09-B,Quels sont les grands mécanismes physiopathologiques du diabète de type 2?,Insulinorésistance et anomalies d'insulinosécrétion,Anomalies d'absorption intestinale de glucose,Hypersecretion d'insuline par les cellules bêta du pancréas,Insuffisance pancreatique,Insulinorésistance et anomalies d'insulinosécrétion
OIC-247-10-B,Quels sont les facteurs de risque pour le développement de plaies de pied chez les patients atteints de diabète et comment est classée la gradation du pied diabétique ?,"Les facteurs de risque comprennent l'AMI, la neuropathie avec troubles de la statique/déformations du pied et l'ATCD d'ulcération. La gradation va de 0 à 3, en fonction de l'absence ou présence de neuropathie sensible isolée, association de la neuropathie à l'artériopathie ou déformations des pieds/orteils, antécédents d'ulcération ou amputation.","Les facteurs de risque pour le développement de plaies de pied chez les patients atteints de diabète incluent l'AMI, la neuropathie avec troubles de la statique/déformations du pied et l'ATCD d'ulcération. La gradation du pied diabétique va de 0 à 3 en fonction de l'absence ou présence de neuropathie sensible isolée, association de la neuropathie à l'artériopathie ou déformations des pieds/orteils et antécédents d'ulcération ou amputation.","Les facteurs de risque pour le développement de plaies de pied chez les patients atteints de diabète incluent l'AMI, la neuropathie avec troubles de la statique/déformations du pied et l'ATCD d'ulcération. La gradation du pied diabétique va de 0 à 3 en fonction de l'absence ou présence de neuropathie sensible isolée, association de la neuropathie à l'artériopathie ou déformations des pieds/orteils et antécédents d'ulcération ou amputation.","Les facteurs de risque pour le développement de plaies de pied chez les patients atteints de diabète incluent l'AMI, la neuropathie avec troubles de la statique/déformations du pied et l'ATCD d'ulcération. La gradation du pied diabétique va de 0 à 3 en fonction de l'absence ou présence de neuropathie sensible isolée, association de la neuropathie à l'artériopathie ou déformations des pieds/orteils et antécédents d'ulcération ou amputation.","Les facteurs de risque pour le développement de plaies de pied chez les patients atteints de diabète incluent l'AMI, la neuropathie avec troubles de la statique/déformations du pied et l'ATCD d'ulcération. La gradation du pied diabétique va de 0 à 3 en fonction de l'absence ou présence de neuropathie sensible isolée, association de la neuropathie à l'artériopathie ou déformations des pieds/orteils et antécédents d'ulcération ou amputation."
OIC-247-11-B,Quelle est la répartition des retinopathies diabétiques selon leur gravité et leurs risques de progression à long terme ? ,RDNP minime : 15% ; RDNP modérée : 33% ; RDNP sévère : 60%,RDP minime : 20% ; RDP modérée : 40% ; RDP sévère : 80%,RDNP minime : 30% ; RDNP modérée : 50% ; RDNP sévère : 90%,RDP minime : 10% ; RDP modérée : 20% ; RDP sévère : 70%,RDNP minime : 15% ; RDNP modérée : 33% ; RDNP sévère : 60%
OIC-247-12-B,Quels sont les différents stades évolutifs de la néphropathie diabétique?,"Hypertrophie rénale, hyperfiltration glomérulaire",Phase silencieuse,Néphropathie incipiens,Néphropathie,"Hypertrophie rénale, hyperfiltration glomérulaire"
OIC-247-13-B,Quels sont les différents stades de la neuropathie diabétique et comment peuvent-ils être identifiés cliniquement ?,A. La neuropathie diabétique se manifeste par une perte de sensibilité et motricité dans les membres inférieurs.,"B. La neuropathie diabétique est caractérisée par des douleurs au niveau du nerf facial, du crural et des racines thoraciques L1 à L4.","C. La neuropathie diabétique peut être identifiée par une hypotension orthostatique, une bradycardie permanente et un allongement du QT.","D. La neuropathie diabétique se manifeste par des troubles digestifs tels que satiété rapide, vomissements, diarrhées ou alternance avec constipation, incontinence fécale.","B. La neuropathie diabétique est caractérisée par des douleurs au niveau du nerf facial, du crural et des racines thoraciques L1 à L4."
OIC-247-14-B,Quels sont les moyens d'évaluation et de diagnostic des complications macrovasculaires du diabète ?,Interrogatoire ciblé à la recherche d'angor clinique parfois symptômes atypiques,"ECG de repos annuel systématique, score calcique coronarien","Test de recherche d’ischémie myocardique : épreuve d’effort, échographie de stress, scintigraphie myocardique","Interrogatoire et auscultation des carotides, échographie- doppler des carotides (angio-IRM si anomalie auscultatoire)","ECG de repos annuel systématique, score calcique coronarien"
OIC-247-15-A,Quels sont les moyens d'évaluation du risque cardiovasculaire chez le patient?,Score de Framingham,Score de SCORE Europe,Somme des facteurs de risque non modifiables et modifiables,Autres méthodes d'évaluation du risque cardiovasculaire,Somme des facteurs de risque non modifiables et modifiables
OIC-247-16-A,Quelle est la principale cause d'hyperglycémie chez un patient diabétique ?,Une infection aiguë,Un régime trop riche en glucides,Une prise insuffisante de médicaments hypoglycémiants,Une surcharge calorique,Une surcharge calorique
OIC-247-17-A,Quelle est la principale complication métabolique aiguë du diabète sucré?,Hyperglycémie,Hypoglycémie,Acidocétose,Insuffisance rénale,Hyperglycémie
OIC-247-18-A,What is the most common cause of mortality in children with type 1 diabetes?,Acidosis,Hyperglycemia,Hypoglycemia,Diabetic ketoacidosis (DKA),Acidosis
OIC-247-19-A,Quels sont les examens d'urgence devant une suspicion de déséquilibre hyperglycémique ?,Cétotestine,"Ionogramme sanguin, urée et créatinine",Calcul du trou anionique si hyperglycémie avec cétonémie positive,Calcul de l'osmolarité si hyperglycémie avec cétonémie négative,"Ionogramme sanguin, urée et créatinine"
OIC-247-20-A,Le traitement de référence du diabète de type 1 est l’insulinothérapie intensifiée. Quelles sont les options thérapeutiques pour le patient ? A) Insuline injectable à action prolongée uniquement B) Insuline injectable à action rapide et pompe à insuline C) Insuline injectable à action prolongée et pompe à insuline D) Insuline injectable à action rapide uniquement,Insuline injectable à action prolongée uniquement,Insuline injectable à action rapide et pompe à insuline,Insuline injectable à action prolongée et pompe à insuline,Insuline injectable à action rapide uniquement,Insuline injectable à action rapide et pompe à insuline
OIC-247-21-A,Quels sont les buts de l'autosurveillance glycémique pour le patient diabétique?,"Suivre son diabète, adapter ses doses d'insuline et avoir une idée de l'équilibre glycémique moyen.","Suivre son diabète, adapter ses doses d'insuline, avoir une idée de l'équilibre glycémique moyen et gérer les situations d'urgence.",Suivre son diabète et adapter ses doses d'insuline.,Avoir une idée de l'équilibre glycémique moyen et gérer les situations d'urgence.,B
OIC-247-22-B,Quels sont les principes hygiéno-dietétiques pour un patient diabétique de type 1 ?,Manger 3 repas par jour sans collation.,Varier et répartir l'alimentation en 3 repas et 2 collations.,Consommer des produits à fort index glycémique.,Ne pas manger de sucre.,Varier et répartir l'alimentation en 3 repas et 2 collations.
OIC-247-23-A,La prise en charge multifactorielle du diabète type 2 comprend notamment,L'arrêt du tabagisme,Le contrôle du bilan lipidique,Le contrôle de la tension artérielle,"L'observance de règles diététiques, de l'activité physique et des prises médicamenteuses.","Le contrôle du bilan lipidique, le contrôle de la tension artérielle, l'observance de règles diététiques, de l'activité physique et des prises médicamenteuses."
OIC-247-24-A,Quels sont les principaux traitements antidiabétiques oraux actuellement en vente en France ? ,Biguanides,Sulfamides hypoglycémiants (sulfonylurées) et glinides,Inhibiteurs de la dipeptidyl-peptidase 4 (gliptines),Agonistes des récepteurs du GLP1,"Biguanides, Sulfamides hypoglycémiants (sulfonylurées) et glinides, Inhibiteurs de la dipeptidyl-peptidase 4 (gliptines), Agonistes des récepteurs du GLP1, Inhibiteurs de SGLT2"
OIC-247-25-A,Quels sont les moyens de prévenir et prendre en charge l'hypoglycémie dans le cadre du suivi d'un patient présentant un diabète sucré ?,Prendre une petite collation sucrée,Administer une injection intramusculaire de glucagon,Faire boire au patient un sirop de glucose,Toutes les réponses sont correctes,Administer une injection intramusculaire de glucagon
OIC-247-26-B,Quelle est la principale préoccupation en matière de prise en charge néphroprotectrice chez le diabétique ?,Eviter les situations à risque d'accélération de la progression de la néphropathie.,Assurer une bonne maîtrise des facteurs de risque associés.,Gérer l'hypertension artérielle et le tabagisme.,Contrôler les niveaux de glycémie.,Eviter les situations à risque d'accélération de la progression de la néphropathie.
OIC-247-27-B,Quels sont les soins généraux pour la rétinopathie diabétique?,Equilibre glycémique avec un objectif d’HbA1c < 7 %,Traitement de l'hypertension et du dyslipidémie,Panphotocoagulation rétinienne dès le stade de RDNP sévère,Injections intraoculaires de corticoides et d’inhibiteurs du VEGF,Equilibre glycémique avec un objectif d’HbA1c < 7 %
OIC-247-28-B,Quels sont les principes de prise en charge du pied du diabétique?,1. Décharge,"2. Examen minutieux de la plaie, recherche de contact osseux (ostéite)","3. Soins locaux par IDE : enlever l’hyperkératose, la fibrine et pansements spéciaux adaptés au stade (nécrose, fibrine, bourgeon)","4. Prise en charge chirurgicale pour des plaies graves ou suspicion d’ostéite par un chirurgien vasculaire et/ou orthopédiste selon l' existence ou non AOMI et étendue des lésions (TDM, IRM du pied) : geste de parage, drainage, exérèse des tissus nécrosés, biopsie osseuse, amputation","4. Prise en charge chirurgicale pour des plaies graves ou suspicion d’ostéite par un chirurgien vasculaire et/ou orthopédiste selon l' existence ou non AOMI et étendue des lésions (TDM, IRM du pied) : geste de parage, drainage, exérèse des tissus nécrosés, biopsie osseuse, amputation"
OIC-247-29-B,Quels sont les principaux facteurs de risque pour la cétose chez l'enfant?,Une infection urinaire,Un régime trop riche en protéines,Un régime trop riche en glucides,Un régime trop pauvre en glucides,Une infection urinaire
OIC-247-30-B,Quel est le traitement du coma hyperosmolaire ?,"Insulinothérapie, réhydratation orale et surveillance clinique","Insulinothérapie, réhydratation sérique et surveillance clinique","Régime hypocalorique, insulinothérapie et surveillance clinique","Régime hypocalorique, réhydratation orale et surveillance clinique","Insulinothérapie, réhydratation orale et surveillance clinique"
OIC-247-31-B,"Le suivi transdisciplinaire du patient diabétique comprend les objectifs suivants : A) Prévention, dépistage et traitement des complications. B) Traitement de la maladie. C) Suivi de l'évolution de la maladie. D) Obtention du contrôle optimal des facteurs de risque cardiovasculaires.","Prévention, dépistage et traitement des complications.",Traitement de la maladie.,Suivi de l'évolution de la maladie.,Obtention du contrôle optimal des facteurs de risque cardiovasculaires.,"Prévention, dépistage et traitement des complications."
OIC-254-01-B,Quels sont les besoins nutritionnels de la femme enceinte ?,"Les besoins énergétiques augmentent au cours de la grossesse, mais l'augmentation des ingesta est habituellement suffisante.","Les besoins en certaines vitamines et certains micronutriments sont également augmentés, mais une partie de ces besoins peut être couverte par l'augmentation des apports alimentaires.",L'absorption intestinale du fer et du calcium augmente pendant la grossesse.,"Certains besoins (vitamines A, B9, C et D, fer et iode) peuvent ne pas être couverts par la seule augmentation des apports alimentaires.","Les besoins énergétiques augmentent au cours de la grossesse, mais l'augmentation des ingesta est habituellement suffisante."
OIC-254-02-B,Quelle est la prise de poids recommandée pendant la grossesse en fonction du IMC avant la conception?,"12,5 - 18 kg","11,5 - 16 kg","7 - 11,5 kg",5 - 9 kg,"18,5 kg/m2 < IMC ≤ 25,0 kg/m²"
OIC-254-03-B,Quelle vitamine est recommandée pour prévenir le spina-bifida?,Vitamine A,Vitamine C,Vitamine D,Vitamine E,Vitamine B9
OIC-254-04-A,Quelles sont les populations à risque nutritionnel pendant la grossesse?,Les femmes en milieu défavorisé,Les adolescentes enceintes,Les femmes ayant des régimes restrictifs ou déséquilibrés,Toutes les précédentes,Toutes les précédentes
OIC-254-05-A,"Quelles sont les modalités de prévention des carences en fer, vitamine D et calcium pendant la grossesse?",Toutes les femmes enceintes doivent prendre une supplémentation en fer.,Seules les femmes présentant une anémie prouvée doivent être supplémentées en fer.,Toutes les femmes enceintes doivent être supplémentées en vitamine D et calcium.,Seules les femmes présentant un taux de vitamine D ou calcium faible doivent être supplémentées.,Seules les femmes présentant une anémie prouvée doivent être supplémentées en fer.
OIC-254-06-A,Quels sont les aliments à éviter pour prévenir les infections alimentaires chez la femme non immunisée ?,"Viandes crues ou peu cuites, produits de charcuterie cuite nécessitant une conservation au froid, foie de porc cru ou peu cuit, fromages au lait cru à l'exception des fromages à pâte pressée cuite, œufs crus et produits à base d’œufs crus ou insuffisamment cuits, coquillages crus, poissons crus, crustacés décortiqués vendus cuits et nécessitant une conservation au froid.","Viandes crues ou peu cuites, fromages à pâte molle à croûte fleurie et à croûte lavée, œufs crus et produits à base d’œufs crus ou insuffisamment cuits, coquillages crus, poissons crus, crustacés décortiqués vendus cuits et nécessitant une conservation au froid.","Viandes crues ou peu cuites, fromages à pâte molle à croûte fleurie et à croûte lavée, œufs crus et produits à base d’œufs crus ou insuffisamment cuits, coquillages crus, poissons crus, crustacés décortiqués vendus cuits et nécessitant une conservation au froid.","Viandes crues ou peu cuites, fromages à pâte molle à croûte fleurie et à croûte lavée, œufs crus et produits à base d’œufs crus ou insuffisamment cuits, coquillages crus, poissons crus, crustacés décortiqués vendus cuits et nécessitant une conservation au froid.","Viandes crues ou peu cuites, fromages à pâte molle à croûte fleurie et à croûte lavée, œufs crus et produits à base d’œufs crus ou insuffisamment cuits, coquillages crus, poissons crus, crustacés décortiqués vendus cuits et nécessitant une conservation au froid."
OIC-254-07-A,Quels sont les aliments à risque pour la femme enceinte?,"phytoestrogène, phytostérol, mercure","pharmacodeine, thalidomide, caféine","sulfites, gluten, lactose","acrylamide, furaneol, nitrate",phytoestrogènes
OIC-256-01-A,Un certificat médical d’absence de contre-indication à la pratique sportive est nécessaire pour :,Obtenir ou renouveler une licence sportive fédérale.,Participer à une compétition sportive lorsque le patient n’est pas licencié dans une fédération.,Toutes les deux options.,Aucune des deux options.,Toutes les deux options.
OIC-256-02-B,Quelles sont les contre-indications à la pratique du sport en milieu scolaire?,"Maladies chroniques en décompensation, handicaps permanents empêchant certaines activités",Affections aigues contre-indiquant l'effort ou l'utilisation d'un membre,Situations de dénutrition importante (anorexie mentale),Fracture le temps de la consolidation,"Maladies chroniques en décompensation, handicaps permanents empêchant certaines activités"
OIC-256-03-B,La consultation pour délivrance du certificat médical d'absence de contre-indication à la pratique sportive doit comprendre :,"Un interrogatoire faisant préciser les antécédents personnels et familiaux, notamment les facteurs de risque cardiovasculaire.","Des mesures anthropométriques : taille, masse corporelle, IMC.","Un examen physique général et des examens paracliniques comportant notamment un examen cardiovasculaire (auscultation, palpation des pouls distaux, recherche d'un souffle vasculaire), mesure de la Pression Artérielle aux deux bras, ECG de repos.","Un examen de l'appareil locomoteur, orienté en fonction des éventuelles plaintes fonctionnelles du patient et des segments particulièrement sollicités par sa pratique sportive.","Un interrogatoire faisant préciser les antécédents personnels et familiaux, notamment les facteurs de risque cardiovasculaire."
OIC-256-04-B,La consultation pour délivrance du certificat médical d'absence de contre-indication à la pratique sportive chez un patient mineur se déroule globalement de la même façon que pour un patient majeur.,L'examen clinique porte une attention particulière sur la statique rachidienne.,La quantité hebdomadaire d'activité physique est évaluée en tenant compte des pratiques sportives scolaires et associatives.,"Le temps de sommeil moyen, les conditions de vie et l'alimentation sont pris en considération.",La consultation est vue comme une consultation de prévention.,L'examen clinique porte une attention particulière sur la statique rachidienne.
OIC-256-05-A,Quelles sont les principales causes de contre-indication à la pratique sportive?,Pathologies cardiaques à l'origine de troubles du rythme,Pathologies cardio-vasculaires évolutives ou non équilibrées,Certaines pathologies non équilibrées ou sévères,Contre-indications propres à certains sports,Pathologies cardiaques à l'origine de troubles du rythme
OIC-256-06-A,Quels sont les bénéfices et risques de la pratique sportive chez l'enfant et chez l'adulte?,"La pratique sportive améliore la condition physique des patients, augmente leur espérance de vie globale et améliore la qualité de vie.","La pratique sportive contribue au développement moteur et physique des enfants, ainsi qu'à l'amélioration de leurs aptitudes sociales.","Les risques liés à la pratique sportive sont cardiovasculaires, traumatiques ou liés à l'âge.",La participation aux compétitions favorise le développement des interactions sociales chez les enfants.,A
OIC-256-07-B,Quelles sont les principales pathologies liées à la pratique sportive chez l'enfant?,Pathologies respiratoires,Pathologies orthopédiques,Tendinopathies,Fractures de fatigue,B
OIC-256-08-B,Quels sont les besoins nutritionnels des sportifs adultes?,Les glucides sont le principal substrat des activités physiques d'intensité élevée.,Les lipides sont le substrat des activités physique d'intensité modérée et prolongée.,"Pour la majorité des sportifs, les apports nutritionnels conseillés sont ceux de la population générale.",Au-delà de 3 heures d’activités sportives par semaine il convient d’adapter les apports nutritionnels en augmentant les apports énergétiques de manière à couvrir la dépense énergétique totale (DET).,Les glucides sont le principal substrat des activités physiques d'intensité élevée.
OIC-256-09-B,Quels sont les besoins alimentaires des enfants sportifs?,Une alimentation équilibrée avec 4 produits laitiers par jour,Un repas important avant et après l'entraînement,Eviter les compléments alimentaires hyperprotidiques non utiles,Tous les jours une collation entre 15h et 18h,Une alimentation équilibrée avec 4 produits laitiers par jour
OIC-256-10-B,Quelle est la recommandation concernant les apports glucidiques pour un sportif pratiquant des sports d'endurance ?,Les aliments à index glycémique faible sont à privilégier à distance de l’exercice.,Les aliments à index glycémique élevé sont à privilégier à proximité de l’exercice.,Les apports en lipides doivent être augmentés pour permettre l'augmentation des apports glucidiques.,Les apports protidiques ne sont pas essentiels pour le maintien de la masse musculaire.,Les aliments à index glycémique faible sont à privilégier à distance de l’exercice.
OIC-256-11-A,Quels sont les facteurs de risque cardiovasculaire à rechercher à l'interrogatoire ?,"Facteurs de risque majeurs, indépendants et modifiables (Tabac, HTA, Diabète, Dyslipidémie) et non modifiables (âge, sexe masculin, hérédité)",Symptômes évocateurs de pathologie cardiovasculaire à l'exercice,Tous les deux,Aucun des deux,Tous les deux
OIC-257-01-A,Quelle est la définition de l'œdème ?,L'œdème est une accumulation visible ou palpable de fluide dans le tissu interstitiel.,L'œdème est une accumulation invisible de fluide dans le tissu interstitiel.,L'œdème est une accumulation de sang dans les espaces interstitiels du tissu.,L'œdème est un gonflement localisé causé par l'inflammation ou la compression d'un vaisseau sanguin.,A
OIC-257-02-B,Les œdèmes de cause locale peuvent être dus à :,Une augmentation de la pression veineuse,Un obstacle lymphatique,Une pathologie inflammatoire locale modifiant la perméabilité capillaire du fait de médiateurs de l’inflammation.,Un médicament augmentant la perméabilité capillaire (Anticalciques de type Dihydropyridines),"Une augmentation de la pression veineuse, Un obstacle lymphatique, Une pathologie inflammatoire locale modifiant la perméabilité capillaire du fait de médiateurs de l’inflammation., Un médicament augmentant la perméabilité capillaire (Anticalciques de type Dihydropyridines)"
OIC-257-03-B,Quels sont les mécanismes généraux de la formation des œdèmes ?,"Altération de l’altération de l’hémodynamique capillaire liée à l’augmentation de la pression hydrostatique capillaire (force de Starling), diminution de la pression oncotique plasmatique et augmentation de la perméabilité capillaire.","Altération de l’hémodynamique capillaire liée à l’augmentation de la pression hydrostatique capillaire, diminution de la pression oncotique plasmatique et diminution de la perméabilité capillaire.","Augmentation de la pression hydrostatique capillaire, augmentation de la pression oncotique plasmatique et augmentation de la perméabilité capillaire.","Diminution de la pression hydrostatique capillaire, diminution de la pression oncotique plasmatique et diminution de la perméabilité capillaire.","Altération de l’hémodynamique capillaire liée à l’augmentation de la pression hydrostatique capillaire (force of Starling), diminution de la pression oncotique plasmatique et augmentation de la perméabilité capillaire."
OIC-257-04-A,Quelle est la cause principale de l'œdème post-infarctué?,Insuffisance cardiaque,Insuffisance rénale,Insuffisance pulmonaire,Insuffisance veineuse,Insuffisance cardiaque
OIC-257-05-A,Quelle est la principale cause des œdèmes généralisés ?,Insuffisance cardiaque,Hépatite virale chronique,Insuffisance rénale,Carence protéinémique,Insuffisance cardiaque
OIC-257-06-A,Quels sont les signes biologiques à rechercher devant des œdèmes?,"Hémodilution souvent modeste, hyperhydratation intracellulaire, epanchements des séreuses et natriurèse effondrée","Hyperalbuminémie, hypoprotidémie, hématocrite élevée","Hypoprotidémie, hyperhydratation intracellulaire, epanchements des séreuses et natriurèse effondrée","Hyperalbuminémie, hypoprotidémie, hématocrite élevée, hyperhydratation intracellulaire","Hémodilution souvent modeste, hyperhydratation intracellulaire, epanchements des séreuses et natriurèse effondrée"
OIC-257-07-A,Quelles sont les principales causes des œdèmes généralisés?,Insuffisance cardiaque,Hypoalbuminémie,Pré-éclampsie,Trouble de la perméabilité capillaire,Insuffisance cardiaque
OIC-257-08-A,Quelle est la principale indication du furosémide dans le traitement des œdèmes généralisés?,Traitement de l'hypertension artérielle,Traitement de l'insuffisance cardiaque,Traitement de l'insuffisance rénale,Traitement des œdèmes localisés,Traitement de l'insuffisance rénale
OIC-260-01-A,Quelle est la définition d'une hématurie?,La présence anormale d'algènes dans les urines.,Une hématurie correspond à une infection urinaire.,La présence de sang dans les urines.,Un test positif pour le glucose dans les urines.,c. La présence de sang dans les urines.
OIC-260-02-B,Quelles sont les principales étiologies d'une hématurie ?,Une seule et unique cause,Deux causes possibles,Trois causes distinctes,Quatre causes différentes,c
OIC-260-03-A,Le type d'hématurie n'est pas corrélé à la gravité de la maladie causale.,Le type d'hématurie est corrélé à la gravité de la maladie causale.,L'importance du saignement est corrélée à la gravité de la maladie causale.,Il n'existe pas de corrélation entre le type d'hématurie ou l'importance du saignement et la gravité de la maladie causale.,L'importance du saignement est corrélée au type d'hématurie.,Il n'existe pas de corrélation entre le type d'hématurie ou l'importance du saignement et la gravité de la maladie causale.
OIC-260-04-B,"Une hématurie macroscopique peut être isolée ou accompagnée de douleurs, de caillots, de brûlures mictionnelle. La chronologie de l'hématurie au cours de la miction a une valeur localisatrice. Hématurie initiale : origine urétro-prostatique ou du col vésical. Hématurie terminale : origine vésicale. Hématurie totale (toute la durée de la miction) : peut être d'origine rénale (urologique ou néphrologique) mais a moins de valeur localisatrice, surtout en cas d'hématurie abondante. Une hématurie macroscopique d'origine néphrologique est totale, sans caillots, sans douleur, sans brûlures mictionnelles. L'origine néphrologique est souvent confirmée par la présence d'une protéinurie associée.",Hématurie initiale : origine urétro-prostatique ou du col vésical,Hématurie terminale : origine vésicale,Hématurie totale : peut être d'origine rénale (urologique ou néphrologique),"Une hématurie macroscopique d'origine néphrologique est totale, sans caillots, sans douleur, sans brûlures mictionnelles",Hématurie initiale : origine urétro-prostatique ou du col vésical
OIC-260-05-B,Quel est le bilan minimal et de retentissement à prescrire devant une hématurie ? ,Une numération formule sanguine,Un scanner urinaire,Une cystoscopie rigide,Toutes les options sont correctes,Toutes les options sont correctes
OIC-260-06-B,"Quelle est la cause la plus probable d'une hématurie chez un patient présentant une image en imagerie montrant une tumeur rénale droite localement avancée, évoquant un carcinome rénal à cellules claires, avec zones nécrotiques centrales ?",Tumeur urothéliale du rein gauche,Infection urinaire,Prolapsus de la vessie,Polype vésical,Polype vésical
OIC-260-07-A,La figure ci-dessus représente un exemple typique d'hématurie macroscopique. Laquelle des options suivantes est la plus appropriée pour décrire cette manifestation clinique?,Une poche collectrice d'urines avec une couleur normale,Une poche collectrice d'urines avec une couleur foncée,Une poche collectrice d'urines avec des traces de sang,Une poche collectrice d'urines avec une odeur caractéristique,Une poche collectrice d'urines avec des traces de sang
OIC-260-08-A,La bandelette urinaire témoin présente-t-elle une hématurie?,"Oui, la bandelette urinaire témoin montre une hématurie.","Non, la bandelette urinaire témoin ne montre pas de hématurie.",La réponse dépend du contexte clinique et des symptômes présentés par le patient.,Il est impossible d'observer une hématurie sur une bandelette urinaire témoin.,"Oui, la bandelette urinaire témoin montre une hématurie."
OIC-260-09-A,Quelles sont les principales causes de hématurie chez un adulte et un enfant ?,Néphropathies glomérulaires,Néphropathies interstitielles aiguës,Causes néphrologiques avec présentation clinique urologique,Autres causes,Néphropathies glomérulaires
OIC-260-10-A,Quelles sont les principales étiologies urologiques d'une hématurie chez un adulte ou un enfant ?,Tumeurs de l'arbre urinaire,Infections urinaires,Maladie lithiasique urinaire,Autres étiologies moins fréquentes,A
OIC-260-11-A,Quelle est la première étape du diagnostic d'une hématurie ?,Anamnese et examen clinique,Analyses de laboratoire sur l'urine,"Imagerie (radiographie, scanner, IRM)",Cystoscopie,Anamnese et examen clinique
OIC-260-12-A,Une hématurie macroscopique caillotante avec signes de gravité est un signe d'alerte majeur. Quels sont les éléments cliniques et biologiques à éliminer pour confirmer le diagnostic ?,Caillots visibles dans les voies urinaires,Dysurie récente,Globe vésical,Colique néphrétique,Globe vésical et/ou colique néphrétique
OIC-260-13-B,Quel est le traitement recommandé pour une hématurie macroscopique caillotante sans rétention d'urine ou colique néphrétique?,Maintenir la bonne hydratation,Effectuer un bilan sanguin complet,Envisager une transfusion de culots globulaires en cas de déglobulisation mal tolérée,La pose d'un catheter sus-pubien est contre-indiquée,Maintenir la bonne hydratation
OIC-261-01-A,Quels sont les critères permettant de diagnostiquer une néphropathie glomérulaire ?,Présence d'une protéinurie glomérulaire et/ou d'une hématurie d'origine glomérulaire,Présence d'une protéinurie non spécifique et/ou d'une hématurie non spécifique,Présence de l'albuminurie et/ou de la présence de hématies dans les urines,Présence d'un syndrome glomérulaire avec au moins trois des quatre critères mentionnés,D. Présence d'un syndrome glomérulaire avec au moins trois des quatre critères mentionnés
OIC-261-02-A,Quels sont les différents types de syndromes glomérulaires?,Syndrome d’hématurie macroscopique récidivante,Syndrome de glomérulonéphrite chronique,Syndrome néphrotique,Syndrome néphritique aigu,"Syndrome d’hématurie macroscopique récidivante, Syndrome de glomérulonéphrite chronique, Syndrome néphrotique, Syndrome néphritique aigu"
OIC-261-03-B,Quelle maladie glomulaire est la première cause de syndrome néphrotique chez l'enfant?,La néphropathie diabétique,La néphropathie à IgA,La glomérulopathie extra-membraneuse,Le syndrome néphrotique à lésions glomérulaires minimes (SNLGM),Le syndrome néphrotique à lésions glomérulaires minimes (SNLGM)
OIC-261-04-A,Connaître les principales étiologies des maladies glomérulaires,D,Maladies métaboliques,Infections virales,Gammapathies monoclonales,D
OIC-261-05-B,"Quelles sont les principales indications de la ponction biopsie rénale (PBR) et quelles sont ses contre-indications, modalités et complications?",La PBR est indiquée dans le syndrome de néphropathie glomérulaire.,La PBR est contre-indiquée chez les patients présentant un rein unique ou une HTA mal contrôlée.,La PBR peut être pratiquée sous anesthésie locale et nécessite deux prélèvements pour étude en microscopie optique et immunofluorescence.,"Les principales complications de la PBR sont le saignement, pouvant conduire à des hématomes péri- ou rétro-rénaux, une hématurie macroscopique, un caillotage des voies urinaires et une prise en charge nécessitant parfois une embolisation ou une néphrectomie.",La PBR est indiquée dans le syndrome de néphropathie glomérulaire.
OIC-261-06-B,Quelles sont les quatre lésions glomérulaires élémentaires reconnues ?,"Prolifération cellulaire, dépôts de protéines et de matrice extracellulaire glycosylées, sclérose segmentaire","Prolifération mésangiale, dépôts endomembraneux, dépôts intramembraneux, dépôts extramembraneux","Prolifération cellulaire, dépôts de protéines et de matrice extracellulaire glycosylées, dépôts amyloïdes, sclérose segmentaire","Prolifération mésangiale, dépôts endomembraneux, dépôts intramembraneux, dépôts extramembraneux, dépôts de fibrine","Prolifération cellulaire, dépôts de protéines et de matrice extracellulaire glycosylées, sclérose segmentaire"
OIC-261-07-B,Quelle est la principale caractéristique histologique de la néphropathie à IgA ?,Dépôts d'IgG linéaires le long de la membrane basale de la glomérule,Prolifération extracapillaire avec ou sans dépôts,Présence de l'immunoglobuline N (IgN) dans les capillaires mésangiaux,Absence d'anomalies en MO pour le syndrome néphrotique léthargique glomérulaire mineur,Présence des dépôts EM pour la Glomérulonephrite épiglottide
OIC-261-08-A,Quel est le diagnostic histologique d'un syndrome néphrotique avec lésions glomérulaires minimes (SNLGM)?,Fusion des pieds des podocytes,Dépôts de fibrine dans les capillaires rénaux,Hyalinose segmentaire et focale primitive,Prolifération épithéliale tubulaire distale,Fusion des pieds des podocytes
OIC-261-09-B,Quels sont les principes du traitement d'un syndrome néphrotique léptomélique glomérulaire idiopathique (SNLGM idiopathique)?,Traitement symptomatique du syndrome néphrotique.,"Corticothérapie orale, à forte dose et prolongée, avec ses traitements adjuvants.",Traitement par dialyse.,Traitement chirurgical de la glomérulonefrite.,"B. Corticothérapie orale, à forte dose et prolongée, avec ses traitements adjuvants."
OIC-261-10-B,Quels sont les principaux modes évolutifs du syndrome néphrotique lié au glomérulonephrite ?,Corticosensibilité,Corticodépendance,Corticorésistance,Autres,"Corticosensibilité, Corticodépendance, Corticorésistance"
OIC-261-11-B,"La glomérulopathie extra-membraneuse (GEM) est suspectée chez un patient présentant un syndrome néphrotique et des anticorps anti-PLA2R dans le sérum. La biopsie rénale confirme la GEM. Les dépôts extramembraneux sont constitués d'IgG et de C3, ce qui est typique de la GEM. Quelles autres caractéristiques cliniques et biologiques peuvent être attendues dans cette condition ? A) La présence de prolifération glomérulaire sur la biopsie rénale, B) Une MBG épaisse et spiculée uniquement sur son versant interne, C) Des dépôts membranaires d'IgG et de C3, D) Un syndrome néphrotique avec protéinurie et hypoalbuminémie.",La présence de prolifération glomérulaire sur la biopsie rénale,Une MBG épaisse et spiculée uniquement sur son versant interne,Des dépôts membranaires d'IgG et de C3,Un syndrome néphrotique avec protéinurie et hypoalbuminémie,D) Un syndrome néphrotique avec protéinurie et hypoalbuminémie
OIC-261-12-B,"La néphropathie à IgA peut être suspectée dans les cas d'hématurie microscopique isolée ou associée à une protéinurie, notamment après un épisode infectieux ORL, et doit être confirmée par biopsie rénale.",Une névrite interstitielle est plus probable que la néphropathie à IgA.,La présence de dépôts mésangiaux d'IgA et de C3 confirme le diagnostic de NIgA.,"Le syndrome d'hématurie macroscopique récidivante est typiquement suspecté dans les syndromes glomérulaires, mais la NIgA n'est pas la cause la plus probable.",La NIgA secondaire peut être associée à des maladies inflammatoires chroniques de l'intestin ou à des spondylarthropathies.,C. La néphropathie à IgA
OIC-261-13-B,Quels sont les principaux facteurs pronostiques de la néphropathie à IgA primitive?,L'HTA est le principal facteur pronostique,La protéinurie est le principal facteur pronostique,La créatininémie au diagnostic est le principal facteur pronostique,La sévérité de la fibrose rénale impacte le plus le pronostic,La protéinurie est le principal facteur pronostique
OIC-261-14-A,Quelle est la cause principale de glomérulonéphrite rapidement progressive (GNRP) ? ,Maladie de Goodpasture,Infections bactériennes,Lupus systémique,Polyangéite microscopique,Maladie de Goodpasture
OIC-261-15-A,Quel est le syndrome associé à la néphropathie glomérulaire qui nécessite une hémodialyse en urgence et présente des complications telles qu'une hémorragie intra-alvéolaire et une hypoxie ?,Syndrome de Goodpasture,Syndrome de Henoch-Schönlein purpura,Syndrome de Wegener granulomatosis,Syndrome de Thrombotique thrombocytopenie,Syndrome de Goodpasture
OIC-261-16-B,Quelle est la forme typique de glomérulonéphrite aiguë post infectieuse?,GN aiguë post-antibiotique,GN aiguë post-streptococcique,GN aiguë post-virale,GN aiguë post-bactérienne,GN aiguë post-streptococcique
OIC-261-17-B,Quels sont les éléments paracliniques qui conduisent à suspecter une glomérulonéphrite aiguë post infectieuse (GNA)?,"Demande de sédiment urinaire, protéinurie et fonction rénale.",Recherche d'infection bactérienne et dosage du complément.,Biopsie rénale chez l'adulte pour confirmer le diagnostic.,Tous les éléments mentionnés précédemment.,"Demande de sédiment urinaire, protéinurie et fonction rénale."
OIC-261-18-B,Quel est le traitement des principales néphropathies glomérulaires (autres que le SNLGM) ?,Traitement symptomatique et anti-protéinurique,Corticoïdes et immunosuppresseurs,Traitement spécifique selon la cause,Traitement symptomatique,Corticoïdes et immunosuppresseurs
OIC-263-01-A,Quels sont les différents types de néphropathies vasculaires?,Nephroangiosclérose maligne,Emboles de cristaux de cholestérol,Syndrome hémolytique et urémique,Sténose de l'artère rénale,"Nephroangiosclérose maligne, Emboles de cristaux de cholestérol, Syndrome hémolytique et urémique, Sténose de l'artère rénale"
OIC-263-02-A,"Le syndrome de microangiopathie thrombotique se caractérise par : A) Une anémie hémolytique mécanique avec présence de schizocytes, B) Une thrombopénie de consommation et une ou plusieurs dysfonctions d'organe, C) Un déficit en globules rouges, D) Des plaquettes élevées.",Une anémie hémolytique mécanique avec présence de schizocytes,Une thrombopénie de consommation et une ou plusieurs dysfonctions d'organe,Un déficit en globules rouges,Des plaquettes élevées,"Une anémie hémolytique mécanique avec présence de schizocytes, Une thrombopénie de consommation et une ou plusieurs dysfonctions d'organe"
OIC-263-03-B,Quelles sont les causes de microangiopathie thrombotique ?,"Infections telles que la grippe H1N1, le VIH ou la septicémie.","Maladies auto-immunes comme la sclérodermie, le lupus érythémateux disséminé ou le syndrome des anti-phospholipides.","Utilisation de médicaments tels que la mitomycine C, la gemcitabine, le ciclosporine ou le tacrolimus.",Dysimmunitaires liés à un cancer ou une maladie maligne.,"Infections telles que la grippe H1N1, le VIH ou la septicémie."
OIC-263-04-B,Quel est le syndrome associé à une insuffisance rénale aiguë et un syndrome de MAT?,Syndrome hémolytique et urémique,Syndrome d'uremie toxique,Syndrome hématopoïétique,Syndrome de Shiga,Syndrome hémolytique et urémique
OIC-263-05-B,Le diagnostic d'une infection par Shiga-toxigène E. coli (STEC) est confirmé par la détection de quel élément spécifique dans les selles?,Antigenes shigatoxiques,Gènes codant pour les shigatoxines,Souches de STEC isolées,Presence d'E. coli dans les selles,Gènes codant pour les shigatoxines
OIC-263-06-A,Quel est le diagnostic d'une sténose de l'artère rénale?,Stenose athéromateuse,Fibrodysplasie de la media,Atheromatose,Athérome,Stenose athéromateuse
OIC-263-07-B,Quelles sont les deux principales causes de sténose de l'artère rénale?,Athérome,Fibrodysplasie,Inflammation,Tumor,Athérome et Fibrodysplasie
OIC-263-08-B,"La démarche diagnostique d'une sténose de l'artère rénale comprend les examens suivants, sauf celui-ci :",Angiographie rénale,Tomodensitométrie spiralée,Doppler des artères rénales,Échographie rénale,Angiographie rénale
OIC-263-09-A,Quelle est la maladie liée à l'obstruction d'artérioles et de capillaires par des cristaux de cholestérol après rupture d'une plaque d'athérome souvent révélés par des signes cutanés?,Nephroangiosclerosis benign,Infarctus renal,Stenosis of the renal artery,Renal disease due to emboli from atrial fibrillation,La maladie des emboles de cristaux de cholestérol
OIC-263-10-B,Quel examen met en évidence les cristaux dans la maladie des emboles de cholestérol?,Biopsie cutanée d'un livedo,Fond d'œil,Biopsie rénale,Todas las anteriores,Biopsie rénale
OIC-265-01-A,Quelle est la définition de la lithiase urinaire?,Maladie caractérisée par l'obstruction rénale due à des calculs dans les voies urinaires,Pathologie qui se manifeste par la formation de cristaux et d'une matrice extra-cellulaire dans le système urinaire,Condition qui entraîne la formation de calculs dans la vessie due à une stase des urines,Maladie caractérisée par l'obstruction rénale secondaire à un obstacle tel que hypertrophie bénigne de la prostate,Pathologie qui se manifeste par la formation de cristaux et d'une matrice extra-cellulaire dans le système urinaire
OIC-265-02-B,Quelle est l'épidémiologie des lithiases urinaires ?,"La prévalence mondiale des lithiases varie de 5% à 20%, avec une incidence plus élevée chez les hommes.","Les facteurs géographiques, climatiques, ethniques, diététiques et génétiques influencent l'incidence des lithiases urinaires.",La prévalence en France est de 5% et le sex ratio est de 1 homme pour 2 femmes.,Les lithiases urinaires sont plus fréquentes chez les femmes que chez les hommes.,"Les facteurs géographiques, climatiques, ethniques, diététiques et génétiques influencent l'incidence des lithiases urinaires."
OIC-265-03-B,Quel est le type de calcul le plus fréquent dans les cas de lithiase urinaire?,Phosphate de calcium,Oxalate de calcium,Phosphate ammoniaco-magnésien,Cystine,Oxalate de calcium
OIC-265-04-B,Quels sont les principaux facteurs lithogènes?,"Produits laitiers, protéines animales, le sel (NaCl), aliments riches en oxalate, aliments riches en purines, sucres rapides, diminution de la consommation de fibres alimentaires, diurèse insuffisante et insuffisance des apports liquidiens.","Antécédents urinaires dans 40% des cas, cystinurie comme maladie génétique fréquente, infections urinaires (BGN) Pseudomonas, Klebsielle, Proteus mirabilis, anomalies anatomiques (stase urinaire), calculs médicamenteux (Indinavir, Diamox).","Les facteurs alimentaires et les modifications thérapeutiques du mode de vie, les facteurs familiaux, les infections urinaires, les anomalies anatomiques, les calculs médicamenteux.","Facteurs alimentaires, facteurs familiaux, infections urinaires, anomalies anatomiques, calculs médicamenteux.","Les facteurs alimentaires et les modifications thérapeutiques du mode de vie, les facteurs familiaux, les infections urinaires, les anomalies anatomiques, les calculs médicamenteux."
OIC-265-05-A,Quelle est la définition de la colique néphrétique ?,Douleur brutale par mise en tension de la voie excrétrice supérieure,Syndrome douloureux lombo-abdominal résultant d’une obstruction urinaire quelconque,Lombalgie homolatérale à l’obstruction irradiant vers les organes génitaux externes,Douleur aiguë dans le bassin avec irradiation vers les testicules,A
OIC-265-06-A,Quels sont les facteurs favorisants de la colique néphrétique?,Voyage,Chaleur,Deshydratation,Activité physique,Toutes les options sont correctes
OIC-265-07-A,La colique néphrétique simple est caractérisée par :,"Douleur, fièvre et frisson.",Oligo-anurie et insuffisance rénale biologique.,Résistance aux antalgiques.,Cédation avec un traitement par AINS.,D. Cédation avec un traitement par AINS.
OIC-265-08-A,Quelle est la principale indication du paracétamol dans le contexte de la colique néphrétique compliquée chez une femme enceinte?,Traitement de l'hyperthermie,Analgesie pour douleurs rénales,Prévention des calculs rénaux,Traitement de l'anurie,Analgesie pour douleurs rénales
OIC-265-09-B,"Quels sont les autres symptômes cliniques associés à un calcul urinaire, en dehors de la colique néphrétique?",aucun,hématurie,infections urinaires,insuffisance rénale,aucun
OIC-265-10-B,Quels examens d’imagerie sont indiqués pour une lithiase urinaire?,Echographie urinaire,TDM (Tomodensitométrie),Couple ASP-échographie,Scanner abdomino-pelvien,Couple ASP-échographie
OIC-265-11-A,Quels sont les examens biologiques à réaliser en urgences devant une colique néphrétique ?,"Bandelette urinaire, NFS, ionogramme, créatininémie, CRP","Bandelette urinaire, NFS, ionogramme, créatininémie","Bandelette urinaire, NFS, ionogramme, CRP","NFS, ionogramme, créatininémie, CRP","Bandelette urinaire, NFS, ionogramme, créatininémie, CRP"
OIC-265-12-B,Quels sont les examens complémentaires recommandés pour le diagnostic étiologique de la lithiase urinaire selon le comité lithiase ?,"Analyse morphologique et infrarouge du calcul ou des fragments, bilan métabolique sur urines fraiches du matin et 24 heures ainsi qu'analyse sanguine.",Imagerie par résonance magnétique (IRM) de l'abdomen pour visualiser les calculs urinaires,Tomographie à émission de positons (TEP) pour détecter la présence de calculs dans le rein ou d'autres organes,Biopsie rénale directe pour analyser l'échantillon obtenu en détail,"Analyse morphologique et infrarouge du calcul ou des fragments, bilan métabolique sur urines fraiches du matin et 24 heures ainsi qu'analyse sanguine."
OIC-265-13-B,Quelles sont les principales anomalies métaboliques associées à des lithiases calciques?,Hyperparathyroidie,Hypercalciuries,Hyperoxalurie,Acidose tubulaire rénale,Hyperparathyroidie
OIC-265-14-A,Quels sont les principes de la prise en charge d'une lithiase urinaire?,Observation et thérapie médicale expulsive,"Dérivation en urgence (JJ, nephrostomie)",Traitement actif pour le rein unique,Traitement actif pour les deux reins,Observation et thérapie médicale expulsive
OIC-267-01-A,"Les indications de la gazométrie incluent les situations où il est nécessaire de réaliser des GDS artériels (choc, insuffisance respiratoire aiguë) et veineux (suspicion d'acido-étose).",Toutes les situations mentionnées,Seules les situations avec suspicion de pathologie pulmonaire hypoxémiante sont indiquées pour la gazométrie,Seules les situations avec suspicion clinique de déséquilibre acido-étose sont indiquées pour la gazométrie,Seules les situations avec suspicion d’acido-cétose sont indiquées pour la gazométrie,Toutes les situations mentionnées
OIC-267-02-B,Quelle est la principale source d'acide chez l'être humain ?,Les acides volatils,Les acides fixes,Le rein,Le poumon,Les acides volatils
OIC-267-03-A,Quelle est la définition d'un trouble acido-basique et comment peut-on le caractériser métaboliquement ou ventilatoriement ?,Trouble acido-basique : désordre du système bihormonal qui entraîne une altération de l'équilibre acido-basique,"Trouble acido-basique : désordre du système bihormonal caractérisé par un pH sanguin < 7,35 ou > 7,45",Trouble acido-basique : désordre du système bihormonal caractérisé par une acidémie ou une alcalémie,"Trouble acido-basique : désordre du système bihormonal caractérisé par un pH sanguin < 7,35 ou > 7,45 et une altération de la gazométrie circulante sanguine","Trouble acido-basique : désordre du système bihormonal caractérisé par un pH sanguin < 7,35 ou > 7,45 et une altération de la gazométrie circulante sanguine"
OIC-267-04-A,Quelles sont les anomalies cliniques graves à rechercher dans un cas de troubles de l'équilibre acido-basique et désordres hydro-électrolytiques?,Hypotension artérielle,Tachycardie,Hyperkaliémie,Hypokalemie,A
OIC-267-05-A,"Quelle est la première étape du diagnostic d'une acidose métabolique liée à une insuffisance rénale, à une diarrhée, à une acidose lactique ou à une acidocétose?",Mesurer le pH sanguin artériel,Mesurer la concentration en bicarbonates dans le sang,Déterminer le trou anionique plasmatique,Tout faire simultanément,Déterminer le trou anionique plasmatique
OIC-267-06-B,Quel est le mécanisme de l'acidose tubulaire rénale et quelles sont ses principales causes?,Intoxication avec un acide exogène,Acidose hyperchlorémique,Acidose distale rénale,Acidose métabolique hyperchlorémique,Acidose tubulaire rénale
OIC-267-07-A,Quelles sont les principales causes d'acidose respiratoire?,Une pneumonie sévère,Un syndrome de Guillain-Barré,Une encéphalite,Une fracture vertébrale,Une pneumonie sévère
OIC-267-08-B,"Quel est le traitement nécessaire pour prévenir la fonte musculaire, la déminéralisation osseuse et chez l’enfant le retard de croissance dans le cadre d’une acidose métabolique chronique?",Apport en glucides,Apport en protéines,Apport en lipides,Apports de bicarbonate de sodium par voie orale,Apports de bicarbonate de sodium par voie orale
OIC-267-09-B,Quelle est la prise en charge des troubles acido-basiques aigus sévères ?,"Traitement de la cause, élimination du CO2 et alcalinisation.",Alcalinisation uniquement dans les acidoses lactiques ou hyperchlorémiques.,Alcalinisation uniquement dans les acidoses associées à certaines intoxications.,"Traitement de la cause, élimination du CO2 et épuration extrarénale si insuffisance rénale organique associée.",Alcalinisation uniquement dans les acidoses lactiques ou hyperchlorémiques.
OIC-267-10-B,Quels sont les principes de la régulation de la kaliémie?,La régulation de la kaliémie est assurée par des systèmes internes qui contrôlent le transfert intracellulaire du potassium via l'activité de la NaK-ATPase.,La régulation externe de la kaliémie est principalement assurée par l'aldostérone.,Les catécholamines et l'insuline stimulent l'entrée cellulaire du potassium.,L'état acido-basique bloque l'entrée cellulaire du potassium et augmente la fuite passive de potassium vers le secteur extracellulaire.,La régulation de la kaliémie est assurée par des systèmes internes qui contrôlent le transfert intracellulaire du potassium via l'activité de la NaK-ATPase.
OIC-267-11-A,Quelles sont les indications de prescription d'une kaliémie et la définition de l'hyperkaliémie ?,"L'hyperkaliémie est définie par une concentration plasmatique du potassium supérieure à 5,0 mmol/L.","Des fausses hyperkaliémies sont dues à la libération de potassium du compartiment intracellulaire vers le compartiment extracellulaire dans le tube de prélèvement : Hémolyse lors d'un prélèvement laborieux avec un garrot serré, centrifugation tardive du tube (prélèvement au domicile du patient), hyperleucocytose majeure (> 100 000/mm3) ou thrombocytémie (> 1 000 000/mm3).","Le dosage de la kaliémie à la recherche d'une hyperkaliémie doit être effectué en IRA, IRC, avec prescription et surveillance de médicaments altérant le métabolisme du potassium (Bloqueurs du système rénine-angiotensine IEC-ARA2…, diurétiques épargneurs de potassium, AINS…), trouble musculaire aigue, trouble de la conduction et du rythme cardiaque, état de choc, perte de connaissance.",Toutes les indications mentionnées précédemment sont à prendre en compte pour le dosage de la kaliémie à la recherche d'une hyperkaliémie.,"L'hyperkaliémie est définie par une concentration plasmatique du potassium supérieure à 5,0 mmol/L. Des fausses hyperkaliémies sont dues à la libération de potassium du compartiment intracellulaire vers le compartiment extracellulaire dans le tube de prélèvement : Hémolyse lors d'un prélèvement laborieux avec un garrot serré, centrifugation tardive du tube (prélèvement au domicile du patient), hyperleucocytose majeure (> 100 000/mm3) ou thrombocytémie (> 1 000 000/mm3). Le dosage de la kaliémie à la recherche d'une hyperkaliémie doit être effectué en IRA, IRC, avec prescription et surveillance de médicaments altérant le métabolisme du potassium (Bloqueurs du système rénine-angiotensine IEC-ARA2…, diurétiques épargneurs de potassium, AINS…), trouble musculaire aigue, trouble de la conduction et du rythme cardiaque, état de choc, perte de connaissance. Toutes les indications mentionnées précédemment sont à prendre en compte pour le dosage de la kaliémie à la recherche d'une hyperkaliémie."
OIC-267-12-B,Quels sont les signes cliniques de l'hyperkaliémie?,Anomalies neuro-musculaires non spécifiques,Signes hémodynamiques graves,Troubles gastro-intestinaux,Alterations psychiatriques,Anomalies neuro-musculaires non spécifiques
OIC-267-13-A,Quels sont les symptômes cardiaques de l'hyperkaliémie?,Repolarisation accélérée avec augmentation de l'amplitude des ondes T,"Anomalies de la conduction auriculaire, auriculo-ventriculaire et intraventriculaire",Bradycardie à QRS large précédant l'asystolie,Arythmies ventriculaires,"B Anomalies de la conduction auriculaire, auriculo-ventriculaire et intraventriculaire"
OIC-267-14-A,Quelles sont les principales causes d'hyperkaliémie?,Insuffisance rénale,Acidose métabolique,"Medicaments (apports en sel de K, BSRA, Epargneurs de K, Trimethoprime, AINS, héparine...)",Hypovolémie efficace ou insuffisance cardiaque,"Insuffisance rénale, acidose métabolique, médicaments (apports en sel de K, BSRA, Epargneurs de K, Trimethoprime, AINS, héparine...), hypovolémie efficace ou insuffisance cardiaque"
OIC-267-15-A,Quel est le traitement d'urgence pour une hyperkaliémie sévère?,Administer des sels de calcium IV,Utiliser un antagoniste membranaire limitant l'hypoexcitabilité induite par l'hyperkaliémie,Transfert du potassium vers le compartiment intracellulaire,Prendre un avis spécialisé pour l'indication d'une électrocardiogramme (ECG),Administer des sels de calcium IV
OIC-267-16-B,Quels sont les autres traitements d'urgence pour une hyperkaliémie sévère?,*Transfert du K vers le compartiment intracellulaire : Agents β-adrénergiques (salbutamol) : 20/mg en nébulisation,"**Alcalinisation modérée en cas d’acidose métabolique à TA normal (Bicarbonate de Na, 14 g ‰, 42 g ‰ ou 84 g ‰). L’OAP est une contre-indication à ce traitement.",*Élimination de la surcharge potassique : épuration extrarénale par hémodialyse est le traitement de choix en cas d’insuffisance rénale sévère,"**Diurétiques de l’anse (furosémide, bumétanide) : si œdème pulmonaire et insuffisance rénale organique associée",Transfert du K vers le compartiment intracellulaire  (2) : Agents β-adrénergiques (salbutamol) : 20/mg en nébulisation
OIC-267-17-A,"Le traitement de l'hyperkaliémie chronique modérée comprend la diminution des apports potassiques alimentaires et intraveineux, l'adaptation de la posologie des médicaments hyperkaliémiants, la correction d'une acidose métabolique modérée, et l'administration des résines échangeuses d'ions. Quelle est la cinquième option de traitement ? ",Administration de diurétiques hypokaliémiants en cas d'HTA ou de surcharge hydrosodée.,Les cas d'hyperkaliémie avec hypoaldostéronisme sont efficacement traités par le 9α-fluorohydrocortisone.,"La cinquième option de traitement n'est pas la prise en charge du patient, mais plutôt une évaluation clinique régulière.",L'administration de diurétiques hypokaliémiants est inefficace dans le traitement de l'hyperkaliémie chronique modérée.,Administration de diurétiques hypokaliémiants en cas d'HTA ou de surcharge hydrosodée.
OIC-267-18-A,Quelle est la définition de l'hypokaliémie?,"Une concentration plasmatique de potassium inférieure à 3,5 mmol/L",Un passage de potassium du compartiment extracellulaire vers le compartiment intracellulaire chez des malades leucémiques très hyperleucocytaires,Une fausse hypokaliémie due à un prélèvement sanguin prolongé à température ambiante,Toutes les réponses sont correctes,"Une concentration plasmatique de potassium inférieure à 3,5 mmol/L"
OIC-267-19-A,Quels sont les symptômes cliniques de l'hypokaliémie?,"Crampes, myalgies et faiblesse musculaire","Constipation, iléus paralytique et retard à la reprise du transit post-opératoire","Syndrome polyuro-polydipsique, alcalose métabolique et néphropathie interstitielle chronique",Tous les symptômes mentionnés précédemment,"Crampes, myalgies et faiblesse musculaire"
OIC-267-20-A,Quels sont les signes ECG associés à l'hypokaliémie ? ,Dépression du segment ST,Affaissement voire inversion de l'onde T,Apparition d'une onde U pathologique en V3 et DII,Allongement de l'espace QT,Dépression du segment ST; Affaissement voire inversion de l'onde T; Apparition d'une onde U pathologique en V3 et DII; Allongement de l'espace QT
OIC-267-21-A,Quelles sont les principales étiologies des hypokaliémies?,Carence d’apport,Transfert excessif du compartiment extracellulaire vers le compartiment intracellulaire,Augmentation des pertes de potassium,Insuffisance cardiaque,"Carence d’apport, Transfert excessif du compartiment extracellulaire vers le compartiment intracellulaire, Augmentation des pertes de potassium"
OIC-267-22-A,"Si un patient a une hypokaliémie sévère avec des troubles cardiaques, QT augmenté ou des signes neuromusculaires, quel traitement d'urgence doit être appliqué pour rétablir la kalième ?",Apport de glucose intraveineux,Administration de KCl orale,Supplémentation en magnésium,Perfusion continue d'insuline,Apport de glucose intraveineux
OIC-267-23-A,Quelle est la définition biologique de l'hyponatremie sévère ?,Na+ < 125 mmol/L,[Na+] < 130 mmol/L,HCO3- < 22 mmol/L,"pH < 7,35",B. [Na+] < 130 mmol/L
OIC-267-24-B,Quelle est la cause principale de l'hyponatrémie dans le syndrome de SIADH ?,Insuffisance cardiaque congestive,Cirrhose,Syndrome néphrotique,Hyperhydratation extracellulaire,La cause principale de l'hyponatrémie dans le syndrome de SIADH est la sécrétion inappropriée d'ADH.
OIC-267-25-A,Quels sont les symptômes d'hyponatrémie ?,"Nausées sans vomissements, confusion, cephalees","Vomissements, détresse cardio-respiratoire, somnolence anormale et profonde, troubles de conscience, coma avec un score Glasgow ≤ 8",Les deux options précédentes,Aucune des options précédentes,Ces deux options précédentes
OIC-267-26-A,Quelles sont les principales étiologies des hyponatrémies ?,Hydrocortisone,Insuffisance cardiaque,Cirrhose,Hyperglycémie,Insuffisance cardiaque
OIC-267-27-A,Le traitement d'une hyponatrémie asymptomatique consiste en : A) La restriction hydrique et l'arrêt de certains médicaments. B) L'administration d'urée per os. C) L'utilisation d'un antagoniste des récepteurs V2 de l'ADH. D) Une perfusion rapide de NaCl hypertonique.,La restriction hydrique et l'arrêt de certains médicaments.,L'administration d'urée per os.,L'utilisation d'un antagoniste des récepteurs V2 de l'ADH.,Une perfusion rapide de NaCl hypertonique.,D) Une perfusion rapide de NaCl hypertonique.
OIC-267-28-A,Quel est le principal risque lors de la correction rapide des hyponatrémies chroniques?,Myélinolyse centro-pontine,Insuffisance cardiaque congestive,Hypertension artérielle pulmonaire,Hyperkaliémie,Myélinolyse centro-pontine
OIC-267-29-A,Quel est le diagnostic biologique d'une hypernatrémie?,Hyperglycémie,Hypokaliémie,Hyponatrémie,Hypercalcémie,c. Hyponatrémie
OIC-267-30-B,Quelles sont les conditions physiologiques nécessaires à la réabsorption d'eau dans le tubule collecteur ?,L'existence d'un gradient corticopapillaire,La sécrétion d'ADH par l'hypothalamus,Une soif normale,Toutes les conditions précédentes sont nécessaires,Toutes les conditions précédentes sont nécessaires
OIC-267-31-A,Quels sont les signes neurologiques liés à l'hypernatrémie ?,Somnolence et asthénie,"Irritabilité, fièvre d'origine centrale et crise convulsive",Coma et hémorragies cérébro-méningées,Hémorragies cérébro-méningées et thromboses veineuses cérébrales,Somnolence et asthénie
OIC-267-32-A,Quelles sont les principales causes de deshydratation intracellulaire?,Déshydratation globale (hypovolémie associée à un déficit en eau plus marqué que le déficit en sodium),Déshydratation intracellulaire isolée (euvolémie extracellulaire associée) avec perte d'eau non compensée,Hyperhydratation extracellulaire et Déshydratation intracellulaire : Apport massif de sodium,"Déficit d'apport d'eau : anomalies hypothalamiques, par absence d'accès libre à l'eau ou par absence d'eau (zones désertiques)",Déshydratation globale (hypovolémie associée à un déficit en eau plus marqué que le déficit en sodium)
OIC-267-33-A,Quelle est la vitesse maximale recommandée pour corriger une hypernatrémie aiguë chez l'adulte ?,4 mmol/L/h,2 mmol/L/h,1 mmol/L/h,"0,5 mmol/L/h",b
OIC-267-34-A,Dans quelles circonstances une hypocalcémie doit être recherchée et définir l'hypocalcémie,"Une hypocalcémie doit être recherchée dans les cas de troubles neuro-musculaires, cardiaques ou pathologies exposant à l'hypocalcémie.",Une hypocalcémie doit être recherchée dans les cas d'insuffisance rénale chronique ou antécédents d'intervention sur le parathyroïdes.,"Une hypocalcémie doit être recherchée dans les cas de troubles neuro-musculaires, cardiaques et pathologies exposant à l'hypocalcémie.","Une hypocalcémie doit être recherchée dans les cas d'insuffisance rénale chronique ou antécédents d'intervention sur le parathyroïdes et troubles neuro-musculaires, cardiaques.","Une hypocalcémie doit être recherchée dans les cas de troubles neuro-musculaires, cardiaques ou pathologies exposant à l'hypocalcémie."
OIC-267-35-B,Quels sont les mécanismes physiologiques qui peuvent conduire à une hypocalcémie?,Diminution des pertes urinaires de calcium,Augmentation de la résorption osseuse,Réduction de l'absorption intestinale du phosphore,Stimulation accrue de la sécrétion par les glandes parathyroïdes de l'hormone parathyroïdienne (PTH),Augmentation de la résorption osseuse et diminution des pertes urinaires de calcium
OIC-267-36-A,Quels sont les principaux signes cliniques associés à une hypocalcémie ? ,"Troubles neuro-musculaires tels que paresthésies distales, crampes musculaires, spasmes laryngés, tétanie et convulsions.",Hypercalcémie,Hypokaliémie,Hyperkaliémie,"Troubles neuro-musculaires : paresthésies distales, crampes musculaires, spasmes laryngés, tétanie et convulsions."
OIC-267-37-B,Quelles sont les anomalies ECG observées en situation d'hypocalcémie?,A. Élargissement de l’espace PR,B. Élargissement de l’espace QT,C. Réduction de l’amplitude des potentiels P,D. Hypertrophie ventriculaire gauche,B. Élargissement de l’espace QT
OIC-267-38-A,Quel examen complémentaire est utile au diagnostic étiologique de l’hypocalcémie ?,Calcium total,Calcium ionisé et/ou albuminémie,Phosphate sérique,Parathormone (PTH) plasmatique,Distracteur 3 : Parathormone (PTH) plasmatique
OIC-267-39-A,Quelles sont les principales causes d'hypocalcémie ?,Insuffisance rénale chronique,Hypoparathyroïdie post chirurgie ou radiothérapie,Hypercalciurie,Vitamine D déficiente,Insuffisance rénale chronique
OIC-267-40-A,"Le traitement des hypocalcémies comprend la supplémentation en calcium et vitamine D, le traitement de la cause si possible, et le traitement symptomatique. Les options correctes sont : A) Supplémentation en calcium et vitamine D, B) Traitement de la cause si possible, C) Traitement symptomatique, D) Cas particuliers.",Supplémentation en calcium et vitamine D,Traitement de la cause si possible,Traitement symptomatique,Cas particuliers,Supplémentation en calcium et vitamine D
OIC-270-01-A,Quelles sont les principales causes urologiques des douleurs lombaires aiguës?,Lithiase urinaire,Infarctus rénal,Traumatisme rénal,Douleur testiculaire projetée,Lithiase urinaire
OIC-270-02-A,Quelles sont les étiologies et diagnostics différentiels des douleurs lombaires ?,"Lombalgies communes d’origine dégénérative discovertébrales (94, 95) et arthrose (129)","Lombalgies d’origine secondaire (non dégénératives): infectieuses (156), tumorales (93, 197), inflammatoires (197), traumatiques: fièvre, traumatisme, examen neurologique anormal","Douleurs référées (étiologies extra rachidiennes) : urologiques, néphrologiques, viscérales, vasculaires et cardiologiques, gynécologiques, pulmonaires",Toutes les options précédentes,Toutes les options précédentes
OIC-270-03-A,Quels sont les signes de gravité d'une lombalgie aiguë ?,Sepsis ou choc septique,"Oligo-anurie, insuffisance rénale aigue","Anémie aigue, hypotension artérielle, choc hémorragique",Trouble du rythme cardiaque,Sepsis ou choc septique
OIC-270-04-A,Quelle est la cause de la douleur lors d'une torsion du cordon spermatique?,Inflammation des trompes,Torsion de l'appendice testiculaire,Infection urinaire,Dilatation du rétroperitoneum,B) Torsion de l'appendice testiculaire
OIC-270-05-A,Quels sont les examens d'imagerie devant une douleur lombaire aiguë chez un adulte ?,IRM et scanner thoraco-abdomino-pelvien,Radiographies standards et échographie abdominale et pelvienne,Seulement IRM,Seulement scanner thoraco-abdomino-pelvien,IRM et scanner thoraco-abdomino-pelvien
OIC-270-06-A,Quel est le bilan biologique à prescrire en cas de douleur lombaire aiguë ?,"NFS, créatininémie, ionogramme sanguin, CRP, calcémie","NFS, créatininémie, ionogramme sanguin, CRP, calcémie et hémocultures","NFS, créatininémie, ionogramme sanguin, CRP, calcémie et test de grossesse","NFS, créatininémie, ionogramme sanguin, CRP, calcémie et D-dimères","NFS, créatininémie, ionogramme sanguin, CRP, calcémie et hémocultures"
OIC-270-07-B,Quels sont les facteurs qui peuvent conduire à la chronicisation d'une lombalgie aiguë ?,"Dépression, détresse affective, anxiété, peur de la douleur et du traumatisme, catastrophisme, fausses croyances quant à l'évolution, fausses informations, conflit familial.","Arrêts de travail prolongés, recherche de bénéfices secondaires, conflit professionnel, insatisfaction au travail, conflits et litiges avec une assurance, la Sécurité sociale, un expert, excès de sollicitude (famille, médecins), conditions de travail difficiles sans opportunité de changement, type d'activité professionnelle.","Compression médullaire non traumatique et syndrome de la queue de cheval, radiculalgie et syndrome canalaire, la personne handicapée, complications de l’immobilité et du décubitus. Prévention et prise en charge, principales techniques de rééducation et réadaptation (voir item 55), thérapeutiques antalgiques, environnement professionnel et santé au travail, médecine du travail et prévention des risques professionnels, accidents du travail et maladies professionnelles : définitions et enjeux.","Le pronostic est favorable, passé les premiers jours pour une lombalgie aigue (ou lumbago), mais pouvant durer plusieurs semaines ou mois dans les formes subaiguës ou chroniques.","Dépression, détresse affective, anxiété, peur de la douleur et du traumatisme, catastrophisme, fausses croyances quant à l'évolution, fausses informations, conflit familial."
OIC-283-01-B,Quel pourcentage des consultations pédiatriques sont motivées par la constipation?,3%,5%,10%,15%,b
OIC-283-02-A,Quelle est la définition de la constipation chronique?,Une réduction du nombre de selles hebdomadaires (< 3 selles/sem.),Des efforts de poussée exagérés pour évacuer,Une association des deux,Toutes les précédentes,Toutes les précédentes
OIC-283-03-B,Quelle est la cause la plus fréquente de la constipation chez l'enfant?,Origine fonctionnelle,Orgine organique et surtout congénitale,Hypertonie du sphincter,Obstacle anal,Origine fonctionnelle
OIC-283-04-B,Quels sont les examens complémentaires systématiques indiqués dans le cadre du diagnostic d'une constipation chronique chez un patient âgé ?,Aucun examen complémentaire n'est systématiquement indiqué.,Coloscopie et manométrie ano-rectale.,Défécographie et déféco-IRM.,Lavement opaque chez l'enfant.,Aucun examen complémentaire n'est systématiquement indiqué.
OIC-283-05-A,Le toucher rectal dans le cadre d'une constipation peut permettre de : A) Distinguer une fissure anale d'une hémorroïde ; B) Déceler la présence d'un abcès anal ; C) Identifier un diverticule sigmoïdien ; D) Repérer une rectocèle.,Distinguér une fissure anale d'une hémorroïde,Déceler la présence d'un abcès anal,Identifier un diverticule sigmoïdien,Repérer une rectocèle,Distinguér une fissure anale d'une hémorroïde
OIC-283-06-B,Quelle est la constipation secondaire révélatrice d'une maladie digestive ou extra-digestive qu'il faut rechercher lors de l'interrogatoire ?,Constipation idiopathique,Constipation fonctionnelle,Constipation congénitale,Constipation organique,Constipation secondaire
OIC-283-07-A,Quels sont les principaux conseils à donner pour traiter la constipation chez l'adulte?,Règles hygiéno-diététiques,Laxatifs,Thérapie comportementale,Chirurgie,A
OIC-283-08-B,Quelles sont les complications de la constipation chronique chez l'enfant?,- Encoprésie,- Fissure anale : pleurs à la défécation et rectorragies,- Prolapsus rectal,- Douleurs abdominales (soulagées par émission des selles),"Encoprésie, fissure anale : pleurs à la défécation et rectorragies, prolapsus rectal, douleurs abdominales (soulagées par émission des selles)"
OIC-283-09-B,Quelle est la prise en charge recommandée pour la constipation chronique chez l'enfant plus grand ?,Osmotiques uniquement,PEG uniquement,Lavements uniquement,Osmotiques et PEG associés,D. Osmotiques et PEG associés
OIC-284-01-A,Quels sont les différents sous-types du syndrome de l'intestin irritable (SII)?,Le SII avec diarrhée prédominante (SII- D),Le SII avec constipation prédominante (SII-C),Le SII avec alternance de diarrhée et de constipation (SII-A),Le SII indéterminé (SII-I),Le SII avec diarrhée prédominante (SII- D) Le SII avec constipation prédominante (SII-C) Le SII avec alternance de diarrhée et de constipation (SII-A) Le SII indéterminé (SII-I)
OIC-284-02-A,Quels sont les critères diagnostiques du syndrome de l'intestin irritable selon les critères de Rome?,Douleur abdominale récidivante au moins un jour par semaine dans les trois derniers mois,Douleur abdominale en relation avec la défécation,Douleur abdominale associée à une modification de la fréquence des selles,Douleur abdominale associée à une modification de l’aspect des selles,"Douleur abdominale récidivante au moins un jour par semaine dans les trois derniers mois et deux des critères suivants : en relation avec la défécation, associée à une modification de la fréquence des selles ou associée à une modification de l’aspect des selles."
OIC-284-03-B,Quelle est la prévalence estimée du syndrome de l'intestin irritable dans la population générale ?,2% de la population générale,4% de la population générale,6% de la population générale,8% de la population générale,b) 4% de la population générale
OIC-284-04-A,"Le principal symptôme rapporté est la douleur abdominale chronique, à type de spasme, le plus souvent localisée en fosse iliaque gauche ou en hypogastre (mais elle peut être présente sur l’ensemble du cadre colique), elle n’est classiquement pas présente la nuit et peut être exacerbée par l'alimentation. Elle est intermittente et survient par crise. Il existe souvent une aggravation par les épisodes de stress ou l’anxiété et une accalmie pendant les périodes de repos comme les vacances. Les douleurs sont en lien avec le transit (amélioration ou aggravation après la défécation).",La douleur abdominale chronique à type de spasme.,Le trouble du transit.,Les deux symptômes précédents.,Aucun des symptômes mentionnés ne correspond à la maladie.,"The correct answer is C) Les deux symptômes précédents. The main symptom reported is chronic abdominal pain, which is often described as cramping and located in the left iliac fossa or epigastric region (although it can also be present throughout the colicky area). It is not typically present at night and can be exacerbated by eating. The pain is intermittent and occurs in episodes. There is often an aggravation during periods of stress or anxiety, with relief during rest periods such as vacations. The pain is associated with changes in bowel movements (improvement or worsening after defecation). The second key symptom of the disease is a disorder of bowel function. This can include constipation, clinically defined as fewer than 3 bowel movements per week, hard stools, or difficulty evacuating. There may also be diarrhea, defined as frequent bowel movements, often postprandial, and sometimes liquid in consistency. These bowel movements may be urgent and some patients develop a syndrome of seeking toilets (locating available toilets in anticipation of defecation), or alternating bouts of diarrhea and constipation."
OIC-284-05-A,Quels sont les signes cliniques qui doivent inciter à effectuer une coloscopie pour éliminer une organicité?,ATCD familiaux,âge>50 ans,aggravation des sp ou résistance au ttt,amaigrissement,"ATCD familiaux, âge>50 ans, aggravation des sp ou résistance au ttt, amaigrissement, hémorragie digestive, anomalies cliniques"
OIC-284-06-B,Quelles sont les indications pour une coloscopie ?,Toutes les personnes âgées de plus de 50 ans.,Une personne présentant des selles sanglantes (rectorragies ou méléna).,Une personne qui souffre de symptômes nocturnes.,Une personne amaigrie.,"Toutes les personnes âgées de plus de 50 ans, une personne présentant des selles sanglantes (rectorragies ou méléna), une personne qui souffre de symptômes nocturnes et une personne amaigrie."
OIC-284-07-B,Quels sont les principaux diagnostics différentiels et les examens complémentaires à réaliser pour éliminer une pathologie organique chez un patient consultant pour un syndrome d'irritation intestinale (SII) ?,"Les principaux diagnostics différentiels sont les maladies inflammatoires de l'intestin, la maladie cœliaque et les colites microscopiques. Les examens complémentaires à réaliser pour éliminer une pathologie organique incluent un bilan biologique, une NFS, une CRP, dosages de TSH et anticorps anti-transglutaminase de type IgA, ainsi qu'un examen parasitologique des selles.","Les principaux diagnostics différentiels sont les maladies inflammatoires de l'intestin, la maladie cœliaque et les colites microscopiques. Les examens complémentaires à réaliser pour éliminer une pathologie organique incluent un bilan biologique, une NFS, une CRP, dosages de TSH et anticorps anti-transglutaminase de type IgA.","Les principaux diagnostics différentiels sont les maladies inflammatoires de l'intestin, la maladie cœliaque et les colites microscopiques. Les examens complémentaires à réaliser pour éliminer une pathologie organique incluent un bilan biologique, une NFS, une CRP et dosages de TSH.","Les principaux diagnostics différentiels sont les maladies inflammatoires de l'intestin, la maladie cœliaque et les colites microscopiques. Les examens complémentaires à réaliser pour éliminer une pathologie organique incluent un bilan biologique, une NFS, une CRP et dosages de TSH, mais pas d'examen parasitologique des selles.","Les principaux diagnostics différentiels sont les maladies inflammatoires de l'intestin, la maladie cœliaque et les colites microscopiques. Les examens complémentaires à réaliser pour éliminer une pathologie organique incluent un bilan biologique, une NFS, une CRP, dosages de TSH et anticorps anti-transglutaminase de type IgA, ainsi qu'un examen parasitologique des selles."
OIC-284-08-A,"La thérapeutique en colopathie fonctionnelle est centrée sur le patient. La première étape consiste en l'éducation thérapeutique, qui comprend notamment la normalisation des symptômes et l'exploration des mécanismes physiopathologiques sous-jacents. Les traitements proposés peuvent inclure des antispasmodiques, laxatifs, ralentisseurs du transit, et en second intention, des régimes, probiotiques ou hypnose. La prise en charge psychologique peut être envisagée, ainsi que la prescription d'antidépresseurs. La diététique est également un élément important de la prise en charge, avec des conseils d'hygiène alimentaire et éventuellement un régime FODMAPs encadré par une diététicienne.",La thérapeutique est centrée sur le patient.,L'éducation thérapeutique est la première étape de la maladie.,"Les traitements peuvent inclure des antispasmodiques, laxatifs et ralentisseurs du transit en première intention, avec des options alternatives en second intention.","La prise en charge psychologique peut être envisagée, ainsi que la prescription d'antidépresseurs.",La thérapeutique est centrée sur le patient.
OIC-288-01-A,Quelles sont les composantes anatomiques des hémorroïdes?,Veines saphéno-femorales dilatées,Artères rénales dilatées,Shunts artério-veineux entre l'aorte et les veines fémorales,Tissu conjonctif à base osseuse,"Les hémorroïdes sont composées de lacs veineux dilatés, de petites artérioles ou shunts artério-veineux, d’un tissu de soutien et d’un épithélium de revêtement."
OIC-288-02-B,Quel pourcentage de la population adulte française est touchée par les hémorroïdes ?,25%,33%,50%,75%,33%
OIC-288-03-B,Quelle est la physiopathologie des hémorroïdes?,La maladie hémorroïdaire est due à une fragilisation du tissu de soutien ou matériel d'ancrage des hémorroïdes internes.,Les hémorroïdes sont des veines insuffisantes sans valvules conniventes.,La maladie hémorroïdaire est due à une inflammation du tissu hémorroïdaire.,La maladie hémorroïdaire n'est pas encore bien comprise.,La maladie hémorroïdaire est due à une fragilisation du tissu de soutien ou matériel d'ancrage des hémorroïdes internes.
OIC-288-04-A,Quel est le plexus visible lors d'un examen endocanal avec un anuscope?,Plexus interne,Plexus externe,Aucun des deux,Tous les deux,Plexus interne
OIC-288-05-A,Quelle est la caractéristique principale d'une thrombose hémorroïdaire externe?,La tuméfaction est indurée à la palpation,Elle modifie les plis radiés de l'anus,Elle est souvent assez localisée,La tuméfaction est bleutée et sensible,La tuméfaction est indurée à la palpation
OIC-288-06-A,"Les symptômes hémorroïdaires liés aux plexus internes peuvent s'exprimer de deux façons : soit de façon bruyante sur une courte période (crise hémorroïdaire), soit parce qu'ils s'installent dans la durée et sont accentués au cours et au décours de la défécation. La crise hémorroïdaire associe à divers degrés une sensation de cuisson, de tension ou de douleur vive de l'anus, des saignements rouges (''épistaxis anal'') défécatoires qui peuvent être spectaculaires mais ne sont pas mélangés aux matières et une tuméfaction anale (ou une perception de tension interne) sensible. Les symptômes surviennent de façon rapidement progressive et durent quelques jours. Ils sont souvent accentués par la défécation. Lorsque les signes s'installent de façon chronique, ils associent souvent des brûlures anales défécatoires et post défécatoires peu durables, une procidence de l'anus plus ou moins importante et plus ou moins réductible après la défécation et des saignements. Ils peuvent avoir une évolution périodique. Le prurit anal est une plainte souvent attribuée aux hémorroïdes mais la relation de causalité est ténue. Il ne doit pas être considéré comme un symptôme hémorroïdaire notamment en cas de chronicité. Il ne faut pas proposer un traitement instrumental ou chirurgical des hémorroïdes en cas de prurit anal chronique. La qualification du tissu hémorroïdaire en grade est classique : - pas de procidence dans la lumière de l'anuscope (Grade I) - procidence dans la lumière de l'anuscope mais pas à l'extérieur (Grade II) - procidence à l'extérieur de l'anus en poussée mais réintégration spontanée en fin de poussée (Grade III) - procidence permanente d'emblée (Grade IV). Dans cette situation, les hémorroïdes internes sont visibles à l'extérieur de l'anus et l'anuscopie n'est souvent pas nécessaire pour les visualiser. La valeur importante de l'examen clinique ne repose pas uniquement sur la description du tissu hémorroïdaire mais aussi sur la recherche de lésions associées : fissure anale dans les plis radiés (souvent au pôle postérieur de l'anus, la fissure anale est un diagnostic d'inspection), abcès ou fistule anale, condylomes, marisques, cancer du canal anal ou du rectum.","Les symptômes hémorroïdaires liés aux plexus internes peuvent s'exprimer de deux façons : soit de façon bruyante sur une courte période (crise hémorroïdaire), soit parce qu'ils s'installent dans la durée et sont accentués au cours et au décours de la défécation.","La crise hémorroïdaire associe à divers degrés une sensation de cuisson, de tension ou de douleur vive de l'anus, des saignements rouges (''épistaxis anal'') défécatoires qui peuvent être spectaculaires mais ne sont pas mélangés aux matières et une tuméfaction anale (ou une perception de tension interne) sensible.",Les symptômes surviennent de façon rapidement progressive et durent quelques jours. Ils sont souvent accentués par la défécation.,"Lorsque les signes s'installent de façon chronique, ils associent souvent des brûlures anales défécatoires et post défécatoires peu durables, une procidence de l'anus plus ou moins importante et plus ou moins réductible après la défécation et des saignements. Ils peuvent avoir une évolution périodique.","Les symptômes hémorroïdaires liés aux plexus internes peuvent s'exprimer de deux façons : soit de façon bruyante sur une courte période (crise hémorroïdaire), soit parce qu'ils s'installent dans la durée et sont accentués au cours et au décours de la défécation."
OIC-288-07-B,Quel est le principal délit diagnostique des hémorroïdes internes?,Le délit d'hémorroïde,La fissure anale,Le cancer,La suppuration,Le délit d'hémorroïde
OIC-288-08-B,Quel est le diagnostic différentiel de la thrombose hémorroïdaire externe?,Hemangiome caverneux,Angiome de Kaposi,Tumeur maligne,Varicose veineuse,Hemangiome caverneux
OIC-288-09-B,Quelles sont les autres manifestations possibles des hémorroïdes internes?,Hypertension artérielle,Diarrhée chronique,Anémie ferriprive par saignement chronique,Perte de poids involontaire,Anémie ferriprive par saignement chronique
OIC-288-10-A,Quel est le stade des hémorroïdes internes prolabées dans cette photographie?,Aspect normal de la muqueuse hémorroïdaire du canal anal. Les hémorroïdes internes ne bombent pas dans la lumière de l’anuscope.,Aspect normal de la muqueuse hémorroïdaire du canal anal. Les hémorroïdes internes bombent dans la lumière de l’anuscope.,Les hémorroïdes internes s’extériorisent à l’extérieur lors d’un effort de poussée mais elles rentrent ensuite dans le canal anal.,Les hémorroïdes internes s’extériorisent en permanence à l’extérieur lors d’un effort de poussée: elles sont parfois le siège d’une métaplasie malpighienne (partie basse de la photo).,<big>A</big> Aspect normal de la muqueuse hémorroïdaire du canal anal. Les hémorroïdes internes ne bombent pas dans la lumière de l’anuscope.
OIC-288-11-A,Quelle est la cause principale des hémorroïdes?,Hérédité,Prolapsus de l'utérus,Varicosités superficielles,Trauma génital,C. Varicosités superficielles
OIC-288-12-B,Quels sont les principaux facteurs favorisant la pathologie hémorroïdaire?,Facteur 1,Facteur 2,Facteur 3,Facteur 4,"Facteur 1, Facteur 2 et Facteur 3"
OIC-288-13-A,Quels sont les principaux traitements de la maladie hémorroïdaire?,Règles hygiéno-diététiques,Médicaments : Traitement de la maladie hémorroïdaire interne et externe,Principes des traitements instrumentaux et chirurgicaux,Incision ou excision pour la thrombose hémorroïdaire externe,"Règles hygiéno-diététiques, Médicaments : Traitement de la maladie hémorroïdaire interne et externe, Principes des traitements instrumentaux et chirurgicaux, Incision ou excision pour la thrombose hémorroïdaire externe"
OIC-288-14-A,Les hémorroïdes ne présentent-elles en elles-mêmes aucun risque de dégénérescence ou de complications engageant le pronostic vital.,"Oui, les hémorroïdes peuvent engager le pronostic vital","Non, les hémorroïdes ne présentent pas de risques sur la santé",Seules les hémorroïdes symptomatiques sont à traiter,Les traitements des hémorroïdes doivent être réservés aux formes symptomatiques,Les hémorroïdes ne présentent en elles-mêmes aucun risque de dégénérescence ou de complications engageant le pronostic vital. Seules les hémorroïdes symptomatiques sont à traiter.
OIC-288-15-A,Quel est le traitement de la thrombose hémorroïdaire externe ?,Traitement chirurgical,Traitement médicamenteux,Traitement conservateur,Traitement endovasculaire,Traitement chirurgical
OIC-288-16-B,Quelles sont les indications du traitement chirurgical en pathologie hémorroïdaire?,Les hémorroïdes de 3ème degré,Les hémorroïdes de 2ème degré avec prolapsus,Les hémorroïdes de 1ère degré avec prolapsus,Les hémorroïdes de 4ème degré,Les hémorroïdes de 2ème degré avec prolapsus
OIC-288-17-B,"Concerning external thrombosis of the hemorrhoidal plexus, which of the following statements is true?",It can lead to serious complications.,The affected area may become swollen due to an inflammatory reaction.,It usually resolves on its own within a few days without leaving any marks.,"Recurrent episodes are possible, including on the same site.",The affected area may become swollen due to an inflammatory reaction.
OIC-299-01-A,Quelle est la localisation des tumeurs intra parenchymateuses?,Encéphale,Méninges,Nerfs crâniens,Tous les trois,Encéphale
OIC-299-02-A,Quelle est la distinction entre les tumeurs primitives intracrâniennes provenant du système nerveux central et celles provenant de ses annexes?,Tumeurs intra axiales,Tumeurs extra axiales,Tumeurs centrales,Tumeurs périphériques,Tumeurs intra axiales
OIC-299-03-B,Quels sont les principaux types histologiques des tumeurs cérébrales?,Méningiome,Adénome hypophysaire,Gliomes de bas grade et de haut grade (glioblastome),Métastases,"Méningiome, Adénome hypophysaire, Gliomes de bas grade et de haut grade (glioblastome), Métastases"
OIC-299-04-B,Quelle est l'épidémiologie des principales tumeurs primitives intracrâniennes?,"Les tumeurs primitives intracrâniennes les plus fréquentes sont le gliome, le méningiome et l'oligodendrogliome.","Les tumeurs primitives intracrâniennes les plus fréquentes sont le neurinome ou schwannome, l'épendymome, le médulloblastome et le hémangioblastome.","Les tumeurs primitives intracrâniennes les plus fréquentes sont le gliome, le méningiome et le neurinome ou schwannome.","Les tumeurs primitives intracrâniennes les plus fréquentes sont le gliome, l'épendymome et le médulloblastome.","Les tumeurs primitives intracrâniennes les plus fréquentes sont le neurinome ou schwannome, l'épendymome, le médulloblastome et le hémangioblastome."
OIC-299-05-A,Quels sont les principaux tableaux cliniques qui doivent faire évoquer une tumeur intracrânienne ?,Syndrome d'hypertension intracrânienne (HTIC),Déficits neurologiques focaux,Épilepsie,Troubles endocriniens,Syndrome d'hypertension intracrânienne (HTIC)
OIC-299-06-B,Quel examen complémentaire est le plus performant pour le diagnostic et le bilan préopératoire d'une tumeur intracrânienne chez l'adulte?,Scanner cérébral sans et avec injection,IRM sans et avec injection,TDM (Tomographie par émission de positrons) avec injection de tritium marké,Angiographie digitale,IRM sans et avec injection
OIC-299-07-A,"Quand une métastase cérébrale est découverte, quelle recherche systématique doit être effectuée pour découvrir le cancer primitif?",Rechercher un mélanome cutané,Effectuer une auscultation pulmonaire,Palper les adénopathies mammaires,Utiliser un scanner thoraco-abdomino-pelvien avec injection de produit de contraste,"D, Utiliser un scanner thoraco-abdomino-pelvien avec injection de produit de contraste"
OIC-299-08-A,Quels sont les deux principales urgences révélant ou compliquant l'evolution d'une tumeur intra-cerebrale?,Hypertension intracranielle (HTIC),Epilepsie,Both of the above,None of the above,Both of the above
OIC-299-09-B,Quelle est la prise en charge thérapeutique des patients présentant une tumeur intra-cérébrale (HTIC) ?,Traitement fonction du mécanisme,Œdème vasogénique péri-umoral : corticoïdes et diurétiques,Tumeur volumineuse ou hémorragique : chirurgie de résection,Hydrocéphalie obstructive : ventriculocisternostomie endoscopique / dérivation interne ou externe de LCS,Traitement fonction du mécanisme
OIC-302-01-A,Quelles sont les principales catégories de tumeurs cutanées?,"Tumeurs basocellulaires, épidermoïdes et mélaniques","Tumeurs basocellulaires, épidermoïdes et carcinomes","Tumeurs basocellulaires, mélanomes et kératinocytes","Tumeurs cutanées basocellulaires, épidermoïdes et mélanines","Tumeurs basocellulaires, épidermoïdes et mélaniques"
OIC-302-02-A,Quelle est la présentation clinique des tumeurs épithéliales bénignes à HPV?,Verrues plantaires,Verrues vulgaires communes,Verrues planes communes,Tous les types de verrues mentionnés,Verrues plantaires
OIC-302-03-B,Quel est le facteur principal favorisant les carcinomes cutanés?,Exposition solaire,Phototype clair,Immunodépression,Naevus atypique,Exposition solaire
OIC-302-04-A,Quels sont les principes de la prise en charge globale des carcinomes?,"Les facteurs de mauvais pronostic pour le traitement des carcinomes sont la localisation à la face périorificielle, la taille >2cm, les formes sclérodermiformes et récidivantes.",Le traitement consiste en l'exérèse chirurgicale avec marges de sécurité de 4 à 10 mm (selon des critères pronostiques cliniques et histologiques).,Les options de réponse doivent être aussi courtes que possible.,"Assurez-vous que les distracteurs (options incorrectes) suivent une interprétation logique mais incorrecte, basée sur des idées reçues ou des incompréhensions courantes du sujet.","Les facteurs de mauvais pronostic pour le traitement des carcinomes sont la localisation à la face périorificielle, la taille >2cm, les formes sclérodermiformes et récidivantes."
OIC-302-05-A,"Quelle est la présentation clinique et la démarche diagnostique devant un carcinome basocellulaire, épidermoïde?",Le CBC apparaît le plus souvent en zone saine.,"Il existe 3 formes cliniques du CBC : nodulaire, superficiel et sclérodermiforme.",Les formes métastatiques sont exceptionnelles.,Le CE débute souvent sur des lésions cutanées prédisposantes.,a
OIC-302-06-B,Quels sont les facteurs de mauvais pronostic des carcinomes épidermoïdes?,La taille de la lésion >2cm,"Localisation sur tempe, oreille ou lèvre",Un faible niveau de différenciation en histologie,Une épaisseur tumorale en histologie>3mm,"La taille de la lésion >2cm, Localisation sur tempe, oreille ou lèvre, Un faible niveau de différenciation en histologie, Une épaisseur tumorale en histologie>3mm, Envahissement périnerveux, Immunodépression"
OIC-302-07-A,Quelle est la principale modalité de prévention des carcinomes épidermoïdes et basocellulaires?,Utilisation du vêtement protecteur,Protection solaire,Traitement des lésions précancéreuses,Vaccination contre le virus HPV,Protection solaire
OIC-302-08-A,Quels sont les principaux facteurs responsables du développement des nævi?,Facteurs intrinsèques,Facteurs extrinsèques,Les deux,Aucun,Les deux
OIC-302-09-B,Quel est le principal diagnostic différentiel des nævi?,Mélanome,Kératose séborrhéique,Histiocytofibrome,Carcinome basocellulaire,Mélanome
OIC-302-10-B,Quels sont les facteurs qui influencent le risque de transformation d'un naevus en mélanome?,Taille du naevus,Topographie médiane,Microtraumatismes répétés,Naevus congénital de petite taille,"Taille du naevus, Topographie médiane, Naevus congénital de petite taille"
OIC-302-11-A,Quelles sont les caractéristiques cliniques du mélanome ?,Une tumeur noire,"Une tumeur asymétrique avec des bords irréguliers, une couleur inhomogène et un diamètre supérieur à 6 mm ou évolutivité","Une tumeur symétrique avec des bords réguliers, une couleur homogène et un diamètre inférieur à 6 mm ou stable",Une tumeur qui n'a ni les caractéristiques ABCDE ni le mélanin,"Une tumeur asymétrique avec des bords irréguliers, une couleur inhomogène et un diamètre supérieur à 6 mm ou évolutivité"
OIC-302-12-B,Quels sont les différents types histologiques du mélanome?,Le mélanome à extension superficielle,Le mélanome nodulaire,Le mélanome acral lentigineux,Le mélanome de Dubreuilh,Le mélanome à extension superficielle
OIC-302-13-A,Quels sont les facteurs de prévention du mélanome ?,L'exposition aux UV est le seul facteur environnemental connu responsable du mélanome.,La consommation excessive d'alcool et de tabac est un facteur de risque pour le développement du mélanome.,Les lésions cutanées atypiques sont une indication pour le dépistage précoce du mélanome.,Le dépistage précoce du mélanome passe uniquement par un bilan dermatologique complet.,L'exposition aux UV est le seul facteur environnemental connu responsable du mélanome.
OIC-302-14-B,La photographie montre des kératoses actiniques typiques sur le cuir chevelu. Les options de réponse sont les suivantes:,Kératoses actiniques multiples du cuir chevelu,Lésion précancéreuse cutanée,Tumeur épithéliale maligne,Tumeur mélanique maligne,Kératoses actiniques multiples du cuir chevelu
OIC-302-15-B,La photographie présentée représente un carcinome basocellulaire,Carcinome spin-cellulaire,Carcinome basocellulaire superficiel,Carcinome basocellulaire nodulaire,Mélanome épithélioïde,Carcinome basocellulaire nodulaire
OIC-302-16-B,Quel est le type de tumeur cutanée représenté dans la photographie ci-dessus ?,Basocellulite,Carcinome basocellulaire,Carcinome épidermoïde,Melanoma,Carcinome épidermoïde
OIC-302-17-A,Quel est le type de tumeur cutanée représenté dans la photographie?,Basocellulome,Spitznevus,Mélanome,Squamous cell carcinoma,c) Mélanome
OIC-310-01-B,Quelle est la tumeur prostatique la plus fréquente chez l’homme de plus de 50 ans ? ,Hyperplasie bénigne de la prostate,Adénocarcinome de la prostate,Lymphome de la prostate,Sarcome de la prostate,Adénocarcinome de la prostate
OIC-310-02-B,Quelle est l'épidémiologie du cancer de la prostate?,Le cancer de la prostate est le cancer tumorale la plus fréquente chez l'homme de plus de 50 ans.,L'âge médian au diagnostic est de 68 ans.,"Il est le cancer le plus fréquent chez l'homme, devant le cancer du poumon et le cancer colo-rectal.","L'incidence est d'environ 51.000 nouveaux cas par an, avec un taux de mortalité standardisé de 10/100000 cas soit environ 8700 décès par an.",Le cancer de la prostate est le cancer tumorale la plus fréquente chez l'homme de plus de 50 ans.
OIC-310-03-A,Quels sont les principaux facteurs de risque connus pour le cancer de la prostate?,"L'âge, l'incidence du cancer augmente avec l'âge","Les facteurs génétiques, on suspecte une forme héréditaire lorsqu'il existe des cas chez les apparentés du 1er ou 2è degrés",L'origine ethnique notamment une ascendance originaire africaine augmente le risque de cancer de prostate,"Les facteurs environnementaux tels que les pesticides, la pollution au chlordécone reconnue comme un facteur de risque possible de cancer de la prostate","L'âge, l'incidence du cancer augmente avec l'âge; Les facteurs génétiques, on suspecte une forme héréditaire lorsqu'il existe des cas chez les apparentés du 1er ou 2è degrés; L'origine ethnique notamment une ascendance originaire africaine augmente le risque de cancer de prostate; Les facteurs environnementaux tels que les pesticides, la pollution au chlordécone reconnue comme un facteur de risque possible de cancer de la prostate"
OIC-310-04-B,Quelle est l'extension locale du cancer de la prostate ?,La tumeur se limite à la prostate.,La tumeur franchit la capsule prostatique et atteint les vésicules séminales.,La tumeur atteint le rectum.,La tumeur atteint le col vésical.,La tumeur se limite à la prostate.
OIC-310-05-A,Quel est le cancer de la prostate le plus souvent asymptomatique?,Cancer de prostate localisé,Cancer de prostate localement avancé,Cancer de prostate métastatique,Tous les types de cancer de la prostate sont symptomatiques,Cancer de prostate localisé
OIC-310-06-A,Le dosage du PSA est-il spécifique au cancer de la prostate?,"Oui, le PSA est spécifique au cancer de la prostate.","Non, le PSA n'est pas spécifique au cancer de la prostate.",Le PSA peut être élevé en cas d'hyperplasie bénigne de la prostate.,Le PSA peut être élevé en cas de prostatite.,"Oui, le PSA est spécifique au cancer de la prostate."
OIC-310-07-B,Quel est le traitement recommandé pour un cancer de la prostate localisé à faible risque selon la classification de D'Amico?,Surveillance active,Prostatectomie totale,Radiothérapie externe,Curiethérapie interstitielle,Surveillance active
OIC-312-01-B,Quel est le cancer du sein en France?,"Le cancer du sein est le cancer le plus fréquent chez la femme, en incidence et en mortalité.",Le cancer du sein est le 2ème cancer tous sexes confondus.,Le cancer du sein a une incidence qui augmente avec le vieillissement de la population.,La mortalité du cancer du sein diminue.,"Le cancer du sein est le cancer le plus fréquent chez la femme, en incidence et en mortalité."
OIC-312-02-B,Quels sont les facteurs de risque des tumeurs du sein ?,"âge, antécédents gynéco-obstétricaux et antécédants familiaux de cancer du sein ou des ovaires","âge, antécédents gynéco-obstétricaux et indice de masse corporelle élevé","âge, sédentarité après la ménopause et consommation d'alcool, de tabac","âge, irradiation thoracique et haut niveau socioéconomique","âge, antécédents gynéco-obstétricaux et antécédants familiaux de cancer du sein ou des ovaires"
OIC-312-03-B,Les mutations germinales dans les gènes suppresseurs de tumeur BRCA1 et BRCA2 sont responsables d'environ 20% des cancers du sein familiaux mais moins de 5% de l'ensemble des cancers du sein. Les porteurs de ces mutations doivent bénéficier soit d'une surveillance spécifique annuelle incluant notamment une IRM mammaire soit d'une mastectomie bilatérale prophylactique.,Les gènes BRCA1 et BRCA2 codent pour les protéines qui ont des rôles majeurs dans la réparation de l'ADN et agissent en tant que suppresseurs de tumeur.,La surveillance spécifique annuelle incluant notamment une IRM mammaire est recommandée pour les porteurs de mutations BRCA1/2.,Une mastectomie bilatérale prophylactique est systématiquement recommandée entre 40 et 45 ans pour les porteurs de mutations BRCA1/2.,"Le syndrome de Li Fraumeni, caractérisé par une mutation du gène TP53 codant pour la protéine p53, peut aussi être à l'origine de plusieurs cas de cancer chez la même personne ou dans la famille.",Les porteurs de mutations BRCA1/2 doivent bénéficier soit d'une surveillance spécifique annuelle incluant notamment une IRM mammaire soit d'une mastectomie bilatérale prophylactique.
OIC-312-04-A,Quelle est l'origine du cancer du sein?,Les cellules épithéliales des canaux galactophores,Les cellules épithéliales des lobules alvéolaires,Les cellules myoépithéliales du stroma fibrocystique,Les cellules interstitielles de la graisse mammaire,Les cellules épithéliales des canaux galactophores
OIC-312-05-A,Quel est le mode de dépistage recommandé pour les femmes de 50 à 74 ans sans facteurs de risque ?,Palpation clinique et mammographie tous les deux ans,Mammographie tous les deux ans seulement,Palpation clinique annuelle et mammographie tous les trois ans,Palpation clinique tous les trois mois et mammographie tous les six mois,Palpation clinique tous les ans et mammographie tous les deux ans
OIC-312-06-A,Quels sont les signes cliniques mammaires des tumeurs du sein?,Nodule,Écoulement mamelonnaire,Inflammation,Lésions cutanées,"Nodule, Écoulement mamelonnaire, Inflammation, Lésions cutanées"
OIC-312-07-B,Quel est l'aspect cutané le plus probable d'une tumeur du sein?,Une tâche blanche,Un ecoulement sanguinolactereux,Un méplat du sein,Un sein inflammatoire,Un méplat du sein
OIC-312-08-A,Quelles sont les indications pour une mammographie?,Toutes les femmes âgées de 40 ans et plus,Seules les femmes ayant une famille à risque de cancer du sein,Les femmes présentant un syndrome familial de cancer du sein,Les femmes avec un diagnostic préalable d'ADNCO,"Toutes les femmes âgées de 40 ans et plus, les femmes ayant une famille à risque de cancer du sein et les femmes avec un diagnostic préalable d'ADNCO"
OIC-312-09-B,Quelles sont les indications pour effectuer une biopsie mammaire?,Toutes les lésions Bi- rads 3 doivent être biopsiées.,Seulement les lésions Bi- rads 4 et 5 doivent être biopsiées.,"Les lésions Bi- rads 4 doivent être biopsiées, mais pas les lésions Bi- rads 3.",Toutes les lésions doivent être biopsiées quel que soit leur classement Bi- rads.,Seulement les lésions Bi- rads 4 et 5 doivent être biopsiées.
OIC-312-10-B,Quels sont les principaux types de lésions bénignes et de tumeurs malignes du sein?,Adénofibrome,Mastopathie fibrokystique,Carcinome lobulaire infiltrant,Carcinome canalaire infiltrant non spécifique,Carcinome canalaire infiltrant non spécifique
OIC-312-11-B,Le bilan d’extension à distance dans le cancer du sein repose sur : A) TDM thoraco-abdomino-pelvienne et scintigraphie osseuse ; B) TEP-TOF ; C) TEP-TDM au 18FDG ; D) TEP-CT.,TDM thoraco-abdomino-pelvienne et scintigraphie osseuse,TEP-TOF,TEP-TDM au 18FDG,TEP-CT,C) TEP-TDM au 18FDG
OIC-312-12-A,Quels sont les objectifs et principes de traitement du cancer du sein?,Connaître les objectifs et principes de traitement du cancer du sein,Décrire les traitements curatifs du cancer du sein,Exposer les stratégies thérapeutiques adaptées aux stades localisés du cancer du sein,Énumérer les soins de support pour les patientes atteintes de cancer du sein,Connaître les objectifs et principes de traitement du cancer du sein
OIC-315-01-A,Quels sont les critères pour diagnostiquer une leucémie aiguë?,Plus de 20% de blastes dans la moelle osseuse,Prolifération et envahissement de la moelle osseuse par des cellules hématopoïétiques cancéreuses immatures,Hémopathies clonales touchant une cellule souche hématopoïétique médullaire,Plus de 50% de blastes dans la moelle osseuse,Plus de 20% de blastes dans la moelle osseuse
OIC-315-02-A,Quelles sont les deux grandes catégories de leucémies aiguës?,Leucémies aiguës myéloblastiques ou myéloïdes,Leucémies aiguës lymphoblastiques ou lymphoïdes,Leucémies aiguës de la lignée des lymphocytes B,Leucémies aiguës de la lignée des lymphocytes T,Les deux grandes catégories de leucémies aiguës sont les leucémies aiguës myéloblastiques ou myéloïdes et les leucémies aiguës lymphoblastiques ou lymphoïdes.
OIC-315-03-B,Quels sont les facteurs étiologiques associés aux leucémies aiguës (LA)?,Certains facteurs étiologiques sont inconnus dans la majorité des cas.,"Les facteurs étiologiques incluent l'exposition à des toxiques, des radiations ionisantes, des anomalies génétiques et l'évolution d'un syndrome myéloprolifératif chronique ou d'un syndrome myélodysplasique.","Certains facteurs exposent à un risque accru de LAL : toxiques (pesticides et solvants), anomalies génétiques constitutionnelles, évolution d'une leucémie myéloïde chronique, agents viraux (EBV, HTLV1 et VIH) qui exposent à des sous-types rares de LAL.",Les facteurs étiologiques ne sont pas spécifiques aux leucémies aiguës (LA).,Certains facteurs étiologiques sont inconnus dans la majorité des cas.
OIC-315-04-A,Quels sont les signes cliniques de l'insuffisance médullaire dans le contexte des leucémies aiguës?,Syndrome anémique,Syndrome hémorragique secondaire à la thrombopénie,Syndrome infectieux en rapport avec la neutropénie,Tous les signes mentionnés précédemment,Tous les signes mentionnés précédemment
OIC-315-05-A,Quels sont les signes cliniques et biologiques de gravité dans les leucémies aiguës?,Hypokalemie,Hyperkaliemie,Leucostase,Insuffisance medullaire,Insuffisance medullaire
OIC-315-06-A,Quels sont les signes évocateurs du diagnostic de la leucémie aiguë (LA) sur l'hémogramme?,Anémie arégénérative normo- ou macrocytaire,Thrombopénie,Neutropénie,Blastes circulants,Toutes les réponses sont correctes
OIC-315-07-B,Le diagnostic positif de la leucémie aiguë repose sur l'exam,L'examen morphologique/cytologique du tissu d'origine,La présence d'un infiltrat médullaire ≥ 20% de blastes,Les résultats de l'immunophénotypage des cellules leucémiques,L'analyse cytogénétique des chromosomes des cellules leucémiques,La présence d'un infiltrat médullaire ≥ 20% de blastes
OIC-315-08-A,Quel pourcentage des leucémies aiguës chez l'enfant sont de la lignée lymphoblastique?,30-35%,20%,40-45%,50-55%,A
OIC-315-09-A,Quels sont les signes cliniques et biologiques qui doivent être évalués pour suspecter une leucémie aiguë chez un enfant?,Infiltration osseuse,Hépatomégalie,Splénomégalie,Amygdalomégalie,Infiltration osseuse
OIC-315-10-B,"Quand un enfant présente une hémodiagnostic positif avec 2 ou 3 lignées cytopeniques, quelle est l'indication pour effectuer un myélogramme?",Toutes les fois que possible,Seulement si la blastose circulante est présente,Quand plus de 25% des cellules sont en blastes sur le moelle osseuse riche,"Dans tous les cas, même en l'absence de symptôme neurologique",Quand plus de 25% des cellules sont en blastes sur le moelle osseuse riche
OIC-325-01-A,Qu'est-ce qu'un effet indésirable médicamenteux (EIM)?,Une réaction désirée du médicament sur le patient.,Une réaction souhaitée mais non voulue du médicament sur le patient.,"Toute réaction nocive et non voulue suspectée d'être due au médicament, quelle que soit la relation avec l'utilisation du produit.",Une réaction désirée et voulue du médicament sur le patient.,C.
OIC-325-02-A,Quels sont les enjeux concernant les risques liés aux médicaments?,Les enjeux individuels,Les enjeux de santé publique,Tous les deux,Aucun des deux,Tous les deux
OIC-325-03-A,Quelle est la définition d’une prescription médicamenteuse inappropriée (PMI) ?,Une PMI correspond à une prescription qui engendre plus de risques que de bénéfices pour le patient.,Une PMI est une prescription dont les coûts sont excessifs par rapport aux avantages qu’elle apporte au patient.,Une PMI est une prescription qui n’est pas conforme à l’Autorisation de Mise sur le Marché (AMM).,Une PMI est une prescription qui ne tient pas compte des caractéristiques du malade dans le choix du médicament.,Une PMI correspond à une prescription qui engendre plus de risques que de bénéfices pour le patient.
OIC-325-04-B,Quelle est la règle des 5 B utilisée en pharmacologie pour prévenir les dysfonctionnements du circuit du médicament?,La règle des 5 S,La règle des 7 P,La règle des 4 C,La règle des 8 I,La règle des 5 B
OIC-325-05-B,Définir et expliquer les mécanismes généraux des principales pathologies induites par les médicaments,"Effets de type A, prévisibles","Effets de type B, non prévisibles",Syndrome extrapyramidal,Syndrome atropinique ou muscarinique,Syndrome extrapyramidal
OIC-325-06-B,Quels sont les principaux résultats de l'Étude nationale des événements indésirables liés aux soins (ENEIS) ?,3 à 5% des admissions en médecine ou en chirurgie étaient dues à un événement indésirable grave.,"Environ 50% des événements indésirables graves ayant motivé une hospitalisation étaient associés à des produits de santé, la moitié était évitable.",L’incidence observée pour les événements indésirables graves en cours d’hospitalisation en médecine ou chirurgie est de 7% environ.,2 événements indésirables graves sur 5 survenant en cours d’hospitalisation sont considérés comme évitables.,3 à 5% des admissions en médecine ou en chirurgie étaient dues à un événement indésirable grave.
OIC-325-07-A,Quels sont les principaux caractéristiques des erreurs iatrogènes chez les personnes âgées?,Sont plus fréquentes et graves,Ont une symptomatologie variée avec tableaux cliniques atypiques,Sont causés par un seul type de médicament,Aucune des réponses précédentes est correcte,Sont plus fréquentes et graves
OIC-325-08-A,Quels sont les objectifs et principes de la pharmacovigilance?,"Surveiller, évaluer, prévenir et gérer le risque d’effet indésirable lié à l’utilisation des médicaments.",Assurer la sécurité des patients en veillant au bon fonctionnement des produits pharmaceutiques.,Gérer les effets secondaires des médicaments pour améliorer leur rapport bénéfice/risque.,Contrôler l’utilisation abusive de médicaments.,"Surveiller, évaluer, prévenir et gérer le risque d’effet indésirable lié à l’utilisation des médicaments."
OIC-325-09-B,Quel est le principe d'imputabilité en pharmacovigilance ?,Le principe d'imputabilité évalue la gravité de l'effet indésirable médicamenteux.,Le principe d'imputabilité est évalué par le centre régional de pharmacovigilance lors de l'évaluation pharmaco-médicale de la notification d'un effet indésirable médicamenteux.,"La méthode française d'imputabilité se base sur des critères chronologiques, sémiologiques et bibliographiques.",Le principe d'imputabilité correspond à l'estimation du lien de causalité entre le médicament et l'effet observé.,Le principe d'imputabilité correspond à l'estimation du lien de causalité entre le médicament et l'effet observé.
OIC-325-10-A,Quel est le mécanisme de déclaration d'un effet indésirable suspecté d'être dû à un médicament ?,"Les professionnels de santé doivent déclarer tous les effets indésirables, y compris en situation de surdosage, d'abus ou d'erreur médicamenteuse.",Seules les entreprises ou organisations exploitant les médicaments sont responsables de la déclaration des effets indésirables suspectés.,Les patients et les associations agréées de patients peuvent également déclarer des effets indésirables suspectés.,Toutes les personnes mentionnées précédemment doivent déclarer les effets indésirables suspectés d'être dus à un médicament.,"Les professionnels de santé doivent déclarer tous les effets indésirables, y compris en situation de surdosage, d'abus ou d'erreur médicamenteuse."
OIC-325-11-A,Quels sont les objectifs et principes de l'addictovigilance?,Surveillance du risque iatrogène,Identification des erreurs médicamenteuses,Évaluation du potentiel d'abus et de dépendance des substances psychoactives,Gestion des risques liés aux médicaments et aux biomatériaux,Évaluation du potentiel d'abus et de dépendance des substances psychoactives
OIC-325-12-A,"Quel est le mécanisme de déclaration d’un abus, une dépendance et des usages détournés liés à la consommation de toutes les substances ou plantes ayant un effet psychoactif, ainsi que de tous les médicaments ou autres produits en contenant?",Le médecin est tenu de déclarer tout cas de pharmacodépendance grave ou d’abus grave à l’autorité compétente.,"Tout professionnel de santé peut déclarer un abus, une dépendance et des usages détournés liés à la consommation de toutes les substances ou plantes ayant un effet psychoactif, ainsi que de tous les médicaments ou autres produits en contenant.","Toute personne peut déclarer un abus, une dépendance et des usages détournés liés à la consommation de toutes les substances ou plantes ayant un effet psychoactif, ainsi que de tous les médicaments ou autres produits en contenant.",Seul le pharmacien est tenu de déclarer tout cas de pharmacodépendance grave ou d’abus grave à l’autorité compétente.,Le médecin est tenu de déclarer tout cas de pharmacodépendance grave ou d’abus grave à l’autorité compétente.
OIC-325-13-B,Quels sont les objectifs de la matériovigilance dans le domaine médical?,Surveiller les incidents ou risques d'incidents liés aux dispositifs médicaux après leur mise sur le marché,Assurer la sécurité des patients et des utilisateurs en évitant les incidents mettant en cause des dispositifs médicaux,Enregistrer et instruire les incidents et risques d'incidents signalés,"Organiser la matériovigilance au niveau national, régional et local",Assurer la sécurité des patients et des utilisateurs en évitant les incidents mettant en cause des dispositifs médicaux
OIC-325-14-A,"Quoi déclarer, à qui et comment concernant la déclaration d'un effet indésirable suspecté d'être dû à des biomatériaux?","Tout incident ou risque d’incident grave ayant entraîné ou susceptible d’entraîner la mort ou la dégradation grave de l’état de santé d’un patient, d’un tiers ou d’un utilisateur relatif à un dispositif médical.",Au correspondant local de matériovigilance si le témoin de l’incident exerce ses fonctions dans un établissement de santé ou dans une association distribuant des dispositifs médicaux à domicile,"Directement à l’ANSM en utilisant le portail de signalement des événements sanitaires indésirables https://signalement.social-sante.gouv.fr ou par courrier materiovigilance@ansm.santé.fr avec le formulaire de déclaration Cerfa correspondant si le témoin de l’incident ne travaille pas en établissement de santé, est un fabricant, un mandataire ou un particulier.","Tout incident ou risque d’incident grave ayant entraîné ou susceptible d’entraîner la mort ou la dégradation grave de l’état de santé d’un patient, d’un tiers ou d’un utilisateur relatif à un dispositif médical.",Au correspondant local de matériovigilance si le témoin de l’incident exerce ses fonctions dans un établissement de santé ou dans une association distribuant des dispositifs médicaux à domicile
OIC-325-15-A,Quelle est la définition d'une erreur médicamenteuse selon la Haute Autorité de Santé ? ,"Une erreur médicamenteuse se définit comme tout événement évitable qui pourrait être à l’origine de/ou conduire à l’utilisation inappropriée d’un médicament ou à un dommage au patient alors que le médicament est sous le contrôle du professionnel de santé, du patient ou de l’usager.",Une erreur médicamenteuse est une action non intentionnelle impliquant le médicament pendant le processus de soin.,Une erreur médicamenteuse avérée s'est produite et a causé un dommage au patient.,Une erreur potentielle est une erreur qui aurait pu se produire mais n'a pas eu lieu.,"Une erreur médicamenteuse se définit comme tout événement évitable qui pourrait être à l’origine de/ou conduire à l’utilisation inappropriée d’un médicament ou à un dommage au patient alors que le médicament est sous le contrôle du professionnel de santé, du patient ou de l’usager."
OIC-325-16-A,Quelle est la définition d'une erreur médicamenteuse et comment doit-on la signaler?,"Une erreur médicamenteuse est un événement indésirable lié à l'utilisation de médicaments, qui se produit lorsqu'un médicament est administré inappropriément ou en quantité incorrecte.",Une erreur médicamenteuse doit être signalée via le portail de signalement des événements sanitaires indésirables https://signalement.social-sante.gouv.fr/ et suivant les critères définis par la réglementation en vigueur.,"Une erreur médicamenteuse est un événement inattendu lié aux soins dont les conséquences sont le décès, la mise en jeu du pronostic vital ou une survenue probable d'un déficit fonctionnel permanent.","Toutes les erreurs médicamenteuses doivent être signalées, qu'elles soient avec ou sans effet indésirable.","Une erreur médicamenteuse est un événement inattendu lié aux soins dont les conséquences sont le décès, la mise en jeu du pronostic vital ou une survenue probable d'un déficit fonctionnel permanent. Elle doit être signalée via le portail de signalement des événements sanitaires indésirables https://signalement.social-sante.gouv.fr/ et suivant les critères définis par la réglementation en vigueur."
OIC-325-17-A,Quels sont les risques identifiés dans le circuit du médicament qui peuvent entraîner une erreur sur le patient ?,Erreur de prescription,Erreur de préparation,Erreur de transport et de stockage,Erreur d'administration,"Toutes les options sont correctes. Les erreurs peuvent survenir à différentes étapes du circuit du médicament : prescription, préparation, transport et stockage, administration."
OIC-325-18-B,La contrefaçon d'un médicament est la fausse représentation délibérée et frauduleuse d’un médicament :,Fausse présentation graphique du produit,Contient des ingrédients ou composants faux,Pas de principe actif ou en quantité insuffisante,Conditionnement falsifié,"La contrefaçon d'un médicament est la fausse représentation délibérée et frauduleuse d’un médicament : - de son identité : nom, composition, activité, ou autres éléments. - et/ou de sa source : fabricant, pays de fabrication, pays d’origine, détenteurs de l’autorisation de commercialisation, étapes de la distribution."
OIC-325-19-B,Quels sont les risques liés à la contrefaçon des médicaments?,Les produits inconnus et/ou dangereux engendrent des troubles de santé,Les pays en développement sont plus vulnérables aux trafics de produits de santé,Ne sont détaillés ici que les risques liés à la santé publique,Les contrefaçons ne contiennent aucun principe actif,Les produits inconnus et/ou dangereux engendrent des troubles de santé
OIC-325-20-B,Quels sont les motifs de saisine de l’Office national d’indemnisation des accidents médicaux (ONIAM) et des commissions de conciliation et d’indemnisation (CCI)?,"Accident médical, affection iatrogène ou infection nosocomiale ayant entraîné un dommage grave",Affection iatrogène ayant entraîné un déficit fonctionnel temporaire supérieur à 50%,Infection nosocomiale ayant entraîné une inaptitude définitive à exercer l'activité professionnelle,Accident médical ayant entraîné un arrêt temporaire des activités professionnelles pour une durée de six mois consécutifs ou non,"Accident médical, affection iatrogène ou infection nosocomiale ayant entraîné un dommage grave"
OIC-325-21-B,Quelle est la mission de l'Office National d'Indemnisation des Accidents Médicaux (ONIAM)?,Assurer le remboursement des soins aux victimes d'accidents médicaux.,Gérer les demandes d'indemnisation pour les victimes d'accidents médicaux non fautifs.,"Organiser la procédure de demande d'indemnisation amiable, rapide et gratuite des victimes d'accidents médicaux.",Assurer le remboursement des soins aux victimes d'accidents médicaux en cas de défaillance de l'assurance.,"Organiser la procédure de demande d'indemnisation amiable, rapide et gratuite des victimes d'accidents médicaux."
OIC-326-01-A,Quel est le délai de validité d'une ordonnance ?,3 mois maximum après la date de prescription,6 mois maximum après la date de prescription,1 an maximum après la date de prescription,2 ans maximum après la date de prescription,3 mois maximum après la date de prescription
OIC-326-02-A,Quelle est la définition du médicament générique?,C'est un médicament dont le brevet du principe actif a expiré et qui appartient donc au domaine public.,C'est un médicament produit par un laboratoire pharmaceutique sous réserve qu'il ait une composition qualitative et quantitative en principe actif identique au médicament princeps.,C'est un médicament dont le brevet a expiré et qui est librement produit par plusieurs laboratoires pharmaceutiques.,C'est un médicament générique qui peut contenir des excipients différents du médicament princeps.,option_b
OIC-326-03-B,Quelle est la signification des indices de bénéfice clinique et d’intérêt thérapeutique : service médical rendu (SMR) et amélioration du service médical rendu (ASMR)?,Service médical rendu (SMR) évalue l'intérêt clinique d'un médicament pour être pris en charge par la solidarité nationale.,Amélioration du service médical rendu (ASMR) évalue le progrès thérapeutique apporté par un médicament dans une pathologie considérée.,"Le SMR est déterminé en fonction de l'efficacité et des effets indésirables du médicament, de sa place dans la stratégie thérapeutique et de son intérêt pour la santé publique.",L'ASMR correspond au progrès thérapeutique apporté par un médicament dans une pathologie considérée.,Service médical rendu (SMR) évalue l'intérêt clinique d'un médicament pour être pris en charge par la solidarité nationale.
OIC-326-04-B,Quel est le rôle du pharmacien en aval de la prescription médicale ?,Le pharmacien doit analyser la prescription pour détecter des interactions médicamenteuses.,Le pharmacien peut délivrer un médicament générique sans accord préalable du prescripteur.,Le pharmacien ne peut refuser la dispensation d'un médicament que s'il est en urgence et dans l'intérêt du patient.,"Le pharmacien doit respecter la prescription écrite, quantitative et qualitative, datée et signée par le prescripteur.","Le pharmacien ne peut délivrer un médicament autre que celui qui a été prescrit qu'avec l'accord exprès et préalable du prescripteur, sauf en cas d'urgence et dans l'intérêt du patient."
OIC-326-05-A,Quelle est la méthode utilisée pour évaluer le rapport bénéfice / risque d'un médicament?,Analyse coût-avantage,Évaluation des effets indésirables,Analyse de l'efficacité,Étude démographique,Analyse coût-avantage
OIC-326-06-B,Quelle est l'obligation du développement professionnel continu (DPC) pour un médecin selon le Code de déontologie médicale?,Il n'est pas obligatoire,Il est obligatoire pour certains médecins seulement,Il est obligatoire pour tous les médecins inscrits à l'Ordre des médecins,Il est obligatoire et doit être validé par un organisme accrédité,c) Il est obligatoire pour tous les médecins inscrits à l'Ordre des médecins
OIC-326-07-B,Quel est le critère principal pour choisir un traitement?,L'efficacité du traitement,Le niveau de preuve de l'efficacité,La sécurité du médicament,Les interactions avec d'autres traitements en cours,B
OIC-328-01-A,Quels sont les critères utilisés pour évaluer une thérapeutique non médicamenteuse?,La thérapeutique est évaluée en fonction de son efficacité et de sa tolérance.,La thérapeutique est évaluée en fonction de son coût et de son impact sur l'environnement.,"La thérapeutique est évaluée en fonction de son effet sur les déficiences, limitations d'activité et restrictions de participation du patient.","La thérapeutique est évaluée en fonction de son efficacité, de sa tolérance et de son coût.","La thérapeutique est évaluée en fonction de son effet sur les déficiences, limitations d'activité et restrictions de participation du patient."
OIC-328-02-A,Quelle est la définition d'un dispositif médical selon la nouvelle réglementation européenne ? ,"Tout instrument, appareil ou équipement utilisé à des fins médicales chez l'homme.","Un produit dont l'action principale voulue n'est pas obtenue par des moyens pharmacologiques, immunologiques ou métaboliques.","Un dispositif médical est un instrument, appareil, équipement, matière ou produit utilisé à des fins médicales chez l'homme et dont l'action principale voulue n'est pas obtenue par des moyens pharmacologiques, immunologiques ou métaboliques.","Un dispositif médical est un instrument, appareil, équipement, matière ou produit utilisé à des fins médicales chez l'homme et dont l'action principale voulue n'est pas obtenue par des moyens pharmacologiques, immunologiques ou métaboliques, sans en règlementer les prix et les remboursements par les organismes sociaux.","Un dispositif médical est un instrument, appareil, équipement, matière ou produit utilisé à des fins médicales chez l'homme et dont l'action principale voulue n'est pas obtenue par des moyens pharmacologiques, immunologiques ou métaboliques, sans en règlementer les prix et les remboursements par les organismes sociaux."
OIC-328-03-B,Quelle est la prise en charge des dispositifs médicaux selon les règles du système de santé ?,Les dispositifs médicaux sont financés directement par l'acte médical.,Les dispositifs médicaux sont financés par le tarif de séjour à l'hôpital.,Les dispositifs médicaux ne sont pas pris en charge par le système de santé.,Les dispositifs médicaux sont financés par la liste des produits et prestations remboursables.,Les dispositifs médicaux sont financés directement par l'acte médical.
OIC-328-04-B,Quelle est la différence entre le petit appareillage et le grand appareillage?,"Le petit appareillage est un dispositif médical de série qui compense une fonction organique déficiente, alors que le grand appareillage est un dispositif médical sur mesure.","Le petit appareillage est un dispositif médical sur mesure qui compense une fonction organique déficiente, alors que le grand appareillage est un dispositif médical de série.","Le petit appareillage est un dispositif médical qui rembourse 60% de l'inscription sur la LPPR, tandis que le grand appareillage ne rembourse pas cette inscription.","Le petit appareillage est un dispositif médical qui peut être prescrit par le non spécialiste, alors que le grand appareillage doit être prescrit par un médecin spécialiste.",a
OIC-328-05-A,Quels sont les objectifs d'une orthèse?,Immobiliser une partie du corps,Donner le repos à un membre,Stabiliser une articulation,Corriger des deformations ou malpositions,Suppléer un membre ou un segment de membre déficient
OIC-328-06-B,Quelle est l'indication principale d'une orthèse cruro-pédieuse ?,Stabilisation d'un membre inférieur,Immobilisation d'une articulation,Amélioration de la fonction,Décharge du membre inférieur,A
OIC-328-07-B,Quelles sont les modalités de prescription des orthèses de petit et grand appareillage?,La prescription est faite par un médecin spécialisé en orthopédie,La prescription peut être faite par un orthodontiste ou un dentiste,La prescription doit être approuvée par un médecin généraliste avant d'être validée,Toutes les options précédentes sont correctes,La prescription est faite par un médecin spécialisé en orthopédie; La prescription peut être faite par un orthodontiste ou un dentiste; La prescription doit être approuvée par un médecin généraliste avant d'être validée
OIC-328-08-A,Quels sont les éléments constitutifs d'une prothèse ?,"Manchon, emboîture, effecteurs intermédiaires (pièces de liaison), effecteur terminal.","Emboîture, manchon, pièce unique en un seul morceau, habillage esthétique.","Membre résiduel, emboîture, manchon, effecteurs intermédiaires (pièces de liaison), effecteur terminal.","Emboîture, manchon, membre résiduel, pièce unique en un seul morceau, habillage esthétique.","Manchon, emboîture, effecteurs intermédiaires (pièces de liaison), effecteur terminal."
OIC-328-09-A,Quelle est la définition du chaussage orthopédique?,"Le chaussage orthopédique est une méthode utilisée pour fabriquer des chaussures spéciales conçues pour corriger ou prévenir les problèmes de posture, de marche et de fonctionnement des membres inférieurs.",Il s'agit d'une technique qui consiste à réaliser des orthèses plantaires destinées à corriger des déformations du pied.,"Le chaussage orthopédique est un type particulier de chaussure thérapeutique de série, utilisé pour traiter les troubles trophiques et l'œdème.",Il s'agit d'une orthoplastie réalisée sous forme de chaussures spéciales destinées à protéger les orteils.,"Le chaussage orthopédique est une méthode utilisée pour fabriquer des chaussures spéciales conçues pour corriger ou prévenir les problèmes de posture, de marche et de fonctionnement des membres inférieurs."
OIC-328-10-B,Quelles sont les indications des aides techniques pour personnes handicapées?,Aides à la déambulation,Aides au déplacement,Aides à la station debout,Aides à la manipulation et à la préhension,Aides à la déambulation
OIC-328-11-A,Quelles sont les modalités de prescription d'un fauteuil roulant manuel et électrique?,"Le fauteuil roulant manuel peut être prescrit sur ordonnance simple par tout médecin, tandis que le fauteuil roulant électrique nécessite un essai de validation.",Les fauteuils roulants manuels et électriques sont tous deux disponibles à l'achat uniquement et ne peuvent pas être pris en charge par l'assurance maladie.,"Le fauteuil roulant manuel est associé ou non à la prescription d'un coussin anti-escarre, tandis que le fauteuil roulant électrique peut être associé ou non à une telle prescription.",Les fauteuils roulants manuels et électriques ne sont pas soumis à demande d'entente préalable auprès de l'assurance maladie; ils peuvent être prescrits sur ordonnance simple par tout médecin.,"Le fauteuil roulant manuel peut être prescrit sur ordonnance simple par tout médecin, tandis que le fauteuil roulant électrique nécessite un essai de validation."
OIC-328-12-B,Quelle est la définition d'une cure thermale?,Une cure thermale correspond à un traitement thermaux appliqué au patient pendant son séjour dans une station thermale.,La cure thermale est un traitement médical qui utilise les eaux minérales pour guérir des maladies.,La cure thermale est un type de thérapeutique non médicamenteux utilisé en complément d'autres traitements.,Une cure thermale est une méthode alternative à la médecine conventionnelle.,Une cure thermale correspond à un traitement thermaux appliqué au patient pendant son séjour dans une station thermale.
OIC-330-01-A,Quels sont les principaux effets indésirables des anti-inflammatoires non stéroïdiens (AINS) et quelles précautions d'emploi doivent être prises ?,Les effets indésirables digestifs,Complications rénales,Complications cardiovasculaires,Allergies cutanées et bronchospasme,Les effets indésirables digestifs
OIC-330-02-A,Quelle est la contre-indication principale des diurétiques épargneurs de potassium ?,Hyperkaliémie,Hypokaliémie,Insuffisance rénale aiguë,Grossesse allaitement,A
OIC-330-03-A,Quel est le mécanisme d'action des bêta-bloquants?,Inhibition des récepteurs bêta-adrénergiques,Augmentation des niveaux de catecholamines dans le sang,Stimulation des récepteurs bêta-2 adrénergiques,Augmentation du tonus vascularaire,Inhibition des récepteurs bêta-adrénergiques
OIC-330-04-A,Quels sont les effets indésirables communs des médicaments du système rénine-angiotensine?,Hypertension orthostatique ou non,"Hyperkaliémie, rare, le plus souvent en cas d’insuffisance rénale","Insuffisance rénale aiguë, rare, réversible","Œdème angioneurotique, rare, plus fréquente sous IEC (0,1 à 0,5 %)",Hypertension orthostatique ou non
OIC-330-05-A,Quels sont les effets indésirables des inhibiteurs calciques?,"Flushes, céphalées et oedèmes périphériques","Bradycardie, troubles de conduction",Insuffisance cardiaque,Tous les trois,Dihydropyridines et moins fréquemment vérapamil et diltiazem
OIC-330-06-A,Quelles sont les principales modalités de surveillance d'un traitement par anti-agrégants plaquettaires?,Observance du traitement,Tolérance au traitement (signe de saignement),Efficacité du traitement (absence de récidive d'événements cardiovasculaire ou cérébrovasculaire par mécanisme athérothrombotique),"Pas de surveillance spécifique pour dépister une toxicité, contrôle de la crase sanguine éventuelle",Observance du traitement
OIC-330-07-A,Quelle est la classe thérapeutique des héparines et quelles sont les principales molécules de cette classe?,Héparines,Anticoagulants oraux directs,Anti-platelets,Inhibiteurs de la recapture de la sérotonine,Héparines
OIC-330-08-A,Quelle est la molécule la plus utilisée pour le traitement de l'hyperkaliémie ?,Sodium polystyrene sulfonate,Calcium gluconate,Potassium chloride,Resins d'échange ionique,Resins d'échange ionique
OIC-330-09-A,Quelle est la principale indication des benzodiazépines?,Traitement du stress post-traumatique,Traitement de l'insomnie,Traitement de l'épilepsie,Prévention de la dépression nerveuse,Traitement de l'insomnie
OIC-330-10-A,Quelle est la principale action des inhibiteurs spécifiques de recapture de la sérotonine (ISSR) ?,Augmenter le niveau de sérotonine dans le cerveau,Diminuer l'effet du système nerveux central d'une drogue,Inhiber la recapture de dopamine dans les synapses,Ralentir la libération de sérotonine dans le cerveau,B. Diminuer l'effet du système nerveux central d'une drogue
OIC-330-11-A,Quelle est la principale indication des antipsychotiques ?,Traitement de l'hypertension artérielle,Traitement du diabète,Traitement de l'anxiété,Traitement de la schizophrénie,Traitement de la schizophrénie
OIC-330-12-A,Quelle est la classification des antiépileptiques?,Antiépileptiques de première génération,Antiépileptiques de deuxième génération,Antiépileptiques de troisième génération,Antiépileptiques à spectre large,Antiépileptiques à spectre large
OIC-330-13-A,Quelle est la principale indication des hypolipémiants ?,Hypercholestérolémie,Hypotriglycéridémie,Hyperlipidémie mixte,Hyperhomocysteinémie,Hypercholestérolémie
OIC-330-14-A,Quelle est l'indication principale des insulines et analogues de l'insuline?,Diabète sucré,Hyperglycémie,Hypoglycémie,Obésité,Diabète sucré
OIC-330-15-A,Quels sont les mécanismes d'action des antidiabétiques?,Inhibition de la néoglucogénèse et la glycogénolyse hépatique,Stimulation de la libération d’insuline par le pancréas,Inhibition de la dégradation des incrétines par la DPP-4,Stimulateur de la libération d’insuline et d’inhibiteur de la libération de glucagon par le pancréas,A
OIC-330-16-A,Quelle est la principale cause d'échec du paracétamol en analgésie ?,Surdosage,Mauvaise indication,Effets secondaires,Interactions médicamenteuses,B
OIC-330-17-A,Quels sont les principaux effets indésirables des antalgiques opioïdes?,"Somnolence, vertiges, constipation","Nausées, vomissements, dépression respiratoire","Rétention d’urine, dysurie",Troubles psychiques liés à l'addiction,"Somnolence, vertiges, constipation"
OIC-332-01-A,Quelle est la définition d'un état de choc?,"Un état de choc est une insuffisance circulatoire qui résulte en une inadéquation entre les besoins et les apports en oxygène, conduisant à une souffrance énergétique cellulaire par dette en oxygène et responsables de défaillances d'organes.","Un état de choc est caractérisé par une hypotension artérielle avec une tachycardie réactionnelle, des signes cliniques d'hypoperfusion périphérique et une lactatémie >2mmol/L.","Un état de choc est une insuffisance circulatoire qui résulte en une inadéquation entre les besoins et les apports en oxygène, conduisant à une souffrance énergétique cellulaire par dette en oxygène mais sans responsabilité d'organes défaillants.","Un état de choc est caractérisé par une hypotension artérielle avec une tachycardie réactionnelle, des signes cliniques d'hypoperfusion périphérique et une lactatémie >4mmol/L.",option_a
OIC-332-02-A,Quels sont les principaux cadres nosologiques des états de choc ?,"Cardiogénique, obstructif, septique, hémorragique et anaphylactique","Septique, obstructif, cardiogénique, hémorragique et anaphylactique","Obstructif, septique, cardiogénique, hémorragique et anaphylactique","Cardiogénique, septique, obstructif, hémorragique et anaphylactique","Cardiogénique, obstructif, septique, hémorragique et anaphylactique"
OIC-332-03-B,Quelle est la physiopathologie du choc hypovolémique?,Diminution de la volémie responsable d'une diminution du débit cardiaque,Défaillance cardiaque responsable d'une diminution du débit cardiaque,Augmentation de la post-charge,Obstacle circulatoire responsable d'une diminution du débit cardiaque,Diminution de la volémie responsable d'une diminution du débit cardiaque
OIC-332-04-A,Quels sont les signes cliniques d'un état de choc?,Hypotension artérielle,Hyperlactatémie,Tachycardie,Signes d'hypoperfusion périphérique,Signes d'hypoperfusion périphérique
OIC-332-05-A,Quels sont les éléments d'orientation étiologique à la phase initiale de l'évaluation d'un état de choc ?,"Les éléments d'orientation étiologique se basent sur des critères cliniques, radiologiques et biologiques.",Les éléments d'orientation étiologique ne sont pas fondés sur la clinique mais sur l'anamnèse et les examens complémentaires.,Les éléments d'orientation étiologique reposent sur des critères uniquement cliniques.,"Les éléments d'orientation étiologique sont fondés sur la clinique, l'anamnèse et les examens complémentaires.",C. Les éléments d'orientation étiologique reposent sur des critères uniquement cliniques.
OIC-332-06-B,Quels sont les examens complémentaires permettant de caractériser l'origine d'un état de choc?,Lactates artériels veineux,Gaz du sang artériel  : hypoxémie/acidose,Bilan hépatique : foie de choc,"NFS- coagulation : Intensité de la polynucléose et de la lymphopénie, ayant aussi valeur d’orientation/ CIVD","Lactates artériels veineux,Gaz du sang artériel  : hypoxémie/acidose,Bilan hépatique : foie de choc,NFS- coagulation : Intensité de la polynucléose et de la lymphopénie, ayant aussi valeur d’orientation/ CIVD,Ionogramme sanguin et créatinine"
OIC-332-07-B,Connaître la stratégie d’exploration devant un choc hémorragique,"Les examens biologiques comprennent NFS-plaquettes, GDS artériel avec lactatémie, Hémostase : TP, TCA, fibrinogène, calcium ionisé et le groupe ABO-Rh.","Les examens à visée étiologique incluent l'hémorragie extériorisée comme la hématémèse, méléna, rectorragie, plaie vasculaire/traumatique avec compression externe ou appel du chirurgien et l'hémorragie gynéco-obstétricale avec examen sous valve ou révision utérine. Les hémorragies non extériorisées peuvent être identifiées par un contexte traumatique avec FAST-écho, radio thorax, radio bassin et/ou scanner thoraco-abdomino pelvien injecté, ou hors trauma avec scanner thoraco-abdomino pelvien injecté.","Les distracteurs incluent les examens inutiles comme la biopsie transcutanée, l'angiomère, le scan abdominale ou le test de Coombs.","Le traitement du choc hémorragique comprend la réanimation volumétrique avec colloïdes et transfusion sanguine, l'arrêt de l'hémorragie par chirurgie ou embolisation vasculaire, et le traitement des causes sous-jacentes comme les plaies vasculaires, les hémorragies obstétricales ou gynécologiques.","Les examens à visée étiologique incluent l'hémorragie extériorisée avec hématémèse, méléna, rectorragie, plaie vasculaire/traumatique avec compression externe ou appel du chirurgien et l'hémorragie gynéco-obstétricale avec examen sous valve ou révision utérine. Les hémorragies non extériorisées peuvent être identifiées par un contexte traumatique avec FAST-écho, radio thorax, radio bassin et/ou scanner thoraco-abdomino pelvien injecté, ou hors trauma avec scanner thoraco-abdomino pelvien injecté."
OIC-332-08-A,Quelle est la prise en charge immédiate d'un état de choc?,Appel à l’aide de ses collègues et du réanimateur,"Suivi de la procédure A, B et C",Coordination de la prise en charge par un leader qui distribue les rôles,Bilan paraclinique des défaillances selon l’orientation étiologique,Appel à l’aide de ses collègues et du réanimateur
OIC-332-09-A,Quels sont les principes de prise en charge d'un choc hémorragique?,Mise en condition surveillance et voies veineuses,Identification de la cause de l'hémorragie et contrôle du saignement,Premières mesures symptomatiques,Correction des troubles de l'hémostase,Mise en condition surveillance et voies veineuses
OIC-332-10-B,Quels sont les principes de prise en charge du choc septique ?,La prise en charge du choc septique se fait par voie orale.,L'antibiothérapie est la première ligne thérapeutique pour traiter le choc septique.,Le traitement du choc septique ne doit pas être retardé par des investigations complémentaires.,La prise en charge du choc septique nécessite l'administration de médicaments vasoconstricteurs.,Le traitement du choc septique ne doit pas être retardé par des investigations complémentaires.
OIC-332-11-B,Quelles sont les mesures à prendre pour une prise en charge spécialisée du choc cardiogénique?,Administation d'antiagrégants plaquettaires et revascularisation coronaire,Prise en charge symptomatique d'un trouble du rythme,Prise en charge d'une intoxication aux cardiotropes,Prise en charge chirurgicale d'une valvulopathie ou d'une dissection aortique,Administation d'antiagrégants plaquettaires et revascularisation coronaire
OIC-332-12-B,Quelle est la prise en charge d'une embolie pulmonaire dans le cadre du choc obstructif ?,Thrombolyse et anticoagulation curative,Seule l'anticoagulation curative,"Pas de thrombolyse, chercher un autre diagnostic",Angioscanner,Thrombolyse et anticoagulation curative
OIC-332-13-A,Quelle est la prise en charge d'urgence pour le choc anaphylactique?,Injection de corticothérapie IV,Administration d'adrénaline par voie IM,Utilisation d'un stylo injectable auto-injecteur,Injection d'adrénaline ampoule diluée dans 10 mL,Administration d'adrénaline par voie IM
OIC-336-01-A,Quelle définition donne-t-on à la vigilance et à la conscience dans le contexte d'un coma chez l'adulte et chez l'enfant?,Vigilance: ouverture des yeux et présence d’un rythme vieille-sommeil; Conscience: interaction avec l’environnement.,Vigilance: altération aiguë de la vigilance; Conscience: altération de la conscience.,Vigilance: altération aiguë de la vigilance; Conscience: présence d’un rythme vieille-sommeil.,Vigilance: ouverture des yeux et présence d’un rythme vieille-sommeil; Conscience: interaction avec l’environnement.,Vigilance: ouverture des yeux et présence d’un rythme vieille-sommeil; Conscience: interaction avec l’environnement.
OIC-336-02-B,Quels sont les centres nerveux de l'éveil et de la conscience?,Le locus ceruleus est le centre de l'éveil.,L'aire reticulaire pontine est le centre de l'éveil.,Le tegmentum pontin est le centre de l'éveil.,Le point central est le centre de l'éveil.,L'aire reticulaire pontine est le centre de l'éveil.
OIC-336-03-A,"Quel est le score de Glasgow pour un patient avec ouverture des yeux à la demande, réponse verbale inadaptée et non orientée à la douleur, ainsi que des mouvements stéréotypés non orientés par rapport à la douleur ? ",Y3 V3 M4,Y2 V2 M2,Y1 V1 M1,Y4 V4 M4,Y2 V2 M2
OIC-336-04-A,Connaître les modalités de réalisation de l’examen neurologique d’un patient dans le coma,Meilleure réponse motrice aux stimulations nociceptives,Etat des pupilles (réflexe photomoteur),Mouvements oculaires,Aucune de ces réponses,B - Etat des pupilles (réflexe photomoteur)
OIC-336-05-A,Quels sont les signes cliniques et anamnestiques à rechercher dans un cas de coma non traumatique chez l'adulte et chez l'enfant?,"Fièvre, syndrome méningé, signes de localisation, examen du scalp, circonstances...","Convulsions, myoclonies","Intoxication chronique, blisters vides, séringues vides, traces de piqures, ordonnances avec antidiabétiques oraux ou insuline, vétusté du logement, modalités de chauffage (CO …)","Début brutal, rapidement progressif, progressif","Fièvre, syndrome méningé, signes de localisation, examen du scalp, circonstances..."
OIC-336-06-B,Quels sont les critères diagnostiques de mort cérébrale?,Coma profond Glasgow = 3,Absence des réflexes du tronc,Un des examens complémentaires confirmant le diagnostic,"Examen clinique : Absence de réflexe photomoteur, cornéen et oculovestibulaire, Absence de réflexe de toux, oculocardiaque, Abolition de la ventilation spontanée avec épreuve d’hypercapnie chez le malade ventilé","Examen clinique : Absence des réflexes du tronc cérébral et un des examens complémentaires nécessaires (angiographie, EEG) confirmant le diagnostic."
OIC-336-07-A,Quelle est la première action à prendre pour un patient présentant une hypoglycémie?,Attendre que le patient se réveille avant de lui donner du sucre,Administérer immédiatement du glucose en intraveineuse,Le laisser manger un morceau de sucre ou boire du jus d'orange,"Rien, le patient va sortir de son état par lui-même",Administérer immédiatement du glucose en intraveineuse
OIC-336-08-A,Quels sont les signes d'urgence extrême dans un coma chez l'adulte et chez l'enfant?,La présence de mouvements respiratoires hors gasp et d'un pouls central,Signes de détresse respiratoire,Score de Glasgow < 8 (perte protection voies aériennes),Glycémie inférieur à 3 mmol/L,"Engagement : mydriase unilatérale avec réponse motrice en décérébration du même côté lors de l’engagement temporal si évolution vers engagement central, labilité du pouls et de la tension artérielle, pauses respiratoires, arrêt cardio-respiratoire"
OIC-336-09-A,Quels sont les examens complémentaires à réaliser en urgence chez l'adulte et chez l'enfant dans le cadre d'un coma non traumatique ?,"- Glycémie capillaire vérifiée par glycémie plasmatique
- Ionogramme standard avec natrémie, calcémie, urée, créatinine
- Gaz du sang
- Bilan hépatique
- Discuter l’analyse toxicologique sang/urine en fonction du contexte anamnestique (prévoir des prélèvements à visée conservatoire pour analyse secondaire en fonction du contexte médico-légal)
- Scanner cérébral en urgence si : signe de localisation, coma possiblement traumatique
o   suspicion forte d’hémorragie méningée
o   suspicion AVC ischémique mais préférer l’IRM cérébrale
o   coma sans cause évidente ou absence d’amélioration après prise en charge a priori adaptée
- Ponction lombaire si : Contexte de méningite
o   Contexte de méningo-encéphalite ou encéphalite
o   Coma fébrile",Tous les examens proposés sont prioritaires en urgence,Seulement le scanner cérébral est prioritaire en urgence,Aucun des examens proposés n'est prioritaires en urgence,Seulement le scanner cérébral est prioritaire en urgence
OIC-336-10-B,Quelles sont les indications pour utiliser l'IRM en urgence chez l'adulte et chez l'enfant?,L'IRM cérébrale est plus sensible que le scanner.,"L'IRM est utilisée en 1<sup>ère</sup> intention si disponible en cas de suspicion d'AVC ischémique ou de thrombose tronc basilaire, AVC sylvien malin ou encéphalite.",Ne pas hésiter à appeler un service de neurologie vasculaire pour obtenir une aide supplémentaire.,L'IRM est moins sensible que le scanner.,B
OIC-336-11-B,Le signe de Duret correspond à quel mécanisme pathologique dans le cas d'une hémorragie intracrânienne?,Dislocation des noyaux gris centraux,Compression du tronc cérébral,Rétention de cerveau,Tentation des noyaux gris centraux,Compression du tronc cérébral
OIC-336-12-B,"La tomodensitométrie révèle un engagement sous-falcoriel, une déviation de la ligne médiane, une disparition des ventricules et une disparition de l’espace entre le lobe temporal et le tronc cérébral. Le signe le plus caractéristique d’un effet de masse est l’engagement sous-falcoriel. Quel est le signe le plus caractéristique d’un engagement cérébral ?",Engagement sous-falcoriel,Déviation de la ligne médiane,Disparition des ventricules,Disparition de l’espace entre le lobe temporal et le tronc cérébral,Engagement sous-falcoriel
OIC-336-13-A,Quelles sont les principales causes de coma non traumatique chez l'adulte et chez l'enfant?,Toxiques,Infectieux,Métaboliques,Épileptiques,"Toutes les options sont correctes. Les causes de coma non traumatique peuvent être toxiques, infectieuses, métaboliques et épileptiques."
OIC-336-14-A,"La prise en charge symptomatique initiale d'un état de coma non traumatique chez un adulte ou un enfant comprend les actions suivantes, sauf une :",Libération voies aériennes et mise en place d'une canule de Guédel,Oxygénothérapie si saturation < 92%,Mise en place d'une perfusion avec du sérum physiologique,Administration d'un antidote selon la cause de l'hypoglycémie ou l'intoxication,Libération voies aériennes et mise en place d'une canule de Guédel
OIC-336-15-B,Quelles mesures thérapeutiques sont associées aux principales complications d'un état de coma non traumatique chez l'adulte et chez l'enfant?,"- Si Glasgow < 8 et pas de cause rapidement réversible, intubation orotrachéale et mise sous ventilation mécanique","Maintien de l’homéostasie / prévention des ACSOS : - Maintien glycémie normale - Maintien température normale (éviter hyperthermie mais aussi hypothermie) - Maintien TA normale (éviter l’hypovolémie) - Contrôle de la natrémie, de la PaCO2 - Eviter l’hypoxémie",Préférer la perfusion de sérum physiologique (isotonique) à la perfusion de glucosé (hypotonique) en perfusion de base,Mobilisation et prévention des complications du décubitus,"- Si Glasgow < 8 et pas de cause rapidement réversible, intubation orotrachéale et mise sous ventilation mécanique - Maintien de l’homéostasie / prévention des ACSOS : - Maintien glycémie normale - Maintien température normale (éviter hyperthermie mais aussi hypothermie) - Maintien TA normale (éviter l’hypovolémie) - Contrôle de la natrémie, de la PaCO2 - Eviter l’hypoxémie - Préférer la perfusion de sérum physiologique (isotonique) à la perfusion de glucosé (hypotonique) en perfusion de base - Mobilisation et prévention des complications du décubitus"
OIC-342-01-A,Quelle est la définition de l'état de mal épileptique?,Crisse comitiale prolongée,Crise d'épilepsie persistante,Perte de connaissance avec crise tonico-clone,Syncope avec prodromes,Crise d'épilepsie persistante
OIC-342-02-B,Quel est le mécanisme physiopathologique principal d'un malaise?,Hypoperfusion cérébrale,Dysfonctionnement de l'activité cérébrale,Autres causes vasovagales,Autres causes neurologiques,B
OIC-342-03-A,Quelle est la durée maximale de perte de connaissance qui permet de distinguer une syncope d'une crise épileptique?,La durée doit être inférieure à 4 minutes,La durée doit être supérieure ou égale à 5 minutes,La durée doit être inférieure ou égale à 3 minutes,La durée doit être supérieure à 6 minutes,La durée doit être inférieure à 4 minutes
OIC-342-04-A,Quels sont les éléments du diagnostic des syncopes et lipothymies?,"Circonstances déclenchantes, caractéristiques cliniques","Anamnèse complète, examen clinique complet",Résultats de tests spécifiques,Toutes les réponses sont correctes,"Circonstances déclenchantes, caractéristiques cliniques"
OIC-342-05-A,Quelle est la triade de Whipple pour le diagnostic d'hypoglycémie?,Aucune des réponses précédentes,"Neuroglucopénie, glycémie veineuse basse et correction rapide des symptômes","Neuroglucopénie, hypoglycémie et correction lente des symptômes","Hypotension orthostatique, hypoglycémie et triade de Whipple","Neuroglucopénie, glycémie veineuse basse et correction rapide des symptômes"
OIC-342-06-A,Quelles sont les caractéristiques d'un événement épileptique et non épileptique (pseudo-prise de crise) ?,Un événement épileptique se manifeste par une perte de conscience.,Un événement pseudo-épileptique est caractérisé par des convulsions et une perte de connaissance.,Les deux options précédentes sont vraies.,Aucune des options précédentes n'est correcte.,Aucune des options précédentes n'est correcte.
OIC-342-07-A,Quelles sont les causes cardiovasculaires et non cardiovasculaires des syncopes/lipothymies ?,"Les causes cardiovasculaires incluent l'arrêt cardiaque, la bradycardie et l'hypotension. Les causes non cardiovasculaires comprennent les malaises psychogènes, les troubles endocriniens et les déficits neurologiques.","Les causes cardiovasculaires sont limitées à l'arrêt cardiaque, tandis que les causes non cardiovasculaires couvrent une variété de facteurs tels que la psychologie, les hormones et le cerveau.","Les causes cardiovasculaires des syncopes/lipothymies sont principalement liées à l'arrêt cardiaque, tandis que les causes non cardiovasculaires peuvent être variées, allant de la psychologie aux troubles endocriniens et aux déficits neurologiques.","Les causes cardiovasculaires des syncopes/lipothymies sont limitées à l'arrêt cardiaque, tandis que les causes non cardiovasculaires incluent une grande variété de facteurs tels que la psychologie, les hormones et le cerveau.","Les causes cardiovasculaires des syncopes/lipothymies sont principalement liées à l'arrêt cardiaque, tandis que les causes non cardiovasculaires peuvent être variées, allant de la psychologie aux troubles endocriniens et aux déficits neurologiques."
OIC-342-08-A,"Quelles sont les causes neurologiques des malaises, des crises épileptiques chez l'adulte?",Chutes,Catalepsie,Drops attacks,Pseudo syncope psychogène,"Troubles métaboliques dont hypoglycémie, hypoxie, intoxications"
OIC-342-09-A,Quelles sont les causes non cardiaques et non neurologiques du malaise chez l'adulte?,Chutes,Catalepsie,Drops attacks,Pseudo syncope psychogène,Malaise sans perte de connaissance
OIC-342-10-A,"Quelle est la gravité des malaises selon leur cause, et quelles sont les mesures de surveillance à entreprendre?",Malaises dus à une cause non cardiaque ne nécessitant pas d'hospitalisation,Malaises dus à une cause non cardiaque nécessitant une hospitalisation avec surveillance continue du rythme cardiaque,Malaises dus à une cause cardiaque nécessitant une hospitalisation avec surveillance continue du rythme cardiaque,Malaises dus à une cause cardiaque ne nécessitant pas d'hospitalisation,option_b
OIC-342-11-A,Quelles sont les indications et les anomalies ECG décisives en cas de syncope ou lipothymie?,Le rythme sinusal est conservé avec une fréquence cardiaque normale,Une bradycardie avec un plexus sinusal dominant,Un ventricule gauche hypertrophié,Une ST segment élevée,Le rythme sinusal est conservé avec une fréquence cardiaque normale
OIC-342-12-B,Quand un électroencéphalogramme est-il indiqué dans le cas d'un malaise ou une perte de connaissance présumés d'origine épileptique?,Seul en présence de signes cliniques d'une crise épileptique,Lorsque la patiente est sous antiepileptiques,Dans les cas où une crise épileptique est suspectée mais pas confirmée,Toujours dans les cas de malaise ou perte de connaissance chez l'adulte,Seul en présence de signes cliniques d'une crise épileptique
OIC-342-13-B,Quels sont les examens de seconde intention à effectuer dans les syncopes et lipothymies?,Ionogramme sanguin et créatininémie,Test d'inclinaison,Monitoring ECG implantable,Étude électrophysiologique endocavitaire,"Monitoring ECG implantable, test d'inclinaison, étude électrophysiologique endocavitaire"
OIC-342-14-A,"Quels sont les éléments cliniques et paracliniques justifiant d'un avis cardiologique, neurologique ou réanimatoire en urgence?",Les éléments cliniques et paracliniques justifiant d'un avis cardiologique,Les éléments cliniques et paracliniques justifiant d'un avis neurologique,Les éléments cliniques et paracliniques justifiant d'un avis réanimatoire,Aucun des trois,Les éléments cliniques et paracliniques justifiant d'un avis cardiologique
OIC-342-15-A,Quels sont les gestes d'urgence à effectuer en présence d'une crise convulsive généralisée?,Rester calme et ne pas intervenir,Éloigner le patient du danger immédiat,Protéger la tête du patient,Appeler de l'aide médicale,Protéger la tête du patient
OIC-342-16-A,Quel est le traitement symptomatique d'un malaise?,Donner du glucose oral,Positionner le patient en décubitus latéral de sécurité s'il est inconscient,Rhausser les jambes si la tension artérielle est hypo,Faire une prise en charge complète avec traitement spécifique,traitement de type secourisme - Mise en sécurité - position latéral de sécurité si inconscient - surélévation des jambes si hypo tension artérielle
OIC-342-17-B,"Quelle est la recommandation et l'organisation du suivi pour un patient vu pour malaise, syncope ou lipothymie de cause rythmique ?",Suivi clinique et électrocardiographique périodique par un cardiologue spécialisé en électrophysiologie.,Suivi clinique et holter par un cardiologue spécialisé en électrophysiologie.,"Suivi clinique, électrocardiographique périodique et holter par un cardiologue spécialisé en électrophysiologie.","Suivi clinique, électrocardiographique périodique et holter par un cardiologue généraliste.","Suivi clinique, électrocardiographique périodique et holter par un cardiologue spécialisé en électrophysiologie."
OIC-342-18-B,"Quelle est la recommandation pour le suivi d'un patient vu pour malaise, syncope ou lipothymie réflexe?",Suivi clinique par un médecin généraliste,Suivi spécialisé dans une unité de cardiologie,Suivi en consultation externe avec un médecin généraliste,Suivi à domicile par un infirmier ou une aide-soignante,Suivi clinique par un médecin généraliste
OIC-342-19-B,"Quels sont les principaux éléments à prendre en compte pour le suivi d'un patient présentant des symptômes de malaise, hypotension artérielle orthostatique et crise comitiale ?",S'assurer que le patient est conscient des dangers liés aux médicaments qu'il prend.,"Faire un suivi régulier pour les patients âgés, car ils sont plus susceptibles de présenter des problèmes de santé.",Vérifier la sécurité des médicaments en fonction du patient et de ses conditions de santé.,Tout cela est correct.,C
OIC-342-20-A,Quel est le traitement anticonvulsivant de courte durée d'action que vous prescrirez-vous pour un adulte présentant des symptômes de crise comitiale ?,Diazepam,Lorazepam,Midazolam,Clonazepam,C. Midazolam
OIC-342-21-A,Quels sont les principes de la prise en charge de la crise comitiale?,Associer un traitement de longue durée d'action au traitement de courte durée d'action,Ne pas associer de traitement de longue durée d'action au traitement de courte durée d'action,Attendre la crise comitiale pour commencer le traitement,Commencer le traitement avant la crise comitiale,Associer un traitement de longue durée d'action au traitement de courte durée d'action
OIC-347-01-A,Quelle est la définition de la rétention aiguë d'urine?,Impossibilité totale et soudaine d’uriner malgré un besoin impérieux ou douloureux,Incapacité momentanée à uriner en raison de contraintes externes,Difficulté récurrente à uriner due à des facteurs physiques ou médicaux,Manque habituel d'urine dans les 24 heures,Impossibilité totale et soudaine d’uriner malgré un besoin impérieux ou douloureux
OIC-347-02-B,Quelle est la physiopathologie de la rétention aiguë d'urine?,Obstruction mécanique,Anomalie de contraction détrusorienne,Ambitionnisme délibéré du patient,Insuffisance rénale aiguë,"La bonne réponse est A) Obstruction mécanique, B) Anomalie de contraction détrusorienne et D) Insuffisance rénale aiguë. La rétention aiguë d'urine nécessite une obstruction mécanique pour empêcher le flux normal du urine vers l'extérieur, une anomalie de la contraction détrusorienne qui empêche le remplissage normal de la vessie et une insuffisance rénale aiguë qui entraîne un moindre remplissage de la vessie."
OIC-347-03-A,Quelles sont les principales causes de rétention aiguë d'urine?,Obstruction mécanique,Anomalie de contraction détrusorienne ou sphinctérienne,Iatrogène,Autres,A
OIC-347-04-A,Quelle est la principale cause de rétention aiguë d'urine chez un patient présentant une douleur sus-pubienne et l'impossibilité d'uriner malgré une vésicle pleine?,Infection urinaire,Prostatite,Calcul renal,Fistule vesico-rectale,B) Prostatite
OIC-347-05-B,"Quels sont les symptômes atypiques de la rétention aiguë d'urine chez un patient âgé, diabétique, blessé médullaire ou sédaté?",La rétention aiguë d’urine peut être non douloureuse chez les patients diabétiques ou blessés médullaires.,Une hyper-réflexie autonome peut être le seul symptôme de rétention aiguë d'urine chez les patients blessés médullaires.,"Chez les sédatés, la rétention aiguë d’urine peut être non douloureuse du fait de l’anesthésie.",Toutes les réponses sont correctes.,La rétention aiguë d’urine peut être non douloureuse chez les patients diabétiques ou blessés médullaires.
OIC-347-06-A,Quels sont les signes cliniques permettant de distinguer la rétention aigue d'urine de l'anurie?,Douleur lors de la miction,Envie d'uriner,Globe vésical visible,"Absence de douleur, envie d'uriner et globe vésical","Absence de douleur, envie d'uriner et globe vésical"
OIC-347-07-A,Quel est le bilan initial recommandé pour une rétention aiguë d'urine?,Aucun examen complémentaire n'est requis en urgence.,Une échographie sus pubienne est réalisée pour évaluer la réplétion vésicale.,Un scanner abdominal est prescrit pour visualiser les reins et le bas des côtes.,Toutes les options précédentes sont correctes.,Aucun examen complémentaire n'est requis en urgence.
OIC-347-08-A,Quels sont les examens complémentaires réalisés après le drainage vésical dans le cas de rétention aiguë d'urine?,Créatininémie,Ionogramme sanguin,Echographie du haut appareil urinaire,ECBU systématique,"Créatininémie, Ionogramme sanguin, Echographie du haut appareil urinaire, ECBU systématique"
OIC-347-09-A,Quels sont les éléments de gravité en cas de rétention aigue d'urine?,Fièvre,Hématurie 260,Insuffisance rénale aigue 258,Tous les éléments mentionnés,Tous les éléments mentionnés
OIC-347-10-B,Quel est le drainage vésical préférable pour une rétention aiguë d'urine ?,Sondage vésical,Cathétérisme sus-pubien,Les deux options précédentes,Aucun des deux,B - Cathétérisme sus-pubien
OIC-347-11-A,Quelle est la prise en charge en urgence pour la rétention aiguë d'urine?,Urgence thérapeutique,Drainage vésical en urgence par sonde vésicale ou cathéter sus pubien,Évaluer le volume endovésical au sondage,Prévenir l'hémorragie à vacuo (clampage tous les 500ml),Urgence thérapeutique
OIC-351-01-A,Quelle est la définition de l'agitation ?,Un état d'anxiété intense et prolongée.,Une réaction émotionnelle négative à une situation stressante.,Un comportement hyperactif et improductif physique et psychique.,Une incapacité à rester calme en présence de stimuli externes.,Un comportement hyperactif et improductif physique et psychique.
OIC-351-02-A,Quelles sont les définitions des idées délirantes et hallucinations?,"Idées délirantes : Alterations du contenu de la pensée entraînant une perte de contact avec la réalité, non partagée par le groupe socio-culturel. Hallucinations : Perception sensorielle sans présence d’objet détectable.","Idées délirantes : Alterations du contenu de la pensée entraînant une perte de contact avec la réalité, non partagée par le groupe socio-culturel. Hallucinations : Perception sensorielle sans présence d’objet détectable.","Idées délirantes : Alterations du contenu de la pensée entraînant une perte de contact avec la réalité, non partagée par le groupe socio-culturel. Hallucinations : Perception sensorielle sans présence d’objet détectable.","Idées délirantes : Alterations du contenu de la pensée entraînant une perte de contact avec la réalité, non partagée par le groupe socio-culturel. Hallucinations : Perception sensorielle sans présence d’objet détectable.","Idées délirantes : Alterations du contenu de la pensée entraînant une perte de contact avec la réalité, non partagée par le groupe socio-ulturel. Hallucinations : Perception sensorielle sans présence d’objet détectable."
OIC-351-03-A,Quels sont les symptômes d'un délire aigu ?,Idées délirantes et hallucinations,Symptômes de désorganisation psychotique,Symptômes négatifs psychotiques,Symptômes dépressifs ou maniaques,Idées délirantes et hallucinations
OIC-351-04-A,Quelles sont les causes de l'agitation selon l'âge incluant les causes toxiques?,Troubles psychiatriques,Pathologie neurologique,Intoxication au CO,Iatrogénie,Troubles psychiatriques
OIC-351-05-A,Quelles sont les étiologies possibles des syndromes délirants aigus chez une personne âgée?,Troubles psychotiques,Pathologies médicales,Toxidermie,Troubles neurologiques,Troubles psychotiques
OIC-351-06-A,Quelle est la principale différence entre le délire alcoolique et le délire toxicologique ?,Le délire alcoolique se manifeste par une hyperactivité mentale alors que le délire toxicologique se caractérise par une hypoactivité mentale.,Le délire alcoolique est marqué par des troubles psychomoteurs tandis que le délire toxicologique ne présente pas de troubles psychomoteurs.,Le délire alcoolique se traduit par un comportement apathique alors que le délire toxicologique se manifeste par un comportement agité.,"Le délire alcoolique est caractérisé par une hyperactivité psychomotrice et des troubles de l'attention, tandis que le délire toxicologique ne présente pas ces symptômes.","Le délire alcoolique est caractérisé par une hyperactivité psychomotrice et des troubles de l'attention, tandis que le délire toxicologique ne présente pas ces symptômes."
OIC-351-07-A,"Quels sont les thèmes, mécanismes et retentissements émotionnels et comportementaux des idées délirantes?",Thème: Persécution; Mécanisme: Hallucinatoire; Retentissement émotionnel et comportemental: Anxiété,Thème: Filiation; Mécanisme: Intuitif; Retentissement émotionnel et comportemental: Colère,Thème: Mystique; Mécanisme: Imaginatif; Retentissement émotionnel et comportemental: Tristesse,Thème: Influence; Mécanisme: Hallucinatoire; Retentissement émotionnel et comportemental: Risque de passage à l'acte auto ou hétéro-agressif,Thème: Persécution; Mécanisme: Hallucinatoire; Retentissement émotionnel et comportemental: Anxiété
OIC-351-08-A,Quel type de hallucination est le plus courant dans l'agitation aiguë ?,Hallucinations visuelles,Hallucinations auditives,Hallucinations gustatives,Hallucinations olfactives,Hallucinations auditives
OIC-351-09-B,Quels sont les éléments cliniques qui orientent vers une cause psychiatrique versus non psychiatrique dans le cas d'un état aigu d'agitation et de délire?,Syndrome confusionnel,Signes physiques de déshydratation,Signes physiques infectieux,Signe de défaillance cardio-vasculaire ou respiratoire,Syndrome confusionnel
OIC-351-10-A,Quels sont les examens complémentaires indiqués dans le cas d'agitation et délire aigu?,Examens systématiques,En fonction de l'anamnèse et des points d'appel à l'examen clinique,"Alcoolémie, toxicologie urinaires, bilan hépatique, fonction rénale, TSH US, imagerie cérébrale, ponction lombaire, EEG, ECBU, goutte épaisse, radiographie pulmonaire","Bilan biologique minimal (glycémie, ionogramme, calcémie, NFS, CRP, bilan de coagulation), ECG (en vue d'un éventuel traitement antipsychotique, recherche d'un QT long)","Examens systématiques, En fonction de l'anamnèse et des points d'appel à l'examen clinique"
OIC-351-11-A,Quelle est la première ligne thérapeutique pour un état d'agitation ?,Benzodiazépines,Antipsychotiques,Les deux (benzodiazépines et antipsychotiques),Aucune des options précédentes,Benzodiazépines
OIC-351-12-A,Connaître les indications et les modalités de l’hospitalisation libre et sans consentement selon l’âge,Toutes les personnes âgées de plus de 16 ans peuvent être hospitalisées sans leur consentement.,Seules les personnes âgées de plus de 18 ans peuvent être hospitalisées sans leur consentement.,Les mineurs de moins de 16 ans ne peuvent pas être hospitalisés sans le consentement de leurs parents ou d’un représentant légal.,Les mineurs de moins de 12 ans ne peuvent pas être hospitalisés sans le consentement de leurs parents ou d’un représentant légal.,Seules les personnes âgées de plus de 18 ans peuvent être hospitalisées sans leur consentement.
OIC-353-01-A,Quelle est la définition du suicide?,Un acte involontaire qui met fin à sa propre vie.,Une action délibérée qui met fin à sa propre vie.,Un comportement auto-infligé qui met la vie en jeu de manière réelle ou symbolique sans issue fatale.,Un acte involontaire qui met fin à sa propre vie avec l'intention de se faire du mal.,Une action délibérée qui met fin à sa propre vie.
OIC-353-02-A,Quel est le principal facteur de risque pour les tentatives de suicide chez les adolescents ?,Problèmes familiaux,Troubles psychiatriques,Problèmes scolaires,Tous les facteurs précédents,Tous les facteurs précédents
OIC-353-03-A,Quelle est la définition d'une crise suicidaire?,Une période de détresse psychologique intense avec idées suicidaires,Un comportement récurrent à risque pour l'autre sans lien avec une dépression clinique,Un épisode de manie caractérisée par des idées suicidaires,Une période de détresse psychologique intense sans idées suicidaires,Une période de détresse psychologique intense avec idées suicidaires
OIC-353-04-A,Quels sont les signes cliniques spécifiques d'une crise suicidaire chez l'enfant?,"Irritabilité, agitation inhabituelle et crises de colère","Repli, isolement",Régressions développementales (par exemple énurésie secondaire),Douleurs,"Irritabilité, agitation inhabituelle et crises de colère; Repli, isolement; Régressions développementales (par exemple énurésie secondaire); Douleurs"
OIC-353-05-A,Quel est le facteur qui ne doit pas être oublié lors de l'évaluation du potentiel suicidaire ?,L'histoire familiale,Les antécédents personnels de maltraitance,La capacité à résoudre les problèmes,Le sentiment de responsabilité envers la famille,Les antécédents personnels de maltraitance
OIC-353-06-B,Quelles sont les mesures efficaces de prévention du suicide?,Restreindre l’accès aux moyens,Responsabiliser les médias,Adopter les politiques sur l’alcool,Identifier précocement et traiter,Restreindre l’accès aux moyens
OIC-353-07-B,Quelle est la première étape pour aborder un patient suicidaire?,Commencer par poser des questions directes sur le suicide,Créer une ambiance détendue et confiante,Ne pas dramatiser la situation,Tout faire en urgence psychiatrique,Commencer par poser des questions directes sur le suicide
OIC-353-08-A,Quelle est la conduite à tenir en urgence pour un patient en situation de crise suicidaire ou dans les suites immédiates d’une TS ?,L’accueil  au calme.,Sécuriser le patient.,Un médecin doit décider d’une hospitalisation.,"Avis psychiatrique systématique : Après stabilisation de son état clinique non-psychiatrique, But de l’entretien psychiatrique : Evaluer la crise suicidaire, son potentiel (risque/urgence/dangerosité), évaluer les troubles psychiatriques associés et d’orienter la prise en charge.","Avis psychiatrique systématique  : Après stabilisation de son état clinique non-psychiatrique, But de l’entretien psychiatrique : Evaluer la crise suicidaire, son potentiel (risque/urgence/dangerosité), évaluer les troubles psychiatriques associés et d’orienter la prise en charge."
OIC-353-09-B,Quels sont les objectifs de l'hospitalisation pour un patient présentant un risque suicidaire?,Protéger la personne en limitant le risque de passage à l’acte suicidaire.,Traitement du trouble psychiatrique associé.,Faciliter la résolution de la crise en mettant en place une psychothérapie de soutien.,Organiser le suivi ambulatoire ultérieur si nécessaire.,Protéger la personne en limitant le risque de passage à l’acte suicidaire.
OIC-353-10-B,"Quel est le rôle de l'évaluation psychosociale dans le contexte de la prise en charge du risque suicidaire chez l'enfant, l'adolescent et l'adulte ?",L'évaluation psychosociale n'est pas associée à l'évaluation médicale.,L'évaluation psychosociale est systématiquement associée à l'évaluation médicale.,L'évaluation psychosociale est optionnelle et ne doit être réalisée que dans certains cas spécifiques.,L'évaluation psychosociale n'a pas de rôle dans la prise en charge du risque suicidaire.,B. L'évaluation psychosociale est systématiquement associée à l'évaluation médicale.
OIC-353-11-B,Quelle est la première action à prendre en cas de crise suicidaire chez un sujet âgé?,Rassurer le patient,Rechercher les moyens envisagés et à disposition pour éviter la mort,Ne pas intervenir directement mais appeler du renfort,Faire un bilan complet de la situation psychologique du patient,Rechercher les moyens envisagés et à disposition pour éviter la mort
OIC-364-01-A,Quelle est la fracture épiphysaire typique chez l'enfant selon la classification de Salter et Harris?,Fracture vertébrale,Fracture du fémur,Fracture du sternum,Fracture du crâne,Fracture vertébrale
OIC-364-02-B,Quelles sont les fractures courantes chez le petit enfant ? ,Fractures en motte de beurre,Fracture-écollements épiphysaires,Déformations plastiques des os,Toutes les options sont correctes,Toutes les options sont correctes
OIC-364-03-B,Le périoste joue un rôle dans la croissance osseuse chez l'enfant.,"Oui, il contribue au remodelage osseux.","Non, il n'a pas de rôle dans la croissance osseuse.",Seulement dans les fractures complètes.,Il ne joue aucun rôle dans la croissance ou le remodelage osseux.,"Oui, il contribue au remodelage osseux."
OIC-364-04-B,Quelle est l'épidémiologie des fractures chez l'enfant?,Les fractures chez l'enfant sont plus fréquentes au tronc que aux membres.,Les fractures des membres inférieures deviennent plus nombreuses qu'à l'adolescence.,La cinétique des traumatismes diminue avec l'âge.,La pratique sportive n'est pas une cause dominante de fracture chez l'enfant.,Les fractures des membres inférieures augmentent en prévalence à partir de la préadolescence.
OIC-364-05-A,Quels sont les signes devant faire suspecter une maltraitance dans le cas d'une fracture chez l'enfant?,Fracture avant l'âge de la marche,Contexte inexpliqué ou contexte flou,Retard à la présentation de l'enfant,Localisation métaphysaire ou en torsion,"Fracture avant l'âge de la marche, contexte inexpliqué ou contexte flou, retard à la présentation de l'enfant, localisation métaphysaire ou en torsion"
OIC-364-06-A,Quels sont les principes de prise en charge initiale des traumatismes chez l'enfant?,"Immobiliser, traiter la douleur et prescrire l'imagerie","Ne pas manipuler le membre fracturé, immobiliser temporairement, prescrire un antalgique de niveau 2 ou 3 et localiser la lésion pour prescrire une imagerie ciblée",Immobilisation sans traitement de la douleur ni prescription d'imagerie,"Manipulation excessive du membre fracturé, immobilisation temporaire, pas de prescription d'antalgique et localisation de la lésion pour prescrire une imagerie non ciblée","B - Ne pas manipuler le membre fracturé, immobiliser temporairement, prescrire un antalgique de niveau 2 ou 3 et localiser la lésion pour prescrire une imagerie ciblée"
OIC-364-07-A,"Quand une fracture est suspectée chez un enfant, quelles images complémentaires devraient être demandées ?",Radiographie de face et profil de la région concernée,Radiographie comparative des régions homolatérales,Échographie pour les lésions osseuses suspectées,IRM pour les lésions osseuses suspectées,Radiographie de face et profil de la région concernée
OIC-364-08-B,Quels sont les principes thérapeutiques des fractures de l'enfant?,L'immobilisation plâtrée est bien tolérée chez l'enfant.,La plaque de croissance doit être rigoureusement préservée lors d'une ostéosynthèse chez l'enfant.,Le traitement orthopédique et sa surveillance sont les principes thérapeutiques des fractures de l'enfant.,Les modalités de l'ostéosynthèse chez l'enfant sont différentes de chez l'adulte.,La plaque de croissance doit être rigoureusement préservée lors d'une ostéosynthèse chez l'enfant.
OIC-364-09-A,Quels sont les signes de gravité d'une fracture supracondylienne?,"Lésions vasculaires, nerveuses et cutanées",Palpation des pouls et observation de la coloration des extrémités,Testage sommaire des 3 principaux troncs nerveux au membre supérieur,"Ischémie incomplète, temporaire ou complète conduisant à un syndrome compartimental de l'avant-bras","Lésions vasculaires, nerveuses et cutanées"
OIC-364-10-B,Quel est le diagnostic positif d'une fracture du condyle latéral du coude?,Fracture pure,Dégâtellement épiphysaire,Luxation épiphysaire,Traction épiphysaire,Dégâtellement épiphysaire
OIC-364-11-A,Quels sont les deux types principaux de fracture de cheville chez l'enfant?,Les décollements-épiphysaires type I ou II,Les décollements épiphysaires de type III ou IV,Les fractures complètes,Les fractures incomplètes,Les décollements-épiphysaires type I ou II
OIC-364-12-B,Quel est le risque de troubles de croissance par épiphysiodèse après une fracture décollement épiphysaire de cheville chez l'adolescent?,Le risque de troubles de croissance par épiphysiodèse est faible.,Le risque de troubles de croissance par épiphysiodèse est moyen.,Le risque de troubles de croissance par épiphysiodèse est élevé.,Le risque de troubles de croissance par épiphysiodèse est très élevé.,Le risque de troubles de croissance par épiphysiodèse est très élevé.
