Unnamed: 0,id,question,option_a,option_b,option_c,option_d,correct_option,distractor_quality
0,OIC-005-01-A,Quel est l'objectif de la responsabilité civile professionnelle des médecins et des établissements de santé?,Assurer la sanction du professionnel ou de l'établissement,Indemniser les victimes d'événements indésirables associés aux soins,Couvrir les coûts des traitements médicaux,Favoriser la transparence dans les soins,b,4
1,OIC-005-01-A-,Quelle est la fonction répressive de la responsabilité pénale ?,Sanctionner les comportements répréhensibles dans notre société.,Protéger les droits des patients.,Favoriser l'exercice de soins de qualité.,Encourager la recherche médicale.,a,4
2,OIC-005-02-A,Quels professionnels exercent leur responsabilité civile devant les juridictions de l'ordre judiciaire ?,"Les médecins salariés d'établissements, services ou organismes privés",Les professionnels libéraux et les établissements de santé privés,Les praticiens hospitaliers uniquement,Aucun des professionnels mentionnés ci-dessus,b,4
3,OIC-005-02-A-,Quelle est la responsabilité engagée devant les juridictions de l'ordre administratif en cas d'actes réalisés par des médecins hospitaliers ?,Responsabilité civile personnelle du médecin,Responsabilité administrative de l'établissement public de santé,Responsabilité pénale du patient,Responsabilité disciplinaire du conseil de l'ordre des médecins,b,4
4,OIC-005-03-A,Quelles sont les instances compétentes pour juger les fautes disciplinaires des médecins ?,Chambre disciplinaire du conseil régional de l'Ordre et la chambre disciplinaire du conseil national de l'Ordre en appel.,"Conseil d'Etat, Cour de cassation et Tribunal administratif.","Cour pénale internationale, Cour européenne des droits de l'homme et Conseil de sécurité des Nations unies.",Chambre civile du conseil régional de l'Ordre et la chambre pénale du conseil national de l'Ordre en appel.,a,4
5,OIC-005-03-A-,"Qu'est-ce qu'on appelle un dommage lié au soins mais survenu sans manquement aux règles professionnelles ou scientifiques, ni erreur ?",Responsabilité avec faute,Responsabilité sans faute,Indemnisation pour les infections nosocomiales,Erreur médicale,b,4
6,OIC-005-04-A,"Quel est l'article du Code de la santé publique qui stipule que les professionnels et établissements de santé ne sont responsables des conséquences dommageables d'actes de prévention, de prévention ou de soins qu'en cas de faute?",L. 1142-0,L. 1142-1,L. 1142-2,L. 1142-3,b,3
7,OIC-005-05-A,Qu'est-ce qu'un accident médical ?,"Un événement indésirable survenu au cours d'un acte de soin, de prévention ou de diagnostic.",Un dommage anormal causé par une erreur d'un professionnel de santé.,Un effet néfaste provoqué par un traitement ou un acte médical.,Une conséquence de la prise d'un médicament avec mauvais usage.,a,4
8,OIC-005-05-A-,Qu'est-ce que les infections nosocomiales ?,Infections contractées à l'extérieur d'un établissement de santé,Infections présentes au moment de l'admission du patient dans un établissement de santé,Infections contractées au cours d'un séjour dans un établissement de santé,Infections causées par des bactéries résistantes aux antibiotiques,c,4
9,OIC-005-06-A,Qu'est-ce que l'aléa thérapeutique?,Une erreur médicale causée par la négligence d'un professionnel de santé,Un événement indésirable lié à une action de soins conforme et ne comportant pas d'erreur,Un effet secondaire d'un médicament incorrectement prescrit,Une infection nosocomiale causée par la faute des professionnels de santé,b,4
10,OIC-005-06-A-,Quels sont les principaux facteurs conduisant à l'ouverture d'un contentieux à la suite d'un accident médical ?,seulement le patient,seulement l'équipe,"tous les facteurs mentionnés (patient, tâches, équipe, environnement de travail, organisation et management, contexte institutionnel)",aucun des facteurs mentionnés n'est pertinent,c,4
11,OIC-005-07-A,Quels sont les facteurs humains individuels qui peuvent conduire à des erreurs?,"Le manque de connaissances, la capacité de mémorisation limitée",Les facteurs linguistiques ou culturels,"La fatigue, le stress et le manque de temps",Tous les facteurs ci-dessus,d,4
12,OIC-005-07-A-,Quel est le but de l'analyse approfondie des causes d'erreur dans les soins médicaux?,Identifier les responsables de l'erreur,Prévenir les erreurs et les accidents en mettant en place des actions d'amélioration,Réduire les coûts liés aux soins médicaux,Améliorer la communication entre les équipes de soins,b,4
13,OIC-005-08-A,Quel est le but d'une démarche de culture positive de l'erreur dans un système de gestion des risques associés aux soins?,Culpabiliser les professionnels de santé,Favoriser le signalement et l'analyse des erreurs pour améliorer la sécurité du patient,Réduire les coûts liés à l'analyse des dossiers,Augmenter la confiance dans le système de gestion des risques associés aux soins,b,4
14,OIC-005-08-A-,Quel est le but principal d'un travail en équipe pluriprofessionnelle ?,Améliorer la communication entre les professionnels,Répondre de manière collaborative aux besoins du patient,Augmenter les coûts de la prise en charge du patient,Diminuer l'efficacité des soins,b,4
15,OIC-005-09-A-,Quel est le but du parcours de soins ?,Coordonner les compétences professionnelles pour améliorer la qualité des soins,Réduire les coûts médicaux en limitant les examens,Améliorer la communication entre les professionnels de santé,Simplifier le processus d'admission des patients,a,4
16,OIC-005-10-A,Qu'est-ce qu'un protocole pluriprofessionnel?,Un document créé par un seul professionnel,Une expression de consensus sur la prise en charge d'une maladie par plusieurs professionnels,Un outil de travail individuel,Un guide de soins pour les patients à domicile,b,4
17,OIC-005-10-A-,Quels sont les principes des réunions de concertation pluridisciplinaire (RCP) ?,Des réunions unilatérales entre médecins spécialistes,Des réunions collégiales entre au moins trois médecins de spécialités différentes,Des réunions réservées aux patients atteints de cancer,Des réunions qui ne nécessitent pas l'avis concerté et collégial,b,4
18,OIC-005-11-A,Quel est l'objectif principal d'une check-list de sécurité du patient dans le bloc opératoire?,Simplifier les procédures médicales,Favoriser la communication entre professionnels,Réduire les erreurs médicales,Améliorer la gestion des ressources hospitalières,c,4
19,OIC-005-12-B,Quel est le rôle du Samu-Centre 15 dans la gestion d'un appel d'urgence?,Assurer l'accueil des patients en urgence,Déterminer et déclencher la réponse la plus adaptée à l'appel dans le délai le plus rapide,Organiser les transports de patients,Fournir des soins médicaux directement sur place,b,4
20,OIC-005-12-B-,Quels sont les critères interdits pour faire des différences de traitement en France ?,"Appartenance ethnique, opinions politiques, identité de genre, orientation sexuelle, nationalité","Âge, sexe, lieu de résidence, situation de perte d'autonomie","Capacité à s'exprimer en français, apparence physique, patronyme",Tous les critères sont autorisés,a,4
21,OIC-005-13-A,Quels sont les principaux effets des discriminations sur les inégalités sociales et inégalités de santé?,Les discriminations n'affectent pas la santé,"Les discriminations accentuent le stress, contribuent au non-recours aux soins et aggravent les déterminants sociaux de la santé",Les discriminations améliorent l'état de santé des personnes discriminées,Les discriminations n'ont aucun impact sur la santé,b,4
22,OIC-005-13-A-,Quels sont les facteurs structurels et organisationnels qui contribuent aux discriminations en santé?,Seulement des représentations sociales,"Des dysfonctionnements dans le système de santé, un défaut de prise en charge ou un abaissement de la qualité des soins.",Un manque d'information sur les patients,Une mauvaise volonté des soignants,b,4
23,OIC-005-15-B,Quel est l'objectif principal du Code de déontologie médicale?,Définir les lois régissant la médecine,Favoriser le bon fonctionnement du corps professionnel des médecins,Souscrire à l'administration et au gouvernement,Publier au Journal Officiel sous la signature du Premier ministre,b,4
24,OIC-005-15-B-,Quels sont les quatre grands principes de l'éthique médicale selon Beauchamp et Childress ?,"Bienfaisance, non-malfaisance, autonomie, justice","Justice, autonomie, bienfaisance, non-malfaisance","Non-malfaisance, bienfaisance, autonomie, liberté","Autonomie, justice, liberté, non-malfaisance",a,4
25,OIC-006-01-A,Quel est le principe philosophique qui a influencé l'importance accordée à l'autonomie du patient dans les soins médicaux ?,Le principe de bienfaisance,Le principe d'autonomie individuelle,Le principe de non-malfaisance,Le principe de justice distributive,b,4
26,OIC-006-01-A-,Quel est l'objectif principal du droit à l'information pour un patient ?,Permettre au médecin de prendre une décision sans pression,Donner au patient la possibilité de participer à son parcours de soins et d'organiser sa vie en conséquence,Faire un choix thérapeutique pour le patient,Respecter l'autonomie du médecin dans ses décisions,b,4
27,OIC-006-02-A,Quel est le droit du patient en matière de refus de soins ?,Le médecin a la priorité sur les décisions du patient.,"Le patient a le droit de faire respecter sa volonté en consentant aux investigations et aux soins ou en les refusant, même si cela implique un risque pour sa santé ou sa vie.",Le médecin peut refuser les soins sans consulter le patient.,Le patient ne peut pas refuser les soins s'il est mineur.,b,4
28,OIC-006-02-A-,Qui peut être désigné comme personne de confiance ?,Seul le conjoint ou un parent,"Tout proche majeur, quel que soit son lien avec le patient",Un ami ou un membre d'association,Seul un médecin,b,4
29,OIC-006-03-A,Quelle est l'acception majeure de la vulnérabilité en sciences humaines et sociales ?,"La vulnérabilité comme constitutive de l’existence humaine, universellement partagée.",La vulnérabilité comme dépendante de contextes historiques et sociaux particuliers.,La vulnérabilité comme une condition négative qui empêche l'autonomie.,La vulnérabilité comme un problème à résoudre par la puissance et le contrôle.,a,4
30,OIC-006-03-A-,Quel est l'objectif principal des mesures de protection juridique?,Protéger les intérêts financiers d'une personne,Assurer la sécurité et la dignité d'une personne vulnérable,Favoriser l'autonomie des personnes protégées,Réduire les coûts médicaux pour les patients,b,4
31,OIC-006-04-B,Quelle est la principale différence entre la curatelle et la tutelle?,La curatelle est plus protectrice que la tutelle.,La tutelle est plus protectrice que la curatelle.,"La curatelle est réservée aux mineurs, tandis que la tutelle est réservée aux majeurs.","La curatelle est réservée aux personnes ayant des problèmes de santé mentale, tandis que la tutelle est réservée aux personnes ayant des problèmes physiques.",b,4
32,OIC-006-05-A-,L'interruption médicale de grossesse peut avoir lieu à tout moment d'une grossesse si la poursuite de la grossesse met en péril grave la santé de la femme.,a,b,c,d,a,1
33,OIC-006-06-A,Quel est l'objectif principal du diagnostic prénatal (DPN) selon la loi française ?,Prévenir ou traiter une affection d'une particulière gravité dans l'intérêt de la mère,Prévenir ou traiter une affection d'une particulière gravité dans l'intérêt de l'enfant à naître,Dépister toutes les anomalies fœtales possibles,Fournir des informations aux parents sur la santé de leur enfant avant sa naissance,b,4
34,OIC-006-06-A-,Quel est l'objectif principal du diagnostic préimplantatoire (DPI) ?,Déterminer le sexe de l'enfant,Éviter la transmission d'une maladie génétique présente chez les futurs parents,Choisir un embryon compatible avec une greffe de moelle,Faire un diagnostic prénatal,b,4
35,OIC-006-07-A,Quel est l'enjeu éthique concernant l'information du patient en fin de vie ?,Donner une information honnête et claire pour respecter la dignité de la personne.,Respecter l'autonomie de la personne malade et son droit à être informée de son état de santé.,Soulager les douleurs et souffrances de la personne sans prendre en compte ses besoins émotionnels.,Accélérer le processus du mourir pour éviter les souffrances physiques.,b,4
36,OIC-006-07-A-,Quel est le but principal de la loi Clayes-Léonetti ?,Améliorer les traitements médicaux pour les patients en fin de vie.,Donner un cadre législatif pour répondre à l'obstination déraisonnable et promouvoir l'autonomie du patient.,Réduire les coûts des soins palliatifs.,Augmenter la durée de vie des patients en fin de vie.,b,4
37,OIC-008-01-A-,Quel était le but principal de la loi Huriet-Sérusclat en 1988 ?,Établir un cadre unique pour toutes les recherches impliquant la personne humaine,Protéger les personnes participant à des recherches biomédicales et établir des règles de sécurité juridique,Définir les rôles des acteurs dans une recherche biomédicale,Abroger la loi Jardé en 2012,b,4
38,OIC-008-03-B,Qui peut être donneur vivant selon la loi ?,Seuls les pères et mères des receveurs,Toute personne apportant la preuve d’une vie commune d’au moins deux ans avec le receveur,"Les frères et sœurs, les fils et filles, les grands-parents, les oncles et tantes, les cousins germains et cousines germaines",Seuls les conjoints des receveurs,b,4
39,OIC-009-02-A,Quelle est la différence entre la perception du corps propre et des corps d'autrui?,Nous avons tous la même perception,La perception est identique mais dépend de l'expérience vécue,"Nous avons une perception différente, notamment chez le malade",La perception ne change pas avec les expériences vécues,c,4
40,OIC-009-03-A,Quels sont les quatre logiques de protection sociale ?,"Assurance sociale obligatoire, assistance sociale, protection universelle et prévoyances individuelles.","Assistance sociale, protection universelle, prévoyance collective et assurance privée.","Protection universelle, prévoyance individuelle, assurance sociale et assistance sociale.","Prévoyance collective, assurance obligatoire, protection universelle et assistance sociale.",a,4
41,OIC-009-03-A-,Quels sont les deux types de prestations sociales en France?,en espèces avec des revenus de remplacement ou en nature,en nature uniquement,en espèces uniquement,à des prix réduits uniquement,a,4
42,OIC-009-04-A,Quels sont les deux principaux risques sociaux à l'origine des poids financiers les plus importants dans les dépenses de protection sociale en France ?,Vieillesse et santé,Chômage et invalidité,Santé et accidents du travail,Revenu et emploi,a,4
43,OIC-009-04-A-,Quelles sont les sources de financement de la protection sociale en France?,Seulement les cotisations sociales,"Les cotisations sociales, les impôts et taxes affectés, ainsi que les contributions publiques de l'État","Les impôts et taxes affectés, ainsi que les contributions publiques de l'État",Seulement les impôts et taxes affectés,b,4
44,OIC-009-05-A,Quels sont les groupes de population couverts par le Régime général ?,Seuls les travailleurs salariés du secteur privé,"Les travailleurs salariés du secteur privé, les étudiants et les chômeurs",Tous les groupes de population sans exception,Les agents contractuels de l’État et les indépendants,b,4
45,OIC-009-05-A-,Qui vote la loi de financement de la Sécurité Sociale (LFSS) chaque année?,Le gouvernement,Le Parlement,La Cour des Comptes,Le Conseil d'État,b,3
46,OIC-009-06-A,Quel est l'objectif de l'ONDAM?,Fixer les dépenses de l'assurance maladie,Réguler les dépenses de l'assurance maladie,Déterminer le montant des primes d'assurance maladie,Évaluer la qualité des soins médicaux,b,4
47,OIC-009-07-A,Quels sont les risques gérés par la Caisse nationale d'assurance maladie (CNAM) ?,"maladie, maternité, invalidité et décès",accidents du travail et maladies professionnelles,chômage et retraite,pauvreté et exclusion sociale,a,4
48,OIC-009-07-A-,Quel est l&#39;objectif du ticket modérateur ?,Réguler la consommation de soins en responsabilisant financièrement le patient.,Réduire les coûts des soins pour les patients.,Augmenter les remboursements des soins pour les patients.,Améliorer la qualité des soins pour les patients.,a,4
49,OIC-009-08-A,Qui est le pivot du parcours de soins coordonnés?,Le patient,Le médecin traitant,L'assurance maladie,Le spécialiste,b,4
50,OIC-009-08-A-,Quelles sont les conditions pour bénéficier d'une exonération du ticket modérateur en cas de forme grave ou invalidante d'une maladie non présente sur la liste des 30 ALD?,La durée prévisible du traitement doit être inférieure à six mois,Le traitement doit être particulièrement coûteux et prolongé d’une durée supérieure à six mois,L'assurance maladie prend en charge les frais à 50 %,La thérapeutique doit comporter un traitement médicamenteux,b,4
51,OIC-009-09-B,Quelles sont les prestations en espèces de l'assurance maladie ?,Prestations en nature,Indemnités journalières versées à compter du 4ème jour de l'arrêt de travail,Prise en charge des frais engagés avec application d'un ticket modérateur,"Pension d'invalidité calculée en fonction du revenu, de la capacité résiduelle de travail et du besoin éventuel d'une tierce personne",b,4
52,OIC-009-10-B,Quel est l'objectif principal d'un protocole de recherche en santé?,Décrire la méthodologie de la recherche,Répondre à plusieurs questions/hypothèses,"Aboutir à un résultat principal fiable, valide et pertinent",Calculer le nombre de sujets nécessaire,c,4
53,OIC-009-10-B-,Quels sont les textes de loi qui réglementent la recherche clinique en France?,Loi Jardé et code de la Santé Publique,Loi Jardé et code pénal,Code de la santé publique et loi sur l'environnement,Loi Jardé et loi sur les transports,a,4
54,OIC-009-11-A,Quels arguments utiles à la justification d'une problématique de recherche ?,Les résultats des études précédemment menées,L'analyse de l'état actuel des connaissances et les épidémiologiques,La fréquence du problème de santé étudié,Les hypothèses physiopathologiques plausibles,b,4
55,OIC-009-11-A-,Quel est l'objectif principal d'une recherche ?,Déterminer plusieurs objectifs à la recherche,Formuler des hypothèses de recherche,Hiérarchiser les objectifs en objectif principal et secondaire,Vérifier une hypothèse 'a priori',d,3
56,OIC-009-12-B,Quel est l'objectif principal des études à visée descriptive ?,Identifier les facteurs de risque associés à un phénomène de santé,Décrire la distribution ou l'évolution de la fréquence des événements de santé et de leurs déterminants dans une population,Évaluer les performances d'une méthode diagnostique ou de dépistage,Établir un lien de causalité entre un facteur d'exposition et un phénomène de santé,b,4
57,OIC-009-12-B-,Quelle modalité d'échantillonnage consiste à tirer au sort des individus dans chaque sous-population définie par une variable catégorielle ?,Recrutement exhaustif,Sondage aléatoire simple,Sondage stratifié,Méthode des quotas,c,4
58,OIC-009-13-A,Quelles sont les sources de données issues des systèmes de surveillance épidémiologique ?,Registres de morbidité et déclarations obligatoires,Réseaux sentinelles et statistiques vitales,Système National des Données de Santé (SNDS) et Entrepôts hospitaliers de données de santé (EDS),Toutes les options précédentes,d,4
59,OIC-009-13-A-,Quel est le critère principal pour évaluer la pertinence d'un critère de jugement dans une étude ?,Sa signification clinique,Son adéquation avec l'objectif principal de l'étude,Sa faisabilité de recueil,Sa relation avec les critères secondaires,b,4
60,OIC-009-14-B,Qu'est-ce que les probabilités ?,Des phénomènes aléatoires dont les issues possibles sont inconnues,Des phénomènes aléatoires dont les issues possibles sont connues mais dont on ne peut prédire la valeur car leur réalisation est incertaine,Des phénomènes déterministes qui ont une issue prévisible,Des phénomènes aléatoires sans issues possibles,b,3
61,OIC-009-14-B-,Quel est un paramètre statistique de position qui représente la valeur la plus fréquemment retrouvée dans un ensemble de valeurs ?,Moyenne,Mode,Médiane,Quartile,b,4
62,OIC-009-15-B,Quel est le but d'un test statistique en recherche en santé?,Évaluer la qualité des données,Conclure si un résultat observé peut s'expliquer par le hasard,Déterminer la signification du résultat,Interpréter les résultats en fonction de l'hypothèse alternative,b,4
63,OIC-009-15-B-,Qu'est-ce que les données de survie ?,Le temps écoulé entre l'inclusion dans une étude et la fin de celle-ci.,La durée pendant laquelle on a pu observer un sujet avant qu'il ne soit perdu de vue.,"Le délai jusqu'à la survenue d'un événement quelconque, reflétant à la fois la survenue et le temps de suivi du sujet.",La probabilité de connaître l'événement avant un temps donné.,c,4
64,OIC-009-16-B-,Quel est l'objectif principal de la protection des données de santé?,Faciliter les échanges de données entre les professionnels de santé,Garantir le respect de la vie privée des personnes,Améliorer la qualité des soins,Réduire les coûts médicaux,b,4
65,OIC-009-17-A-,Quelle est la définition de la population cible ?,La population à partir de laquelle l'étude se déroule,La sous-population d'une population source,La population sur laquelle on s'interroge et à propos de laquelle on veut obtenir des informations,La population qui participe à l'étude,c,4
66,OIC-009-18-A,Quel type d'étude observationnelle permet de suivre dans le temps un échantillon de sujets ?,Enquête cas-témoins,Enquête transversale,Enquête de cohorte,Étude exposés non exposés,c,4
67,OIC-009-18-A-,Quel type d'étude consiste à sélectionner des cas et témoins parmi les sujets d'une cohorte déjà constituée ?,Étude cas-témoins nichée,Étude quasi-expérimentale,Étude sur données groupées,Étude de cohorte,a,4
68,OIC-009-19-B,Quelle est la définition du risque ?,Probabilité qu'un événement se produise dans une population pendant une période donnée.,"Nombre de nouveaux cas pendant une certaine période, rapporté à la somme des personnes-temps.",Proportion du nombre de cas d'une maladie dans une population à un instant donné.,Taux de mortalité dans une population.,a,4
69,OIC-009-20-B,Quelle est la valeur correspondant à l'absence d'effet du coefficient de corrélation linéaire (r)?,0,-1,1,2,a,4
70,OIC-009-20-B-,Quel est le type d'étude qui ne permet pas d'estimer le Risque Relatif (RR)?,Étude cas-témoins,Étude de cohorte exposé/non exposé,Essai contrôlé randomisé,Toutes les études ci-dessus,a,4
71,OIC-009-21-A,Quel paramètre augmente la puissance d'une étude si sa valeur augmente ?,La différence à détecter,Le risque alpha,La taille de l'échantillon analysé N,La variabilité des observations (variance),c,4
72,OIC-009-22-B,Quelle est la différence entre une erreur aléatoire et une erreur systématique ?,L'erreur aléatoire est due au hasard tandis que l'erreur systématique n'est pas due au hasard.,L'erreur aléatoire est indépendante de la taille d'échantillon tandis que l'erreur systématique dépend de la taille d'échantillon.,"L'erreur aléatoire est liée à la représentativité et la validité externe de l'étude, tandis que l'erreur systématique n'est pas liée.","L'erreur aléatoire est due aux erreurs commises par les investigateurs, tandis que l'erreur systématique ne provient pas d'erreurs commises par les investigateurs.",a,4
73,OIC-009-22-B-,Quel type de biais se produit lorsque la population étudiée n'est pas représentative de la population d'intérêt ?,biais non différentiel,biais différentiel,perte de puissance,biais de sélection non différentiel,d,4
74,OIC-009-23-A,Quel est le résultat d'un facteur de confusion dans une étude épidémiologique?,L'association entre l'exposition et le phénomène de santé diminue,L'association entre l'exposition et le phénomène de santé augmente,L'estimation de l'association entre l'exposition et le phénomène de santé n'est pas du tout la même selon les niveaux d'un autre facteur,L'hypothèse nulle est rejetée,c,4
75,OIC-009-23-A-,Quel est le résultat d'un test statistique lorsque la valeur de p (degré de signification) est inférieure au seuil déterminé a priori (risque alpha) ?,On ne peut rien conclure.,La différence n'existe pas.,La différence existe.,L'intervalle de confiance est trop large.,c,4
76,OIC-009-25-B,Quel est le processus standard pour publier un article scientifique?,Le chercheur envoie directement son manuscrit à une revue prédatrice,Le manuscrit est transmis à des pairs relecteurs pour évaluation,L'article est publié sans aucune forme d'évaluation ni validation,Le chercheur doit payer les frais de publication avant que le manuscrit soit envoyé aux relecteurs,b,4
77,OIC-009-25-B-,Quelles sont les propriétés extrinsèques d'un test ?,"Sensibilité, spécificité, rapport de vraisemblance positif et rapport de vraisemblance négatif","Valeur prédictive positive, valeur prédictive négative, probabilité pré-test et probabilité post-test","Probabilité pré-test, probabilité post-test, nomogramme de Fagan et rapport de vraisemblance positif","Sensibilité, spécificité, valeur prédictive positive et valeur prédictive négative",b,4
78,OIC-009-26-B,Quelle est la définition d'une maladie rare ?,Une maladie qui atteint plus de 2 personnes sur 100 en population générale.,Une maladie qui atteint moins d'une personne sur 2000 en population générale.,Une maladie qui est très courante dans certaines régions du monde.,Une maladie qui n'affecte que les enfants.,b,4
79,OIC-009-27-B-,Quel est le nombre approximatif de maladies rares différentes?,3 000,7 000,10 000,20 000,b,4
80,OIC-010-01-A,Qu'est-ce que l'errance diagnostique?,La période allant de l'apparition des premiers symptômes à la date à laquelle un diagnostic précis est posé.,L'échec à définir la cause précise de la maladie après avoir mis en œuvre l'ensemble des investigations disponibles en l'état de l'art.,La période pendant laquelle un patient est traité sans diagnostic précis.,L'échec à définir la cause précise d'une forme atypique d'une maladie connue.,a,4
81,OIC-010-01-A-,Quels sont les principaux dispositifs qui aident les professionnels de santé à s'informer pour une prise en charge multidisciplinaire du patient ?,"Centres de référence et de compétence maladies rares, filières de santé, Orphanet, Maladies rares Info Services","Hôpitaux, cliniques, pharmacies","Associations de patients, équipes relais handicaps rares (ERHR)","Médecins spécialistes, infirmières, aides-soignants",a,4
82,OIC-010-02-B,Quel est le pourcentage de grossesses touchées par l'hémorragie du premier trimestre ?,10%,25%,50%,75%,b,4
83,OIC-010-02-B-,Quelle est la méthode de traitement médical recommandée pour les sacs de petite taille et les hémorragies peu importantes en cas de fausse couche du premier trimestre?,Traitement chirurgical,Prostaglandines,Prise en charge psychologique,Hospitalisation,b,4
84,OIC-010-03-B,Quel est le traitement chirurgical recommandé pour une grossesse extra-utérine (GEU) symptomatique ?,"en urgence après conditionnement de la patiente, bilan préopératoire, groupage, RAI appel de l'anesthésiste","après conditionnement de la patiente, bilan préopératoire, groupage, RAI appel de l'anesthésiste",en urgence sans conditionnement de la patiente,après conditionnement de la patiente uniquement,a,4
85,OIC-019-01-A-,Quels sont les principes de prise en charge d'une HPP (Hémorragie Postpartum Précoce) ?,"Estimation des pertes sanguines, délivrance artificielle et révision utérine.","Massage utérin, inspection sous valves et administration d'utérotoniques.","Sondage urinaire à demeure, suture des déchirures périnéales et recherche d'un hémopéritoine.",Tous les options ci-dessus sont corrects.,d,4
86,OIC-019-02-A,Quel est le but d'une délivrance dirigée dans le contexte de la prévention de l'Hémorragie Postpartum Précoce (HPP) ?,Éviter les pertes sanguines,Améliorer la surveillance de la délivrance normale,Administrer systématiquement l'oxytocine dès la sortie de l'enfant,Réduire le temps de délivrance,c,4
87,OIC-019-02-A-,Quelle est la définition de l'hypertension artérielle gravidique (HTAg) ?,PA systolique (PAS) ≥ à 140 mmHg et/ou PA diastolique (PAD) ≥ à 90 mmHg à au moins deux reprises.,PA systolique (PAS) < à 140 mmHg et/ou PA diastolique (PAD) < à 90 mmHg à au moins deux reprises.,PA systolique (PAS) ≥ à 160 mmHg et/ou PA diastolique (PAD) ≥ à 110 mmHg.,PA systolique (PAS) < à 140 mmHg et/ou PA diastolique (PAD) < à 90 mmHg.,a,4
88,OIC-019-03-B,Quelle est la fréquence de l'HTA pendant la grossesse?,5 à 20%,5 à 10%,10 à 15%,20 à 25%,b,4
89,OIC-019-03-B-,Quel est l'examen indispensable pour rechercher une pré-éclampsie en cas de découverte d'une HTA gravidique ?,Protéinurie,Ratio Albumine/créatinine urinaire,Echographie obstétricale,Doppler ombilical,a,4
90,OIC-019-04-B,Quelles sont les complications maternelles de la prééclampsie (PE) ?,Crise d'éclampsie et HELLP syndrome,Hémorragie cérébroméningée et rétinopathie hypertensive,Coagulation intravasculaire disséminée (CIVD) et hématome sous-capsulaire du foie,Insuffisance rénale aiguë et prématurité induite,a,5
91,OIC-019-04-B-,Quels sont les critères de sévérité d'une HTA ?,PAS < 160 mmHg et/ou PAD < 110 mmHg,PAS ≥ 160 mmHg et/ou PAD ≥ 110 mmHg,PAS > 160 mmHg et/ou PAD > 110 mmHg,PAS < 160 mmHg et/ou PAD > 110 mmHg,b,4
92,OIC-019-05-A-,Quel est l'objectif principal de la surveillance renforcée lors d'une grossesse avec HTA (Hypertension Artérielle) ?,Éviter les complications cardiaques,Surveiller la tension artérielle et ajuster le traitement si nécessaire,Prévenir les naissances prématurées,Réduire les risques de fausse couche,b,4
93,OIC-019-06-B,Quels sont les objectifs pour arrêter progressivement le traitement antihypertenseur après l'accouchement en cas d'HTAg ?,PAS < 120 mmHg et PAD < 80 mmHg,PAS < 150 mmHg et PAD < 100 mmHg,PAS < 180 mmHg et PAD < 110 mmHg,PAS < 200 mmHg et PAD < 120 mmHg,b,4
94,OIC-019-06-B-,Quel est le risque de récidive d'une complication vasculo-placentaire chez une femme enceinte?,1 sur 10,1 sur 5,1 sur 2,1 sur 20,b,4
95,OIC-019-07-B,Quels sont les complications à long terme potentielles pour une femme ayant eu une grossesse avec HTA gravidique?,Une augmentation du risque de maladies auto-immunes,"Un risque accru de pathologies cardiovasculaires et rénales, ainsi qu'un risque d'HTA chronique",Une diminution de la fertilité future,Une augmentation du risque de cancers,b,4
96,OIC-019-07-B-,Quelle est la définition d'une menace d'accouchement prématuré (MAP) ?,Association de modifications cervicales et de contractions utérines régulières et douloureuses après 37 SA.,Association de modifications cervicales et de contractions utérines régulières et douloureuses avant 37 SA.,Association de modifications cervicales et de contractions utérines irrégulières et douloureuses après 37 SA.,Aucune des options précédentes n'est correcte.,b,4
97,OIC-019-08-A,Quels sont les facteurs de risque maternels pour la menace d'accouchement prématuré?,âge élevé > 35 ans,"troubles psychologiques (dépression, anxiété, stress maternel)",précarité et travail pénible,tous les facteurs mentionnés,d,4
98,OIC-019-08-A-,Quels sont les examens à réaliser pour confirmer une menace d'accouchement prématuré ?,"NFS, CRP, ECBU, Fibronectine fœtale","Groupe/rhésus/phénotype/RAI, recherche d'IGFBP-1 ou de PAMG-1","Biométries fœtales, quantité de liquide amniotique, échographie du col",Tous les options ci-dessus,d,4
99,OIC-019-09-A,Quel est le traitement symptomatique recommandé pour une menace d'accouchement prématuré ?,Inhibiteurs calciques,Antagonistes de l'oxytocine,Antibiothérapie systématique,Corticothérapie anténatale par bétaméthasone,a,4
100,OIC-019-10-A,Quels sont les deux objectifs de l'examen clinique en cas de fièvre au cours de la grossesse?,Rechercher des signes d'appel évocateurs et évaluer le retentissement obstétrical,Diagnostiquer une infection urinaire haute et une chorioamniotite,Évaluer la température et les constantes du patient,Rechercher des signes de rupture prématurée des membranes,a,4
101,OIC-019-10-A-,Quels sont les examens complémentaires réalisés en cas de fièvre au cours de la grossesse ?,"ECBU, NFS - CRP et hémocultures","Sérologies selon le contexte, RCF et tocométrie","Échographie obstétricale, PCR COVID et test rapide grippe","Streto test, sérologies selon le contexte et échographie obstétricale",a,4
102,OIC-019-11-A,Quel est le traitement initial en cas de fièvre pendant la grossesse ?,Antibiothérapie préventive,Antipyrétique,Surveillance étroite,Traitement spécifique,b,4
103,OIC-019-11-A-,Quel est un facteur de risque pour une rupture utérine ?,"âge < 35 ans, absence d'HTA, non-fumée, multiparité","utérus cicatriciel (césarienne ou cause gynécologique = myomectomie), antécédent de perforation utérine",travail très court,délai supérieur à 6 mois entre une chirurgie utérine et le début d’une grossesse,b,4
104,OIC-019-12-A,Quels sont les critères diagnostiques de la menace d'accouchement prématuré ?,Contractions utérines régulières et douloureuses associées à des modifications cervicales avant 37 SA,"Douleur abdominale ou pelvienne en fonction du terme, permanente, spontanée","Douleur fosse iliaque d'apparition brutale, majorée à la palpation du rein",Fièvre et douleur fosse iliaque gauche,a,4
105,OIC-019-12-A-,Quels sont les éléments à rechercher pour évaluer l'urgence extrême en cas de douleur abdominale aiguë chez une femme enceinte ?,"Prise de température, palpation abdominale et fosse lombaire","Contexte obstétrical, antécédents médicaux et caractéristiques de la douleur","Tolérance hémodynamique, palpation utérine et détection des bruits du cœur fœtal","Toucher vaginal / speculum, bandelette urinaire et modification cervicale",c,4
106,OIC-019-13-B,Quels sont les examens paracliniques adaptés lors de la prise en charge d'une douleur abdominale aiguë chez une femme enceinte?,Ultrasonographie obstétricale,Tomodensitométrie,Biopsie du foie,Échocardiogramme,a,4
107,OIC-020-01-A,Qu'est-ce que l'infection materno-fœtale (IMF) ?,Une contamination du fœtus par des germes d'origine paternelle.,Une contamination du fœtus au cours de la grossesse ou à l'accouchement par des germes d'origine maternelle.,Une infection néonatale bactérienne précoce si bactérienne.,Une maladie génétique transmise du père au fœtus.,b,4
108,OIC-020-01-A-,Quelles sont les principales causes d'infections materno-fœtales bactériennes précoce ?,"Streptocoque groupe B, Escherichia coli et Listériose","Escherichia coli, Streptocoque groupe B et Pneumococcus","Listériose, Treponema pallidum et Cytomégalovirus","Streptocoque groupe B, Escherichia coli et Treponema pallidum",a,4
109,OIC-020-02-A,Quelles sont les deux voies principales de contamination du fœtus au cours de la grossesse ?,Voie hématogène uniquement,Voie vaginale et hématogène,Voie hépatique uniquement,Voie respiratoire uniquement,b,4
110,OIC-020-03-A-,Quels sont les principaux conseils de prévention de la toxoplasmose ?,"Se laver les mains avant et après toute manipulation d'aliments, consommer la viande bien cuite.",Éviter les contacts avec les chats et port de gants pour nettoyer la litière du chat et faire du jardinage.,"Laver soigneusement crudités et salades, préférer les aliments congelés.",Se faire vacciner contre la toxoplasmose.,a,4
111,OIC-020-04-B-,Quelle est la principale méthode de prévention de la rubéole congénitale ?,La vaccination antirubéolique,La surveillance sérologique,L'isolement des femmes enceintes,Le traitement médical,a,4
112,OIC-020-05-B,Quel est le risque de transmission de la rougeole materno-fœtale ?,Frequent et responsable d'une rougeole congénitale néonatale fréquente,Possible en fin de grossesse mais exceptionnel vu la couverture vaccinale,Inexistant car les femmes enceintes sont immunisées contre la rougeole,Seulement responsable d'une rougeole congénitale néonatale,b,4
113,OIC-020-05-B-,Quelles sont les conséquences fœtales de la rougeole maternelle ?,Augmentation du risque de malformations congénitales,Pas d’augmentation du risque de malformations congénitales,"Risque accru de fausse couche, de mort fœtale in utero et de prématurité",Augmentation du risque de naissance prématurée uniquement,c,4
114,OIC-020-06-B,"En cas de contamination avérée, qu'est-ce qui est indiqué ?",Vérifier le statut vaccinal de la patiente,Pratiquer une sérologie en urgence,Administer des immunoglobulines IV dans les 6 jours suivants le contage,"En suites de couches, une vaccination par vaccin trivalent (ROR) est indiquée",d,4
115,OIC-020-06-B-,Quel est le taux de transmission global durant la grossesse du CMV ?,10%,20%,40%,50%,c,4
116,OIC-020-07-B,Quel est le principal mode de contamination de l'herpès néonatal ?,Contamination pendant la grossesse maternelle,Contamination postnatale à partir d'un herpès maternel ou dans l'entourage,Passage par la filière génitale infectée lors de l'accouchement,Contamination pendant la naissance,c,4
117,OIC-020-07-B-,Quel est le traitement recommandé pour une primo-infection herpétique pendant la grossesse ?,Traitement paternel,Traitement maternel avec aciclovir 1g en 5 prises ou valaciclovir 2g en 2 prises pendant 5 à 10 jours,Pas de traitement,Césarienne immédiate,b,4
118,OIC-020-08-B,Quelle est la principale caractéristique de la transmission verticale de l'hépatite B?,La transmission dépend de la modalité d'accouchement,La transmission n'est pas dépendante de la modalité d'accouchement,La transmission est uniquement perinatale,La transmission est uniquement postnatale,b,4
119,OIC-020-08-B-,Quelle est l'option correcte concernant les modalités de dépistage/vaccination du VHB ?,La vaccination des femmes à risque pendant la grossesse en cas de haut risque.,Le dépistage de l'hépatite B dès la déclaration de la grossesse recommandé par la HAS.,La sérovaccination du nouveau-né chez les mères antigène HBs+.,Toutes les options précédentes sont correctes.,d,4
120,OIC-020-09-B,Quel est le moment où le dépistage du VIH chez les femmes enceintes doit être systématiquement proposé ?,Lors de la naissance,En début de grossesse (lors de la déclaration),Au cours de l'allaitement,Après une semaine de vie,b,4
121,OIC-020-10-B-,Quels aliments doivent être cuits avant consommation pour éviter la listériose materno-fœtale ?,"Fromages à pâte molle au lait cru, fromages vendus râpés",Produits de charcuterie cuite consommés en l'état ou achetés au rayon traiteur,"Poissons fumés, coquillages crus","Graines germées crues (soja, luzerne)",b,4
122,OIC-020-11-B,Quels sont les examens complémentaires à prescrire en cas de suspicion de listériose maternelle ?,"Hémocultures, examen bactériologique du placenta et des lochies, examen anatomopathologique","Examens bactériologiques sur le liquide gastrique du nouveau-né, hémocultures chez la mère","Hémocultures chez la mère, examen anatomopathologique du placenta",Examens bactériologiques sur les lochies et le liquide gastrique du nouveau-né,a,4
123,OIC-020-11-B-,Quelle est la prévalence du portage vaginal en France?,5 à 10%,10 à 20%,20 à 30%,30 à 40%,b,4
124,OIC-020-13-B,Quel est le meilleur moyen de se protéger contre la grippe pour une femme enceinte?,Les mesures d'hygiène,La vaccination antigrippale,Le traitement antiviral curatif,L'allaitement maternel,b,4
125,OIC-020-13-B-,Qu'est-ce que l'allo-immunisation antiérythrocytaire ?,Une anémie fœtale due à une incompatibilité sanguine fœto-maternelle.,La présence chez une femme enceinte d'un anticorps irrégulier dirigé contre un antigène de groupe sanguin.,Une hémolyse due à la présence d'anticorps maternels dans le sang fœtal.,Un type d'anémie fœtale non grave.,b,4
126,OIC-020-14-B,Quel est le diagnostic de l’allo-immunisation antiérythrocytaire ?,Une détermination du groupe rhésus phénotype et une recherche d'agglutinines (anticorps) irrégulières (RAI),Un examen de sang complet avec comptage des globules rouges,Une échographie obstétricale pour détecter les anomalies fœtales,Un test de dépistage du diabète gestationnel,a,4
127,OIC-020-14-B-,Quelles sont les situations à risque d'allo-immunisation antiérythrocytaire durant la grossesse ?,"Métrorragies, fausse couche spontanée et interruption volontaire de grossesse.","Grossesse extra-utérine, prélèvements ovulaires et traumatisme abdominal.","Version par manœuvre externe, accouchement et hémorragie foeto-maternelle.",Toutes les situations mentionnées précédemment.,d,4
128,OIC-020-15-B,Quelle est la condition pour effectuer un test de Kleihauer sur un échantillon de sang maternel ?,Si le rhésus était négatif au génotypage et si l'enfant est RhD +,Si le rhésus était positif au génotypage et si l'enfant est RhD +,Si le rhésus était négatif au génotypage et si l'enfant est RhD -,Si le rhésus était positif au génotypage et si l'enfant est RhD -,a,4
129,OIC-020-15-B-,Quelle est la première étape à suivre lors de la consultation d'une patiente prenant un traitement et ne se sachant pas enceinte ?,Conseiller l'arrêt immédiat du traitement,Consigner les circonstances de la prise médicamenteuse,Prescrire un nouveau traitement sans prendre en compte le potentiel tératogène connu,Ignorer la situation et continuer à prescrire le même traitement,b,4
130,OIC-020-16-A-,"Quel médicament est associé à un risque de malformations cardiaques (canal artériel, CIV) de 4-8 % ?",Lithium,Warfarine,Valproate de sodium,Mycophénolate,a,4
131,OIC-020-17-A,Quels sont les vaccins possibles quel que soit le terme de la grossesse?,"Vaccins inactivés : tétanos, diphtérie (valence réduite), hépatite A et B, méningocoque, pneumocoque",Vaccins vivants atténués : fièvre jaune si un voyage en zone d’endémie ne peut être reporté,"Vaccins contre-indiqués théoriquement pendant la grossesse sont issus d'agents vivants atténués : rougeole, oreillons, rubéole (ROR), varicelle, BCG, rotavirus",Tous les vaccins sont possibles quel que soit le terme de la grossesse,a,4
132,OIC-020-17-A-,Quels sont les facteurs qui influencent l'effet du tabagisme sur le fœtus?,Sociodémographiques et épidémiologiques,Génétiques et environnementaux,Seuls les facteurs génétiques,Aucun facteur n'influence l'effet du tabagisme,b,4
133,OIC-020-18-A,Quel est le risque relatif (RR) de GEU avec un tabagisme pendant la grossesse au 1er trimestre?,2,> 2,< 2,0,b,4
134,OIC-020-19-B,Quels sont les quatre éléments associés au syndrome d'alcoolisation fœtale (SAF) ?,"Retard de croissance, dysmorphie faciale, malformations et troubles cognitifs","Dysmorphie faciale, malformations, troubles cognitifs et retard de développement psychomoteur","Malformations, troubles cognitifs, retard de croissance et dysmorphie faciale","Troubles cognitifs, dysmorphie faciale, malformations et retard de développement psychomoteur",a,4
135,OIC-020-19-B-,Quelle est la relation entre les consommations d'alcool pendant la grossesse et les atteintes fœtales?,Les atteintes fœtales sont proportionnelles à la quantité d'alcool ingérée.,Il n'y a pas de lien entre les deux.,Les atteintes fœtales sont indépendantes de la quantité d'alcool ingérée.,Les atteintes fœtales ne dépendent que du type d'alcool consommé.,a,4
136,OIC-020-21-B,Quels sont les éléments à déceler pour repérer les conduites addictives chez une femme enceinte ?,"l'histoire de vie de la mère, l'histoire du couple parental, le mode de vie maternel, la santé maternelle","les peurs maternelles, la consommation d'alcool, les médicaments opioïdes","la grossesse, le stress, l'âge de la mère","le mode de vie paternel, la santé du conjoint",a,4
137,OIC-020-21-B-,Quels sont les traitements de substitution aux opiacés utilisables pendant la grossesse ?,Méthadone et buprénorphine,Buprénorphine et naloxone,Méthadone et Subutex,Seulement le méthadone,a,4
138,OIC-020-22-A-,Quelles sont les conséquences à long terme des conduites addictives pendant la grossesse?,Seulement une exposition in utero à l'alcool,"Lien mère-enfant et parents-enfant, mode de vie familial, troubles psychiques maternels","D'éventuelles séquelles d'une prématurité, d'une souffrance fœtale in utero",Toutes les options précédentes,d,4
139,OIC-020-24-A,Quels sont les critères pour identifier les nouveau-nés à risque d'infection néonatale bactérienne précoce (INBP) ?,Colonisation maternelle à SGB,Antécédent d’infection néonatale à SGB ,Fièvre maternelle > 38.0°C en per-partum ou dans les 2 heures suivant l’accouchement,Prématurité spontanée et inexpliquée < 37 SA,a,4
140,OIC-020-24-A-,Quels sont les critères diagnostiques d'une détresse respiratoire aiguë chez un nouveau-né ?,"Polypnée, signes de lutte respiratoire et cyanose","Pauses respiratoires, troubles hémodynamiques associés et score de Silverman","FR < 60/min, absence de cyanose et saturation en oxygène élevée","Battement des ailes du nez, balancement thoraco-abdominal et tirage intercostal",a,4
141,OIC-020-25-A,Quels sont les facteurs de risque pour le retard de croissance intra-utérin (RCIU) ?,Seulement les pathologies fœtales,"Les pathologies vasculaires, l'âge maternel et la malnutrition/dénutrition","Le tabagisme, l'alcoolisme et la toxicomanie",Tous les facteurs mentionnés dans le texte,d,4
142,OIC-020-25-A-,Quels sont les facteurs de risque de prématurité spontanée ?,Seulement les facteurs socio-démographiques,"Les facteurs socio-démographiques, l'environnement utérin et la grossesse elle-même",Seulement les facteurs liés à l'environnement utérin,Aucun des facteurs mentionnés n'est un facteur de risque de prématurité spontanée,b,4
143,OIC-020-26-A,Quel est le but d'un examen clinique complet et détaillé du nouveau-né?,Évaluer la température du nouveau-né,Effectuer un examen cardiovasculaire,Effectuer un examen complet avant le 8ème jour de vie,Inspecter les organes génitaux externes,c,4
144,OIC-020-27-B,Quels sont les soins systématiques donnés au nouveau-né en salle de naissance ?,"clampage et section du cordon, prévention de l’hypothermie, peau à peau avec la mère, mise au sein","examen clinique, administration de vitamine K1, pose des bracelets d’identification, évaluation du score Apgar","manœuvres de réanimation, désinfection oculaire, recherche d’une atrésie des choanes, réalisation du test à la seringue",soins dépendant du contexte,a,4
145,OIC-020-27-B-,Quel est le dépistage réalisé systématiquement autour de 72 heures de vie (pas avant 48 heures) ?,Phénylcétonurie,Hypothyroïdie congénitale,Dépistage néonatal systématique,Mucoviscidose,c,4
146,OIC-020-28-B,Quels sont les facteurs de risque de la luxation congénitale des hanches (LCH)?,"Antécédents familiaux, présentation en siège et limitation d'abduction uni ou bilatérale de hanche.","Prématurité, troubles neurologiques et surdité.","Craniosténoses, dysostoses cranio-faciales et embryofœtopathies.",Tous les facteurs mentionnés précédemment.,a,4
147,OIC-020-28-B-,Quels sont les avantages de l'allaitement maternel?,diminution du risque infectieux,prévention de l'atopie,contribution au lien mère-enfant,avantage économique,abcd,1
148,OIC-020-29-A,Quels sont les principaux facteurs de risque d'infection néonatale bactérienne (INBP) ?,"Colonisation maternelle à SGB, antécédent d'infection néonatale à SGB, fièvre maternelle > 38.0°C en per-partum ou dans les 2 heures suivant l'accouchement","Prématurité, diabète préalable à la grossesse, diabète gestationnel, césarienne avant travail","Liquide amniotique méconial, anoxo-ischémie périnatale, antécédent d'accouchement prématuré et de fausse couche tardive","Terrain maternel : célibat, bas niveau socio-économique, tabagisme, consommation d'alcool, toxicomanie, stress, anxiété, dépression, station debout prolongée, suivi inconstant",a,4
149,OIC-020-30-A,Quel était le but de la pénalisation de l'avortement avant la loi Veil de 1975 ?,Protéger les femmes,Protéger la démographie du pays,Protéger les enfants non nés,Protéger les médecins qui pratiquaient des avortements clandestins,b,4
150,OIC-020-30-A-,Quels sont les facteurs qui peuvent conduire à une interruption volontaire de grossesse ?,Seulement l'absence d'information sur les démarches à suivre en cas d'oubli d'un comprimé ou en cas d'un 'accident' de préservatif.,"L'absence de contraception, le changement récent de méthode avec un non respect des règles de changement et une méthode non adaptée/non efficace.",Seulement l'absence de contraception.,Tous les facteurs mentionnés sont responsables d'une IVG.,b,3
151,OIC-020-31-B-,Quelle est l'âge de la population réalisant le plus d'IVG en France?,15-19 ans,20-24 ans,25-29 ans,30-34 ans,b,4
152,OIC-020-32-B-,Dans quelles structures les IVG peuvent être réalisées ?,Seuls les établissements de santé,Les centres de planification familiale et les établissements de santé,"Tous les établissements de santé, mais pas les centres de planification familiale",Seuls les centres de planification familiale,b,4
153,OIC-020-33-A,Quelles sont les étapes de la prise en charge pour une interruption volontaire de grossesse (IVG) ?,"Consultation initiale, réalisation, contrôle","Réalisation, consultation de confirmation, contrôle","Consultation initiale, entretien psycho-social, réalisation","Réalisation, consultation de contrôle, entretien psycho-social",c,4
154,OIC-020-33-A-,Quelle est la durée maximale pour réaliser une IVG médicamenteuse ?,9 SA,16 SA,12 SA,14 SA,a,4
155,OIC-022-01-A,Quelles sont les contre-indications à la mifépristone ?,"Asthme sévère, non contrôlé par le traitement",Insuffisance surrénale chronique,Hypersensibilité au misoprostol,Tous les éléments listés dans le tableau,d,4
156,OIC-022-02-B,Quels sont les déterminants du choix contraceptif après IVG?,efficacité et coût,"effets secondaires, contraintes d'utilisation et souhaits de la patiente",contrôle des naissances et stérilisation tubaire définitive,mode de vie et contexte familial,b,4
157,OIC-022-02-B-,Quels sont les facteurs de risque d'IVG itératives?,âge jeune,patiente mariée,conditions socio-économiques favorables,contraception non adaptée,a,4
158,OIC-022-03-B,Quelle est la définition de la fertilité ?,La capacité à se reproduire,La capacité d'un couple à concevoir,Le taux de fécondité,La probabilité de survenue d'une grossesse au cours d'un mois,b,4
159,OIC-022-03-B-,Quelle est la définition de l'infertilité selon l'Organisation Mondiale de la Santé (OMS)?,L'inaptitude biologique à concevoir après 6 mois de rapports sexuels non protégés.,L'impossibilité totale de concevoir spontanément une grossesse.,L'incapacité à obtenir une grossesse clinique après 12 mois ou plus de rapports sexuels non protégés.,La capacité à concevoir mais pas à donner naissance à un enfant sain.,c,4
160,OIC-022-04-B,Quel facteur principal influence la fertilité chez la femme ?,L'âge,Le surpoids et l'obésité,La consommation de tabac,La fréquence des rapports sexuels,a,4
161,OIC-022-04-B-,Qui doit être interrogé et examiné dans un couple infertile ?,La femme seule,Le homme seul,Les deux membres du couple,Aucun membre du couple,c,4
162,OIC-022-05-A,Quels sont les facteurs de risque professionnels qui peuvent affecter la fertilité masculine ?,Seulement l'exposition à la chaleur,Seulement l'exposition aux perturbateurs endocriniens,"Tous les deux, l'exposition à la chaleur et aux perturbateurs endocriniens",Aucun facteur de risque professionnel n'affecte la fertilité masculine,c,4
163,OIC-022-05-A-,"Quelle est l'origine d'infertilité associée à des troubles du cycle menstruel, notamment un syndrome des ovaires polykystiques ?",Troubles de l'ovulation,Obstruction tubaire,Pathologie utérine,Hyperprolactinémie,a,4
164,OIC-022-06-B,Quel est l'objectif principal du bilan de première intention dans le cas d'une infertilité féminine et masculine?,Rechercher la ou les causes d’infertilité féminine et masculine,Réaliser un bilan pré-conceptionnel,Diagnostiquer une grossesse clinique évolutive,Évaluer l'impact de la contraception sur la fertilité,a,4
165,OIC-022-06-B-,Quels sont les principes d'interprétation d'un spermogramme?,"Analyse de la concentration, de la mobilité et de la morphologie des spermatozoïdes",Évaluation de la viscosité de l'éjaculat et du pH du sperme,Mesure du volume de l'éjaculat et recherche d'agglutinats,Calcul de la vitalité des spermatozoïdes et évaluation de leur mobilité progressive,a,4
166,OIC-024-01-A,Quel est le pourcentage d'infertilité féminine ?,20%,30%,40%,50%,b,3
167,OIC-024-01-A-,Quelles sont les principales causes d’infertilité masculine ?,"Les causes secrétoires, l'origine testiculaire et l'origine centrale","L'obstruction en aval du testicule, les troubles sexologiques et la dysfonction érectile","Les causes génétiques, les pathologies testiculaires acquises et les tumeurs de la région hypothalamo-hypophysaire","L'exposition à des toxiques, la chaleur et l'hémochromatose",a,4
168,OIC-024-02-A,Quel est le but principal de l’Assistance Médicale à la Procréation (AMP) ?,Permettre aux couples hétérosexuels d'avoir des enfants,Remédier à l'infertilité et éviter la transmission de maladies graves,Seulement pour les femmes célibataires,Pour les couples homosexuels seulement,b,4
169,OIC-024-02-A-,Qu'est-ce que la préservation de la fertilité ?,La technique permettant de concevoir un enfant sans assistance médicale.,"Les pratiques cliniques et biologiques qui permettent à toute personne dont la prise en charge médicale est susceptible d'altérer la fertilité, ou dont la fertilité risque d'être prématurément altérée, de bénéficier du recueil et de la conservation de ses gamètes ou de ses tissus germinaux.",La méthode permettant de choisir le sexe de l'enfant.,L'indication médicale pour une assistance médicale à la procréation.,b,4
170,OIC-024-03-A,Quelle est la technique d'assistance médicale à la procréation (AMP) qui consiste à déposer des spermatozoïdes sélectionnés dans l'utérus au moment le plus opportun ?,FIVc,ICSI,IIU,DPI,c,4
171,OIC-024-03-A-,Quelle est la technique de préservation de la fertilité féminine qui nécessite une stimulation hormonale préalable ?,Congélation ou conservation d’ovocytes matures sans stimulation hormonale préalable,Congélation ou conservation d’embryons,Congélation ou conservation de cortex ovarien,Maturation ''in vitro'' des ovocytes immatures,b,4
172,OIC-024-04-A,Quel est le nombre approximatif de tentatives d'IIU en 2021 en France ?,48.000,62.000,28.000,100.000,a,4
173,OIC-024-04-A-,Quelles sont les principales étiologies d'infertilité féminine et masculine nécessitant un recours à l'AMP ?,"Pathologies de la reproduction, risque de transmission d'une pathologie génétique","Risque de transmission d'une pathologie virale, préservation de la fertilité","Accomplissement d'un projet parental d'un couple de femmes ou de femme non mariée, infertilité inexpliquée",Toutes les options précédentes sont correctes,d,3
174,OIC-024-05-A-,Quelles sont les principales indications de la FIV-c ?,"L'infertilité tubaire, l'endométriose et les échecs d'IIU ou d'inductions simples de l'ovulation","Les anomalies spermatiques sévères, l'utilisation de spermatozoïdes extraits chirurgicalement ou à partir des urines",L'infertilité tubaire et les échecs d'IIU ou d'inductions simples de l'ovulation,Les anomalies spermatiques sévères et l'utilisation de spermatozoïdes extraits chirurgicalement ou à partir des urines,a,4
175,OIC-024-07-B,Quels sont les tests de sécurité sanitaires réalisés avant l'AMP ?,"Sérologies VHB, VHC, VIH, Syphilis","Sérologies VHB, VHC, VIH, Syphilis et test de migration de survie des spermatozoïdes","Sérologies VHB, VHC, VIH, Syphilis et évaluation psycho-sociale","Sérologies VHB, VHC, VIH, Syphilis, test de migration de survie des spermatozoïdes et exploration pré-conceptionnelle",a,4
176,OIC-024-07-B-,Quel est l'âge maximum pour réaliser un prélèvement des gamètes en vue d'un AMP (FIV/ICSI) chez une femme ?,43 ans,45 ans,60 ans,50 ans,a,4
177,OIC-024-08-A,Quel est le principal risque lié à la stimulation ovarienne lors de l'AMP ?,Risque allergique,Syndrome d’hyperstimulation ovarienne,Torsion d’annexe,Complications liées à l’anesthésie,b,4
178,OIC-024-08-A-,Quel est l'objectif principal du conseil génétique?,Diagnostiquer une maladie génétique,Informer le patient et/ou les parents sur le risque de survenue ou de récurrence d'une maladie génétique,Proposer des options de traitement pour une maladie génétique,Évaluer la gravité d'une maladie génétique,b,4
179,OIC-024-09-B,Quel est le premier objectif lors de l'annonce du diagnostic d'une maladie génétique chez un enfant ?,Proposer une liste de complications possibles et d'incapacités,Focaliser sur des objectifs à relativement court terme et valoriser les compétences de l'enfant,Asséner la maladie comme inéluctable,Omettre les difficultés liées à la maladie génétique,b,4
180,OIC-024-09-B-,Quels sont les principes éthiques guidant le médecin dans le conseil génétique ?,"le respect de l'autonomie, la non-malveillance, la bienveillance et la justice","le respect de la dignité humaine, le respect de l'intégrité et la notion de vulnérabilité","la politique eugénique, le dépistage obligatoire et l'information limitée","l'autonomie de la patiente, la non-malveillance et la bienveillance",a,4
181,OIC-024-10-B,Quels sont les prélèvements possibles pour réaliser un caryotype fœtal ?,Villosités choriales (PVC) entre 12 et 14 semaines d’aménorrhée,Liquide amniotique (PLA) entre 15 semaines d’aménorrhée et la fin de la grossesse,Sang fœtal après 24 semaines d’aménorrhée,Tous les prélèvements possibles sont mentionnés dans le texte,d,4
182,OIC-024-11-A,Quels sont les principaux signes échographiques de la trisomie 21 au 2ème trimestre ?,"Nuque supérieure à 3,5 mm","Cardiopathie, hypoplasie ou aplasie des os propres du nez, fémurs courts",Retard de croissance intra utérin sans cause placentaire,Tous les signes mentionnés précédemment,b,4
183,OIC-024-11-A-,"Quel est le risque de récurrence en cas de nouvelle grossesse si la mère a plus de 40 ans et une trisomie 21 libre, complète et homogène ?",0%,1%,10-15%,100%,b,4
184,OIC-024-12-A,Quel est le type d'examen à prescrire pour confirmer la suspicion de trisomie 21 ou syndrome de Down ?,Biopsie,Caryotype constitutionnel sur lymphocytes,IRM cérébrale,Échographie foetale,b,4
185,OIC-024-13-B,Quel est le diagnostic le plus souvent fait pour la trisomie 21 ?,"En période néonatale sur la triade : hypotonie axiale, souffle à l'auscultation cardiaque et dysmorphie faciale.",En période anténatale.,Très rarement en mosaïque.,"En période néonatale sur les éléments : retard psychomoteur, difficultés d'apprentissage associées à une immaturité.",b,4
186,OIC-024-13-B-,Quel est l'âge moyen d'acquisition de la marche chez les enfants porteurs de trisomie 21?,9-18 mois,2-3 ans,6-7 ans,10-12 ans,b,4
187,OIC-024-14-B,Quel est le risque de transmettre la mucoviscidose à la descendance si les deux parents sont porteurs hétérozygotes d’une mutation du gène ''CFTR''?,1/2,1/4,3/4,0,b,4
188,OIC-024-14-B-,Quel est l'âge auquel le dépistage de la mucoviscidose est réalisé ?,Premier jour de vie,Troisième jour de vie,Septième jour de vie,Douzième jour de vie,b,4
189,OIC-024-15-B,Quel est le test utilisé pour confirmer le diagnostic de mucoviscidose ?,Biopsie digestive,Test de la sueur,Analyse du sang,Imagerie médicale,b,4
190,OIC-024-15-B-,Quel est l'âge le plus fréquent pour la déclaration de la mucoviscidose?,Nouveau-né,Nourrisson,"Enfant, adolescent ou adulte",Tous les âges sont égaux pour la déclaration de la mucoviscidose,b,4
191,OIC-024-16-A,Quels sont les principaux objectifs de la prise en charge clinique de la mucoviscidose ?,Seulement la lutte contre la perte de sel,"La lutte contre la perte de sel, la prise en charge des troubles gastro-intestinaux et la pathologie pulmonaire",La seule prise en charge des troubles gastro-intestinaux,Aucun d'entre eux,b,4
192,OIC-024-16-A-,Quels sont les examens d'imagerie indiqués pour le suivi du patient sur le plan respiratoire ?,Radiographie pulmonaire annuelle et scanner thoracique en cas de symptôme nouveau.,Scanner thoracique annuel et radiographie pulmonaire en cas d'aggravation.,IRM pulmonaire annuelle et échodoppler hépatique digestif.,Radiographie pulmonaire annuelle et IRM pulmonaire en cas de symptôme nouveau.,a,4
193,OIC-024-18-A,Quelle est la première cause de déficience intellectuelle familiale?,La trisomie 21,Le syndrome de l'X fragile,Les troubles du spectre de l'autisme,L'anomalie du développement psychomoteur,b,4
194,OIC-024-19-A,Quelle est la définition de l'âge d'un nouveau-né ?,0-12 ans,0-23 mois,2 ans - < puberté,0-1 mois,d,4
195,OIC-024-20-A,Quels sont les éléments à prendre en compte lors d'un entretien avec un enfant et ses parents?,Seulement le contexte de vie,Seulement les antécédents médico-psychologiques personnels et familiaux,"Le contexte de vie, les antécédents médico-psychologiques personnels et familiaux, les besoins physiologiques et de santé, la parentalité",Aucun des éléments ci-dessus,c,4
196,OIC-024-20-A-,Quels sont les examens ophtalmologiques recommandés chez l'enfant ?,"Bilan visuel systématique à la naissance, 2 mois, 4 mois, entre 9 et 24 mois, 2-3 ans, 5 ans (6ème année)",Examens de santé obligatoires tous les trimestres,Médecine scolaire uniquement à partir de 12 ans,"Pas d'examen visuel systématique, seulement en cas de problème",a,4
197,OIC-024-21-B,Quels sont les facteurs de risque personnels des troubles visuels?,"Prématurité, anoxie périnatale","Troubles neuro-moteurs, infirmité motrice cérébrale","Exposition in utero aux toxiques (cocaïne, alcool)",Tous les facteurs mentionnés,d,4
198,OIC-024-21-B-,Quels sont les tests cliniques utilisés pour le dépistage visuel des nourrissons et enfants de 2 à 4 mois ?,"Réflexes photomoteur, lueur pupillaire et reflets cornéens","Fixation monoculaire et binoculaire, poursuite oculaire et nystagmus","Amblyopie bilatérale, occlusion alternée et signe de la toupie","Acuité visuelle de près et de loin, tests directionnels et vision des couleurs",b,4
199,OIC-024-22-A,Quels sont les cas où il faut adresser un enfant à un ophtalmologiste ?,Seulement en cas de signes d'appel,"En cas d'anomalie ou doute à l'inspection, anomalie ou doute à un test de dépistage et impossibilité de mesurer l'acuité visuelle",Seulement en cas d'impossibilité de mesurer l'acuité visuelle,En cas de signes d'appel ou d'anomalie à l'inspection,b,4
200,OIC-024-22-A-,Quelle est l'étape de développement du système visuel ?,Vision stéréoscopique,"Poursuite oculaire, fixation mono et binoculaire",Augmentation progressive de l'acuité visuelle,Début de vision des couleurs,c,4
201,OIC-024-23-A,Quels sont les signes fonctionnels et physiques évocateurs de malvoyance chez l'enfant avant 4 mois ?,Réaction aux stimulations visuelles,Pas de fixation à 1 mois,Clignement à la menace après 3 mois,Poursuite oculaire à 4 mois,b,4
202,OIC-024-23-A-,Quels sont les âges clés pour le dépistage auditif?,"6 mois, 12 ans","9 mois, 24 mois, 36 mois et école maternelle","18 ans, 25 ans","3 ans, 10 ans",b,4
203,OIC-024-24-A,Quels sont les principaux facteurs de risques familiaux pour les troubles auditifs chez l'enfant?,Prothèse auditive avant 50 ans,Troubles neuro-moteurs,Exposition in utero aux toxiques,Prématurité,a,3
204,OIC-024-25-A,Quelles sont les indications pour adresser un enfant à un ORL?,Antécédents familiaux de surdité,"Troubles du comportement, des interactions sociales",Anomalie à un test de dépistage,Signes d'appels : absence de réaction aux bruits,a,4
205,OIC-024-25-A-,Qu'est-ce qu'un enfant sourd ?,Un enfant qui entend très bien mais a des difficultés à parler.,Un enfant dont la perte auditive est légère (21-40 dB) et affecte les organes de transmission du son.,Un enfant dont la perte auditive est profonde (>90 dB) et affecte les organes de perception du son.,Un enfant qui a des difficultés à entendre mais peut percevoir le son à voix forte.,c,4
206,OIC-026-02-A,Qu'est-ce que la carie dentaire ?,Une infection de la gencive,Une destruction de l'émail puis de la dentine des dents avec formation d'une cavité,Un problème de croissance des dents,Un trouble visuel,b,4
207,OIC-026-02-A-,Quels sont les principes de prévention de la carie dentaire ?,Seuls les enfants qui ont déjà des dents peuvent pratiquer une bonne hygiène bucco-dentaire.,"Une bonne hygiène bucco-dentaire, évitement du grignotage entre les repas et suivi dentaire régulier sont essentiels.",La carie est favorisée par la consommation de sucre et il n'y a pas besoin de se brosser les dents.,Seuls les enfants qui ont des antécédents de caries peuvent bénéficier d'un apport de fluor per os.,b,4
208,OIC-026-03-A,Quel est le moment approximatif de l'éruption des incisives centrales chez un enfant ?,6 mois,2 ans,6 ans,10-11 ans,a,4
209,OIC-026-03-A-,Qu'est-ce qu'un trouble de l'articulé dentaire ?,Rapport entre les dents maxillaires et mandibulaires,Conflit entre les 2 arcades dentaires,Problème avec la croissance des dents,Trouble de l'alignement des dents,b,4
210,OIC-026-04-B,Quel est l'indication du dépistage de la luxation congénitale de Hanche?,Examen des hanches à chaque consultation de suivi de la maternité jusqu'à l'âge de la marche,Examens de santé obligatoires pour tous les enfants,Dépistage des anomalies orthopédiques uniquement,Médecine scolaire obligatoire à partir de l'âge de 6 ans,a,4
211,OIC-026-04-B-,Quelle est la modalité de dépistage d'une luxation congénitale de hanche ?,"Inspection : raccourcissement de la cuisse, symétrie des plis cutanés",Recherche de limitations d'abduction (norme > 60°),Recherche d'instabilité de hanche : manoeuvre de Barlow (ressaut),Examen radiographique,c,4
212,OIC-026-05-B,Quelle est la définition d'une luxation congénitale de hanche?,Une instabilité de la hanche due à une blessure,Une anomalie du développement qui se manifeste par une mobilité anormale entre bassin et fémur,Un trouble visuel qui affecte l'enfant,Un trouble auditif qui nécessite un traitement médical,b,4
213,OIC-026-05-B-,Quelle est l'indication de l'imagerie pour une luxation congénitale de hanche ?,"Faire échographie jusqu'à 3 mois, faire Radiographie à partir du 4° mois (3 mois révolu)",Faire échographie dès la naissance,Faire Radiographie dès le 2ème mois,Ne pas faire d'imagerie,a,4
214,OIC-027-01-A,Quelles sont les complications d'une luxation congénitale de hanche non traitée?,"Boiterie, douleur chronique et atteinte dégénérative précoce",Problèmes auditifs et troubles visuels,Troubles dentaires et anomalies orthopédiques,Mortalité infantile et morbidité,a,4
215,OIC-027-01-A-,Quel trouble d'axe des membres inférieurs est caractérisé par un écartement intercondylien et est considéré comme normal jusqu'à 3 ans ?,Trouble de torsion,Genu varum,Genu valgum,Anomalie de rotation dans l'axe transversal,b,4
216,OIC-027-02-B,Quel est le pourcentage de cas de scoliose idiopathique chez les enfants?,20%,50%,80%,90%,c,3
217,OIC-027-02-B-,Quel est le premier signe clinique de la scoliose chez l'enfant?,Une douleur dorsale,Un changement dans la forme de la colonne vertébrale,Des difficultés à marcher,Une perte d'appétit,b,4
218,OIC-027-03-B,Quelles sont les radiographies indiquées pour le bilan initial et préopératoire d'une scoliose chez l'enfant?,"De face, de profil et latérales",De face et de profil,Latérales et de profil,Seules les radiographies de face sont indiquées,b,4
219,OIC-027-03-B-,Quel est le but principal de la radiographie du rachis lombaire dans le cas d'une scoliose malformative?,Dépister les anomalies orthopédiques,Diagnostiquer les troubles visuels,Évaluer la santé générale de l'enfant,Identifier les problèmes dentaires,a,4
220,OIC-027-04-A-,Quels sont les examens médicaux obligatoires du nourrisson et de l'enfant ?,Aucun examen n'est obligatoire.,"Les examens obligatoires se font uniquement à 3 ans, 4 ans, 5 ans, 6 ans, 8-9 ans, 11-13 ans et 15-16 ans.",Il y a 20 examens obligatoires entre la naissance et l'âge de 16 ans.,"Les examens obligatoires se font à 8 jours, 14 jours, 1 mois, 2 mois, 3 mois, 4 mois, 5 mois, 6 mois, 9 mois, 12 mois, 13 mois, 16-18 mois, 24-25 mois, 3 ans, 4 ans, 5 ans, 6 ans, 8-9 ans, 11-13 ans et 15-16 ans.",d,4
221,OIC-027-05-A,Quelle est la définition de la médecine scolaire?,Médecine scolaire : c'est l'étude des maladies qui affectent les enfants en classe.,Médecine scolaire : c'est un service public qui accompagne chaque élève en fonction de ses besoins spécifiques liés à sa santé physique ou psychique.,Médecine scolaire : c'est une spécialité médicale qui se concentre uniquement sur les enfants âgés de 6 à 12 ans.,Médecine scolaire : c'est un programme gouvernemental destiné à promouvoir la santé des adultes.,b,4
222,OIC-027-05-A-,Quels sont les bilans de santé systématiques à l'âge scolaire ?,"3 ans, 4 ans, 5 ans","6 ans, 8-9 ans, 11-13 ans","15-16 ans, 18 ans",Tous les âges scolaires sont pris en compte,b,4
223,OIC-027-06-A-,Qui organise le suivi systématique obligatoire du nourrisson et de l'enfant ?,Assurance maladie,Médecin spécialisé uniquement,Services de PMI (jusqu'à 6 ans),Parents uniquement,c,4
224,OIC-027-07-A-,Quels sont les trois certificats médicaux accompagnant le suivi systématique obligatoire du nourrisson ?,"8ème jour, 9ème mois et 24ème mois","9ème mois, 24ème mois et 36ème mois","8ème jour, 15ème jour et 30ème jour","1er mois, 6ème mois et 12ème mois",a,4
225,OIC-027-08-A,Quels sont les éléments importants à aborder lors d'une consultation avec un adolescent ?,"Alimentation, Développement physique et pubertaire, Loisirs et Lycée","Entourage familial et amical, Symptômes flous, Compliance, Evénements traumatiques","Toxiques, Suivis, Noir idées noires ou suicidaires, Contraception","Poids et taille, Peau, Caractères sexuels, Vérification des vaccinations",a,4
226,OIC-027-09-A,Quel est le pourcentage d'enfants victimes d'accidents de la vie courante chaque année?,5%,10 à 15%,20%,25%,b,4
227,OIC-027-09-A-,Quel est l'âge jusqu'à lequel l'allaitement maternel couvre tous les besoins des nourrissons?,6 mois,12 mois,18 mois,2 ans,a,4
228,OIC-027-10-A-,Quelle est la durée recommandée pour une alimentation lactée exclusive ?,4-6 mois,2-3 mois,8-10 mois,12-18 mois,a,4
229,OIC-027-11-A-,Quel est le premier signe de la puberté chez les filles?,Développement des seins,Ménarche,Développement de la pilosité pubienne ou axillaire,Gynécomastie,a,4
230,OIC-027-12-A,Quel est le terme qui désigne l'apparition de la pilosité pubienne précoce isolée?,Prémature thélarche,Prémature pubarche ou adrénarche,Ménarche,Puberté normale,b,4
231,OIC-027-13-B,Quel est le stade de développement mammaire correspondant à l'absence de développement mammaire chez les filles ?,S2,S3,S1,S4,c,4
232,OIC-027-14-B,Quel est le mécanisme physiologique qui déclenche la puberté masculine et féminine ?,Réactivation de la pulsatilité de l'hormone de croissance (GH),Réactivation de la pulsatilité de la GnRH,Augmentation des hormones sexuelles,Production d'œstrogènes,b,4
233,OIC-027-14-B-,Quels sont les deux facteurs qui influencent la puberté?,Génétique et environnement,Nutrition et ethnique,Pathologies intercurrentes et leptine,GH et GH rétrospectif,a,4
234,OIC-027-15-A,Quels sont les facteurs qui influencent la réactivation de la pulsatilité de la GnRH ?,Seulement des facteurs génétiques,"Des facteurs neuroendocriniens, périphériques et environnementaux",L'état nutritionnel uniquement,Aucun facteur n'influence la réactivation de la pulsatilité de la GnRH,b,4
235,OIC-027-15-A-,Quelle est la définition de la puberté précoce?,Développement mammaire avant 8 ans chez une fille ou augmentation testiculaire avant 9 ans chez un garçon,Développement mammaire après 12 ans chez une fille ou augmentation testiculaire après 13 ans chez un garçon,Développement mammaire avant 10 ans chez une fille ou augmentation testiculaire avant 11 ans chez un garçon,Aucune des options précédentes,a,4
236,OIC-027-16-A,Quels sont les éléments à prendre en compte dans l'interrogatoire pour orienter vers une puberté précoce ?,"âges pubertaires des parents et de la fratrie, âge de la ménarche de la mère, antécédent familial ou personnel",seulement les signes visuels ou d'HTIC,la taille parentale sans calcul de la taille cible génétique,aucun élément particulier,a,4
237,OIC-027-16-A-,Quelle est la méthode pour calculer la vitesse de croissance annuelle ?,En divisant la hauteur actuelle par l'âge en années.,En multipliant la hauteur actuelle par le nombre d'années.,En soustrayant la hauteur précédente de la hauteur actuelle et en divisant par le temps écoulé.,En additionnant les hauteurs précédentes et en divisant par le nombre d'années.,c,2
238,OIC-027-17-A,Quelle est l'épidémiologie de la puberté précoce en France?,La puberté précoce est plus fréquente chez les garçons que chez les filles.,La puberté précoce est le plus souvent organique chez les filles et idiopathique chez les garçons.,"La puberté précoce est beaucoup plus souvent centrale, et bien plus fréquente chez les filles que chez les garçons.",La puberté précoce est le plus souvent idiopathique chez les garçons et organique chez les filles.,c,4
239,OIC-027-17-A-,Quels sont les grands cadres étiologiques des pubertés précoces?,"Origines hypothalamo-hypophysaire, ovariennes, surrénaliennes ou exogènes/environnementales","Origines génétiques, environnementales ou hormonales",Origines uniquement génétiques ou hormonales,Origines uniquement environnementales ou surrénaliennes,a,4
240,OIC-027-18-A,Quelles sont les causes des pubertés précoces centrales ?,"Ovarienne/testiculaire, Surrénalienne, Exogène, Environnementale","Processus intracrânien, Séquellaire, Idiopathique, Diagnostic d'élimination","Ovarienne/testiculaire, Surrénalienne, Génétiques, Environnementale","Processus intracrânien, Séquellaire, Idiopathique, Ovarienne/testiculaire",b,4
241,OIC-027-19-B-,Quels sont les données de l'interrogatoire qui peuvent être pertinents pour un diagnostic de retard pubertaire ?,"âges pubertaires des parents et de la fratrie, âge de la ménarche de la mère","antécédent familial d'infertilité, de trouble de l'odorat (anosmie)","signes visuels ou signes d'HTIC, ralentissement/cassure staturale (courbe), anosmie","antécédent personnel de maladie chronique, de cryptorchidie ou micropénis",a,5
242,OIC-027-20-A,Quel est l'objectif du bilan biologique en cas de retard pubertaire?,Diagnostiquer une maladie spécifique,Évaluer les hormones sexuelles et gonadotrophines,Déterminer la cause exacte du retard pubertaire,Mesurer uniquement l'ionogramme sanguin,b,4
243,OIC-027-20-A-,Quels sont les deux grands cadres étiologiques des retards pubertaires?,Origines hypothalamo-hypophysaire ou gonadique,Origines génétiques ou environnementales,Origines hormonales ou psychologiques,Origines congénitales ou acquises,a,4
244,OIC-027-21-B,Quelle est la caractéristique d'une courbe de croissance précocité pubertaire?,Une vitesse de croissance normale,Une accélération de la vitesse de croissance à l'âge de 7 ans,Une ralentissement de la vitesse de croissance à l'âge de 10 ans,Une stagnation de la vitesse de croissance entre 5 et 8 ans,b,4
245,OIC-027-22-B,Quelle est la caractéristique de l'adrénarche?,Une puberté précoce,Un retard de croissance,Des seins plus gros que les fesses,Une absence d'apparition des poils pubiens avant 10 ans,d,4
246,OIC-027-22-B-,Quelle est la caractéristique principale d'une puberté précoce chez une fille?,Une croissance et un développement normaux,Un développement mammaire et accélération de la vitesse de croissance à l'âge de 7 ans,Des règles menstruelles avant l'âge de 10 ans,Une puberté retardée par rapport aux autres filles,b,4
247,OIC-027-23-B,Quel examen est indiqué pour une puberté pathologique périphérique chez une fille?,IRM cérébrale,Échographie pelvienne,Tomodensitométrie thoracique,Scintigraphie osseuse,b,4
248,OIC-027-23-B-,Quel est l'objectif de l'échographie pelvienne chez la fille?,Mesure de la longueur utérine,Détection d'une tumeur/kyste ovarien(ne),Évaluation du développement osseux,Analyse des hormones sexuelles,b,4
249,OIC-027-24-B,Quel est l'âge osseux moyen pour les filles à la début de la puberté ?,11 ans,13 ans,14 ans,15 ans,a,4
250,OIC-027-24-B-,Quels sont les diagnostics à considérer lors d'une augmentation douloureuse du volume des bourses ?,"Une torsion du cordon spermatique, une orchi-épididymite et un traumatisme scrotal","Une hernie inguinale, une hydrocèle et un kyste du cordon","Un cancer du testicule, une varicocèle et une cryptorchidie","Une sténose du méat urétral, un hypospadias et un épispadias",a,4
251,OIC-027-25-A-,Quelle est la caractéristique d'une bourse transilluminable ?,Elle n'est pas visible à l'œil nu.,Elle contient de l'air ou du liquide.,Elle est pleine de sang.,Elle est douloureuse au toucher.,b,4
252,OIC-027-26-B,Quels sont les facteurs favorisants de l'orchi-épididymite ?,"La pose d'une sonde vésicale (SV) et le port à demeure d'une SV, la réalisation récente d'une endoscopie, l'existence d'un adénome prostatique.","L'âge de 35 ans ou plus, une pathologie du bas appareil, une manœuvre instrumentale ou chirurgicale.","Une infection sexuellement transmissible (IST), Chlamydia trachomatis et gonocoque.",Un trouble de la miction et une incontinence urinaire.,a,4
253,OIC-027-27-A-,Quel est le traitement recommandé pour une torsion du cordon spermatique ?,Orchidectomie,Orchidopexie controlatérale,Exploration scrotale chirurgicale sans délai,Antibiothérapie associant C3G et aminoside,c,4
254,OIC-027-28-A-,Quelle est l'indication de l'échographie scrotale dans le cas d'une hydrocèle ?,Pour confirmer le diagnostic et éliminer un diagnostic différentiel de hernie inguino-scrotale étranglée,Pour diagnostiquer une tumeur testiculaire,Pour apprécier l'état du testicule sous-jacent,Pour éliminer un diagnostic différentiel de torsion du cordon spermatique,a,4
255,OIC-027-29-B,Quel est le diagnostic topographique d'un testicule non descendu mais palpable en dehors de son trajet normal de migration?,Un testicule non descendu mais palpable sur le trajet normal de migration,Un testicule non descendu mais palpable en dehors de son trajet normal de migration,Un testicule non descendu et non palpable,Un testicule oscillant,b,1
256,OIC-027-29-B-,Quel est le traitement approprié si un testicule n'est pas perçu à l'examen clinique chez un enfant ?,Adresser l'enfant à un chirurgien pédiatre,Effectuer une exploration laparoscopique à visée diagnostique +/- thérapeutique,Prescrire des médicaments pour améliorer la palpation du testicule,Rester en attente et surveiller l'enfant régulièrement,a,4
257,OIC-027-30-A,Quel est le traitement de référence pour la cryptorchidie?,Traitement médical,Chirurgie,Attente,Observation,b,4
258,OIC-027-30-A-,Quel est le diagnostic d'une inflammation du gland et du prépuce due à une accumulation de smegma ?,Phimosis,Balanoposthite,Paraphimosis,Lichen scléro-atrophique,b,4
259,OIC-027-31-A,Quel est le traitement recommandé pour les balanoposthites chez l'enfant?,Antibiotiques oraux,Bain de verge avec antiseptiques,Dermocorticoïdes topiques,Chirurgie immédiate,b,4
260,OIC-027-31-A-,Quels sont les signes positifs d'une torsion du cordon spermatique ?,Une bourse douloureuse et un testicule dur,Un réflexe crémastérien aboli et des nausées vomissements,Une douleur soulagée après manœuvre de détorsion externe,Tous les signes mentionnés ci-dessus,d,4
261,OIC-027-32-B,Quel est l'examen clé pour diagnostiquer la torsion du cordon spermatique ?,Echographie testiculaire seule,Echographie testiculaire couplée au Doppler,IRM de la région scrotale,Biopsie du testicule,b,4
262,OIC-027-32-B-,"Quel est le terme médical pour désigner une situation où la peau du prépuce se retrouve enroulée autour de son extrémité, empêchant ainsi l'excision complète ?",Phimosis,Paraphimosis,Hypospadias,Epispadias,b,4
263,OIC-027-33-A,Quels sont les éléments clés à rechercher lors de l'interrogatoire des parents et de l'enfant dans le cadre d'une démarche diagnostique pour un trouble mictionnel ?,"les signes fonctionnels urinaires, les modalités d'apprentissage et le développement psychomoteur","les antécédents de troubles fonctionnels chez les parents ou dans la fratrie, les notions d'uropathie malformative","l'existence de troubles psychiatriques, de trouble du développement, un trouble du sommeil et obstructif, le contexte familial",les douleurs abdominales et troubles ano-rectaux,a,4
264,OIC-027-34-B-,Quels troubles peuvent être associés aux troubles mictionnels chez l'enfant?,Troubles psychiques,Troubles respiratoires nocturnes,Troubles du sommeil,Troubles de la vision,a,4
265,OIC-027-35-A,Quels sont les principaux symptômes à rechercher en cas de troubles mictionnels ?,L'incontinence urinaire,L'énurésie nocturne,La pollakiurie et l'urgenturie,Toutes les options sont correctes,d,4
266,OIC-027-35-A-,Quelle est la condition pour que l'énurésie soit considérée comme primaire ?,L'enfant a eu une période de continence durant le sommeil d'au moins six mois,L'enfant n'a jamais eu de période de continence durant le sommeil d'au moins six mois,L'enfant a plus de 6 ans et a toujours eu des ennuis mictionnels,L'enfant a moins de 3 ans et n'a jamais été en mesure de contrôler ses fonctions mictionnelles,b,4
267,OIC-027-37-A,Quels sont les principes d'évaluation utilisés dans la classification internationale du fonctionnement pour évaluer un enfant handicapé?,"Déficience, activité, participation et facteurs environnementaux","Facteurs personnels, déficience, activité et participation","Activité, participation, facteurs environnementaux et facteurs personnels","Déficience, facteurs personnels, participation et activité",a,4
268,OIC-027-37-A-,Quels sont les principes généraux de la prise en charge de l'enfant handicapé?,a,b,c,d,a,1
269,OIC-027-38-B-,Quel est le rôle de la MDPH dans l'orientation des enfants handicapés ?,Accorder des prestations financières,Évaluer les besoins de compensation et élaborer un plan personnalisé de compensation (PPC),Proposer des orientations scolaires et médico-sociales,Fournir des soins médicaux directement à l'enfant,b,4
270,OIC-027-39-A,Quelles sont les principales causes de handicap de l'enfant en France?,Malformations congénitales et paralysie cérébrale,Trisomie 21 et syndrome d'alcoolisation fœtale,Dyslexie-dysorthographie et polyhandicap,Toutes les options précédentes sont correctes,d,4
271,OIC-027-39-A-,Quels sont les facteurs à prendre en compte lors de la démarche étiologique du handicap?,Seulement l'âge d'apparition des troubles,"L'orientation étiologique se fait en fonction des systèmes atteints, de l'âge d'apparition et de l'évolution des troubles",Les causes génétiques sont les seules à prendre en compte,La démarche étiologique n'est pas nécessaire pour la prise en charge du handicap,b,4
272,OIC-027-40-B,Quel est le type d'orientation privilégié pour un enfant handicapé en fonction de son handicap ?,Scolarisation en milieu spécialisé,Privilégier le maintien dans le milieu familial et l'intégration en milieu scolaire ordinaire,Unités d'enseignement en milieu spécialisé,Services de protection maternelle et infantile (PMI),b,4
273,OIC-027-40-B-,Quel est l'âge seuil pour définir les troubles psychiatriques du sujet âgé?,60 ans,65 ans,70 ans,75 ans,b,4
274,OIC-027-41-A-,Quel est le pourcentage de patients avec maladie d'Alzheimer ou autres démences qui présentent des symptômes psychologiques et comportementaux (SCPD) ?,50%,80%,90%,100%,b,4
275,OIC-027-42-B,Quels sont les facteurs de risque plus marqués chez le sujet âgé pour les troubles de l’humeur ?,les évènements psycho sociaux stressants,la perte d’autonomie,les comorbidités non psychiatriques,tous les facteurs mentionnés,d,5
276,OIC-027-42-B-,Quels sont les critères diagnostiques identiques pour un épisode dépressif caractérisé chez le sujet âgé et chez l'adulte jeune ?,Critères spécifiques à la tristesse de l'humeur,Critères diagnostiques identiques,Critères liés aux manifestations gastro-intestinales,Critères liés aux troubles du sommeil,b,4
277,OIC-027-43-B,Quels sont les symptômes psycho-comportementaux possibles chez le sujet âgé dément ?,"Idées délirantes, hallucinations visuelles et apathie","Symptômes dépressifs, agitation et inversion du rythme nycthéméral","Euphorie, agressivité et douleurs",Tous les symptômes mentionnés précédemment,d,4
278,OIC-027-43-B-,Quel est le premier pas pour éliminer les causes médicales non-psychiatriques chez un sujet âgé présentant des troubles psychotiques?,Effectuer un examen clinique complet,Prescrire immédiatement des médicaments psychotropes,Réaliser des tests de laboratoire pour détecter les troubles ioniques et métaboliques,Consulter un spécialiste en neurologie,a,4
279,OIC-027-44-B,Quels sont les types de comorbidités que l'on doit rechercher chez le sujet âgé ?,Seulement des comorbidités psychiatriques,Seulement des comorbidités non-psychiatriques,"Toutes les comorbidités, qu'elles soient psychiatriques ou non",Aucune comorbidité n'est nécessaire,c,4
280,OIC-027-44-B-,Quels sont les risques liés à l'âge en termes de pharmacocinétique et de pharmacodynamie pour le sujet âgé lors du maniement des anxiolytiques et hypnotiques ?,"Risque iatrogène élevé, polymédication et risque d'interactions médicamenteuses fréquentes.",Aucun risque spécifique lié à l'âge.,Seul le risque de chute est à prendre en compte.,Les anxiolytiques et hypnotiques sont sans effet chez les sujets âgés.,a,4
281,OIC-027-45-B,Quels sont les règles de prescription générales pour privilégier la tolérance et éviter l'iatrogénie chez le sujet âgé ?,"Débuter à pleine dose, augmenter rapidement si nécessaire.","Commencer par une demi-dose de celle de l’adulte jeune, augmenter progressivement lorsque nécessaire.","Utiliser plusieurs psychotropes par classe, associer des antidépresseurs et des antipsychotiques.",Évaluer la tolérance et l'efficacité sans ajustement de dose.,b,4
282,OIC-027-45-B-,Qu'est-ce que la psychothérapie?,Un traitement médical pour les troubles psychiatriques,Une forme de thérapie utilisant des moyens psychologiques pour traiter un trouble psychiatrique ou tout autre problème non psychiatrique entraînant une souffrance ou une détresse psychologique,Un type de médication pour les troubles psychiatriques,Une forme de thérapie utilisant des moyens physiques pour traiter un trouble psychiatrique,b,4
283,OIC-027-46-A,Quels sont les facteurs favorables pour une psychothérapie efficace?,Empathie du thérapeute,"Cadre : objectif thérapeutique, durée",Engagement/demande du patient,Tous les facteurs mentionnés,d,4
284,OIC-030-01-B,Quel courant psychothérapeutique postule que les problèmes des patients reposent sur des conflits inconscients non résolus depuis l'enfance ?,Psychothérapie de soutien,Thérapies cognitivo-comportementales,Psychothérapie psychanalytiques,Thérapies familiales/systémiques,c,4
285,OIC-030-03-B,Quels sont les principes théoriques de la remédiation cognitive ?,Seule basée sur la psychanalyse,"Héritée de la neurologie, neuropsychologie et TCC",Se rapproche uniquement des techniques de méditation,N'a aucun rapport avec les troubles mentaux,b,4
286,OIC-030-03-B-,Quelle est la principale indication pour la psychothérapie de soutien?,Troubles psychiatriques sévères,Difficultés d’adaptation à des situations de vie stressantes,Troubles du sommeil,Tous les troubles psychiatriques,b,4
287,OIC-030-04-B,Qu'est-ce que les psychotropes ?,Des substances chimiques qui ont un effet physique sur le corps.,Des substances chimiques d'origine naturelle ou artificielle qui modifient l'activité mentale.,Des médicaments qui traitent les maladies physiques.,Des produits alimentaires qui ont un effet sur le cerveau.,b,4
288,OIC-032-01-B,Quelle est la propriété commune des antipsychotiques?,action agoniste sur les récepteurs dopaminergiques D2,action antagoniste sur les récepteurs dopaminergiques D2,action sur les récepteurs sérotoninergiques 5-HT2A,action sur les récepteurs GABAergiques,b,4
289,OIC-032-01-B-,Quels sont les troubles psychotiques pour lesquels les antipsychotiques sont indiqués ?,Troubles de l'humeur uniquement,"Troubles psychotiques (et notamment schizophrénie, indication la plus classique)",Troubles du comportement uniquement,Tous les troubles mentaux,b,4
290,OIC-032-02-B,Quels sont les éléments à rechercher avant un traitement antipsychotique ?,Seulement la réponse aux traitements antérieurs,"La recherche de contre-indications, d'une éventuelle grossesse et des traitements associés",Le dépistage d'un trouble métabolique uniquement,Aucun élément n'est à rechercher avant un traitement antipsychotique,b,4
291,OIC-032-02-B-,Quels sont les effets indésirables fréquents des antipsychotiques ?,Effets indésirables psychiatriques uniquement,"Effets indésirables neurologiques, endocrino-métaboliques et neurovégétatifs et cardiovasculaires",Effets indésirables allergiques et toxiques uniquement,Aucun effet indésirable fréquent,b,4
292,OIC-032-03-B,Quelles sont les voies d'administration des antipsychotiques en situation d'urgence ?,Seulement par voie intramusculaire.,Per os ou par voie intramusculaire.,Seulement per os.,Par voie intraveineuse.,b,4
293,OIC-032-03-B-,"Quelle est la classe d'antidépresseurs qui inclut les molécules Citalopram, Escitalopram et Paroxétine ?",IRS,IRSN,Autres antidépresseurs,Imipraminiques,a,4
294,OIC-032-04-B,Quels sont les troubles de l'humeur pour lesquels les antidépresseurs sont indiqués ?,"Troubles anxieux, douleurs neuropathiques et céphalées rebelles","Troubles bipolaires, épisode dépressif caractérisé et trouble dépressif récurrent","Troubles du sommeil, troubles de l'adaptation et troubles démentiels",Tous les troubles mentionnés précédemment,b,4
295,OIC-032-04-B-,Quels sont les critères pour choisir une molécule antidépresseuse ?,En fonction du trouble concerné et du profil de sécurité,En fonction de l'âge du patient et du type de traitement,En fonction des symptômes présentés par le patient,En fonction de la posologie utilisée,a,4
296,OIC-032-05-B,Quels sont les effets indésirables fréquents des antidépresseurs ?,"Dose-dépendants, transitoires et survenant tardivement","Survenant précoce, dose-dépendants et transitoires","Chez les personnes âgées, surveillance de la natrémie et de l’équilibre",Troubles sexuels possibles et persistants,b,4
297,OIC-032-05-B-,Quelle classe chimique représente la principale classe d'anxiolytiques?,Benzodiazépines,Anxiolytiques non benzodiazépiniques,Azapirones,Antihistaminiques H1,a,4
298,OIC-032-06-A,Quelles sont les principales indications des anxiolytiques ?,Traitement symptomatique des manifestations anxieuses intenses et/ou invalidantes,Traitement préventif dans le cadre du sevrage de l’alcool : prévention du syndrome de sevrage (delirium tremens),Traitement des crises convulsives et des épilepsies (partielles ou généralisées).,Douleur neuropathique,a,4
299,OIC-032-07-B,Quels sont les principaux effets indésirables des benzodiazépines ?,"Sédation, troubles cognitifs et troubles du comportement","Nausées, céphalées en début de traitement","Sensation vertigineuse, altération de la vigilance",Tous les effets indésirables mentionnés précédemment,d,4
300,OIC-032-07-B-,Quelle est la voie d'administration habituelle des anxiolytiques ?,Per os,IM,IV,Inhalation,a,4
301,OIC-032-08-B,Quelles sont les principales classes de hypnotiques ?,Les benzodiazépines et les antihistaminiques,"Les benzodiazépines, les z-drugs et les antipsychotiques à polarité sédative",Les anxiolytiques et les antipsychotiques à polarité sédative,Les benzodiazépines et les antipsychotiques à polarité sédative,b,4
302,OIC-032-08-B-,Quels sont les troubles du sommeil pour lesquels les hypnotiques sont indiqués ?,Insomnies chroniques,Insomnies aiguës transitoires,Somnolence diurne,Sommilées nocturnes,b,3
303,OIC-037-01-A,Quelles sont les règles à respecter lors de la prescription d'hypnotiques ?,Les règles de prescription sont identiques à celles des anxiolytiques.,La dose minimale efficace doit être utilisée.,Le traitement ne doit pas dépasser 4 semaines.,Toutes les options précédentes sont correctes.,d,4
304,OIC-037-01-A-,Quels sont les effets indésirables potentiels du zopiclone et du zolpidem?,Seuls des effets indésirables graves,"Des effets indésirables similaires à ceux des benzodiazépines, notamment chez les personnes âgées",Aucun effet indésirable,Seuls des effets indésirables bénins,b,4
305,OIC-037-02-A,Quelles sont les principales classes de thymorégulateurs?,Les sels de lithium et les antipsychotiques,"Les sels de lithium, les anticonvulsivants et les antidépresseurs",Les sels de lithium et les thymorégulateurs anticonvulsivants,"Les sels de lithium, les antipsychotiques et les antidépresseurs",c,4
306,OIC-037-03-B,Quels sont les principaux effets indésirables du lithium ?,"Neuropsychiques, endocriniens et rénaux","Cardiovasculaires, hématologiques et dermatologiques","Digestifs, neurovégétatifs et métaboliques","Rhumathologiques, hépatiques et gastro-intestinaux",a,4
307,OIC-037-03-B-,Quels sont les principaux psychostimulants utilisés en thérapeutique en France?,Les amphétamines,Le méthylphénidate et le modafinil,Les stimulants naturels,Les antidépresseurs,b,4
308,OIC-037-04-A,Quels sont les principaux contre-indications du méthylphénidate et du modafinil?,Hypersensibilité,Troubles cardiovasculaires,Grossesse,Tout les trois,d,4
309,OIC-037-04-A-,Quels sont les principaux effets indésirables du modafinil ?,Neurologiques et psychiques,Digestifs,Cardiovasculaires,Hématologique,a,4
310,OIC-037-05-A,Quel est le principal risque lié au tabagisme actif ?,Cancer du rein,Cancer broncho-pulmonaire,Insuffisance coronarienne,Acné,b,4
311,OIC-037-05-A-,Quel est le principal agent responsable de la dépendance au tabac?,La nicotine,Les produits chimiques du tabac,Le stress et l'anxiété,L'alcool,a,4
312,OIC-037-06-A,Quel est le principe basique de fonctionnement d'une cigarette électronique?,Elle brûle du tabac pour produire de la fumée.,Un mélange propulsé sous forme de vapeur et inhalé.,Elle utilise un système de combustion pour produire de la vapeur.,Elle est alimentée par des piles qui produisent de l'électricité.,b,4
313,OIC-037-06-A-,Quel est le principal agent responsable de la dépendance au tabac?,La nicotine,Les goudrons,La fumée de tabac,Le monoxyde de carbone (CO),a,4
314,OIC-037-07-A,Quels sont les effets de la fumée de tabac sur le système cardiovasculaire?,Elle réduit le risque d'infarctus du myocarde,Elle augmente le risque de thromboses artérielles et dysfonction endothéliale,Elle n'a aucun effet sur les vaisseaux sanguins,Elle réduit la pression artérielle,b,4
315,OIC-037-07-A-,Quel est l'âge moyen de consommation de la première cigarette ?,12 ans,14 ans,16 ans,18 ans,b,4
316,OIC-037-08-B,Quelle est la raison principale de la diminution du tabagisme en France entre 2016 et 2018?,L'augmentation du prix du paquet,La forte augmentation du prix/paquet neutre/opération « Mois Sans Tabac »,La diminution de la population masculine,La diminution de la population féminine,b,4
317,OIC-037-08-B-,Quel est le pourcentage de personnes qui déclarent fumer du tabac en France entre 18 et 75 ans en 2019?,20%,"30,4%",40%,50%,b,4
318,OIC-037-09-B,Quel est l'âge moyen auquel les jeunes commencent à fumer?,10 ans,12 ans,14 ans,16 ans,c,4
319,OIC-037-09-B-,Quel est le comportement du tabagisme chez les femmes enceintes ?,La moitié des femmes enceintes arrêtent de fumer au cours de la grossesse.,La moitié des femmes enceintes continuent le tabagisme au cours de la grossesse.,Les femmes les plus âgées et les plus diplômées sont les plus susceptibles de continuer à fumer pendant la grossesse.,Toutes les femmes enceintes arrêtent de fumer immédiatement après la découverte de leur grossesse.,b,4
320,OIC-037-11-B-,Quelle est la première cause de décès évitable en France?,Maladies cardiovasculaires,Cancer broncho-pulmonaire,Accidents de la route,Le tabac,d,4
321,OIC-037-12-B,Quel est le principal impact du tabac sur la mortalité cardiovasculaire?,L'insuffisance coronarienne,La première cause de mortalité cardiovasculaire évitable et premier facteur de risque pour les femmes non ménopausées,Le monoxyde de carbone (CO),L'anévrisme de l'aorte abdominale,b,4
322,OIC-037-12-B-,Quelle est l'évolution récente du taux de fumateurs en France?,augmentation,stabilité,diminution,égalité,c,3
323,OIC-038-01-A,Quels sont les complications médicales non psychiatriques liées à l'intoxication passive ?,"Cardiopathies ischémiques, Cancer broncho-pulmonaire, Coronaropathie, Otite et Asthme de l’enfant","Cancer du cerveau, Cardiopathies ischémiques, Bronchite, Otite","Coronaropathie, Cancer broncho-pulmonaire, Cardiopathies ischémiques, Asthme de l’enfant","Bronchite, Otite, Cardiopathies ischémiques, Coronaropathie",a,4
324,OIC-038-02-A,Quel est le moyen recommandé pour dépister la consommation de tabac chez un patient ?,En posant directement la question 'fumez-vous' sans autre évaluation.,En utilisant un algorithme décisionnel après avoir posé la question 'fumez-vous'.,En calculant le Paquets-Année (PA) pour évaluer l'intoxication.,En ne considérant que les symptômes physiques du tabagisme.,b,4
325,OIC-038-02-A-,Quels sont les critères pour diagnostiquer une dépendance au tabac selon les CIM-10?,Seuls les complications physiques ou psychiques,"Au moins 3 critères parmi désir puissant, difficultés à contrôler l'usage, syndrome de sevrage, tolérance, abandon d'autres sources de plaisir et poursuite de la consommation malgré des conséquences nocives.",Seuls les troubles psychiques sans complications physiques,Tous les critères ci-dessus sont requis pour un diagnostic positif,b,4
326,OIC-038-03-B,Quels sont les signes de sevrage en tabac ?,"Irritabilité, Insomnie, Anxiété","Frustration, Colère, Difficultés de concentration","Humeur dépressive, Augmentation de l’appétit => prise de poids",Tous les signes mentionnés ci-dessus,d,5
327,OIC-038-03-B-,Quel est le type de cancer lié au tabac qui représente 80 % des décès par cancers broncho-pulmonaires ?,Cancer du pancréas,Cancer broncho-pulmonaire,Cancer de l'œsophage,Cancer du rein,b,4
328,OIC-038-04-B,Quel est le lien entre le tabagisme et les troubles psychiatriques?,Le tabac prévient les troubles psychiatriques,Il n'y a pas de lien entre le tabagisme et les troubles psychiatriques,Il existe une comorbidité importante entre le tabagisme et les troubles psychiatriques,Le tabac traite les troubles psychiatriques,c,4
329,OIC-038-04-B-,Quel est le rôle du professionnel de santé dans la proposition d'aide à l'arrêt de fumer ?,Demande si la personne fume,Évalue son tabagisme,Conseille à chaque fumeur d’arrêter de fumer,Propose un support écrit d’information pour appuyer le conseil,c,4
330,OIC-038-05-B-,Quels sont les traitements pharmacologiques pour la dépendance au tabac?,Les traitements de substitution nicotinique et varénicline,Les traitements de substitution nicotinique et bupropion,Varénicline et psychothérapie,Bupropion et thérapie cognitivo-comportementale,b,4
331,OIC-038-06-B,Quel est l'outil institutionnel qui propose des accompagnements personnalisés pour aider les personnes à arrêter de fumer?,Tabac Info Service,Ligne téléphonique gratuite 3989,Site web du gouvernement français,Association anti-tabac,a,4
332,OIC-038-06-B-,Quels sont les moyens de prise en charge après un évènement aigu lié à l'addiction au tabac?,Psychothérapies et substituts nicotiniques,Varénicline et bupropion,Cigarettes électroniques,Méditation et yoga,a,4
333,OIC-038-07-B,Quels troubles psychiatriques sont fréquemment associés à la dépendance au tabac?,Troubles anxieux et épisode dépressif caractérisé,"Schizophrénie, trouble bipolaire, troubles anxieux et épisode dépressif caractérisé",Alcoolisme et/ou cannabis,Les deux options précédentes sont correctes,b,4
334,OIC-038-07-B-,Quels sont les facteurs qui contribuent à une rechute chez un fumeur en train de se débarrasser du tabac ?,Le craving et le syndrome de sevrage,La consommation d'alcool et de cannabis,Les deux facteurs mentionnés ci-dessus,Aucun des facteurs mentionnés ci-dessus,c,4
335,OIC-038-08-B-,Quels sont les étapes du conseil d'arrêt de fumer selon la technique des 5A ?,"Demande si la personne fume, évalue son tabagisme et conseille à chaque fumeur d’arrêter de fumer.","Conseille à chaque fumeur d’arrêter de fumer, évoque les aides disponibles et propose un support écrit.","Demande si la personne fume, conseille à chaque fumeur d’arrêter de fumer et propose un support écrit.","Évalue son tabagisme, évoque les aides disponibles et propose un support écrit.",a,4
336,OIC-038-09-B-,Quel est le processus par lequel un comportement peut être considéré comme addictif?,L'impossibilité de contrôler ce comportement,La poursuite d'un comportement malgré ses conséquences négatives,La consommation de substances psychoactives,Un autre comportement,b,4
337,OIC-038-10-B,Quel est le lien entre la dépendance (CIM 11) et le trouble de l'usage d'alcool (DSM5)?,La CIM définit des critères différents de ceux du DSM-5.,La CIM correspond aux troubles de l'usage d'alcool modéré à sévère du DSM-5.,Le DSM-5 définit des critères différents de ceux de la CIM.,La CIM ne correspond pas au trouble de l'usage d'alcool (DSM-5) modéré et sévère.,b,4
338,OIC-038-10-B-,Quels sont les repères de consommation d'alcool définis par Santé Publique France en 2017 ?,10 verres standards par semaine et 2 verres standards par jour,5 verres standards par semaine et 3 verres standards par jour,15 verres standards par semaine et 4 verres standards par jour,20 verres standards par semaine et 6 verres standards par jour,a,4
339,OIC-039-01-A-,Quel est le volume standard d'alcool contenu dans un verre de vin en France?,5 cL,10 cL,15 cL,20 cL,b,4
340,OIC-039-02-A-,Quels sont les signes d'une intoxication alcoolique aiguë à faible dose?,"haleine caractéristique (œnolique), injection des conjonctives, jovialité ou tristesse, logorrhée, désinhibition, agressivité","allongement du temps de réaction allongé, dysarthrie, syndrome cérébelleux aigu","hypotension artérielle, hypotonie, hypothermie, mydriase bilatérale",perte d'équilibre et chute,a,4
341,OIC-039-03-A-,Quelles sont les principales complications sociales du mésusage d'alcool?,Violences intrafamiliales et problèmes financiers,"Problèmes professionnels, violences judiciaires et isolement social","Séparations familiales, chômage et dettes",Retentissement sur la santé mentale des proches et problèmes de logement,b,4
342,OIC-039-04-A,Quel est l'objectif principal des marqueurs biologiques usuels de consommation d'alcool ?,Dépistage systématique de la dépendance,Objectiver un mésusage en cas de déni ou de minimisation,"Suivi addictologique : repérage des rechutes, aspect motivationnel et éducatif",Diagnostic précoce d'une pancréatite,b,4
343,OIC-039-04-A-,Quels sont les cancers associés à la consommation d'alcool ?,Cancer du sein et cancer colorectal,"Cancer des voies aérodigestives supérieures, épidermoïde de l'œsophage et carcinome hépatocellulaire",Cancer du poumon et cancer de la prostate,Cancer de la peau et cancer de la rate,b,4
344,OIC-039-05-B,Quel est le principe fondamental de la prévention primaire du mésusage d'alcool?,Concentrer l'action sur la personne,Se concentrer uniquement sur les effets négatifs des substances psychoactives,Éviter la première consommation de substances psychoactives ou la retarder,Se concentrer uniquement sur les facteurs environnementaux,c,4
345,OIC-039-05-B-,Quel est l'objectif principal de la prévention secondaire dans le contexte de l'alcool?,Réduire la consommation d'alcool,Éliminer complètement la consommation d'alcool,Augmenter la consommation d'alcool,Ne pas intervenir dans le comportement du consommateur,a,4
346,OIC-039-06-A,Quels sont les objectifs généraux de la prise en charge addictologique?,Seule abstinence,Arrêt complet ou usage à faible risque,Réduction des consommations uniquement,Aucun objectif spécifique,b,4
347,OIC-039-06-A-,Quel est l'outil indispensable en addictologie ?,La thérapie cognitive,L'entretien motivationnel,La médication,La rééducation physique,b,4
348,OIC-039-07-A,Quel est l'objectif principal d'un sevrage encadré d'alcool?,Réduire la consommation d'alcool,Prevenir les signes et accidents de sevrage,Traiter les troubles hydro-électrolytiques,Supplémenter en vitamine B1,b,4
349,OIC-039-07-A-,Quel est le traitement recommandé pour un accident de sevrage (crise convulsive ou delirium tremens) ?,Benzodiazépines à durée de vie courte,"Benzodiazépines à durée de vie longue à forte dose, dégressive sur une à deux semaines",Vitamine B1 parentérale et hydratation adaptée uniquement,Pas de traitement spécifique nécessaire,b,4
350,OIC-039-08-A,Quel est le principal objectif des groupes d'entraide en addictologie?,Lutter contre la dépendance,Faciliter le lien social et lutte contre l'isolement,Proposer des soins médicaux,Fournir une prise en charge ambulatoire,b,4
351,OIC-039-09-A-,Qu'est-ce que l'amaurose fugace ?,Une perte de vision permanente,Un accident ischémique rétinien transitoire,Une maladie de Horton,Une occlusion artérielle rétinienne constituée,b,4
352,OIC-039-10-A-,Quel est le réflexe photomoteur direct ?,Réaction de la pupille à la lumière,Réaction de la pupille à l'obscurité,Réaction de la pupille au mouvement,Réaction de la pupille à la chaleur,a,4
353,OIC-039-11-B,Quel examen complémentaire permet d'étudier la sensibilité à la lumière à l'intérieur du champ visuel?,Angiographie du fond de l'œil,Champ visuel (périmétrie),Vision de couleurs,Électrorétinogramme (ERG),b,4
354,OIC-039-11-B-,Quelle est la cause la plus fréquente des NOIA (neuropathie optique ischémique antérieure) ?,La maladie de Horton,L'artériosclérose,Les neuropathies optiques toxiques et médicamenteuses,Les neuropathies optiques tumorales,b,4
355,OIC-039-12-B-,Quels sont les principaux examens complémentaires disponibles en ophtalmologie pour orienter le diagnostic et la prise en charge ?,"Les champs visuels de Goldman, la tomographie en cohérence optique (OCT) et l'angiographie à la fluorescéine","L'électrophysiologie visuelle, l'échographie oculaire et les examens biologiques","Les examens radiologiques, les examens biologiques et les champs visuels de Goldman","La tomographie en cohérence optique (OCT), l'angiographie au vert d'indocyanine et l'électrophysiologie visuelle",a,4
356,OIC-039-13-B,Quels sont les signes cliniques de l'occlusion de l'artère centrale de la rétine (OACR) ?,"Baisse d'acuité visuelle brutale, pupille en mydriase aréflectique","Œdème papillaire, hémorragies rétiniennes disséminées","Rétrécissement diffus du calibre artériel, œdème blanc rétinien ischémique de la rétine avec tache rouge cerise de la macula",Tortuosités et dilatation veineuses,c,4
357,OIC-045-01-A,Quels sont les caractéristiques d'une aura migraineuse visuelle ?,C'est une perte de vision permanente.,Les stimuli visuels régressent en 15 à 20 minutes environ.,Il s'agit toujours d'un scotome scintillant bilatéral.,C'est une condition qui ne laisse pas de céphalée.,b,4
358,OIC-045-01-A-,Quels sont les diagnostics différentiels neurologiques d'une aura migraineuse?,accidents ischémiques transitoires,épilepsie occipitale partielle,migraines symptomatiques,tous les options ci-dessus,d,4
359,OIC-045-02-B,Quel est le signe visible sur une photographie d'un œdème papillaire?,Une papille floue,Un bord net de la papille,Une image floue du fond oculaire,Une rétine endommagée,a,4
360,OIC-045-02-B-,Quelle est la caractéristique d'une hémianopsie latérale homonyme ?,Perte de vision dans le coin supérieur droit du champ visuel,Perte de vision dans l'ensemble du champ visuel gauche ou droit,Perte de vision dans les deux coins inférieurs du champ visuel,Perte de vision dans le coin supérieur gauche du champ visuel,b,4
361,OIC-045-03-A,Quels sont les signes cliniques évocateurs d'un décollement de rétine (DR) rhegmatogène?,Les myodésopsies suivis de phosphènes correspondant à la survenue de la déchirure rétinienne,"L'amputation du champ visuel périphérique, correspondant à la constitution du DR",Une douleur oculaire intense,Un rouge œil,a,4
362,OIC-045-03-A-,Quels sont les facteurs favorisant la survenue d'un décollement de rétine (DR) rhegmatogène?,L'âge et la myopie,La chirurgie de la cataracte et un traumatisme,Une uvéite et une maladie rénale,Un problème d'équilibre et une mauvaise alimentation,a,4
363,OIC-045-04-B,Quels sont les signes cliniques d'une hémorragie du vitré ?,"Baisse d'acuité visuelle, champ visuel réduit",Acuité visuelle variable suivant l'importance de l'hémorragie,"Douleur oculaire, rougeur des yeux","Tremblement des mains, vertiges",b,4
364,OIC-045-04-B-,Qu'est-ce qu'un ectropion ?,Relâchement de la paupière vers l'intérieur,"Relâchement des tissus cutanés, rétraction des tissus ou relâchement musculaire",Problème d'ouverture des yeux,Infection de la paupière,b,4
365,OIC-045-05-A,Qu'est-ce qui cause l'entropion sénile ?,Rétraction des tissus conjonctivaux,Relâchement des tissus cutanés,Infection oculaire,Tumeur oculaire,b,4
366,OIC-045-05-A-,Quel est le caractère principal d'un ptosis?,Le bord libre de la paupière supérieure est trop haut,La paupière recouvre la cornée physiologiquement de 2 à 3 mm,La position du bord libre de la paupière supérieure est basse par rapport au limbe scléro-cornéen supérieur,Le ptosis est une maladie qui affecte uniquement les yeux,c,4
367,OIC-045-06-B,Quel est un exemple d'étiologie neurogène du ptosis?,Myasthénie,Paralysie du III ou paralysie du sympathique cervical (syndrome de Claude-Bernard-Horner),Rupture de l'aponévrose du releveur,Relâchement de l'aponévrose du releveur,b,4
368,OIC-045-06-B-,Quel est le type de sécrétion contenue dans un chalazion?,Infectieuse,Sébacée,Acide,Alcaline,b,4
369,OIC-045-07-B,Quel est le type d'infection qui cause généralement l'orgelet?,Viral,Fongique,Bactérienne,Parasitaire,c,4
370,OIC-045-07-B-,Quel est le type de chalazion représenté dans l'image de gauche?,Externe,Interne,Blepharite,Tumeur maligne,b,4
371,OIC-045-08-B-,Quelles sont les tumeurs palpébrales bénignes les plus fréquentes ?,"le carcinome basocellulaire, le mélanome malin et le lymphome de MALT","le papillome, l'hidrocystome et les xanthélasmes","le carcinome épidermoïde, le mélanome malin et le lymphome de MALT","le carcinome basocellulaire, le carcinome épidermoïde et le lymphome de MALT",b,4
372,OIC-045-09-A,Quel est le traitement de première intention pour un chalazion ?,Incision et curage de la glande de Meibomius,Application d'une pommade corticoïde locale avec des soins de paupières,Anesthésie générale suivie d'un traitement chirurgical,Traitement par laser,b,4
373,OIC-045-09-A-,Quel est le traitement standard de l'orgelet?,Collyre ou pommade antibiotique pendant 8 jours,Incision au niveau du bord libre sans anesthésie,Traitement chirurgical immédiat,Aucun traitement nécessaire,a,4
374,OIC-045-10-A-,Quelle est la cause première du larmoiement persistant chez les nourrissons ?,Infection du sac lacrymal,Imperforation des voies lacrymales,Problème de production de larmes,Problème d'évacuation des larmes,b,4
375,OIC-045-11-B,Quelle est la définition des rachialgies?,Douleurs ressenties dans la région abdominale,Douleurs ressenties dans la région rachidienne,Douleurs ressenties dans la région thoracique,Douleurs ressenties dans la région cervicale,b,4
376,OIC-045-12-B,Quels sont les facteurs aggravants et atténuants de la douleur rachidienne selon l'interrogatoire ?,"Mouvements, activité physique/repos","Cyphose, AINS, antalgiques simples","Toux, défécation, sédentarité","Prise de poids, accident de travail",a,4
377,OIC-045-12-B-,Quels sont les éléments orientant vers une origine DISCALE ?,"âge > 50 ans, lombalgie médiane ou unilatérale, de caractéristique mécanique, exacerbée au piétinement ou à la station debout/assise prolongée","âge 25-50 ans, facteur associé : effort ou traumatisme, antécédents de lumbago d’évolution rapidement favorable","lombalgie médiane, mécanique, impulsive, exacerbée à l’hyperextension, syndrome rachidien","douleurs référées à distance, sans trajet précis : fesses, cuisses, épines iliaques",b,4
378,OIC-045-14-A,Quels sont les arguments en faveur d'une rachialgie secondaire conduisant à la pratique d'examens complémentaires (IRM) ?,Douleur de type non mécanique,Symptôme neurologique étendu,Paresthésie au niveau du pubis,Déformation structurale importante de la colonne,a,4
379,OIC-045-14-A-,Quels sont les facteurs favorisants d'une évolution vers la chronicité d'une rachialgie ?,Problèmes liés au travail et attitudes inappropriées par rapport au mal de dos,Comportements douloureux inappropriés et problèmes émotionnels,Insécurité financière et manque de contact avec le milieu de travail,"Problèmes liés au travail, attitudes inappropriées par rapport au mal de dos et comportements douloureux inappropriés",d,4
380,OIC-045-15-A,Quelles sont les principales étiologies des rachialgies secondaires ?,"tumorales, infectieuses et inflammatoires","traumatiques, viscérales et ostéoporotiques","infectieuses, traumatiques et viscérales","ostéoporotiques, tumorales et inflammatoires",a,4
381,OIC-045-16-B,Quelles sont les causes physiques globales de la rachialgie complexe ?,"Anxiété, dépression","Déconditionnement à l’effort, prise de poids",Douleur intense et/ou persistante,Restrictions de participation professionnelle,b,4
382,OIC-045-16-B-,Quels sont les grands principes de prise en charge d'un sujet souffrant d'une rachialgie aigue ou chronique?,"RASSURER, ÉDUCATION THÉRAPEUTIQUE, RESTER PHYSIQUEMENT ACTIF","REPRISE DES ACTIVITÉS PROFESSIONNELLES ET SOCIALES, ANTALGIE, KINESITHERAPIE","POURSUITE DES ACTIVITÉS EN LES ADAPTANT À L'INTENSITÉ DE LA DOULEUR, ARRÊT DE TRAVAIL SYSTÉMATIQUE","REPRISE DES ACTIVITÉS PROFESSIONNELLES ET SOCIALES LE PLUS RAPIDEMENT POSSIBLE, ANTALGIE, KINESITHERAPIE",a,4
383,OIC-045-17-A,Quels sont les principes à suivre pour traiter une poussée aigüe de lombalgie ?,"Rester au lit, arrêter tout travail et prendre des médicaments forts.","Rassurer le patient, lui expliquer qu'il faut rester actif, éduquer sur la prévention du passage à la chronicité.",Prescrire un traitement de choc avec des corticoïdes et des antalgiques puissants.,"Laisser faire le temps, sans intervention médicale.",b,4
384,OIC-045-17-A-,Quelles sont les causes extra-rachidiennes des lombalgies ?,Douleurs lombaires d'origine musculaire,"Pathologies vasculaires, urinaires, digestives et gynécologiques",Problèmes de colonne vertébrale uniquement,Douleurs lombaires d'origine neurologique,b,4
385,OIC-045-18-A,Quels sont les signes cliniques d'une sacralgie ?,Douleur localisée en regard du coccyx,"Douleur localisée en regard du sacrum, pouvant irradier vers les fesses et la face postérieure de cuisses",Gêne fonctionnelle : respiration,"Gêne fonctionnelle : marche, station assise",b,4
386,OIC-045-18-A-,Quel est le facteur de risque qui peut contribuer à la subluxation du coccyx ?,obésité,traumatisme,grossesse,tous les précédents,d,4
387,OIC-045-19-B,Quel pourcentage d'adultes a eu au moins une céphalée dans les 12 mois précédents?,25-50%,50-75%,75-90%,90-100%,b,4
388,OIC-045-19-B-,Quelle est la définition de la migraine?,pathologie neurovasculaire liée à des altérations subtiles neuronales et vasculaires,maladie infectieuse du système nerveux,affection musculaire chronique,dysfonction hépatique,a,4
389,OIC-045-20-A,Quels sont les critères pour évaluer une céphalée primaire ?,Durée des crises sans traitement ; nombre de jours de céphalée par mois ; durée des céphalées sans traitement.,"Fréquence de la prise médicamenteuse lors des 3 derniers mois (rechercher un abus), efficacité des traitements.","Symptômes « migraineux » : nausées, vomissements, photo-/phonophobie, pulsatilité.","Antécédents, contexte, déclencheurs, infections, traumas, voyage, situation psychiatrique, répercussion sur le sommeil, le travail, la vie sociale, la scolarité.",a,4
390,OIC-045-21-B-,Quel est le type de douleur caractéristique de la névralgie du trijumeau essentielle ?,Douloureuse continue,"Fulgurante, d'éclair ou décharge électrique",Brûlure continue avec des décharges surajoutées,Douleur aiguë et diffuse,b,4
391,OIC-047-01-A-,Quelles sont les principales causes de douleur de la face ?,"tumorales, infectieuse, inflammatoire, dentaire, osseuse, salivaire, neurologique et vasculaire, manducatrice et idiopathique","neurologique, vasculaire, ORL, buccale, dentaire, articulation temporo-mandibulaire","infectieuse, tumorales, neurologiques, vasculaires","dentaire, osseuse, salivaire, manducatrice",a,4
392,OIC-047-02-B-,Quelle est la description clinique des céphalées d'origine auriculaire?,Otalgie liée directement à une pathologie de l'oreille externe ou moyenne,"Céphalée associée à une douleur auriculaire, liée à une pathologie de l'oreille externe ou moyenne",Otalgie réflexe souvent révélatrice d'un cancer ORL,Douleur projetée sur la tête sans lien avec les oreilles,b,4
393,OIC-047-03-A,Quels sont les examens complémentaires de première intention devant une douleur de la face ?,"Panoramique dentaire, Examen ORL complet et TDM du massif facial et des sinus","Biopsie, Examen ORL complet et Panoramique dentaire","TDM du massif facial et des sinus, Biopsie et Examen ORL complet","Examen ORL complet, TDM du massif facial et des sinus et Panoramique dentaire",d,4
394,OIC-047-03-A-,Quels sont les facteurs favorisants éventuels d'une migraine ?,"Changement climatique, modification des repas et de l'hydratation, effort physique intense et inhabituel.","Émotions négatives, stress et périodes de décontraction, déclencheurs pharmacologiques.","Les vrais déclencheurs sont souvent évidents (alcool, période cataméniale), règles hygiéno-diététiques.",Des comportements d'évitement inutiles de déclencheurs réels ou supposés peuvent diminuer la qualité de vie et même contribuer à augmenter la sensibilité aux déclencheurs et ainsi aggraver la migraine.,a,4
395,OIC-047-04-A,Quels sont les traitements de crise qui confèrent le plus haut risque de céphalée par abus médicamenteux (CAM) ?,Les triptans et les ergotamines,Les opiacés et les antalgiques combinés,Les AINS et les antihistaminiques,Les corticostéroïdes et les anti-inflammatoires non stéroïdiens,b,4
396,OIC-047-04-A-,Quel est le traitement de crise pour les crises légères en initiation de la migraine ?,AINS et triptan,Paracétamol,Bétabloquants,Tricycliques,b,4
397,OIC-047-05-B-,Quel est le type de migraine qui augmente le risque d'infarctus cérébral ?,Migraine sans aura,Migraine avec aura,Toutes les migraines,Aucune des précédentes,b,4
398,OIC-047-06-B,Quel est le diagnostic évoqué par une vidéo d'interrogatoire ?,Migraine,Névralgie du trijumeau,Algies de la face,Tous les trois,d,3
399,OIC-047-06-B-,Quel est le premier signe d'une céphalée chez un enfant en âge de parler ?,Douleur perçue au niveau de la boite crânienne,Accès d'agitation,Tête roulée en tous les sens dans le berceau,Cris stridents,a,4
400,OIC-047-07-A-,Quelle est la cause la plus courante de céphalée brutale ?,Hémorragie sous-arachnoïdienne (HSA),Syndrome de vasoconstriction cérébrale réversible (SVCR),Hémorragie intracérébrale,Dissection des artères cervicales,a,4
401,OIC-047-09-A-,Quels sont les étapes à suivre pour traiter une suspicion de céphalée secondaire ?,"Position allongée, tête à 30°, patient au calme, obscurité si photophobie",Prescrire des antalgiques et un traitement antiémétique,Éviter l’aspirine et les AINS susceptibles d’aggraver une hémorragie,Le traitement étiologique dépend de la cause identifiée par les examens complémentaires,d,4
402,OIC-047-10-A,Quel est le premier examen d'imagerie à réaliser pour une céphalée aiguë brutale ?,Scanner cérébral sans injection,Angioscanner cérébral,IRM cérébrale,PL (prélevement de liquide cérébrospinal),a,4
403,OIC-047-10-A-,Quel est le but principal des traitements de crise pour les céphalées primaires?,Soulager chaque crise,Réduire le nombre de crises,Prévenir les céphalées futures,Diagnostiquer la cause sous-jacente,a,4
404,OIC-047-11-B-,Quel est le signe caractéristique d'une paralysie faciale périphérique (PFP) ?,Effacement du pli nasogénien,Fermeture incomplète de l'œil et bascule du globe oculaire vers le haut,Hypoesthésie cutanée dans la zone de Ramsay-Hunt,Agueusie des deux tiers antérieurs de l'hémi-langue,b,4
405,OIC-047-12-B,Quel est l'objectif de la photographie/vidéo d'une paralysie faciale périphérique (PFP)?,Diagnostiquer une paralysie faciale centrale,Évaluer les symptômes d'une paralysie faciale périphérique,Prévenir la paralysie faciale périphérique,Traiter une paralysie faciale centrale,b,4
406,OIC-047-12-B-,Quel est l'objectif de la photographie/vidéo d'une paralysie faciale centrale?,Évaluer la gravité de la paralysie,Comprendre les causes de la paralysie,Observer les symptômes de la paralysie,Diagnostiquer la paralysie,c,4
407,OIC-047-13-A,Quelle est la cause la plus fréquente de la paralysie faciale a frigore ?,"Une compression du nerf dans sa portion intrapétreuse, en lien avec un processus inflammatoire ou viral.",Un traumatisme crânien qui comprime le nerf.,Le diabète qui affecte les nerfs oculomoteurs.,Une infection bactérienne du ganglion géniculé.,a,4
408,OIC-047-14-A,Quel est le traitement d'une paralysie faciale a frigore ?,Corticothérapie orale et protection oculaire,Seule la corticothérapie orale,Seule la protection oculaire,Aucune prise en charge,a,4
409,OIC-047-14-A-,Quelle est l'évolution la plus fréquente d'une paralysie faciale à froid ?,Récupération en moins de 2 mois,Déficit sévère persistant avec déformation invalidante du visage,Hémispasme facial post-paralytique,Syndrome des « larmes de crocodile »,a,4
410,OIC-047-15-B,Quel est l'objectif de la photographie/vidéo d'un hémispasme facial post-paralytique?,Diagnostiquer une paralysie faciale,Évaluer les symptômes d'une maladie neurologique,Documenter un hémispasme facial post-paralytique,Prévenir la paralysie faciale,c,4
411,OIC-047-15-B-,Quel est l'examens de choix pour une paralysie faciale centrale ?,IRM,Scanner cérébral,Électromyographie,Biopsie du nerf facial,a,4
412,OIC-047-16-A,Quel est l'aspect clinique d'une paralysie faciale unilatérale?,L'immobilité du territoire supérieur et inférieur,L'assymétrie faciale à la mimique,La douleur au visage,La perte de l'odorat,b,4
413,OIC-047-16-A-,Quel est l'objectif de la vidéo sur le site du CEN ?,Montrer les symptômes d'une paralysie faciale,Expliquer les causes d'une éruption vésiculaire,Visualiser les vésicules de la zone de Ramsay Hunt orientant vers une PFP virale zoostérienne,Présenter les traitements possibles pour la paralysie faciale,c,4
414,OIC-047-17-A,Quel est l'objectif de la vidéo sur le site du CEN ?,Montrer les symptômes d'une paralysie faciale,Visualiser l'envahissement parotidien par une tumeur orientant vers une PFP tumorale,Expliquer la cause de la paralysie faciale,Présenter les traitements possibles pour la paralysie faciale,b,2
415,OIC-047-17-A-,Quel est l'objectif principal de visualiser l'anatomie fonctionnelle du nerf facial?,Identifier les causes de la paralysie faciale,"Comprendre l'innervation motrice, sensible et sécretoire du nerf facial",Développer des techniques de rééducation pour la paralysie faciale,Étudier les effets secondaires de la chirurgie faciale,b,4
416,OIC-047-18-A-,Quelle est la caractéristique d'une diplopie binoculaire?,Disparaît à l'occlusion de l'un ou de l'autre œil,Persiste à l'occlusion de l'œil sain et disparaît à l'occlusion de l'œil atteint,Est présente uniquement avec les deux yeux fermés,Ne disparaît pas à l'occlusion de l'un ou de l'autre œil,a,4
417,OIC-047-19-B-,Quels sont les mouvements monoculaires?,Abduction et adduction,Convergence et divergence,Versions,Ductions,d,4
418,OIC-047-20-B,Quelle est la définition d'une tropie (ou strabisme) ?,Déviation des axes visuels.,Problème de vision à longue portée.,Problème de vision à courte portée.,Problème d'audition.,a,4
419,OIC-047-21-A,Quelle est la cause principale d'une paralysie du VI?,Une blessure au nerf optique,Un problème de rétine,Une inflammation des muscles oculaires,Une atteinte des muscles responsables de la motricité oculaire,d,3
420,OIC-047-22-A,Quelle est la cause de la paralysie du VI lors d'une hypertonie intra-crânienne ?,Lésion sur le noyau du VI,Compréhension du VI dans l'angle ponto-cérébelleux,Problème de la rétine,Infection oculaire,b,4
421,OIC-047-23-B-,Quels sont les examens à visée étiologique pour une diplopie binoculaire aiguë récente?,"Examens neuroradiologiques (TDM, IRM, artériographie cérébrale)",Examens oculaires uniquement,Examens généraux de santé,Pas d'examen nécessaire,a,4
422,OIC-047-24-B,Quelle est la cause ophtalmologique de diplopie monoculaire qui peut être due à une atteinte cornéenne?,Iridodialyse traumatique,"Taie cornéenne séquelle d'une kératite ou d'un traumatisme, kératocône, astigmatisme important.",Cataracte nucléaire,Iridodialyse traumatique,b,4
423,OIC-047-24-B-,Quels sont les principaux signes à rechercher dans un cas de diplopie récente ?,Seulement l'interrogatoire,L'interrogatoire et l'inspection,L'inspection et des signes neurologiques associés,Tous les éléments ci-dessus,d,4
424,OIC-047-25-B-,Quel est le type de tremblement qui est présent au repos et disparaît lors de la contraction musculaire et du sommeil?,tremblement cérébelleux,tremblement essentiel,tremblement parkinsonien,tremblement fonctionnel,c,4
425,OIC-047-27-A,Quels sont les signes cliniques de la maladie de Huntington ?,"Mouvements anormaux, troubles psychiatriques et troubles cognitifs",Seuls des mouvements anormaux,Seuls des troubles psychiatriques,Seuls des troubles cognitifs,a,4
426,OIC-047-28-A,Quel est le terme réservé aux mouvements anormaux involontaires induits par la L-dopa dans la maladie de Parkinson ?,Dyskinésies,Mouvements anormaux,Maladie de Parkinson,L-dopa,a,4
427,OIC-047-28-A-,Quels sont les principaux facteurs de risque pour la confusion mentale?,Troubles neurosensoriels,Pathologies psychiatriques chroniques,Consommation d'alcool et de psychotropes,Tous les facteurs mentionnés,d,4
428,OIC-047-29-B,Qu'est-ce qu'une confusion mentale/désorientation?,Une altération durable et acquise d'une ou plusieurs fonctions cognitives et/ou comportementales,Un trouble attentionnel sévère lié à une altération modérée de la vigilance,Une désorganisation de la pensée et des troubles du comportement,Un syndrome défini par une altération durable et acquise d'une ou plusieurs fonctions cognitives et/ou comportementales,c,4
429,OIC-047-30-B,Quelles sont les principales causes non neurologiques de confusion mentale?,"Toxiques, métaboliques, infectieuses","Neurologiques, psychiatriques, traumatiques","Chirurgicales, infectieuses, toxiques","Métaboliques, infectieuses, endocriniennes",a,4
430,OIC-047-30-B-,Quels sont les examens paracliniques systématiques à effectuer dans le cas d'une confusion mentale ?,"hémogramme, ionogramme sanguin, urée, protides totaux, créatininémie avec calcul de la clairance de la créatinine, calcémie ++++, CRP","ECBU, biologie hépatique","ECG, bandelette urinaire (leucocytes, nitrites)",Tous les examens mentionnés ci-dessus,d,4
431,OIC-047-31-B,Quels sont les principes de la prise en charge thérapeutique d'un patient confus ?,Faire des prescriptions d'urgence et traitement de la cause,Éviter toute forme de traitement,Se concentrer uniquement sur le traitement de l'épisode confusionnel,Ne pas prendre en compte les constantes vitales du patient,a,4
432,OIC-047-31-B-,Quelles sont les principales lésions de la maladie d'Alzheimer (MA) ?,"Perte des neurones, accumulation protéine amyloïde","Accumulation protéine tau, perte cellulaire","Accumulation peptide β-amyloïde, dégénérescences neurofibrillaires","Perte des neurones, accumulation protéine amyloïde, accumulation protéine tau",d,4
433,OIC-047-32-A-,Quel est le type de trouble de la mémoire qui caractérise la maladie d'Alzheimer (MA)?,Trouble de l'encodage,Trouble de la consolidation en mémoire épisodique,Trouble de la récupération,Trouble de l'attention,b,4
434,OIC-047-34-A-,Quels sont les objectifs de l'imagerie cérébrale dans le diagnostic d'une démence ou d'une confusion ?,Éliminer une cause non dégénérative et rechercher une atrophie cérébrale,Rechercher uniquement des lésions vasculaires ischémiques et hémorragiques,Diagnostiquer la maladie d'Alzheimer sans examen complémentaire,Évaluer uniquement la présence d'une atrophie corticale ou sous-corticale,a,4
435,OIC-047-35-A,Quel est le caractéristique d'un hématome sous-dural chronique?,collection intraparenchymateuse,collection extraparenchymateuse à contenu liquidien,aspect en « croissant de lune » et souvent unilatéral,hypodense au scanner X cérébral si l’hématome est récent,b,4
436,OIC-047-35-A-,Quelle est la caractéristique principale d'un hématome sous-dural chronique (HSD) sur une tomodensitométrie?,Il apparaît comme un nodule hyperdense,Il présente une collection péri-cérébrale hypo-dense en forme de « croissant de lune »,Il est associé à des zones spontanément hypodenses,Il n'a pas d'effet sur le cerveau,b,4
437,OIC-047-36-B-,Quelles sont les indications de la scintigraphie de perfusion ou de la TEP-FDG dans les troubles neurocognitifs ?,Diagnostic difficile des formes mineures,"Diagnostic difficile de toutes les formes, y compris les formes mineures",Diagnostic difficile uniquement des formes précoce,Diagnostic difficile uniquement des formes sévères,b,4
438,OIC-047-37-B,Quels sont les éléments à prendre en compte lors d'un interrogatoire pour un trouble de la marche ?,"La date de début des troubles, leur mode d'installation et le type de la plainte principale",La sévérité du trouble dans la vie quotidienne,La capacité à monter ou descendre un escalier,Tous les éléments mentionnés ci-dessus,d,4
439,OIC-047-37-B-,Quels sont les éléments à apprécier lors de l'examen de la marche et de l'équilibre ?,"La locomotion, la posture et l'équilibre",La locomotion et le rythme cardiaque,La posture et les réflexes ostéo-tendineux,L'équilibre et les troubles trophiques cutanés,a,4
440,OIC-047-40-A,Quelles sont les causes de l'astasie-abasie ?,Astasie-abasie est causée par une blessure au genou.,"L'astasie-abasie peut être causée par un trouble psychologique, comme le syndrome dépressif ou le syndrome de glissement.",L'astasie-abasie est causée par une maladie du système nerveux central.,L'astasie-abasie est causée par un problème d'équilibre.,b,4
441,OIC-047-41-A,Quelle est la composante motrice du syndrome post-chute ?,La marche est normale et le patient a une bonne équilibre,Le patient a une tendance à la rétropulsion avec impossibilité de passage en antépulsion,Le patient a une anxiété majeure et peur du vide antérieur,Le patient a une bonne mobilité mais est incapable de marcher debout,b,4
442,OIC-047-41-A-,Quel est un indice qui suggère que la marche d'un sujet est d'origine psychogène (conversive) ?,Le début lent et progressif,La disparition du trouble par des manœuvres de distraction,L'inconstance dans le temps,"La modification spontanée du trouble, incompatible avec l'anomalie initialement observée",b,4
443,OIC-048-01-A,Quel est le principal trouble de la marche présenté dans cette vidéo ?,Ataxie,Hypotonie,Spasticité,Dystonie,a,4
444,OIC-048-02-A-,Quelle est la définition d'une dermatose bulleuse auto-immune?,"Une maladie définie par des lésions cutanées à type de bulle, d'érosion post-bulleuse, de décollement en linge mouillé et de signe de Nikolsky.",Une maladie définie par la présence d'immunoglobulines déposées à la jonction dermo-épidermique ou à la surface des kératinocytes.,Une maladie définie par des lésions cutanées le plus souvent bulleuses siégeant sur les muqueuses uniquement.,"Une maladie définie par des lésions cutanées à type de bulle, d'érosion post-bulleuse et de signe de Nikolsky.",b,4
445,OIC-048-03-A,Quelles sont les étapes du diagnostic d'une dermatose bulleuse auto-immune ?,Analyse histologique standard et examen en immunofluorescence indirecte,"Biopsie cutanée, analyse histologique standard et examen en immunofluorescence directe",Examen clinique et biopsie cutanée avec uniquement une analyse histologique standard,Analyse histologique standard et examen en immunofluorescence indirecte,b,4
446,OIC-048-04-A-,Quelles sont les autres étiologies des maladies bulleuses ?,Infection bactérienne uniquement,"Toxidermie, érythème polymorphe bulleux, origine thermique, origine caustique, phytophotodermatose, coup de soleil, piqûre d'insecte, vascularite",Cancer uniquement,Alérgie uniquement,b,4
447,OIC-049-01-A,Quelle est la caractéristique principale d'une lésion bulleuse?,Une éruption cutanée rouge et sèche,Une lésion circulaire avec un fond clair et une bordure bien définie,Une lésion bulleuse tendue à contenu clair,Une plaie ouverte avec des croûtes,c,4
448,OIC-049-01-A-,Quelle est la caractéristique principale de la pemphigoïde bulleuse?,Une dermatose qui touche uniquement les muqueuses internes,Une maladie auto-immune qui affecte la peau et les muqueuses externes,Une infection bactérienne qui provoque des bulles sur la peau,Un type de cancer cutané,b,4
449,OIC-049-02-A-,Quel est le handicap psychique?,lié à une déficience intellectuelle,lié à un trouble psychiatrique,un état physique chronique,une maladie infectieuse,b,4
450,OIC-049-03-B,Quel est l'objectif principal de la prise en charge du handicap psychique?,Aider la personne à se rétablir,Fournir des soins médicaux,Offrir une éducation thérapeutique,Donner un emploi à la personne,a,4
451,OIC-049-03-B-,Quelles sont les trois grandes méthodes permettant aux patients de développer des compétences pour limiter les conséquences des déficiences et limitations d’activité induites par son trouble psychique?,"L’éducation thérapeutique, la remédiation cognitive et l’entraînement aux habilités sociales","La psychothérapie cognitivo-comportementale, la méditation et le yoga","Les thérapies familiales, les groupes de soutien et les activités physiques","L’analyse psychodynamique, l’hypnose et la musicothérapie",a,4
452,OIC-049-04-B-,Quel est le but d'une mesure de protection juridique ?,Aider la personne à réaliser les actes de sa vie civile.,Réprimer les personnes handicapées psychiques.,Les deux précédentes options sont correctes.,Aucune des options précédentes n'est correcte.,a,4
453,OIC-049-05-B,Quelle est la définition de la ménopause selon l'OMS ?,Un arrêt temporaire des menstruations,Un arrêt permanent des menstruations résultant d'une perte de l'activité folliculaire ovarienne,Une période d'aménorrhée consécutive de 12 mois sans cause physiologique ou pathologique évidente chez une femme de moins de 45 ans,Un arrêt des menstruations résultant d'une perte de l'activité folliculaire ovarienne chez une femme de plus de 60 ans,b,4
454,OIC-049-05-B-,Quel est l'âge médian de la ménopause naturelle dans la population européenne?,49 ans,50 ans et 51 ans et demi,52 ans,53 ans,b,4
455,OIC-049-06-B,Quelle est la définition d'une insuffisance ovarienne prématurée (IOP) ?,Une aménorrhée primaire ou secondaire avant l'âge de 40 ans,Une augmentation des gonadotrophines hypophysaires associée à une aménorrhée primaire ou secondaire,Une survenue d'une aménorrhée primaire ou secondaire de plus de 4 mois avant l'âge de 40 ans associée à une augmentation des gonadotrophines hypophysaires,Une aménorrhée primaire ou secondaire de plus de 6 mois avant l'âge de 45 ans sans augmentation des gonadotrophines hypophysaires,c,4
456,OIC-049-06-B-,Quels sont les éléments cliniques positifs qui permettent de poser le diagnostic de ménopause dans sa forme typique ?,aménorrhée d'au moins 12 mois,symptômes climatériques,hystérectomie,contraception oestroprogestative,a,4
457,OIC-049-07-B,Quels sont les principaux symptômes du syndrome climatérique?,Troubles vaso-moteurs et troubles du sommeil,Arthralgies de type inflammatoire associées à un dérouillage matinal,"Perte d'attention, Perte de mémoire",Sécheresse vulvo-vaginale et prise de poids,a,4
458,OIC-049-07-B-,Quels sont les caractéristiques des bouffées vaso-motrices typiques ?,"Elles apparaissent uniquement le jour, elles ne sont pas favorisées par les émotions et les températures élevées.","Elles surviennent au moment de la ménopause, sont essentiellement nocturnes, sans signe prémonitoire et favorisées par les émotions et les températures élevées.","Elles apparaissent uniquement la nuit, elles ne sont pas favorisées par les émotions et les températures élevées.","Elles apparaissent uniquement le jour, elles sont favorisées par les émotions et les températures élevées.",b,4
459,OIC-049-08-B,Quels sont les principaux symptômes fonctionnels du climatère?,"Troubles du sommeil, sueurs nocturnes et sécheresse vulvo-vaginale","Arthralgies, myalgies et prise de poids","Insomnies, asthénie et perte d'attention","Dépression, irritabilité et leucorrhées",a,4
460,OIC-049-08-B-,Quels sont les symptômes vulvo-vaginaux du Syndrome génito-urinaire de la ménopause (SGUM) ?,dyspareunie et douleurs à la miction,"sécheresse, brûlures et irritation",pollakiurie et nycturie,incontinence par urgenturie et infections à répétition,b,4
461,OIC-049-09-A,Le traitement hormonal de la ménopause (THM) permet de corriger la symptomatologie fonctionnelle du climatère et de prévenir les conséquences tissulaires à long terme de la carence estrogénique. Quel est le type d'estrogène humain utilisé en référence pour le THM ?,17α-estradiol,17ß-estradiol,Estrone,Estriol,b,4
462,OIC-049-10-A,Quelles sont les situations qui imposent le choix de la voie d'administration non orale du THM?,L'hypertriglycéridémie,Les femmes avec facteurs de risque thrombo-embolique veineux,L'hypertension artérielle,Toutes les options précédentes,d,4
463,OIC-049-10-A-,La balance bénéfices/risques du THM est considérée comme positive dans les 10 premières années de la ménopause ou avant 60 ans.,faux,vrai,neutre,inconnu,b,3
464,OIC-049-11-A,Quelles sont les mesures hygiéno-diététiques recommandées chez la femme ménopausée ?,Eviter les dépenses énergétiques et augmenter l'apport glucidique,"Augmenter les dépenses énergétiques : activité physique régulière, modérer l'apport glucidique et lipidique, apports suffisants en calcium et vitamine D",Eviter le tabac et augmenter l'apport énergétique lipidique,"Augmenter les dépenses énergétiques : activité physique régulière, modérer l'apport glucidique et éviter l'alcool",b,4
465,OIC-049-12-B,Quel terme est préféré pour désigner l'andropause?,Syndrome de déficit en testostérone lié à l’âge,Andropause,Déficit androgénique lié à l’âge,Insuffisance ovarienne prématurée,a,4
466,OIC-049-12-B-,Qu'est-ce qui se produit avec la fonction testiculaire lors du vieillissement?,Elle augmente,Elle reste stable,La sécrétion de testostérone diminue en raison d'une diminution de l'ensemble de la stéroïdogénèse et de la sécrétion de GnRH.,Elle disparaît complètement,c,4
467,OIC-049-13-B,Quels sont les symptômes cliniques associés à l'andropause?,Troubles de la sexualité,Obésité et syndrome métabolique,Tous les options ci-dessus,Aucun des options ci-dessus,c,4
468,OIC-049-13-B-,Quels sont les diagnostics différentiels à éliminer lorsqu'on évoque un SDT ?,Hypogonadisme iatrogène et vieillissement naturel,"Pathologie thyroidienne, hypogonadisme iatrogène et vieillissement naturel","Adénome hypophysaire, hypogonadisme secondaire et vieillissement naturel","Hypothyroïdie, adénome à prolactine et obésité pathologique",b,4
469,OIC-049-14-B,Quels sont les premiers symptômes du DALA à court terme ?,troubles vasomoteurs,"troubles de la sexualité, troubles de l'humeur et troubles du sommeil",obésité et gynécomastie,ostéoporose et sarcopénie,b,4
470,OIC-049-14-B-,Quelle est la définition clinique de l'hypertrophie bénigne de la prostate (HBP)?,Une atrophie de la prostate,Une hyperplasie stromale et épithéliale de la zone de transition et péri-urétrale de la prostate,Une métastase du cancer de la prostate,Une inflammation de la prostate,b,4
471,OIC-049-15-B,Quel est le diagnostic positif de l'HBP?,Analyse biologique,Toucher rectal,Imagerie médicale,Interrogatoire clinique,b,4
472,OIC-049-15-B-,Quelle complication aiguë de l'Hypertrophie bénigne de la prostate (HBP) doit être évoquée devant une douleur hypogastrique et une impossibilité de miction à l'interrogatoire et la présence d'un globe vésical à l'examen clinique ?,Rétention aiguë d'urine,Infection urinaire,Hématurie macroscopique,Insuffisance rénale aigue,a,4
473,OIC-049-16-A,Quelles sont les complications chroniques de l'Hypertrophie bénigne de la prostate (HBP) ?,"Rétention chronique d'urine, lithiase de stase, insuffisance rénale obstructive, hernie de l'aine","Insuffisance rénale chronique, lithiase urinaire, dysurie, hématurie macroscopique","Rétention d'urine aiguë, insuffisance rénale obstructive, hernie de l'aine, lithiase urinaire","Dysurie, lithiase de stase, hématurie macroscopique, insuffisance rénale chronique",a,4
474,OIC-049-16-A-,Quels sont les symptômes du bas appareil urinaire recherchés lors de l'interrogatoire pour diagnostiquer une HBP ?,"Pollakiurie, dysurie et sensation de miction incomplète","Urgenturie, gouttes retardataires et troubles de la libido","Dysfonction érectile, trouble de la libido et sténose du méat urétral","Pollakiurie diurne et nocturne, urgenturie et dysurie",d,4
475,OIC-049-17-A,Quel est l'objectif principal de la débitmétie dans le bilan d'une HBP ?,Rechercher une hématurie,Objectiver la dysurie,Évaluer la forme de la courbe urinaire,Mesurer le volume uriné,b,4
476,OIC-049-19-A,Quels critères distinguent les troubles neuro-cognitifs mineurs du DSM-5 ?,Les déficits cognitifs n’interfèrent pas avec l’autonomie dans la vie quotidienne.,Le déclin cognitif retentit sur l’autonomie dans les activités quotidiennes.,Les déficits cognitifs ne surviennent pas uniquement dans le contexte d’un délirium.,Les déficits cognitifs ne sont pas mieux expliqués par une autre affection mentale.,a,4
477,OIC-049-20-B,Quel est le type de lésion cérébrale qui peut induire un trouble cognitif léger ou majeur ?,Infarctus stratégique uniquement,Lésions ischémiques ou hémorragiques,Angiopathie amyloïde uniquement,Leuco-encéphalopathie diffuse uniquement,b,4
478,OIC-049-21-B,Quels sont les diagnostics différentiels de la maladie d’Alzheimer et des maladies apparentées ?,Carences vitaminiques,Tumeur intra crânienne,Hydrocéphalie à pression normale,Pathologies endocriniennes,a,5
479,OIC-049-22-B,Quel est l'outil de repérage qui permet d'évaluer la mémoire et l'encodage ?,Mini Mental State Evaluation,Test des 5 mots de Dubois,BREF,Horloge,b,4
480,OIC-049-22-B-,Quels sont les examens biologiques à pratiquer devant un trouble neuro-cognitif ?,"Numération-Formule sanguine (anémie ?), CRP, TSH, Ionogramme sanguin avec calcémie, glycémie à jeun, Albuminémie","SGOT/SGPT, γGT, Sérologies TPHA-VDRL, HIV, Vitamines B12, B9","Ponction lombaire (biomarqueurs de la maladie d'Alzheimer, anticorps anti-neuronaux, protéine 14 3 3, microbiologie ou virologie)",Tous les examens ci-dessus,d,4
481,OIC-049-23-B,Quels sont les éléments clés de la prise en charge initiale d'un patient avec trouble neuro-cognitif?,"interrogratoire, examen clinique","bilan neuropsychologique, bilan biologique et imagerie","plan de soin, annonce du diagnostic","remédiation cognitive, traitements médicamenteux",b,4
482,OIC-049-24-B,Quels sont les symptômes psychologiques et comportementaux associés aux maladies responsables d'un trouble neuro-cognitif?,"Dépression, anxiété, irritabilité","Dysphorie, apathie, exaltation","Irritabilité, désinhibition, idées délirantes",Tous les symptômes listés dans le tableau,d,4
483,OIC-049-25-A,Quels sont les éléments physiopathologiques de la maladie d'Alzheimer ?,Plaques amyloïdes et dégénérescences neurofibrillaires,Activation de la neuroinflammation et perte neuronale,Lésions vasculaires ischémiques diffuses ou lacunaires et micro-hémorragies,Tous les éléments ci-dessus,d,4
484,OIC-049-25-A-,Quels sont les troubles comportementaux observés dans les DFT ?,Troubles du langage,"Troubles du comportement (désinhibition, apathie, impulsivité...)",Syndrome de Parkinson,Troubles du sommeil,b,4
485,OIC-049-26-B,Quels sont les deux objectifs de l'imagerie cérébrale dans le cas d'un trouble neuro-cognitif de découverte récente?,Éliminer une cause curable et obtenir des éléments morphologiques,Obtenir des éléments morphologiques uniquement,Éliminer une cause curable uniquement,Aucun objectif spécifique,a,4
486,OIC-050-03-B,Quels sont les principaux facteurs de risque de dépendance iatrogène liée à l'hospitalisation?,le syndrome d'immobilisation et la confusion aiguë,la dénutrition et les chutes,les effets indésirables des médicaments et l'incontinence urinaire 'de novo',toutes les options précédentes,d,4
487,OIC-050-04-A,Quelles sont les aides financières possibles selon le degré d'autonomie évaluée par la grille GIR ?,Aides financières pour tous les degrés d'autonomie,"Allocation personne âgée (APA) pour GIR 1 à 4, et aides financières au cas par cas pour GIR 5 à 6",Aides financières uniquement pour les personnes en EHPAD,Pas d'aide financière possible,b,4
488,OIC-050-04-A-,Quelle mesure permet à un proche de solliciter l'autorisation du juge pour représenter une personne qui ne peut pas manifester sa volonté ?,Sauvegarde de justice,Habilitation familiale,Curatelle,Tutelle,b,4
489,OIC-050-05-B,Quels sont les dispositifs d’hébergement collectif pour les SA dépendants d’urgence et chroniques ?,EHPAD,EHPA,Résidences autonomie,Accueillant familial,a,3
490,OIC-050-05-B-,La définition OMS de la douleur est : ,une expérience sensorielle,une expérience émotionnelle,une lésion tissulaire réelle ou potentielle,tous les éléments précédents,d,4
491,OIC-050-06-A,Quels sont les types de douleurs selon leur physiopathologie?,"Nociceptive, neuropathique et nociplastique","Inflammatoire, viscéral et musculaire","Chirurgicale, traumatique et infectieuse","Neurologique, psychologique et physiologique",a,4
492,OIC-050-07-B-,Quel est le pourcentage de Français de plus de 18 ans qui déclarent souffrir d'une douleur quotidienne depuis plus de 3 mois?,20%,31%,45%,60%,b,4
493,OIC-050-08-A-,Quelles sont les principales étiologies des douleurs nociceptives?,Douleurs traumatiques et/ou per et postopératoires,"Douleurs mécaniques, liées au mouvement",Douleurs des maladies cancéreuses,Toutes les options précédentes,d,4
494,OIC-050-10-A,Quel est le principal défi dans le diagnostic de la douleur chez les personnes âgées ?,La douleur est souvent sous-estimée et sous-traitée,Les personnes âgées ont une perception de la douleur différente que celle des adultes plus jeunes,Le diagnostic de la douleur chez les personnes âgées est facile à faire,La douleur est souvent présente mais pas signalée par le patient,a,4
495,OIC-050-11-B-,Quelle est la mortalité imputable à l'anesthésie en France depuis les années 1980?,1 décès pour 10 000 anesthésies,1 décès pour 150 000 anesthésies,1 décès pour 200 000 anesthésies,1 décès pour 250 000 anesthésies,b,4
496,OIC-050-12-B,Quels sont les étapes obligatoires avant une intervention programmée nécessitant une anesthésie générale ou locorégionale ?,Consultation pré-anesthésique et visite pré-anesthésique,Moyens nécessaires à la réalisation de la procédure d’anesthésie et surveillance continue après l’intervention,Organisation permettant de faire face à une complication liée à l’intervention ou à l’anesthésie effectuée,Toutes les étapes mentionnées précédemment,d,4
497,OIC-050-12-B-,Quels sont les traitements dont l'adaptation posologique est nécessaire en raison des risques en péri-opératoire ?,Antiagrégant plaquettaire,Anticoagulant,Diurétique,Tous les traitements mentionnés dans le tableau 1,d,4
498,OIC-050-13-A-,"Quels sont les principes, indications et principales complications d'une anesthésie générale?","Principes : anesthésie par inhalation ou injection, indications : chirurgie majeure, complications : troubles respiratoires","Indications : chirurgie mineure, complications : troubles cardiaques","Complications : troubles neurologiques, principes : anesthésie par inhalation ou injection","Principes : anesthésie locale, indications : chirurgie majeure, complications : troubles respiratoires",a,4
499,OIC-050-14-A-,Quel est le mécanisme d'action des anesthésiques locaux lors d'une anesthésie locorégionale?,Ils bloquent les canaux potassiques,Ils inhibent la libération de neurotransmetteurs,Ils bloquent les canaux sodiques voltages dépendants,Ils stimulent l'activité des fibres nerveuses,c,4
500,OIC-050-15-A-,Quels sont les types de douleurs lors du travail ?,Viscérale uniquement,Somatique uniquement,Viscérale et somatique,Aucun type de douleur,c,4
501,OIC-050-16-B-,Qu'est-ce que la chirurgie ambulatoire ?,Une opération qui nécessite une nuit d'hébergement au bloc opératoire.,Un acte chirurgical réalisé dans un bloc opératoire avec anesthésie et sortie le jour même.,Une intervention médicale effectuée à domicile sans anesthésie.,Une chirurgie qui nécessite une hospitalisation de plusieurs jours.,b,4
502,OIC-050-17-A,Quels sont les groupes d'enfants atteints d'une maladie grave engageant le pronostic vital ?,Groupe 5 : Nouveau-nés dont l'espérance de vie est très limitée.,Groupe 6 : Membres d’une famille ayant perdu un enfant,"Les enfants atteints d'une maladie grave engageant le pronostic vital, que la vie soit limitée ou menacée",Les enfants atteints d'une maladie grave mais sans risque de mort prématurée,c,4
503,OIC-051-01-A,Qu'est-ce qu'une maladie infectieuse transmissible?,Une maladie causée par un agent infectieux,Une maladie qui ne se transmet pas entre individus,Une maladie qui est contagieuse et causée par un agent infectieux,Une maladie qui n'est pas causée par un agent infectieux,c,4
504,OIC-051-02-B,Quelle est la principale structure chargée de la surveillance des maladies infectieuses en France ?,Santé Publique France,Les Agences Régionales de Santé (ARS),Les Centres Nationaux de Référence (CNR),Les réseaux de surveillance nationaux,a,4
505,OIC-051-02-B-,Quel est le rapport entre le nombre de personnes atteintes d'une maladie dans une population à un moment donné et l'ensemble de cette population?,Incidence,Prévalence,Taux d'attaque,Nombre de reproduction de base (R0),b,4
506,OIC-051-03-A,Quelle est la formule de calcul de la sensibilité (Se) d'un examen diagnostique?,a/(a + b),d/(c + d),a/(a + c),b/(b + d),c,4
507,OIC-051-03-A-,Quelles sont les 4 principales missions de Santé Publique France en matière de maladies infectieuses ?,"Surveillance, veille, alerte et gestion des situations de crise","Veille sanitaire, surveillance épidémiologique, prévention et lutte contre les maladies","Surveillance, veille, alerte et prévention","Veille, alerte, gestion des situations de crise et prévention",a,4
508,OIC-051-04-B,Quels sont les éléments nécessaires à la transmission d'une maladie infectieuse ?,Un réservoir et un vecteur,"Un agent infectieux, un réservoir et un hôte",Un vecteur et une source,Une source et un hôte,b,4
509,OIC-051-04-B-,Quels sont les modes de transmission des maladies infectieuses ?,Contact direct et gouttelettes,Gouttelettes et air,Environnement et vecteurs vivants,Transmission verticale et horizontale,d,4
510,OIC-051-05-B,Quel est le mode de transmission horizontale directe d'une personne à une autre ?,"Par contact direct ou indirect via le toucher, la salive, un rapport sexuel, une effraction cutanée, la transfusion ou l’exposition au sang ou à des liquides biologiques.",Par les soins de santé,Par les aliments d'origine animale,Par les vecteurs vivants,a,4
511,OIC-051-05-B-,Quels sont les deux principaux acteurs impliqués dans le processus de déclaration obligatoire ?,"les médecins, les biologistes et les patients concernés",les médecins inspecteurs des Agences Régionales de Santé et les épidémiologistes de Santé Publique France,"les déclarants, les médecins inspecteurs des Agences Régionales de Santé et les patients concernés","les biologistes, les médecins et les épidémiologistes de Santé Publique France",b,4
512,OIC-051-06-A,Quels sont les objectifs des Centres nationaux de référence (CNR) en France ?,Seulement l'expertise et le conseil scientifique.,"L'expertise, le conseil scientifique, la surveillance épidémiologique et l'alerte immédiate.",La réalisation des analyses nécessaires à la surveillance des agents pathogènes uniquement.,Seulement l'animation d'un réseau de laboratoires.,b,4
513,OIC-051-06-A-,Quels sont les exemples de contrôle des réservoirs ou de leur porte de sortie ?,"Utilisation d'un préservatif, éviction scolaire ou d'une collectivité, arrêt de travail, isolement géographique des porteurs dans le cadre des précautions complémentaires lors de soins.","Hygiène des mains et hygiène respiratoire en collectivité, hygiène domestique, qualité et sécurité des soins.","Hygiène alimentaire, contrôle vétérinaire, lutte antivectorielle, entretien et stérilisation des dispositifs médicaux lors des soins.","Contrôle des portes d'entrée, prophylaxie médicamenteuse après exposition à l'agent infectieux, immunisation passive, vaccinations.",a,4
514,OIC-056-01-A,"Quel est le but des mesures d'éviction dans les collectivités d'enfants, crèches et établissements d'enseignement et d'éducation?",Exclure les personnes en bonne santé,Protéger les autres contre les maladies transmissibles,Faire respecter les règles de sécurité,Réduire la fréquentation des collectivités,b,4
515,OIC-056-01-A-,Quel est l'un des principaux objectifs du réseau Sentinelles ?,Développer des outils de prévention épidémique,Constituer des bases de données en médecine générale et pédiatrie,Mettre en place d'études cliniques et épidémiologiques,Fournir des soins médicaux aux patients,b,4
516,OIC-056-02-A,Quels sont les types de prothèses valvulaires?,"Prothèses mécaniques, biologiques et percutanées","Prothèses mécaniques, biologiques et homogreffes","Prothèses mécaniques, biologiques et xénogreffes","Prothèses mécaniques, percutanées et homogreffes",a,4
517,OIC-056-03-A,Quel est l'objectif du suivi clinique chez le médecin traitant des porteurs de prothèses valvulaires ?,Évaluer les résultats de la chirurgie,Rechercher des signes cliniques cardiologiques et d'infections,Suivre l'évolution du patient sans examen complet,Effectuer un suivi radiologique systématique,b,4
518,OIC-056-03-A-,Quels sont les germes responsables des EI précoces (<1 an après l'implantation) ?,Staphylocoques (Coagulase négative ou Aureus),"Streptocoque, Entérocoque",Bacilles à Gram positifs,Fournilés à Gram négatifs,a,4
519,OIC-056-04-A,Quel type de prothèse mécanique a un risque thrombotique faible ?,"Prothèse en position mitrale, tricuspide ou pulmonaire",Prothèse à double ailette à risque non-faible,Prothèse en position aortique de type Medtronic-Hall® (Valve à disque),Toutes les prothèses mécaniques,c,4
520,OIC-056-04-A-,Quelles sont les deux principales origines des désinsertions de prothèse valvulaire?,Infection et calcification,Suture et fuite paravalvulaire,Endocardite et régurgitation,Choc cardiogénique et hémolyse,b,3
521,OIC-056-05-A-,Quelle est la prévalence des IOA chez les enfants en France?,10/100 000,22/100 000,80/100 000,90/100 000,b,4
522,OIC-056-07-B,Quels sont les signes généraux d'une IOA aiguë chez l'enfant?,Fièvre constante,Douleur articulaire,Hyperthermie inconstante,Absence de fièvre,c,4
523,OIC-056-07-B-,Quel est l'examen d'imagerie le plus précis pour diagnostiquer une spondylodiscite ?,Radiographie conventionnelle,Echographie,IRM,Imagerie fonctionnelle,c,4
524,OIC-056-08-B,Quelles sont les indications de la ponction articulaire?,"Chez l'enfant, elle est pratiquée par un chirurgien au bloc opératoire et sous anesthésie générale.","La ponction articulaire est un examen clé à faire en urgence devant toute arthrite aiguë, avant toute antibiothérapie.","Chez l'adulte, elle peut être écho- ou radio-guidée pour les articulations profondes.",La ponction articulaire n'est pas nécessaire en cas de douleur articulaire.,b,4
525,OIC-056-08-B-,Quelles sont les indications chirurgicales dans les infections ostéo-articulaires (IOA) de l'enfant ?,Toutes les formes d'arthrite aiguë,"Les arthrites septiques, les ostéites chroniques et les formes compliquées",Seulement les ostéomyélites avec abcès périosté,Aucune indication chirurgicale n'est nécessaire,b,4
526,OIC-056-09-B,Quel est l'objectif principal de la prise en charge urgente hospitalière dans les cas d'arthrite septique?,Diagnostiquer la cause sous-jacente,Limiter le risque de complications,Administrer des traitements conservateurs,Effectuer une chirurgie immédiate,b,4
527,OIC-056-09-B-,Quel est le plus souvent touché par l'arthrite septique aiguë ?,Genou et hanche,Cheville et épaule,Épaule et poignet,Membre supérieur et membre inférieur,a,4
528,OIC-070-01-A,Quels sont les complications possibles d'une arthrite septique aiguë ?,"Sepsis, choc septique",Abcès des parties molles adjacentes,Ostéite de contiguïté,Destruction articulaire avec séquelles fonctionnelles,a,4
529,OIC-070-01-A-,Quel est le rôle de la ponction articulaire dans le traitement des arthrites septiques ?,Elle est utilisée pour diagnostiquer l'infection,Elle est utilisée pour éliminer les débris et les bactéries de l'articulation,Elle n'est pas nécessaire dans le traitement des arthrites septiques,Elle est utilisée pour administrer les antibiotiques,b,4
530,OIC-070-02-B,Quelle est l'action à prendre en cas de suspicion d'infection disco-vertébrale ?,Antibiothérapie probabiliste,Prise en charge urgente hospitalière,Attente pour confirmation diagnostique,Traitement chirurgical immédiat,b,4
531,OIC-070-03-B-,Quel examen complémentaire est demandé systématiquement à la recherche d’une atteinte discale inflammatoire avec érosion en miroir des plateaux vertébraux adjacents ?,IRM,Scanner,Scintigraphie osseuse,Echographie cardiaque,a,4
532,OIC-070-04-B,Quelle est la localisation la plus courante des ostéomyélites aiguës chez l'enfant?,Membres supérieurs,Membres inférieurs dans plus de 50% des cas,Bassin et pied,"Os longs, pied et bassin",b,4
533,OIC-070-04-B-,Quelle est la cause principale des infections ostéo-articulaires (IOA) ?,Une blessure ou une opération chirurgicale,Un virus ou une bactérie,Un changement climatique,Une mauvaise alimentation,b,4
534,OIC-070-05-A-,Quelle est la définition d'une bactériémie ?,Présence de champignons dans le sang,Présence de bactéries dans le sang détectables dans un flacon d'hémocultures,Présence de virus dans le sang,Présence de parasites dans le sang,b,4
535,OIC-070-06-A,Quelle est la fréquence des bactériémies chez les patients hospitalisés ?,5%,10%,1%,20%,c,4
536,OIC-070-06-A-,Quels sont les éléments d'orientation pour déterminer le site infectieux et les localisations septiques secondaires en cas de sepsis ou de choc septique ?,Les résultats des hémocultures,"Les données cliniques, notamment l'examen physique et l'interrogatoire complet",L'imagerie médicale uniquement,La recherche de localisations métastatiques cutanées uniquement,b,4
537,OIC-070-07-B-,Quel est l'agent infectieux le plus fréquent à l'origine des fongémies ?,Candida albicans,Cryptococcus sp.,Aspergillus,Malassezia,a,4
538,OIC-070-08-B-,Quel pourcentage de la population générale porte naturellement Staphylococcus aureus?,20%,30%,50%,80%,b,4
539,OIC-070-09-A,Quelles sont les exceptions à la règle de prélever des examens à visée microbiologiques avant antibiothérapie ?,Purpura fulminans et patient présentant un état de choc septique ou une méningite bactérienne,Patient présentant un état de choc septique ou une méningite bactérienne uniquement,Purpura fulminans uniquement,Aucune exception à la règle,a,4
540,OIC-070-10-B,Quel est l'examen complémentaire recommandé pour une bactériémie due à Staphylococcus aureus ?,Échocardiographie systématique,ECBU +/- imagerie abdominale,Imagerie abdominale,Radiographie de thorax +/- ponction lombaire,a,4
541,OIC-070-10-B-,Quelle est la valeur de procalcitonine qui rend peu probable l'existence d'une bactériémie/fongémie?,"0,25 ng/ml","0,5 ng/ml",1 ng/ml,2 ng/ml,a,4
542,OIC-073-01-A,Quel est le principe général de la prise en charge thérapeutique probabiliste d'une bactériémie/fongémie ?,Hospitalisation indispensable,Antimicrobien = urgence thérapeutique,Choix de l’antimicrobien : '''probabiliste en fonction de la porte d’entrée suspectée cliniquement''',"Les associations (bithérapie) ont des indications limitées, principalement pour élargir le spectre",c,4
543,OIC-073-01-A-,Quel est le traitement recommandé pour une bactériémie due à Staphylococcus aureus sensible à la méticilline (SASM) ?,Vancomycine,Pénicilline M ou céfazoline,Céphalosporine de 3ème génération,Fluconazole,b,4
544,OIC-073-02-A-,Quels sont les cas où le contrôle chirurgical ou radio-interventionnel de la source infectieuse est indispensable ?,Tous les cas mentionnés,Seuls les cas d'urgence abdominale et de pyélonéphrite aigue bloquée,"Les cas d'endocardite compliquée, d'arthrite avec sepsis/choc septique ou bactériémie persistante et de fasciite nécrosante",Aucun des cas mentionnés,c,4
545,OIC-073-03-B,Quelle est la recommandation pour le suivi d'une bactériémie à Staphylococcus aureus?,Hémocultures à 24h d'antibiothérapie,Hémocultures à 48h d'antibiothérapie,Hémocultures à 72h d'antibiothérapie,Hémocultures à 96h d'antibiothérapie,b,4
546,OIC-073-03-B-,Quels sont les éléments à intégrer pour évaluer le risque d’agent infectieux résistant chez un patient présentant une infection liée aux soins ?,Durée d’hospitalisation,"Pression de sélection par antibiothérapie préalable (durée, spectre)",Présence de matériel implanté,Toutes les options sont correctes,d,4
547,OIC-073-04-A,Quels sont les critères à surveiller pour évaluer l'évolution d'une bactériémie/fongémie sous traitement ?,Apyrexie en 3-5 jours,Surveillance de la tolérance du traitement,Suivi des hémocultures sous traitement systématique si bactériémie à ''Staphylococcus aureus'',Tous les critères mentionnés sont corrects,d,4
548,OIC-073-04-A-,"Quel est le type d'infection urinaire qui se caractérise par une infection du réservoir et de la muqueuse vésicale, sans fièvre ?",cystite,pyélonéphrite,infection urinaire simple,infection urinaire à risque de complication,a,4
549,OIC-073-05-B,Quel est le principal agent pathogène à l'origine des infections urinaires communautaires ?,E. coli,Staphylococcus saprophyticus,Proteus mirabilis,Klebsiella,a,4
550,OIC-073-06-B,Quels sont les examens d'imagerie recommandés pour une pyélonéphrite aiguë simple en première intention ?,Uro-TDM ou échographie des voies urinaires,IRM et cystoscopie,Cystographie rétrograde et scintigraphie,Bilan urodynamique et débitmétrie urinaire,a,4
551,OIC-073-06-B-,Quel est l'intérêt principal de la bandelette urinaire (BU) dans le diagnostic des infections urinaires (IU) ?,Confirmer ou écarter formellement une IU,Orienté vers une IU en fonction du contexte clinique,Déterminer la cause sous-jacente de l'IU,Évaluer la gravité de l'IU,b,4
552,OIC-073-07-B-,Qu'est-ce que la colonisation urinaire ?,Une infection urinaire symptomatique,La présence d'une bactérie dans les urines en l'absence de tout symptôme,Un traitement médical pour les infections urinaires,Un examen de contrôle pour les patients diabétiques,b,4
553,OIC-073-08-B,Quels sont les symptômes fréquents d'une cystite aiguë ?,"pollakiurie, urgenturies et incontinence","dysurie, hématurie et pyurie","brûlures mictionnelles, discrète hématurie et ténesme vésical",douleur lombaire fébrile et symptômes du bas appareil urinaire,c,4
554,OIC-073-08-B-,Quels sont les critères de gravité d'une pyélonéphrite aiguë?,Douleur lombaire unilatérale fébrile,Irradiation de la douleur et obstacle des voies urinaires,"Sepsis, choc septique, qSOFA 2 ou 3, nécessité d'un drainage des urines rénales",Nausées ou vomissements liés à un iléus réflexe,c,4
555,OIC-073-09-B,Quel est le taux de guérison clinique atteint grâce à l'antibiothérapie pour les cystites simples à 1 mois ?,58%,90%,50%,100%,b,4
556,OIC-073-09-B-,Quelle est la durée du traitement antibiotique de première intention pour une pyélonéphrite aiguë simple ?,5 jours,7 jours,10 jours,14 jours,b,4
557,OIC-074-01-A,Quels sont les critères de risque de complication d'une pyélonéphrite aigüe chez l'adulte ?,âge (+65 ans avec au moins 2 critères de Fried; + 75 ans),"homme, grossesse, anomalie de l'appareil urinaire, âge (+65 ans avec au moins 2 critères de Fried; + 75 ans), immunossuppression, insuffisance rénale (DFG < 30 ml/mn)","obstacle, nécessité de drainage des urines, sepsis, choc septique, qSOFA 2 ou 3","colonisation à BLSE < 3 mois, amoxicilline-acide clavulanique ou C2-3G < 3 mois, fluoroquinolone < 3 mois, hospitalisation < 3 mois, vie en institution de long séjour, voyage en zone d'endémie de BLSE (sud de l'Europe, bassin méditerranéen, Moyen-Orient, Inde, Asie du sud est)",b,4
558,OIC-074-01-A-,Quels sont les éléments cliniques fondamentaux pour le diagnostic positif de l’infection urinaire masculine (IUM) ?,La présence de fièvre et la survenue d’une symptomatologie chronique,La présence de fièvre +/- associée à des frissons et la survenue d’une symptomatologie aiguë,La présence de symptômes du bas appareil urinaire (SBAU) préexistant et la survenue d’une symptomatologie chronique,"La présence de fièvre +/- associée à des frissons, la survenue d’une symptomatologie aiguë et les SBAU de la phase de remplissage",b,4
559,OIC-074-02-B,"Quelle est la durée de traitement recommandée pour les infections urinaires masculines en cas d'utilisation de fluroroquinolones, de C3G IV ou de cotrimoxazole?",14 jours,21 jours,7 jours,28 jours,a,4
560,OIC-074-02-B-,Quel est le diagnostic de la cystite aiguë gravidique ?,Leucocyturie < 10^4/mL et bactériurie < 10^3 UFC/mL pour E. coli ou Staphylococcus saprophyticus,Leucocyturie ≥ 10^4/mL et bactériurie ≥ 10^3 UFC/mL pour E. coli ou Staphylococcus saprophyticus,"Leucocyturie < 10^4/mL et bactériurie < 10^3 UFC/mL pour les autres entérobactéries, entérocoques, Corynebacterium urealyticum, P. aeruginosa et S. aureus","Leucocyturie ≥ 10^4/mL et bactériurie < 10^3 UFC/mL pour les autres entérobactéries, entérocoques, Corynebacterium urealyticum, P. aeruginosa et S. aureus",b,4
561,OIC-074-06-B,Quels sont les facteurs favorisant l'infection urinaire chez l'enfant?,Immaturité avec anomalie de la vidange vésicale,Prédisposition génétique,Fait d'être une fille,Fait d'avoir un système immunitaire faible,a,4
562,OIC-074-06-B-,Quels sont les principaux sites d'infection pour la gonococcie ?,Seul l'urètre,"Le col et le vagin, ainsi que l'urètre",L'oropharynx et l'anorectite,Les deux options b et c sont correctes,d,4
563,OIC-074-08-A,Quels sont les tests proposés systématiquement pour les partenaires d'une personne infectée par une IST ?,"Sérologie VIH, test tréponémique et PCR urinaire","PCR pharyngée et anale, sérologie d'hépatite B et PCR génitale","Sérologie VIH, test tréponémique, PCR urinaire et PCR génitale","Sérologie d'hépatite B, PCR pharyngée et anale, sérologie VIH",c,4
564,OIC-074-08-A-,Quelle est la cause de l'ulcération génitale décrite comme « ulcérations superficielles douloureuses à contours polycycliques » ?,Herpès,Chance syphilitique,Chancre mou,Donovanose,a,4
565,OIC-074-09-A,Quel est le type de lésion décrit dans la photographie ?,Lésions millimétriques douloureuses post vésiculeuses à bordure inflammatoire du gland,Lésions géantes et non douloureuses sans bordure inflammatoire,Lésions petites et non douloureuses avec bordure inflammatoire,Lésions vésiculeuses douloureuses sans bordure inflammatoire,a,4
566,OIC-074-09-A-,Quel est le caractère principal d'un chancre syphilitique?,Il est douloureux,Il est indolore et induré,Il est fibrineux,Il est ulcéré,b,4
567,OIC-074-10-B,Quels sont les signes cliniques de l'urétrite masculine?,Prostatite,Orchiépididymite,"Ecoulement urétral, dysurie, douleurs urétrales et prurit urétral","Méatite, voire balanite",c,4
568,OIC-074-11-A,Quels sont les signes cliniques d'une infection génitale basse chez la femme ?,Leucorrhée et pesanteur pelvienne,Signe d'urétrite associée et col +/- inflammatoire et écoulement à l'orifice cervical,"Prurit, dyspareunie et vulve œdématiée",Tous les signes mentionnés précédemment,d,4
569,OIC-074-11-A-,Quels sont les signes cliniques d'une salpingite chez la femme?,Douleurs abdominales et fièvre,"Douleurs pelviennes, métrorragies et leucorrhées",Inflammation de l'endometre avec douleur au toucher vaginal,Tous les signes mentionnés précédemment,d,4
570,OIC-074-12-A,"Quelle est la cause de l'infection génitale basse chez la femme caractérisée par des leucorrhées blanches, caillebottées et grumeleuses ?",Gonocoque,Chlamydiose,Candidose,Vaginose bactérienne,c,4
571,OIC-074-13-A,Quels sont les symptômes de la chlamydiose chez le nouveau-né ?,kératoconjonctivite et pneumopathie,anorectites asymptomatiques,polyarthrite aiguë ou subaiguë réactionnelle,péri-hépatite,a,4
572,OIC-074-13-A-,Quels sont les examens complémentaires à réaliser en cas d'IST ?,"Sérologies : VIH, VHB, test tréponémique +/- test non tréponémique","PCR : Gonocoque et chlamydia (sur 1er jet urinaire, écoulement urétral, auto-prélévement vaginal, pharyngé et anal selon les pratiques sexuelles)","Culture : systématique pour le gonocoque, écoulement urétral, auto-prélévement vaginal, selon la symptomatologie",Examen du col de l'utérus si condylome chez la patiente ou son conjoint,a,4
573,OIC-074-14-A,Quels sont les tests qui doivent être effectués systématiquement pour toute IST ?,"Sérologie VIH, Test tréponémique et PCR urinaire ou génitale","PCR pharyngée et anale, Sérologie d'hépatite B et Vaccination préventive",Doxycycline 200mg/J pendant 7 jours + Ceftriaxone 1g en dose unique,"Benzathine pénicilline G DU IM 2,4 millions d’unités et PrEP contre le VIH",a,4
574,OIC-074-14-A-,Quels sont les explorations à réaliser en cas d'infection génitale haute chez la femme ?,"CRP, NFS et prélèvement avec pose de speculum pour examen direct + culture standard + PCR 'Neisseria gonorrhoeae' et 'Chlamydia trachomatis'",Prélèvement chirurgicaux ou radioguidés si infection compliquée,Examens de sang complets,Imagerie par résonance magnétique (IRM),a,4
575,OIC-074-15-A,Quel est le traitement recommandé pour une infection probabiliste à gonocoque et à chlamydia ?,"Ceftriaxone dose unique IM ou IV 1000 mg, Doxycycline 200 mg PO 7 jours",Doxycycline 200 mg PO 7 jours uniquement,Ceftriaxone dose unique IM ou IV 1000 mg uniquement,Azithromycine 1g dose unique uniquement,a,4
576,OIC-074-15-A-,Quel est le diagnostic de condylome ?,Diagnostic biologique uniquement,Diagnostic clinique et biologique,Diagnostic clinique uniquement,Pas de diagnostic spécifique,c,4
577,OIC-074-16-A,Quel est le traitement recommandé pour la gonococcie ?,Ceftriaxone dose unique IM ou IV 1000 mg,Doxycycline per os 200mg pendant 7 jours,"Benzathine pénicilline G DU IM 2,4 millions d’unités",Métronidazole per os 2g dose unique ou 500 mg 2x/j 7 jours,a,4
578,OIC-074-17-A,Quelles sont les modalités de prévention des IST ?,Seuls les préservatifs protègent contre les IST.,"La vaccination préventive est nécessaire pour l'HPV, l'hépatite B et l'hépatite A chez les hommes ayant des rapports sexuels avec des hommes.","Seuls les préservatifs protègent contre les IST, et la vaccination préventive n'est pas nécessaire.","La vaccination préventive est nécessaire pour l'HPV, l'hépatite B et l'hépatite A chez tous les individus.",b,4
579,OIC-074-17-A-,Quels sont les signes cliniques d'une syphilis précoce ?,Fever et céphalée,"Chancre unique, ADP satellite non inflammatoire",Syphilides papuleuses et roséole syphilitique,Poly-ADP et fébricule,b,4
580,OIC-074-18-A,Quelles sont les formes cliniques de syphilis tertiaire ?,Syphilis gommeuse et cardiovasculaire,Syphilis osseuse et neurosyphilis tertiaire,Tabés et syphilis cardiovasculaire,Toutes les options précédentes sont correctes,d,4
581,OIC-074-18-A-,Quelles sont les caractéristiques des syphilides papuleuses ?,Sont toujours présentes sur le tronc,"Sont monomorphes et cuivrées, avec un nombre et une localisation variable",Ne sont pas contagieuses,Apparaissent uniquement chez les femmes,b,4
582,OIC-074-19-A,Quelle est la caractéristique principale de l'éruption cutanée au stade de syphilis secondaire ?,Elle se présente sous forme de pustules,Elle se manifeste par des plaques rouges et des ulcères,Elle est caractérisée par des lésions cutanées en forme d'anneau,Elle se présente sous forme de papules blanches,b,4
583,OIC-074-20-A,Quel est le traitement recommandé pour la syphilis primaire chez un patient non allergique à la pénicilline ?,Doxycycline pendant 14 jours,"Benzathine pénicilline G dose unique IM 2,4 millions d’unités",Azithromycine pendant 5 jours,Ciprofloxacine pendant 7 jours,b,4
584,OIC-074-20-A-,Quel est le traitement de la syphilis secondaire précoce si l'on est allergique à la pénicilline ?,"Benzathine pénicilline G dose unique IM 2,4 millions d’unités",Doxycycline 14 jours,"Benzathine pénicilline G dose unique IM 2,4 millions d’unités et doxycycline 28 jours","Rien, car la syphilis secondaire précoce est une maladie bénigne",b,4
585,OIC-074-21-A,Quelles sont les manifestations cliniques liées au HPV?,Condylomes acuminés,Condylomes plans,Néoplasie intra épithéliale (NIE),Toutes les options ci-dessus sont correctes,d,4
586,OIC-074-22-B,Quel est l'agent responsable de la trichomonose ?,Trichomonas vaginalis,Sarcoptes scabiei hominis,Phtirius inguinalis,Une bactérie,a,4
587,OIC-074-22-B-,Quel est le type d'examen complémentaire à réaliser pour le diagnostic de la trichomonose ?,PCR,Prélèvement bactériologique,Sérologie,Examen direct ou PCR,d,4
588,OIC-074-23-B,Quel est le traitement recommandé pour une infection non compliquée à Chlamydia trachomatis ?,Doxycycline per os 200mg pendant 7 jours,Azithromycine 1g dose unique,Ceftriaxone dose unique IM ou IV 1000 mg,Gentamycine dose unique,b,4
589,OIC-074-23-B-,Quelles sont les principales conséquences à long terme des IST chez la femme?,Cancer du col de l'utérus,Grossesse extra-utérine,Stérilité tubaire,Tous les choix ci-dessus,d,5
590,OIC-074-24-A-,Quel est le type de condylome représenté dans la photographie ?,Condylome acuminé,Condylome non-acuminé,Condylome à cellules basales,Condylome à cellules squameuses,a,4
591,OIC-074-25-B,Quels sont les deux types cliniques d’exanthèmes érythémateux?,maculeux et papuleux,maculo-papuleux et vésiculo-pustuleux,érythémateux et maculaires,scarlatiniformes et morbilliformes,d,4
592,OIC-074-25-B-,Quel est l'exanthème fébrile qui nécessite une urgence vitale immédiate ?,purpura fulminans,fasciite nécrosante,syndrome toxinique,dermo-hypodermite,a,4
593,OIC-074-26-B,Quel est le premier pas à suivre lorsqu'on suspecte un exanthème fébrile chez un enfant ?,Rechercher une urgence,Caractériser l'éruption,Rechercher les éléments anamnestiques associés,Rechercher les éléments cliniques associés,a,4
594,OIC-074-26-B-,Quel est le type de virus qui cause la rougeole?,virus à ADN,virus à ARN,bactérie,champignon,b,4
595,OIC-075-01-A,Quel est le type de virus responsable de la rubéole?,virus à ADN,virus à ARN,bactérie,champignon,b,4
596,OIC-075-01-A-,Quel est le type de transmission du parvovirus B19?,transplacentaire,"voie respiratoire (salive, gouttelettes)",contact direct avec les larmes,morsure d'insecte,b,4
597,OIC-075-02-A,Quel virus est responsable de la roséole?,HHV6,Rubivirus,Parvovirus B19,Cytomegalovirus,a,4
598,OIC-075-02-A-,Quel est l'âge de prédilection de la primo-infection à EBV?,Enfance,Adolescence,Adulte,Tout âge,b,4
599,OIC-075-03-B,Quel est le type de toxine érythrogène responsable de la scarlatine?,a,b,c,d,a,1
600,OIC-075-03-B-,Quel est le diagnostic repoussant sur un faisceau d'arguments ?,a,b,c,d,a,1
601,OIC-075-04-B,Quel est le type de virus responsable de la varicelle?,Coronavirus,Varicella Zoster Virus (VZV),Adénovirus,Rhinovirus,b,4
602,OIC-075-05-B,Quelles sont les principales causes de diarrhées chez l'adulte ?,"infectieuses, fonctionnelles et médicamenteuses","fonctionnelles, médicamenteuses et inflammatoires","infectieuses, médicamenteuses et autres","fonctionnelles, inflammatoires et tumorales",c,4
603,OIC-075-05-B-,Quels sont les critères d'hospitalisation pour une diarrhée infectieuse?,âge < 3 mois,perte de poids ≥10% chez l'enfant ou 8% chez l'adulte,vomissements incoercibles,tous les critères ci-dessus,d,5
604,OIC-075-06-A,Quel est l'agent pathogène le plus susceptible d'être responsable d'une diarrhée aiguë infectieuse dans un contexte humanitaire ?,Vibrio cholera,Salmonella enterica non Typhi,Campylobacter spp,E. coli EHEC,a,4
605,OIC-075-07-B,Quels sont les parasites les plus fréquemment retrouvés dans les cas de diarrhées parasitaires ?,Giardia intestinalis et Cryptosporidium spp.,Amoeba et Cyclospora,Ascaris et Trichuris,Ténia et Ankylostoma,a,4
606,OIC-075-07-B-,"Quel examen complémentaire est indiqué en cas de diarrhée aigüe fébrile, notamment si TIAC, signes de gravité, retour des tropiques et chez l'immunodéprimé ?",Coproculture,Examen parasitologique des selles,Recherche de toxines de C. difficile,Hémocultures,a,4
607,OIC-075-08-A-,Quels sont les principaux examens complémentaires évaluant le retentissement dans un cas de diarrhée infectieuse ?,"Ionogramme sanguin, créatininémie, NFS","Gaz du sang avec lactates, évaluation des dysfonction d'organe","Biopsie digestive, IRM cérébrale","Analyse de la flore intestinale, dosage de l'albumine",a,4
608,OIC-075-09-A,Quelles sont les indications de l'examen endoscopique (rectosigmoïdoscopie/colonoscopie) ?,Diarrhées aiguës chez tous les patients,Diarrhées persistantes sans cause identifiée malgré le bilan précédent ou en cas d'immunodépression,Examens de routine pour tous les adultes,Seuls les patients âgés peuvent bénéficier de cet examen,b,4
609,OIC-075-09-A-,Quel est le principal risque de la diarrhée aiguë chez l'enfant?,La déshydratation,La dénutrition,Les vomissements,L'hyperthermie,a,4
610,OIC-075-10-A,Quel est le premier objectif de la prise en charge symptomatique de la diarrhée chez l'adulte?,Réduire l'intensité de la diarrhée,Corriger ou prévenir la déshydratation,Utiliser des médicaments anti-inflammatoires,Faire une transfusion sanguine,b,4
611,OIC-075-11-A,Quels sont les éléments de prévention d'une diarrhée infectieuse ?,"Se laver les mains avant et après les repas, consommer de l'eau traitée ou minérale.","Consommer des aliments crus et non cuits, ne pas se laver les mains.","Ne pas se laver les mains, mais consommer de l'eau traitée ou minérale.","Se laver les mains avant les repas, mais consommer des aliments crus et non cuits.",a,4
612,OIC-075-11-A-,Qu'est-ce qu'une toxi-infection alimentaire collective?,Une maladie infectieuse transmise par les insectes,Une intoxication alimentaire causée par un aliments contaminé,Une maladie infectieuse transmise par l'eau,Une maladie infectieuse transmise par les animaux,b,4
613,OIC-075-12-A-,Quel est le but principal de la réhydratation orale dans le traitement des diarrhées infectieuses ?,Éliminer les bactéries responsables de la diarrhée,Remplacer les liquides et électrolytes perdus à cause de la diarrhée,Appliquer un traitement symptomatique pour soulager les symptômes,Prévenir les complications à long terme,b,4
614,OIC-075-13-A,Quelle protozoonose a un réservoir strictement humain et se transmet par ingestion d'eau ou d'aliments contaminés?,Cryptosporidiose,Giardiose,Amoebose,Toxoplasmose,c,4
615,OIC-075-13-A-,Quelle est la principale façon dont les humains se contaminent avec la taeniasis?,Par ingestion d'œufs de Taenia saginata,Par ingestion de larves contenues dans la viande peu ou non cuite d'hôtes intermédiaires,Par transmission féco-orale,Par contact direct avec les vers plats,b,4
616,OIC-075-14-A,Quels sont les principaux risques liés à la consommation d'eau polluée ?,Troubles gastro-intestinaux,Atteinte neurologique,Hépatite,Tous les éléments ci-dessus sont corrects,d,4
617,OIC-075-15-A,Quels sont les éléments clés pour prévenir les risques sanitaires liés à l'eau?,Seuls la filtration et le traitement,"La protection des points de captage, la filtration et le traitement, ainsi que le contrôle de qualité",L'entretien du réseau de distribution et le contrôle des activités génératrices de pollution,Seuls l'entretien du réseau de distribution et le contrôle de qualité,b,4
618,OIC-075-15-A-,Quels sont les principaux risques liés à l'alimentation ?,"Troubles gastro-intestinaux (agents infectieux, champignons (macromycètes), syndrome histaminique)","Éruption cutanée (allergie, macromycètes) et atteinte neurologique (microbienne, toxique)","Atteinte hépatique (virus, parasites, macromycètes) et insuffisance rénale (''E.coli'' entérohémorragique, ''Shigella'', toxiques)","Syndrome hémolytique et urémique (SHU) (''E.coli'' entérohémorragique, ''Shigella'', macromycètes) et purpura thrombotique thrombocytopénique",a,4
619,OIC-075-16-A,Quelle est la définition d'une toxi-infection alimentaire collective (TIAC)?,"Apparition de 2 cas d'une symptomatologie en général digestive, sans rapport à une même origine alimentaire.","Apparition d'au moins 2 cas d'une symptomatologie en général digestive, dont on peut rapporter la cause à une même origine alimentaire.","Apparition de 2 cas d'une symptomatologie neurologique, sans rapport à une même origine alimentaire.","Apparition d'au moins 2 cas d'une symptomatologie en général digestive, dont on peut rapporter la cause à différentes origines alimentaires.",b,4
620,OIC-075-16-A-,"Quel est l'agent pathogène responsable de la toxi-infection alimentaire (TIAC) due à une durée d'incubation de 12-24 heures, avec des signes cliniques de diarrhée aiguë fébrile et des facteurs de contamination liés aux aliments peu ou pas cuits ?","Salmonella enterica sérotypes non Typhi (Enteritidis, Typhimurium)",Staphylococcus aureus,Clostridium perfringens,Norovirus,a,4
621,OIC-075-17-A,Quels sont les cas groupés qui peuvent faire suspecter une TIAC ?,Troubles cardio-vasculaires uniquement,Troubles gastro-intestinaux ou neurologiques,Troubles respiratoires uniquement,Troubles musculo-squelettiques uniquement,b,4
622,OIC-075-18-B,Quelles sont les mesures préventives en présence d'une TIAC ?,"Consignations des denrées suspectes, éviction de la source dès qu'elle est identifiée, suspension des activités de restauration d'un établissement en attendant les résultats de l'enquête.",Éducation du personnel et principe de la marche en avant en cuisine collective.,"Surveillance médicale du personnel et éviction de certains agents en fonction du risque, prélèvements microbiologiques de routine dans la restauration collective.",Application de règles d'hygiène scrupuleuses durant toute la chaîne de préparation alimentaire.,a,4
623,OIC-075-18-B-,Quels sont les deux modes d'organisation pour les services prévention et de santé au travail (SPST) ?,Un seul mode : SPST interentreprises,Deux modes : SPST interentreprises ou SPST autonome,"Tout employeur doit adhérer à un SPST, pas d'organisation possible",Les SPST sont uniquement internes à l'entreprise,b,4
624,OIC-075-19-A,Quels sont les modes d'action des services de santé au travail ?,Seulement la consultation médicale,"Évaluation des risques professionnels, conseil sur l'organisation des secours et actions de promotion de santé",Seulement les analyses ou mesures pour évaluer les risques professionnels,Aucune action directe sur le milieu de travail,b,4
625,OIC-075-19-A-,Quels sont les outils du médecin du travail?,Le suivi de santé des salariés,Les actions sur le terrain,L'adaptation des postes de travail,Toutes les options précédentes,d,4
626,OIC-075-20-A,Quel est le but d'une visite intermédiaire dans le suivi de santé en santé au travail?,Évaluer les risques professionnels,Faire un examen médical d'aptitude,Entretien infirmier pour adapter les conditions de travail,Anticiper des difficultés lors de la reprise du travail,c,4
627,OIC-075-20-A-,Quel est le document qui retrace l'état de santé du salarié et ses expositions professionnelles ?,Fiche d'entreprise,Dossier médical en santé au travail,Fiche d'aptitude / inaptitude,Certificat de travail,b,4
628,OIC-075-22-A,Quelle est la première étape de gestion des risques professionnels ?,Supprimer les dangers,Limiter les émissions à la source,Limiter l'exposition des salariés,Evaluer l'efficacité des mesures de prévention,a,4
629,OIC-075-22-A-,Quel est le mécanisme de l'hypersensibilité immédiate?,Réaction médiée par des IgG,Réaction médiée par les IgE spécifiques d'un allergène,Réaction médiée par des lymphocytes T,Réaction médiée par le système du complément,b,4
630,OIC-075-23-B,Quels sont les principaux composants du venin des hyménoptères responsables de manifestations immuno-allergiques ?,des substances vaso-actives,des enzymes et d’autres protéines,des toxines et des médicaments,des bactéries et des virus,b,4
631,OIC-075-23-B-,Quels sont les allergènes responsables d'allergie alimentaire les plus fréquents chez l'enfant ?,l'arachide et le lait de vache,le poisson et le fruit à coque,"l'œuf, l'arachide et le lait de vache",les légumineuses et les fruits à coques,c,4
632,OIC-075-24-A,Quelle est la prévalence de l'hypersensibilité médicamenteuse dans la population générale?,7%,10%,5%,3%,a,4
633,OIC-075-24-A-,Quel est le type d'hypersensibilité associé aux allergies aux venins d'hyménoptères ?,IgG,IgM,IgE,IgA,c,4
634,OIC-075-26-A,Quel est l'aliment le plus fréquemment impliqué dans l'allergie alimentaire anaphylactique sévère et responsable de décès ?,Fruits à coque,Arachide,Légumineuses,Poissons,b,4
635,OIC-075-26-A-,Quel est le mécanisme sous-jacent des allergies croisées entre allergènes respiratoires et alimentaires?,La production de cytokines spécifiques,La reconnaissance par les IgE d'allergènes similaires ou de forte homologie dans des sources allergéniques distinctes,L'activation des cellules T spécifiques,La dégradation des allergènes par l'estomac,b,4
636,OIC-075-27-A,Quels sont les éléments clés pour le diagnostic d'une réaction consécutive à une piqûre d'hyménoptère ?,Seul l'anamnèse est utilisé,"L'anamnèse, les tests cutanés et les tests biologiques sont utilisés",Les tests biologiques sont exclus,Les tests cutanés sont inutiles,b,4
637,OIC-075-27-A-,Quels sont les facteurs environnementaux qui contribuent à l'allergie?,La modification des habitudes alimentaires,Le tabagisme passif,La pollution atmosphérique,Tous les options ci-dessus,d,4
638,OIC-075-28-B,Quel est l'indication pour réaliser un test de dépistage IgE multiallergénique (aéroallergènes et trophallergènes) ?,Chez tout patient qui présente des symptômes respiratoires ou digestifs,"Chez le patient lorsque l’interrogatoire oriente vers une allergie respiratoire ou alimentaire, et que le recours à un allergologue n’est pas possible avant plusieurs mois.",Chez les patients qui ont déjà été diagnostiqués avec une allergie,Chez les patients qui ne présentent aucun symptôme,b,4
639,OIC-075-28-B-,Quels sont les types de réactions allergiques explorés par les tests cutanés?,Seulement les réactions immédiates,Seulement les réactions retardées,"Les deux, immédiates et retardées",Aucune des précédentes options est correcte,c,4
640,OIC-075-29-B,Quel est le but de l'éducation thérapeutique dans l'allergie alimentaire?,Autonomiser le patient allergique,Diagnostiquer les allergies,Prévenir les réactions allergiques,Traiter les symptômes,a,4
641,OIC-075-29-B-,Quels sont les éléments qui contribuent au diagnostic d'une conjonctivite allergique ?,Seulement les signes cliniques,"Les signes cliniques, la présence d'une sensibilisation et le test de provocation conjonctival",La présence d'une sensibilisation et le test de provocation conjonctival,Seulement la présence d'une sensibilisation,b,4
642,OIC-075-30-B,Quels sont les traitements locaux d'une conjonctivite allergique ?,Lavages oculaires fréquents et applications de compresses humides froides.,Antihistaminiques H1 en collyre.,Inhibiteurs de la dégranulation des mastocytes en collyre (cromoglicate de sodium).,Traitement par laser oculaire.,a,4
643,OIC-075-30-B-,"Quelle est la prévalence des allergies alimentaires entre la naissance et 5,5 ans selon les données de la cohorte ELFE?",3%,6%,10%,12%,b,4
644,OIC-075-31-B,Quels sont les principaux facteurs déclenchant l'asthme chez l'enfant?,les infections bactériennes,les infections virales et l'allergie aux pneumallergènes,l'exposition au tabac dès la conception,la pollution de l'air extérieur,b,4
645,OIC-075-32-B,Quelle est la définition de l'urticaire?,Une dermatose inflammatoire fréquente secondaire à des mécanismes immunologiques,Une maladie chronique qui affecte les articulations,Une réaction allergique cutanée,Une infection bactérienne de la peau,a,4
646,OIC-075-32-B-,Quels sont les mécanismes d'activation des mastocytes qui entraînent l'urticaire ?,Seulement immunologiques,Seulement non immunologiques,Immunologiques et non immunologiques,Aucun mécanisme n'est connu,c,4
647,OIC-076-01-A,Quelles sont les caractéristiques majeures de la papule oedèmateuse au cours d'une urticaire superficielle ?,"purigineux, fugace et migrateur","non prurigineux, transitoire et non cicatriciel","fleuves, chaudes et persistantes","rouges, douloureuses et géographiques",a,4
648,OIC-076-01-A-,Quelle est la caractéristique principale de l'urticaire?,Une éruption cutanée chronique,Des plaques oedémateuses qui apparaissent et disparaissent rapidement,Une réaction allergique grave qui nécessite un traitement médical immédiat,Une maladie cutanée contagieuse,b,4
649,OIC-076-02-A,Quels sont les signes associés à une anaphylaxie ?,Seulement des signes respiratoires,"Des signes respiratoires, cardio-vasculaires et digestifs","Tous les signes mentionnés (respiratoires, cardio-vasculaires, digestifs et neurologiques)",Aucun signe spécifique,c,4
650,OIC-076-03-A,Quel est le traitement symptomatique d'une urticaire aiguë?,Antihistaminiques anti H1 de 3ème génération,Antihistaminiques anti H1 de 2ème génération,Steroïdes oraux,Colchicine,b,4
651,OIC-076-03-A-,Quels sont les deux groupes de gènes impliqués dans la dermatite atopique?,Gènes de la barrière épidermique uniquement,Gènes régulant le système immunitaire adaptatif et inné uniquement,Tous les gènes impliqués dans la dermatite atopique sont encore inconnus,Les deux groupes de gènes : barrière épidermique et régulant le système immunitaire adaptatif et inné,d,4
652,OIC-076-05-A,Quelles sont les principales complications de la dermatite atopique?,Infections bactériennes et virales,Problèmes cardiaques et respiratoires,Troubles psychologiques et sociaux,Tous les choix sont corrects,a,4
653,OIC-076-05-A-,Quels sont les quatre axes du traitement de la dermatite atopique ?,"Les soins d’hygiène, le traitement anti-inflammatoire local, les émollients et l’éducation thérapeutique.","Le traitement anti-inflammatoire local, les émollients, l’éducation thérapeutique et les antihistaminiques oraux.","Les soins d’hygiène, les émollients, l’éducation thérapeutique et la photothérapie.","Le traitement anti-inflammatoire local, les émollients, l’éducation thérapeutique et les immunomodulateurs topiques.",a,4
654,OIC-076-06-A,Quelle est la phase physiopathologique de l'eczéma de contact allergique qui se produit après un nouveau contact cutané avec l'allergène ?,Phase de sensibilisation asymptomatique,Phase de révélation symptomatique (eczéma de contact allergique),Phase d'immunité innée,Phase d'immunité adaptative,b,4
655,OIC-076-06-A-,Quels sont les signes cliniques classiques d'un eczéma aigu ?,"Erythème, suintement et croûtes","Oedème vésiculeux, suintement et prurit","Vésicules confluentes, suintement et croûtes","Erythème, oedème vésiculeux et prurit",d,4
656,OIC-076-07-A-,Quelles sont les quatre sources à rechercher à l'interrogatoire pour identifier les allergènes responsables d'un eczéma de contact ?,Les produits alimentaires,"Les cosmétiques, les médicaments à application cutanée et les allergènes professionnels","Les vêtements, les chaussures et les accessoires en nickel",Les produits de nettoyage et les pesticides,b,4
657,OIC-076-08-A,Quel est le résultat d'un test épicutané positif ?,Un simple érythème qui disparait en quelques heures.,Un eczéma de contact avec des vésicules et un érythème.,L'absence stricte d'érythème.,Une réaction allergique généralisée.,b,4
658,OIC-076-09-A,Quels sont les symptômes de l'asthme?,"Dyspnée, sifflements et oppression thoracique","Toux, rhinite et éternuements","Fievre, maux de tête et douleurs abdominales","Perte d'appétit, fatigue et perte de poids",a,4
659,OIC-076-10-A,Quels sont les principaux phénotypes (tableaux clinico-biologiques) d'asthme en fonction du type d'inflammation des voies aériennes ?,Asthme Th2 et Asthme non-Th2,Asthme allergique et Asthme à éosinophiles non allergiques,Inflammation des voies aériennes et Obstruction de la paroi bronchique,Hypersécrétion de mucus et Hyperréactivité bronchique,a,4
660,OIC-076-10-A-,Quels sont les symptômes d'une rhinite allergique chez l'enfant et l'adulte ?,"PAREO (prurit, anosmie, rhinorrhée, éternuements, obstruction nasale)","Fevérence, toux, douleur thoracique","Diarrhée, nausées, vomissements","Douleurs articulaires, fatigue",a,4
661,OIC-076-11-A,Quels sont les critères essentiels pour diagnostiquer un asthme chez l'enfant et l'adulte?,Seuls les symptômes,Les symptômes ET une obstruction des voies aériennes réversible,L'exercice ou l'exposition à des allergènes sont les seules causes possibles,La toux est le seul symptôme caractéristique,b,4
662,OIC-076-11-A-,Quels sont les éléments nécessaires pour diagnostiquer un asthme professionnel?,La mise en évidence d’un lien entre l’asthme et l’exposition professionnelle,La mise en évidence d’une exposition professionnelle à un agent sensibilisant,La mise en évidence d’un asthme (diagnostic positif) chez un patient avec ou sans antécédents allergiques,Tous les éléments ci-dessus,d,4
663,OIC-076-12-A-,Quelles sont les modalités d'évaluation du contrôle de l'asthme?,Les symptômes d'asthme ne sont pas contrôlés,Les exacerbations sont fréquentes et nécessitent plus de 2 cures de corticothérapie système l'année précédente,Il y a une obstruction bronchique : VEMS/CVF < 0.7 ou VEMS < 80%,"Les symptômes d'asthme sont contrôlés, les exacerbations sont rares et il n'y a pas d'obstruction bronchique",d,4
664,OIC-076-13-A-,Quels sont les signes évocateurs de mise en jeu du pronostic vital à court terme chez un enfant ou un adulte souffrant d'une exacerbation d'asthme ?,"Troubles de la conscience, pause respiratoire, collapsus, silence auscultatoire, FR>30, signes lutte","Augmentation de la fréquence cardiaque, augmentation de la pression artérielle, douleurs thoraciques","Fievre élevée, nausées, vomissements","Pertes de connaissance, convulsions, état comateux",a,4
665,OIC-076-14-B,Quels sont les signes radiologiques (RP) d'une distension thoracique?,Hyperclarté des champs pulmonaires avec aplatissement des coupoles diaphragmatiques et horizontalisation des côtes,Aplatissement des coupoles diaphragmatiques sans hyperclarté des champs pulmonaires,Horizontalisation des côtes sans aplatissement des coupoles diaphragmatiques,Hyperinflation des poumons avec déplacement du milieu clair des poumons vers le haut,a,4
666,OIC-076-14-B-,Quel est le critère pour diagnostiquer un trouble ventilatoire obstructif en explorations fonctionnelles respiratoires (EFR) ?,"VEMS/CV ≥ 0,7",Réversibilité post bronchodilatateur de plus de 200mL et augmentation de ≥12% de la valeur avant bronchodilatateur,"VEMS/CV < 0,5",Réversibilité complète si VEMS > 90% post bronchodilatateur,b,4
667,OIC-076-15-A,Quels sont les cas où les tests immuno-allergiques sont indiqués?,Seulement pour les enfants,Lorsque le diagnostic d'asthme est porté ou diagnostic de rhinite chronique dont l'origine allergique est suspectée.,Pour tous les patients avec des symptômes respiratoires,Seulement pour les adultes,b,4
668,OIC-076-15-A-,Quels sont les principaux agents responsables des étiologies professionnelles de l'asthme ?,Les produits chimiques et les polluants atmosphériques,Les allergènes alimentaires et les médicaments,Les bactéries et les virus,Les rayons UV et les ondes sonores,a,4
669,OIC-076-17-B,Quel est le traitement de fond le plus efficace prescrit devant tout asthme persistant?,Bronchodilatateurs B2-mimétiques de courte durée d’action (BDCA),Corticostéroïdes inhalés (CSI),Bronchodilatateurs B2-mimétiques de longue durée d’action (BDLA),Anti-leucotriène (montelukast),b,4
670,OIC-076-17-B-,Quel facteur doit être pris en compte lors du choix d'un dispositif de traitement inhalé?,Seul le coût du dispositif,Les capacités de coordination et les capacités inspiratoires du patient,La marque du dispositif,Le type de médicament utilisé,b,4
671,OIC-076-18-B,Quels sont les objectifs du traitement de fond de l'asthme ?,Obtenir un contrôle de l'asthme selon les modalités décrites ci-dessus,Réduire les symptômes immédiats de l'asthme,Éliminer la cause sous-jacente de l'asthme,Améliorer la qualité de vie des patients,a,4
672,OIC-076-18-B-,Quels sont les éléments du traitement de l'exacerbation d'asthme ?,BDCA par voie inhalée et corticothérapie systémique,Oxygénothérapie et assistance ventilatoire en cas d'exacerbation sévère,Anticholinergiques en nébulisation uniquement,Corticothérapie systémique uniquement,a,4
673,OIC-076-19-B,Quel est l'objectif de l'éducation thérapeutique dans le traitement de l'asthme?,Améliorer la qualité de vie du patient,Permettre au patient de comprendre sa maladie et son traitement,Réduire les coûts médicaux,Éliminer complètement l'asthme,b,4
674,OIC-076-20-B,Quelles sont les complications de l'asthme?,Sédentarité,Absentéisme scolaire ou professionnel en cas d’asthme mal contrôlé,Obésité,Diabète,b,4
675,OIC-076-20-B-,Quelle est la condition nécessaire pour que la fièvre soit considérée comme 'prolongée'?,La température doit être supérieure à 40°C,"La température doit être supérieure ou égale à 38,3°C à plusieurs reprises",La fièvre doit durer moins de 7 jours,"La personne doit avoir un terrain particulier (immunodéprimée, hospitalisée)",b,4
676,OIC-082-01-A,Quelles sont les principales catégories de causes de fièvres prolongées?,"Infectieuses, Néoplasiques, Inflammatoires","Néoplasiques, Inflammatoires, Endocriniennes","Infectieuses, Inflammatoires, Allergiques","Néoplasiques, Infectieuses, Auto-immunes",a,4
677,OIC-082-02-A-,Quelles sont les principales causes non infectieuses de fièvre prolongée chez l'adulte ?,"Cancers, maladies inflammatoires ou auto-immunes, médicaments et causes diverses.","Maladies cardiaques, diabète, hypertension artérielle et obésité.","Affections neurologiques, troubles du sommeil, stress et anxiété.","Problèmes dentaires, sinusites chroniques et allergies.",a,4
678,OIC-082-03-A-,Quels sont les examens biologiques recommandés en première intention à J7 chez un enfant ?,"NFS, CRP, fibrinogène, VS, HAA, iono ASAT ALAT ALAT, ferritine","Hémocultures, sérologie EBV, CMV, parvovirus, BU (avec leucocytes et protéinurie) + ECBU","Radiographie thoracique, échographie abdominale, échographie cardiaque","Protéine C-réactive (CRP), électrophorèse des protéines sériques, créatine kinase (CK)",a,3
679,OIC-082-04-A,Quelle est la définition d'une neutropénie fébrile?,Fièvre et PNN < 1500/mm3,Fièvre et PNN < 500/mm3,PNN > 1500/mm3 et fièvre,PNN > 500/mm3 et absence de fièvre,b,4
680,OIC-082-04-A-,Quels sont les facteurs de risque des principales infections fongiques ?,"Neutropénie (PNN <0,5G/L) > 7 jours",Cathéter vasculaire central (nutrition parentérale),Colonisation préalable,Antibiothérapie antérieure,a,4
681,OIC-082-05-B-,Quels sont les principaux agents pathogènes responsables d'infections en cas de neutropénie ?,Entérobactéries et Pseudomonas aeruginosa,"Cocci Gram + (Staphylocoque, Streptocoque) et Candidose invasive","Aspergillus et Listeria, Salmonella",HSV (mucite) et Aspergillus,a,4
682,OIC-082-06-A,Quelles sont les principales portes d'entrée infectieuses chez un patient neutropénique ?,"Respiratoire, tube digestif, peau favorisée par les abords veineux","Cardiaque, rénale, hépatique","Oculaire, auditif, musculaire","Génitale, uréthrale, anale",a,4
683,OIC-082-06-A-,Quelle est la priorité dans le traitement d'une neutropénie fébrile?,Débuter l'antibiothérapie après les résultats des prélèvements microbiologiques,Commencer avec une antibiothérapie large et adaptée à la profondeur de la neutropénie,Attendre pour voir si la fièvre disparaît spontanément,Ne pas prendre en compte les facteurs de risque du patient,b,4
684,OIC-082-07-A,Quels sont les principaux agents infectieux responsables d’infection en cas de neutropénie?,"Bacilles Gram négatifs (enterobactéries, Pseudomonas aeruginosa), Staphylocoques en présence de cathéter, champignons (Aspergillus ou Candida) en cas de neutropénies profondes et prolongées.","Bacilles Gram positifs, Staphylocoques, champignons","Virus, bactéries extra-cellulaires, particulièrement Streptocoque pneumoniae et Hemophilus Influenzae","Pneumocystis jirovecii, Toxoplasme, Aspergillus, Candida, Nocardia, BK (anti-TNF)",a,4
685,OIC-082-08-B,Quels sont les critères pour proposer une antibiothérapie orale dans le cas de la neutropénie fébrile ?,"Neutropénie profonde (<0,1 G/L) et < 7 jours","Neutropénie non profonde (≥0,1 G/L), < 7 jours, sans signe de gravité, sans antécédent à risque et sans signe d’intolérance digestive",Neutropénie > 7 jours et présence de signes de gravité,Aucun critère spécifique,b,4
686,OIC-082-08-B-,Quel est le traitement d'urgence pour la fièvre inexpliquée chez un patient asplénique?,Antibiothérapie active sur les bactéries non encapsulées,Cours de vaccination en urgence,Antibioprophylaxie par pénicilline V pendant 2 ans après une splénectomie,Antibiothérapie active sur les bactéries encapsulées,d,4
687,OIC-082-09-B-,Quels sont les spondyloarthrites axiales ?,sacro-iliite radiographique et spondylarthrite ankylosante,arthrites réactionnelles et arthrites associées aux entérocolopathies inflammatoires,rhumatisme psoriasique et syndrome SAPHO,sacro-iliite radiographique sans spondylarthrite ankylosante,a,4
688,OIC-082-10-B,Quelle est la prévalence globale des spondyloarthrites en France?,"0,25%","0,35%","0,45%","0,55%",b,4
689,OIC-082-10-B-,Quelle est la prévalence du HLA-B27 parmi les malades atteints de spondylarthrite ankylosante ?,10%,90%,50%,20%,b,4
690,OIC-082-11-A,Qu'est-ce que l'enthèse ?,Une zone d'inflammation dans les articulations,La zone d'ancrage dans l'os de différentes structures fibreuses,Un type de douleur musculaire,Une maladie auto-immune,b,4
691,OIC-082-11-A-,Quels sont les signes articulaires et périarticulaires d'une spondyloarthrite ?,"Syndrome pelvirachidien, syndrome articulaire périphérique, atteinte enthésopathique périphérique","Douleurs articulaires, raideur articulaire, boiterie","Œdème localisé ou diffus, douleur thoracique, dactylite","Coxite, talalgie, enthésite",a,4
692,OIC-082-12-B,Quels sont les signes extra-articulaires associés au rhumatisme psoriasique ?,Maladie de Crohn ou rectocolite hémorragique,Atteintes cardiaques très rares,Uvéite aiguë antérieure,Psoriasis inversé et unguéal,d,4
693,OIC-082-12-B-,Quels sont les critères de classification ASAS 2009 pour la spondyloarthrite axiale ?,Rachialgie depuis plus de 3 mois et âge de début supérieur à 45 ans,Rachialgie depuis plus de 3 mois et âge de début inférieur à 45 ans,Rachialgie depuis moins de 3 mois et âge de début inférieur à 45 ans,Rachialgie depuis plus de 3 mois et âge de début supérieur à 50 ans,b,4
694,OIC-082-14-B,Qu'est-ce que les syndesmophytes ?,Des tissus conjonctifs entre deux vertèbres,Des constructions osseuses fines et verticales entre deux vertèbres,Des muscles qui soutiennent le rachis,Des articulations entre les vertèbres,b,4
695,OIC-082-14-B-,Quelle est la caractéristique d'une coxite sur une radiographie du bassin?,Pincement global de l'interligne articulaire avec ostéophytose,Pincement localisé de l'interligne articulaire sans ostéophytose,Dilatation de l'interligne articulaire avec ostéophytose,Dilatation de l'interligne articulaire sans ostéophytose,b,4
696,OIC-082-15-A,Quel examen est utile dans les cas de spondyloarthrite avec sacro-iliite sur la radiographie standard ?,IRM des sacro-iliaques et du rachis,Echographie,Scintigraphie,Explorations fonctionnelles respiratoires,a,4
697,OIC-082-16-B,Quels sont les facteurs de mauvais pronostic dans la spondyloarthrite?,"L'âge avancé, le sexe féminin","La coxite, le début précoce (avant seize ans), la dactylite, l'importance du syndrome inflammatoire, la résistance aux AINS, le tabagisme actif, la présence au diagnostic de syndesmophytes","L'absence de traitement, la non-adhésion à la thérapie","La bonne santé générale, l'activité physique régulière",b,4
698,OIC-082-16-B-,Quels sont les trois principaux microcristaux impliqués en pathologie humaine?,"Cristaux d'acide urique, cristaux de pyrophosphate de calcium et cristaux d'apatite","Cristaux d'urate de sodium, cristaux calciques et cristaux de cholestérol","Cristaux d'acide urique, cristaux de pyrophosphate de calcium et cristaux de cholestérol","Cristaux d'urate de sodium, cristaux calciques et cristaux d'apatite",d,4
699,OIC-082-17-B,Quel est le seuil de solubilité des urates ?,240 µmol/l ou 40 mg/l,360 µmol/l ou 60 mg/l,480 µmol/l ou 80 mg/l,600 µmol/l ou 100 mg/l,b,4
700,OIC-082-17-B-,Quels sont les deux principaux mécanismes qui conduisent à une hyperuricémie?,un excès de production d'acide urique et un défaut d'élimination rénale,un défaut d'élimination intestinale et un excès de production d'acide urique,un excès de production d'acide urique et une insuffisance rénale chronique,un défaut d'élimination rénale et une prise de diurétiques thiazidiques,a,4
701,OIC-086-01-A,Quel est le ligament triangulaire du carpe qui se calcifie dans la radiographie de poignet ?,Ligament annulaire,Ligament triangulaire,Ligament scapho-trapezium,Ligament scapho-capitat,b,4
702,OIC-086-01-A-,Quelle est la cause de la calcification méniscale et cartilagineuse visible sur une radiographie du genou?,Infection,Traumatisme,Arthropathies microcristallines,Cancer,c,4
703,OIC-086-02-A,Quelles sont les structures qui peuvent présenter des calcifications dans une radiographie de bassin ?,Les os du bassin uniquement,La symphyse pubienne et les cartilages fémoraux,Les muscles du bassin uniquement,Le ligament du bassin uniquement,b,4
704,OIC-086-02-A-,Quelle est la prévalence de la goutte en France?,"0,5%","0,9%",1%,2%,b,4
705,OIC-086-03-A,Quelles sont les caractéristiques sémiologiques des accès microcristallins articulaires ou péri-articulaires typiques ?,"Début lent, faible intensité de la douleur et de l'inflammation locale","Début brutal, forte intensité de la douleur et de l'inflammation locale","Maximum des symptômes en plus de 24 heures, résolution spontanée en plusieurs mois","Rougeur locale faible, EVA ou EN douleur < 7/10",b,4
706,OIC-086-03-A-,Quels sont les facteurs de risque en dehors de l'hyperuricémie ?,"L'âge, le sexe féminin et la ménopause.","Le sexe masculin, les antécédents familiaux de goutte et l'insuffisance rénale chronique.","La régime hyperprotéique, les boissons riches en fructose et certains médicaments.","L'alcool, le surpoids ou l'obésité et les habitudes alimentaires.",d,4
707,OIC-086-04-A,Quels sont les éléments clés pour diagnostiquer une crise de goutte ?,"Terrain, anamnèse et caractéristiques d'une crise microcristalline","Topographie, sensibilité à la colchicine et présence de tophus visibles","Uricémie, examen d'imagerie et demande d'un avis spécialisé",Solement l'uricémie et les caractéristiques d'une crise microcristalline,a,4
708,OIC-086-05-A,Quelles manifestations peuvent survenir après plusieurs années chez un goutteux?,Seules les articulations du pied et de la main sont touchées,"Les membres supérieurs, le rachis, la hanche et l'épaule peuvent être atteints",La goutte ne peut pas se propager à d'autres parties du corps,Seules les articulations de la main sont touchées,b,4
709,OIC-086-07-A-,Quel est le terrain caractéristique d'une goutte ?,"Homme jeune, en bonne santé","Homme mûr, souvent en surpoids ou obèse, atteint de maladies cardiovasculaires, d'insuffisance rénale ou de diabète sucré","Femme jeune, en bonne santé","Sujet âgé, en mauvaise santé",b,4
710,OIC-086-08-A,Quels sont les principes simples à la prise en charge d'une crise aiguë de goutte ?,Informer le patient et lui prescrire un traitement prédéfini,Ne pas traiter la crise de goutte dès ses premiers signes,Seul le traitement hypouricémiant peut soulager définitivement les symptômes de la goutte,Le patient doit être informé de l'importance du traitement hypouricémiant et pouvoir s'auto-traiter selon un traitement prédéfini,d,4
711,OIC-086-09-B,Qu'est-ce qui se produit sans traitement hypouricémiant pour la goutte ?,Les accès disparaissent complètement.,Les accès récidivent et deviennent de plus en plus fréquents.,La goutte se limite aux membres inférieurs.,Les tophi disparaissent rapidement.,b,4
712,OIC-086-09-B-,Quelles sont les deux principales affections associées aux dépôts de PPCa?,Diabète sucré et hyperlipidémie,Hémochromatose et hyperparathyroïdie primaire,Arthropathies sèches et arthrose,Maladie de Crohn et colite ulcéreuse,b,4
713,OIC-086-11-A-,Quels sont les différents organes transplantés ?,"Rein, foie, cœur, pancréas, poumons, intestins","Cœur, poumons, reins, foie, estomac","Poumons, cœur, foie, reins, intestins, pancréas","Rein, cœur, foie, estomac, poumons",a,4
714,OIC-086-12-A,Quels sont les principaux facteurs de compatibilité immunologique considérés lors d'une transplantation d'organe?,Groupe sanguin et tissulaire (HLA),Groupe rhésus uniquement,Groupe sanguin uniquement,Pas de facteurs de compatibilité immunologique sont considérés,a,4
715,OIC-086-12-A-,Quelle est la principale raison de la pénurie d'organes pour les transplantations ?,Il existe une augmentation globale du nombre d'inscrits candidats à une transplantation d'organes.,Les besoins excèdent largement les possibilités de transplantation.,La survie actuarielle varie selon les organes transplantés.,L'Agence de la Biomédecine n'est pas en mesure de gérer efficacement la liste nationale des malades en attente de transplantation.,b,4
716,OIC-086-13-B,Quels sont les trois grands principes éthiques du don d'organe selon la loi de bio-éthique?,"Consentement, gratuité, anonymat","Gratuité, anonymat, confidentialité","Consentement, gratuité, sécurité","Anonymat, consentement, liberté",a,4
717,OIC-086-13-B-,Qu'est-ce que la mort encéphalique ?,La destruction définitive et irréversible de l'encéphale.,Un coma profond avec présence de réflexes du tronc cérébral.,Une absence de respiration spontanée sans destruction de l'encéphale.,Une condition médicale non spécifiée.,a,4
718,OIC-094-01-A-,Quel est l'objectif du traitement d'entretien en transplantation d'organe ?,Prévenir les rejets après la phase initiale,Traitement des complications infectieuses,Augmenter le risque de complications tumorales,Réduire l'iatrogénie possible,a,4
719,OIC-094-02-B,Quels sont les critères diagnostiques pour la mort encéphalique?,Critères cliniques et paracliniques,Seulement des critères cliniques,Seulement des critères paracliniques,Aucun critère n'est nécessaire,a,4
720,OIC-094-03-A,Quel est l'un des avantages de la transplantation à donneur vivant en transplantation rénale?,Il offre une meilleure survie à long terme de l'organe transplanté,Il constitue un moyen puissant de lutte contre la pénurie de greffons,Il réduit l'attente du receveur,Toutes les options sont correctes,d,4
721,OIC-094-03-A-,Quel est le terme généralement réservé à la radiographie thoracique pour désigner une perte de la radiotransparence normale du poumon ?,Nodule,Opacité pulmonaire,Masse,Condensation,b,4
722,OIC-094-04-B,Quelle est la définition radiologique d'une fracture de côte?,Une solution de continuité osseuse aux berges corticalisées,Une rupture de continuité de la ligne longeant les bords supérieur et inférieur des côtes,Une déformation des côtes sans rupture de continuité,Une fracture du sternum,b,4
723,OIC-094-05-B-,Quels sont les deux critères classiques pour définir le syndrome alvéolaire en imagerie ?,une opacité pulmonaire et une atteinte des vaisseaux sanguins,une opacité pulmonaire et un bronchogramme aérique,un déplacement du diaphragme et une atteinte des vaisseaux sanguins,une atteinte des vaisseaux sanguins et une atteinte des poumons,b,4
724,OIC-094-06-A,Quel est le diagnostic radiologique le plus précis pour les pneumopathies interstitielles diffuses (PID) ?,Radiographie de thorax,Tomodensitométrie,Biopsie pulmonaire,Analyse génétique,b,4
725,OIC-094-06-A-,Quelle est la caractéristique principale d'une anomalie médiastinale en radiographie de thorax?,Une opacité avec une limite externe concave vers le poumon,Une opacité avec une limite externe nette convexe vers le poumon,Une opacité sans limite externe visible,Une opacité de tonalité osseuse comme le reste du thorax,b,4
726,OIC-094-07-A,Quel est le signe direct d'une attelectasie d'origine bronchique en radiographie de thorax?,Déplacement scissural concave vers le parenchyme sain,"Opacité correspondant au poumon rétracté, avec réduction de volume du territoire atteint",Ascension de la coupole diaphragmatique homolatérale,Hyperinflation compensatrice des territoires adjacents,b,4
727,OIC-094-07-A-,Quelles sont les situations d'urgence où une radiographie thoracique est indiquée ?,Tous les cas de douleur thoracique,"Les cas de dyspnée aiguë, douleur thoracique, hémoptysie, toux aiguë, inhalation de corps étranger, bruits respiratoires anormaux et stridor aigu",Seuls les cas d'inhalation de corps étranger,Les cas de polytraumatisme thoracique,b,4
728,OIC-094-10-B,Quel type d'insuffisance respiratoire chronique est associé à une toux avec expectorations chroniques ?,Obstructive,Restrictive,Infiltrante,Mixed,a,4
729,OIC-094-10-B-,Qu'est-ce qui définit l'hypertension pulmonaire (HTP) de l'adulte?,Une pression artérielle systolique >35mmHg,Une pression artérielle moyenne >20 mmHg et résistances > 3 UW mesurée lors d'un cathétérisme cardiaque droit,Une pression artérielle diastolique >40mmHg,Une fréquence cardiaque >100 bpm,b,4
730,OIC-094-11-B,Quels sont les signes d'HTP ?,Tachycardie et galop,"Souffle holosystolique d'insuffisance tricuspide, éclat de B2 au foyer pulmonaire, souffle diastolique d'insuffisance pulmonaire, dyspnée d'effort",Hépatomégalie et œdème des membres inférieurs,Reflux hépato-jugulaire et anasarque,b,4
731,OIC-094-11-B-,Quel est l'exploration fonctionnelle qui permet d'orienter vers une IRC obstructive ?,Pléthysmographie,"Spirométrie avec courbe débit-volume (TVO : VEMS/CV < 0,7)",Gaz du sang,Pression maximale inspiratoire,b,4
732,OIC-094-12-A,Quelles sont les modalités d'interprétation des explorations fonctionnelles permettant d'orienter vers une IRC obstructive et restrictive?,L'EFR est utilisé pour diagnostiquer uniquement l'IRC obstructive.,L'EFR peut aider à différencier entre IRC obstructive et restrictive en analysant les résultats de la capacité pulmonaire totale (CPT) et du débit vital (DV).,Seul le débit vital (DV) est utilisé pour diagnostiquer l'IRC.,L'EFR n'est pas nécessaire pour diagnostiquer l'IRC.,b,4
733,OIC-094-12-A-,Quels sont les signes de gravité d'une décompensation d'IRC?,hypoxémie légère et acidose respiratoire compensée,"hypoxémie sévère (PaO2<60mmHg) et acidose respiratoire non compensée (pH<7,35 avec PaCO2>45mmHg)",hypertension artérielle élevée et fréquence cardiaque normale,fievre élevée et douleur abdominale,b,4
734,OIC-094-13-B-,Quelles sont les principales causes d'IRC liées à l'échangeur pulmonaire ?,Maladies neuromusculaires,"Anomalie du rapport ventilation/perfusion : BPCO, dilatation des bronches",Atteinte de la diffusion alvéolo-capillaire : pneumopathies infiltrantes diffuses,"Diminution de la compliance thoracique (déformations squelettiques, syndrome obésité-hypoventilation)",b,4
735,OIC-094-14-A,Quels sont les principaux mécanismes responsables d'une hypoxémie et ceux responsables d'une hypercapnie ?,Maladies de l'échangeur pulmonaire,Hypoventilation alvéolaire prédominante,La BPCO est avant tout une maladie de la pompe ventilatoire,Les deux précédentes options sont correctes,d,4
736,OIC-094-15-B,Quel est le résultat d'une IRC grave (PaO2 < 60 mmHg) en termes d'exonération du ticket modérateur ?,Exonération partielle,Pas d'exonération,Exonération totale au titre de l'ALD 14,Exonération conditionnelle,c,4
737,OIC-094-15-B-,Quel est le but de la surveillance gazométrique lors de l'oxygénothérapie chez un malade hypercapnique?,Évaluer l'impact sur la saturation en oxygène,Mesurer les effets de l'oxygénothérapie sur la PaCO2,Déterminer si le patient a besoin d'une ventilation non invasive nocturne,Évaluer la qualité du sommeil du patient,b,4
738,OIC-094-16-B,Quels sont les examens d'imagerie utilisés dans le diagnostic et le suivi de l'insuffisance respiratoire chronique ?,Seulement la radiographie thoracique,La TDM thoracique est systématiquement demandée,Les explorations fonctionnelles respiratoires sont les principaux outils de diagnostic et de suivi,La radiographie thoracique n'est jamais utilisée dans le diagnostic de l'IRC,c,4
739,OIC-094-16-B-,Qu'est-ce qu'un purpura ?,une éruption cutanée rouge et violacée,un type de thrombopénie,une maladie vasculaire,une infection cutanée,a,4
740,OIC-099-01-B,Quel est le mécanisme principal d'un purpura vasculaire?,Inflammation de la paroi vasculaire,Fragilité de la paroi vasculaire capillaire,Trouble de l'hémostase primaire,Anomalie des plaquettes,a,4
741,OIC-099-01-B-,Quel est le signe clinique à chercher en faveur d'un purpura 'fulminans'?,Fièvre,Purpura nécrotique et/ou ecchymotique,Signes de défaillance hémodynamique,Tous les signes ci-dessus,d,4
742,OIC-099-02-B,Quels sont les signes qui doivent être évoqués pour le diagnostic de purpura fulminans?,Fièvre et défaillance hémodynamique,Signes neurologiques et purpura nécrotique,Défaillance hémodynamique et purpura nécrotique,"Fièvre, signes neurologiques et purpura nécrotique",d,4
743,OIC-099-02-B-,Quels sont les signes qui suggèrent une vascularite chez un patient porteur d'un purpura vasculaire ?,"fièvre, signes ORL, neuropathie périphérique, protéinurie sur la bandelette urinaire, hémoptysie","fièvre, souffle cardiaque, découverte d'anomalies à l'auscultation cardiaque",signes de dénutrition,"prise de médicaments, hépatomégalie, splénomégalie, adénopathies",a,4
744,OIC-099-03-A,Quels examens biologiques doivent être effectués en urgence en cas de purpura thrombopénique ?,"Hémogramme, recherche d'une diminution du taux de prothrombine et frottis sanguin","Bilan hépatique, groupe sanguin et recherche d'agglutinines irrégulières","Protéine C réactive, hémogramme et ionogramme sanguin","Hémocultures, protéinurie et fibrinogène",a,4
745,OIC-099-03-A-,Quels examens biologiques sont prescrits en dehors de l'urgence pour un purpura vasculaire ?,Anticorps anti-cytoplasme des polynucléaires neutrophiles (ANCA),Cryoglobulinémie,Biopsie cutanée,Électrolytes et urée,a,4
746,OIC-099-04-A,Quelles sont les principales causes infectieuses de purpura vasculaire?,Vascularites associés aux ANCA,Endocardite infectieuse et Purpura 'fulminans',Fragilité capillaire,Dysfonction plaquettaire,b,4
747,OIC-099-04-A-,Quelle est la principale mesure à prendre pour traiter un purpura?,Prescrire des médicaments anti-inflammatoires,Effectuer une transfusion de plaquettes,Rester en observation et surveiller les symptômes,Faire un test de dépistage du cancer,b,4
748,OIC-099-05-A,Qu'est-ce que le syndrome mononucléosique?,Une infection virale,Une anomalie des leucocytes avec plus de 50% d'éléments mononucléés et ≥ 10% de lymphocytes activés,Un type de cancer,Une maladie auto-immune,b,4
749,OIC-099-05-A-,Quelles caractéristiques du frottis sanguin sont associées au syndrome mononucléosique?,Cellules blastiques présentes,Lymphocytes T activés et cytoplasme hyperbasophile,Autres lignées hématopoïétiques anormales,Absence de cellules polymorphes,b,4
750,OIC-099-06-A,Quel est le type de cellules présentes dans un frottis sanguin d'un syndrome mononucléosique?,Lymphocytes inactifs,Lymphocytes activés (lymphocytes hyperbasophiles),Globules rouges anormaux,Plaquettes anormales,b,4
751,OIC-099-06-A-,Quels sont les éléments de l’interrogatoire chez un patient présentant un syndrome mononucléosique ?,"Âge du patient, contact avec des jeunes enfants",Notion de rapports sexuels à risque ou d’une toxicomanie intraveineuse,"Présence de signes généraux : fièvre, asthénie",Tous les éléments mentionnés ci-dessus,d,4
752,OIC-099-07-A,Quel est l'agent infectieux responsable de la majorité des syndromes mononucléosiques ?,Cytomégalovirus (CMV),Toxoplasmose,Epstein Barr virus (EBV),Virus de l'immunodéficience humaine (VIH),c,4
753,OIC-099-07-A-,Quels sont les signes cliniques d'un syndrome mononucléosique causé par une réaction allergique médicamenteuse ?,Fievre et douleurs articulaires,"Eruption cutanée évocatrice, polyadénopathies et hyperthermie/fievre",Perte de poids et fatigue,Troubles digestifs et nausées,b,4
754,OIC-099-08-A,Quels sont les facteurs pris en compte dans l'évaluation du risque cardiovasculaire global par les équations SCORE2 et SCORE2-OP ?,"âge, sexe, cholestérol non-HDL, tabagisme, pression artérielle systolique","âge, sexe, cholestérol HDL, hypertension artérielle, diabète","tabagisme, pression artérielle systolique, cholestérol non-HDL, âge, sexe","hypertension artérielle, diabète, cholestérol HDL, tabagisme",a,4
755,OIC-099-08-A-,Quels sont les trois grands types de dyslipidémies?,"Hypercholestérolémie, hypertriglycéridémie, hyperlipidémie","Hyperlipidémie, diabète, syndrome métabolique","Hypercholestérolémie pure, hypertriglycéridémie pure, hyperlipidémie mixte","Maladies, médicaments, dyslipidémies associées au diabète",c,4
756,OIC-099-09-A,Quel est l'élément clé impliqué dans la formation d'une plaque d'athérome?,HDL-cholestérol,LDL-cholestérol,Triglycérides,Inflammation,b,4
757,OIC-099-10-A,Quel est le diagnostic réalisé pour détecter les anomalies lipidiques ?,Exploration d'une Anomalie Lipidique (EAL),Analyse de sang complet,Échographie cardiaque,IRM cérébrale,a,4
758,OIC-099-10-A-,Quels sont les signes cliniques que l'on peut observer dans les hypercholestérolémies ?,"xanthomes tendineux, xanthélasma et arc cornéen",xanthomatose éruptive et lipémie rétinienne,hypertension artérielle et diabète,asthme et eczéma,a,4
759,OIC-099-11-B,Quelles sont les principales causes d'hyperlipidémies secondaires ?,Alcoolisme et diabète,"Endocrinopathies, maladies rénales, atteintes hépatiques, médicaments",Obésité et manque d'exercice,Fumeurs et personnes âgées,b,4
760,OIC-099-11-B-,Quels sont les éléments du bilan biologique à la recherche d'une hyperlipidémie secondaire ?,"TSH, créatininémie, protéinurie (bandelette urinaire), phosphatases alcalines.","Glucomètre, glycémie de jeun, protéine C réactive.","HDL, LDL, triglycérides, cholestérol total.","Taux d'insuline, taux de cortisol, taux de TSH.",a,4
761,OIC-099-12-A-,Quel est le recommandé pour les personnes avec hypercholestérolémies ?,Augmenter l'apport quotidien en graisses >35% de l'apport calorique total,Réduire les acides gras saturés (>10%),Privilégier les acides gras mono-insaturés et polyinsaturés omega-3,Encourager la consommation de viande rouge,c,4
762,OIC-099-13-A,Quelle est la définition de l'artériopathie oblitérante des membres inférieurs (AOMI)?,Présence d'une plaque dans une artère du membre inférieur,Présence de lésions d'athérosclérose au niveau de l'aorte et des artères sous-jacentes perfusant les membres inférieurs,Obstruction totale d'une artère du membre inférieur,Présence d'un anévryse dans une artère du membre inférieur,b,4
763,OIC-099-15-B,Quel est le but principal du traitement médical de l'AOMI?,Freiner l'évolution de la maladie athéromateuse,Instituer un traitement chirurgical systématique,Améliorer la perfusion du territoire atteint,Augmenter la distance de marche,a,4
764,OIC-099-15-B-,Quel est le pronostic global après une ischémie aiguë des membres inférieurs ?,90% de bons résultats,50% de bons résultats,75% de décès,100% d'amputations,b,4
765,OIC-099-16-A,Quel est le critère ultime de gravité dans un cas d'ischémie aiguë ?,La douleur intense,La palpation des pouls,La paralysie,L'hypo-esthésie,c,4
766,OIC-099-16-A-,Quelle est la cause principale de l'ischémie aiguë à la phase aiguë ?,Embolie,Thrombose,Artériopathie connue,Arythmie cardiaque,a,4
767,OIC-099-17-B-,Quels sont les facteurs de risque principaux de l'anévrisme de l'aorte abdominale (AAA) ?,"Tabagisme, âge avancé et sexe féminin","Tabagisme, âge avancé et sexe masculin","Antécédents familiaux d'AAA, hypertension artérielle et diabète","Obésité, hyperlipidémie et activité physique régulière",b,4
768,OIC-100-01-A-,Quel est le plus souvent le mode de découverte d'un anévrisme aortique (AAA) ?,Par douleur abdominale ou lombaire,Fortuitement par examen clinique ou imagerie médicale,Par symptômes d'occlusion artérielle aiguë de membre inférieur,Par syndrome de l'orteil bleu,b,4
769,OIC-100-02-A,Quel est l'examen de dépistage et de suivi des AAA asymptomatiques ?,TDM thoraco-abdomino-pelvienne,IRM,Echographie abdominale,Artériographie,c,4
770,OIC-100-02-A-,Quel est l'objectif principal de la surveillance d'un anévrisme de l'aorte abdominale (AAA) ?,Prévenir la rupture de l'anévrisme,Contrôler les facteurs de risque cardiovasculaire,Évaluer la fonction rénale et respiratoire,Déterminer le type de traitement chirurgical,a,4
771,OIC-100-03-A,Quelle est la situation d'urgence la plus grave chez un patient porteur d'un anévrisme de l'aorte abdominale ?,Anévrisme rompu,Ischémie aiguë de membre inférieur,Fistule aorto-cave ou une fistule aorto-digestive,Anévrisme douloureux,a,4
772,OIC-100-04-B,Quel est le symptôme le plus précoce et le plus constant de l'ischémie digestive chronique ?,Douleur abdominale post-prandiale,Eviction alimentaire,Amaigrissement,Diarrhées,a,4
773,OIC-100-04-B-,Quelle est la définition d'une thrombose veineuse profonde (TVP) ?,Obstruction totale de l'artère pulmonaire,Obstruction partielle ou totale par un thrombus endoluminal dans tout l'arbre veineux,Embolie d'un thrombus veineux au niveau des artères pulmonaires,Détérioration de la fonction hémodynamique due à une EP,b,4
774,OIC-100-05-A,Quels sont les facteurs de risque transitoires majeurs pour la maladie thromboembolique veineuse (MTEV) ?,Chirurgie avec anesthésie générale > 30 min dans les 3 derniers mois,Immobilisation médicale > 3j dans les 3 derniers mois,Gynécologie – obstétrique,Traumatologie,a,4
775,OIC-100-05-A-,Quelle est la cause principale de l'hypercoagulabilité dans la triade de Virchow ?,Les thrombophilies acquises ou héréditaires constitutionnelles,"Les situations thrombogènes comme le cancer, les maladies inflammatoires, la grossesse, le post partum...",L'immobilisation et les interventions chirurgicales,Le sepsis,a,4
776,OIC-100-06-A,Quels sont les signes cliniques évocateurs d'une suspicion de TVP ?,douleur spontanée du membre inférieur,dilatation veineuse superficielle en l’absence de varices,œdème unilatéral,tous les signes mentionnés,d,5
777,OIC-100-06-A-,Quelle est la définition d'une EP à haut risque de mortalité (EP grave) ?,Une pression artérielle systolique < 90 mmHg ou une chute de PAS ≥ 40 mmHg pendant plus de 15 minutes,"Un sepsis, une arythmie ou une hypovolémie",Un risque de mortalité > 30 %,Une urgence vitale absolue,a,4
778,OIC-100-07-A,Quels sont les D-dimères ?,produits de dégradation de la fibrine,non spécifiques,forte valeur prédictive négative,seuil diagnostique ajusté à l'âge,a,4
779,OIC-100-08-A,Quel est l'examen de référence pour diagnostiquer une EP?,Scintigraphie de ventilation-perfusion,Angiotomodensitométrie thoracique (angio-TDM),Échographie cardiaque trans-thoracique,Tous les examens mentionnés sont équivalents pour diagnostiquer une EP,b,4
780,OIC-100-08-A-,Quels sont les signes d'une EP grave?,Pression artérielle systolique (PAS) < 90 mmHg ou chute de la PAS ≥ 40 mmHg pendant plus de 15 minutes,Fever et douleur abdominale,Toux et fatigue,Carence en vitamine D,a,4
781,OIC-100-09-A,Quel est le traitement anticoagulant recommandé en première intention pour les TVP/EP non graves ?,Héparine de bas poids moléculaire (HBPM),"Anticoagulants oraux directs (AODs) (Rivaroxaban, Apixaban)",Héparine non fractionnée (HNF),Fondaparinux,b,4
782,OIC-100-09-A-,Quel est l'objectif principal du port d'une compression élastique en cas de TVP des membres inférieurs ?,Réduire le risque d'embolie pulmonaire,Diminuer l'œdème et la douleur à la phase aiguë,Prévenir les complications cardiaques,Améliorer la mobilité des membres inférieurs,b,4
783,OIC-101-01-B,"Quelle est la recommandation en matière de contraception pour les femmes ayant un antécédent de MTEV (TVP, EP)?",Les contraceptions à base d'œstrogènes sont autorisées.,Une pilule micro-progestative ou un dispositif intra-utérin peuvent être proposés en remplacement.,Toutes les formes de contraception sont égales pour ces femmes.,"Les contraceptions à base d'œstrogènes sont contre-indiquées, mais aucune alternative n'est recommandée.",b,4
784,OIC-101-01-B-,Quels sont les patients qui nécessitent une thromboprophylaxie médicamenteuse ?,Tous les patients hospitalisés,Les patients présentant plusieurs facteurs de risque de MVTE en médecine ou en chirurgie avec certains types d'interventions,Seuls les patients en chirurgie orthopédique,Aucun patient ne nécessite une thromboprophylaxie médicamenteuse,b,4
785,OIC-101-02-A,Quelle est la durée minimale recommandée de traitement anticoagulant en cas de TVP proximale ou d’embolie pulmonaire ?,6 mois,3 mois,1 an,2 ans,b,4
786,OIC-101-03-A,Quel est le risque de complications à long terme après une thrombose veineuse profonde (TVP) ?,Moins de 10%,20-50%,Plus de 70%,80-90%,b,4
787,OIC-101-03-A-,Quelle est la complication à dépister avant d'arrêter un traitement anticoagulant pour EP?,Hypertension artérielle,Dyspnée,Insomnie,Diabète,b,2
788,OIC-101-04-A,Quel est l'objectif principal d'un écho-Doppler veineux dans le diagnostic et la prise en charge d'une TVS?,Diagnostiquer une TVP,"Confirmer le diagnostic, estimer l'extension de la TVS et exclure une TVP",Traitement anticoagulant,Compression élastique,b,4
789,OIC-101-04-A-,Qu'est-ce que l'insuffisance veineuse chronique (IVC) ?,Une maladie du système nerveux profond et/ou superficiel,"Un dysfonctionnement du système veineux profond et/ou superficiel, résultant d'une incontinence valvulaire",Une dilatation permanente des veines superficielles des membres inférieurs,Une maladie du système circulatoire profond et/ou superficiel,b,4
790,OIC-101-05-A,Quel est le principal mécanisme responsable de la survenue d'insuffisance veineuse chronique et de varices ?,Reflux veineux,Obstruction veineuse,Dysfonctionnement du système cardiovasculaire,Problèmes respiratoires,a,4
791,OIC-101-05-A-,Quel est le mécanisme essentiel du syndrome post-thrombotique (SPT) ?,L'obstruction veineuse résiduelle uniquement,La destruction valvulaire uniquement,Les deux mécanismes : destruction valvulaire et obstruction veineuse résiduelle,Aucun mécanisme spécifique,c,4
792,OIC-101-06-A,Quelles sont les principales causes de défaillance du retour veineux qui entraînent l'IVC?,L'âge et la perte de volume musculaire,"Les varices, l'insuffisance valvulaire primitive profonde et le syndrome post-thrombotique",La compression veineuse extrinsèque chronique et les malformations veineuses,L'alcoolisme et la prise de tabac,b,4
793,OIC-101-06-A-,Quels sont les facteurs favorisant l'insuffisance veineuse chronique et les varices ?,"L'hérédité, le mode de vie actif, la jeunesse, le sexe masculin.","L'hérédité, le mode de vie sédentaire, l'âge, le sexe féminin.","Le surpoids, l'exposition à la chaleur, l'orthostatisme prolongé, la constipation chronique.","La maladie cardiaque, les grossesses multiples, la prise de médicaments.",b,4
794,OIC-101-07-A,Quelle est la prévalence estimée de l'insuffisance veineuse chronique (IVC) dans les pays industrialisés?,10-20%,30-60%,70-80%,90-100%,b,4
795,OIC-101-08-B,Quel est le siège principal d'un ulcère veineux?,Pied,Genou,Malléole,Cheville,c,4
796,OIC-101-08-B-,Quels sont les éléments recherchés lors de l'examen clinique pour diagnostiquer l'IVC ?,Seul l'inspection des veines,"La palpation recherche une douleur, une induration évocatrice d’une thrombose veineuse superficielle",L'examen clinique est complété par la réalisation d’un écho-doppler veineux en position debout,Tous les éléments ci-dessus sont recherchés lors de l'examen clinique,d,4
797,OIC-101-09-B,Quels sont les principes de prise en charge thérapeutiques de l'insuffisance veineuse chronique (IVC) ?,"Hygiène de vie, compression élastique et traitement médicamenteux","Sclérothérapie, techniques thermiques endoveineuses et chirurgie",Traitement médicamenteux uniquement,Compression élastique uniquement,a,4
798,OIC-101-09-B-,Quels sont les types d'abords veineux ?,Central uniquement,Périphérique uniquement,Central et périphérique,Aucun des deux,c,4
799,OIC-101-10-A,Quelles sont les principales complications des abords veineux?,"Infectieuses, thrombotiques, mécaniques","Hémorragiques, emboliques (dont gazeuse)","Cardiaques, rénales, hépatiques","Oculaires, auditifs, articulaires",a,4
800,OIC-101-10-A-,Quelle est la bonne technique pour insérer une voie veineuse périphérique?,Insérer la aiguille dans le muscle,Utiliser un cathéter à guidage optique,Insérer la aiguille sous l'ongle du pouce,Insérer la aiguille dans une veine visible,d,2
801,OIC-101-11-A,Quels sont les facteurs qui influencent la fréquence des complications lors du suivi d'une voie veineuse?,La localisation et le contexte clinique,La durée d'implantation du matériel et la localisation,Le contexte clinique et la durée d'implantation du matériel,La localisation et le type de matériel utilisé,b,4
802,OIC-101-11-A-,Quel est l'objectif principal de la compression du point d'insertion lors du retrait d'une voie veineuse?,Limiter le risque d'hématome,Améliorer la circulation sanguine,Réduire l'inconfort du patient,Augmenter la pression artérielle,a,4
803,OIC-101-12-A,Quelles sont les conditions d'insertion d'une voie veineuse centrale ?,Lorsque la patiente est en état de choc cardiaque,Lorsqu'il existe une infection locale à l'emplacement prévu pour l'insertion,Lorsque le patient a un taux d'hématocrite élevé,Lorsque la voie veineuse centrale est nécessaire pour une thérapie ou un traitement médical,d,4
804,OIC-101-13-B,Quelle est la définition d'une douleur thoracique aiguë?,Une douleur dans le dos,Une douleur dans la région de la cage thoracique survenue de manière brutale,Une douleur dans les jambes,Une douleur dans la tête,b,1
805,OIC-101-14-B,Quels sont les signes de gravité respiratoires qui imposent des décisions thérapeutiques immédiates ?,Polypnée (>30/min) ou bradypnée (<10/min ou pauses respiratoires),"Cyanose, sueurs, désaturation <90%, tirage respiratoire","Hypotension artérielle, signes de chocs : marbrures, extrémités froides, oligurie","Troubles de conscience, confusion, agitation",a,4
806,OIC-101-14-B-,Quels sont les 4 urgences cardio-vasculaires pouvant entraîner une douleur thoracique ?,"A, B, C et D","Péricardite, Infarctus, Embolie et Dissection","Syndrome coronarien aigu, embolie pulmonaire, péricardite avec tamponnade, dissection aortique","Infarctus, Péricardite, Embolie et Syndrome coronarien aigu",c,4
807,OIC-102-01-B,Quels sont les signes cliniques fonctionnels de la dissection aortique ?,Douleur thoracique douce et diffuse,Malaise ou perte de connaissance (syncope),"Troubles neurologiques (obnubilation, aphasie, troubles sensitivo-moteurs)",Tous les signes mentionnés ci-dessus,d,4
808,OIC-102-01-B-,Quels sont les éléments à prendre en compte lors de l'anamnèse pour diagnostiquer une urgence cardiovasculaire ?,"Facteurs de risque cardiovasculaires, caractéristiques de la douleur et particularités de l'examen clinique",Seul les facteurs de risque cardiovasculaires,Seules les caractéristiques de la douleur,Aucun des éléments ci-dessus,a,4
809,OIC-102-02-A,Quel est le caractère électrocardiographique principal du syndrome coronarien aigu avec sus-décalage du segment ST ?,sous-décalage en miroir associé,sus décalage de ST ≥ 2 mm dans les précordiales et ≥ 1 mm en inférieur et latéral haut),négativation des ondes T,tachycardie sinusale (>100/min),b,4
810,OIC-102-03-B-,Quel est le but principal de la coronarographie dans le diagnostic et les principes de prise en charge du syndrome coronarien aigu ?,Identifier la cause sous-jacente des douleurs thoraciques,Décider du traitement approprié pour la lésion coronaire coupable,Évaluer les dommages causés par l'infarctus du myocarde,Déterminer si un patient a besoin d'une angioplastie ou non,b,4
811,OIC-102-04-B,Quel est l'examen de choix pour le diagnostic positif d'une dissection aortique ?,Echocardiographie trans-thoracique (ETT),Angioscanner thoracique,Echocardiographie trans-oesophagienne (ETO),Tomodensitométrie thoracique,b,4
812,OIC-102-04-B-,Quelles sont les principales causes d'angor fonctionnel ?,rétrécissement aortique serré,cardiomyopathie hypertrophique,tachycardies (fibrillation atriale),anémie et hyperthyroïdie,d,4
813,OIC-102-06-A,Quelle est la définition de l'insuffisance mitrale (IM)?,Dysfonctionnement de la valve aortique avec limitation d'ouverture ayant pour conséquence un obstacle à l'éjection systolique du ventricule gauche.,Dysfonctionnement de la valve mitrale avec défaut de fermeture systolique ayant pour conséquence une régurgitation de sang du ventricule gauche vers l'oreillette gauche en systole.,Dysfonctionnement de la valve aortique avec limitation d'ouverture ayant pour conséquence un obstacle à l'éjection systolique du ventricule gauche.,Dysfonctionnement de la valve mitrale avec défaut de fermeture en diastole ayant pour conséquence une régurgitation de sang de l'aorte vers le ventricule gauche en diastole.,b,4
814,OIC-102-07-A,Quelle est la principale cause du rétrécissement aortique dégénératif?,vieillissement,congénitale,post-rhumatismal,inflammatoire,a,4
815,OIC-102-08-A-,Quel est l'examen clé dans l'évaluation des valvulopathies?,L'échographie cardiaque transthoracique,L'échographie trans-oesophagienne,La radiographie thoracique,L'IRM cardiaque,a,4
816,OIC-102-10-A,Quel est le traitement percutané recommandé pour l'insuffisance mitrale ?,Mitraclip,Valvuloplastie aortique au ballon,Implantation d'une bioprothèse aortique par voie percutanée (TAVI),Commissurotomie percutanée,a,4
817,OIC-102-11-A,Quels sont les patients candidats à un TAVI pour le rétrécissement aortique ?,Tous les patients,Les patients ayant une espérance de vie > 1 an et en cas de contre-indication chirurgicale ou à haut risque chirurgical,Seuls les patients à haut risque chirurgical,Les patients âgés de moins de 65 ans,b,4
818,OIC-102-11-A-,Quel est le traitement médical indiqué pour l'insuffisance aortique (IA) sans indication chirurgicale ?,Chirurgie cardiaque,Traitement pharmacologique et règles hygiéno-diététiques,Hygiène bucco-dentaire uniquement,Aucun traitement médical,b,4
819,OIC-102-12-B,Quel est l'âge moyen des personnes atteintes d'insuffisance cardiaque ?,50-60 ans,70-80 ans,40-50 ans,20-30 ans,b,4
820,OIC-102-12-B-,Quelle est la définition universelle de l'insuffisance cardiaque (IC) ?,Un syndrome clinique avec des symptômes passés ou présents d'IC causés par une anomalie cardiaque structurelle et/ou fonctionnelle,Une incapacité du cœur à délivrer un débit suffisant aux besoins de l'organisme,Un taux élevé de peptide natriurétique,Des signes radiologiques échocardiographiques hémodynamiques,a,4
821,OIC-102-13-B,Quel est le mécanisme physiopathologique de l'œdème aigu pulmonaire (OAP) cardiogénique?,Insuffisance cardiaque gauche responsable d'un œdème pulmonaire transsudatif,Augmentation des pressions de remplissage ventriculaires gauches entraînant une élévation des pressions capillaires pulmonaires,Altération des échanges gazeux aboutissant à une hypercapnie,Hyperventilation entraînant une hypocapnie,b,4
822,OIC-102-13-B-,Quel est le principal résultat d'un débit cardiaque insuffisant?,Une augmentation des besoins métaboliques,Une hypoperfusion et une anoxie tissulaire,Un débit urinaire accru,Une pression artérielle systolique élevée,b,4
823,OIC-102-14-B,Quel est le déterminant du débit cardiaque qui dépend des propriétés intrinsèques cardiaques ?,Volume télédiastolique (VTD),Volume télésystolique (VTS),Fraction d’éjection FEVG,Inotropie et compliance,d,4
824,OIC-102-14-B-,Quel est le type d'œdème aigu du poumon lié à une altération de la membrane alvéolo-capillaire ?,œdème lésionnel,œdème pulmonaire cardiogénique,œdème hydrostatique,œdème aigu du poumon non spécifié,a,4
825,OIC-107-01-A-,Quel est le seuil de fraction d'éjection (FE) pour classer une insuffisance cardiaque à FEVG diminuée?,40%,50%,60%,70%,a,4
826,OIC-107-03-A-,Quels sont les peptides sécrétés par les cardiomyocytes atriaux et ventriculaires en cas de mise en tension du tissu ?,BNP (brain natriuretic peptide) et son précurseur le NT pro BNP,Insuline et glucagon,Adrénaline et acide bêta-amylase,ATP et ADN,a,4
827,OIC-107-04-A-,Quels sont les signes radiologiques traduisant la stase pulmonaire avec le Syndrome alvéolo-interstitiel ?,Redistribution vasculaire de la base vers les sommets,Lignes B de Kerley et œdème interstitiel,Opacités floconneuses à contours flous partant des hiles vers la périphérie,Tout les signes mentionnés précédemment,d,4
828,OIC-107-05-B,Quel est le principal objectif d'une radiographie thoracique dans un patient âgé présentant une insuffisance cardiaque?,Diagnostiquer une pneumonie,Évaluer la présence d'un œdème aigu du poumon,Déterminer le stade de l'insuffisance cardiaque,Identifier un trouble respiratoire sous-jacent,b,4
829,OIC-107-06-A,Quels sont les signes de gravité d'un OAP cardiogénique ?,"Fréquence respiratoire > 30/minute, sueurs profuses et cyanose",Pression artérielle systolique < 90 mmHg ou troubles de conscience,Douleur thoracique et surélévation du segment ST à l'ECG (ECG ST+),Fréquence cardiaque > 150/minute et oligurie,a,4
830,OIC-107-06-A-,Quel est le traitement symptomatique recommandé pour l'insuffisance cardiaque aiguë ?,Hospitalisation en unité de soins continu,"Prescription de diurétiques, dérivés nitrés et oxygénothérapie",Traitement bêtabloquant à introduire immédiatement,Intubation nasotrachéale et ventilation invasive,b,4
831,OIC-107-07-B,Quel est l'objectif principal du régime pauvre en sel dans le traitement de l'insuffisance cardiaque ?,Bannir la salière de la table et réduire la consommation de sel à 5-6 g par jour.,Augmenter la consommation de sel pour compenser les pertes dues à l'insuffisance cardiaque.,"Ne pas modifier la consommation de sel, car elle n'a aucun impact sur le traitement.",Consommer plus d'aliments salés pour améliorer la santé cardiaque.,a,4
832,OIC-108-02-A,Quel est le premier traitement inotrope utilisé pour un choc cardiogénique ?,a,b,c,d,a,1
833,OIC-108-02-A-,Qu'est-ce qu'une péricardite aiguë?,Une inflammation chronique des feuillets du péricarde,Une inflammation aiguë des feuillets du péricarde,Un épanchement péricardique chronique,Une élévation de la troponine sans myo-péricardite,b,4
834,OIC-108-03-A,Quels sont les signes fonctionnels d'une péricardite aiguë?,"Douleur thoracique, dyspnée et hoquet","Frottement péricardique, épanchement pleural et modifications ECG typiques","Myalgies, asthénie et fièvre modérée","Douleur thoracique, dyspnée et frottement péricardique",d,4
835,OIC-108-04-A,Quels sont les signes précoces de la péricardite aiguë sur l'ECG ?,"Sous décalage du PQ, Tachycardie sinusale",Anomalies diffuses non systématisées,Evolution classique en 4 stades,Peut être normal,a,4
836,OIC-108-04-A-,Quel est l'intérêt diagnostique d'une ponction péricardique ?,Diagnostiquer une insuffisance cardiaque,Apporter des éléments au bilan étiologique,Évaluer la fonction rénale,Déterminer le stade d'une maladie,b,4
837,OIC-108-05-A,Quel est le résultat normal de la radiographie thoracique dans une péricardite aiguë ?,Élargissement de la silhouette cardiaque,Rectitude du bord gauche ou « cœur en carafe » quand épanchement abondant,Epanchement pleural parfois associé,Normale le plus souvent,d,4
838,OIC-108-05-A-,Quel est le type d'ECG typique observé dans une péricardite aiguë?,"Sus décalage de ST, diffus, non systématisé, concave vers le haut",Sous décalage PQ,Onde Q,Miroir,a,4
839,OIC-108-06-A,Quels sont les facteurs prédictifs de tamponnade dans une péricardite aiguë ?,"Fièvre >38°C, symptômes présents depuis plusieurs jours, patient immunocompetent","Symptômes présents depuis plusieurs semaines, patient immunodéprimé, patient sous anticoagulant oral, après un traumatisme thoracique","Épanchement péricardique modéré, résistance au traitement anti-inflammatoire","Myocardite associée, épanchement péricardique abondant (>20mm)",b,4
840,OIC-108-06-A-,Quelle est la cause la plus fréquente de la péricardite aiguë ?,bactérienne,virale,auto-immune,traumatique,b,4
841,OIC-108-07-B,Quelle est l'étiologie de la péricardite précoce après un infarctus du myocarde?,Effusion hémopérique,Syndrome de Dressler,Infection bactérienne,Rupture myocardique,a,4
842,OIC-108-07-B-,Quel est le type de péricardite qui est plus rare mais plus grave ?,purulente,tuberculeuse,néoplasique,auto-immune,a,4
843,OIC-108-08-A,Quel est le traitement recommandé pour une péricardite aiguë bénigne ?,"Repos, antalgiques et bi-thérapie anti-inflammatoire",Corticoïdes en première intention,Aspirine ou ibuprofène avec colchicine,Arrêt du sport pendant 2 semaines,c,4
844,OIC-108-09-A,Quelles sont les principales causes de tamponnade ?,Purulente et tuberculeuse,Néoplasique et traumatique,Traumatique et virale,Hémorragique et post-IDM,b,4
845,OIC-108-10-A,Qu'est-ce que les palpitations ?,Une maladie cardiaque grave,Une sensation de perception anormale de battements cardiaques,Un symptôme d'anxiété,Une condition neurologique,b,4
846,OIC-108-10-A-,Quels sont les éléments de gravité dans la palpitation ?,"Terrain, mauvaise tolérance hémodynamique et tachycardie auriculaire","Terrain, mauvaise tolérance hémodynamique et tachycardie ventriculaire","Terrain, bonne tolérance hémodynamique et tachycardie auriculaire","Terrain, mauvaise tolérance hémodynamique et bradycardie ventriculaire",b,4
847,OIC-108-11-A-,Quel examen complémentaire est recommandé en cas de palpitations fréquentes (>1/semaine)?,NFS,Enregistrement ambulatoire de l’ECG,Échocardiographie,Épreuve d’effort,b,4
848,OIC-108-12-B,Quels sont les types d'extrasystoles ?,"Atriales, ventriculaires et jonctionnelles","Ventriculaires, atriales et supraventriculaires","Jonctionnelles, ventriculaires et sinusales","Atriales, supraventriculaires et ventriculaires",a,4
849,OIC-108-12-B-,Quelle est la définition de la tachycardie sinusale?,Une accélération du rythme sinusal normal,Un ralentissement du rythme cardiaque,Un type de fibrillation auriculaire,Une bradycardie sinusale,a,4
850,OIC-108-13-B-,Quel est le diagnostic ECG d'un Wolff Parkinson White?,Pré excitation ventriculaire,Fibrillation auriculaire,Tachycardie supraventriculaire,Boule de neige,a,4
851,OIC-108-14-B,Quel est le diagnostic d'élimination reposant sur un ECG percritique strictement normal ?,Infarctus du myocarde,Névrose cardiaque,Insuffisance cardiaque,Fibrillation auriculaire,b,4
852,OIC-108-14-B-,Quel est le phénomène de Raynaud?,acrosyndrome vasculaire permanent avec aspect froid et cyanique prononcé des extrémités,"acrosyndrome vasculaire paroxystique avec vasoconstriction, déclenché par l’exposition au froid","acrosyndrome trophique, siégeant aux orteils, plus rarement aux doigts",ischémies localisées aux doigts ou aux orteils,b,4
853,OIC-108-15-A,Quel est le caractère principal du phénomène de Raynaud ?,Douleurs des extrémités,Phases de modification de couleur des extrémités,Hyperhidrose,Ulcération de la pulpe digitale,b,4
854,OIC-108-15-A-,Quels sont les éléments cliniques qui permettent de suspecter un PR secondaire ?,le sexe féminin,la survenue après 40 ans,l'absence d'antécédents familiaux de PR,les ulcères digitaux (ou cicatrices rétractiles),d,4
855,OIC-108-16-B,Quels sont les signes dermatologiques de la sclérodermie systémique ?,"sclérose cutanée, télangiectasies, calcinose sous cutanée","doigts boudinés, ulcérations digitales, hippocratisme digital","acrocyanose, engelures, ischémie digitale","phénomène de Raynaud, érythermalgie, acrocyanose",a,4
856,OIC-108-16-B-,Quel est le but du test d'Allen ?,Évaluer la fonction rénale,Explorer la perméabilité des artères digitales et le fonctionnement des arcades palmaires,Diagnostiquer une maladie cardiaque,Mesurer la pression artérielle,b,4
857,OIC-108-17-B,Quel est le nom du phénomène qui se caractérise par des attaques répétées d'ischémie digitale et de cyanose des extrémités?,Phénomène de Raynaud,Acrocyanose,Érythermalgie,Engelures,a,4
858,OIC-108-17-B-,Qu'est-ce que l'on voit sur la photographie d'engelure ?,Une engelure est une blessure causée par un coup ou une chute.,Des engelures sont des lésions cutanées provoquées par le froid.,Une engelure est une maladie du système immunitaire.,Une engelure est un type de cancer de la peau.,b,4
859,OIC-109-01-A,Quel est l'objectif de la manœuvre d'Allen ?,Réduire le flux sanguin vers les doigts,Augmenter le flux sanguin vers les doigts,Mesurer la pression artérielle des doigts,Diagnostiquer l'acrosyndrome de Raynaud,b,4
860,OIC-109-01-A-,Quels sont les éléments à prendre en compte pour reconnaître un PR secondaire ?,Seul l'examen clinique est suffisant,L'interrogatoire et l'examen clinique doivent être complétés par la recherche d'anticorps antinucléaires et la capillaroscopie,La recherche d'anticorps antinucléaires est inutile,La capillaroscopie n'est pas nécessaire,b,4
861,OIC-109-02-A,Qu'est-ce que l'hyperthyroïdie ?,Une sous-production d'hormones thyroïdiennes,Un excès de production d'hormones thyroïdiennes liées à un hyperfonctionnement de la glande thyroïde,Une maladie du système immunitaire,Une cause génétique,b,4
862,OIC-109-02-A-,Quelle est la prévalence de l'hyperthyroïdie ?,"0,2 à 1,9 % toutes causes confondues",5 à 10 % toutes causes confondues,1 à 5 % toutes causes confondues,10 à 20 % toutes causes confondues,a,4
863,OIC-109-03-B,Quels sont les principaux signes cliniques associés à la thyrotoxicose chez l'adulte ?,"Fievre, douleur abdominale et diarrhée","Nervosité, troubles du sommeil, tachycardie, asthénie, tremblements, perte de poids, thermophobie, dyspnée d'effort, faiblesse musculaire, diarrhée","Fievre, douleur abdominale et vomissement","Douleur abdominale, diarrhée et perte de poids",b,4
864,OIC-109-03-B-,Quels sont les signes cliniques évocateurs d'une crise aiguë thyrotoxique?,"Fièvre, déshydratation et troubles cardiovasculaires","Perte de poids, fatigue et troubles digestifs","Douleurs articulaires, maux de tête et troubles musculaires","Troubles respiratoires, œdème et troubles neurologiques",a,4
865,OIC-109-04-A,Quelles sont les complications possibles de l'ophtalmopathie basedowienne ?,Inoculation palpébrale et cécité,"Neuropathie optique compressive, kératite d'exposition",Diplopie et atteinte cornéenne,Altérations du champ visuel et fibrose musculaire,b,4
866,OIC-109-04-A-,Quel est le dosage recommandé en deuxième intention si TSH est basse ?,T3L,T4L,TSH,T4S,b,3
867,OIC-109-05-A,Quels sont les signes biologiques non spécifiques de la maladie de Basedow ?,Une augmentation du cholestérol et des triglycérides,"Une discrète hyperglycémie, aggravation d'un diabète associé, élévation des enzymes hépatiques et leuconeutropénie avec lymphocytose relative",Une diminution du cholestérol et des triglycérides,Une augmentation des enzymes hépatiques,b,4
868,OIC-109-05-A-,Quelles sont les indications de la scintigraphie thyroïdienne ?,Diagnostic d'une hyperthyroïdie due à une tumeur maligne,"Diagnostic étiologique des hyperthyroïdies, notamment pour différencier entre les causes de l'hyperactivité thyroïdienne",Évaluation de la fonction thyroïdienne dans le cadre d'une hypothyroïdie,Détection précoce des cancers thyroïdiens,b,4
869,OIC-109-06-A-,Quels sont les critères diagnostiques d'une maladie de Basedow ?,Hyperthyroidie et absence d'orbitopathie,Dosage plasmatique positif des anticorps anti-récepteurs de la TSH,Scintigraphie thyroïdienne avec hyperfixation diffuse et homogène,Echographie-doppler thyroïdienne avec hypervascularisation diffuse,b,4
870,OIC-109-07-B,Quels sont les critères diagnostiques d'un nodule hypersécrétant ou d'un goitre multinodulaire toxique ?,"Clinique : un syndrome de thyrotoxicose, Bilan hormonal : une hyperthyroidie biologique périphérique, Échographie : un nodule ou plusieurs nodules à l'échographie thyroïdienne, Scintigraphie : une plage unique hyperfixante","Clinique : un syndrome de thyrotoxicose, Bilan hormonal : une hypothyroidie biologique périphérique, Échographie : un nodule ou plusieurs nodules à l'échographie thyroïdienne, Scintigraphie : une plage unique hyperfixante","Clinique : un syndrome de thyrotoxicose, Bilan hormonal : une hyperthyroidie biologique périphérique, Échographie : un nodule ou plusieurs nodules à l'échographie thyroïdienne, Scintigraphie : une alternance de plages de fixation chaudes et froides","Clinique : un syndrome de thyrotoxicose, Bilan hormonal : une hypothyroidie biologique périphérique, Échographie : un nodule ou plusieurs nodules à l'échographie thyroïdienne, Scintigraphie : une alternance de plages de fixation chaudes et froides",a,4
871,OIC-109-07-B-,Quels sont les médicaments qui peuvent entraîner une thyrotoxicose ?,Les produits de contraste iodés et certains anti-cancéreux,"L'amiodarone, les hormones thyroidiennes et l'interferon",Seuls les produits de contraste iodés,Tous les médicaments peuvent entraîner une thyrotoxicose,b,4
872,OIC-109-08-B,Quels sont les traitements symptomatiques de l'hyperthyroïdie?,Les antithyroidiens de synthèse,"Le repos, les bétabloquants et les sédatifs",La thyroïdectomie totale,Le traitement par iode radioactif,b,4
873,OIC-109-08-B-,Qu'est-ce que l'insuffisance surrénale ?,Une maladie qui résulte d'un excès de production de cortisol par les glandes surrénales.,Une maladie qui résulte d'un déficit de production de cortisol par les glandes surrénales pouvant être associé à un déficit de production d'aldostérone et d'androgène surrénalien.,Une maladie qui résulte d'un excès de production d'aldostérone par les glandes surrénales.,Une maladie qui résulte d'un déficit de production d'androgène surrénalien.,b,4
874,OIC-109-09-A-,Quels sont les signes cliniques généraux de l'insuffisance surrénale primaire ?,"Fevérence, diarrhée et douleurs abdominales","Asthénie, amaigrissement et anorexie avec conservation d'une appétence pour le sel","Tachycardie, hypotension artérielle et mélanodermie","Fievre, nausées et vomissements",b,4
875,OIC-109-11-B,Quelle est la raison pour laquelle le dosage de l'ACTH se fait à 8h le matin dans le cadre de l'insuffisance surrénale?,Parce que c'est l'heure où la valeur d'ACTH est la plus basse,Parce que c'est l'heure où la valeur d'ACTH suit le rythme nycthéméral du cortisol,Parce que c'est l'heure où la valeur de cortisol est la plus élevée,Parce que c'est l'heure où la valeur d'ACTH est constante,b,4
876,OIC-109-11-B-,Quel est l'objectif principal du test au synacthène ?,Explorer l'insuffisance corticotrope,Tester la fonction surrénale primaire et secondaire,Mesurer les niveaux de cortisol dans le sang,Diagnostiquer une insuffisance surrénale primaire,b,4
877,OIC-109-12-A,Quelles sont les principales causes d'insuffisance surrénalienne primaire de l'adulte?,Rétraction corticale auto-immune,Tuberculose bilatérale des surrénales,Iatrogènes,Causes vasculaires,a,4
878,OIC-109-12-A-,Quelle est la cause la plus fréquente d'insuffisance corticotrope ?,Tumeurs de la région hypothalamo-hypophysaire,Interruption d'une corticothérapie prolongée,Maladie auto-immune,Infection virale,b,4
879,OIC-109-13-A,Quelles sont les autres causes d'insuffisance corticotrope ?,"Atteinte auto-immune, granulomatose et traumatisme","Chirurgie hypophysaire, radiothérapie et nécrose brutale","Tumeur cérébrale, infection et médicament","Atteinte auto-immune, granulomatose, traumatisme et chirurgie hypophysaire",d,4
880,OIC-109-13-A-,Quel est le corticostéroïde qui a une demi-vie biologique la plus longue ?,a. Hydrocortisone,b. Prednisone,c. Dexaméthasone,d. Prednisolone,c,4
881,OIC-112-01-A,Quelle est la première étape dans le traitement de l'insuffisance surrénale aiguë ?,Administration d'un antihypertenseur,Administration d'une dose initiale d'hydrocortisone IV ou IM,Transport médicalisé en milieu hospitalier,Supplémentation potassique,b,4
882,OIC-112-01-A-,Quels sont les éléments essentiels à connaître pour l'éducation thérapeutique de l'insuffisant surrénalien chronique ?,Connaître son traitement et les mesures associées,Avoir une carte d'urgence,Savoir adapter le traitement aux situations particulières,Utiliser de façon pertinente les ressources du système de soins,a,4
883,OIC-112-02-A-,Quelle est la nature de l'insuffisance surrénale aiguë?,Une pathologie non vitale,Une urgence extrême,Une maladie chronique,Un problème mineur,b,4
884,OIC-112-03-B-,Quels sont les tests sanguins à effectuer si le diagnostic d'insuffisance surrénale est inconnu ?,Cortisol et ACTH,Rénine chez l'enfant,Insuline et glucose,Cholestérol et triglycérides,a,4
885,OIC-112-04-A,Quelles sont les causes de décompensation de l'insuffisance surrénale traitée ?,Seulement la pathologie intercurrente,Toutes pathologies intercurrentes et l'absence d'adaptation du traitement par hydrocortisone,L'absence d'adaptation du traitement par hydrocortisone uniquement,Aucune des options précédentes,b,4
886,OIC-112-05-B-,Quelle est la bonne dose d'hydrocortisone à administrer à un adulte en cas de stress ?,2 comprimés d'hydrocortisone 10 mg toutes les heures jusqu'à guérison/restitution ad integrum,"2 cp matin, midi et soir jusqu'à guérison/restitution ad integrum (au minimum 60 mg par 24 heures en trois ou quatre prises dont une prise vespérale)",4 comprimés d'hydrocortisone 10 mg toutes les deux heures,6 comprimés d'hydrocortisone 10 mg toutes les heures,b,4
887,OIC-112-06-A,Quelle est l'effet de l'absence d'activité de l'enzyme 21 hydroxylase sur la production de cortisol et d'aldostérone ?,Augmentation de la production de cortisol et d'aldostérone,"Diminution de la production de cortisol, mais augmentation de la production d'aldostérone",Diminution de la production de cortisol et d'aldostérone,Aucun effet sur la production de cortisol et d'aldostérone,c,4
888,OIC-112-07-B,Quel est l'examen complémentaire effectué systématiquement chez tous les nouveaux-nés en France depuis 1995 au 3ème jour de vie ?,Dosage de la 17 OH progestérone,Dosage d'acides gras à longue chaine,Analyse du sang pour détecter les anomalies génétiques,Échographie abdominale pour détecter les malformations rénales,a,4
889,OIC-112-08-B-,Quel est le type de diabète qui survient plutôt avant l'âge de 35 ans ?,diabète de type 2,diabète gestationnel,diabète de type 1,étiologies rares,c,4
890,OIC-121-01-A,Quelles sont les circonstances dans lesquelles le diabète peut être diagnostiqué?,Seulement lors d'une urgence,Lorsque la glycémie est supérieure ou égale à 2 g/l [11 mmol/l],Chez un patient symptomatique si la glycémie est supérieure ou égale à 2 g/l [11 mmol/l] et lors d'un dépistage,"Lorsque la glycémie veineuse à jeun ≥ 1,26 g/l à deux reprises.",d,4
891,OIC-121-02-B,Quel est le diabète qui se définit par la présence d'un diabète antérieur à une grossesse?,Diabète gestationnel,Diabète prégestationnel,Diabète de type 1 et 2,Diabète sucré,b,4
892,OIC-121-03-B,Quels sont les facteurs de risque représentatifs des atteintes macrovasculaires chez le patient diabétique type 2 ?,L'âge et le sexe,"L'équilibre glycémique (HbA1c), l'équilibre lipidique, l'équilibre tensionnel et le tabagisme",Le LDL et la PA systolique,La neuropathie et la douleur,b,4
893,OIC-121-03-B-,Quels sont les facteurs impliqués dans la physiopathologie du diabète de type 1 ?,prédisposition génétique uniquement,facteurs environnementaux uniquement,"prédisposition génétique, facteurs environnementaux et processus auto-immuns",processus auto-immuns uniquement,c,4
894,OIC-121-04-B,Quels sont les deux principaux mécanismes physiopathologiques du diabète de type 2?,Insulinopénie et hyperglycémie,Insulinosécrétion et insulinorésistance,Lipotoxicité et glucotoxicité,Inflammation chronique et sédentarité,b,4
895,OIC-121-04-B-,Quels sont les facteurs de risque de survenue de plaies de pied chez les patients atteints de diabète ?,AOMI et précarité sociale,"Neuropathie avec troubles de la statique/déformations du pied, ATCD d’ulcération, précarité sociale",Artériopathie et neuropathie isolée,Diabète et hypertension,b,4
896,OIC-121-05-B-,Quel est le stade de la néphropathie diabétique caractérisé par une hypertrophie glomérulaire sans signes en microscopie optique ?,Stade 1,Stade 2,Stade 3,Stade 4,a,4
897,OIC-124-01-A,Quel est le stade de la neuropathie diabétique qui se caractérise par des douleurs abdominales aggravées la nuit et une perte de poids ?,Neuropathie sensorimotrice,Neuropathie autonome,Polyradiculopathie thoracique,Mononévrite,c,4
898,OIC-124-02-B,Quel est le seuil de risque cardiovasculaire considéré comme faible ?,10-20%,10-30%,10%,20-30%,c,4
899,OIC-124-02-B-,Quels sont les signes cliniques d'un coma hyperosmolaire ?,"Troubles de vigilance, déshydratation intense, insuffisance rénale aiguë","Fievre, douleurs abdominales, nausées et vomissements","Dyspnée de Kussmaul, troubles digestifs, polyurie et perte de poids",Tous les signes cliniques mentionnés précédemment,a,4
900,OIC-124-03-B,Quel est le premier signe à identifier pour penser à une complication métabolique aiguë chez un diabétique?,Douleurs abdominales,"Sueurs, pâleurs, tachycardie",Hyperglycémie supérieure à 2.5 g/l,Trouble de la vigilance,d,4
901,OIC-124-03-B-,Quelle est la cause la plus fréquente de mortalité chez l’enfant diabétique de type 1 ?,Acidocétose,Hypoglycémie,Coma hyperosmolaire,Infection,a,4
902,OIC-124-04-A,Quels examens doivent être réalisés en urgence devant une suspicion de déséquilibre hyperglycémique ?,"cétonémie capillaire, ionogramme sanguin, urée, créatinine","ECG, BU, recherche clinique de foyer infectieux",calcul du trou anionique si hyperglycémie avec cétonémie positive,pH veineux et calcul de l'osmolarité si hyperglycémie avec cétonémie négative,a,4
903,OIC-124-04-A-,Quel est le traitement de référence du diabète de type 1 ?,Insulinothérapie intensifiée,Thérapie par médicaments oraux,Changement d'alimentation,Exercice physique régulier,a,4
904,OIC-124-05-A,Quels sont les buts de l'autosurveillance glycémique pour le patient ?,Suivre son diabète et gérer les situations d'urgence.,Adapter ses doses d'insuline et avoir une idée de l'équilibre glycémique moyen.,Seuls adapter ses doses d'insuline.,Avoir une idée de l'équilibre glycémique moyen et gérer les situations d'urgence.,b,4
905,OIC-124-05-A-,Quels sont les principes de base de la diététique pour le diabète de type 1?,Consommer uniquement des glucides,"Variété d'aliments, repas réguliers et collations si nécessaire",Eviter les protéines et les graisses,Faire jeûner pendant 24 heures par semaine,b,4
906,OIC-124-06-B,Quels sont les facteurs à prendre en compte pour déterminer la cible glycémique (HbA1c) ?,La durée du diabète uniquement,"L'espérance de vie, l'existence de co-morbidités et le risque d'hypoglycémies",Le profil clinique et biologique du patient uniquement,La motivation du patient uniquement,b,4
907,OIC-124-07-A,Quels sont les deux premiers gestes à effectuer en cas d'hypoglycémie chez un patient conscient ?,Ingestion de sucre ou injection de glucagon,Injection de glucagon ou ingestion de soda,Ingestion de soda ou injection de glucagon,Injection de glucagon ou ingestion de bonbons,a,4
908,OIC-124-07-A-,"Quel est l'objectif d'HbA1c pour un diabétique avec une filtration estimée < 30 ml/min/1,73 m2 ?",7%,8%,9%,10%,b,4
909,OIC-124-08-B,Quel est l'objectif principal en matière d'équilibre glycémique pour les patients atteints de rétinopathie diabétique ?,Réduire la pression artérielle,Équilibrer le taux de glucose dans le sang (HbA1c < 7%),Améliorer la vision,Diminuer les injections intraoculaires,b,4
910,OIC-124-08-B-,Quels sont les principes de prise en charge du pied du diabétique ?,Se limiter à des soins locaux sans examen minutieux,"Examiner minutieusement la plaie, rechercher un contact osseux (ostéite) et appliquer des soins locaux adaptés",Ne pas prendre en charge les lésions graves ou suspectes d'ostéite,Se concentrer uniquement sur la prise en charge chirurgicale sans soins généraux,b,4
911,OIC-124-09-B,Quel est le premier geste à effectuer en cas de cétose diabétique ?,Réhydratation sérum sale 0.9%,"Biologie : pH veineux, bicarbonates, ionogramme, créatinine, protidémie, hématocrite, CRP",ECG systématique,Voie veineuse périphérique,d,4
912,OIC-124-09-B-,Quel est le premier traitement recommandé pour le coma hyperosmolaire ?,Insulinothérapie immédiate,Réhydratation sévère et rapide avec NaCl 0.9%,Apports potassiques dès que la kaliémie est < 5 mmol/l,"Surveillance clinique pouls, TA, température, diurèse, conscience",b,4
913,OIC-124-11-B,"Quelle est la prise de poids recommandée pendant la grossesse pour une femme avec un IMC < 18,5 kg/m² ?",12-15 kg,11.5 - 16 kg,7-10 kg,9-12 kg,b,4
914,OIC-124-11-B-,Quelle est la recommandation pour la prise d'acide folique (vitamine B9) pendant la grossesse?,"200 µg/j, 28 jours après la conception","400 µg/j, 28 jours avant la conception et jusqu'à 12 semaines de gestation","1000 µg/j, dès le début de la grossesse","300 µg/j, uniquement pendant les 8 premières semaines de gestation",b,4
915,OIC-124-12-B,Quelles populations sont à risque nutritionnel pendant la grossesse ?,Les femmes en bonne santé et les familles aisées.,"Les adolescentes, les personnes vivant dans des milieux défavorisés, les fumeurs, les personnes obèses ou diabétiques.",Seules les grossesses gémellaires sont à risque.,Toutes les femmes enceintes sont à risque.,b,4
916,OIC-124-12-B-,Quelles sont les modalités de prévention de la carence en fer recommandées par la Haute Autorité de santé (HAS) ?,Supplémenter toutes les femmes enceintes avec 50 mg de fer métal/jour,Ne supplémenter que les patientes présentant une anémie prouvée à la NFS ou un taux faible de ferritine,Supplémenter uniquement pendant le troisième trimestre,Aucune prévention n'est nécessaire,b,4
917,OIC-124-13-B,Quels sont les aliments à éviter pour réduire le risque d'infection d'origine alimentaire ?,Les légumes crus,"Toutes les viandes crues ou peu cuites, les produits de charcuterie cuite nécessitant une conservation au froid, etc.",Les fruits secs,Les boissons sucrées,b,4
918,OIC-124-13-B-,Quels sont les aliments à risque pour la femme enceinte?,Les poissons,Les produits laitiers,Les légumes,Les fruits,a,4
919,OIC-124-14-A,Quel est l'objectif d'un certificat médical d'absence de contre-indication à la pratique sportive?,Obtenir ou renouveler une licence sportive fédérale,Participer à une compétition sportive lorsque le patient n'est pas licencié dans une fédération,Établir l'absence de contre-indication à la pratique du sport et mentionner les disciplines contre-indiquées,Tous les options précédentes,d,4
920,OIC-124-15-A,Quels sont les éléments à prendre en compte lors d'un interrogatoire pour délivrance du certificat médical d'absence de contre-indication à la pratique sportive ?,Seulement les symptômes évocateurs de pathologie cardiovasculaire à l'exercice,"Les antécédents personnels et familiaux, notamment les facteurs de risque cardiovasculaire, les traitements médicamenteux et une éventuelle consommation de compléments alimentaires, ainsi que les conditions de la pratique sportive","Seulement les mesures anthropométriques : taille, masse corporelle, IMC",Aucun élément n'est à prendre en compte lors d'un interrogatoire pour délivrance du certificat médical d'absence de contre-indication à la pratique sportive,b,4
921,OIC-124-15-A-,Quelles sont les particularités de la consultation médicale pour délivrer un certificat d'absence de contre-indication à la pratique sportive chez un enfant par rapport au sportif adulte ?,L'examen clinique se limite à l'évaluation de la fonction cardiaque.,Une attention particulière est portée à la statique rachidienne afin de dépister d’éventuels troubles de croissance.,La consultation ne prend pas en compte les activités physiques scolaires et extrascolaires.,L'examen médical se déroule différemment que pour un patient majeur.,b,4
922,OIC-124-16-B,Quelles sont les principales causes de contre-indication à la pratique sportive?,Les causes de contre-indication à la pratique sportive sont essentiellement cardio-vasculaires.,Les causes de contre-indication à la pratique sportive sont essentiellement musculaires.,Les causes de contre-indication à la pratique sportive sont essentielles respiratoires.,Les causes de contre-indication à la pratique sportive sont essentielles neurologiques.,a,4
923,OIC-124-17-A,Quelles sont les principales pathologies liées à la pratique sportive chez l'enfant ?,Fractures et plaies,"Ostéochondroses, tendinopathies et fractures de fatigue",Maladies cardiaques et respiratoires,Problèmes d'obésité et de diabète,b,4
924,OIC-124-17-A-,Quel est le principal substrat des activités physiques d'intensité élevée ?,Les lipides,Les glucides,Les protéines,L'eau,b,4
925,OIC-124-18-B,Quels sont les besoins alimentaires des enfants sportifs?,Couvrir les besoins de base et spécifiques pour la croissance et le développement,Se limiter à une alimentation végétarienne,Consommer uniquement des produits laitiers,Eviter les glucides lents,a,4
926,OIC-124-18-B-,Quels aliments sont à privilégier à distance de l'exercice ?,Aliments à index glycémique élevé,Aliments à index glycémique faible,Aliments riches en protides,Aliments riches en lipides,b,4
927,OIC-124-19-B,Quels sont les facteurs de risque cardiovasculaire à rechercher à l'interrogatoire ?,"Tabac, HTA, Diabète, Dyslipidémie et âge","Sexe masculin, hérédité, douleur thoracique, palpitations et dyspnée","Malaise, perte de connaissance, tabagisme, hypertension artérielle","Diabète, HTA, Dyslipidémie, Tabac, Sexe masculin, Hérédité",d,4
928,OIC-124-19-B-,Qu'est-ce qu'un œdème?,Une accumulation de fluide dans le tissu interstitiel,Une inflammation du tissu interstitiel,Un manque d'oxygène dans le sang,Une infection du système lymphatique,a,4
929,OIC-127-01-A,Quels sont les causes possibles des œdèmes localisés?,Une augmentation de la pression veineuse,Un obstacle lymphatique,Une pathologie inflammatoire locale modifiant la perméabilité capillaire du fait de médiateurs de l’inflammation,Un médicament augmentant la perméabilité capillaire (Anticalciques de type Dihydropyridines),a,4
930,OIC-127-01-A-,Quels sont les mécanismes généraux de la formation des œdèmes?,L'augmentation de la pression hydrostatique capillaire,La diminution de la pression oncotique plasmatique,L'augmentation de la perméabilité capillaire,Tous les mécanismes ci-dessus,d,5
931,OIC-127-02-A,Quel est le signe du godet dans les œdèmes des membres inférieurs ?,Un œdème localisé,Un œdème généralisé,Un aspect de rétention hydrosodée,Une inflammation du membre inférieur,c,4
932,OIC-127-02-A-,Quels sont les signes cliniques des œdèmes généralisés?,bilatéraux et symétriques,unilatéraux ou asymétriques,"blancs, mous, indolores","rouges, durs, douloureux",a,4
933,OIC-127-04-B,Quels sont les principes du traitement symptomatique des syndromes œdémateux?,Restriction des apports sodés et augmentation de l'élimination du sodium,Augmentation de la pression artérielle et restriction des apports hydriques,Administration d'albumine ou d'autres produits responsables d'une expansion volémique,Traitement de la cause uniquement,a,4
934,OIC-127-04-B-,Qu'est-ce que l'hématurie ?,Une infection urinaire,La présence anormale d'hématies dans les urines,Un signe de déshydratation,Un symptôme de diabète,b,4
935,OIC-127-05-A,Quels sont les principaux mécanismes des hématuries ?,Lésion du parenchyme rénal ou de l'arbre urinaire avec effraction de vaisseaux sanguins,Passage des hématies à travers une membrane basale glomérulaire altérée,Absence de caillots par activation de l'urokinase tubulaire fibrinolytique,Présence de cylindres hématiques ou d'hématies déformées (acanthocytes) en rouleaux sur l'analyse du culot urinaire,a,4
936,OIC-127-05-A-,Quel est le diagnostic d'une hématurie microscopique?,Présence de sang visible à l'œil nu,Diagnostic sur une bandelette urinaire uniquement,Présence de caillots ou symptômes urologiques,Corrélation entre le type d'hématurie et la gravité de la maladie causale,b,4
937,OIC-127-06-B,Quelle est la valeur localisatrice d'une hématurie macroscopique initiale ?,Origine vésicale,Origine urétro-prostatique ou du col vésical,Origine rénale (urologique ou néphrologique),Origine urologique,b,4
938,OIC-127-06-B-,"Quel est l'examen complémentaire qui permet de confirmer l'hématurie (hématies dans les urines), de la quantifier et d'éliminer une infection urinaire ?",ECBU,Bilan minimal et de retentissement,Imagerie de 1ère intention,Fibroscopie urétro-vésicale,a,4
939,OIC-127-07-B,Quel est l'exemple d'hématurie en imagerie représenté dans la figure 1?,Polype vésical,Tumeur rénale à cellules claires,Caillotage pyélique,Carcinome de la prostate,c,4
940,OIC-127-07-B-,Quel est l'objet de la figure 3?,Une poche collectrice d'urine normale,Une poche collectrice d'urine avec une hématurie macroscopique,Un appareil médical utilisé pour diagnostiquer l'hématurie,Un schéma représentant la structure du rein,b,3
941,OIC-127-08-B,Quelle est la principale différence entre les deux bandeslettes urinaires présentées dans les figures 4 et 5?,La bandelette urinaire de figure 4 a une couleur plus claire que celle de figure 5.,La bandelette urinaire de figure 5 présente des traces de sang (hématurie) alors que celle de figure 4 est saine.,La bandelette urinaire de figure 4 a une forme plus grande que celle de figure 5.,La bandelette urinaire de figure 5 a un bord plus épais que celle de figure 4.,b,3
942,OIC-127-08-B-,Quelles sont les principales étiologies néphrologiques à rechercher en cas d'hématurie chez un adulte ou un enfant ?,Néphropathies glomérulaires,Néphropathies interstitielles aiguës,Causes néphrologiques avec présentation clinique urologique,Toutes les options précédentes sont correctes,d,4
943,OIC-127-09-A-,Quel est le premier niveau de l'arbre diagnostique des hématuries ?,Hématurie primaire ou secondaire,Infection urinaire,Problème rénal,Maladie du rein,a,4
944,OIC-132-01-A,Quel est le signe d'alerte majeur que représente une hématurie macroscopique ?,Une anémie par sa chronicité,Un caillotage vésical ou urétéral,Une dysurie récente,Une hématurie persistante,b,4
945,OIC-132-01-A-,Quel est le traitement recommandé pour une hématurie macroscopique caillotante sans rétention d'urine ou colique néphrétique ?,Maintenir un cathéter sus-pubien,Poser une sonde vésicale double courant,Recommander une bonne hydratation,Envisager une endoprothèse urétérale,c,4
946,OIC-132-02-A,Quels sont les critères pour diagnostiquer une protéinurie glomérulaire ?,"Dépistée par la bandelette, confirmée par le dosage et composée de moins de 60% d'albumine.","Dépistée par la bandelette, confirmée par le dosage et composée d'au moins 60% d'albumine.",Confirmée par le dosage mais pas dépistée par la bandelette.,Pas confirmée par le dosage.,b,4
947,OIC-132-03-A,Quelle est la principale cause de syndrome néphrotique chez l'enfant?,La glomérulopathie extra-membraneuse,Le syndrome néphrotique à lésions glomérulaires minimes (SNLGM),La néphropathie diabétique,La néphropathie lupique,b,4
948,OIC-132-03-A-,Quelles sont les principales étiologies des maladies glomérulaires ?,"Infections bactériennes, diabète et lupus","Vascularites, infections virales et maladies métaboliques","Maladies génétiques, gammapathies monoclonales et maladies inflammatoires chroniques",Toutes les options précédentes sont correctes,d,5
949,OIC-132-04-B,Quelles sont les principales indications pour une ponction biopsie rénale (PBR) ?,Tous les cas de néphropathie glomérulaire,"Les syndromes de néphropathie glomérulaire, à l'exception des quatre cas spécifiques mentionnés",Seuls les cas de rétinopathie diabétique,Tous les cas de maladie rénale chronique,b,4
950,OIC-132-05-A,Quelles sont les principales caractéristiques histologiques de la glomérulopathie extra-membraneuse ?,Prolifération,Dépôts d'IgA et C3 mésangiaux ± endocapillaires,"IgG et C3 sur le versant externe de la MBG, aspect granuleux (extramembraneux)",Mésangiale ± extracapillaire,c,4
951,OIC-132-05-A-,Quels sont les principaux signes du syndrome néphrotique à lésions glomérulaires minimes (SNLGM)?,"début lent, syndrome néphrotique avec signes extra-rénaux, douleurs abdominales rares chez l'enfant, complications du syndrome néphrotique : thrombose, infections.","début brutal, syndrome néphrotique le plus souvent pur, douleurs abdominales fréquentes chez l’enfant, complications du syndrome néphrotique : thrombose, infections.","début lent, syndrome néphrotique avec signes extra-rénaux, douleurs abdominales rares chez l'enfant, absence de complications du syndrome néphrotique.","début brutal, syndrome néphrotique le plus souvent impur, douleurs abdominales fréquentes chez l’enfant, absence de complications du syndrome néphrotique.",b,4
952,OIC-132-06-A,Quel est le but premier du traitement d'un SNLGM idiopathique?,Réduire les symptômes de la néphropathie glomérulaire,Améliorer la fonction rénale,Traitement symptomatique du syndrome néphrotique,Éliminer la cause sous-jacente,c,4
953,OIC-132-06-A-,Quel est le mode évolutif le plus fréquent du SNLGM ?,corticodépendance,corticorésistance,corticosensibilité,insuffisance rénale chronique terminale,c,4
954,OIC-132-07-A,Quel est le diagnostic de base pour les glomérulopathies extra-membraneuses (GEM) ?,Biopsie rénale avec dépôts d'IgG et C3,Analyse sanguine avec anticorps anti-PLA2-R,Imagerie médicale avec évaluation des reins,Examens de laboratoire pour détecter les auto-antigènes,a,4
955,OIC-132-07-A-,Quel est le premier signe clinique qui évoque la néphropathie à IgA?,Hématurie microscopique,Hématurie macroscopique récidivante 48h après un épisode infectieux ORL,Protéinurie isolée,Douleurs abdominales,b,4
956,OIC-132-08-A,Quels sont les facteurs qui influencent le pronostic de la néphropathie à IgA primitive?,L'âge au diagnostic,"La présence d'une insuffisance rénale, la sévérité de l'HTA, l'importance de la protéinurie et le sexe masculin",Le type de traitement utilisé,La présence de maladies chroniques associées,b,4
957,OIC-132-08-A-,Quel est le diagnostic repose sur la détection d’Ac anti-MBG circulants et la biopsie rénale qui retrouve une GN avec croissants épithéliaux et des dépôts linéaires d’IgG le long de la MBG ?,Maladie de Goodpasture,Cryoglobulinémie,Lupus systémique,Glomérulonéphrites des infections bactériennes,a,4
958,OIC-132-09-A,Quels sont les facteurs de gravité d'un syndrome de GNRP?,L'insuffisance rénale et l'hémorragie intra-alvéolaire,"La détresse respiratoire, la hémorragie digestive et la péritonite",Le risque d'insuffisance rénale définitive et les complications aigües de l'insuffisance rénale aigüe,"La détresse respiratoire, la hémorragie digestive et le risque d'insuffisance rénale définitive",c,4
959,OIC-132-09-A-,Quelle est la forme typique de GN aiguë post-infectieuse?,GN aiguë post-staphylococcique,GN aiguë post-virale,GN aiguë post-bactérienne,GN aiguë post-streptococcique,d,4
960,OIC-132-10-A,Quels éléments paracliniques conduisent à suspecter une glomérulonéphrite aiguë post infectieuse ?,"Sédiment urinaire, protéinurie et fonction rénale","Dosage du complément, recherche d'infection bactérienne et biopsie rénale",Biopsie rénale seule,Sédiment urinaire uniquement,a,4
961,OIC-132-10-A-,Quel est le traitement des GEM primitives avec syndrome néphrotique persistant à 6 mois d’évolution et/ou avec insuffisance rénale ?,traitement symptomatique,immunosuppresseur,traitement de leur cause,aucun traitement,b,4
962,OIC-132-11-B-,Quel est un symptôme du syndrome de MAT?,Fébricule,Anémie hémolytique mécanique,Perte de poids,Douleur abdominale,b,4
963,OIC-132-12-B,Quels sont les types d'entéro bactéries qui peuvent causer le syndrome de microangiopathie thrombotique (MAT)?,"E. coli O157:H7, Salmonelles, Shigelles","Staphylocoques, Pseudomonas, Escherichia","Clostridium difficile, Campylobacter, Vibrio cholerae","Helicobacter pylori, Listeria monocytogenes, Yersinia enterocolitica",a,4
964,OIC-132-12-B-,Quel est le contexte dans lequel se présente généralement le SHU typique?,Après une infection respiratoire,"Chez l'enfant, après diarrhée sanglante à entérobactérie sécrétrice d'une Shigatoxine (E. Coli, Shigella)","Chez les adultes, après une blessure",Après un accident vasculaire cérébral,b,4
965,OIC-132-13-B,Quel est le diagnostic confirmé de la maladie décrite dans le texte ?,Insuffisance rénale aiguë seule,Anémie hémolytique et thrombopénie suite à une contamination alimentaire,Isolement de la souche de STEC ou détection par PCR de gènes codant pour les shigatoxines dans les selles,Anomalie de la voie alterne du complément acquise ou génétique,c,4
966,OIC-132-13-B-,Quel est le type de sténose des artères rénales qui représente 90% des cas?,athéromateuse,fibrodysplasie,athéromateuse et fibrodysplasie,aucun des deux,a,4
967,OIC-132-14-B,Quelle est la principale cause de sténose athéromateuse de l'artère rénale ?,Une HTA résistante à une trithérapie incluant un diurétique,Une dégradation de la fonction rénale sous IEC ou ARA2,Une insuffisance rénale chronique en cas de sténose bilatérale,"Un sujet âgé ayant plusieurs facteurs de risques cardiovasculaires, dont une HTA préexistante",d,4
968,OIC-132-14-B-,Quel examen est considéré comme l'examen de référence pour le diagnostic des sténoses de l'artère rénale ?,Échographie rénale,Doppler des artères rénales,Artériographie rénale,Tomodensitométrie spiralée,c,4
969,OIC-132-15-B,Quelle est la cause de l'infarctus rénal?,Une occlusion aiguë d'une artère rénale ou de ses branches,Une thrombophilie,Une HTA ancienne et insuffisamment contrôlée,Une rupture d'une plaque d'athérome,a,4
970,OIC-132-15-B-,Quel est l'examen de référence pour confirmer le diagnostic d'infarctus rénal ?,Biologie,Tomodensitométrie spiralée,Angio-IRM,Artériographie,b,4
971,OIC-132-16-B,Qu'est-ce que la lithiase urinaire?,Une infection urinaire,Une maladie qui provoque la formation de calculs dans la voie urinaire excrétrice,Un traitement médical pour les calculs urinaires,Une opération chirurgicale pour enlever les reins,b,4
972,OIC-133-01-A,Quel type de calcul est le plus fréquent?,Phosphate de calcium,Oxalate de calcium,Acide urique,Cystine,b,4
973,OIC-133-01-A-,Quels sont les principaux facteurs lithogènes?,Les infections urinaires,"La consommation excessive de sel, de protéines animales et de produits laitiers",Les anomalies anatomiques telles que le syndrome de la jonction pyelo-ureterale,Les facteurs familiaux tels qu'un antécédent urinaire dans 40% des cas,b,4
974,OIC-133-02-B,Qu'est-ce que la colique néphrétique?,Une douleur abdominale chronique,Un syndrome douloureux lombo-abdominal résultant de la mise en tension brutale de la voie excrétrice du haut appareil urinaire,Une maladie infectieuse des reins,Un problème de circulation sanguine aux reins,b,4
975,OIC-133-02-B-,Quels sont les facteurs favorisant la colique néphrétique ?,"Voyage, chaleur, déshydratation, activité physique, écarts de régime","Fumée, stress, manque d'exercice, bonne hygiène","Alcool, tabac, mauvaise alimentation, manque de sommeil","Médicaments, maladies chroniques, vieillesse, sexe masculin",a,4
976,OIC-133-03-A,Quels sont les critères pour définir une colique néphrétique simple ?,Présence de fièvre et frisson,Insuffisance rénale biologique et oligo-anurie,Cession avec un traitement antalgique par AINS sans fièvre ni insuffisance rénale,Présence de nausées et irradiations,c,4
977,OIC-133-04-A,"Quels sont les autres symptômes associés à un calcul urinaire, en plus de la colique néphrétique ?",Seulement la hématurie,La hématurie et l'insuffisance rénale,L'infection urinaire et l'insuffisance rénale,"Tous les symptômes mentionnés (hématurie, infections urinaires, insuffisance rénale)",d,4
978,OIC-133-04-A-,Quels examens d'imagerie sont indiqués en urgence pour une colique néphrétique compliquée ?,Echographie abdomino-pelvienne,Scanner abdomino-pelvien sans injection de produit de contraste,Couple échographie réno-vésicale/ASP,TDM,b,4
979,OIC-133-05-B,Quels sont les examens biologiques réalisés en urgences pour identifier les formes graves/compliquées de colique néphrétique ?,"bandelette urinaire, NFS, ionogramme","examen cytobactériologique des urines, hémocultures si suspicion de colique néphrétique fébrile, dosage de la créatinine sérique","dosage de la créatinine sérique, examen cytobactériologique des urines","bandelette urinaire, hémocultures si suspicion de colique néphrétique fébrile",b,4
980,OIC-133-06-B,Quelles sont les principales anomalies métaboliques associées à des lithiases calciques?,Hyperparathyroidie,Hyperoxalurie,Hypercalciuries,Acidose tubulaire rénale,c,4
981,OIC-133-06-B-,Quelles sont les indications d'observation / Thérapie médicale expulsive (TME) pour un calcul de l'uretère ?,"probabilité élevée d'élimination spontanée, douleur calmée par antalgiques standards et absence de signe infectieux","probabilité faible d'élimination spontanée, douleur non calmée par antalgiques standards et présence de signe infectieux","insuffisance rénale aigue, obstruction chronique supérieure à 4-6 semaines",tous les cas de calcul de l'uretère,a,4
982,OIC-133-08-A,Quel est le critère pour diagnostiquer une acidémie ou une alcalémie ?,"pH artériel > 7,42 ou pH veineux > 7,38","pH artériel < 7,38 ou pH veineux < 7,32",PCO2 élevée ou basse,HCO3– basse ou élevée,b,4
983,OIC-133-08-A-,Quelles sont les anomalies cliniques graves à rechercher en cas de troubles de l'équilibre acido-basique ?,Fievre élevée et douleurs abdominales,"Diminution des débits cardiaques et tissulaires, dyspnée, arythmies ventriculaires, inhibition du métabolisme cellulaire, et coma",Douleur de tête et nausées,Perte d'appétit et fatigue,b,4
984,OIC-133-09-B,Quelle est la première étape pour diagnostiquer une acidose métabolique ?,"Caractériser si l'acidose métabolique est simple, mixte ou complexe",Affirmer l'acidose métabolique en fonction du pH sanguin artériel et de la valeur de HCO3–,Déterminer le trou anionique plasmatique (TA),Faire le diagnostic d'une acidocétose ou d'une acidose lactique,b,4
985,OIC-133-09-B-,Quel est le calcul du trou anionique urinaire (TAU) ?,U_Na + U_K - U_Cl,U_Na - U_K + U_Cl,U_Na + U_K + U_Cl,U_Na - U_K - U_Cl,a,4
986,OIC-134-01-A,Quelle est la cause principale de l'acidose respiratoire due à une dysfonction cérébrale ?,Infections,Traumatismes,Tumeurs,Sédatifs,d,4
987,OIC-134-01-A-,"Quel est le traitement nécessaire pour prévenir la fonte musculaire, la déminéralisation osseuse et chez l’enfant le retard de croissance dans le contexte d’une acidose métabolique chronique?",Apports de bicarbonate de sodium per os,Thérapie par dialyse,Alimentation riche en protéines,Hydratation excessive,a,4
988,OIC-134-02-B-,Quels sont les systèmes internes qui régulent le transfert intracellulaire du potassium via l'activité de la NaK-ATPase?,Les catécholamines et l'état acido-basique,L'insuline et les catécholamines,L'état acido-basique et l'aldostérone,L'insuline et l'aldostérone,b,4
989,OIC-134-03-A,Quelle est la définition de l'hyperkaliémie?,"Une concentration plasmatique du potassium inférieure à 5,0 mmol/L","Une concentration plasmatique du potassium supérieure à 5,0 mmol/L","Une concentration plasmatique du potassium égale à 5,0 mmol/L","Une concentration plasmatique du potassium inférieure à 3,5 mmol/L",b,4
990,OIC-134-03-A-,Quels sont les signes neuro-musculaires de l'hyperkaliémie ?,Anomalies de la sensibilité superficielle,Faiblesse musculaire et paralysie flasque,Hypotension artérielle,Défaillance respiratoire,b,4
991,OIC-134-04-A-,Quelles sont les étapes pour diagnostiquer l'hyperkaliémie?,"La recherche d'une fausse hyperkaliémie, L'évaluation des apports potassiques",La recherche de cause évidente de transfert du secteur intracellulaire vers l’extra-cellulaire ; La recherche d’une lyse cellulaire,La mesure de la kaliurèse ; La recherche de facteurs favorisant l’hyperkaliémie,Toutes les étapes mentionnées précédemment,d,4
992,OIC-134-06-A-,Quelle est la définition de l'hypokaliémie?,"Concentration plasmatique de potassium supérieure à 3,5 mmol/L","Concentration plasmatique de potassium inférieure à 3,5 mmol/L","Concentration plasmatique de potassium égale à 3,5 mmol/L",Concentration plasmatique de potassium supérieure à 6 mmol/L,b,4
993,OIC-134-07-A-,Quels sont les signes ECG présents dans l'hypokaliémie ?,Dépression du segment ST,Apparition d'une onde U pathologique,Allongement de l'espace QT,Tous les signes mentionnés sont corrects,d,4
994,OIC-134-08-A,Quelles sont les principales causes d'hypokaliémie avec pertes extra-rénales ?,"Diarrhées, vomissements","Insuline, agents β-adrénergiques","Pertes rénales, hyperaldostéronismes II",Carence d'apport en potassium,a,4
995,OIC-134-08-A-,Quel est le premier traitement à appliquer dans le cas d'une hypokaliémie sévère ?,Administration de glucose intraveineuse,Rétablir la kaliémie > 3 mmol/L via voie intraveineuse,Supplémentation potassique orale en règle suffisante,Correction systématique d'une hypomagnésémie associée,b,4
996,OIC-134-09-A,Quelle est la définition biologique de l'hyponatrémie sévère ?,< 125 mmol/L,< 120 mmol/L,> 135 mmol/L,Égale à 135 mmol/L,b,4
997,OIC-134-09-A-,Quel est le principal déterminant de l'osmolalité ?,Potassium,Sodium,Glycémie,Urée,b,4
998,OIC-134-10-A,Quel est le seuil sévère d'hyponatrémie?,120 mmol/L,110 mmol/L,130 mmol/L,100 mmol/L,a,4
999,OIC-134-10-A-,Quelle est la première étape pour diagnostiquer une hyponatrémie hypotonique ?,Mesurer directement l'osmolalité plasmatique,Évaluer le volume extra-cellulaire,Déterminer les critères diagnostiques du SIADH,Éliminer les hyponatrémies non hypo-osmotiques,d,4
1000,OIC-134-11-A,Quel est le traitement étiologique recommandé dans les hyponatrémies chroniques ?,La restriction hydrique,Le traitement symptomatique associé,L'arrêt d'un médicament ou le traitement d'une cause de SIADH,L'administration d'osmoles par urée per os,c,4
1001,OIC-134-11-A-,Quel est le principal risque de la correction rapide des hyponatrémies chroniques?,Myélinolyse centro-pontine (MCP),Déméntielles,Insuffisance rénale aiguë,Hypokaliémie,a,5
1002,OIC-136-01-B,Quel est le diagnostic biologique d'une déshydratation intracellulaire (DIC) ?,Hypernatrémie associée à une hyp-osmolalité plasmatique,Hypernatrémie associée à une hyper-osmolalité plasmatique (> 300 mOsm/Kg H2O),Hyponatrémie associée à une hyper-osmolalité plasmatique,Hypokaliémie associée à une hyp-osmolalité plasmatique,b,4
1003,OIC-136-01-B-,Quel est le rôle principal de l'hormone antidiurétique (ADH) dans la régulation du bilan d'eau ?,Réguler les sorties rénales,Fixer à des récepteurs spécifiques V2 sur les cellules principales du canal collecteur,Sécréter de l'ADH en réponse aux variations de l'osmolalité plasmatique et du volume plasmatique,Réguler la perméabilité du canal collecteur à l'eau,d,4
1004,OIC-136-02-A,Quels sont les signes neurologiques liés à l'hypernatrémie ?,Somnolence et asthénie,Troubles du comportement et fièvre d'origine centrale,Crise convulsive et coma,Hémorragies cérébro-méningées et thromboses veineuses cérébrales,c,4
1005,OIC-136-02-A-,Quelles sont les principales causes de déshydratation intracellulaire isolée?,"Perte digestive, cutanée ou rénale d'eau et de NaCl",Défaut d'apport d'eau et de NaCl,Une perte d’eau non compensée d’origine extrarénale « insensible » ,Hyperhydratation extracellulaire et Déshydratation intracellulaire,c,4
1006,OIC-136-03-A,Quelle est la vitesse de correction initiale recommandée pour une hypernatrémie aiguë symptomatique chez l'adulte ?,"0,5 mmol/L/h",2 mmol/L/h,10-12 mmol/L/j,15-18 mmol/L/24h,b,4
1007,OIC-136-03-A-,Quelles sont les circonstances dans lesquelles doit être prescrite une calcémie ?,Lorsque l'on présente des symptômes évocateurs tels que des troubles neuro-musculaires ou cardiaques.,Lorsque l'on a un antécédent d'intervention sur les parathyroïdes.,Lorsque l'on présente une hypoalbuminémie.,Toutes les options précédentes sont correctes.,d,4
1008,OIC-136-04-A,Quels sont les deux facteurs circulants qui régulent la concentration de calcium ionisé ?,PTH et calcitriol,PTH et vitamine D,calcium et phosphate,PTH et glucose,a,4
1009,OIC-136-04-A-,Quels sont les principaux signes cliniques associés à l'hypocalcémie ?,Troubles cardio-vasculaires,Troubles neuro-musculaires,Troubles gastro-intestinaux,Troubles respiratoires,b,4
1010,OIC-136-05-A,Quelles sont les principales anomalies ECG associées à l'hypocalcémie?,Élargissement de l'intervalle QT,Prolongation du temps de relaxation ventriculaire,Réduction de la fréquence cardiaque,Augmentation de la pression artérielle,a,4
1011,OIC-136-06-A-,Quel est le traitement recommandé pour les hypocalcémies sévères symptomatiques ?,Calcium per os,Calcium parentéral,Traitement de la cause,Symptômes uniquement,b,4
1012,OIC-136-07-A,Quelles sont les principales causes urologiques d'une lombalgie aiguë ?,Lithiase urinaire et pyélonéphrite,Infarctus rénal et traumatisme rénal,Douleur testiculaire projetée et polykystose rénale,Fibrose rétropéritonéale et protéinurie,a,4
1013,OIC-136-08-B-,Quels sont les signes cliniques en faveur d’une colique néphrétique ?,"Douleur lombaire unilatérale de début brutal, irradiation oblique distale et antérieure.",Douleur à la palpation du rachis et de masses musculaires para-vertébrales.,Absence de défense et bandelette urinaire positive pour le sang.,"Pollakiurie, brulures mictionnelles, hématurie.",a,4
1014,OIC-136-10-B,Quels sont les facteurs qui peuvent influencer le passage vers la chronicité de la lombalgie aiguë ?,Seulement des facteurs professionnels,Seulement des facteurs biopsychosociaux,Des facteurs biopsychosociaux et professionnels,Aucun facteur ne peut influencer la chronicité de la lombalgie aiguë,c,4
1015,OIC-136-10-B-,Quel est le pourcentage de consultations de pédiatrie en médecine libérale liées à la constipation chez les jeunes enfants?,3%,5%,10%,15%,b,4
1016,OIC-136-11-A,Quelle est la définition de la constipation chronique?,Une réduction du nombre de selles hebdomadaires (< 3 selles/semaine),Des efforts de poussée exagérés pour exonérer ce qui définit la dyschésie,L'association des deux précédentes,Toutes les options précédentes sont correctes,d,4
1017,OIC-136-12-B,Quels sont les signes d'alarme qui nécessitent une coloscopie avec anesthésie générale ?,"Symptômes apparus ou s'aggravant après 50 ans, modification récente et inexpliquée du transit","Altération de l'état général, modification récente et inexpliquée du transit",Antécédent familial au premier degré de cancer colique,Tous les signes d'alarme mentionnés précédemment,d,4
1018,OIC-136-12-B-,Quel est l'objectif principal de l'interrogatoire dans le diagnostic de la constipation?,Rechercher les symptômes en faveur d'une cause secondaire,Confirmer le diagnostic et rechercher des facteurs favorisants,Apprécier le retentissement sur la qualité de vie,Mettre en évidence les signes d'alarme en faveur d'un cancer colorectal,b,4
1019,OIC-142-01-B,Quels sont les deux mécanismes de la constipation idiopathique ou primitive?,rétention d'eau et diarrhée,ralentissement du transit colique et/ou trouble de l’évacuation rectale,insomnie et douleurs nocturnes,amaigrissement et rectorragies,b,4
1020,OIC-142-02-B-,Quels sont les principes de prise en charge de la constipation chronique chez l'enfant?,Personnalisé et adapté à l'âge,Explications des mécanismes physiopathologiques (vacuité rectale),Mesures hygiéno-diététiques,Traitement médicamenteux avec lavements si fécalome,a,4
1021,OIC-145-02-B-,Quels sont les principaux symptômes de la colopathie fonctionnelle?,"Douleur abdominale chronique, trouble du transit et diarrhée","Ballonnement abdominal, sensation de plénitude ou d'inconfort abdominal et constipation","Sensation de fatigue chronique, myalgies et arthralgies diffuses sans substrat organique","Douleur abdominale intermittente, trouble du transit et ballonnement abdominal",d,4
1022,OIC-145-03-B-,Quelles sont les indications de la coloscopie ?,Seulement en présence de signes cliniques d’alarme,"En cas de symptomatologie diarrhéique, anomalie à l’examen clinique ou anomalie biologique",En cas de sous-type diarrhéique uniquement,Jamais en présence d’anomalie biologique,b,4
1023,OIC-145-04-B,Quels sont les principaux diagnostics différentiels d'une colopathie fonctionnelle ?,"Maladies inflammatoires de l'intestin, maladie cœliaque",Colites microscopiques et iatrogénie,Tous les options ci-dessus sont corrects,Aucun des options ci-dessus n'est correct,c,4
1024,OIC-145-04-B-,Quel est l'objectif principal de la prise en charge thérapeutique dans le cas d'une colopathie fonctionnelle?,Guérir la maladie,Améliorer les symptômes et la qualité de vie,Éviter les traitements médicamenteux,Réduire les coûts médicaux,b,4
1025,OIC-145-05-B,Quels sont les éléments constitutifs des hémorroïdes?,Des vaisseaux sanguins et du tissu musculaire,"Des lacs veineux dilatés, de petites artérioles ou shunts artério-veineux, d’un tissu de soutien et d’un épithélium de revêtement",Du tissu collagène et des fibres musculaires lisses,Des vaisseaux sanguins et du tissu nerveux,b,4
1026,OIC-145-05-B-,Quel est l'estimation de la fréquence de la pathologie hémorroïdaire en France?,La moitié de la population adulte française,Un tiers de la population adulte française a eu au moins un symptôme hémorroïdaire au cours de la dernière année,Les deux tiers de la population adulte française ont consulté pour cela,La majorité de la population adulte française n'a jamais eu d'hémorroïdes,b,4
1027,OIC-145-06-B,Quelle est la théorie qui repose sur une fragilisation du tissu de soutien ou matériel d'ancrage des hémorroïdes internes ?,La théorie vasculaire,La théorie mécanique,La théorie anatomique,La théorie physiologique,b,4
1028,OIC-145-07-B,Quelle est la caractéristique principale d'une thrombose hémorroïdaire externe?,Elle n'est pas sensible à la palpation,Elle modifie les plis radiés de l'anus,Elle est souvent associée à une réaction œdémateuse,Elle impose toujours d'anuscopie pour son diagnostic,c,4
1029,OIC-145-08-A,Quel est le principal défi diagnostique en cas de hémorroïdes internes ?,La difficulté à identifier les symptômes spécifiques,La nécessité d'une approche sémiologique fine et d'un bon examen clinique,Le manque de connaissances sur la pathologie hémorroïdaire,L'impossibilité de réaliser des tests diagnostiques,b,4
1030,OIC-145-08-A-,Quel est le diagnostic différentiel de la thrombose hémorroïdaire externe?,Hémorragie rectale,Infection du siège d'un abcès anal,Tumeur maligne du rectum,Proctite chronique,b,4
1031,OIC-145-10-A,Qu'est-ce que l'on voit sur la photographie de thrombose hémorroïdaire?,Une ulcération au sommet du caillot,Un caillot sanguin dans le rectum,Une inflammation de l'intestin,Une douleur abdominale,a,4
1032,OIC-145-12-A-,Quels sont les critères pour considérer une hémorroïde comme étant indiquée à la chirurgie ?,Lorsque l'hémorroïde est très douloureuse mais pas sanglante.,Lorsque l'hémorroïde est très grande et sanglante.,Lorsque l'hémorroïde est petite et non sanglante.,Lorsque l'hémorroïde est très douloureuse mais pas visible.,b,4
1033,OIC-145-13-A,Quel est l'évolution spontanée de la thrombose hémorroïdaire externe ?,La thrombose se complique souvent et peut entraîner des complications graves.,La résorption est rapide (moins de 24 heures) sans cicatrice en relief.,"La thrombose est bénigne, la résorption est lente (plusieurs jours), et une cicatrice en relief peut rester.",Les complications suppuratives secondaires sont fréquentes.,c,4
1034,OIC-145-13-A-,Quelle est la différence entre une tumeur primitive et une tumeur secondaire ?,"Une tumeur primitive est issue d'un tissu intracrânien, tandis qu'une tumeur secondaire est issue de la dissémination intracrânienne d'une tumeur prenant son origine dans un autre organe/système.","Une tumeur primitive est bénigne, tandis qu'une tumeur secondaire est maligne.","Une tumeur primitive est intra parenchymateuse, tandis qu'une tumeur secondaire est extra parenchymateuse.","Une tumeur primitive est maligne, tandis qu'une tumeur secondaire est bénigne.",a,4
1035,OIC-145-14-B,Quelle est la définition d'une tumeur primitive de l'encéphale?,Tumeur intra-axiale développée à partir des méninges,Tumeur extra-axiale développée à l'intérieur du cerveau,Tumeur intra-axiale développée à l'intérieur de l'encéphale lui-même,Tumeur extra-axiale développée à partir des nerfs crâniens,c,4
1036,OIC-145-14-B-,Quel est le type de tumeur qui se développe à partir des cellules arachnoïdiennes ?,Gliome,Méningiome,Adénome hypophysaire,Schwannome,b,4
1037,OIC-153-03-A,Quels sont les signes d'une hypertension intracrânienne (HTIC) chez un patient porteur d'une tumeur intra-cérébrale ?,Saignement intra-tumoral et somnolence,"Œdème majeur, hydrocéphalie obstructive et atteinte du II, VI",Troubles de la vigilance et coma,Tous les signes mentionnés ci-dessus,d,4
1038,OIC-153-03-A-,Quel est le traitement recommandé pour un patient porteur d'une tumeur intra-cérébrale avec œdème vasogénique péri-tumoral ?,Chirurgie de résection,Corticothérapie et diurétiques,Pas de traitement spécifique,Traitement fonction du mécanisme,b,4
1039,OIC-153-04-A,Quelles sont les principales familles de tumeurs cutanées malignes?,"Basocellulaire, épidermoïde et lymphome","Mélanome, basocellulaire et épidermoïde","Tumeur induite par HPV, mélanome et basocellulaire","Épidermoïde, mélanome et tumeur de Kaposi",b,4
1040,OIC-153-04-A-,Quel est le type de verrue plantaire le plus fréquent?,Verrues en mosaïque,Verrues vulgaires communes,Verrues myrmécie,Verrues planes communes,c,4
1041,OIC-153-05-A,Quel est le type de carcinome cutané le plus fréquent en France?,Carcinome épidermoïde,Carcinome basocellulaire,Mélanome,Adénocarcinome,b,4
1042,OIC-153-06-B,Quelle est la forme de carcinome basocellulaire (CBC) qui se présente comme une plaque peu épaisse à bordure perlée ou plaque érythématosquameuse bien limitée survenant préférentiellement sur le tronc ?,nodulaire,superficiel,sclérodermiforme,plan cicatriciel,b,4
1043,OIC-153-06-B-,Quels sont les facteurs de mauvais pronostic des carcinomes épidermoïdes (CE) ?,"La taille de la lésion <2cm, localisation sur visage, faible niveau de différenciation en histologie, épaisseur tumorale en histologie <3mm, absence d'envahissement périnerveux et absence d'immunodépression","La taille de la lésion >2cm, localisation sur tempe, oreille ou lèvre, faible niveau de différenciation en histologie, épaisseur tumorale en histologie >3mm, envahissement périnerveux et immunodépression","La taille de la lésion <2cm, localisation sur visage, faible niveau de différenciation en histologie, épaisseur tumorale en histologie <3mm, absence d'envahissement périnerveux et immunodépression","La taille de la lésion >2cm, localisation sur tempe, oreille ou lèvre, faible niveau de différenciation en histologie, épaisseur tumorale en histologie <3mm, envahissement périnerveux et immunodépression",b,4
1044,OIC-156-01-A,Quelle est la principale modalité de prévention des carcinomes épidermoïdes et basocellulaires?,La vaccination contre le virus du papillome humain (HPV),Le port régulier d'un chapeau pour se protéger du soleil,L'application quotidienne de crème solaire et le traitement des lésions précancéreuses,La consommation régulière de vitamine D,c,4
1045,OIC-156-01-A-,Quelles sont les deux principales catégories de nævus?,acquis et congénitaux,pigmentaires et non pigmentaires,mélanocytaires et épidermiques,bénins et malignes,a,4
1046,OIC-156-02-B,Quel est le principal diagnostic différentiel des nævi ?,Kératose séborrhéique,Mélanome,Carcinome basocellulaire,Lentigo actinique,b,4
1047,OIC-156-02-B-,Quelle est l'âge approximatif à partir duquel les naevi communs apparaissent ?,4-5 ans,10-15 ans,20-25 ans,30-35 ans,a,4
1048,OIC-156-03-B,Quelles sont les caractéristiques d'une lésion suspecte de mélanome ?,Une seule caractéristique,Deux caractéristiques,Toutes les caractéristiques (Règle ABCDE),Aucune caractéristique,c,4
1049,OIC-156-03-B-,Quels sont les principaux types histologiques de mélanomes?,"Le mélanome à extension superficielle, le mélanome nodulaire, le mélanome acral lentigineux et le mélanome des muqueuses génitale","Le mélanome à extension superficielle, le mélanome nodulaire, le mélanome de Dubreuilh et le mélanome acral lentigineux","Le mélanome à extension superficielle, le mélanome nodulaire, le mélanome des muqueuses génitale et le mélanome de Dubreuilh","Le mélanome à extension superficielle, le mélanome acral lentigineux, le mélanome de Dubreuilh et le mélanome nodulaire",b,4
1050,OIC-156-04-B,Quel est le seul facteur environnemental connu responsable du mélanome ?,L'exposition aux UV,La consommation d'alcool,Le tabagisme,Un régime alimentaire pauvre en fruits et légumes,a,4
1051,OIC-156-04-B-,Quel est le type de lésion représenté sur la photographie?,Boule,Kératose actinique,Tumeur maligne,Lésion infectieuse,b,4
1052,OIC-156-06-B,Quel est le caractère principal d'un mélanome typique ?,Symétrique,Asymétrique,Rond,Pigmenté,b,4
1053,OIC-156-06-B-,Quelle est la forme la plus fréquente du cancer de la prostate?,Carcinome neuroendocrine,Lymphome,Adénocarcinome,Sarcome,c,4
1054,OIC-156-07-A,Quel est le cancer le plus fréquent chez l'homme de plus de 50 ans ?,Cancer du poumon,Cancer colo-rectal,Cancer de la prostate,Cancer du sein,c,4
1055,OIC-156-07-A-,Quels sont les facteurs de risque connus pour le cancer de la prostate ?,"L'âge, l'origine ethnique et les pesticides","Les facteurs génétiques, l'hérédité et les antécédents de cancer du sein ou de l'ovaire","Le syndrome métabolique, la pollution au chlordécone et l'exposition professionnelle au chlordécone",Tous les facteurs mentionnés ci-dessus,d,4
1056,OIC-156-08-B,Quels sont les sites métastatiques du cancer de la prostate ?,"Os, poumon, foie","Côlon, pancréas, rate","Reins, cœur, poumons","Poumon, foie, os",a,4
1057,OIC-156-08-B-,Quel est le type de cancer de la prostate qui est généralement asymptomatique ?,Cancer de prostate localement avancé,Cancer de prostate métastatique,Cancer de prostate localisé,Tous les types de cancer de la prostate sont symptomatiques,c,4
1058,OIC-156-09-A,Quel est le marqueur sérique utilisé en routine pour détecter le cancer de la prostate ?,PSA,CEA,CA 125,AFP,a,4
1059,OIC-156-09-A-,Quel est le traitement recommandé pour les patients avec un cancer de la prostate localisé à faible risque selon la classification de D'Amico ?,Prostatectomie totale,Radiothérapie externe,Surveillance active,Curiethérapie interstitielle,c,4
1060,OIC-156-10-A,Quel est le cancer le plus fréquent chez la femme en incidence et en mortalité ?,Cancer du poumon,Cancer du sein,Cancer du cerveau,Cancer de l'ovaire,b,4
1061,OIC-156-11-B,Quels sont les gènes responsables des cancers du sein et de l'ovaire familiaux ?,BRCA1 et BRCA2,TP53 et PALB2,BRCA3 et BRCA4,BRCA5 et BRCA6,a,4
1062,OIC-156-11-B-,Quels sont les modes de dissémination du cancer du sein ?,Voie hématogène uniquement,Voie lymphatique uniquement,Voie hématogène et voie lymphatique,Contiguïté uniquement,c,4
1063,OIC-156-12-B-,Quels sont les signes cliniques mammaires recherchés lors de l'examen clinique ?,Douleur et inflammation uniquement,"Nodule, écoulement, inflammation, lésions cutanées",Asthénie et amaigrissement uniquement,Peau d'orange et œdème cutané uniquement,b,4
1064,OIC-156-13-A,"Quel est le signe clinique représenté par l'asymétrie mammaire, le sein gauche inflammatoire et œdématié, avec un aspect de peau d’orange ?",Ecoulement sanguin/lactescent,Méplat du sein,"Asymétrie mammaire, sein gauche inflammatoire et œdématié, aspect de peau d’orange",Rétraction mammaire (« en coup de hache »),c,4
1065,OIC-156-13-A-,Quelles sont les indications de la mammographie ?,Seule indication pour les femmes âgées > 50 ans,"Indication et non indication, notamment en cas de symptôme ou de dépistage",Seule indication pour les femmes ayant un antécédent familial de cancer du sein,Indication uniquement en cas d'anomalie de l'examen clinique mammaire,b,4
1066,OIC-156-14-A,Quelles sont les indications pour réaliser une biopsie mammaire ?,Toutes les lésions mammaires doivent être biopsiées.,"Les lésions classées Bi-rads 4 et 5, ainsi que les lésions Bi-rads 3 chez les patientes mutées BRCA ou porteuses d'une lésion biopsiée maligne.",Seules les lésions mammaires visibles en mammographie doivent être biopsiées.,Les prélèvements cytologiques sont recommandés pour toutes les masses ou foyers de microcalcifications.,b,4
1067,OIC-156-14-A-,Quels sont les caractéristiques générales des tumeurs bénignes du sein ?,Croissance rapide et évolution locale limitée,"Contours mal délimités, croissance lente et évolution locale limitée",Evolution locale étendue au-delà de la glande mammaire,Croissance lente et évolution locale limitée au sein,d,4
1068,OIC-156-15-B,Quels sont les principaux facteurs prédictifs de métastases asymptomatiques dans le cancer du sein?,La taille de la tumeur et l'envahissement ganglionnaire,L'âge et le sexe de la patiente,Les facteurs génétiques et les antécédents familiaux,La taille de la tumeur et l'envahissement lymphonodal,d,4
1069,OIC-156-15-B-,Quels sont les traitements associés en cas de carcinome invasif ?,Chirurgie mammaire et chirurgie des ganglions axillaires homolatéraux uniquement.,"Chirurgie mammaire, chirurgie des ganglions axillaires homolatéraux et radiothérapie.","Chimiothérapie, hormonothérapie et traitement par trastuzumab uniquement.","Chirurgie mammaire, chirurgie des ganglions axillaires homolatéraux, radiothérapie et traitements systémiques.",d,4
1070,OIC-156-16-B,Quels sont les critères définissant une leucémie aiguë (LA) ?,Les blastes représentent moins de 20% des cellules sur un examen cytologique au myélogramme.,"Les hémopathies clonales touchent une cellule souche hématopoïétique médullaire, provoquant la prolifération et l'envahissement de la moelle osseuse par des cellules hématopoïétiques cancéreuses.",Les blastes sont matures et différenciés.,"La leucémie aiguë est une hémopathie clonale touchant une cellule souche hématopoïétique médullaire, mais les critères ne sont pas précisément définis.",b,4
1071,OIC-156-16-B-,Quelles sont les deux grandes catégories de leucémies aiguës ?,Myéloblastiques et lymphoblastiques,Lymphoïdes et myéloïdes,Acutes et chroniques,Hématologiques et non-hématologiques,a,4
1072,OIC-156-17-A,Quels sont les facteurs qui exposent à un risque accru de Leucémies Aiguës Myéloïdes (LAM)?,"Antécédents familiaux, exposition professionnelle et anomalies génétiques","Exposition à des toxiques, antécédent d'exposition à des radiations ionisantes, anomalies génétiques et évolution d'un syndrome myéloprolifératif chronique ou d'un syndrome myélodysplasique","Antécédents familiaux, exposition professionnelle et agents viraux","Exposition à des toxiques, anomalies génétiques et évolution d'une leucémie myéloïde chronique",b,4
1073,OIC-156-17-A-,Quels sont les signes cliniques liés à l'insuffisance médullaire dans le contexte des leucémies aiguës?,Seuls les symptômes gastro-intestinaux,"Un syndrome anémique, hémorragique et infectieux",Des douleurs articulaires et des problèmes de peau,Une perte d'appétit et une fatigue généralisée,b,4
1074,OIC-156-18-B,Quels sont les signes cliniques de gravité liés à l'anémie dans le syndrome d'insuffisance médullaire ?,"Souffrance myocardique, choc hémorragique, saignement cérébral","Choc septique, insuffisance rénale aiguë, hyperkaliémie","Troubles de l'hémostase, CIVD avec risque de syndrome de dysfonction multiviscérale","Atteinte méningée, formes compressives, leucostase",a,4
1075,OIC-156-19-B,Quel est l'examen qui permet le diagnostic positif de la leucémie aiguë?,Ponction médullaire,Biopsie osseuse,Analyse sanguine,Imagerie médicale,a,4
1076,OIC-157-01-A,Quels sont les symptômes qui peuvent apparaître en raison de l'infiltration blastique du système hématopoïétique et extrahématopoïétique dans une leucémie aiguë?,"douleurs osseuses, boiterie","hépatomégalie, splénomégalie, adénopathies périphériques, amygdalomégalie, gros testicule, infiltration des gencives","anémie, thrombopénie, neutropénie","fièvre spécifique ou non, anorexie, asthénie",b,4
1077,OIC-157-01-A-,Quelle est l'indication principale pour réaliser un myélogramme chez un enfant ?,Anémie isolée,Atteinte de 2 ou 3 lignées à l'hémogramme,Blastose circulante élevée,Tous les cas de leucémie aigue,b,4
1078,OIC-157-02-B,Qu'est-ce qu'un effet indésirable médicamenteux (EIM) ?,Une réaction bénéfique due à un médicament,Toute réaction nocive et non voulue suspectée d'être due à un médicament,Un effet souhaité du médicament,Une interaction entre deux médicaments,b,4
1079,OIC-157-02-B-,Quels sont les deux ordres d'enjeux concernant les risques liés aux médicaments ?,Enjeux individuels et enjeux de santé publique,Enjeux financiers et enjeux environnementaux,Enjeux juridiques et enjeux politiques,Enjeux économiques et enjeux sociaux,a,4
1080,OIC-157-03-A,Quelle est la définition d'une prescription médicamenteuse inappropriée (PMI) ?,Une PMI correspond à une prescription qui engendre plus de bénéfices que de risques pour le patient.,Une PMI correspond à une prescription qui engendre plus de risques que de bénéfices pour le patient.,Une PMI est définie comme une prescription sans indication clinique.,Une PMI est définie comme une prescription avec indication clinique.,b,4
1081,OIC-157-03-A-,Quels sont les 5 B de la règle des 5 B ?,"Bon Patient, Bon Médicament, Bonne Dose, Bon Moment, Bon Emplacement","Bon Patient, Bon Médicament, Bonne Dose, Bonne Voie, Bon Moment","Bon Patient, Bon Médicament, Bonne Dose, Bon Moment, Bon Emplacement","Bon Patient, Bon Médecin, Bonne Dose, Bonne Voie, Bon Moment",b,4
1082,OIC-157-04-A,Quels sont les mécanismes généraux des pathologies induites par les médicaments?,"Effets de type A, prévisibles","Effets de type B, non prévisibles",Tous les deux,Aucun des deux,c,4
1083,OIC-157-04-A-,Quel est le pourcentage d'admissions en médecine ou en chirurgie dues à un événement indésirable grave selon l'étude ENEIS?,3-5%,10-15%,20-25%,30-35%,a,4
1084,OIC-157-05-B,Quelles sont les caractéristiques des EIM chez les personnes âgées ?,Fréquence et gravité réduites,"Symptomatologie simple, tableaux cliniques typiques",Principaux médicaments en cause : médicaments à visée gastro-intestinale,"Fréquence et gravité accrues (comorbidités, polymédication, modification pharmacocinétiques liées à l'âge)",d,4
1085,OIC-157-05-B-,Quels sont les produits concernés par la pharmacovigilance?,Les médicaments dérivés du sang et autres médicaments d’origine humaine,"Les allergènes, préparés spécialement pour un seul individu",Tous les produits diététiques,"Les médicaments dérivés du sang et autres médicaments d’origine humaine, les allergènes, préparés spécialement pour un seul individu, les préparations magistrales, hospitalières et officinales, certains produits diététiques",d,4
1086,OIC-157-06-B,Quel est le principe d'imputabilité dans l'évaluation des effets indésirables médicamenteux?,L'estimation de la gravité de l'effet observé,L'estimation du lien de causalité entre le médicament et l'effet observé,La recherche d'un diagnostic différentiel,L'évaluation des facteurs favorisants,b,4
1087,OIC-157-06-B-,Qui déclare un effet indésirable suspecté d'être dû à un médicament ?,Les entreprises ou organisations exploitant les médicaments,Les patients et les associations agréées de patients,"Professionnels de santé (déclaration des effets indésirables médicamenteux obligatoire, en particulier les effets graves et/ou inattendus)",Les autorités sanitaires nationales,c,4
1088,OIC-157-07-A,Quels sont les objectifs principaux de l'addictovigilance en France?,Surveiller uniquement le risque d'abus de médicaments,"Surveiller, évaluer, prévenir et gérer le risque d'abus, d'usage détourné et de pharmacodépendance lié à la consommation de toute substance psychoactive",Faire des recherches uniquement sur les effets secondaires des médicaments,Ne rien faire pour prévenir le risque d'abus de substances,b,4
1089,OIC-157-07-A-,"Qui déclare un abus, une dépendance et des usages détournés liés à la consommation de toutes les substances ou plantes ayant un effet psychoactif, ainsi que de tous les médicaments ou autres produits en contenant ?",médecin,autre professionnel de santé,pharmacien,tous les professionnels de santé,d,4
1090,OIC-157-08-A,Quel est l'objectif principal de la matériovigilance?,Surveiller les dispositifs médicaux après leur mise sur le marché,Éviter que des incidents et risques d'incidents ne se produisent avec des dispositifs médicaux,Fournir des informations sur la sécurité des patients et des utilisateurs,Gérer les stocks de dispositifs médicaux,b,4
1091,OIC-157-08-A-,Quel est l'objet d'une déclaration d'un effet indésirable suspecté d'être dû à des biomatériaux ?,"Tout incident ou risque d’incident grave ayant entraîné ou susceptible d’entraîner la mort ou la dégradation grave de l’état de santé d’un patient, d’un tiers ou d’un utilisateur relatif à un dispositif médical.",Un effet indésirable mineur sans conséquence pour le patient,Une erreur médicamenteuse sans gravité,Une déclaration administrative sans importance,a,4
1092,OIC-157-09-A-,Pourquoi déclarer une erreur médicamenteuse ?,Par curiosité,Pour mettre en place des mesures qui limiteront le risque de récidive de cette erreur,Pour obtenir un bonus,Pour se faire remarquer,b,4
1093,OIC-157-10-B,Quels sont les risques identifiés susceptibles d'entraîner des erreurs lors de la prescription des médicaments?,Seulement le libellé imprécis ou erroné,"Tous les éléments mentionnés dans le texte (prescription orale, non-identification du patient, mauvaise lisibilité de la prescription, etc.)",Les contre-indications non-respectées et les interactions médicamenteuses,Seulement l'usage d'abréviations dans la prescription,b,4
1094,OIC-157-10-B-,Quelle est la définition de la contrefaçon d'un médicament selon l'Organisation Mondiale de la Santé (OMS) ?,La fabrication non autorisée de médicaments génériques.,La fausse représentation délibérée et frauduleuse d’un médicament.,La violation des brevets de médicaments.,La commercialisation non autorisée de produits médicaux dans un pays donné.,b,4
1095,OIC-157-11-A,Quels sont les risques liés à la quantité des contrefaçons médicamenteuses?,Aucun principe actif,Quantité insuffisante de principe actif,Quantité excessive de principe actif,Tous les risques mentionnés ci-dessus,d,5
1096,OIC-157-11-A-,"Quel est le délai dans lequel la CCI doit rendre son avis sur les circonstances, les causes, la nature et l'étendue des dommages que la victime a subis ?",3 mois,6 mois,9 mois,12 mois,b,4
1097,OIC-157-12-A,Quel est le but de la responsabilité sans faute en droit médical?,Réparer le préjudice subi en indemnisant la victime après démonstration de la faute,Indemniser la victime sans avoir à démontrer la faute de l'auteur du dommage,Punir l'auteur du dommage,Réparer le préjudice subi en indemnisant la victime après une procédure judiciaire,b,2
1098,OIC-157-13-A,Quel est l'objectif économique de la substitution d'un médicament princeps par un médicament générique?,Améliorer la qualité des soins,Maitriser les coûts de santé,Augmenter la sécurité des patients,Réduire le temps de prescription,b,4
1099,OIC-157-13-A-,Quels sont les deux principaux objectifs du Service Médical Rendu (SMR) et de l'Amélioration du Service Médical Rendu (ASMR)?,Évaluer la sécurité d'un médicament avant sa mise sur le marché,Déterminer si un médicament a suffisamment d'intérêt clinique pour être pris en charge par la solidarité nationale et s'il apporte un progrès par rapport aux traitements disponibles,Fixer les prix des médicaments sur le marché,Déterminer si un médicament est efficace contre une maladie spécifique,b,4
1100,OIC-157-14-A-,Quel est le critère principal pour obtenir une autorisation de mise sur le marché (AMM) d'un médicament?,Le rapport bénéfice/risque doit être négatif,Le rapport bénéfice/risque doit être favorable,Le rapport bénéfice/risque est sans importance,Le rapport bénéfice/risque doit être égal à zéro,b,4
1101,OIC-157-15-B-,Quels sont les éléments à prendre en compte avant toute primo-prescription ou renouvellement de prescription ?,"Ses caractéristiques démographiques, ses antécédents médicaux et l’évaluation de ses grandes fonctions d’épuration.",Les traitements médicamenteux déjà prescrits au patient et/ou pris en automédication.,"L’objectif thérapeutique, le rapport bénéfice-risque individuel et les critères de choix du traitement.",Tous les éléments mentionnés précédemment.,d,4
1102,OIC-157-16-B,Quels sont les éléments pris en compte pour définir l'indication d'une thérapeutique non médicamenteuse après un bilan initial?,"déficiences, limitations d’activité, restrictions de participation et facteurs environnementaux",seul les déficiences,les seules limitations d’activité,aucun des éléments ci-dessus,a,4
1103,OIC-157-16-B-,Quel est le critère principal pour définir un dispositif médical?,Utilisation à des fins non médicales,Action principale obtenue par des moyens pharmacologiques,"Utilisation chez l'homme et action principale voulue non obtenue par des moyens pharmacologiques, immunologiques ou métaboliques",Fabrication en matière humaine,c,4
1104,OIC-157-17-B,Quel type de prise en charge est possible à l'hôpital pour un dispositif médical (DM) utilisé en ville ou à l'hôpital ?,Financement direct par la LPPR,Financement supporté par le tarif du séjour (GHS),Financement supporté par la LPPR si le DM est inscrit sur la liste dite « en sus »,Pas de prise en charge possible à l'hôpital,c,4
1105,OIC-157-18-B,Quel est le but principal d'une orthèse?,Immobiliser un membre,Suppléer un membre déficient ou le rachis,Corriger une mauvaise posture,Faire du sport avec un membre blessé,b,4
1106,OIC-157-18-B-,Quel est l'objectif principal d'une orthèse de stabilisation?,Immobiliser une articulation,Stabiliser une articulation et améliorer une fonction,"Améliorer un secteur de mobilité, lutte contre l’enraidissement",Décharger le membre inférieur,b,4
1107,OIC-161-01-A,Quel est le but principal de la prescription d'une orthèse?,Améliorer l'apparence physique,Rééduquer ou prévenir une atteinte fonctionnelle,Traiter une maladie médicamenteuse,Faire de la publicité pour un produit,b,4
1108,OIC-161-02-A,Quel est le remboursement pour une chaussure orthopédique sur mesure ?,20%,60 à 100%,50%,80%,b,4
1109,OIC-161-02-A-,Quel est l'objectif principal des aides techniques ?,Améliorer la sécurité et le bien-être des personnes handicapées,Diminuer les limitations d’activité et contribuer à l’amélioration de l’autonomie,Fournir un soutien psychologique aux personnes handicapées,Réduire les coûts médicaux,b,4
1110,OIC-161-03-A-,Quels sont les trois grands types de cures thermales ?,"L'Hydrothérapie interne, les cures de contact et l'Hydrothérapie externe","Les cures de diurèse, les inhalations et les bains","La rééducation fonctionnelle, les soins non spécifiques à la Médecine Thermale et l'éducation sanitaire","Le plancton thermal, les gaz thermaux et les boues",a,3
1111,OIC-161-04-B,Quels sont les deux principaux mécanismes d'action des anti-inflammatoires non stéroïdiens (AINS) ?,"Inhibition de la cyclooxygénase (COX-1 et COX-2), inhibition de la synthèse de prostaglandines","Inhibition de la production de cytokines, inhibition de l'activité des cellules immunitaires","Inhibition de la cyclooxygénase (COX-1 et COX-2), activation de la synthèse de prostaglandines","Inhibition de la production d'hormones, inhibition de l'activité des cellules épithéliales",a,4
1112,OIC-161-04-B-,Quel est le mécanisme d'action des diurétiques de l'anse ?,Inhibition du transporteur NCC au niveau du tube contourné distal,Inhibition du co-transporteur NKCC2 au niveau de la branche ascendante large de Henlé,Antagonisme des récepteurs de l'aldostérone,Inhibition du canal sodium épithélial (eNaC),b,4
1113,OIC-161-05-A,Quels sont les mécanismes d'action des bêta-bloquants ?,Ils agissent en inhibant la production de neurotransmetteurs,Ils sont des antagonistes compétitifs des récepteurs β-adrénergiques,Ils stimulent la contraction cardiaque,Ils ralentissent le rythme cardiaque en inhibant les récepteurs β2,b,4
1114,OIC-161-05-A-,Quels sont les deux types principaux de médicaments du système rénine-angiotensine?,Inhibiteurs de l'enzyme de conversion de l'angiotensine et antagonistes des récepteurs de l'aldostérone,Antagonistes des récepteurs de l'angiotensine II et inhibiteurs de la synthèse de l'aldostérone,Inhibiteurs de l'enzyme de conversion de l'angiotensine et antagonistes des récepteurs de l'angiotensine II,Antagonistes des récepteurs de l'aldostérone et inhibiteurs de la synthèse de l'angiotensine,c,4
1115,OIC-161-06-A,Quels sont les mécanismes d'action des inhibiteurs calciques ?,"Ils se lient aux canaux calciques de type L cardiaques et/ou vasculaires membranaires, entraînant une diminution du flux calcique entrant dans le cardiomyocyte ou la cellule musculaire lisse.",Ils augmentent le flux calcique entrant dans le cardiomyocyte ou la cellule musculaire lisse.,"Ils se lient aux canaux potassium de type L cardiaques et/ou vasculaires membranaires, entraînant une diminution du flux potassium entrant dans le cardiomyocyte ou la cellule musculaire lisse.",Ils augmentent le flux potassium entrant dans le cardiomyocyte ou la cellule musculaire lisse.,a,4
1116,OIC-161-06-A-,Quel est le mécanisme d'action de l'acide acétylsalicylique (AAS) en tant qu'anti-agrégant plaquettaire?,Inhibition de la synthèse du thromboxane A2,Antagoniste des récepteurs P2Y12,Inhibition de l'activation plaquettaire par l'inhibition de la voie d'activation plaquettaire dépendant de l'ADP,Réduction du risque de coagulation,a,4
1117,OIC-161-07-A,Quel est le mécanisme d'action des héparines de bas poids moléculaire ?,Renforcement action de l'ATIII : inhibition IIa > Xa,Renforcement action de l'ATIII : inhibition Xa > IIa,Inhibition directe du Xa,Inhibition indirecte du Xa,b,4
1118,OIC-161-09-A,Quels sont les mécanismes d'action des antipsychotiques ?,Ils agissent sur le système nerveux central en inhibant la production de dopamine.,Ils stimulent la production de sérotonine pour réduire les symptômes psychotiques.,Ils bloquent les récepteurs dopaminergiques dans le cerveau pour traiter la schizophrénie.,Ils ont un effet direct sur les cellules du cerveau pour réduire l'anxiété.,c,4
1119,OIC-161-09-A-,Quels sont les principaux mécanismes d'action des antiépileptiques ?,Ils agissent uniquement sur la neurotransmission,Ils limitent l'hyperexcitabilité en bloquant les canaux ioniques,Ils renforcent le tonus GABAergique et réduisent le tonus glutamatergique,Toutes ces options sont correctes,d,4
1120,OIC-161-10-A,Quel est le mécanisme d'action des statines ?,Diminuer la synthèse hépatique du cholestérol et augmenter le renouvellement (turn-over) des LDL récepteurs hépatiques.,"Empêcher la réabsorption des acides biliaires, diminuer l'absorption du cholestérol alimentaire et des vitamines liposolubles.",Diminuer l'absorption du cholestérol entérocytaire et augmenter l'expression des LDL récepteurs hépatiques.,Favoriser le renouvellement des LDL récepteurs hépatiques.,a,4
1121,OIC-161-10-A-,Quels sont les mécanismes d'action des insulines ?,Augmenter la libération hépatique du glucose,Diminuer la captation périphérique du glucose par le muscle squelettique et le tissu adipeux,"Augmenter la captation périphérique du glucose par le muscle squelettique et le tissu adipeux, diminuer sa libération hépatique",Aucun des précédents,c,4
1122,OIC-161-11-A,Quel est le mécanisme d'action de la metformine ?,inhibition de la glycogénolyse hépatique,augmentation de la captation périphérique de glucose (muscles),stimulation de la libération d'insuline par le pancréas,dimination de la réabsorption du glucose dans le tubule rénal,b,4
1123,OIC-161-11-A-,"{ ""intitulé"" : ""Quel est l'antalgique non opioïde le plus administré au monde ?"", ""options"" : [""Paracétamol"", ""Néfopam"", ""Anti-inflammatoires non stéroïdiens"", ""Antidépresseurs à visée antalgique""] }",paracétamol,néfopam,anti-inflammatoires non stéroïdiens,antidépresseurs à visée antalgique,a,4
1124,OIC-161-12-B,Quels sont les mécanismes d'action des antalgiques opioïdes ?,Ils agissent sur les systèmes de contrôles endogènes de la douleur en se fixant sur des récepteurs non spécifiques.,"Ils agissent sur les systèmes de contrôles endogènes de la douleur en se fixant sur des récepteurs opiacés (mu, delta, kappa) au niveau cérébral, médullaire et périphérique.",Ils agissent sur les systèmes de contrôles endogènes de la douleur en se fixant sur des récepteurs spécifiques.,Ils n'agissent pas sur les systèmes de contrôles endogènes de la douleur.,b,4
1125,OIC-161-12-B-,Qu'est-ce qui caractérise l'état de choc?,Une insuffisance circulatoire,Un taux de lactate élevé,Une hypotension artérielle,Tous les éléments précédents,d,5
1126,OIC-161-13-A-,Quel est le type d'état de choc caractérisé par une diminution du débit cardiaque due à une défaillance cardiaque ?,Cardiogénique,Hypovolémique,Distributif,Obstructif,a,4
1127,OIC-161-14-A,Quels sont les signes cliniques d'un état de choc ?,Hypotension artérielle et tachycardie,"Asthénie, marbrures et polypnée","Oligurie, confusion et agitation",Tous les signes mentionnés ci-dessus,d,5
1128,OIC-161-14-A-,Quels sont les éléments d'orientation étiologique à la phase initiale de l'évaluation d'un état de choc ?,Seulement anamnestiques,Avant tout cliniques,Seulement cliniques,Inutile de recueillir des éléments d'orientation étiologique,b,4
1129,OIC-161-16-A,Quels sont les éléments à prendre en compte dans la prise en charge immédiate d'un état de choc ?,"Arrêt du mécanisme causal, oxygénation et remplissage vasculaire adapté",Appel à l'aide et coordination de la prise en charge par un leader,"Suivre la procédure A (Airway), B (Breathing) et C (Circulation)",Tous les éléments mentionnés ci-dessus,d,4
1130,OIC-161-16-A-,Quel est le temps où l'on identifie la cause de l'hémorragie et on contrôle le saignement ?,Temps 1,Temps 2,Temps 3,Temps 4,b,2
1131,OIC-161-17-A,Quels sont les principaux états de choc ?,"Hypovolémique, cardio-génique et anaphylactique","Septique, hypovolémique et cardio-génique","Anaphylactique, septique et cardio-génique","Hypovolémique, septique et cardio-génique",d,4
1132,OIC-161-18-A-,Quelle est la voie d'injection recommandée pour l'adrénaline dans le choc anaphylactique ?,IV,IM,SC,PO,b,4
1133,OIC-161-19-A-,Quels sont les centres nerveux de l'éveil et de la conscience?,Le cerveau et le cœur,Les ganglions et les nerfs,Le cortex et le thalamus,La moelle épinière et les muscles,c,4
1134,OIC-161-20-B,Quels sont les premiers gestes à effectuer lors d'un coma non traumatique chez un adulte ou un enfant ?,S'assurer de la présence d'un pouls central et évaluer la profondeur du coma par l'utilisation de stimulations nociceptives.,Réaliser systématiquement un score de Glasgow sans vérifier le pouls central.,Vérifier si le patient a subi un traumatisme avant d'évaluer la profondeur du coma.,Ne rien faire et attendre que le patient se réveille spontanément.,a,4
1135,OIC-161-20-B-,Quelle est la signification d'une mydriase unilatérale dans le contexte de l'examen neurologique d'un patient dans le coma ?,Toxidrome opioïdes,Engagement temporal jusqu'à preuve du contraire,Toxidrome anti-dépresseurs tricycliques ou atteinte neurologique sévère,Perte de parallélisme des axes oculaires,b,4
1136,OIC-161-21-B-,Quels sont les critères pour un diagnostic de mort cérébrale en absence de facteurs confondants ?,Coma profond Glasgow = 3,Abolition de tous les réflexes du tronc cérébral,Un des examens complémentaires confirmant le diagnostic,Tous les critères ci-dessus sont nécessaires pour un diagnostic de mort cérébrale en absence de facteurs confondants,d,4
1137,OIC-162-01-A,Quels sont les examens complémentaires à réaliser en urgence chez l'adulte et l'enfant ?,"Glycémie capillaire, ionogramme standard avec natrémie, calcémie, urée, créatinine, gaz du sang, bilan hépatique, analyse toxicologique sang/urine, scanner cérébral, ponction lombaire.","Glycémie plasmatique, natrémie, calcémie, urée, créatinine, gaz du sang, bilan hépatique, analyse toxicologique sang/urine, scanner cérébral, ponction lombaire.","Glycémie capillaire, ionogramme standard avec natrémie, calcémie, urée, créatinine, gaz du sang, bilan hépatique, analyse toxicologique sang/urine.","Scanner cérébral, ponction lombaire, glycémie plasmatique, natrémie, calcémie, urée, créatinine, gaz du sang.",a,4
1138,OIC-162-01-A-,Quels sont les cas où il est préférable d'utiliser l'IRM cérébrale en urgence?,Suspicion d'AVC ischémique,Suspicion d'encéphalite,Tous les cas de coma non traumatique,Seuls les cas de suspicion de tumeur cérébrale,b,4
1139,OIC-162-02-B,Quelle est la caractéristique principale d'une hémorragie intracrânienne sur une tomodensitométrie?,Hyperdensité dans les espaces sous-arachnoïdiens,Effet de masse possible,Inondation ventriculaire possible,Hyperdensité spontanée intraparenchymateuse,d,4
1140,OIC-162-03-A,Quelles sont les principales causes de coma non traumatique chez l'adulte et chez l'enfant?,"toxique, infectieux, métabolique","lésionnelles, endocriennes, carentielles","épileptiques, HTIC, vasculaires","infectieux, toxique, épileptiques",a,4
1141,OIC-162-03-A-,Quels sont les premiers gestes à réaliser lors d'un coma non traumatique chez un adulte ou un enfant ?,Libérer les voies aériennes et mettre en place l'oxygénothérapie,Mettre en place une perfusion avec du sérum physiologique,Appeler à l'aide sans prendre d'autres mesures,Évaluer la nécessité d'administrer un antidote sans libérer les voies aériennes,a,4
1142,OIC-162-04-A,Quelles sont les mesures thérapeutiques associées aux principales complications d'un coma non traumatique chez l'adulte et l'enfant?,"Intubation orotrachéale, mise sous ventilation mécanique, maintien de l'homéostasie, prévention des ACSOS","Mobilisation, prévention des complications du décubitus, perfusion de sérum physiologique, éviter l'hypoxémie","Contrôle de la natrémie, de la PaCO2, maintien température normale, éviter hyperthermie mais aussi hypothermie","Maintien glycémie normale, prévenir l'hypovolémie, perfusion de glucosé (hypotonique) en perfusion de base",a,4
1143,OIC-162-04-A-,Quelle est la définition d'une syncope?,Une perte de connaissance prolongée,"Une manifestation clinique secondaire à une hypoperfusion cérébrale globale passagère, spontanément résolutive",Une crise épileptique généralisée,Un état de mal épileptique,b,4
1144,OIC-162-05-A,Quel est le mécanisme physiopathologique principal d'un malaise?,hypoperfusion cérébrale,dysfonctionnement de l'activité cérébrale,infection cérébrale,tumeur cérébrale,a,4
1145,OIC-162-05-A-,Quel est le critère diagnostique majeur pour distinguer une syncope/lipothymie d'une crise d'épilepsie généralisée ?,La durée de la perte de connaissance,Les mouvements anormaux observés,Les antécédents familiaux de cardiopathie,Le port d'un pacemaker ou d'une prothèse valvulaire mécanique,a,4
1146,OIC-162-06-A,Quels sont les éléments du diagnostic des syncopes et lipothymies ?,"Circonstances déclenchantes, caractéristiques cliniques, traitement médical","Perte de connaissance, traumatisme, survenue à l'effort ou en position allongée","Présence ou non de prodromes, survenue à l'effort ou en position allongée, traitement médical","Circonstances déclenchantes, caractéristiques cliniques, présence ou non de prodromes",d,4
1147,OIC-162-06-A-,Quel est le critère principal pour diagnostiquer une hypotension artérielle orthostatique?,Baisse > 10 mmHg de la pression artérielle diastolique (PAD),Baisse > 20 mmHg de la pression artérielle systolique (PAS),Pression artérielle systolique (PAS) ≤ 90 mmHg,Tous les critères ci-dessus,b,4
1148,OIC-162-07-A,Quels sont les caractères d'un événement épileptique ?,Il est toujours accompagné de convulsions,Il peut être précédé ou suivi d'une perte de connaissance,Il est toujours associé à une blessure,Il est toujours provoqué par un traumatisme,b,4
1149,OIC-162-07-A-,Quelles sont les causes cardiovasculaires des syncopes/lipothymies?,"Hypotension, cardiaque","Hyperpression, pulmonaire","Diabète, rénale","Obésité, musculaire",a,4
1150,OIC-162-08-A-,Quels sont les types de malaises sans perte de connaissance?,Troubles cardiaques,"Chutes, catalepsie, drops attacks, pseudo syncope psychogène",Troubles neurologiques,Maladies infectieuses,b,4
1151,OIC-162-10-A,Quels sont les principaux objectifs de l'électroencéphalogramme (EEG) en cas de malaise ou perte de connaissance présumés d'origine épileptique?,Diagnostiquer une infection,Évaluer les dommages cérébraux,Connaître les indications de l'EEG en cas de malaise ou perte de connaissance présumés d'origine épileptique,Mesurer la pression artérielle,c,4
1152,OIC-162-11-B,Quels sont les éléments cliniques justifiant un avis cardiologique dans les moins de 24h?,perte de connaissance au cours d’un effort physique,dyspnée récente ou inexpliquée,insuffisance cardiaque,histoire familiale de mort subite cardiaque chez des personnes < 40 ans,a,4
1153,OIC-162-11-B-,Quels sont les gestes d'urgence à effectuer en présence d'une crise convulsive généralisée?,Appeler un médecin et attendre que la crise se termine,Placer le patient sur le côté pour éviter l'étouffement,Essayer de calmer le patient en lui parlant doucement,Utiliser un objet pointu pour essayer d'arrêter la crise,b,4
1154,OIC-162-12-A,Quel est le traitement symptomatique d'un malaise?,Appeler un médecin,"Mise en sécurité, position latérale de sécurité si inconscient et surélévation des jambes si hypotension artérielle",Donner du café ou du thé pour réveiller la personne,Laisser la personne seule jusqu'à ce qu'elle se réveille,b,4
1155,OIC-162-12-A-,"Quel est le but principal du suivi d'un patient après un malaise, une syncope ou une lipothymie de cause rythmique?",Diagnostiquer la cause sous-jacente,Prévenir le risque de mort subite,Traiter les symptômes immédiats,Évaluer l'impact sur la qualité de vie,b,4
1156,OIC-162-13-B,"Quel est le but principal de la visite d'un patient pour malaise, syncope ou lipothymie réflexe?",Diagnostiquer une maladie grave,Rassurer le patient et éduquer sur les risques,Prescrire des médicaments sans examen,Envoyer directement en réanimation,b,4
1157,OIC-162-13-B-,"Quels sont les éléments à prendre en compte lors de l'examen d'un patient présentant un malaise, une hypotension artérielle orthostatique ?",Seulement la sécurité des médicaments,L'éducation du patient sur ses traitements et les risques associés à l'âge,La vigilance particulière chez les sujets âgés en raison de leur vulnérabilité,Aucun des éléments ci-dessus,c,4
1158,OIC-162-14-B,Quels sont les principaux anticonvulsivants utilisés pour traiter les crises comitiales chez l'adulte?,Benzodiazépines,Antibiotiques,Anti-inflammatoires,Antihistaminiques,a,1
1159,OIC-162-14-B-,Quels sont les principes de la prise en charge de la crise comitiale?,Utiliser uniquement des traitements à courte durée d'action,Associer des traitements de longue durée d'action au traitement de courte durée d'action,Ne pas utiliser de médicaments pour traiter la crise comitiale,La prise en charge de la crise comitiale ne nécessite pas de traitement médical,b,4
1160,OIC-162-15-A,Quelle est la définition de la rétention aiguë d'urine?,Impossibilité totale et soudaine d’uriner malgré un besoin impérieux ou douloureux,Problème de santé qui nécessite une urgence médicale,Trouble du système nerveux qui affecte la vessie,Infection urinaire chronique,a,4
1161,OIC-162-15-A-,Quel est le facteur clé qui permet une miction normale ?,un col vésical s'ouvrant involontairement,un urètre sans rétrécissement,une vessie se contractant grâce au muscle détrusor,un système nerveux permettant une contraction sphinctérienne et une relaxation détrusorienne simultanées,c,4
1162,OIC-162-16-B,Quelle est la principale cause de rétention aiguë d'urine chez l'homme ?,Hypertrophie bénigne de la prostate,Infections urinaires de l'enfant et de l'adulte,Tumeurs de la prostate,Lithiase urinaire,a,4
1163,OIC-162-16-B-,Quels sont les symptômes classiques de la rétention aiguë d’urine ?,Douleur abdominale et nausée,Douleur sus-pubienne et impossibilité d'uriner malgré réplétion vésicale,Fievre et hématurie,Troubles du transit et sensation de mauvaise vidange vésicale,b,4
1164,OIC-162-17-B,Quels sont les patients qui peuvent présenter une rétention aiguë d'urine sans douleur ?,Les patients âgés hospitalisés pour un syndrome confusionnel,Les patients diabétiques ou blessés médullaires en raison de neuropathie végétative,Les patients sédatés en raison d'anesthésie,Tous les patients hospitalisés,b,4
1165,OIC-162-17-B-,Quels sont les signes cliniques qui distinguent la rétention aiguë d'urine de l'anurie?,Douleur et envie d'uriner,Absence totale de production d'urine,Globe vésical visible,Fébrile et nauséeuse,a,4
1166,OIC-162-18-A,Quel est l'examen complémentaire recommandé en cas de doute diagnostique pour évaluer la réplétion vésicale ?,IRM,Échographie sus pubienne,Biopsie vésicale,Analyse de sang,b,4
1167,OIC-162-19-A,Quels sont les éléments de gravité en cas de rétention aiguë d'urine ?,"Fièvre, hématurie, insuffisance rénale","Hématurie, insuffisance rénale, syndrome de levée d'obstacle","Insuffisance rénale, hématurie, claquage de vessie","Fièvre, hématurie à vacuo, syndrome de levée d'obstacle",a,4
1168,OIC-162-19-A-,Quel est le type de drainage vésical qui permet les lavages vésicaux ?,Sondage vésical,Cathétérisme sus-pubien,Tous les deux,Aucun des deux,a,4
1169,OIC-162-20-A,Quel est le traitement en urgence pour la rétention aiguë d'urine ?,Injection intraveineuse de médicaments,Drainage vésical par sonde vésicale ou cathéter sus pubien,Chirurgie immédiate,Attente et observation,b,4
1170,OIC-162-20-A-,Qu'est-ce que l'agitation ?,Un état de calme émotionnel et d'inactivité physique et psychique.,Un état de tension émotionnelle et d'hyperactivité improductive physique et psychique.,Un état de fatigue émotionnelle et d'inactivité physique et psychique.,Un état de détente émotionnelle et d'hyperactivité productive physique et psychique.,b,4
1171,OIC-162-21-B,Qu'est-ce que les idées délirantes ?,Une perte de mémoire à court terme,"Une altération du contenu de la pensée entraînant une perte de contact avec la réalité, non partagée par le groupe socio-culturel",Un trouble du sommeil,Une augmentation de l'appétit,b,4
1172,OIC-162-21-B-,Quels sont les symptômes courants d'un délire aigu?,Seulement des idées délirantes,Des hallucinations et des idées délirantes,Des symptômes de désorganisation psychotique uniquement,Aucun symptôme négatif psychotique,b,4
1173,OIC-162-22-A,Quelles sont les causes fréquentes d'agitation chez la personne âgée ?,Troubles psychiatriques,"Iatrogénie, trouble hydro-électrolytique, trouble métabolique, endocrinopathie et pathologie neurologique","Douleur, infection, rétention urinaire ou fécalome","Alcool, intoxication au CO, pathologie cardiovasculaire",b,4
1174,OIC-162-22-A-,Quels sont les principes du bilan étiologique des syndromes délirants aigus ?,Rechercher les causes psychiatriques avant les causes non psychiatriques.,"Rechercher les étiologies les plus fréquentes ou les plus graves, et éliminer les causes non psychiatriques avant d’évoquer une étiologie psychiatrique.",Se concentrer uniquement sur les causes médicales des syndromes délirants aigus.,Négliger le bilan étiologique pour se concentrer sur la gestion symptomatique.,b,4
1175,OIC-162-23-A-,Quels sont les mécanismes de construction d'idées délirantes?,"interprétatif, hallucinatoire, intuitif et imaginatif","logique, rationnel, émotionnel et comportemental","systématisé, flou, sans logique, sans fil narratif","adhésion totale, critique possible des idées délirantes",a,4
1176,OIC-162-24-B,Quels sont les types de hallucinations qui peuvent affecter un ou plusieurs sens ?,Hallucinations visuelles uniquement,"Hallucinations auditives, olfactives et gustatives",Hallucinations tactiles et kinesthésiques uniquement,"Tous les types de hallucinations (visuelles, auditives, olfactives, gustatives, tactiles et cénesthésiques)",d,4
1177,OIC-162-24-B-,Quels sont les éléments orientant vers une cause non psychiatrique ?,Syndrome confusionnel,Signes physiques de déshydratation,Anomalie identifiée à l’examen neurologique et à l’examen physique général,Tous les éléments ci-dessus,d,4
1178,OIC-162-25-B,Quels sont les examens systématiques à effectuer dans un contexte d'agitation ?,"Glycémie, ionogramme, calcémie, NFS, CRP et bilan de coagulation","ECG, alcoolémie et toxicologie urinaires","Bilan hépatique, fonction rénale et TSH US","Imagerie cérébrale, ponction lombaire et EEG",a,4
1179,OIC-162-25-B-,Quel est le traitement qui cible l'étiologie dans les états d'agitation ?,Benzodiazépines à demi-vie courte,Antipsychotiques,Le traitement qui cible l'étiologie est curatif.,Traitement psychotrope associé,c,4
1180,OIC-162-26-B,Quelles sont les indications de l'hospitalisation libre et sans consentement selon l'âge?,Pour les enfants de moins de 16 ans,Pour les adultes de plus de 65 ans,Pour les personnes en état de crise psychotique ou présentant un danger pour elles-mêmes ou autrui,Pour les personnes qui refusent le traitement médical,c,4
1181,OIC-162-26-B-,Quel est le terme utilisé pour décrire un individu qui a eu une tentative de suicide mais n'est pas décédé ?,Suicidant,Suicidaire,Suicidé,Tentateur,a,4
1182,OIC-162-27-A,"Quel est le pourcentage d'individus de 18 à 85 ans qui ont déclaré avoir pensé à se suicider au cours des 12 derniers mois, selon le Baromètre santé 2020 ?","3,2%","4,2%","5,8%","7,2%",b,4
1183,OIC-162-27-A-,Quels sont les symptômes non spécifiques d'une crise suicidaire?,Idées suicidaires,"Symptômes du registre dépressif ou anxieux, consommation de substances psychoactives et prises de risque inconsidérées",Isolement et retrait par rapport aux marques d'affection,Sentiment de désespoir et souffrance psychique intense,b,4
1184,OIC-162-29-B,Quel est le but principal du dispositif VigilanS dans la stratégie nationale de prévention du suicide française ?,Proposer un accueil téléphonique professionnel,Faire des recontacts actifs avec les personnes ayant fait une tentative de suicide,Réduire les conséquences des suicides dans les institutions,Former les agents de santé à la prévention du suicide,b,4
1185,OIC-162-29-B-,Où doit avoir lieu l'entretien avec le patient suicidaire ?,Dans un endroit bruyant,En face-à-face dans un endroit calme,Au téléphone,Dans une salle de groupe,b,3
1186,OIC-162-30-A,Quel est l'objectif principal de l'entretien psychiatrique après une crise suicidaire ?,Évaluer la crise suicidaire et orienter la prise en charge,Prescrire un traitement médicamenteux sans évaluation préalable,Décider de l'hospitalisation du patient,Sécuriser le patient uniquement,a,4
1187,OIC-162-30-A-,Quelles sont les indications d'hospitalisation pour un patient présentant des troubles suicidaires ?,Seulement pour les patients avec un degré d'urgence élevé,"Pour stabiliser un patient au pronostic vital engagé, devant un risque suicidaire avec un degré d'urgence élevé ou associé à des troubles psychiatriques décompensés",Seulement pour les patients avec un degré d'urgence faible ou moyenne,Pour les patients qui refusent le traitement,b,4
1188,OIC-162-31-B,Quel est le but principal d'une évaluation psychosociale dans le contexte du risque suicidaire chez les enfants et les adolescents?,Évaluer uniquement la santé physique,Identifier les ressources disponibles pour soutenir le patient,Systématiquement associée à l'évaluation médicale,Se concentrer sur les facteurs sociaux et émotionnels du risque suicidaire,d,4
1189,OIC-162-31-B-,Quel est le premier élément à rechercher systématiquement dans un sujet âgé présentant des comportements suicidaires ?,Troubles psychiatriques comorbides,Évaluation psychosociale,Episode dépressif caractérisé,Douleur physique et/ou maltraitance,c,4
1190,OIC-162-32-B-,Quels sont les types de fractures fréquentes chez l'enfant ?,Les fractures en motte de beurre et les déformations plastiques des os.,"Les décollements épiphysaires, les fractures en bois vert, les fractures métaphysaires.",Les fractures-avulsions apophysaires et les fractures complètes.,Les fractures à faible énergie conduisant à des fractures-décollements épiphysaires.,b,4
1191,OIC-162-33-B,Quel est le rôle du périoste dans les fractures chez l'enfant?,Il contribue uniquement à la croissance osseuse,Il assure une stabilité précoce des fractures et participe au remodelage du cal,Il n'a aucun rôle dans les fractures chez l'enfant,Il est responsable de la consolidation initiale des fractures,b,4
1192,OIC-162-33-B-,Quels sont les membres du corps qui sont le plus souvent touchés par les fractures chez l'enfant ?,Membres inférieurs,Membres supérieurs,Tout le corps,Seulement la tête,b,4
1193,OIC-162-34-B,Quels sont les facteurs évocateurs d'une maltraitance devant une fracture de l'enfant?,Fracture après l'âge de la marche,"Contexte inexpliqué ou contexte flou, retard à la présentation de l'enfant, localisation métaphysaire ou en torsion","Présence d'ecchymoses, pétéchies ou hématomes, surtout d'âges (ancienneté) différents","Découverte radiologique de traumatismes d'âge différents (ancienneté), de siège inhabituel (omoplate, sternum..)",b,4
1194,OIC-162-35-A,Quels sont les examens d'imagerie indiqués pour une fracture chez un enfant?,Radiographie comparative de face et de profil,Echographie ou IRM pour les épiphyses cartilagineuses,Tous les deux,Aucun examen d'imagerie n'est nécessaire,c,4
1195,OIC-162-35-A-,Quels sont les principes de prise en charge des fractures de l'enfant?,Traitement chirurgical et sa surveillance,Immobilisation plâtrée et kinésithérapie,Ostéosynthèse avec préservation de la plaque de croissance,Traitement orthopédique et sa surveillance,d,4
1196,OIC-162-36-B-,Quelle est la spécificité anatomique d'une fracture du condyle latéral du coude?,Décloement épiphysaire de type I ou II,Décollement épiphysaire de type III ou IV,Fracture transversale du coude,Luxation du coude,b,4
1197,OIC-162-37-B,Quels sont les deux types principaux de fracture de cheville chez l'enfant?,Découllements épiphysaires type I ou II,Découllements épiphysaires de type III ou IV,Fractures ouvertes et fermées,Traumatismes légers et graves,a,4
1198,OIC-164-01-A,Quel est l'un des éléments du triptyque fondant l'engagement de la responsabilité en matière médicale?,Le dommage doit être futur et incertain,Le lien de causalité entre le fait générateur de responsabilité et le dommage doit être direct et exclusif,Le lien de causalité entre le fait générateur de responsabilité et le dommage doit être certain,Le patient doit avoir été informé du risque avant l'acte médical,c,4
1199,OIC-164-01-A-,Quels sont les trois types d'infractions que peuvent commettre les médecins en raison de l'exercice de soin ?,"Violation d'un devoir d'humanisme, homicide et blessures involontaires.","Homicide et blessures volontaires, violation du secret professionnel.","Non-assistance à personne en péril, défaut d'information au patient.","Blessures et homicide involontaires, euthanasie.",a,4
1200,OIC-164-02-A,"Quel est le régime de responsabilité applicable aux médecins salariés d'établissements, services ou organismes privés ?",Responsabilité personnelle du médecin,Régime de responsabilité du commettant (l'employeur) du fait de son proposé (le médecin),Responsabilité civile professionnelle à raison des dommages survenus dans le cadre de leur secteur d'activité libérale,Aucun régime de responsabilité applicable,b,4
1201,OIC-164-02-A-,Quelle est la faute qui engage la responsabilité civile personnelle de son auteur ?,Faute commise en dehors du service et sans lien avec le service,Faute dans l'organisation et le fonctionnement du service,Faute de service,Faute personnelle ou détachable du service,d,4
1202,OIC-164-03-A,Qui peut saisir la chambre disciplinaire du conseil régional de l'Ordre pour les médecins libéraux ?,"Conseil départemental de l'Ordre, le conseil national de l'Ordre, un médecin, un syndicat de médecins.","Le directeur de l'Agence régionale de la santé, le préfet, le procureur de la République et le ministre en charge de la santé.","Tout citoyen français, un député ou sénateur, un avocat du barreau.","Le patient, l'Ordre des médecins, un confrère.",a,4
1203,OIC-164-03-A-,Quel est l'exemple de système d'indemnisation où la responsabilité peut être engagée à partir d'un autre fait générateur que la faute prouvée ?,Survenue d'une infection nosocomiale,Erreur médicale,Responsabilité avec faute,Indemnisation pour les dommages corporels,a,4
1204,OIC-164-04-A,Quelle est la forme de faute qui consiste en une violation des connaissances médicales avérées ou des données acquises de la science?,La faute administrative,La faute technique,La faute civile,La faute pénale,b,3
1205,OIC-164-04-A-,Qu'est-ce qu'une violation en médecine ?,Une action nécessaire qui n'a pas été faite,Une action mal réalisée,Un non-respect d'une recommandation ou d'une règle professionnelle,Une action utile mais mal réalisée,c,4
1206,OIC-164-05-A,Qu'est-ce qu'une affection iatrogène ?,Un effet néfaste provoqué par un traitement ou un acte médical.,Une conséquence de la prise d'un médicament avec mauvais usage.,Un dommage anormal causé par une erreur d'un professionnel de santé.,"Un événement indésirable survenu au cours d'un acte de soin, de prévention ou de diagnostic.",a,4
1207,OIC-164-05-A-,Quelle est la période généralement considérée pour déterminer si une infection est nosocomiale ?,Avant 24 heures d'hospitalisation,Entre 12 et 48 heures d'hospitalisation,Après 48 heures d'hospitalisation,Au moment de l'admission du patient dans l'établissement,c,4
1208,OIC-164-06-A,Quel est l'exemple donné dans le texte pour définir l'aléa thérapeutique?,Une erreur médicale causée par la négligence d'un professionnel de santé,La survenue d'un effet secondaire d'un médicament correctement prescrit et administré,Une infection nosocomiale causée par la faute des professionnels de santé,Un diagnostic incorrect causé par une erreur de laboratoire,b,4
1209,OIC-164-06-A-,Quels sont les groupes vulnérables qui peuvent être affectés par un accident médical ?,seulement les personnes âgées,seulement les patients atteints de maladies chroniques,"tous les groupes mentionnés (personnes âgées, patients atteints de maladies chroniques, enfants, adolescents, personnes atteintes d'un handicap, démunies)",aucun des groupes mentionnés n'est vulnérable,c,4
1210,OIC-164-07-A,Quels sont les caractéristiques d’une équipe efficace?,"Un leadership identifié, une communication organisée et des conflits","Une mauvaise organisation de l’équipe, un manque de communication","Des rôles clairement définis, des briefings avant l’action et des débriefings après",Tous les facteurs ci-dessus,c,4
1211,OIC-164-07-A-,Quels sont les trois types de barrières de sécurité dans les soins médicaux?,"Barrières de prévention, barrières d'atténuation et barrières de récupération","Barrières de prévention, barrières de communication et barrières de formation","Barrières de sécurité, barrières de protection et barrières de prévention","Barrières de récupération, barrières d'atténuation et barrières de prévention",a,4
1212,OIC-164-08-A,Quels sont les éléments importants d'une charte de signalement d'erreur?,L'anonymat et la confidentialité ne seront pas respectés dans l'analyse qui suivra le signalement,Le signalement repose sur des interprétations subjectives,"L'objectivité est de règle, l'anonymat et la confidentialité seront respectés",Seuls les médecins peuvent signaler les erreurs,c,4
1213,OIC-164-08-A-,Quel est un avantage du travail en équipe pluriprofessionnelle ?,Réduire les coûts de la prise en charge du patient,Augmenter le risque d'événements indésirables,Améliorer la qualité de la prise en charge du patient,Diminuer l'efficacité des soins,c,4
1214,OIC-164-09-A-,Quel est l'objectif principal du parcours de soins ?,Améliorer la qualité des soins en coordonnant les compétences professionnelles,Réduire le temps d'hospitalisation,Augmenter les revenus médicaux,Simplifier les procédures administratives,a,4
1215,OIC-164-10-A,Quels sont les éléments qui composent un protocole pluriprofessionnel?,Des aide-mémoires et des checklists uniquement,"Des aides à la prescription, des aide-mémoires, des checklists et des outils de travail en équipe",Des protocoles individuels pour chaque professionnel,Des guides de soins pour les patients à domicile,b,4
1216,OIC-164-10-A-,Quel est un objectif des RCP ?,Valider la prise en charge du patient sans avis médical,Permettre à chaque médecin de prendre une décision individuelle,Valider l'obligation de développement professionnel continu (DPC),Seul les patients atteints de cancer peuvent bénéficier des RCP,c,3
1217,OIC-164-11-A,Quel est le résultat attendu de l'utilisation d'une check-list de sécurité du patient dans le bloc opératoire?,Augmenter les délais d'intervention chirurgicale,Réduire la quantité d'informations partagées entre professionnels,Sécuriser la réalisation de l'intervention chirurgicale,Diminuer les risques liés à l'utilisation de matériel médical,c,4
1218,OIC-164-11-A-,Quel est le but d'une RMM dans le cadre de la culture du retour d'expérience ?,Apprendre collectivement de ses réussites,"Mettre en œuvre des actions de prévention, de récupération ou d'atténuation",Valider l'obligation de développement professionnel continu (DPC),Apprendre collectivement de ses erreurs,d,4
1219,OIC-176-01-A,Quelle est la mission du SMUR (Service Mobile d'Urgence et de Réanimation)?,Assurer l'accueil des patients en urgence dans un établissement de santé,"Prise en charge, sur place, en dehors de l'hôpital, des détresses médicales",Fournir des soins médicaux directement sur place,Organiser les transports de patients,b,4
1220,OIC-176-01-A-,Quel est le résultat d'une discrimination selon la définition donnée ?,Un préjudice pour la personne,Une différence de traitement sans conséquence,Un bénéfice pour la personne,Aucun effet sur la personne,a,2
1221,OIC-176-02-A,Quel est un exemple d'effet multiplicatif des facteurs défavorables à la santé?,Un environnement de vie bruyant et une difficulté d'accès au logement,Un stress causé par les discriminations et une moins bonne santé cardiovasculaire,Une inégale littératie en santé et un dépassement d'honoraires,Un rejet anticipé et des propos stigmatisants,b,4
1222,OIC-176-02-A-,Quel est l'un des exemples de facteurs structurels et organisationnels identifiés dans la publication de Migration Santé Alsace?,Un manque d'interprétariat professionnel,Une hétérogénéité de pratiques,Des inégalités territoriales de l'offre de soin,Tous les facteurs mentionnés précédemment,d,4
1223,OIC-176-03-A-,Quel est le but principal de la bioéthique aujourd'hui?,Explorer les questions soulevées par l'avancement et l'application des technosciences biomédicales,Développer les progrès scientifiques sans considération éthique,Promouvoir l'équité dans les soins de santé uniquement en Occident,Favoriser le développement des nouvelles biotechnologies sans contrôle social,a,4
1224,OIC-176-04-A,Qui est chargé de vérifier la conformité du Code de déontologie médicale avec les lois et règlements ?,L'Ordre national des médecins seul,"L'administration, le Conseil d'Etat et finalement le gouvernement",Les autres citoyens,Le Premier ministre,b,4
1225,OIC-176-04-A-,Quel est le principe qui consiste à traiter autrui conformément à ce que l'on estime être son bien en subordonnant rarement les préférences éventuelles de cet autrui ?,Le paternalisme,La justice,L'autonomie,La non-malfaisance,a,4
1226,OIC-176-05-A,Quel est le résultat d'un refus de soins qui expose l'autre ou pose question en terme de santé publique ?,La priorité du bien-être individuel,Le respect des convictions individuelles,Un conflit de valeurs entre les soignants et le patient,Une atteinte à la liberté individuelle,c,4
1227,OIC-176-05-A-,Quels sont les critères établis par la loi pour définir le cadre contractuel entre un médecin et son patient ?,"La capacité des personnes à contracter, les critères de qualité concernant l'engagement du professionnel et du patient, une cause licite à l'action médicale et le recueil du consentement après information","Les critères de qualité concernant l'engagement du professionnel et du patient, la cause licite à l'action médicale et le recueil du consentement après information","La capacité des personnes à contracter, une cause licite à l'action médicale et le recueil du consentement après information",Les critères de qualité concernant l'engagement du professionnel et la cause licite à l'action médicale,a,4
1228,OIC-176-06-B,Quel est l'objectif de la loi Clayes-Léonetti de 2016 ?,Interdire le refus de soin par le patient.,Placer le patient au cœur du processus décisionnel et interdire l'obstination déraisonnable.,Rendre les directives anticipées non contraignantes pour le médecin.,Supprimer le droit à la sédation profonde et continue jusqu'au décès.,b,4
1229,OIC-176-07-A,Quelle est la définition de l'éthique du 'care' ?,L'éthique du 'care' est une attitude éthique dans l'intimité de la relation entre deux personnes.,L'éthique du 'care' est une réaction à l'invisibilisation et à l'indifférence.,"L'éthique du 'care' est une approche qui assume notre interconnexion avec les autres, relations de dépendance.",L'éthique du 'care' est une éthique qui promeut le sacrifice et l'abnégation.,c,4
1230,OIC-176-08-B-,Quel est l'objectif d'un certificat médical circonstancié ?,Décrire les conséquences d'une altération des facultés de la personne,Préciser les actes que la personne peut exécuter,Décider si une mesure de protection est nécessaire,Choisir le tuteur ou le curateur,a,4
1231,OIC-176-09-A,Quel est le statut juridique de l'embryon vivant en France ?,Il a des droits opposables à la femme qui le porte,Il n'a pas de statut juridique,Il est considéré comme une personne humaine pleine et entière,Il est soumis aux mêmes droits que les adultes,b,4
1232,OIC-176-10-B,Quel est le principal avantage du test de dépistage prénatal non invasif (DPNI) par recherche et analyse de l'ADN fœtal circulant dans le sang maternel ?,Il permet d'accéder à l'étude d'autres caractéristiques du génome fœtal avec de nouvelles indications et demandes de prescriptions,Il est réalisable uniquement après 16 SA (semaines d'aménorrhée),Il n'est pas nécessaire pour la trisomie 21,Il permet une meilleure prise en charge médicale de la pathologie si la grossesse est poursuivie,a,4
1233,OIC-176-11-A,"Quel est l'argument selon lequel la mort, conséquence prévisible mais non recherchée de l'acte, reste secondaire par rapport à la visée principale qui est d'éviter la souffrance des derniers moments ?",Le double effet.,L'euthanasie.,L'assistance au suicide.,La discussion éthique.,a,4
1234,OIC-176-11-A-,Qu'est-ce que l'argument du double effet ?,L'intention de donner la mort est toujours recherchée dans les soins palliatifs.,"Le désir principal est de soulager la souffrance, même si la durée de vie est écourtée.",Les effets secondaires d'un acte sont toujours prioritaires par rapport à ses effets principaux.,La mort est toujours recherchée dans les soins palliatifs.,b,4
1235,OIC-176-12-A,Quels sont les principes fondamentaux que le CCNE met l'accent sur dans la procédure collégiale ?,Le respect de l'autonomie et le devoir de solidarité,Le droit à la vie et le devoir de vivre,La valeur suprême du droit à la vie,L'obstination déraisonnable et la sédation profonde,a,4
1236,OIC-176-13-A-,Quel est le type de recherches qui ne comportent que des risques et des contraintes minimes selon la loi Jardé ?,Recherches interventionnelles avec risque,Recherches non interventionnelles,Recherches interventionnelles à risque négligeable,Recherches portant sur des données rétrospectives,c,4
1237,OIC-176-14-A,Quel est le principe selon lequel le consentement est présumé chez le donneur décédé ?,Le consentement doit être exprimé par écrit avant la mort,Toute personne qui n'a pas fait connaître son refus de son vivant à un don d'organes ou de tissus est considérée comme consentante,Le consentement doit être donné par les proches du défunt,Le consentement ne peut être présumé que si le donneur a signé une carte de donneur,b,4
1238,OIC-176-15-A,Quel est le but de la procédure de consentement pour le don d’organes entre vivants ?,Privilégier une chaîne de don entre donneurs et receveurs vivants,Évaluer la compatibilité entre donneurs et receveurs,Donner à un sujet malade A un donneur B non compatible avec A,"Informez le sujet sur les risques par le médecin, lui donner du temps pour réfléchir et évaluer sa liberté à consentir",d,3
1239,OIC-176-15-A-,Quel est le principe qui s'applique dans le cas du prélèvement d'organes sur les vivants ?,Le consentement présumé,L'anonymat,La non-patrimonialité,Le consentement éclairé de la personne,d,4
1240,OIC-176-16-A,Quel est le principe éthique qui sous-tend la réalisation de tests génétiques?,Le respect de l'autonomie du patient et la confidentialité des informations génétiques.,La recherche de bénéfice médical pour l'individu et la famille.,L'égalité d'accès aux tests génétiques sans discrimination.,Le principe de bienfaisance avec le souci du médecin de ne pas être néfaste pour la personne.,a,4
1241,OIC-176-16-A-,Quel auteur mentionné dans le texte a étudié les fonctions du corps en sociologie?,Pierre Bourdieu,Marx,Durkheim,Weber,a,1
1242,OIC-176-17-A,Quelle est la nature de la douleur?,Seulement un fait physiologique,Un fait d'existence qui atteint le sentiment d'identité,Une réaction du corps uniquement,Inexistante dans les maladies chroniques,b,4
1243,OIC-176-17-A-,Quel effet a l'usage des dispositifs techniques en médecine sur la manière d'appréhender les corps?,Ils redécouvrent la matérialité du corps.,"Ils transforment la matérialité du corps en un ensemble de variables, d'images et de données pouvant être réductionniste.",Ils créent une terminologie propre qui permet une meilleure compréhension des maladies.,Ils rendent les soignants plus attentifs aux signes corporels de la maladie.,b,4
1244,OIC-179-01-B,Quel est le but de la logique d'assistance sociale ?,Lutter contre les risques sociaux pour tous les individus.,Instaurer une solidarité entre les individus pour lutter contre la pauvreté et l'exclusion.,Financer les prestations sociales par des cotisations prélevées sur les revenus.,Accorder des prestations sans condition de ressources à tous les individus.,b,3
1245,OIC-179-01-B-,Quels sont les six risques couverts par la protection sociale en France?,"vieillesse-survie, santé, maternité-famille, emploi, logement et pauvreté-exclusion sociale","vieillesse-survie, santé, maternité-famille, chômage, logement et préretraites","vieillesse-survie, santé, maternité-famille, emploi, pauvreté-exclusion sociale et RSA","vieillesse-survie, santé, maternité-famille, logement, chômage et préretraites",a,4
1246,OIC-179-02-B,Quel est le principal facteur qui explique l'augmentation des dépenses de protection sociale en France en 2020 ?,La crise économique et sanitaire,Les mesures de soutien à l'emploi,L'allongement de l'espérance de vie,La baisse des salaires réels,a,4
1247,OIC-179-02-B-,Quel est le type de prélèvement qui a connu une baisse en 2020 en raison de la baisse de l’activité professionnelle pendant l’année 2020?,Les contributions publiques de l'État,Les cotisations sociales,Les impôts et taxes affectés,La contribution solidarité autonomie (CSA),b,4
1248,OIC-179-03-A,"Quelle est la branche du Régime général qui prend en charge les risques maladie, maternité, invalidité et décès ?",La branche Famille,La branche Vieillesse,"La branche Maladie, Accidents du travail et Risques professionnels",La branche Autonomie,c,4
1249,OIC-179-04-B,Quel est le rôle du Comité d’alerte sur l’évolution des dépenses d’assurance maladie?,Fixer les objectifs de dépenses de l'assurance maladie,Rendre un avis sur le respect de l'objectif national de dépenses d'assurance maladie (ONDAM),Déterminer le montant des primes d'assurance maladie,Évaluer la qualité des soins médicaux,b,4
1250,OIC-179-04-B-,Quel est le nombre de régimes spéciaux en 2021 ?,50,100,27,200,c,1
1251,OIC-179-06-A,Quel est le rôle du médecin traitant dans le parcours de soins coordonnés?,Il assure les soins régulièrement et oriente le patient dans le parcours de soins,Il gère le dossier médical et assure une prévention personnalisée,Il établit le protocole de soins si le patient est atteint d'une affection de longue durée,Toutes les options sont correctes,d,2
1252,OIC-179-08-A-,Quel est le rôle du promoteur dans une recherche clinique?,Il vérifie que la recherche respecte les conditions fixées par la loi.,Il assure la gestion de la recherche et vérifie que le financement est prévu.,"Il dirige et surveille la réalisation de la recherche sur un lieu, conformément au protocole.",Il obtient l'autorisation du CPP avant de débuter la recherche.,b,4
1253,OIC-179-09-A,Quels arguments utiles à la justification d'une problématique de recherche ?,L'analyse de l'état actuel des connaissances et les épidémiologiques,Les résultats des études précédemment menées,La gravité du problème de santé étudié,Les coûts associés au problème de santé étudié,a,4
1254,OIC-179-09-A-,Quel est le lien entre la définition des hypothèses de recherche et l'estimation de la puissance d'une étude ?,Il n'y a aucun lien,La définition des hypothèses de recherche détermine directement la puissance d'une étude,La définition des hypothèses de recherche est indépendante de l'estimation de la puissance d'une étude,La définition des hypothèses de recherche influence indirectement l'estimation de la puissance d'une étude,d,4
1255,OIC-179-10-B,Quelle est l'approche utilisée dans les études expérimentales ?,Observationnelle,Expérimentale,Mixte,Non définie,b,3
1256,OIC-179-10-B-,Quelle modalité d'échantillonnage consiste à inclure les individus au fur et à mesure de leur présentation dans les centres d'inclusion ?,Recrutement consécutif,Sondage stratifié,Méthode des quotas,Échantillon de convenance,a,4
1257,OIC-179-11-A-,Quels sont les éléments à prendre en compte pour évaluer la pertinence des facteurs d'exposition dans une étude analytique ou expérimentale ?,Seulement l'adéquation avec l'objectif principal,L'ensemble des facteurs qui pourraient théoriquement entraîner un phénomène de confusion du lien entre le facteur d'exposition et le critère de jugement,La signification clinique des facteurs d'exposition,La faisabilité de recueil des facteurs d'exposition,b,4
1258,OIC-183-01-B,Qu'est-ce qu'une variable aléatoire ?,Une fonction qui attribue un nombre à toutes les issues possibles discrètes d'un phénomène,"Une fonction qui attribue un nombre à toutes les issues possibles, discrètes ou continues, d'un phénomène",Une fonction qui attribue une valeur qualitative à toutes les issues possibles d'un phénomène,Une fonction qui attribue une valeur quantitative à toutes les issues possibles discrètes d'un phénomène,b,4
1259,OIC-183-01-B-,Quel est un paramètre statistique de dispersion qui mesure la différence entre le troisième et le premier quartile ?,Variance,Écart-type,Distance interquartile,Étendue,c,4
1260,OIC-183-02-B,Qu'est-ce que la puissance d'un test statistique?,La probabilité de rejeter l'hypothèse nulle si elle est vraie,La probabilité de ne pas rejeter l'hypothèse nulle si l'hypothèse alternative est vraie,La capacité d'un test à détecter une différence significative,Le risque de se tromper en concluant que le résultat n'est pas lié au hasard,c,4
1261,OIC-183-02-B-,Quel est l'objectif principal d'une courbe de survie estimée selon la méthode de Kaplan-Meyer ?,Comparer les courbes de survie de deux échantillons.,Estimer la probabilité de connaître l'événement avant un temps donné.,Représenter graphiquement la probabilité de ne pas connaître l'événement avant un temps donné.,Décrire la médiane de survie d'un échantillon.,c,4
1262,OIC-183-03-B,Quel type de méthode est souvent utilisé pour obtenir une mesure d'association ajustée?,Analyse univariée,Analyse multivariée,Analyse de régression logistique,Modèle de Cox,b,4
1263,OIC-183-03-B-,Quels sont les textes qui protègent les données de santé?,"Loi Informatique et Libertés, code de la santé publique","Règlement européen sur la protection des données personnelles RGPD, loi Informatique et Libertés","Code de la santé publique, loi Informatique et Libertés","Loi Informatique et Libertés, code pénal",b,4
1264,OIC-183-04-A,Quel est le facteur d'intérêt dans une étude expérimentale ?,Facteur étiologique,Facteur pronostique,Facteur de risque,Facteur exposition,d,4
1265,OIC-183-04-A-,Quelle est la définition de l'échantillon ?,La population source entière,Un sous-ensemble d'une population source,Une personne qui participe à l'étude,Le résultat final d'une étude,b,4
1266,OIC-183-05-B,Quel type d'étude observationnelle permet d'estimer le niveau d'indicateurs qualitatifs ou quantitatifs dans une population ciblée ?,Enquête de cohorte,Étude exposés non exposés,Enquête transversale,Enquête cas-témoins,c,4
1267,OIC-183-06-A,Quelle est la définition de la prévalence ?,"Nombre de nouveaux cas pendant une certaine période, rapporté à la somme des personnes-temps.",Proportion du nombre de cas d'une maladie dans une population à un instant donné.,Probabilité qu'un événement se produise dans une population pendant une période donnée.,Taux de mortalité dans une population.,b,4
1268,OIC-183-06-A-,Quel est le type de mesure de fréquence la plus souvent rapportée de manière standardisée?,Taux d'incidence non standardisé,Taux de mortalité ajusté,Taux d'incidence standardisé,Taux de prévalence ajusté,c,4
1269,OIC-183-07-B,Quelle est la formule de l'Odds Ratio (OR) ?,p0/(1-p0)p1/(1-p1),p1/(1-p1)p0/(1-p0),p0+p1,p0-p1,b,3
1270,OIC-183-07-B-,Quel type d'étude permet d'estimer l'Odds Ratio (OR) ?,Étude de cohorte exposé/non exposé,Essai contrôlé randomisé,Toutes les études ci-dessus,Étude cas-témoins,d,4
1271,OIC-183-08-A,Quel paramètre diminue la puissance d'une étude si sa valeur augmente ?,Le risque alpha,La taille de l'échantillon analysé N,La variabilité des observations (variance),La différence à détecter,c,4
1272,OIC-183-08-A-,Quel est le but du calcul du nombre de sujets nécessaire dans les études analytiques et expérimentales ?,Assurer une précision souhaitée au paramètre estimé,Garantir une puissance suffisante à l'étude,Déterminer la taille d'effet de l'étude,Évaluer la variabilité du critère de jugement,b,4
1273,OIC-186-01-B,Quels sont les trois types de biais ?,"Biais de sélection, biais de classement et biais de confusion.","Biais d'attrition, biais de mémorisation et biais de confusion.","Biais de sélection, biais de classement et biais de représentativité.","Biais de sélection, biais de classement et biais de validité externe.",a,4
1274,OIC-186-01-B-,Quel type de biais se produit lorsque la façon dont sont recueillies les données diffère selon le groupe étudié ?,biais non différentiel,biais différentiel,perte de puissance,biais de classement non différentiel,b,4
1275,OIC-186-02-B,Quel est le but d'un test d'interaction dans une étude épidémiologique?,Déterminer si l'effet est modifié de manière statistiquement significative,Évaluer l'association entre deux facteurs sans tenir compte des autres facteurs,Réaliser une analyse stratifiée,Introduire un terme d'interaction dans un modèle multivarié,a,4
1276,OIC-186-02-B-,Quel est le but d'un intervalle de confiance ?,Déterminer la valeur exacte du paramètre dans la population.,Évaluer la probabilité d'observer une différence au moins aussi importante si en réalité cette différence n'existe pas.,Présenter les fluctuations d'échantillonnage.,Donner un niveau de confiance associé à la vraie valeur du paramètre dans la population.,d,4
1277,OIC-186-03-B,Quel est le niveau de preuve scientifique fourni par une étude cas-témoins?,Niveau 1,Niveau 2,Niveau 3,Niveau 4,c,4
1278,OIC-186-03-B-,Quel est l'exemple d'une nouvelle source de données liée aux objets connectés ?,Données collectées dans le cadre du SNDS (Système National des Données de Santé),Exposome : ensemble des facteurs environnementaux auxquels un individu est exposé au cours de sa vie,Microbiome : ensemble des micro-organismes qui colonisent un individu,"Glucomètre connecté, balances connectées, montres connectées, smartphones",d,3
1279,OIC-186-04-B,Quel est un caractère des revues prédatrices?,Elles publient les manuscrits après une évaluation et une validation rigoureuses,Elles se présentent comme sérieuses mais ne garantissent pas d'intégrité scientifique,Elles sont gratuites pour les chercheurs,Elles n'ont pas de liste non exhaustive de revues présumées prédatrices,b,4
1280,OIC-186-04-B-,"Quel est le nom du graphique qui indique la probabilité post-test d'être malade à partir de la probabilité pré-test, du résultat du test et des rapports de vraisemblance correspondant ?",Nomogramme de Fagan,Graphique de sensibilité,Graphique de spécificité,Graphique de probabilité post-test,a,4
1281,OIC-186-05-B,Quel pourcentage des maladies rares sont d'origine génétique ?,20 %,50 %,80 %,90 %,c,4
1282,OIC-186-06-A,Quelle est la principale cause de l'hémophilie ?,Un déficit en facteur VIII ou IX,Une mauvaise régulation du coagulation sanguine,Une résistance aux traitements médicaux,Une maladie virale,a,4
1283,OIC-186-07-A,Qu'est-ce que l'impasse diagnostique?,La période allant de l'apparition des premiers symptômes à la date à laquelle un diagnostic précis est posé.,L'échec à définir la cause précise d'une forme atypique d'une maladie connue.,L'échec à définir la cause précise de la maladie après avoir mis en œuvre l'ensemble des investigations disponibles en l'état de l'art.,La période pendant laquelle un patient est traité sans diagnostic précis.,c,4
1284,OIC-186-07-A-,Quels sont les protocoles qui concernent toutes les principales maladies rares et sont publiés sur le site de la HAS ?,Protocoles nationaux de diagnostic et de soins (PNDS),Protocoles régionaux de diagnostic et de soins (PRDS),Protocoles internationaux de diagnostic et de soins (PID),Protocoles locaux de diagnostic et de soins (PLDS),a,4
1285,OIC-186-08-B-,Quelle est la méthode de traitement recommandée pour les cas de fausse couche du premier trimestre qui nécessitent une intervention chirurgicale?,Traitement médical avec prostaglandines,Prise en charge psychologique,Hospitalisation et traitement chirurgical sous anesthésie générale ou locale,Expulsion spontanée de la grossesse arrêtée,c,4
1286,OIC-186-09-B,Quel est le traitement médicamenteux recommandé pour une GEU pauci ou asymptomatique ?,une dose intramusculaire à 1 mg/m^2 de méthotrexate en l'absence de contre-indication sur le bilan biologique,une dose intramusculaire à 5 mg/m^2 de méthotrexate en l'absence de contre-indication sur le bilan biologique,une dose intraveineuse à 1 mg/m^2 de méthotrexate en l'absence de contre-indication sur le bilan biologique,une dose intramusculaire à 10 mg/m^2 de méthotrexate en l'absence de contre-indication sur le bilan biologique,a,4
1287,OIC-186-09-B-,Quels sont les signes cliniques en faveur d'un placenta praevia (PP)?,"hémorragie peu abondante, noirâtre et incoagulable + douleurs utérines brutales","hémorragie abondante, rouge et récidivante +/- contractions utérines",utérus contracturé et douloureux,"hémorragie peu abondante, noirâtre, incoagulable + douleurs utérines brutales",b,4
1288,OIC-186-10-B,Quelle est la caractéristique de l'hémorragie du post-partum (HPP) considérée comme sévère?,Une hémorragie inférieure à 500 mL dans les 24h suivant l'accouchement.,Une hémorragie de plus de 500 mL mais inférieure à 1000 mL dans les 24h suivant l'accouchement.,Une hémorragie supérieure à 1000 mL dans les 24h suivant l'accouchement.,Une hémorragie de plus de 500 mL mais inférieure à 2000 mL dans les 24h suivant l'accouchement.,c,4
1289,OIC-186-10-B-,Quels sont les gestes à réaliser en cas d'échec de la prise en charge d'une HPP ?,"Oxygénothérapie, prostaglandines et acid tranexamique.","Tamponnement intra-uterin, embolisation artérielle sélective et ligature chirurgicale des artères utérines.",Hystérectomie d'hémostase en dernier recours.,Tous les options ci-dessus sont corrects.,d,4
1290,OIC-186-11-A,Quelle est la durée recommandée pour surveiller la patiente en salle de travail après une délivrance ?,30 minutes,1 heure,2 heures,3 heures,c,4
1291,OIC-186-11-A-,Quelle est la définition de la prééclampsie ?,Association d'une HTA gravidique à une protéinurie (300 mg/24 h).,HTA chronique sans protéinurie.,PA systolique (PAS) < à 140 mmHg et/ou PA diastolique (PAD) < à 90 mmHg.,Association d'une HTA gravidique à une protéinurie (100 mg/24 h).,a,4
1292,OIC-186-12-B,Quel pourcentage d'HTA présente une prééclampsie?,5%,10%,15%,20%,b,4
1293,OIC-186-12-B-,Quel est l'intérêt de l'analyse du Doppler de l'artère ombilicale en cas de RCIU ?,Évaluer la croissance fœtale,Déterminer le poids fœtal,Analyser les résistances placentaires,Mesurer l'acidose fœtale,c,4
1294,OIC-186-13-B,Quelles sont les complications fœtales de la prééclampsie (PE) ?,"RCIU, MFIU sur RICU sévère et prématurité induite","HÉMATOME RÉTROPLACENTAIRE (HRP), CIVD et hématome sous-capsulaire du foie","Crise d'éclampsie, HELLP syndrome et rétinopathie hypertensive",Insuffisance rénale aiguë et hémorragie cérébroméningée,a,4
1295,OIC-186-13-B-,Quelle est la définition d'une protéinurie sévère ?,Protéinurie ≤ 3g/24h,Protéinurie > 3g/24h,Protéinurie < 3g/24h,Protéinurie = 3g/24h,b,4
1296,OIC-186-14-A,Quel est l'indication pour prescrire un traitement antihypertenseur à une femme enceinte ?,HTA légère (PAS < 160 mmHg et PAD < 110 mmHg).,HTA sévère (PAS ≥ 160 mmHg et/ou PAD ≥ 110 mmHg).,Prééclampsie.,Tous les cas de grossesse.,b,4
1297,OIC-186-14-A-,Quel est l'outil recommandé pour suivre la grossesse et l'HTA ?,Un carnet de suivi « Grossesse » sans mention spécifique à l'HTA,Un carnet de suivi « HTA » sans mention spécifique à la grossesse,Un carnet de suivi « Grossesse et HTA »,Un dossier médical papier,c,4
1298,OIC-186-15-A,Quels sont les types de médicaments préférés en cas d'allaitement maternel ?,"Inhibiteurs de l'enzyme de conversion (bénazépril, captopril, énalapril, quinapril)","Bêtabloquants (labétalol, propranolol) ; Inhibiteurs calciques (nicardipine, nifédipine) ; Alphaméthyldopa","Diurétiques (hydrochlorothiazide, furosemide)","Anticoagulants (warfarine, acénocoumarol)",b,4
1299,OIC-186-16-A,Quel est l'importance d'un suivi adapté après une grossesse avec HTA gravidique?,Pour éviter les complications à court terme,Pour surveiller le risque de maladies auto-immunes,"Pour prévenir les pathologies cardiovasculaires et rénales, ainsi que l'HTA chronique",Pour améliorer la fertilité future,c,4
1300,OIC-186-16-A-,Quelle est la définition d'un col raccourci ?,Un col long de plus de 30 mm.,Une longueur du col supérieure à 25 mm.,Une longueur du col inférieure ou égale à 25 mm.,Aucune des options précédentes n'est correcte.,c,4
1301,OIC-186-17-A,Quelles sont les causes infectieuses de la menace d'accouchement prématuré?,infections urinaires et bactériuries asymptomatiques,chorioamniotite et/ou rupture des membranes,toutes les causes mentionnées,aucune infection n'est une cause de la menace d'accouchement prématuré,c,4
1302,OIC-186-17-A-,Quel est l'examen qui permet la mesure du col à visée diagnostique et pronostique ?,Biométries fœtales,Quantité de liquide amniotique,Échographie du col,Fibronectine fœtale,c,4
1303,OIC-186-18-A-,Quel est le critère pour décider de réaliser un cerclage en cas d’antécédent d’accouchement prématuré ?,type d'antécédent et de la grossesse actuelle,"âge maternel, antécédents familiaux, conisation utérine","grossesse gémellaire, malformation utérine, antécédent isolé d'accouchement prématuré","système immunitaire, grossesse multiple, antécédents médicaux",a,4
1304,OIC-186-19-A,Quels sont les éléments à rechercher dans l'interrogatoire en cas de fièvre au cours de la grossesse?,"Antécédents prédisposants, traitements en cours et contexte particulier",Signes d'accompagnement urinaires et obstétricaux,Résultats des sérologies et mouvements actifs fœtaux,Tous les éléments mentionnés ci-dessus,d,4
1305,OIC-186-19-A-,Quels sont les examens complémentaires réalisés en cas de fièvre au cours de la grossesse ?,"ECBU, NFS - CRP et PCR COVID","Hémocultures, sérologies selon le contexte et RCF","Échographie obstétricale, streto test et tocométrie","Sérologies selon le contexte, NFS - CRP et hémocultures",d,4
1306,OIC-187-01-A-,Quel est un signe clinique du HELLP syndrome ?,"hémorragie génitale (abondante) + douleur abdominale, contractions utérines, brutales, permanentes (utérus dit « de bois »)","anémie, haptoglobine effondrée, LDH > 600 UI/L, schizocytes (hémolyse mécanique), hyperbilirubinémie","tachycardie maternelle, TA variable (HTA)","anomalie du RCF sévère, bradycardie voir MFIU",b,4
1307,OIC-187-03-A,Quel est l'objectif de la prise en charge d'une douleur abdominale aiguë chez une femme enceinte?,Diagnostiquer un cancer du foie,Orienté l'examen clinique et proposer les examens paracliniques adaptés,Traiter une douleur chronique,Évaluer la fonction rénale,b,4
1308,OIC-187-04-A,Quels sont les résultats possibles de l'infection materno-fœtale (IMF) ?,Seulement des fausses couches.,"Des fausses couches, des embryopathies, des infections fœtales, une mort ''in utero'' ou néonatale et des infections post-natales.",Une seule infection fœtale.,Aucun résultat possible.,b,4
1309,OIC-187-04-A-,Quel est le virus responsable de la 1ère cause de surdité congénitale non génétique ?,Hépatite B,Cytomégalovirus,Zika virus,Herpès simplex virus,b,4
1310,OIC-187-05-A,Quels sont les risques associés à une contamination au cours de la grossesse ?,Accouchement prématuré uniquement,"Infection intra-utérine, fausse couche tardive et retard de croissance intra utérin",Syndrome malformatif uniquement,Mort fœtale in utero uniquement,b,4
1311,OIC-187-05-A-,Quelle est la sévérité des lésions en fonction de l'âge gestationnel ?,Fœtopathies ou formes infracliniques au 3e trimestre,Formes sérologiques pures au 1er trimestre,Lésions d'embryopathie et fœtopathie sévères plus fréquentes au 3e trimestre,Lésions d'embryopathie et fœtopathie sévères plus fréquentes au 1er trimestre ; Fœtopathies ou formes infracliniques au 2e trimestre ; Formes sérologiques pures au 3e trimestre,d,4
1312,OIC-187-06-A,Quelle est la conduite à tenir en cas de sérologie positive maternelle ?,"Rien, c'est normal.",Référence à un Centre Pluridisciplinaire de Diagnostic Prénatal (CPDPN) pour traitement anti-parasitaire,Dater la contamination maternelle et répéter les sérologies mensuellement jusqu'à l'accouchement,Faire appel à un laboratoire de référence pour reprise de tous les échantillons maternels,c,4
1313,OIC-187-06-A-,Quel est l'objectif de la prévention secondaire de la toxoplasmose ?,Réduire le risque de séroconversion en évitant les contacts avec les chats.,"Dépister sérologiquement mensuellement et surveiller en CPDPN (amniocentèse, échographies +/- IRM fœtale) en cas de séroconversion avérée.",Administer des antiparasitaires à tous les femmes enceintes.,Consommer uniquement des aliments congelés.,b,4
1314,OIC-187-07-A-,Quel est le résultat d'une sérologie positive en début de grossesse ?,L'infection actuelle,L'immunité antérieure due à une infection ancienne ou une vaccination ancienne,Le risque fœtal élevé,La nécessité d'examen complémentaire,b,4
1315,OIC-187-08-B,Quel est le résultat possible de la transmission de la rougeole materno-fœtale ?,Une rougeole congénitale néonatale fréquente,Une rougeole congénitale néonatale exceptionnelle vu la couverture vaccinale,Aucun résultat car les femmes enceintes sont immunisées contre la rougeole,Seulement une rougeole congénitale néonatale,b,4
1316,OIC-187-08-B-,Quelles sont les conséquences néonatales de la rougeole maternelle ?,Risque majoré si infection maternelle après la naissance,Pas d’augmentation du risque de décès,Rougeole périnatale (rougeole « congénitale ») = éruption survenant chez le nouveau-né dans les 10 premiers jours de vie.,Augmentation du risque de malformations congénitales uniquement,c,4
1317,OIC-187-09-A,"En cas d’éruption compatible avec une rougeole, qu’est-ce qui est indiqué ?","Mettre en place des mesures de prévention de la transmission : distanciation sociale, port du masque",Rechercher un contage,Confirmer biologiquement le diagnostic : RT-PCR salivaire et/ou recherche d’IgM spécifiques dans la salive/le sérum ,Tenter d’arrêter une mise en travail,c,4
1318,OIC-187-10-A,Quel est le risque de transmission verticale du VIH en l'absence de traitement prénatal ?,< 1 %,15 à 20 %,50 %,90 %,b,4
1319,OIC-187-11-B,Quel est le risque de passage à la chronicité chez un nouveau-né contaminé par l'hépatite B?,50%,90%,70%,80%,b,4
1320,OIC-187-12-A,Quel est le but du dépistage du VIH chez les femmes enceintes ?,Déterminer la séropositivité de l'enfant,Connaître la séropositivité de la mère pour l'intérêt de l'enfant (et de la mère),Évaluer les risques de transmission du VIH à l'enfant,Prévenir les infections fœtales,b,4
1321,OIC-187-13-B-,Quelle est la règle d'hygiène à respecter après avoir manipulé des aliments non cuits ?,Conserver les aliments crus séparément des aliments cuits ou prêts à être consommés,Réchauffer soigneusement les restes alimentaires et les plats cuisinés avant consommation immédiate,Se laver les mains après avoir manipulé des aliments cuits,Se laver les mains après avoir manipulé des aliments non cuits,d,4
1322,OIC-187-14-A,Quels sont les prélèvements qui permettent d'isoler le germe de la listériose chez le nouveau-né ?,Sang et liquide gastrique obtenu par aspiration,"Liquide céphalorachidien, sang et liquide gastrique obtenu par aspiration","Sang, liquide gastrique obtenu par aspiration et examen anatomopathologique",Liquide gastrique obtenu par aspiration uniquement,b,4
1323,OIC-187-14-A-,Quelle est la voie de transmission du streptocoque B entre la mère et le fœtus?,Voie sanguine,"Voie vaginale, ascendante",Voie respiratoire,Voie digestive,b,4
1324,OIC-187-16-A,Quel est le traitement recommandé pour une femme enceinte grippée?,Oseltamivir (Tamiflu) 75 mg : 2/j pendant 5 jours,Oseltamivir (Tamiflu) 75 mg : 1/j pendant 10 jours,Paracétamol et amoxicilline,Pas de traitement,a,4
1325,OIC-187-17-B,Quand sont les RAI prescrites aux femmes Rhésus D négatif (Rh-) ou précédemment transfusées ?,Au 1er trimestre de la grossesse,"Aux 6e, 8e ou 9e mois",Chez les femmes Rhésus D positif (Rh+),Chez les femmes enceintes d'un enfant avec un groupe sanguin différent du leur,b,4
1326,OIC-187-17-B-,Quelle est la prévention médicamenteuse de l'allo-immunisation anti-D (Rh1) ?,L'injection d'immunoglobulines spécifiques (anti-D) (Rhophylac®) uniquement après l'accouchement.,La prise régulière de médicaments anti-Rh1 pendant la grossesse.,L'injection d'immunoglobulines spécifiques (anti-D) (Rhophylac®) avant toute injection d’immunoglobulines.,L’injection d’immunoglobulines spécifiques (anti-D) (Rhophylac®) en cas de situations à risque d’hémorragie fœto-maternelle.,d,4
1327,OIC-187-18-A,Quelle est la conséquence de l'injection systématique d'immunoglobulines anti-D chez la mère à 28 SA ?,Aucune conséquence sur le nouveau-né RhD +,Un test de Coombs peut être positif chez le nouveau-né RhD +,Une exploration complémentaire est à prévoir en cas de symptomatologie associée,Un contact avec le néonatalogiste n'est pas utile,b,4
1328,OIC-187-18-A-,Quel est l'objectif de déclarer les données sur la prise médicamenteuse dans un centre de pharmacovigilance ?,Évaluer le bénéfice maternel et du risque fœtal,Adapter le traitement lors d'une consultation préconceptionnelle,Permettre à l'Agence nationale de sécurité du médicament (ANSM) d'établir l'indication possible ou non au cours de la grossesse,Fournir des informations sur les études faites en préclinique chez l'animal,c,4
1329,OIC-188-01-A,Quel est le type de médicament qui peut être à risque lors de la grossesse ?,Médicaments contre les infections,Médicaments contre les troubles du sommeil,Médicaments antiépileptiques,Médicaments immunosuppresseurs,c,4
1330,OIC-188-02-B-,Quel est le produit toxique de la fumée de tabac qui provoque la dépendance?,La nicotine,Le monoxyde de carbone,L'arsenic,Le plomb,a,4
1331,OIC-188-04-A,Quel est le terme utilisé pour désigner les troubles causés par l'alcoolisation fœtale lorsqu'il n'existe pas de retard de croissance ni de dysmorphie ?,Syndrome d'alcoolisation fœtale (SAF),Ensemble des troubles causés par l'alcoolisation fœtale (ETCAF),Retard mental,Troubles cognitifs,b,4
1332,OIC-188-04-A-,Quelle est l'impact des consommations aiguës ('binge drinking') en début de grossesse sur la survenue de malformations fœtales ou de troubles cognitivo-comportementaux?,Il y a un impact démontré sur la survenue de malformations fœtales.,"Il n'y a pas d'impact démontré sur la survenue de malformations fœtales ou de troubles cognitivo-comportementaux, même si l'épisode se répète.",Il y a un impact démontré sur la survenue de troubles cognitivo-comportementaux mais pas de malformations fœtales.,"Il n'y a pas d'impact démontré d'un épisode isolé, mais il peut en être ainsi si l'épisode se répète.",d,4
1333,OIC-188-05-A,Quel est un bon moyen pour dépister l'alcoolisation maternelle ?,Utiliser des autoquestionnaires validés tels que le T-ACE,Faire une analyse sanguine pour détecter les traces d'alcool,Effectuer un examen physique complet,Consulter un spécialiste en addictologie,a,4
1334,OIC-188-06-B-,Quel est l'avantage des traitements de substitution aux opiacés ?,Ils diminuent la morbidité maternelle et fœtale,Ils augmentent le risque de prématurité,Ils n'ont aucun effet sur la grossesse,Ils sont uniquement utilisés pour les femmes enceintes,a,4
1335,OIC-188-07-B,Quels produits peuvent influencer la sévérité et la durée du syndrome de sevrage néonatal (SSNN) ?,Benzodiazépines uniquement,Opiacés uniquement,Benzodiazépines et autres produits,Aucun produit n'influence le SSNN,c,4
1336,OIC-188-08-A,Quel est l'effet de l'irradiation fœtale sur le risque de leucémie ou de cancer ?,"Diminue le risque à 0,1 %","Augmente le risque à 0,5 %",Augmente le risque à 40 %,Augmente le risque de 40 % sans effet seuil réellement connu,d,4
1337,OIC-188-08-A-,Quelle est la bonne conduite à tenir si l'utérus est dans le faisceau de rayonnement lors d'un examen radiologique ?,Réaliser l'examen sans prendre aucune mesure de protection.,Utiliser un tablier de plomb pour limiter la dose délivrée à l'utérus.,Demander l'avis d'un service compétent pour le calcul de la dose-gonades (IRSN) et réaliser l'examen si nécessaire.,Contrer l'examen du seul fait de la grossesse.,c,4
1338,OIC-188-09-A,Quels sont les signes généraux d'une INBP ?,"Détresse respiratoire (signes de lutte), tachypnée (FR > 60/min), apnées","Fièvre (température ≥ 38,0°C) ou hypothermie (température < 36,0°C)","Tachycardie (> 160 bpm) ou bradycardie (< 80 bpm), signes de choc","Somnolence, irritabilité, hypotonie, convulsions",b,4
1339,OIC-188-10-A,Quel est un argument en faveur d'une cause vasculaire pour le RCIU ?,L'association à une HTA ou à une pré-éclampsie,Un antécédent de RCIU vasculaire lors d'une grossesse précédente,Un oligoamnios (diminution du liquide amniotique),Tous les arguments mentionnés dans le texte,d,4
1340,OIC-188-10-A-,Quel est le critère pour définir la prématurité ?,Naissance avant 32 semaines d'aménorrhée (SA),"Naissance survenue avant 37 semaines d'aménorrhée (SA) et, à partir de 22 SA, d'un enfant de poids au moins égal à 500 g",Naissance après 40 semaines d'aménorrhée (SA),Naissance avant 20 semaines d'aménorrhée (SA),b,4
1341,OIC-188-11-B,Quel est l'objectif principal du score d'Apgar?,Évaluer la température du nouveau-né,Effectuer un examen cardiovasculaire,Évaluer l'adaptation à la vie extra-utérine,Inspecter les organes génitaux externes,c,4
1342,OIC-188-11-B-,Quels sont les réflexes archaïques présents chez le nouveau-né à terme ?,"Succion, points cardinaux, agrippement, marche automatique","Réflexe de moro, allongement croisé, marche automatique","Tonus passif, tonus actif","Fonction cérébrale, fonction cardiaque",a,4
1343,OIC-188-12-B-,Quel est le dépistage réalisé pour la mucoviscidose ?,Élévation du dosage sanguin de la trypsine immunoréactive (TIR),Électrophorèse de l’hémoglobine,Mesure de l’octanoyl-carnitine (C8),Élévation du dosage sanguin de la TSH,a,4
1344,OIC-188-13-B,Quel est le dépistage systématique en maternité pour la surdité congénitale?,Otoémissions acoustiques provoquées (OEAP) et audiogramme.,Potentiels évoqués auditifs et contrôle ORL.,Examen clinique et radiographie de bassin.,Otoémissions acoustiques provoquées (OEAP) uniquement.,d,4
1345,OIC-188-13-B-,Quels sont les contre-indications à l'allaitement maternel?,infection maternelle par le VIH,cardiopathie ou néphropathie sévère maternelle,galactosémie chez l'enfant,certains médicaments,abcd,1
1346,OIC-188-14-A,Quels sont les principaux facteurs de risque de détresse respiratoire ?,"Prématurité, diabète préalable à la grossesse, diabète gestationnel, césarienne avant travail","Liquide amniotique méconial, anoxo-ischémie périnatale, antécédent d'accouchement prématuré et de fausse couche tardive","Terrain maternel : célibat, bas niveau socio-économique, tabagisme, consommation d'alcool, toxicomanie, stress, anxiété, dépression, station debout prolongée, suivi inconstant","Colonisation maternelle à SGB, antécédent d'infection néonatale à SGB, fièvre maternelle > 38.0°C en per-partum ou dans les 2 heures suivant l'accouchement",a,4
1347,OIC-188-14-A-,"Quelle est la forme de fente labio-palatine qui atteint l'ouverture du seuil narinaire, la lèvre supérieure et l'arcade alvéolaire jusqu'au canal nasopalatin ?",Fente totale,Fente du palais secondaire (médiane),Fente du palais primaire (latéralisée),Fente du voile (luette bifide),c,4
1348,OIC-188-15-B,Quel était le délai d'autorisation de l'IVG avant 2001 ?,14 semaines d'aménorrhée,12 semaines d'aménorrhée,16 SA d'aménorrhée,18 mois après la naissance de l'enfant,b,4
1349,OIC-188-15-B-,Quel est le pourcentage de femmes ayant recours à une IVG qui avaient une contraception ?,50%,66%,75%,2/3,d,4
1350,OIC-188-16-A,Depuis quand est stable le nombre d'IVG en France ?,Depuis 2010,Depuis 2006,Depuis 1995,Depuis 1980,b,4
1351,OIC-188-16-A-,Quel est le taux de recours à l'IVG dans la tranche d'âge de 20-29 ans en France?,15 IVG pour 1000 femmes,"22,9 IVG pour 1000 femmes","27,9 IVG pour 1000 femmes","31,4 IVG pour 1000 femmes",c,4
1352,OIC-188-18-B,Quelle est la date limite pour effectuer une consultation de contrôle après l'IVG ?,7 jours,14 jours,21 jours,30 jours,c,4
1353,OIC-188-19-A-,Quel est le risque d'infection génitale haute après une IVG instrumentale?,"0,3 %",1%,5%,1 % après une IVG médicamenteuse,b,4
1354,OIC-188-20-A,Quelles sont les méthodes contraceptives utilisées après une IVG?,implant et DIU uniquement,"contraception oestroprogestative orale, anneau vaginal et implant",anneau vaginal et stérilisation tubaire définitive,DIU et contraception progestative,d,4
1355,OIC-188-20-A-,Quelles méthodes contraceptives pourraient prévenir la répétition des IVG?,stérilisation,dispositifs intra-utérins et implant,pilule du lendemain,diaphragme,b,4
1356,OIC-188-21-B,Quelle est la définition de la fécondabilité ?,La capacité à se reproduire,La probabilité de survenue d'une grossesse au cours d'un mois ou d'un cycle menstruel chez un couple n'utilisant pas de contraception,Le taux de fécondité,La capacité d'un couple à concevoir,b,4
1357,OIC-188-21-B-,Quelle est la différence entre l'infertilité et la stérilité?,"L'infertilité est une difficulté à procréer, tandis que la stérilité est une impossibilité totale de concevoir.",La stérilité est une forme d'infertilité.,"L'infertilité est une maladie qui affecte les femmes, tandis que la stérilité affecte les hommes.","L'infertilité est une condition temporaire, tandis que la stérilité est permanente.",a,4
1358,OIC-188-22-A,Quel est le taux de fécondité en France en 2019 ?,"1,5 enfant par femme","1,87 enfant par femme",2 enfants par femme,3 enfants par femme,b,4
1359,OIC-188-23-B,Quel est le but de l'enquête familiale dans le contexte d'une consultation pour infertilité masculine ?,Recherche d'antécédents familiaux de pathologies génétiques,Recherche d'hypofertilité chez les apparentés,Recherche de pathologies génétiques familiales et antécédents familiaux de pathologies génétiques,Aucun but n'est spécifique à l'enquête familiale dans ce contexte,c,4
1360,OIC-188-23-B-,Quelle est la cause d'une infertilité masculine associée à une absence bilatérale ou unilatérale des canaux déférents ?,"Origine sécrétoire, pathologie testiculaire",Environnementale,Iatrogène,Absence bilatérale ou unilatérale des canaux déférents congénitale,d,4
1361,OIC-190-01-A,Quel est le test post-coïtal (ou test de Hühner) dans le bilan de première intention?,Systématique et recommandé,"Non systématique, mais recommandé","Non systématique, ni recommandé",Requis pour tous les couples présentant des difficultés à procréer,c,4
1362,OIC-190-01-A-,Quels sont les paramètres analysés dans un spermogramme?,"Volume de l'éjaculat, pH du sperme et concentration des spermatozoïdes","Viscosité de l'éjaculat, mobilité des spermatozoïdes et morphologie des cellules rondes","Vitalité des spermatozoïdes, agglutinats et leucocytes dans l'éjaculat","Concentration des spermatozoïdes, mobilité progressive et morphologie des spermatozoïdes",d,4
1363,OIC-190-02-A-,Quel est le type d'obstruction qui peut causer une infertilité masculine ?,Obstruction en amont du testicule,Obstruction en aval du testicule,Obstruction dans les voies génito-urinaires,Obstruction dans la région hypothalamo-hypophysaire,b,4
1364,OIC-190-03-A,Qui a accès à l’Assistance Médicale à la Procréation (AMP) selon la Loi de Bioéthique 2021 ?,Seulement les couples hétérosexuels mariés,Tout couple formé d'un homme et d'une femme ou de deux femmes ou toute femme non mariée,Les couples homosexuels seulement,Les célibataires uniquement,b,4
1365,OIC-190-03-A-,"Depuis quand est-il possible d'avoir recours à une congélation de gamète pour préservation de la fertilité, en l'absence d'indication médicale ?",Depuis le début des années 2000.,Depuis la loi de Bioéthique de 2021.,Depuis les années 1990.,Depuis les années 1980.,b,4
1366,OIC-190-04-A,"Quelle est la technique d'AMP qui consiste à mettre en contact des ovocytes récupérés avec des spermatozoïdes préparés, ou avec micro-injection intra-cytoplasmique d'un spermatozoïde ?",FIVc,ICSI,IIU,DPI,b,4
1367,OIC-190-04-A-,Quelle est la technique de préservation de la fertilité masculine qui consiste à conserver les cellules souches germinales chez le garçon pré-pubère ?,Congélation ou conservation de spermatozoïdes éjaculés,Congélation ou conservation de tissu testiculaire,Congélation ou conservation d’ovocytes matures sans stimulation hormonale préalable,Congélation ou conservation d’embryons,b,4
1368,OIC-190-05-A-,Quel est l'objectif principal du diagnostic pré-implantatoire dans le cadre de l'AMP ?,Éviter la transmission d'une maladie virale à l'autre membre du couple,Prévenir les pathologies génétiques graves transmissibles aux enfants,Accompagner les couples dans leur projet parental,Preserver la fertilité des femmes,b,4
1369,OIC-190-06-B-,Quelles sont les principales indications de l'ICSI ?,"L'infertilité tubaire, l'endométriose et les échecs d'IIU ou d'inductions simples de l'ovulation","Les anomalies spermatiques sévères, l'utilisation de spermatozoïdes extraits chirurgicalement ou à partir des urines",L'infertilité tubaire et les échecs d'IIU ou d'inductions simples de l'ovulation,Les anomalies spermatiques sévères et l'utilisation de spermatozoïdes extraits chirurgicalement ou à partir des urines,b,4
1370,OIC-190-07-B,Quelles sont les principales indications de l'accueil d'embryon/double dons?,Non souhait de recours à l'AMP avec don de gamètes,Couple de femmes et femme non mariée avec infertilité sévère ou stérilité de la femme qui va porter l'enfant,Double infertilité légère,Risque de transmettre une maladie génétique à l'enfant,b,4
1371,OIC-190-07-B-,Quelles sont les principales indications médicales de préservation de la fertilité masculine ?,"La chimiothérapie ou tout traitement médicamenteux qui peut détruire les cellules souches spermatogoniales (CSS) ou altérer le génome des spermatozoïdes, la radiothérapie qui peut exercer la même toxicité sur les cellules germinales souches et les spermatozoïdes que la chimiothérapie si le champ d’irradiation est situé à proximité des testicules ou directement sur les testicules","La chirurgie des voies excrétrices spermatiques y compris la vasectomie, les anomalies congénitales du testicule, le plus souvent d'origine génétique, responsables d’altérations spermatiques susceptibles de s’aggraver au cours du temps et pouvant conduire à une azoospermie non obstructive","La chirurgie des voies excrétrices spermatiques y compris la vasectomie, les anomalies congénitales du testicule, le plus souvent d'origine génétique, responsables d’altérations spermatiques susceptibles de s’aggraver au cours du temps et pouvant conduire à une azoospermie non obstructive","La chirurgie des voies excrétrices spermatiques y compris la vasectomie, les anomalies congénitales du testicule, le plus souvent d'origine génétique, responsables d’altérations spermatiques susceptibles de s’aggraver au cours du temps et pouvant conduire à une azoospermie non obstructive",a,1
1372,OIC-191-01-A,Quel est l'objectif du test de migration de survie des spermatozoïdes ?,Choisir la technique d'AMP la plus appropriée,Évaluer la balance bénéfice-risque d'une prise en charge en AMP,Rechercher et identifier les causes de l'infertilité du couple,Séléctionner les spermatozoïdes les plus mobiles,d,4
1373,OIC-191-02-B,Quel est le risque de complications veineuses lors d'une grossesse obtenue par AMP ?,Risque identique à une grossesse spontanée,Risque un peu plus important que les grossesses spontanées ou après IIU,Aucun risque supplémentaire,Risque moindre que les grossesses multiples,b,4
1374,OIC-191-03-A,Quel est le comportement des parents dans de très rares cas ?,Ils demandent un soutien médical et psychologique,Ils recherchent d'autres informations sur la maladie génétique,Ils demandent à confier l'enfant à l'adoption,Ils ignorent le diagnostic,c,4
1375,OIC-191-04-B,Quels sont les risques associés au caryotype fœtal ?,Risque de discordance fœto-placentaire (de l'ordre de 1-2%) pour les PVC ; Risque d’infection suite au prélèvement,"Risque d’échec de culture ; Risque de fausses couches estimé à 0,5 % suite à une PVC et 0,2 % suite à une PLA",Risque d’allo-immunisation fœto-maternelle Rh(D) chez les femmes Rh(D). Penser à la prophylaxie par injection d’immunoglobulines anti-D ; Risque de bradycardie suite à une ponction de sang fœtal,Tous les risques sont mentionnés dans le texte,d,4
1376,OIC-191-04-B-,Quel est le résultat du dépistage prénatal non invasif (DPNI) qui conduit à la réalisation d’un caryotype fœtal ?,Un risque inférieur à 1/1000,Un risque supérieur ou égal à 1/50,Un résultat positif du DPNI,Un résultat négatif du DPNI,c,4
1377,OIC-191-05-A-,Quel est le risque de récurrence en cas de nouvelle grossesse si un parent porte une translocation robertsonienne (21;21) ?,0%,10-15%,100%,2-5%,c,4
1378,OIC-191-06-A-,Quel est le but du suivi médical chez un enfant porteur de trisomie 21?,Seulement dépister les troubles du sommeil et des infections ORL,"Évaluer l'importance du retard psychomoteur, du retard de langage et du retard cognitif",Proposer des mesures hygiéno-diététiques pour lutter contre l'obésité,Tous les buts mentionnés ci-dessus,d,4
1379,OIC-191-07-B,Quels sont les principaux signes cliniques post-nataux de la trisomie 21 ?,"Hypotonie axiale, souffle à l'auscultation cardiaque et dysmorphie faciale.","Retard psychomoteur, difficultés d'apprentissage associées à une immaturité.","Fievre, diarrhée et vomissement.","Douleur abdominale, nausées et vertiges.",a,4
1380,OIC-191-07-B-,Quel est le risque de démence chez les personnes porteurs de trisomie 21 à l'âge adulte?,Faible,Moyen,"Elevé, notamment de type Alzheimer",Inexistant,c,4
1381,OIC-191-08-B,Quel est le risque de transmettre la mucoviscidose à la descendance si un des parents est atteint de mucoviscidose ?,1/4,1/2,3/4,0,b,4
1382,OIC-191-08-B-,Quel est le type de prélèvement effectué pour le dépistage de la mucoviscidose ?,Prélèvement sanguin veineux,Prélèvement d'une tâche de sang au talon du nouveau-né,Prélèvement cutané,Prélèvement urinaire,b,4
1383,OIC-191-09-B,Quelle est la valeur seuil pour confirmer le diagnostic de mucoviscidose par le test de la sueur ?,40 meq/L,60 meq/L,80 meq/L,100 meq/L,b,4
1384,OIC-191-09-B-,Quel est le principal symptôme digestif de la mucoviscidose chez le nourrisson?,Constipation,Douleurs abdominales,Stéatorrhée,Tous les symptômes sont égaux en fréquence,c,4
1385,OIC-191-10-B,Quel est un traitement possible dans les formes graves de mucoviscidose ?,La greffe de foie seule,La greffe de poumon et/ou foie,Aucune des deux options,La greffe de poumon seule,b,4
1386,OIC-191-10-B-,Quels sont les examens d'imagerie indiqués pour le suivi du patient sur le plan digestif ?,IRM abdominale annuelle et scanner thoracique en cas de symptôme nouveau.,Échodoppler hépatique digestif annuel et IRM ou scanner abdominal en cas d'aggravation.,Scanner abdominal annuel et radiographie pulmonaire en cas de symptôme nouveau.,Radiographie pulmonaire annuelle et échodoppler hépatique digestif.,b,4
1387,OIC-191-11-B,Quels sont les signes cliniques courants chez les filles porteurs du syndrome du X Fragile ?,a,b,c,d,b,1
1388,OIC-191-11-B-,"Quel est le risque d'expansion vers une mutation complète en une seule génération, corrélé à la taille de la prémutation maternelle ?",Pas corrélé,Corrélé à la taille de la prémutation paternelle,Corrélé à la taille de la prémutation maternelle,Inconnu,c,4
1389,OIC-197-01-A-,Quel est le pourcentage d'hommes et de femmes porteurs de prémutation qui développent FXTAS ?,"10% hommes, 5% femmes","40% hommes, 16% femmes","20% hommes, 8% femmes","60% hommes, 24% femmes",b,4
1390,OIC-197-02-B-,Qui est responsable du suivi médical des enfants jusqu'à 6 ans ?,Médecin spécialiste en pédiatrie uniquement,Médecin généraliste uniquement,"Médecin formé à la santé de l'enfant, pédiatre ou médecin généraliste",Infirmière spécialisée en pédiatrie,c,4
1391,OIC-197-03-B,Quels sont les aspects à prendre en compte lors du développement staturo-pondéral?,Seulement le poids et la taille,Seulement l'IMC et le PC (jusqu'à 3 ans),"Le poids, la taille, IMC, PC (jusqu'à 3 ans), retard de croissance staturo-pondéral, prévention du surpoids et de l'obésité",Aucun des éléments ci-dessus,c,4
1392,OIC-197-03-B-,Quelle est la fréquence des anomalies visuelles chez les enfants de moins de 6 ans ?,Un enfant sur 10,Un enfant sur 5,Un enfant sur 20,Pas d'anomalie visuelle chez les enfants de moins de 6 ans,b,4
1393,OIC-197-04-B,Quels sont les facteurs de risque familiaux des troubles visuels?,Surdité,Malformation du crâne ou de la face,"Troubles neuro-moteurs, infirmité motrice cérébrale",Strabisme ; troubles sévères de la réfraction : myopies sévères et précoces,d,4
1394,OIC-197-04-B-,Quels sont les tests utilisés pour le dépistage visuel des enfants après 4 ans ?,"Réflexes photomoteur, lueur pupillaire et reflets cornéens","Fixation monoculaire et binoculaire, poursuite oculaire et nystagmus","Amblyopie bilatérale, occlusion alternée et signe de la toupie","Tests directionnels, tests de chiffres et de lettres, examen de la vision des couleurs",d,4
1395,OIC-197-05-A,Quels sont les cas où il faut adresser un enfant à un ophtalmologiste en urgence ?,"Leucocorie, cornée trouble (glaucome), strabisme d'apparition brutale et nystagmus d'apparition récente",Seulement leucocorie et cornée trouble (glaucome),Seulement strabisme d'apparition brutale et nystagmus d'apparition récente,"Leucocorie, strabisme d'apparition brutale et nystagmus d'apparition récente",a,4
1396,OIC-197-05-A-,Quelle est la capacité à distinguer des détails séparés par un angle réduit dans l'axe du regard ?,"Poursuite oculaire, fixation mono et binoculaire",Vision stéréoscopique,Augmentation progressive de l'acuité visuelle,Capacité à distinguer points distincts dans un contraste maximal,d,4
1397,OIC-197-06-B-,Quel est l'importance du dépistage auditif?,Il n'a pas d'importance pour le développement de l'enfant.,Il permet de détecter les anomalies auditives fréquentes chez les enfants.,Il est uniquement destiné aux enfants ayant une famille aisée.,Il n'est pas nécessaire car la plupart des enfants ont une audition normale.,b,4
1398,OIC-197-07-B,Quels sont les principaux facteurs de risques personnels pour les troubles auditifs chez l'enfant?,Infection sévère et/ou traitement ototoxique,Prothèse auditive avant 50 ans,Exposition in utero aux toxiques,Prématurité,a,4
1399,OIC-197-08-B-,Quels sont les organes affectés dans un enfant sourd ?,Seulement l'oreille externe.,Seulement l'oreille interne.,"Les organes de transmission du son (oreille externe et oreille moyenne) ou les organes de perception du son (oreille interne, système auditif central).",Aucun organe n'est affecté.,c,4
1400,OIC-197-09-A-,Quel est l'objectif principal de la numérotation dentaire internationale?,Identifier les problèmes d'alimentation,"Dépister les anomalies orthopédiques, des troubles visuels, auditifs et dentaires",Connaître la position des dents dans l'arcade dentaire,Évaluer la santé générale de l'enfant,c,4
1401,OIC-197-10-A-,Quel est l'âge recommandé pour la première visite chez le dentiste ?,12-18 ans,6 mois,12-18 mois,3 ans,c,4
1402,OIC-197-11-B,Quel est le moment approximatif de l'éruption des premières molaires chez un enfant ?,6 mois,2 ans,10-11 ans,18 ans,b,4
1403,OIC-197-11-B-,Quels sont les signes d'un trouble de l'articulé dentaire ?,"Une béance, une déviation latérale de mandibule, une prognathie, des incisives bout à bout","Un chevauchement, une proalévolie maxillaire, un problème d'odorat","Une mauvaise hygiène buccale, une sensibilité dentaire",Une douleur au niveau des articulations,a,4
1404,OIC-197-12-A,Quel est le bénéfice du diagnostic précoce de la luxation congénitale de Hanche?,Les soins ultérieurs sont plus coûteux,Le traitement est moins efficace,Le diagnostic précoce facilite les soins ultérieurs,La maladie disparaît spontanément à l'âge de 5 ans,c,4
1405,OIC-197-12-A-,Quelle est la modalité de dépistage utilisée pour rechercher l'instabilité de hanche ?,"Inspection : raccourcissement de la cuisse, symétrie des plis cutanés",Recherche de limitations d'abduction (norme > 60°),Examen radiographique,Manœuvre de Barlow (ressaut),d,4
1406,OIC-197-13-A-,Quelle est l'indication de l'imagerie pour une luxation congénitale de hanche si anomalie au suivi ?,"Faire échographie jusqu'à 3 mois, faire Radiographie à partir du 4° mois (3 mois révolu)",Faire échographie dès la naissance,Faire Radiographie dès le 2ème mois,Ne pas faire d'imagerie,a,4
1407,OIC-197-14-B-,Quel trouble d'axe des membres inférieurs est caractérisé par un écartement intermaléolaire et est considéré comme normal de 3 à 10 ans ?,Trouble de torsion,Genu varum,Genu valgum,Anomalie de rotation dans l'axe frontal,c,4
1408,OIC-198-01-A,Quels sont les facteurs de risque qui peuvent contribuer à la scoliose chez les enfants?,Maladies neuromusculaires ou syndrome polymalformatif,Seulement les maladies sous-jacentes,Aucun facteur de risque connu,Les deux options a et b,d,4
1409,OIC-198-02-A,Quel est le but de l'analyse des noyaux d'ossification des crêtes iliaques?,Déterminer la fin de la croissance et évaluer la maturation osseuse,Analyser les courbures dans le plan sagittal,Évaluer la statique du rachis et du pelvis,Rechercher des malformations vertébrales,a,4
1410,OIC-198-03-B,Quelle est la caractéristique de la cyphose thoracique?,Déformation vertébrale dans le plan frontal,Aggravation lordose dorsale,Douloureuse,Inversion du plan sagittal,c,4
1411,OIC-198-03-B-,Quel est le but des examens médicaux obligatoires ?,"Dépister les anomalies orthopédiques, visuelles, auditives et dentaires.",Faire plaisir aux parents.,Évaluer la santé générale de l'enfant.,Donner un certificat médical obligatoire.,a,4
1412,OIC-198-04-B,Quels sont les missions de la médecine scolaire?,"Accompagner chaque élève en fonction de ses besoins spécifiques liés notamment à sa santé physique ou psychique, et promouvoir la santé auprès des enseignants.","Missions de prévention individuelle et collective et de promotion de la santé auprès de l'ensemble des enfants scolarisés, accueil et accompagnement de chaque élève en fonction de ses besoins spécifiques liés notamment à sa santé physique ou psychique.",Missions de prévention individuelle et collective et de promotion de la santé auprès des enseignants uniquement.,"Accompagner chaque élève en fonction de ses besoins spécifiques liés notamment à sa santé physique ou psychique, mais pas promouvoir la santé.",b,4
1413,OIC-198-04-B-,Quel est le but du bilan de santé à l'âge scolaire ?,Dépistage des troubles visuels et auditifs,"Dépistage des anomalies orthopédiques, des troubles visuels, auditifs et dentaires",Médecine scolaire,Tous les buts sont pris en compte,b,4
1414,OIC-198-05-B-,Qui peut effectuer les consultations obligatoires de suivi ?,Seul le pédiatre,"Médecin traitant, pédiatre ou médecin généraliste",Services de PMI uniquement,Parents et médecins spécialisés,b,4
1415,OIC-198-06-B,Quel est l'objectif du suivi systématique obligatoire du nourrisson ?,"Dépistage des anomalies orthopédiques, des troubles visuels, auditifs et dentaires",Examens de santé obligatoires et médecine scolaire,Collection de données épidémiologiques sur l'état de santé,A adresser au médecin responsable du service de PMI du département,a,4
1416,OIC-198-07-B,Quels sont les éléments à vérifier lors d'un examen physique avec un adolescent ?,"Alimentation, Développement physique et pubertaire, Loisirs et Lycée","Entourage familial et amical, Symptômes flous, Compliance, Evénements traumatiques","Toxiques, Suivis, Noir idées noires ou suicidaires, Contraception","Poids et taille, Peau, Caractères sexuels, Vérification des vaccinations",d,4
1417,OIC-198-07-B-,Quels sont les principaux facteurs de morbidité infantile?,Infections respiratoires et maladies cardiaques,"Prématurité, infections respiratoires et atopie","Troubles du comportement, décompensation de maladie chronique et obésité","Maltraitance, troubles psychiques et exposition environnementale",b,4
1418,OIC-198-08-A,Quels sont les facteurs de risque liés aux accidents chez l'enfant?,Seul le facteur humain,Seul le facteur matériel,"Les deux facteurs, humain et matériel",Aucun facteur de risque,c,4
1419,OIC-198-08-A-,Quel est l'indication des laits hypoallergéniques (HA)?,Prévention des manifestations allergiques chez les enfants à risque,Traitement de la diarrhée aiguë sévère,Indication en cas d'allergie aux protéines du lait de vache,Supplémentation en fer,a,4
1420,OIC-198-09-B,Quel est l'un des objectifs de la diversification de l'alimentation?,Seulement introduire de nouvelles saveurs,Favoriser l'acquisition de tolérance à certaines protéines alimentaires,Ne pas modifier le microbiote intestinal,Fournir des fibres uniquement,b,4
1421,OIC-198-09-B-,Quelle est la température recommandée pour le biberon ?,Chaud,Froid,Température ambiante,Glacé,c,2
1422,OIC-198-10-A-,Quel est le premier signe de la puberté chez les garçons?,Développement des testicules,Ménarche,Développement de la pilosité pubienne ou axillaire,Gynécomastie,a,4
1423,OIC-198-11-A,Quel est le terme qui désigne les premières règles?,Prémature pubarche ou adrénarche,Prémature thélarche,Ménarche,Puberté normale,c,4
1424,OIC-198-12-B,Quel est le stade de développement des OGE correspondant à un volume testiculaire inférieur à 4 ml chez les garçons ?,G3,G2,G1,G5,c,4
1425,OIC-198-13-B,Quelle est l'hormone responsable de la croissance du volume testiculaire chez le garçon ?,LH,FSH,Testostérone,GH,b,4
1426,OIC-198-13-B-,Quelle hormone stimule la production de testostérone chez le garçon?,FSH,LH,GH,Leptine,b,4
1427,OIC-198-14-A,Quelle hormone est responsable de la croissance du volume testiculaire chez le garçon ?,LH,FSH,GH,Testostérone,b,4
1428,OIC-198-15-A,Quels sont les éléments à prendre en compte dans l'examen clinique pour orienter vers une puberté précoce ?,"stade pubertaire (Tanner), taches cutanées, signes d'hyperandrogénie",seulement les signes visuels ou d'HTIC,la vitesse de croissance sans analyse de la courbe,aucun élément particulier,a,4
1429,OIC-198-15-A-,Quelle est l&#39;indicateur utilisé pour mesurer la vitesse de croissance ?,IMC (Indice de Masse Corporelle),Poids corporel,Hauteur actuelle,Vitesse cardiaque,c,3
1430,OIC-198-16-B,Quelle est la différence entre les causes de la puberté précoce chez les filles et les garçons?,La puberté précoce est le plus souvent organique chez les filles et idiopathique chez les garçons.,La puberté précoce est le plus souvent idiopathique chez les garçons et organique chez les filles.,Il n'y a pas de différence entre les causes de la puberté précoce chez les filles et les garçons.,La puberté précoce est le plus souvent centrale chez les garçons et périphérique chez les filles.,b,4
1431,OIC-198-16-B-,Quel est un exemple de PP périphérique ovarienne ?,Tumeur de la granulosa,Kyste arachnoïdien,Hyperandrogénie sans activation gonadotrope,Gliome du chiasma,a,4
1432,OIC-198-17-B,Quelles sont les causes des pubertés précoces périphériques ?,"Processus intracrânien, Séquellaire, Idiopathique, Diagnostic d'élimination","Ovarienne/testiculaire, Surrénalienne, Exogène, Environnementale","Séquellaire, Irradiation crânienne, Ovarienne/testiculaire, Surrénalienne","Processus intracrânien, Séquellaire, Idiopathique, Ovarienne/testiculaire",b,4
1433,OIC-198-17-B-,Quel est le but du test au LH-RH/GnRH dans le bilan biologique de la puberté précoce ?,Diagnostiquer les troubles osseux,Distinguer entre puberté centrale et périphérique,Mesurer l'âge osseux,Évaluer la fonction thyroïdienne,b,4
1434,OIC-198-18-A,Quel est le critère pour définir le retard pubertaire chez les garçons?,Augmentation du volume testiculaire avant l'âge de 14 ans,Absence d'augmentation du volume testiculaire après l'âge de 14 ans,Développement mammaire avant l'âge de 13 ans,Masse musculaire importante avant l'âge de 16 ans,b,4
1435,OIC-198-18-A-,Quels sont les éléments de l'examen clinique qui peuvent être pertinents pour un diagnostic de retard pubertaire ?,"stade pubertaire (Tanner, noter taille du pénis, cryptorchidie), dysmorphie","taches cutanées, vitesse de croissance et IMC (courbe)",examen complet,signes digestifs,a,4
1436,OIC-198-19-A,Quel est le résultat attendu en cas d'hypogonadisme central?,IRM hypothalamo-hypophysaire et des bulbes olfactifs non nécessaires,Caryotype sanguin obligatoire,IRM hypothalamo-hypophysaire et des bulbes olfactifs obligatoires,Test de stimulation inutile,c,4
1437,OIC-198-20-B,Quelle est la conséquence d'une courbe de croissance précocité pubertaire?,Un développement normal du corps,Une accélération de la vitesse de croissance à l'âge de 7 ans,Des troubles de santé graves,Une ralentissement de la vitesse de croissance à l'âge de 10 ans,b,4
1438,OIC-198-20-B-,Quelle est la méthode de diagnostic utilisée pour confirmer le diagnostic de prématuré thelarche isolée?,Biopsie mammaire,Échographie pelvienne,Analyse sanguine,Imagerie par résonance magnétique,b,4
1439,OIC-198-21-B,Quelle est la cause de l'adrénarche?,Un problème hormonal lié à la testostérone,Une infection virale,Un traumatisme crânien,Une carence en vitamine D,a,4
1440,OIC-198-21-B-,Quelle est la cause probable d'une puberté précoce chez une fille?,Un régime alimentaire équilibré et une activité physique régulière,Une exposition à des substances chimiques ou médicamenteuses,Un stress important dans la vie quotidienne,Une génétique prédisposante,b,4
1441,OIC-198-22-A,Quel examen est indiqué pour une puberté précoce centrale?,Échographie pelvienne,IRM cérébrale,Tomodensitométrie thoracique,Scintigraphie osseuse,b,4
1442,OIC-198-22-A-,Quel est l'objectif de la radio du poignet?,Mesure de la longueur utérine,Détection d'une tumeur/kyste ovarien(ne),Évaluation du développement osseux,Analyse des hormones sexuelles,c,4
1443,OIC-198-23-B,Quel est l'écart type de cette évaluation radiographique ?,1 an,2 ans,3 ans,4 ans,b,1
1444,OIC-198-23-B-,Quels sont les diagnostics à considérer lors d'une bourse augmentée de volume non douloureuse ?,"Une hernie inguinale, une hydrocèle et un kyste du cordon","Un cancer du testicule, une varicocèle et une cryptorchidie","Une torsion du cordon spermatique, une orchi-épididymite et un traumatisme scrotal","Une sténose du méat urétral, un hypospadias et un épispadias",a,4
1445,OIC-201-01-A,Quel est le risque statistiquement corrélé à la durée de l’ischémie dans le cas d’une torsion du cordon spermatique ?,La nécrose testiculaire,L'ischémie artérielle du testicule irréversible,Le pronostic fonctionnel testiculaire,Tous les éléments précédents,d,4
1446,OIC-201-01-A-,Quelle est la caractéristique d'une bourse non transilluminable ?,Elle contient de l'air ou du liquide.,Elle n'est pas visible à l'œil nu.,Elle est pleine de sang.,Elle est douloureuse au toucher.,c,4
1447,OIC-201-02-A,Quel est le signe classique qui permet de faire la distinction entre l'orchi-épididymite et une torsion du cordon spermatique ?,Le soulèvement du testicule ne soulage pas la douleur.,Le soulèvement du testicule soulage la douleur (signe de Prehn positif).,La présence d'une urétrite est un signe de torsion.,L'induration douloureuse du cordon et de l'épididyme est un signe d'orchi-épididymite.,b,4
1448,OIC-201-03-B,Quelle est la durée du traitement antibiotique pour l'orchi-épididymite?,7 jours,14 jours,21 jours,10 jours,b,4
1449,OIC-201-03-B-,Quel est le traitement recommandé pour une fasciite nécrosante des organes génitaux externes ?,Oxygénothérapie hyperbare seule,Débridement chirurgical des tissus nécrosés sans fermeture,Antibiothérapie associant C3G et aminoside uniquement,Chirurgie sous anesthésie générale en urgence avec débridement chirurgical des tissus nécrosés sans fermeture,d,4
1450,OIC-201-04-B-,Quelle est la contre-indication de la ponction per cutanée ?,Chez l'enfant,Pour diagnostiquer une hydrocèle réactionnelle à un orchi-épidydimite,Pour éliminer une tumeur testiculaire,En cas de doute diagnostique avec un kyste de l'épididyme,b,4
1451,OIC-201-05-A,Quel est le diagnostic topographique d'un testicule non descendu mais palpable sur le trajet normal de migration?,Un testicule non descendu mais palpable en dehors de son trajet normal de migration,Un testicule non descendu mais palpable sur le trajet normal de migration,Un testicule non descendu et non palpable,Un testicule oscillant,b,4
1452,OIC-201-06-A-,Quel est le résultat d'une striction de l'anneau préputiale au niveau du sillon balano-préputial ?,Un œdème du gland et du prépuce,Une inflammation du gland et du prépuce,Un cancer du pénis,Un lichen scléro-atrophique,a,4
1453,OIC-201-07-B-,Quels sont les facteurs de risque de torsion du cordon spermatique ?,Traumatisme testiculaire et antécédent de torsion du cordon spermatique controlatéral,Âge avancé et absence d'antécédents médicaux,Fait de ne pas avoir fait de sport,Tous les facteurs mentionnés ci-dessus,a,4
1454,OIC-201-08-B,Quel est le signe échographique typique de torsion du cordon spermatique serrée ?,La spire de torsion en région inguinale (whirlpool sign),"Un testicule ascensionné d'échostructure hétérogène, hypoéchogène",Une diminution voire une absence de vascularisation intra-testiculaire,Tous les signes énumérés ci-dessus,d,4
1455,OIC-201-08-B-,"Quel est le terme médical pour désigner une situation où la peau du prépuce se retrouve enroulée autour de son extrémité, empêchant ainsi l'excision complète ?",Paraphimosis,Phimosis,Hypospadias,Epispadias,a,4
1456,OIC-201-09-B,Quels sont les principaux diagnostiques différentiels à éliminer lors de la démarche diagnostique pour un trouble mictionnel ?,"une incontinence urinaire au rire isolée, une incontinence d'effort","les mictions vaginales chez la fillette, une incontinence urinaire au rire isolée","une incontinence d'effort, les mictions vaginales chez la fillette","une incontinence urinaire au rire isolée, les mictions vaginales chez la fillette",b,3
1457,OIC-201-10-A,Quel est le type de trouble mictionnel qui se produit exclusivement pendant le sommeil sans aucun trouble diurne?,L'enurésie primaire isolée,La pollakiurie comportementale,L'incontinence permanente,La miction sous-préputiale,a,4
1458,OIC-201-11-A-,Quel est le but du diagnostic positif d'énurésie primaire ?,Déterminer la cause sous-jacente de l'énurésie,Évaluer le degré de sévérité de l'énurésie,Rechercher une notion familiale,Avant tout clinique et repose sur l'interrogatoire et l'examen physique,d,4
1459,OIC-207-01-A,"Selon la Convention relative aux droits des personnes handicapées (CDAPH), quels sont les droits des enfants handicapés?",Ils ont moins de droits que les autres enfants.,Ils n'ont pas le droit à l'éducation et à la protection sociale.,"Ils ont les mêmes droits que les autres enfants, notamment en matière de soins de santé, d'éducation et d'inclusion sociale.",Ils ne peuvent pas participer aux loisirs.,c,4
1460,OIC-207-02-B,Quel est l'objectif principal des évaluations pour un enfant handicapé?,Diagnostiquer le handicap de l'enfant,Accompagner les parents dans leur prise en charge,Identifier les besoins spécifiques de l'enfant et soutenir son développement,Évaluer la situation sociale précaire des parents,c,4
1461,OIC-207-02-B-,Quels sont les trois types d'accompagnement de l'enfant en situation de handicap et de sa famille?,"thérapeutique, éducatif, social","médical, rééducatif, psychologique","scolarité, maintien à domicile privilégié, aides financières et humaines","adaptation de l'environnement, codétermination des objectifs, réévaluations régulières",a,4
1462,OIC-207-05-B,Quels sont les services et établissements médico-sociaux pour les enfants ?,Centres d'action médico-sociale précoce (CAMSP) et centres médico-psycho-pédagogiques (CMPP),Services de protection maternelle et infantile (PMI) et instituts médico-éducatifs (IME),Unités d'enseignement en milieu spécialisé et services éducatifs spécialisés et de soins à domicile (SESSAD),"Centres médico-psychologiques (CMP) et instituts thérapeutiques, éducatifs et pédagogiques (Itep)",a,4
1463,OIC-207-05-B-,Quels sont les troubles psychiatriques concernés par la psychiatrie de la personne âgée?,Seuls les symptômes psycho-comportementaux des démences,Tous les troubles psychiatriques survenus à un âge plus jeune et qui évoluent avec le vieillissement ou des troubles psychiatriques d'apparition tardive,Les troubles psychiatriques de la personne âgée et leurs conséquences,Seuls les troubles psychiatriques survenus à un âge plus jeune,b,4
1464,OIC-207-06-B,Quelle est la prévalence de troubles anxieux chez les sujets âgés avec trouble anxieux généralisé ?,< 5%,> 10%,1 à 4%,"0,6%",b,3
1465,OIC-207-07-B,Quel est le traitement de première intention pour les troubles bipolaires ?,les antipsychotiques de seconde génération,les thymorégulateurs,les antidépresseurs sérotoninergiques,les traitements non médicamenteux,b,4
1466,OIC-207-08-B,Quelle est la démarche diagnostique pour les SCPD systématiques dans les démences ?,Examen clinique médical général et paracliniques uniquement,Enquête étiologique sans examen clinique,"Identification du type de SCPD, du contexte, de la sévérité et du retentissement",Aucune démarche diagnostique n'est nécessaire,c,4
1467,OIC-207-08-B-,Quel est le diagnostic différentiel avec lequel les SCPD doivent être distingués?,Troubles de l'humeur,Syndrome confusionnel,Troubles anxieux ou psychotiques,Tous les options ci-dessus,d,5
1468,OIC-207-09-A,Quels sont les examens complémentaires qui peuvent être réalisés pour évaluer le sujet âgé ?,"Seulement des examens de biologie (NFS, ionogramme sanguin, etc.)","Seulement des examens d'imagerie (ECG, fonction rénale et hépatique, etc.)","Tous les types d'examen complémentaires (biologie, imagerie, etc.)",Aucun examen complémentaire n'est nécessaire,c,4
1469,OIC-207-09-A-,Quels conseils doivent être donnés lors de la prescription d'anxiolytiques et hypnotiques chez le sujet âgé ?,"Prescrire à faible posologie, durée de prescription limitée (4 semaines), molécules à demi-vie courte ou intermédiaire.",Privilégier les prescriptions continus et ne pas surveiller la tolérance.,Éviter les anxiolytiques benzodiazépiniques dans le traitement des troubles anxieux chroniques.,Les hypnotiques apparentés aux benzodiazépines sont indiqués pour l'insomnie chronique chez la population âgée.,a,4
1470,OIC-207-10-B,Quels sont les types d'antidépresseurs préférés chez le sujet âgé ?,"Tricycliques, MAOIs et SNRIs.","ISRS, IRSNa, la mirtazapine et la miansérine.",Antipsychotiques et thymorégulateurs.,Lithium et carbamazépine.,b,4
1471,OIC-207-10-B-,Quel est l'objectif principal de la psychothérapie?,Traiter uniquement les troubles psychiatriques,Utiliser des moyens psychologiques pour traiter un trouble psychiatrique ou tout autre problème non psychiatrique entraînant une souffrance ou une détresse psychologique,Traiter uniquement les problèmes physiques,Ne pas traiter les troubles psychiatriques,b,4
1472,OIC-207-11-B,Quel est l&#39;un des critères pour déterminer si une approche est considérée comme une psychothérapie?,La relation soignant-patient sans formation spécifique à la psychothérapie,L'utilisation de techniques codifiées et d'intervenants formés & compétents,Le soutien par les proches,Tous les facteurs mentionnés,b,4
1473,OIC-207-12-B,Quel courant psychothérapeutique vise à aider les patients à acquérir ou maintenir les compétences dont ils ont besoin pour gérer leur vie avec une maladie chronique ?,Thérapies cognitivo-comportementales,Psychothérapie psychanalytiques,Éducation thérapeutique,Remédiation cognitive,c,4
1474,OIC-207-12-B-,Quels sont les points communs aux différentes psychothérapies?,Les thérapies utilisent uniquement des médicaments.,Toutes les psychothérapies ont un modèle théorique du psychisme,La durée de la thérapie est toujours fixe.,"L'engagement du patient, le cadre thérapeutique et l'alliance thérapeutique sont essentiels.",d,4
1475,OIC-208-01-A,Quelle est la première étape dans les modalités pratiques de la psychothérapie de soutien?,Écoute empathique,Reformulation,Accueil/validation des émotions,Repérage et structuration de la demande du patient,d,4
1476,OIC-208-01-A-,Quelle est la méthode de régulation émotionnelle utilisée dans les thérapies cognitivo-comportementales ?,La méditation,L'acceptation et la pleine conscience,La thérapie par l'imagination,La thérapie par les émotions,b,4
1477,OIC-208-02-A,Quel est l'objectif principal de la remédiation cognitive ?,Améliorer le handicap fonctionnel lié aux altérations sensorielles,Vise à améliorer le handicap fonctionnel lié aux altérations cognitives,Seule basée sur la rééducation physique,N'a aucun rapport avec les troubles mentaux,b,4
1478,OIC-208-02-A-,Quelle est l'indication principale pour la thérapie cognitivo-comportementale (TCC) ?,Troubles liés à l’usage de substances uniquement,Tous les troubles psychiatriques et certains troubles non psychiatriques,Troubles du sommeil uniquement,Troubles anxieux uniquement,b,4
1479,OIC-208-03-A,Quelles sont les principales classes de psychotropes ?,"Antibiotiques, antiviraux et anesthésiants.","Antipsychotiques, antidépresseurs, anxiolytiques, hypnotiques, thymorégulateurs et psychostimulants.","Antalgiques, anti-inflammatoires et antihistaminiques.","Anticoagulants, antidiabétiques et antihypertenseurs.",b,4
1480,OIC-208-03-A-,Quel pourcentage d'utilisateurs d'anxiolytiques a un usage hors recommandation ?,10%,20%,30%,40%,b,4
1481,OIC-208-04-B-,Quelles sont les contre-indications absolues des antipsychotiques ?,"Hypersensibilité connue à la molécule, allongement de l'espace QT ; bradycardie < 65/minute et hypokaliémie",Glaucome à angle fermé et risque de rétention aiguë d'urine (pour les plus anticholinergiques),"Antécédent d'agranulocytose toxique (phénothiazines, clozapine) et syndrome malin des neuroleptiques",Toutes les options précédentes,d,4
1482,OIC-208-05-A,Quels sont les règles de bon usage des antipsychotiques ?,Utiliser uniquement les molécules de première ligne et privilégier la voie intraveineuse en cas d'urgence,"Privilégier la molécule qui a le moins d’effets indésirables, rechercher la monothérapie et la posologie minimale efficace",Associer deux médicaments allongeant le QT et éviter de surveiller les effets indésirables,Utiliser uniquement les molécules de seconde génération et ne pas rechercher la monothérapie,b,4
1483,OIC-208-05-A-,Quel est le syndrome grave associé aux antipsychotiques ?,Syndrome malin des neuroleptiques,Effet secondaire mineur,Allergie médicamenteuse,Troubles lipidiques,a,4
1484,OIC-208-06-B,Quel est le traitement recommandé de l'agitation dans les troubles psychotiques et bipolaires ?,Seulement par voie intramusculaire.,Un traitement antipsychotique per os si possible ou intramusculaire.,Par voie intraveineuse uniquement.,Aucun traitement n'est recommandé.,b,4
1485,OIC-208-06-B-,Quelle est la classe d'antidépresseurs qui inclut les molécules Amitriptyline et Clomipramine ?,IRS,IRSN,Autres antidépresseurs,Imipraminiques,d,4
1486,OIC-208-07-A,Quelles sont les contre-indications absolues pour les inhibiteurs sélectifs de la recapture de la sérotonine (ISRS) ?,"Glaucome à angle fermé, HTA et infarctus récent","Hypersensibilité connue, glaucome à angle fermé et HTA","Insuffisance cardiaque décompensée, trouble du rythme cardiaque et polynévrites",Tous les troubles mentionnés précédemment,b,4
1487,OIC-208-07-A-,Quelle est la recommandation pour les patients anxieux ?,Démarrer à pleine dose dès le début du traitement,Démarrer à demi-dose pendant quelques jours,Utiliser une posologie plus importante que chez l'adulte,Prescrire un IRSN ou un antidépresseur appartenant à la classe des « autres antidépresseurs » en raison de leur meilleure tolérance,b,4
1488,OIC-208-08-A,Quel est le syndrome grave lié aux antidépresseurs ?,Syndrome sérotoninergique,"Effets digestifs, tremblements…",Troubles sexuels possibles et persistants,Levée d’inhibition,a,4
1489,OIC-208-08-A-,Quelle classe chimique comprend les anxiolytiques comme le propranolol?,Benzodiazépines,Anxiolytiques non benzodiazépiniques,Azapirones,Β-bloqueurs,d,3
1490,OIC-208-09-B,Quel est le comportement à adopter lors de la prescription de benzodiazépines anxiolytiques chez les sujets âgés ?,Augmenter la posologie et réévaluer moins fréquemment,Maintenir une faible posologie et réévaluer régulièrement la nécessité du traitement,Réduire les règles de prescription,Prescrire sans contrôle médical,b,4
1491,OIC-208-09-B-,Quel est l'objectif de la démarche lors de l'arrêt des benzodiazépines chez le patient âgé ?,Proposer un traitement médicamenteux substitutif,Arrêter la consommation de benzodiazépines,Augmenter la dose des benzodiazépines,Réduire les posologies des benzodiazépines,b,4
1492,OIC-208-10-B-,Quelle est la voie d'administration préférée pour les benzodiazépines en cas de syndrome de sevrage sévère d'alcool ?,Per os,IM,IV,Inhalation,c,4
1493,OIC-208-11-B-,Quel est l'un des contre-indications du zolpidem et du zopiclone ?,En cas d'insuffisance cardiaque,Chez les patients âgés,Durant la grossesse et l'allaitement,Chez les enfants de moins de 15 ans,c,4
1494,OIC-208-12-B,Quel est le délai maximum pour la prescription du zolpidem ?,14 jours,28 jours,4 semaines,6 mois,b,4
1495,OIC-208-12-B-,Quels sont les risques associés à l'arrêt du zopiclone et du zolpidem?,Aucun trouble d'usage ou anxiété rebond,"Une tolérance pharmacologique, un trouble d’usage et une anxiété rebond au moment de l’arrêt",Seuls des troubles du sommeil,Un risque accru de dépendance,b,4
1496,OIC-208-13-B,Quel est l'effet des thymorégulateurs sur les épisodes thymiques?,"Augmentation de la fréquence, de la durée et de l'intensité","Diminution de la fréquence, de la durée et de l'intensité",Pas d'effet sur les épisodes thymiques,Augmentation de la fréquence mais diminution de la durée et de l'intensité,b,4
1497,OIC-208-13-B-,Quels sont les contre-indications relatives du lamotrigine ?,"Insuffisance rénale modérée, HTA et épilepsie","Hypothyroïdie, glaucome à angle fermé et adénome de prostate","Allaitement, femme en âge de procréer et antécédents d’allergie avec d’autres antiépileptiques",Insuffisance hépatique sévère et association à la méfloquine,c,4
1498,OIC-208-14-B,Quelles sont les principales interactions médicamenteuses du lithium ?,Majoration de la lithémie avec les AINS et les diurétiques,Baisse de la concentration d'autres traitements due au lithium,Induction enzymatique avec la contraception oestroprogestative,Augmentation de la concentration de la lamotrigine avec le valproate,a,4
1499,OIC-208-14-B-,Quels sont les deux principaux psychostimulants non amphétamines à connaître?,Le méthylphénidate et le modafinil,Les amphétamines et la cocaïne,La caféine et l'adrénaline,L'amphétamine et le méthylphénidate,a,4
1500,OIC-215-01-A,Qui peut prescrire initialement le méthylphénidate?,Médecin généraliste,Spécialiste hospitalier,"Médecins hospitaliers (pédiatres, pédopsychiatres, psychiatres, neurologues)",Tout les trois,c,4
1501,OIC-215-01-A-,Quels sont les principaux effets indésirables du modafinil lors d'un détournement d'usage ?,Neurologiques et psychiques,Digestifs,Cardiovasculaires,Musculo-squelettique,a,4
1502,OIC-215-02-A,Quel est le principal risque lié au tabagisme in utero ?,Accouchement prématuré,"Mort fœtale in utero, GEU, fausse couche",Cancer broncho-pulmonaire,Acné,b,4
1503,OIC-215-02-A-,Quel est le nombre minimum de critères pour diagnostiquer une dépendance au tabac selon les Critères CIM-10?,2,3,4,5,b,4
1504,OIC-215-03-A,Quel est le statut juridique actuel des cigarettes électroniques?,Interdites dans la plupart des pays.,Considérées comme des produits de consommation.,Prohibées pour les mineurs.,Il n'y a pas d'interdiction spécifique.,b,4
1505,OIC-215-03-A-,Quel est le rôle des radicaux libres de la fumée de tabac?,Ils stimulent la croissance cellulaire,Ils entrainent des modifications cellules épithéliales,Ils stimulent dégradation paroi alvéolaire et inhibition enzymes de protection,Ils sont inoffensifs pour la santé,c,4
1506,OIC-215-04-A,Quel est le diamètre médian des particules de fumée de tabac?,"0,5 microns","0,3 microns",1 micron,"0,1 micron",b,4
1507,OIC-215-04-A-,Quel est le pourcentage de personnes qui déclarent fumer du tabac entre 18 et 75 ans ?,20%,"30,4%",40%,50%,b,4
1508,OIC-215-05-A,Quelle classe d'âge a vu une augmentation du tabagisme chez les femmes entre 2017 et 2018?,Femmes de moins de 55 ans,Femmes de 55-75 ans,Femmes de plus de 75 ans,Femmes en âge de voter,b,4
1509,OIC-215-05-A-,Quel est le pourcentage de femmes qui déclarent fumer du tabac en France entre 18 et 75 ans en 2019?,20%,"26,5%",30%,40%,b,4
1510,OIC-215-06-A,Quel est l'âge moyen auquel les jeunes commencent à fumer quotidiennement?,13 ans,14 ans,15 ans,17 ans,c,4
1511,OIC-215-06-A-,Quel est le profil des femmes qui sont plus susceptibles de continuer à fumer pendant la grossesse ?,Les femmes les plus âgées et les plus diplômées.,Les femmes les plus jeunes et les moins diplômées.,Toutes les femmes enceintes sans distinction.,Seules les femmes qui ont un accès facile à des services de santé.,b,4
1512,OIC-215-07-B-,Quel est le facteur de risque le plus important pour le cancer lié au tabac ?,La durée de l'intoxication,Doubler la dose,Doubler la durée,Le tabagisme passif,a,4
1513,OIC-215-08-A-,Quel est le premier facteur de risque cardiovasculaire chez les femmes non ménopausées?,L'âge,La pression artérielle élevée,Le tabac,L'alcoolisme,c,4
1514,OIC-215-09-A,Quel est le résultat de l'arrêt du tabac sur la mortalité cardiovasculaire?,Augmentation de la mortalité liée aux maladies cardiovasculaires,Pas d'impact notable,Réduction de la mortalité liée aux maladies cardiovasculaires,Aucune relation établie,c,4
1515,OIC-217-01-A,Quels sont les complications médicales non psychiatriques liées à l'intoxication passive ?,"Cardiopathies ischémiques, Cancer broncho-pulmonaire, Coronaropathie, Otite et Asthme de l’enfant","Cancer du cerveau, Cardiopathies ischémiques, Bronchite, Otite","Coronaropathie, Cancer broncho-pulmonaire, Cardiopathies ischémiques, Asthme de l’enfant","Bronchite, Otite, Cardiopathies ischémiques, Coronaropathie",a,4
1516,OIC-217-01-A-,Quelle est la relation entre le revenu et la prévalence du tabagisme quotidien en France en 2018?,"Plus le revenu augmente, plus la prévalence du tabagisme quotidien est élevée",La prévalence du tabagisme quotidien est indépendante du revenu,"Plus le revenu augmente, moins la prévalence du tabagisme quotidien est élevée",Il n'y a pas de relation entre les deux,c,4
1517,OIC-217-02-B,Quel est le critère utilisé pour évaluer la consommation de tabac en fonction des années d'intoxication ?,Le nombre de cigarettes fumées par jour.,Le nombre de paquets fumés par semaine.,Le Paquets-Année (PA) = nombre de paquets/jour x années d'intoxication.,La fréquence des cigarettes fumées par jour.,c,4
1518,OIC-217-02-B-,Quel est le principal agent responsable de la dépendance au tabac?,Le tabac lui-même,La nicotine,Les produits chimiques du tabac,L'usage répétitif du tabac,b,4
1519,OIC-217-03-B,Quels sont les effets du sevrage en tabac ?,"Augmentation de l’appétit => prise de poids, Irritabilité","Humeur dépressive, Insomnie","Frustration, Colère, Difficultés de concentration",Tous les signes mentionnés ci-dessus,d,4
1520,OIC-217-03-B-,Quel est le type d'intoxication passive lié au tabac qui peut causer des cardiopathies ischémiques ?,Bronchite,Asthme de l'enfant,Coronaropathie,Otite,c,4
1521,OIC-217-04-A-,Quel est l'objectif de l'entretien motivationnel ?,Évaluer la gravité du tabagisme,Proposer des aides et accompagnements pour arrêter de fumer,Susciter ou renforcer la motivation au changement,Diagnostiquer une maladie liée au tabac,c,4
1522,OIC-217-05-A-,Quels sont les effets indésirables des traitements de substitution nicotinique?,"Céphalées, palpitations, dysgueusie et hoquets","Nausées, dyspepsie et douleurs de la cavité buccale",Érythème et prurit au point d’application des patchs,Tous les effets indésirables mentionnés,d,4
1523,OIC-217-06-B,Quel est le site web qui propose des informations et des ressources pour aider les personnes à arrêter de fumer?,Site web du gouvernement français,Ligne téléphonique gratuite 3989,Tabac Info Service,Association anti-tabac,c,4
1524,OIC-217-06-B-,Quel est le but de la prise en charge à long terme ?,Réduire les symptômes de sevrage,Maintenir l'arrêt et adapter la substitution,Évaluer les comorbidités psychiatriques,Augmenter la consommation de tabac,b,4
1525,OIC-223-01-A,Quel est le traitement recommandé pour les symptômes de sevrage tabagique ?,Soutien en consultation uniquement,Traitement pharmacologique,Thérapie psychanalytique,Les deux options précédentes sont correctes,b,4
1526,OIC-223-01-A-,Quelle est la périodicité recommandée pour le suivi d'un fumeur en train de se débarrasser du tabac ?,"6 à 12 mois, à définir avec le fumeur",Tous les jours,Une fois par an,Jamais,a,4
1527,OIC-223-02-A,Quel est l'effet principal du Varénicline ?,Agoniste partiel des récepteurs nicotiniques à l’acétylcholine,Inhibiteur de la recapture de la noradrénaline et de la dopamine,Traitements de substitution nicotinique,Remboursement par l’assurance maladie,a,4
1528,OIC-223-02-A-,Quel est l'objectif du conseil d'arrêt de fumer dans une consultation médicale ?,Augmenter le taux de sevrage des patients.,Réduire les coûts médicaux liés au tabagisme.,Améliorer la qualité de vie des patients.,Évaluer l'impact du tabagisme sur la santé.,a,4
1529,OIC-223-03-B,Quel est le pourcentage de Français ayant une consommation à risque?,Moins d'un sur cinq,Un sur cinq,Plus d'un sur cinq,Tous les Français,c,3
1530,OIC-223-03-B-,"Quel terme décrit l’ensemble de phénomènes comportementaux, cognitifs et physiologiques dans lesquels l’usage d’une substance psychoactive entraîne un désinvestissement progressif vis-à-vis des autres activités?",Mésusage,Usage à faible risque,Dépendance,Non usage,c,4
1531,OIC-223-04-A,Quel est le niveau de trouble de l'usage d'alcool (DSM-5) qui correspond à la dépendance (CIM 11)?,Trouble léger,Trouble modéré et sévère,Trouble sévère uniquement,Trouble léger uniquement,b,4
1532,OIC-223-04-A-,Quels sont les conseils pour consommer de l'alcool occasionnellement ?,"boire rapidement, en mangeant peu ou pas du tout",réduire la quantité totale d’alcool bue à chaque occasion et boire lentement,"ne jamais consommer de l'alcool dans les situations suivantes : femmes qui envisagent une grossesse, etc.",boire rapidement en mangeant beaucoup,b,4
1533,OIC-223-05-A,Quel est le diagnostic qui nécessite l'élimination du diagnostic de dépendance?,Usage nocif,Dépendance,Trouble dépressif secondaire à la consommation d'alcool,Cirrhose,a,4
1534,OIC-223-05-A-,Quel est le score minimum pour un mésusage actuel d'alcool selon le questionnaire AUDIT-C ?,3 chez l'homme et 2 chez la femme,4 chez l'homme et 3 chez la femme,5 chez l'homme et 4 chez la femme,6 chez l'homme et 5 chez la femme,b,4
1535,OIC-223-06-A,Quels sont les accidents de sevrage qui peuvent survenir chez certains patients?,"tremblements, sueurs profuses et anxiété",crises convulsives ou delirium tremens,"insomnie, cauchemars et irritabilité","tachycardie, hypertension artérielle et nausées",b,4
1536,OIC-223-06-A-,Quels sont les signes d'un coma éthylique ?,"hypotension artérielle, hypotonie, hypothermie, mydriase bilatérale","haleine caractéristique (œnolique), injection des conjonctives, jovialité ou tristesse, logorrhée, désinhibition, agressivité","allongement du temps de réaction allongé, dysarthrie, syndrome cérébelleux aigu","coma calme avec hypotension artérielle, hypotonie, hypothermie, mydriase bilatérale, symétrique, peu réactive et sans signes de localisation",d,4
1537,OIC-223-07-A,Quel est le risque de suicide associé au mésusage d'alcool ?,Faiblement augmenté,Modérément augmenté,Très fortement augmenté,Pas modifié,c,4
1538,OIC-223-07-A-,Quel est le lien entre précarité et mésusage d'alcool?,La précarité favorise l'abstinence,Le mésusage d'alcool favorise la précarité,Il n'y a pas de lien entre les deux,La précarité est une conséquence du mésusage d'alcool,b,4
1539,OIC-223-08-B,Quel est le marqueur biologique qui se normalise lentement après l'arrêt de la consommation d'alcool ?,Alcoolémie,GGT (Gamma Glutamyl Transpeptidase),VGM (Volume Globulaire Moyen),CDT (transferrine désialysée),c,4
1540,OIC-223-08-B-,Quels sont les troubles cognitifs liés à l'alcool ?,Troubles du sommeil et troubles de l'humeur,"Troubles cognitifs sévères : syndrome de Korsakoff, démence alcoolique, encéphalopathies carentielles et métaboliques",Troubles de la coordination et troubles de la vision,Troubles du rythme cardiaque et troubles de la digestion,b,4
1541,OIC-223-09-A,Quel est un outil clé pour promouvoir des comportements de santé dans le cadre de la prévention primaire du mésusage d'alcool?,La stigmatisation des consommateurs,L'information et l'éducation des futurs usagers,Les sanctions légales pour les consommateurs,Le jugement moral sur les consommateurs,b,4
1542,OIC-223-09-A-,Quels sont les éléments clés de l'intervention brève dans le RPIB?,Relever les avantages de la consommation d'alcool,Définir un objectif de consommation et présenter des méthodes de réduction,Juger le patient sur son usage actuel,Ne pas donner de documentation écrite,b,4
1543,OIC-223-10-A,Quelle est la stratégie de prise en charge recommandée pour les dépendances sévères ?,Diminution progressive de la consommation,Arrêt complet et encadré de l'usage,Usage à faible risque uniquement,Aucune stratégie spécifique,b,4
1544,OIC-223-10-A-,Quel est l'avantage de l'entretien motivationnel en addictologie ?,Il permet d'éliminer les dépendances à long terme,Il aide à comprendre les motivations et les besoins du patient,Il est réservé aux patients ayant une addiction grave,Il n'est pas utilisé en cas de dépendance à l'alcool,b,4
1545,OIC-225-01-A,Quels sont les critères d'indication pour un sevrage hospitalier?,"Antécédents d'accident de sevrage, dépendance sévère et échecs répétés de tentatives de sevrage ambulatoires",Environnement social défavorable et terrain vulnérable,Demande du patient et contre-indications aux benzodiazépines,Tous les critères mentionnés ci-dessus,d,4
1546,OIC-225-02-B,Quel type d'équipe est chargé de la prévention auprès des scolaires et étudiants?,Equipes ambulatoires,Equipes en hospitalisation,Equipes de prévention,Equipes pluridisciplinaires,c,3
1547,OIC-225-02-B-,Quels médicaments sont utilisés pour prévenir les rechutes après un sevrage ?,Nalmefene et Baclofène,"Acamprosate, Naltrexone et Disulfiram",Baclofène et Acamprosate,Disulfiram et Naltrexone,b,4
1548,OIC-225-03-A,Quel est le résultat lorsqu'on occulte un œil sain?,Le trouble visuel disparait,Le trouble visuel persiste,L'acuité visuelle augmente,La sensation subjective de mono- ou binocularité du trouble change,b,4
1549,OIC-225-03-A-,Qu'est-ce qui doit être recherché avant tout en cas d'amaurose fugace ?,Une maladie de Horton,Un athérome carotidien ou une cardiopathie emboligène,Une occlusion artérielle rétinienne constituée,Un AVC ischémique,b,4
1550,OIC-225-04-A-,Quel est le réflexe photomoteur consensuel ?,Réaction des deux pupilles à la lumière,Réaction de l'une des pupilles à la lumière et de l'autre à l'obscurité,Réaction des deux pupilles à l'obscurité,Réaction d'une pupille à la chaleur et de l'autre au froid,a,4
1551,OIC-225-05-A,Quel examen complémentaire permet d'étudier la vascularisation rétinienne?,Champ visuel (périmétrie),Vision de couleurs,Angiographie du fond de l'œil,Électrorétinogramme (ERG),c,4
1552,OIC-225-05-A-,Quelle est la principale cause de syndrome chiasmatique ?,Les adénomes de l'étage antérieur du crâne,Les adénomes de l'hypophyse,Les tumeurs intra-orbitaires,Les hématomes compressifs,b,4
1553,OIC-225-06-A-,Quel est l'intérêt de l'échographie oculaire en mode A ?,Dépister un éventuel décollement de la rétine,Aider au diagnostic d'une tumeur intraoculaire ou intraorbitaire,Apprécier la longueur du globe oculaire pour déterminer la puissance de l'implant lors de chirurgie de la cataracte,Localiser un corps étranger intraoculaire,c,4
1554,OIC-225-07-A,Quel est le but du traitement d'une occlusion veineuse rétinienne ?,Prévenir ou traiter les complications néovasculaires,Améliorer l'acuité visuelle,Réduire la pression oculaire,"Prévenir ou traiter les complications : l'oedème maculaire, par des injections intravitréennes ; les complications néovasculaires, par un traitement laser afin d'éviter l'évolution vers le GNV.",d,4
1555,OIC-225-08-B,Quels sont les éléments qui confirment le diagnostic d'aura migraineuse visuelle ?,"La répétition des stimuli visuels, la présence d'une céphalée et l'anormalité de l'examen clinique.","La normalité de l'examen clinique, la céphalée associée quand elle existe et la répétition des stimuli visuels.",L'absence de scotome scintillant bilatéral et la présence d'une céphalée.,"La perte de vision permanente, l'anormalité de l'examen clinique et la répétition des stimuli visuels.",b,4
1556,OIC-225-08-B-,Quels sont les diagnostics différentiels oculaires d'une aura migraineuse?,hémorragie du vitré,"uvéites postérieures (hyalite, lésions rétiniennes)","déchirure rétinienne, décollement postérieur du vitré, décollement de rétine rhegmatogène",processus pouvant engendrer des phénomènes visuels positifs à de type de photopsies ou myodésopsies,d,4
1557,OIC-225-09-A-,Quelle est la cause d'une hémianopsie latérale homonyme ?,Problème avec l'œil droit,Problème avec le cerveau qui gère les informations visuelles,Problème avec la rétine gauche,Problème avec la pupille droite,b,4
1558,OIC-225-10-A,Quel est l'objectif de l'examen du fond d'œil dans le cas d'un décollement de rétine (DR) rhegmatogène?,Rechercher la cause du DR,Faire le diagnostic et rechercher les déchirures causales,Évaluer l'acuité visuelle,Prescrire des médicaments,b,4
1559,OIC-225-10-A-,Quels sont les signes cliniques évocateurs d'un décollement rhégmatogène de rétine?,Myodésopsies suivis de phosphènes et amputation du champ visuel périphérique,Baisse d'acuité visuelle et douleur oculaire,Champ visuel étroit et difficulté à voir les couleurs,Problèmes de vision nocturne et sensibilité aux lumières,a,4
1560,OIC-225-11-B,Quelles sont les principales causes d'une hémorragie intravitréenne ?,Rétinopathie diabétique proliférante et occlusions de forme ischémique de la veine centrale de la rétine,"Décirure rétinienne, syndrome de Terson et décollement de la rétine","Syndrome de Terson, hémorragie méningée et occlusions de forme ischémique de la veine centrale de la rétine","Rétinopathie diabétique proliférante, décollement de la rétine et syndrome de Terson",a,4
1561,OIC-225-11-B-,Quelles sont les complications possibles d'un ectropion ?,"Exposition cornéenne, larmoiement (bascule du point lacrymal supérieur), insuffisance d'occlusion palpébrale","Exposition cornéenne, larmoiement (bascule du point lacrymal inférieur), insuffisance d'occlusion palpébrale",Problème de vision,Infection de la paupière,b,4
1562,OIC-225-12-A,Quelle est la complication de l'entropion ?,Frottement des cils sur le globe oculaire,Frottement des cils sur la cornée,Infection conjonctivale,Perte de vision,b,4
1563,OIC-225-12-A-,Quel est le principal point de différence entre un ptosis et un dermachalasis?,La position du bord libre de la paupière supérieure est basse dans les deux cas,Le repli cutané recouvre l'axe visuel dans le dermachalasis mais pas dans le ptosis,Le dermachalasis est une maladie qui affecte uniquement les yeux,La paupière supérieure est trop haute dans le dermachalasis,b,4
1564,OIC-225-13-A,Quel est un exemple d'étiologie myogène du ptosis?,Paralysie du III ou paralysie du sympathique cervical (syndrome de Claude-Bernard-Horner),"Myasthénie, ptosis congénitaux",Rupture de l'aponévrose du releveur,Relâchement de l'aponévrose du releveur,b,4
1565,OIC-225-13-A-,Quelle est la durée d'évolution du chalazion?,Moins de 7 jours,De 7 à 14 jours,Plusieurs semaines,Plusieurs mois,c,4
1566,OIC-225-14-B,Quel est le type de follicule pilosébacé impliqué dans l'orgelet?,Follicule pilosébacé du bord fixe,Follicule pilosébacé du bord libre,Follicule pilosébacé de la paupière supérieure,Follicule pilosébacé de la paupière inférieure,b,3
1567,OIC-225-14-B-,Quel est le type de chalazion représenté dans l'image de droite?,Interne,Externe,Blepharite,Tumeur maligne,a,4
1568,OIC-225-15-A-,Quels sont les signes de malignité d’une tumeur palpébrale ?,"croissance lente et continue, hétérochromie, envahissement des tissus, perte de cils (Madarose)","croissance rapide et continue, hétérochromie, envahissement des tissus, perte de cils (Madarose)","hétérochromie, envahissement des tissus, perte de cils (Madarose), nodule perlé et télangiectasies","croissance lente et continue, hétérochromie, perte de cils (Madarose), nodule perlé et télangiectasies",b,4
1569,OIC-225-16-A,Quelle est la complication la plus fréquente après une incision et un curage de la glande de Meibomius ?,Infection généralisée,Saignement peu abondant qui cède en quelques minutes par compression simple,Problèmes visuels permanents,Chute de la paupière,b,4
1570,OIC-225-17-A,Quel est le signe clinique qui doit faire évoquer un anévrysme intracrânien rétrocarotidien ?,Une mydriase chez un patient comateux,"Un ptosis aigu avec diplopie, strabisme et troubles de l'accommodation",Une diminution de la fente palpébrale sans vrai ptosis,Une enophtalmie,b,4
1571,OIC-225-17-A-,Quelle est la prise en charge initiale du larmoiement persistant chez les nourrissons ?,Sondage sans anesthésie dès la naissance,Lavage par sérum physiologique avec antiseptiques pendant les épisodes de larmoiement,Traitement antibiotique systématique,Opération chirurgicale immédiate,b,4
1572,OIC-226-01-A-,Quel est le trouble musculo-squelettique le plus fréquent ?,Dorsalgies,Cervicalgies,Lombalgies communes,Tous les précédents,c,4
1573,OIC-226-02-A,Quels sont les signes associés à la douleur rachidienne selon l'interrogatoire ?,"Radiculalgie, troubles vésico-sphinctériens, anesthésie en selle, vertiges, céphalées","Arthralgies ou arthrite périphériques, enthésites (talon, bassin)","Diarrhée, inflammation oculaire, psoriasis","Toux, défécation, sédentarité",a,4
1574,OIC-226-04-A-,"Quels sont les facteurs de pronostic liés à la politique de l'entreprise, au système de soins et d'assurance ?",Absence de mesures facilitant le retour ou le maintien à l'emploi et incitatifs financiers,Insécurité financière et manque de contact avec le milieu de travail,Critères du système de compensation et durée de l'arrêt de travail,"Absence de mesures facilitant le retour ou le maintien à l'emploi, insécurité financière et critères du système de compensation",d,3
1575,OIC-226-05-A,Quel est l'exemple d'une étiologie tumorale des rachialgies secondaires ?,fracture vertébrale ostéoporotique,tumeur primitif du rachis,métastases (rarement cancer primitif),spondylarthrite ankylosante,c,4
1576,OIC-226-05-A-,Quels sont les exemples d'anomalies osseuses et articulaires qui peuvent être découvertes à l'examen d'imagerie médicale ?,"Chondrocalcinose, rhumatisme à apatite.","Tumeur intrarachidienne ou de la fosse postérieure, douleurs référées d'origine ORL ou cervicale antérieure.",Chondrocalcinose et tumeur intrarachidienne.,Rhumatisme à apatite et polyarthrite rhumatoïde.,a,4
1577,OIC-226-06-A,Quelles sont les conséquences physiques rachidiennes de la rachialgie complexe ?,"Troubles du sommeil, effets secondaires des médicaments antalgiques ou AINS",Perte d’endurance et de force des muscles abdominaux et spinaux,Incapacité fonctionnelle persistante,Enraidissement segmentaire et/ou global du rachis,d,4
1578,OIC-226-06-A-,Quels sont les grands principes de prise en charge d'un sujet souffrant d'une lombalgie chronique commune?,"ÉDUCATION THÉRAPEUTIQUE, MAINTIEN DES ACTIVITÉS PHYSIQUES, KINESITHERAPIE","REPRISE DES ACTIVITÉS PROFESSIONNELLES ET SOCIALES LE PLUS RAPIDEMENT POSSIBLE, ANTALGIE, REPRISE DES ACTIVITÉS PROFESSIONNELLES ET SOCIALES","MAINTIEN DES ACTIVITÉS PHYSIQUES, KINESITHERAPIE, SOUTIEN PSYCHOLOGIQUE","REPRISE DES ACTIVITÉS PROFESSIONNELLES ET SOCIALES LE PLUS RAPIDEMENT POSSIBLE, ANTALGIE, REPRISE DES ACTIVITÉS PROFESSIONNELLES ET SOCIALES",a,4
1579,OIC-226-07-A,Quels sont les principes à suivre pour traiter une lombalgie chronique commune ?,Prescrire des antalgiques forts et recommander un repos prolongé.,"Éduquer le patient, lui expliquer qu'il faut rester actif, maintenir les activités physiques, prescrire des antalgiques si nécessaire.",Prescrire une kinésithérapie intensive et recommander un arrêt de travail prolongé.,"Laisser faire le temps, sans intervention médicale.",b,4
1580,OIC-226-07-A-,Quel est un exemple de pathologie vasculaire qui peut causer des lombalgies ?,Anévrisme de la carotide,Pathologie des voies urinaires,Anévrisme de l'aorte abdominale,Problème cardiaque,c,4
1581,OIC-226-08-A,Quels sont les tests utilisés pour confirmer le diagnostic de sacralgie ?,Tests des coccygiens,Tests des sacro-iliaques,Radiographies du bassin de face et cliché de de Sèze,Tous les tests mentionnés précédemment,d,4
1582,OIC-226-09-A,Quel est le pourcentage d'adultes qui ont une migraine chronique (≥ 15 jours/mois) en France?,"0,5%","1,7%",3%,5%,b,4
1583,OIC-226-09-A-,Quelle est la variété de migraine qui représente 3–6% de la population?,La migraine sans aura (MSA),La migraine avec aura,La maladie migraineuse,Les deux précédentes,b,4
1584,OIC-226-10-A,Quel est le type de céphalée chronique quotidienne (CCQ) avec des crises <4 heures ?,"Migraine chronique ou plus rarement, céphalée de tension chronique.",Algie vasculaire de la face et la névralgie du trijumeau.,Céphalée de tension épisodique.,Migraine épisodique.,b,4
1585,OIC-226-11-A-,Quel est le résultat de l'examen clinique dans la névralgie classique et idiopathique ?,"Sensibilité faciale et cornéenne absente, force des muscles masticateurs diminuée","Sensibilité faciale et cornéenne présente, force des muscles masticateurs normale","Hypoesthésie, atteinte motrice branche V3","Réflexe cornéen absent, peau anormale",b,4
1586,OIC-226-12-A,Quel type de céphalée primaire est le plus souvent intriqué avec une migraine sans aura ?,Céphalée de tension épisodique,Migraine avec aura,Céphalée de tension chronique,Névralgie du trijumeau,a,4
1587,OIC-226-12-A-,Quelles sont les causes graves à rechercher en cas d'algie faciale idiopathique ?,"Pathologie tumorale ORL, artérite temporale, autre vascularite, dissection carotidienne","Neuropathie du nerf mentonnier, algie faciale et cancer pulmonaire","Sinusites aiguës, stomatites et pulpites",Désordres de l'articulation temporo-mandibulaire,a,4
1588,OIC-226-13-A,Quelle est la caractéristique d'une douleur causée par une carie de la dentine?,Douleur persistante et irradiée,Douleur brève après stimulus de la dent,Douleur pulsatile et violente,Douleur lancinante et aggravée par le décubitus,b,4
1589,OIC-226-13-A-,Quelle est l'une des causes possibles de céphalées d'origine auriculaire?,Pathologie de l'oreille interne,Pathologie de l'oreille externe ou moyenne,Cancer ORL,Problème de la colonne vertébrale,b,4
1590,OIC-226-14-B,Quels sont les examens complémentaires de première intention devant une douleur de la face si l’examen local est normal ?,"Panoramique dentaire, Examen ORL complet et TDM du massif facial et des sinus","Biopsie, Examen ORL complet et Panoramique dentaire","TDM du massif facial et des sinus, Biopsie et Examen ORL complet","Examen ORL complet, TDM du massif facial et des sinus et Panoramique dentaire",d,4
1591,OIC-226-15-B,Quel est le diagnostic adéquat pour prévenir la CAM ?,Le diagnostic de migraine chronique,Le diagnostic de céphalée de tension,Le diagnostic adéquat de la migraine et de la céphalée de tension en médecine générale,Le diagnostic d'algies de la face,c,4
1592,OIC-226-16-B,Quel est le traitement de fond recommandé pour la migraine chronique ?,Topiramate,Amitriptyline,Propranolol,Candésartan,a,5
1593,OIC-226-16-B-,Quel est le conseil à donner avant la prescription d'une contraception orale ?,"Rechercher systématiquement une migraine, et déterminer si elle est sans aura ou avec aura.",Prescrire systématiquement une contraception orale.,Ne pas prendre en compte les facteurs de risque artériels.,Rechercher uniquement les facteurs de risque vasculaire.,a,4
1594,OIC-226-17-B-,Quel est l'objectif prioritaire devant toute céphalée ?,Distinguer entre une céphalée primaire et secondaire,Diagnostiquer la cause sous-jacente de la céphalée,"Trancher entre une céphalée primaire, une céphalée secondaire bénigne et une céphalée secondaire à une affection grave nécessitant des explorations et un traitement en urgence",Évaluer la gravité de la douleur,c,4
1595,OIC-226-18-B,Quel est le drapeau rouge chez l'enfant ?,Baisse des résultats scolaires,Crises épileptiques,Troubles du comportement,Tous les éléments ci-dessus,d,4
1596,OIC-226-18-B-,Quelle est la caractéristique clinique d'une céphalée en coup de tonnerre due à un HSA ?,Céphalée progressive avec déficit focal,"Céphalée explosive, en coup de tonnerre, sévère et associée à une cervicalgie persistante",Céphalée isolée de courte durée,Céphalée violente rétrobulbaire ou périorbitaire,b,4
1597,OIC-227-02-B,Quelle est la bonne indication pour une ponction lombaire (PL) devant une suspicion de méningite infectieuse ?,La PL doit être réalisée après imagerie cérébrale et bilan biologique préalables.,"La PL doit être réalisée dans l'heure qui suit l'admission du patient aux urgences, sans imagerie cérébrale ni bilan biologique préalable.",La PL est contre-indiquée en cas de troubles de la conscience isolés.,La PL doit être réalisée après avoir mis en route la dexaméthasone et l'antibiothérapie.,b,4
1598,OIC-227-03-A-,Quel est l&#39;objectif du traitement de fond pour les céphalées primaires?,Soulager chaque crise,Réduire le nombre de crises,Prévenir les céphalées futures,Diagnostiquer la cause sous-jacente,b,4
1599,OIC-227-04-B-,Quel est le symptôme caractéristique d'une paralysie faciale centrale ?,Absence de dissociation automatico-volontaire,Effacement des rides du front et fermeture incomplète de l'œil,Dissociation automatico-volontaire : asymétrie plus marquée aux mouvements volontaires qu'aux automatiques,Réflexe cornéen aboli,c,4
1600,OIC-227-05-A,Où trouver des vidéos sur le site du CEN concernant la paralysie faciale?,Sur le site web de l'OMS,Sur le site web de l'UNESCO,Sur le site www.cen-neurologie.fr,Sur le site web du WHOI,c,1
1601,OIC-227-06-B,"Quelle est la cause de la paralysie faciale a frigore qui implique une compression du nerf dans sa portion intrapétreuse, en lien avec un processus inflammatoire ou viral ?",Un traumatisme crânien.,Une infection bactérienne du ganglion géniculé.,"La paralysie faciale a frigore est due à une compression du nerf dans sa portion intrapétreuse, en lien avec un processus inflammatoire ou viral.",Le diabète qui affecte les nerfs oculomoteurs.,c,4
1602,OIC-227-06-B-,Quel est le caractère de l'atteinte faciale dans une paralysie faciale à frigore (PFP) ?,Léger et progressif,Sévère et isolé,Progressif sur plusieurs heures,Variable selon les individus,b,4
1603,OIC-227-07-A,Quel est l'objectif de la protection oculaire dans le traitement d'une paralysie faciale a frigore ?,Prévenir les complications oculaires,Traiter les douleurs oculaires,Améliorer la mobilité faciale,Réduire l'impact esthétique de la paralysie,a,4
1604,OIC-227-07-A-,Quel est un signe possible d'une réinnervation aberrante après une paralysie faciale à froid ?,Mouvements syncinétiques résiduels,Hémi-spasme facial post-paralytique,Syndrome des « larmes de crocodile »,Déficit sévère persistant avec déformation invalidante du visage,c,4
1605,OIC-227-08-A,Où trouver des vidéos sur le sujet?,Site du CEN : www.cen-neurologie.fr,Site de la neurologie.com,Site de la santé publique.org,Site de la médecine.net,a,1
1606,OIC-229-01-A,Quel est le trajet des nerfs oculomoteurs dans les citernes sous-arachnoïdiennes?,Entre les artères cérébrale postérieure et cérébelleuse supérieure,À proximité de l’artère communicante postérieure pour gagner le toit du sinus caverneux,"Dans la fosse inter pédonculaire, entre les artères cérébrale postérieure et cérébelleuse supérieure puis à proximité de l’artère communicante postérieure",Dans le sulcus ponto-médullaire et se dirige vers la face dorsale du clivus dont il perfore la dure-mère,c,4
1607,OIC-229-01-A-,Quelle est la caractéristique d'une diplopie monoculaire?,Disparaît à l'occlusion de l'un ou de l'autre œil,Persiste à l'occlusion de l'œil sain et disparaît à l'occlusion de l'œil atteint,Est présente uniquement avec les deux yeux fermés,Ne disparaît pas à l'occlusion de l'un ou de l'autre œil,b,4
1608,OIC-229-02-A,Quel est l'objectif du test de Hess-Lancaster ou test de Lancaster?,Diagnostiquer les problèmes de vision,Évaluer la motricité intrinsèque des yeux,Déterminer le côté et les muscles paralysés en cas de paralysie oculomotrice,Suivre l'évolution d'une maladie oculaire,c,4
1609,OIC-229-02-A-,Quels sont les mouvements oculaires bilatéraux?,Abduction et adduction,Convergence et divergence,Versions,Ductions,c,4
1610,OIC-229-03-A,Quelle est la définition de l'esotropie ?,Déviation de l’œil vers le haut.,Déviation de l’œil vers l’intérieur.,Déviation de l’œil vers le bas.,Déviation de l’œil vers l’extérieur.,b,4
1611,OIC-229-03-A-,Quelle est la diplopie provoquée par une paralysie complète du VI ?,"Verticale et oblique, accentuée en bas et en dedans.",Horizontale.,Diplopie totale.,Diplopie latérale.,b,4
1612,OIC-229-04-A,Quel est l'effet d'une paralysie du VI sur les mouvements oculaires?,L'œil devient plus sensible à la lumière,Les mouvements oculaires sont plus rapides,L'abduction de l'œil est affectée,La vision n'est pas affectée,c,4
1613,OIC-229-05-A,Qu'est-ce qui indique une lésion sur les noyaux ou les trajets des nerf concernés ?,Paralysie du VI lors d'une hypertonie intra-crânienne,Toute autre paralysie oculomotrice,Problème de la rétine,Infection oculaire,b,4
1614,OIC-229-06-B,Quel est le type d'imagerie cérébrale qui doit être réalisé en urgence pour un anévrisme intracrânien suspect ?,Angioscanner ou angio-IRM,Tomodensitométrie,Résonance magnétique,Électroencéphalogramme,a,4
1615,OIC-229-07-B,Quelle est la cause ophtalmologique de diplopie monoculaire qui peut être due à une atteinte cristallinienne?,"Taie cornéenne séquelle d'une kératite ou d'un traumatisme, kératocône, astigmatisme important.",Iridodialyse traumatique,Cataracte nucléaire,Astigmatisme important,c,4
1616,OIC-229-07-B-,Quelles sont les principales étiologies de la diplopie ?,Vasculaires et traumatiques,Tumorales et sclérose en plaques,Atteinte orbitaire et myasthénie,Toutes les étiologies mentionnées,d,4
1617,OIC-230-01-A,"Quel type de mouvement anormal est caractérisé par des contractions musculaires involontaires, prolongées, responsables d'une posture anormale et/ou de mouvements répétitifs?",b,c,d,e,c,1
1618,OIC-230-01-A-,Quel est le type de tremblement qui apparaît ou est maximal lors de l'arrivée à la cible?,tremblement essentiel,tremblement parkinsonien,tremblement cérébelleux,tremblement fonctionnel,c,4
1619,OIC-230-02-A,Quels sont les principaux médicaments susceptibles d'induire des myoclonies ?,Neuroleptiques et autres traitements,"Antidépresseurs, inhibiteurs de la recapture de la sérotonine, L-dopa et valproate",Cocaïne et amphétamines,Lithium et inhibiteurs calciques,b,4
1620,OIC-230-02-A-,Quel est le mouvement anormal qui consiste à avoir les jambes croisées et à marcher en scissorent ?,Astasie-abasie,Hypertonicité,Ataxie,Scissoring,d,4
1621,OIC-230-03-A,Quelle est la cause génétique de la maladie de Huntington ?,Une expansion de triplets CAG sur le gène HTT codant la protéine huntingtine,Une mutation du gène HTT,Une transmission autosomique récessive,Une infection virale,a,4
1622,OIC-230-03-A-,Quel est le diagnostic positif de tic ?,Clinique et imagerie médicale,Clinique et biologie,Imagerie médicale et biologie,Clinique uniquement,d,4
1623,OIC-230-04-A-,Quel est le rôle de l'attention dans la cognition?,Elle est la « porte d’entrée » de la pensée cohérente.,Elle est responsable de la désorganisation majeure et globale de la pensée cohérente,Elle n'a aucun rôle dans la cognition,Elle est la « porte d’entrée » de la vigilance.,a,4
1624,OIC-230-05-A,Qu'est-ce qu'une démence?,Une altération modérée de la vigilance,Un trouble attentionnel sévère lié à une altération modérée de la vigilance,Un syndrome défini par une altération durable et acquise d'une ou plusieurs fonctions cognitives et/ou comportementales,Une désorganisation de la pensée et des troubles du comportement,c,4
1625,OIC-230-06-A-,Quels sont les cas dans lesquels un scanner cérébral sans injection est indiqué ?,"Traitement anticoagulant, traumatisme crânien récent","Signe de focalisation, traitement anticoagulant, traumatisme crânien récent","Même en l’absence de signe de focalisation, le scanner cérébral sera le plus souvent nécessaire avant une ponction lombaire dans le cas d’un syndrome confusionnel important avec fluctuation de la vigilance",Tous les cas mentionnés ci-dessus,d,4
1626,OIC-230-07-A,Quel est l'objectif principal de la prise en charge d'un patient confus ?,Évaluer le retentissement à long terme et traiter les troubles vitaux,Rechercher la cause de la confusion sans prendre en compte les constantes vitales,Réhydrater et maintenir la nutrition du patient,Éviter toute forme de traitement médical,a,4
1627,OIC-230-08-A,Quels sont les symptômes psychologiques et comportementaux fréquents à la phase de démence sévère ?,"Agitation, apathie, hallucinations, troubles du sommeil et déambulation","Troubles neurologiques et somatiques, épilepsie, myoclonies et dénutrition","Perte d'autonomie progressive, incontinence urinaire et amaigrissement","Apathie, hallucinations, troubles délirants et déambulation",a,4
1628,OIC-230-09-A,Quels sont les diagnostics différentiels de la MA qui peuvent être associés à une cause fonctionnelle ?,La démence frontotemporale et l'encéphalopathie vasculaire,"La dépression, l'anxiété chronique et les troubles du sommeil",L'hypothyroïdie et la carence en vitamine B12,Les encéphalopathies subaiguës et les autres démences dégénératives,b,4
1629,OIC-230-09-A-,Quel est un exemple d'aide humaine pour les aidants?,Aide financière,"Soutien logistique des aidants : aides à domicile (auxiliaire de vie, aide-soignant)",Institutionnalisation,Plateformes d’accompagnement et de répit,b,4
1630,OIC-230-10-B,Quel est le test utilisé pour évaluer la mémoire épisodique?,L'épreuve des cinq mots,Le test de l'horloge,La batterie rapide d'efficience frontale (BREF),Le dessin sur copie d'une figure géométrique,a,4
1631,OIC-230-10-B-,Quel type d'imagerie est recommandé en cas de signe de focalisation à l'examen neurologique ?,IRM cérébrale,Scanner,TDM cérébrale,Ponction lombaire,a,4
1632,OIC-230-11-B,Quel est le caractère d'un hématome sous-dural chronique sur un scanner X cérébral?,hypodense,hyperdense,mélange de zones hypodenses et hyperdenses,aspect en « croissant de lune »,a,4
1633,OIC-230-11-B-,Quel type de scanner a été utilisé pour visualiser l'HSD chronique?,Scanner avec injection,Scanner sans injection,Scanner magnétique résolutif,Scanner à ultrasons,b,4
1634,OIC-230-12-B-,Quelle est la topographie de l'hypoperfusion et de l'hypométabolisme dans les dégénérescences lobaires frontotemporales (DLFT) ?,Régions occipitales,Régions corticales associatives et temporales internes,"Régions frontales, temporales antérieures et/ou cingulaires",Régions pariétales,c,4
1635,OIC-230-13-A,Quels sont les facteurs importants à prendre en compte pour évaluer la sévérité d'un trouble de la marche ?,Les chutes ou presque-chutes et leurs conséquences sur l'autonomie,La capacité à monter ou descendre un escalier sans aide,L'utilisation d'une canne ou d'un fauteuil roulant,Tous les facteurs mentionnés ci-dessus,d,4
1636,OIC-230-13-A-,Quels sont les éléments à rechercher lors de l'examen neurologique ?,"Un déficit moteur, une amyotrophie et des troubles cognitifs","Un syndrome cérébelleux, un syndrome vestibulaire périphérique ou central et un syndrome parkinsonien",Des troubles vésico-sphinctériens et des troubles du mouvement,Tous les éléments mentionnés ci-dessus,d,4
1637,OIC-230-14-A,Quels sont les tests utilisés pour évaluer l'équilibre et la marche ?,Test de marche de 6 minutes,Functional ambulation classification (FAC),Echelle d'équilibre de Berg,Posture dans les plans frontaux et sagittaux,c,4
1638,OIC-233-03-A-,Quel est un comportement qui suggère que la marche d'un sujet est d'origine psychogène (conversive) ?,La marche devient plus lente lorsque l'attention du sujet se porte sur elle,La disparition du trouble par des manœuvres de distraction,"Le début soudain, la rémission spontanée ou la survenue paroxystique",L'inconstance dans le temps,b,4
1639,OIC-233-05-B-,Quelle est la caractéristique d'une bulle sous-épidermique?,La bulle est flasque et fragile.,La bulle est tendue.,La bulle est habituellement située dans le derme.,La bulle est habituellement située dans l'épiderme.,b,4
1640,OIC-233-06-A,Quel est le résultat d'une immunofluorescence directe négative dans le diagnostic d'une dermatose bulleuse auto-immune ?,Le diagnostic de dermatose bulleuse auto-immune est confirmé,La dermatose bulleuse auto-immune doit être évoquée devant des lésions vésiculeuses,Le diagnostic de dermatose bulleuse auto-immune est écarté,L'analyse histologique standard devient obligatoire,c,4
1641,OIC-233-06-A-,Quel est le résultat histologique caractéristique d'une pemphigoïde bulleuse ?,Bulle intra-épidermique avec acantholyse,Bulle sous-épidermique avec infiltrat de polynucléaires éosinophiles,Acantholyse sans bulle,Infiltrat de lymphocytes,b,4
1642,OIC-233-07-B,Quel est le résultat d'une négativité de l'immunofluorescence directe dans un cas de dermatose bulleuse ?,Confirmation du diagnostic de dermatose bulleuse auto-immune,Écarter le diagnostic de dermatose bulleuse auto-immune et orienter vers d'autres étiologies,Faire la distinction entre les dermatoses sous-épidermiques et intra-épidermiques,Seulement diagnostiquer les causes non auto-immunes,b,4
1643,OIC-233-07-B-,Quelle est l'étiologie de la phytophotodermatose ?,Exposition à une substance chimique,Apparition d'un érythème dans les heures qui suivent une exposition solaire puis qui se recouvre de bulles,Apparition de lésions bulleuses sur les zones de contact avec des plantes sensibles à la lumière UV,Infection bactérienne,c,4
1644,OIC-233-08-B,Quel est le type de muqueuses externes qui peut être touché par une dermatose bulleuse?,Les muqueuses internes comme la gorge ou l'intérieur des oreilles,"Les muqueuses externes comme les lèvres, le nez et les yeux",Les muqueuses internes et externes,Aucune muqueuse n'est touchée,b,4
1645,OIC-233-08-B-,Quel est le signe clinique visible dans l'image?,Des plaques rouges sur la peau,"Des bulles tendues à contenu clair ou hémorragique, et des croûtes rondes sur une peau urticarienne",Des ecchymoses sur les jambes,Un érythème sur le visage,b,4
1646,OIC-233-09-B,Quel est le caractéristique des lésions cutanéo-muqueuses de pemphigus vulgaire ?,Bulles fermées et dures,Bulles tendues ou flasques avec érosions à bords déchiquetés,Papules rouges et gonflées,Vésicules noires et denses,b,4
1647,OIC-233-09-B-,Quels sont les trois niveaux concernés par le handicap?,"les déficiences, les limitations de l'activité et les restrictions de participation","la déficience, la maladie et la mort","les atteintes cognitives, la motivation et l'environnement","le trouble psychiatrique, le handicap intellectuel et la société",a,4
1648,OIC-233-10-B,Quels sont les principes généraux de la prise en charge du handicap psychique?,Réhabilitation psychosociale et développement de compétences,"Scolarité, travail, revenus, logement, vie sociale",Psychoéducation (éducation thérapeutique) du patient et de ses proches,Rétablissement physique,a,4
1649,OIC-233-10-B-,Quel est le but principal de la remédiation cognitive?,De restaurer des fonctions neurocognitives altérées,D'améliorer les relations interpersonnelles,De développer des stratégies de compensation pour limiter les conséquences d'altérations cognitives,De fournir des informations sur les troubles psychiques et leur prise en charge,c,4
1650,OIC-233-11-B,Quel est l'objectif de la pair-aidance ?,Permettre aux professionnels d'aider les patients à se rétablir,Permettre aux personnes ayant une expérience personnelle de troubles psychiatriques d'accompagner le processus de rétablissement d'autres personnes,Encourager l'isolement des personnes ayant des troubles psychiatriques,Favoriser la reconnaissance en qualité de travailleur handicapé (RQTH),b,4
1651,OIC-233-11-B-,Quelle mesure de protection juridique est représentative dans les actes de la personne ?,La curatelle.,La tutelle.,La sauvegarde de justice.,Aucune des options précédentes n'est correcte.,b,4
1652,OIC-233-12-B,Quelle est la période incluse dans la définition de la périménopause ?,La période suivant l'installation de la ménopause,La période précédant l'installation de la ménopause,La période d'une année d'aménorrhée consécutive après la ménopause,La période de 5 ans avant et après la ménopause,b,4
1653,OIC-234-01-B-,Quel est le critère d'âge pour poser le diagnostic de ménopause dans sa forme typique ?,40 ans,50 ans,55 ans,60 ans,b,4
1654,OIC-234-02-A,Quel est le pourcentage de femmes qui présentent des bouffées vaso-motrices?,50%,80%,90%,95%,b,4
1655,OIC-234-03-A,Quels sont les signes d’hyperestrogénie ?,"Mastodynies bilatérales, douleurs pelviennes et prise de poids avec sensation de gonflement","Troubles du sommeil, sueurs nocturnes et sécheresse vulvo-vaginale","Insomnies, asthénie et perte d'attention","Dépression, irritabilité et leucorrhées",a,4
1656,OIC-234-03-A-,Quel est le diagnostic de l'ostéoporose post-ménopausique ?,Mesure du capital osseux sur 1 site de référence,Dépistage des facteurs de risques classiques,Ostéodensitométrie par la technique d'absorptiomètrie biphotonique à rayons X (DEXA),Étude du remodelage osseux uniquement,c,4
1657,OIC-234-04-A,"Le risque thrombo-embolique veineux et d'AVC associé à la voie orale des estrogènes peut être évité en utilisant la voie parentérale (percutanée, transdermique) pour administrer les estrogènes. Quel est le progestatif recommandé en raison de son meilleur profil de risque en termes de risque thrombo-embolique veineux et de cancer du sein ?",Progestérone synthétique,Réthroprogestérone ou dydrogesterone,Noretindrone,Levonorgestrel,b,4
1658,OIC-234-05-B,Quel est l'un des facteurs de risque qui peut imposer le choix de la voie d'administration non orale du THM?,L'hypertension artérielle,Les femmes avec facteurs de risque thrombo-embolique veineux,L'hypertriglycéridémie,Toutes les options précédentes,d,4
1659,OIC-234-06-B,Quel est le but de la supplémentation en calcium et vitamine D chez la femme ménopausée ?,Augmenter les dépenses énergétiques,Prévenir l'ostéoporose,Eviter le tabac,Modérer l'apport glucidique et lipidique,b,4
1660,OIC-234-06-B-,Quels sont les facteurs de risque de cancer de l'endomètre?,"Obésité, HTA et diabète de type 2",Prise d'un THM et traitement par tamoxifène,Antécédents familiaux et prise d'un THM,Tous les facteurs mentionnés,d,4
1661,OIC-234-07-A,Quel dosage est utilisé pour définir le déficit biochimique?,Dosage de la testostérone totale et biodisponible après-midi,Dosage de la testostérone totale et biodisponible matin (8h-11H),Dosage de la testostérone sérique uniquement,Dosage de l'insuline,b,4
1662,OIC-234-07-A-,Qu'est-ce qui se produit aux récepteurs androgéniques lors du vieillissement?,Ils augmentent en nombre,Ils restent stables,"Ils diminuent à la surface de l'ensemble des cellules des tissus cibles, majorant les symptômes liés à l'hypo sécrétion de testostérone.",Ils disparaissent complètement,c,4
1663,OIC-234-08-B,Quels sont les critères biologiques pour diagnostiquer l'andropause?,"Testostérone totale < 3,5 ng/ml et testostérone biodisponible < 0,7 ng/ml","Testostérone totale < 2,3 ng/ml ou (testostérone totale entre 2,3 et 3,5 ng/ml et testostérone biodisponible < 0,7 ng/ml)","Testostérone libre calculée : < 0,07 ng/ml",Aucun des options ci-dessus,b,4
1664,OIC-234-08-B-,Quel est le traitement initial pour un SDT confirmé ?,La prise en charge de l'ensemble des symptômes secondaires,La supplémentation en testostérone naturelle par voie transdermique ou intramusculaire,L'élimination des diagnostics différentiels,Le traitement de l'obésité pathologique,b,4
1665,OIC-234-09-A-,Quelle est l'histoire naturelle de l'hypertrophie bénigne de la prostate (HBP)?,L'HBP ne se développe que chez les hommes âgés de plus de 80 ans.,Le développement de l'HBP est continu à partir de 30 ans et peut rester asymptomatique ou se manifester par des symptômes du bas appareil urinaire.,L'HBP ne peut pas causer de complications aigües ou chroniques.,L'HBP est rare chez les hommes après 60 ans.,b,4
1666,OIC-234-10-B-,"Quelle complication aiguë de l'HBP doit être évoquée devant une exacerbation des SBAU, des brûlures urinaires et de la fièvre ?",Rétention aiguë d'urine,Infection urinaire,Hématurie macroscopique,Insuffisance rénale aigue,b,4
1667,OIC-234-11-A,Quel est le diagnostic d'une complication chronique de l'HBP confirmé par une échographie réno-vésico-prostatique ?,Rétention chronique d'urine avec un résidu post-mictionnel < 150 cc,Lithiase urinaire avec une image hypoéchogène,Insuffisance rénale obstructive avec dilatation des cavités pyélo-calicielles et élévation de la créatininémie,Hernie de l'aine avec une altération du parenchyme rénal,c,4
1668,OIC-234-11-A-,Quels sont les éléments évalués lors d'un toucher rectal pour diagnostiquer une HBP ?,Volume prostatique et douleur (prostatite),"Cancer éventuel, douleur et sténose du méat urétral",Palpation abdominale et examen des organes génitaux externes,"Volume prostatique, cancer éventuel et douleur (prostatite)",d,4
1669,OIC-234-12-B-,Quel est le but principal d'une urétro-cystoscopie ?,Détection d'une sténose urétrale ou d'une tumeur de vessie,Évaluation du volume prostatique,Recherche d'un lobe médian,Diagnostic d'insuffisance rénale,a,4
1670,OIC-234-13-B,Quels sont les traitements recommandés pour les patients ayant une HBP compliquée ou des SBAU modérés à sévères résistants au traitement médical maximal?,Abstention-surveillance,Phytothérapie,"Traitements ablatifs (résection transurétrale de prostate, enucléation endoscopique de l’adénome de prostate, vaporisation prostatique)","Traitements non ablatifs (incision cervico-prostatique, implants urétraux)",c,4
1671,OIC-234-14-A,Quels critères distinguent les troubles neuro-cognitifs majeurs du DSM-5 ?,Les déficits cognitifs n’interfèrent pas avec l’autonomie dans la vie quotidienne.,Le déclin cognitif retentit sur l’autonomie dans les activités quotidiennes.,Les déficits cognitifs ne surviennent pas uniquement dans le contexte d’un délirium.,Les déficits cognitifs ne sont pas mieux expliqués par une autre affection mentale.,b,4
1672,OIC-234-14-A-,Quel est le type de lésions vasculaires qui se retrouve fréquemment chez les personnes âgées de plus de 75 ans ?,Lésions vasculaires ischémiques diffuses ou lacunaires et micro-hémorragies,Plaques amyloïdes et dégénérescences neurofibrillaires,Activation de la neuroinflammation et perte neuronale,Lésions vasculaires ischémiques diffuses ou lacunaires uniquement,a,4
1673,OIC-234-15-A,Quel est le type d'apparition du trouble cognitif dans les encéphalopathies vasculaires ?,Apparition brutale uniquement,Marche progressive uniquement,A la fois brutale et progressive,Pas d'apparition spécifique,c,4
1674,OIC-234-15-A-,Quels sont les troubles cognitifs associés à la maladie à corps de Lewy (MCL) ?,"Atteinte des fonctions exécutives, des capacités attentionnelles et des fonctions visuelles.",Troubles du langage et de la mémoire.,Problèmes d'apprentissage et de raisonnement.,Tous les troubles cognitifs mentionnés précédemment.,a,4
1675,OIC-234-16-A-,Quelle est la bonne réponse selon le DSM 5 ?,La maladie d’Alzheimer est la seule cause possible de troubles neuro-cognitifs majeurs ou légers.,"Les causes possibles sont : Maladie d’Alzheimer, Dégénérescence fronto-temporal et Maladie à corps de Lewy",La prise de substance est la principale cause des troubles neuro-cognitifs majeurs ou légers.,"Les causes possibles sont multiples et incluent : Maladie d’Alzheimer, Dégénérescence fronto-temporale, Maladie à corps de Lewy, Encéphalopathie neurovasculaire, Secondaire à un traumatisme cérébral, Secondaire à la prise de substance, Secondaire à une infection VIH, Maladie de Parkinson, Maladie à prions et Maladie de Huntington",d,4
1676,OIC-234-17-A,Quel est l'outil de repérage qui évalue les fonctions exécutives et visuospatiales ?,Mini Mental State Evaluation,Test des 5 mots de Dubois,BREF,Horloge,d,4
1677,OIC-234-18-A-,Quels sont les éléments à prendre en compte pour protéger le patient ?,Les risques liés à l’environnement et la conduite automobile,La capacité du patient à assurer la gestion administrative et financière et les relations avec son entourage,Tous les éléments mentionnés dans le texte,Seulement les risques liés à l’environnement,c,4
1678,OIC-234-19-A,Quelles sont les conséquences importantes des symptômes psychologiques et comportementaux associés aux maladies responsables d'un trouble neuro-cognitif?,Qualité de vie et adaptation des patients à leur environnement,Pronostic fonctionnel de la maladie,Prescription médicamenteuse inappropriée,Toutes les options ci-dessus,d,4
1679,OIC-234-21-B,Quels sont les types d'informations que l'imagerie cérébrale peut fournir pour orienter vers une étiologie des troubles cognitifs?,Atrophie localisée uniquement,Lésions vasculaires uniquement,"Atrophie localisée, lésions vasculaires et microsaignements",Aucune information sur les troubles cognitifs,c,4
1680,OIC-234-22-A,Quel est le concept qui désigne la capacité d'une personne à prendre des décisions et agir en fonction de son jugement?,Dépendance,Autonomie,Liberté,Capacité motrice,b,4
1681,OIC-234-22-A-,Quels sont les groupes Iso-Ressources (GIR) dans le score GIR ?,"3 groupes : dépendant, autonome, mixte",6 groupes : 1 dépendant à 6 autonome,"4 groupes : faible autonomie, moyenne autonomie, forte autonomie","5 groupes : dépendance totale, dépendance partielle, autonomie totale",b,4
1682,OIC-234-23-B,Quelle est la séquence de Wood ?,"Déficience, handicap, incapacité","Incapacité, déficience, handicap","Handicap, incapacité, déficience","Déficience, incapacité, handicap",d,4
1683,OIC-234-23-B-,Quel est l'objectif principal de l'échelle IADL ?,Déterminer la capacité à utiliser un téléphone,Prévoir la morbi-mortalité,Évaluer les activités instrumentales de la vie quotidienne,Mesurer la continence,c,4
1684,OIC-235-01-A,Quels sont les facteurs de risque qui peuvent se retrouver lors d'une prise en charge à domicile?,la dénutrition et la confusion aiguë,les chutes et l'incontinence urinaire 'de novo',les effets indésirables des médicaments et le syndrome d'immobilisation,toutes les options précédentes,d,5
1685,OIC-235-02-A-,Quel type de mesure est destiné à protéger un majeur qui a besoin d'être conseillé ou contrôlé dans certains actes de la vie civile ?,Sauvegarde de justice,Habilitation familiale,Curatelle renforcée,Tutelle,c,4
1686,OIC-235-03-A,Quel est le type d’hébergement temporaire possible dans les EHPAD ?,Hébergement permanent,Hébergement temporaire lors d’une situation de maintien à domicile difficile et temporaire,Accompagnement ponctuel ou au long cours,Résidence permanente,b,3
1687,OIC-235-03-A-,La douleur et la nociception sont : ,deux phénomènes identiques,deux phénomènes distincts,influencés par des facteurs biologiques uniquement,influencés par des facteurs psychologiques uniquement,b,4
1688,OIC-235-04-A,Quels sont les mécanismes périphériques impliqués dans la douleur neuropathique?,Sensibilisation centrale et altérations des systèmes de modulation,Décharges ectopiques et dysfonctionnements de canaux ioniques,Altération des neurotransmetteurs et neuropeptides,Sensibilisation périphérique et altérations des systèmes de modulation,b,4
1689,OIC-235-04-A-,Quelle est l'échelle d'hétéroévaluation de la douleur qui s'adresse aux patients présentant des troubles de la communication verbale ?,L'EVA (Échelle Visuelle Analogique),L'EN (Échelle Numérique),L'EVS (Échelle Verbale Simple),Les échelles comportementales,d,4
1690,OIC-235-05-B,Quelle est l'échelle d'auto-évaluation de la douleur qui s'adresse aux patients incapables d'utiliser les échelles précédentes?,L'EVA (Échelle Visuelle Analogique),L'EN (Échelle Numérique),L'EVS (Échelle Verbale Simple),La Questionnaire douleur de Mc Gill,c,3
1691,OIC-235-06-B-,Quelle est la caractéristique principale des douleurs nociceptives?,Elles sont généralement chroniques,Elles se situent loin de la lésion,Elles n'ont pas nécessairement une sémiologie particulière,Elles ne sont pas associées à des signes inflammatoires,c,4
1692,OIC-235-07-A,Quel est l'outil utilisé pour différencier la douleur neuropathique des douleurs nociceptives ?,Questionnaire DN4,Examens complémentaires,Analyse des mécanismes de la douleur,Prise en charge n'est pas dépendante de l'étiologie,a,4
1693,OIC-235-07-A-,Quels sont les mécanismes des douleurs cancéreuses ?,Nociceptifs et neuropathiques uniquement,"Nociceptifs, neuropathiques, mixtes (neuropathiques et nociceptives), nociplastiques",Neuropathiques et psychologiques,Nociceptifs uniquement,b,4
1694,OIC-235-08-A,Quel est l'un des principes clés pour évaluer la douleur chez les personnes âgées ?,Utiliser uniquement des échelles numériques d'évaluation de la douleur,Effectuer un bilan gériatrique en plus de l'identification des composantes de la douleur,Ne pas prendre en compte les difficultés cognitives ou d'expression du patient,Utiliser uniquement des échelles verbales simples pour l'évaluation de la douleur,b,4
1695,OIC-235-08-A-,Quels sont les critères ACR (révisés en 2016) pour le diagnostic de fibromyalgie ?,"Douleurs diffuses touchant au moins 4 sur 5 régions du corps, symptômes depuis au moins 3 mois et index de Douleurs Diffuses (IDD) > 7.","Douleurs diffuses touchant au moins 4 sur 5 régions du corps, symptômes depuis au moins 6 mois et échelle de Sévérité des Symptômes (SS) > 9.","Douleurs diffuses touchant au moins 3 sur 5 régions du corps, symptômes depuis au moins 3 mois et index de Douleurs Diffuses (IDD) < 7.","Douleurs diffuses touchant au moins 4 sur 5 régions du corps, symptômes depuis au moins 6 mois et échelle de Sévérité des Symptômes (SS) < 9.",a,4
1696,OIC-235-09-A,Quelles sont les 5 interventions les plus fréquentes en anesthésie?,"les opérations de cœur, les interventions sur le cristallin et la chirurgie de la bouche","les endoscopies digestives, les accouchements par voie basse et césariennes, les interventions sur le cristallin, la chirurgie de la bouche et des dents, les libérations du canal carpien","les opérations de cœur, les interventions sur le cristallin, les accouchements par voie basse et césariennes, les libérations du canal carpien","les endoscopies digestives, les chirurgies de la bouche et des dents, les opérations de cœur, les interventions sur le cristallin",b,4
1697,OIC-235-11-B,Quel type d'anesthésie est réalisé par infiltration ou par voie topique en regard de la zone à opérer ou à analgésier ?,b,c,d,a,d,1
1698,OIC-235-12-A,Quel est le but de l'explication pré-opératoire et du recueil de consentement d'un geste invasif diagnostique ou thérapeutique?,Expliquer les risques et les complications,Recueillir les informations médicales,Obtenir le consentement du patient,Tout cela,d,4
1699,OIC-235-12-A-,Quel est le résultat de la blocage des canaux sodiques voltages dépendants par les anesthésiques locaux?,L'intensité du signal nerveux augmente,La vitesse de conduction des signaux nerveux diminue,Le potentiel d'action ne peut plus être conduit le long de la fibre nerveuse,Les fibres nerveuses deviennent plus sensibles,c,4
1700,OIC-235-13-A-,Quelles fibres sont responsables de la transmission de la douleur viscérale pendant les contractions utérines ?,Fibres myélinisées Aβ,Fibres non myélinisées C,Fibres Aδ,Fibres B,b,4
1701,OIC-235-15-A,Quelle est la démarche intégrée et non séquentielle des soins palliatifs ?,Les soins palliatifs précoces sont concomitants à d'éventuels soins curatifs.,Les équipes de première ligne peuvent solliciter les équipes ressources régionales de soins palliatifs pédiatriques.,Intégrer la coexistence de la compétence et de la vulnérabilité parentales.,Les soins palliatifs ne s'arrêtent pas à la mort de l'enfant.,a,4
1702,OIC-237-01-A,Quel est l'indicatif dans le domaine de la santé?,Un outil d'évaluation et d'aide à la décision,Une variable que l'on mesure pour décrire l'état de santé d'une population,Un outil de prévention des maladies,Un outil de traitement des maladies,b,2
1703,OIC-237-01-A-,Quelle est la différence entre la surveillance passive et active ?,La surveillance passive est plus exhaustive que la surveillance active,La surveillance active est déclarée spontanément par les acteurs de terrain,La surveillance active recueille des informations plus exhaustives que la surveillance passive,La surveillance passive est collectée par un personnel dédié,c,4
1704,OIC-237-02-A-,Quel est le rapport entre le nombre de nouveaux cas d'une maladie dans une population pendant une période donnée et l'ensemble de la population suivie pendant la période?,Prévalence,Incidence,Taux d'attaque,Nombre de reproduction de base (R0),b,4
1705,OIC-237-03-A,Quelle est la formule de calcul de la spécificité (Sp) d'un examen diagnostique?,a/(a + b),d/(c + d),a/(a + c),d/(b + d),d,4
1706,OIC-237-03-A-,Quel est le but principal de la surveillance épidémiologique menée par Santé Publique France ?,Déterminer les causes de maladies chroniques,Surveiller l'état de santé de la population française,Évaluer l'efficacité des politiques de santé publique,Identifier les risques sanitaires liés à l'environnement,b,4
1707,OIC-237-04-B,Quel est le type d'infection lorsque le réservoir des agents infectieux se situe en-dehors de l'hôte infecté ?,Exogène,Endogène,Zoonose,Opportuniste,a,4
1708,OIC-237-04-B-,Quel est le mode de transmission d'une zoonose ?,Par contact direct avec un objet souillé,Par consommation d'aliments d'origine animale,Par voie hématogène transplacentaire,"Par contact direct lors d'une morsure, griffure ou léchage de la peau lésée par un animal",d,4
1709,OIC-237-06-A,Qui nomme les Centres nationaux de référence (CNR) en France ?,Le ministre chargé de la Santé et Santé publique France.,Santé publique France uniquement.,Les professionnels de santé.,L'Agence Régionale de Santé.,a,4
1710,OIC-237-06-A-,Quels sont les principaux exemples de contrôle des vecteurs animés ou inertes ?,"Hygiène alimentaire, contrôle vétérinaire, lutte antivectorielle, entretien et stérilisation des dispositifs médicaux lors des soins.","Utilisation d'un préservatif, éviction scolaire ou d'une collectivité, arrêt de travail, isolement géographique des porteurs dans le cadre des précautions complémentaires lors de soins.","Hygiène des mains et hygiène respiratoire en collectivité, hygiène domestique, qualité et sécurité des soins.","Contrôle des portes d'entrée, prophylaxie médicamenteuse après exposition à l'agent infectieux, immunisation passive, vaccinations.",a,4
1711,OIC-237-07-A,Où trouver la liste des 52 maladies nécessitant des mesures d'éviction ou d'isolement en collectivités?,Sur le site internet du Ministère de la Santé,Sur le site internet du Haut Conseil de la Santé Publique,Dans un livre sur les maladies infectieuses transmissibles,Dans une application mobile,b,4
1712,OIC-237-08-B,Quel est le principal avantage des prothèses biologiques?,Ils nécessitent une anticoagulation au long cours,Ils sont moins durables que les prothèses mécaniques,Ils ne nécessitent pas d'anticoagulation au long cours si le rythme est sinusal,Ils sont plus chers que les prothèses mécaniques,c,4
1713,OIC-237-08-B-,Quelle est la principale cause de complication thrombo-embolique chez les porteurs de prothèses valvulaires mécaniques ?,Présence d'une fibrillation atriale,Prothèse en position aortique,INR mal équilibré,Dysfonction ventriculaire gauche,c,4
1714,OIC-237-09-B,Quel est le rythme de réalisation du suivi cardiologique ?,Tous les trimestres,"Une fois par an, dès la première année",Mensuellement,Systématiquement après chaque examen clinique anormal,b,4
1715,OIC-237-09-B-,Quel est l'antibiotique de choix pour les soins dentaires des porteurs de prothèses valvulaires ?,"Amoxicilline (2g chez l’adulte, 50mg/kg chez l’enfant)","Clindamycine (600mg chez l’adulte, 20mg/kg chez l’enfant)",Ciprofloxacine,Vancomycine,a,4
1716,OIC-239-01-A,Quel est le dosage recommandé de l'INR pour les patients porteurs de prothèse mécanique ?,Au moins tous les 3 mois,Au moins tous les 6 mois,"Au moins tous les mois, plus régulièrement si besoin",Une fois par an,c,4
1717,OIC-239-02-A,Quelle est la définition de l'arthrite septique ?,Infection du tissu osseux,Infection des tissus synoviaux puis des structures péri-articulaires,"Forme aiguë hématogène d'ostéite, la plus fréquente chez l'enfant",Infection d'un disque intervertébral et des corps vertébraux adjacents,b,4
1718,OIC-239-03-A,Quel est un exemple d'infection de proximité qui peut se propager au système ostéo-articulaire?,ostéite sur mal perforant plantaire chez le patient diabétique,arthrite sur escarre de décubitus,hémoculture positive sur bactériémie,inoculation sur chirurgie,a,4
1719,OIC-239-03-A-,Quel est le principal germen responsable des IOA chez l'enfant entre 6 mois et 4 ans ?,Staphylococcus aureus,Kingella kingae,Pneumocoque,Streptocoque de groupe A,b,4
1720,OIC-239-04-B-,Quel est l'examen d'imagerie qui peut montrer des signes précoces (quelques jours) après une infection ostéo-articulaire ?,Radiographie conventionnelle,Echographie,IRM,Imagerie fonctionnelle,c,4
1721,OIC-239-05-B,Quelles sont les contre-indications à la ponction articulaire?,"Trouble de coagulation, lésions ou infection cutanée au site de ponction.",Thrombopénie < 50 G/L ou un traitement anti-aggrégant plaquettaire.,Présence de matériel (prothèse articulaire) ou trouble de coagulation.,Aucune contre-indication n'est mentionnée dans le texte.,a,4
1722,OIC-239-05-B-,Quelle est la principale raison de l'immobilisation antalgique dans les IOA ?,Pour permettre une récupération complète sans douleur,Pour éviter l'enraidissement et favoriser la consolidation osseuse,Pour prévenir les maladies thrombo-emboliques veineuses,Pour faciliter la rééducation,b,4
1723,OIC-239-06-A,Quel est l'objectif principal de la prise en charge urgente hospitalière dans les cas d'arthrite septique?,Diagnostiquer la cause sous-jacente,Limiter le risque de complications,Administrer des traitements conservateurs,Effectuer une chirurgie immédiate,b,4
1724,OIC-239-06-A-,Quel est le signe clinique le plus fréquent de l'arthrite septique aiguë ?,Fièvre/hyperthermie,Douleurs articulaires et impotence fonctionnelle,Mobilisation de l’articulation extrêmement douloureuse,Epanchement articulaire,b,4
1725,OIC-239-07-B,Quels sont les complications liées à la bactériémie ?,Endocardite infectieuse,Ostéite de contiguïté,Abcès des parties molles adjacentes,Destruction articulaire avec séquelles fonctionnelles,a,4
1726,OIC-239-08-B,Quel est le risque de prendre des antibiotiques avant prélèvement ?,Améliorer les résultats thérapeutiques,Ralentir la prise en soin thérapeutique,Aucun effet sur la prise en charge,Augmenter le risque de complications,b,4
1727,OIC-239-08-B-,Quels sont les signaux d’alerte à considérer pour une infection disco-vertébrale en présence d'une « rachialgie» d'installation récente ?,Douleur de type « inflammatoire » et âge < 55 ans,"Fièvre, âge ≥ 55 ans, douleur thoracique (rachialgie dorsale) et notion d'usage intraveineux de drogue",Douleur de type « inflammatoire » et CRP normal,Impossibilité de marcher ou de s'asseoir et raideur rachidienne segmentaire,b,4
1728,OIC-239-09-B-,Quel examen complémentaire est systématique en cas de suspicion clinique d’endocardite infectieuse ?,IRM,Scanner,Scintigraphie osseuse,Echographie cardiaque,d,4
1729,OIC-242-01-A-,Quel est le type d'infection qui affecte l'orteil dans la photographie ?,Infection de la peau,Infection des os et du tissu articulaire,Infection des muscles,Infection des nerfs,b,4
1730,OIC-242-02-B,Quels sont les principes de la prise en charge d'une ostéomyélite aiguë de l'enfant ?,e,f,g,h,c,1
1731,OIC-242-02-B-,Quel est le risque évolutif d'une bactériémie non traitée ?,L'évolution vers une pneumonie,"L'évolution vers le sepsis, le choc septique et le décès",L'évolution vers une pyélonéphrite,Aucun risque évolutif,b,4
1732,OIC-242-03-A-,Quels sont les éléments à rechercher en cas de fongémie avec fièvre persistante ou non-négativation des hémocultures sous traitement ?,Une localisation rétinienne et une endocardite uniquement,Des localisations métastatiques cutanées uniquement,"Tous les éléments mentionnés, notamment la recherche d'une candidose hépato-splénique",Aucun élément supplémentaire à rechercher,c,4
1733,OIC-242-04-A,Quel est le foyer infectieux associé au Staphylococcus aureus ?,Cavité buccale,"Poumon, méninges, ORL",Peau et cathéter vasculaire,"Voies urinaires, tube digestif, voies biliaires",c,4
1734,OIC-242-04-A-,Quelle est la principale cause des fongémies ?,Infection grave,Cancer et immunodépression,Antibiothérapie préalable,Chirurgies abdominales,b,4
1735,OIC-242-05-B,Quels sont les signes cliniques d'une infection liée au cathéter ?,"Fievre, frissons et hypotension uniquement","Fievre, frissons, mauvaise perfusion périphérique et hypotension",Mauvaise perfusion périphérique uniquement,Hypotension uniquement,b,4
1736,OIC-242-05-B-,Quelle est la principale porte d'entrée de Staphylococcus aureus?,Aérienne,Cutanée,Gastro-intestinale,Oculaire,b,4
1737,OIC-242-06-A,Quel est le délai maximum pour retarder le début de l’antibiothérapie en cas d’état de choc septique ou méningite bactérienne ?,30 minutes,1 heure,2 heures,3 heures,b,4
1738,OIC-242-06-A-,Quelles sont les modalités de réalisation des hémocultures ?,"Ponction d'une veine centrale, ensemencement d'un seul flacon et prélever 10 ml de sang.","Respect des règles d'asepsie, ponction d'une veine périphérique, ensemencement d'au moins 2 flacons et prélever 4 à 6 flacons lors d'une seule ponction.","Ponction d'un cathéter central, ensemencement de 1 flacon et prélever 20 ml de sang.","Ponction d'une veine centrale, ensemencement de 3 flacons et prélever 5 ml de sang.",b,4
1739,OIC-242-07-B,Quel est l'examen complémentaire recommandé pour une bactériémie due à Candida ?,Échocardiographie systématique,ECBU +/- imagerie abdominale,Imagerie abdominale et fond d’œil systématiques,Radiographie de thorax +/- ponction lombaire,c,4
1740,OIC-242-07-B-,Quelle est l'indication de dosage des biomarqueurs inflammatoires?,Dosage systématique,Dosage uniquement en cas de suspicion de bactériémie/fongémie,Pas d'indication à les doser,Dosage uniquement pour les patients âgés,b,4
1741,OIC-242-08-B,Quel est l'objectif principal du traitement antimicrobien dans une bactériémie/fongémie ?,Hospitaliser l'enfant,Choisir un antimicrobien en fonction de la porte d'entrée suspectée cliniquement,Utiliser uniquement des associations (bithérapies),Adapter le traitement en fonction de l'examen direct de l'hémoculture,b,4
1742,OIC-242-08-B-,Quel est le traitement recommandé pour une bactériémie due à Candida ?,Vancomycine,Pénicilline M ou céfazoline,Fluconazole ou Echinocandine,Céphalosporine de 3ème génération,c,4
1743,OIC-242-09-A,Quel est un aspect clé du traitement de la porte d'entrée dans une bactériémie ?,Le traitement est uniquement médical,L'ablation est toujours nécessaire,Le traitement est médical +/- chirurgical (drainage),La porte d'entrée n'a pas besoin de traitement spécifique,c,4
1744,OIC-242-09-A-,Quel est l'objectif du contrôle chirurgical ou radio-interventionnel de la source infectieuse ?,Éviter les complications,Réduire le taux de bactériémie,Discuter d'une éventuelle évacuation de la source infectieuse,Traiter la cause sous-jacente,c,4
1745,OIC-242-10-A,Quelle est la durée de traitement recommandée pour une bactériémie non compliquée à Staphylococcus aureus?,4 semaines,6 semaines,14 jours par voie parentérale IV,8 semaines,c,4
1746,OIC-242-10-A-,L’antibiothérapie suivante peut être proposée en cas de sepsis/choc septique dans le cadre d’une infection liée aux soins sans foyer identifié ?,Une ß-lactamine à large spectre active sur les bacilles à Gram négatif nosocomiaux,+ Amikacine,-/+ vancomycine (si nécessité de couvrir un staphylocoque résistant à la méticilline),Toutes les options sont correctes,d,4
1747,OIC-242-11-A,"En cas de persistance de la fièvre, quelle est la conduite à tenir ?",Rechercher une complication et vérifier l'évolutivité de l'infection,Vérifier que l'antibiothérapie est adaptée et rechercher une candidémie,Rechercher une infection associée aux soins et vérifier la tolérance du traitement,Tous les critères mentionnés sont corrects,d,4
1748,OIC-242-11-A-,"Quel est le type d'infection urinaire qui se caractérise par une infection du bassinet et du parenchyme rénal, avec fièvre ?",cystite,pyélonéphrite,infection urinaire simple,infection urinaire à risque de complication,b,4
1749,OIC-242-12-B,Quel est l'un des facteurs de risque de résistance aux fluoroquinolones ?,Antécédent d'infection ou de colonisation à EBLSE dans les 3 mois précédents,"Voyage en zone d'endémie d'EBLSE (sud de l'Europe, bassin méditerranéen, Moyen-Orient, Inde, Asie du sud est)",Hospitalisation de moins de 3 mois,Vie en institution de long séjour,a,4
1750,OIC-242-12-B-,Quels sont les examens complémentaires recommandés pour une pyélonéphrite aiguë grave ?,BU et ECBU avec antibiogramme systématique,"Imagerie : TDM AP non injecté avec injection éventuelle si doute diagnostic ou complication, urée, créatininémie, numération formule sanguine, CRP, hémocultures","Urée, créatininémie, CRP",Hémocultures,b,4
1751,OIC-242-13-B,Quels sont les examens d'imagerie recommandés pour une pyélonéphrite à risque de complications ?,Uro-TDM ou échographie des voies urinaires dans les 24 heures,IRM et cystoscopie,Cystographie rétrograde et scintigraphie,Bilan urodynamique et débitmétrie urinaire,a,4
1752,OIC-242-13-B-,Quelle est la limitation de la bandelette urinaire (BU) dans le diagnostic des infections urinaires (IU) ?,Elle peut confirmer ou écarter formellement une IU,Elle n'est pas utile chez les patients ayant une suspicion d'IU communautaire,"Elle est valable pour tous les types d'IU, y compris celles associées aux soins",Elle ne nécessite pas de précautions spécifiques avant sa réalisation,b,4
1753,OIC-245-01-A-,Quel est le comportement à adopter en cas de colonisation urinaire ?,Traiter systématiquement la colonisation urinaire,Ne pas traiter la colonisation urinaire sauf en cas particuliers,Effectuer un examen de contrôle quotidien,Utiliser des médicaments pour prévenir les infections urinaires,b,4
1754,OIC-245-02-A,Quel est le maître symptôme d'une cystite aiguë ?,pollakiurie,urgenturies,incontinence,brûlures mictionnelles,d,4
1755,OIC-245-02-A-,Quel est le type de pyélonéphrite aiguë qui est par définition une pyélonéphrite aigüe grave?,Pyélonéphrite aigüe simple,Pyélonéphrite aigüe obstructive,Pyélonéphrite aigüe fébrile,Pyélonéphrite aigüe chronique,b,4
1756,OIC-245-03-A-,Quel est le traitement préféré en cas de pyélonéphrite aiguë simple nécessitant une prise en charge hospitalière ?,C3G IV,Fluoroquinolones IV,Antibiotiques par voie orale,Isolement social,a,4
1757,OIC-245-04-A-,Quelles sont les principales complications de l’infection urinaire masculine (IUM) ?,La rétention chronique d’urine et le sepsis grave,Le sepsis grave et la rétention aiguë d’urine,La cystite et l’insuffisance rénale,L’insuffisance rénale et le cancer de la prostate,b,4
1758,OIC-245-05-A,Quel est l'un des facteurs qui doit être recherché en cas de survenue d'un épisode infectieux chez l'homme?,Hypertrophie bénigne de la prostate symptomatique,Sténose de l'urètre,Acontractilité vésicale,Tous les facteurs mentionnés sont corrects,d,4
1759,OIC-245-07-A-,Quel est le traitement initial des infections urinaires basses ou cystites de l’enfant ?,Traitement IV puis relai PO,"Traitement oral d'emblée par cefixime après 3 mois, en l'absence de facteurs de risques ni de signes de sévérité et si surveillance à domicile possible et adaptée",Ceftriaxone ou cefotaxime + amikacine,"Cefixime après 3 mois, en l'absence de facteurs de risques ni de signes de sévérité et si surveillance à domicile possible et adaptée",b,4
1760,OIC-245-08-B,Quel est l’objectif du calendrier mictionnel dans le diagnostic des infections urinaires récidivantes ?,Évaluer la fonction rénale,Déceler les « fausses cystites récidivantes »,Diagnostiquer les tumeurs vésicales,Mesurer le volume de résidu post-mictionnel,b,4
1761,OIC-245-08-B-,Quel est le seul facteur de risque modifiable identifié dans la littérature ?,Fréquence des rapports et 1ère cystite à -15 ans,Nouveau partenaire et spermicide,Spermicide et régularisation du transit,Seul le spermicide a fait la preuve de son efficacité,b,4
1762,OIC-245-09-A,Quelle est la population la plus touchée par les infections urinaires dans les premiers mois de la vie?,Les filles,Les garçons,Les enfants avec un système immunitaire faible,Les enfants qui ne sont pas vaccinés,b,4
1763,OIC-245-09-A-,Quel est le type de chlamydia trachomatis ?,"Bacille Gram positif, extracellulaire","Bacille Gram négatif, intracellulaire obligatoire, immobile","Bacille Gram positif, intracellulaire","Bacille Gram négatif, extracellulaire",b,4
1764,OIC-245-10-B,Quel groupe est le plus touché par la syphilis en France métropolitaine ?,Hétérosexuels,Homosexuels masculins,Jeunes femmes européennes,Les moins de 25 ans,b,4
1765,OIC-245-10-B-,Quels sont les tests proposés systématiquement pour dépister les IST ?,Sérologie VIH et test tréponémique.,PCR urinaire ou génitale à la recherche de ''Neisseria gonorrhoeae'' et ''Chlamydia trachomatis''.,"Sérologie VIH, test tréponémique, PCR urinaire ou génitale à la recherche de ''Neisseria gonorrhoeae'' et ''Chlamydia trachomatis'', PCR pharyngée et anale.",PCR pharyngée et anale selon les pratiques sexuelles.,c,4
1766,OIC-245-11-B,Quel est l'objectif de la prise en charge des partenaires d'une personne infectée par une IST ?,Proposer un traitement probabiliste sans dépistage ni diagnostic,"Identifier les partenaire(s) contaminé(e)s ou contaminateur(trice)s et proposer un dépistage, un diagnostic et/ou un traitement probabiliste",Insister uniquement sur les risques de recontamination,Envisager uniquement un traitement de type PrEP contre le VIH,b,4
1767,OIC-245-11-B-,"Quelle est la cause de l'ulcération génitale décrite comme « terrain (Afrique, Amérique du Sud, Asie), lésion(s) unique/multiples, fond sale, douleurs (+++), adénopathies inflammatoires » ?",Herpès,Chance syphilitique,Chancre mou,Donovanose,c,4
1768,OIC-245-12-A,Quel est le caractère des lésions décrites dans la photographie ?,Douloureuse et post vésiculeuse,Non douloureuse et pré vésiculeuse,Géante et non inflammatoire,Petite et non inflammatoire,a,3
1769,OIC-245-13-B,Quelle est la durée de l'urétrite masculine?,Chronicque,Aiguë ou sub-aiguë,Intermittente,Chronique et intermittente,b,4
1770,OIC-245-13-B-,Quelle est la caractéristique de l'écoulement urétral dans les cas de chlamydiose ?,Abondant et purulent,"Clair, modéré et intermittent",Matinal,Intermittent et purulent,b,4
1771,OIC-245-15-A,"Quelle est la cause de l'infection génitale basse chez la femme caractérisée par des leucorrhées abondantes, verdâtres et malodorantes ?",Gonocoque,Chlamydiose,Trichomonose,Vaginose bactérienne,c,4
1772,OIC-245-16-A,Quels sont les symptômes de la syphilis secondaire ?,kératoconjonctivite et pneumopathie,anorectites asymptomatiques,"polyarthrite aiguë ou subaiguë réactionnelle, urétrite, conjonctivite bilatérale, balanite circinée, kératoconjonctivite, arthrite","roséole syphilitique, syphilides, fausse perlèche, papules acnéiformes du menton, dépilation en aires de la langue, dépilation sourcils, fébricule, céphalées, poly-ADP, poly-arthralgies",d,4
1773,OIC-245-16-A-,Quels sont les examens complémentaires à réaliser en cas d'infection haute de la femme ?,"CRP, NFS, prélèvement avec pose de speculum pour examen direct + culture standard + PCR",Prélèvement chirurgicaux ou radioguidés si infection compliquée pour culture + PCR + rechercher de mycoplasmes,Examen du col de l'utérus si condylome chez la patiente ou son conjoint,"Sérologies : VIH, VHB, test tréponémique +/- test non tréponémique",a,4
1774,OIC-245-17-B,Quel est l'objectif de la réévaluation systématique de l'efficacité clinique/biologique ?,Identifier les partenaire(s) contaminé(e)s ou contaminateur(trice)s,"Proposer un dépistage, un diagnostic et/ou un traitement probabiliste",Envisager un traitement de type PrEP contre le VIH en cas de prise de risque trop régulière,Réévaluer l'efficacité clinique/biologique pour optimiser la prise en charge des IST,d,4
1775,OIC-245-17-B-,Quels sont les prélèvements à réaliser en cas d'infection compliquée ?,Prélèvement chirurgicaux ou radioguidés si infection compliquée pour culture + PCR 'Neisseria gonorrhoeae' et 'Chlamydia trachomatis',Prélèvement avec pose de speculum pour examen direct + culture standard + PCR 'Neisseria gonorrhoeae' et 'Chlamydia trachomatis',Examens de sang complets,Imagerie par résonance magnétique (IRM),a,4
1776,OIC-245-19-B,Quel est le traitement recommandé pour la trichomonose ?,Ceftriaxone dose unique IM ou IV 1000 mg,Doxycycline per os 200mg pendant 7 jours,"Benzathine pénicilline G DU IM 2,4 millions d’unités",Métronidazole per os 2g dose unique ou 500 mg 2x/j 7 jours,d,4
1777,OIC-245-20-B,Quels sont les tests systématiques à proposer ?,Sérologie VIH uniquement.,"Test tréponémique, sérologie d'hépatite B et PCR urinaire ou génitale à la recherche de ''Neisseria gonorrhoeae'' et ''Chlamydia trachomatis''.",Sérologie VIH et test tréponémique uniquement.,PCR pharyngée et anale selon les pratiques sexuelles uniquement.,b,4
1778,OIC-245-21-B,Quelle est la définition de la syphilis latente tardive ?,Présence d'un signe clinique et une sérologie positive,Absence de signe clinique et découverte d'une sérologie positive dont la date présumée du contact est inférieure à un an,Présence d'un signe clinique et une sérologie négative,Absence de signe clinique et découverte d'une sérologie positive dont la date présumée du contact est de plus d'un an,d,4
1779,OIC-245-21-B-,Quels sont les symptômes cutanéo-phanériens de la syphilis secondaire ?,Se limitent à des éruptions cutanées sur le tronc,"Incluent une fausse perlèche, des papules acnéiformes du menton et des plaques fauchées de la langue",Sont toujours présents chez tous les patients,Apparaissent uniquement après plusieurs mois d'infection,b,4
1780,OIC-245-23-A,Quel est le traitement recommandé pour la syphilis primaire chez un patient allergique à la pénicilline ?,"Benzathine pénicilline G dose unique IM 2,4 millions d’unités",Doxycycline pendant 14 jours,Azithromycine pendant 5 jours,Ciprofloxacine pendant 7 jours,b,4
1781,OIC-245-23-A-,Quel est le traitement de la syphilis secondaire tardive si l'on est allergique à la pénicilline ?,"Benzathine pénicilline G dose unique IM 2,4 millions d’unités",Doxycycline 28 jours,"Benzathine pénicilline G dose unique IM 2,4 millions d’unités et doxycycline 14 jours","Rien, car la syphilis secondaire tardive est une maladie bénigne",b,4
1782,OIC-245-24-B,Quel est le type de condylome associé à une « crête-de-coq »?,Condylomes plans,Néoplasie intra épithéliale (NIE),Condylomes acuminés,Les deux types de condylomes précédents,c,4
1783,OIC-245-24-B-,Quels sont les traitements curatifs du HPV ?,"Vaccin nonavalent, 2 ou 3 doses pour les enfants de 11 à 19 ans","Podophyllotoxine, imiquimod","Cryothérapie, laser CO2, électrocoagulation, chirurgie","Vaccin nonavalent, 2 ou 3 doses pour les hommes ayant des rapports sexuels avec des hommes jusqu'à 26 ans",c,4
1784,OIC-245-25-B,Quel est l'agent responsable de la pédiculose du pubis (morpion) ?,Trichomonas vaginalis,Sarcoptes scabiei hominis,Phtirius inguinalis,"Une protozoaire flagellé, anaérobie",c,4
1785,OIC-245-25-B-,Quel est le type d'échantillon à prélever pour la détection de Chlamydia trachomatis chez l'homme ?,Écoulement urétral spontané,Premier jet d'urine,Sang,Salive,b,4
1786,OIC-247-01-A,Quel est le traitement recommandé pour une orchi-épididymite à Chlamydia trachomatis ?,Ceftriaxone dose unique (IM ou IV 1000 mg),Doxycycline 10 jours,Azithromycine 1g dose unique,Erythromycine 7 jours,b,4
1787,OIC-247-02-A,Quelle est la conséquence possible d'un IST chez un enfant ?,Accuser à tort un adulte.,Faire suspecter un sévice sexuel.,Ne pas avoir de signe clinique.,Se développer en cancer HPV.,b,4
1788,OIC-247-02-A-,Quel est le lieu où les condylomes sont généralement présents ?,Sur la langue,Sur les grandes lèvres,Dans la bouche,Dans la gorge,b,4
1789,OIC-247-03-A,Quelle est la caractéristique des exanthèmes érythémateux ?,Ils sont vésiculo-pustuleux,Ils sont maculaires sans intervalle de peau saine,Ils sont maculo-papuleux avec intervalles de peau saine,Ils sont causés par une vasodilatation cutanée,c,4
1790,OIC-247-03-A-,Quel est l'exanthème fébrile qui nécessite une urgence vitale immédiate et est lié à une toxine (TSST) de ''Staphylococcus aureus'' ou à une toxine érythrogène de Streptocoque du Groupe A ?,purpura fulminans,fasciite nécrosante,syndrome toxinique,dermo-hypodermite,c,4
1791,OIC-247-04-A,Quel type d'exanthème est caractérisé par des lésions maculeuses sans intervalle de peau saine ?,Exanthème maculo-papuleux (morbilliforme),Exanthème vésiculo-pustuleux,"Exanthème aspécifique : viral, maladie de système",Exanthème scarlatineifome,d,4
1792,OIC-247-04-A-,Quelle est la contagiosité de la rougeole?,faible,moyenne,très forte (R0 = 15 à 20),nul,c,2
1793,OIC-247-05-B,Quel est le résultat de la rubéole congénitale?,une augmentation de la croissance,"une atteinte sensorielle, neurologique ou cardiaque",une résistance accrue au virus,une immunité permanente,b,4
1794,OIC-247-06-A,Quelle est la caractéristique de l'exanthème maculopapuleux causé par la roséole?,rouge et persistant,rose pâle et fugace,violet et duratif,bleu et évoluant en cicatrice,b,4
1795,OIC-247-06-A-,Quel est le diagnostic repose sur la présence d'IgM anti VCA sans IgG anti EBNA?,Sérologie,Biopsie,Imagerie,Anomalie leucocytes,a,1
1796,OIC-247-07-A-,Quel est le traitement associé à la prise en charge de la maladie de Kawasaki ?,aspirine uniquement,immunoglobuline polyvalente intraveineuse et aspirine,hospitalisation obligatoire mais pas de traitement spécifique,traitement uniquement par voie orale,b,4
1797,OIC-247-08-B,Quel est le type de contagion de la varicelle?,Voie fécale-urétrale,Voie aérienne (aérosol) ou contact avec vésicules,Voie cutanée,Voie sanguine,b,4
1798,OIC-247-08-B-,Quelle est la définition qualitative de la diarrhée aigue?,< à 3 semaines,> à 4 semaines,< à 2 semaines,Entre 2 et 4 semaines,c,4
1799,OIC-247-09-B-,Quel est un facteur favorisant du tableau pseudo-occlusif post-diarrhée?,prise de lopéramide,hypokaliémie,colite,tous les facteurs ci-dessus,d,4
1800,OIC-247-10-B,Quel est l'agent pathogène le plus susceptible d'être responsable d'une diarrhée aiguë infectieuse chez un enfant ?,Salmonella enterica non Typhi,Shigella spp,Norovirus,E. coli EHEC,c,4
1801,OIC-247-10-B-,Quel est le type de diarrhée virale qui s'accompagne souvent de fièvre chez l'enfant?,Diarrhée à rotavirus,Diarrhée à norovirus,Diarrhée à adenovirus,Diarrhée à astrovirus,a,4
1802,OIC-247-11-B,"Quel est le parasite à rechercher en cas d'immunosuppression par le VIH, après élimination de cryptosporidiose et microsporidiose ?",Cystoisospora belli,Giardia intestinalis,Cryptosporidium spp.,Microspora,a,4
1803,OIC-247-12-B,Quel examen parasitologique des selles est spécifié en cas d'immunodépression ou chez l'enfant ?,Giardiase,Amoebose intestinale,Cryptosporidiose,Anguillulose,c,4
1804,OIC-247-12-B-,Quels sont les principaux examens complémentaires évaluant le retentissement dans un cas de sepsis ?,"Ionogramme sanguin, créatininémie, NFS","Gaz du sang avec lactates, évaluation des dysfonction d'organe","Biopsie digestive, IRM cérébrale","Analyse de la flore intestinale, dosage de l'albumine",b,4
1805,OIC-247-13-B,Quel est le contexte dans lequel l'indication d'examen endoscopique est rare chez l'enfant ?,Lorsque la cause de la diarrhée est claire,En cas d'immunodépression sans étiologie identifiée à la diarrhée,Chez les enfants âgés de moins de 5 ans,Lorsque le bilan précédent a déjà identifié une cause,a,4
1806,OIC-247-13-B-,Quel est le traitement symptomatique recommandé pour la diarrhée aiguë chez l'enfant?,Anti-émétiques,Lopéramide,Diosmectite et racécadrotil,Anti-sécrétoires,c,4
1807,OIC-247-14-B,Quel est le premier objectif de la prise en charge symptomatique de la diarrhée chez l'enfant?,Réduire l'intensité de la diarrhée,Corriger ou prévenir la déshydratation,Utiliser des médicaments anti-inflammatoires,Faire une transfusion sanguine,b,4
1808,OIC-247-15-A,Quel est le vaccin recommandé contre la diarrhée infectieuse chez l'enfant ?,Vaccin antityphoïde Typhim<sup>R</sup>.,Vaccin anti-rotavirus.,Vaccin contre la fièvre typhoïde et l'hépatite A (Tyavax<sup>R</sup>).,Aucun vaccin n'est recommandé contre la diarrhée infectieuse chez l'enfant.,b,4
1809,OIC-247-15-A-,Quel est le type d'alimentation qui peut causer une toxi-infection alimentaire collective?,Aliments frais et non transformés,Aliments contaminés par des bactéries ou des toxines,Aliments cuits à haute température,Aliments végétariens,b,4
1810,OIC-247-16-A-,Quel est le type de réhydratation utilisée lorsque la diarrhée est sévère ou que l'enfant ne peut pas boire ?,Réhydratation orale,Réhydratation intraveineuse,Réhydratation par perfusion,Réhydratation par injection,b,4
1811,OIC-247-17-A,Quelle protozoonose est une zoonose qui se transmet par ingestion d'oocystes présents dans les excréments de chats ou dans la viande d'autres hôtes intermédiaires infestés?,Cryptosporidiose,Giardiose,Amoebose,Toxoplasmose,d,4
1812,OIC-247-18-A-,Quels sont les principaux types de pollution qui affectent l'eau ?,seulement la pollution chimique,seulement la pollution thermique,"toutes les formes de pollution (chimique, thermique, radioactive et microbienne)",la pollution radioactive est la plus fréquente,c,4
1813,OIC-247-19-A,Quels sont les différents aspects à prendre en compte pour prévenir les risques sanitaires liés à l'eau?,"Seuls la filtration et le traitement, ainsi que le contrôle des activités génératrices de pollution","La protection des points de captage, la filtration et le traitement, ainsi que le contrôle de qualité",L'entretien du réseau de distribution et le contrôle des activités génératrices de pollution,Seuls l'entretien du réseau de distribution et le contrôle de qualité,b,4
1814,OIC-247-19-A-,Quels sont les risques liés à l'alimentation qui peuvent entraîner une atteinte neurologique ?,"Microbienne et toxique (métaux lourds, hydrargyrisme ou maladie de Minamata liée au mercure)",Virus et parasites,Macromycètes et allergie,E.coli entérohémorragique et Shigella,a,4
1815,OIC-247-20-A,Quel est l'un des principaux agents responsables de toxi-infections alimentaires avec symptomatologie neurologique?,Clostridium botulinum,Salmonella spp.,Escherichia coli entérotoxinogène,Virus Hépatite A,a,4
1816,OIC-247-21-A,Quel est le signalement de la TIAC ?,Se faire soi-même un bilan médical,Signaler auprès de l'ARS par une fiche spécifique sans attendre enquête ni documentation,Attendre les résultats d'une étude scientifique avant signalement,Ne pas signaler la TIAC car elle n'est pas une maladie à déclaration obligatoire,b,4
1817,OIC-247-21-A-,Qui dirige l’enquête après le signalement de la suspicion de TIAC ?,Les médecins inspecteurs de l’ARS,Le service vétérinaire d’hygiène alimentaire,L’équipe opérationnelle d'hygiène de l’établissement (si établissement  de soins),Les personnels affectés à la restauration,a,4
1818,OIC-247-22-B,Quelles sont les mesures préventives en dehors d'un contexte de TIAC ?,"Consignations des denrées suspectes, éviction de la source dès qu'elle est identifiée, suspension des activités de restauration d'un établissement en attendant les résultats de l'enquête.",Éducation du personnel et principe de la marche en avant en cuisine collective.,"Surveillance médicale du personnel et éviction de certains agents en fonction du risque, prélèvements microbiologiques de routine dans la restauration collective.","Application de règles d'hygiène scrupuleuses durant toute la chaîne de préparation alimentaire, éducation du personnel et principe de la marche en avant en cuisine collective, surveillance médicale du personnel et éviction de certains agents en fonction du risque, prélèvements microbiologiques de routine dans la restauration collective.",d,4
1819,OIC-247-22-B-,Quels sont les membres des équipes pluridisciplinaires des SPST ?,"Des médecins, des infirmiers et des psychologues","Des ergonomes, des ingénieurs, des psychologues et animés par le médecin du travail",Seuls les médecins sont présents dans les SPST,Les équipes pluridisciplinaires ne comportent que des infirmiers,b,4
1820,OIC-247-23-A,Quel est l'un des objectifs d'une évaluation des risques professionnels par un médecin du travail ?,Conseiller uniquement les employés sur leurs droits,Évaluer la présence de substances chimiques dans l'air,Réaliser des analyses ou des mesures pour évaluer les risques professionnels,Seulement donner des conseils sur l'organisation des secours,c,4
1821,OIC-247-23-A-,Quel est l'un des partenaires du médecin du travail dans ses actions sur le terrain?,Les infirmières de santé au travail,L'équipe pluridisciplinaire,Le directeur de l'entreprise,Tous les précédents,d,4
1822,OIC-247-24-A,Qui peut demander une visite de préreprise?,L'employeur,"Le salarié, le médecin traitant, le médecin conseil de la sécurité sociale ou le médecin du travail",Seul le médecin du travail,Aucun d'entre eux,b,4
1823,OIC-247-24-A-,Quel est le document qui contient les préconisations pour réduire l'exposition à des risques professionnels ?,Dossier médical en santé au travail,Fiche d'aptitude / inaptitude,Fiche d'entreprise,Certificat de travail,c,4
1824,OIC-247-25-A,Quel est le type de prévention qui concerne tous les types de risques ?,La prévention secondaire,La prévention tertiaire,La prévention primaire,La prévention médicale,c,4
1825,OIC-247-25-A-,Qui est responsable de la hiérarchisation des risques professionnels dans les entreprises?,L'équipe pluridisciplinaire de santé au travail,Le médecin du travail,L'employeur,Tous les employés,c,4
1826,OIC-247-26-B,Quelle est la deuxième étape de gestion des risques professionnels ?,Limiter les émissions à la source,Supprimer les dangers,Evaluer l'efficacité des mesures de prévention,Limiter l'exposition des salariés,b,4
1827,OIC-247-26-B-,Quel est l'exemple d'hypersensibilité de type 4?,Pneumonies d'hypersensibilité,Eczémas de contact,Cytopénie médicamenteuse,Maladie sérique,b,4
1828,OIC-247-27-B,Quelle est la prévalence de l’allergie aux hyménoptères dans la population générale ?,10 à 40 %,"0,3 à 7,5 %",50 %,80 %,b,4
1829,OIC-247-28-B-,Quel est le type d'immunité impliqué dans les allergies aux venins d'hyménoptères ?,Immunité cellulaire,Immunité humorale,Immunité spécifique par IgE,Immunité innée,c,4
1830,OIC-247-30-B,Quel est le résultat d'un test cutané négatif pour une allergie à l'arachide ?,Exclusion possible de l'allergie,Confirmation de l'allergie,Nécessité d'une autre étape de diagnostic,Résultat non concluant,a,4
1831,OIC-247-30-B-,Quel est le tableau clinique le plus fréquent des allergies croisées entre allergènes respiratoires et alimentaires?,Syndrome cutané généralisé après consommation d'un fruit chez un patient ayant une allergie pollinique,"Syndrome oral (œdème labial ou lingual, prurit buccal ou pharyngé, érythème labial, lingual ou palatin) après consommation d'un fruit chez un patient ayant une allergie pollinique","Syndrome respiratoire aigu (asthme, œdème laryngée) après consommation d'un fruit chez un patient ayant une allergie pollinique","Syndrome gastro-intestinal aigu (nausées, vomissements, diarrhées) après consommation d'un fruit chez un patient ayant une allergie pollinique",b,4
1832,OIC-247-31-B,Quels types de tests sont utilisés pour le diagnostic d'une réaction consécutive à une piqûre d'hyménoptère ?,Seuls les tests biologiques,Les tests cutanés et les tests biologiques,L'anamnèse est un test cutané,Aucun test n'est utilisé,b,4
1833,OIC-247-31-B-,Quels sont les métiers les plus concernés par l'allergie professionnelle?,"Boulanger, pâtissier et coiffeurs",Professionnels de santé et peintres,Agents d'entretien et travailleurs du bois,Tous les métiers mentionnés ci-dessus,d,4
1834,OIC-254-01-B,Quel est le résultat de la réalisation d'un test multi-allergénique ?,Une réponse quantitative (niveau d'IgE spécifique),Un résultat qui indique avec certitude si l'allergie existe ou non,"Une réponse qualitative (positif ou négatif) et attention, un test multi-allergénique positif ne veut pas dire allergie.",Un résultat qui nécessite une analyse complémentaire pour être interprété,c,4
1835,OIC-254-01-B-,Quelle est la durée de réalisation du test cutané pour les réactions retardées?,15 minutes,48 heures,Une semaine,Un mois,b,4
1836,OIC-254-02-B,Quels sont les éléments contenus dans la trousse d'urgence?,Antihistaminiques H1 et corticoïdes oraux,Bronchodilatateurs si antécédents de bronchospasme,L'adrénaline auto-injectable si histoire ou risque d'anaphylaxie,Tous les éléments ci-dessus,d,4
1837,OIC-254-02-B-,Quel est l'objectif du test de provocation conjonctival ?,Diagnostiquer une conjonctivite allergique dans les cas difficiles,Confirmer la présence d'une sensibilisation à un allergène,Évaluer la gravité des symptômes oculaires,Prévenir les réactions allergiques,a,4
1838,OIC-254-03-B-,Quelle est la cause principale d'hospitalisation en pédiatrie liée à l'allergie alimentaire?,L'anaphylaxie,Les réactions cutanées,La mortalité,Les complications respiratoires,a,4
1839,OIC-254-04-A,Quel est le pourcentage d'enfants asthmatiques en France ?,5%,10%,25%,50%,b,3
1840,OIC-254-04-A-,Quel est le type de test prescrit avant 1 an pour dépister les allergies alimentaires ?,Trophatop® enfant,fx5,Test multi-allergénique complet,Test IgE spécifique à l'œuf,b,4
1841,OIC-254-05-A,Quelle est l'évolution typique de l'urticaire?,Chronique avec des poussées évoluant toutes les semaines,Aigue et parfois chronique avec des poussées évoluant de façon quotidienne ou quasi-quotidienne pendant plus de 6 semaines d'affilée,Chronique sans poussées,Aigue sans évolution,b,4
1842,OIC-254-05-A-,Quel est le principal médiateur libéré par les mastocytes qui entraîne l'œdème dermique ?,Le bradykinine,La prostaglandine,L'histamine,Le leucotriène,c,4
1843,OIC-254-06-A,Quelle est la localisation la plus fréquente de l'œdème dans un urticaire profonde ?,"visage, extrémités et organes génitaux externes","dos, épaules et poitrine","jambe, genou et pied","main, coude et bras",a,4
1844,OIC-254-06-A-,Quelle est la raison de l'apparition des plaques oedémateuses dans l'urticaire?,Une infection bactérienne,Une réaction allergique à un allergène,Un manque d'hygiène cutanée,Un changement climatique,b,4
1845,OIC-254-07-A,Quel est le type d'urticaire qui n'est jamais secondaire à une anaphylaxie ?,Urticaire aigu,Urticaire chronique,Tous les types d'urticaire,Aucun type d'urticaire,b,4
1846,OIC-254-07-A-,Quels sont les signes qui doivent être évoqués pour un diagnostic d'anaphylaxie en cas d'urticaire alimentaire ?,Le délai entre l'ingestion de l'aliment et le début des signes est supérieur à 12 heures.,La résolution des symptômes se fait en plus de 24 heures.,"Il existe des manifestations associées témoignant de la sévérité, et la résolution des symptômes se fait en moins de 12 heures.",Le délai entre l'ingestion de l'aliment et le début des signes est supérieur à 24 heures.,c,4
1847,OIC-256-01-A,"En cas d'anaphylaxie associée à l'urticaire aiguë, quel est le traitement préféré ?",Administration de béta-2 mimétiques inhalés,Remplissage vasculaire,Oxygénothérapie si désaturation,Adrénaline par voie parentérale,d,4
1848,OIC-256-02-B,Quel est le mode évolutif de la dermatite atopique?,Elle évolue toujours par poussées d'aggravation hivernale.,La DA débute généralement après l'enfance et peut évoluer vers une forme sévère.,La DA débute le plus souvent dans les 12 premiers mois de vie et évolue habituellement par poussées d'aggravation hivernale.,Un début tardif à l'âge adulte est fréquent.,c,4
1849,OIC-256-03-B,Quel est le traitement d'urgence pour une surinfection herpétique ?,Dermocorticoïdes forts,Traitement anti-viral (aciclovir) par voie orale ou IV,Antibiotiques,Injections de stéroïdes,b,4
1850,OIC-256-03-B-,Quel est le choix d’un dermocorticoïde (DC) dépendant de quatre critères ?,"L’âge, la localisation des lésions, l’étendue à traiter et le caractère suintant des lésions.","La gravité de la dermatite atopique, les préférences du patient, le type de galénique et la quantité à appliquer.","Le sexe, l’âge, la localisation des lésions et le caractère suintant des lésions.","La gravité de la dermatite atopique, les préférences du patient, le type de galénique et la quantité à appliquer en fonction de l’âge du patient.",a,4
1851,OIC-256-04-B,Quelle est la durée approximative pour voir apparaitre l’eczéma de contact après le contact avec l’allergène chez un individu déjà sensibilisé ?,12 à 24h,24 à 48h,1 à 3 jours,plusieurs semaines,b,4
1852,OIC-256-04-B-,Quelle est la différence entre l'eczéma aigu et l'eczéma de contact allergique ?,L'eczéma aigu se développe sur le site d'application de l'allergène.,L'eczéma de contact allergique peut s'étendre progressivement sur le reste du corps.,L'eczéma aigu est plus grave que l'eczéma de contact allergique.,L'eczéma aigu se développe uniquement sur les paupières.,b,4
1853,OIC-256-05-A,Quelle caractéristique est visible dans la figure 4 ?,L'érythème se limite à la zone d'application de l'allergène.,Les vésicules sont présentes sur les zones d'application de l'allergène.,L'érythème déborde de la zone d'application de l'allergène.,Les œdèmes sont présents uniquement sur les zones d'application de l'allergène.,c,4
1854,OIC-256-05-A-,Quels sont les types d'allergènes qui nécessitent une exposition aux rayons ultraviolets UV pour provoquer un eczéma de contact ?,Les allergènes professionnels,Les photoallergènes,Les cosmétiques et les médicaments à application cutanée,Les produits alimentaires,b,4
1855,OIC-256-06-A,Quel est le résultat d'un test épicutané irritatif ?,Un eczéma de contact avec des vésicules et un érythème.,Un simple érythème qui disparait en quelques heures.,L'absence stricte d'érythème.,Une réaction allergique généralisée.,b,4
1856,OIC-256-06-A-,Quel est le but de l'application quotidienne de dermocorticoïde?,Lutter contre la desquamation cutanée,Eviter les récidives,Guérir l'eczéma en général une dizaine de jours,Prevenir le contact avec l'allergène,c,4
1857,OIC-256-07-B,Quels sont les symptômes de la rhinite allergique?,"Prurit, anosmie, rhinorrhée et éternuements","Dyspnée, sifflements et oppression thoracique","Toux, rhinite et éternuements","Fievre, maux de tête et douleurs abdominales",a,4
1858,OIC-256-07-B-,Quel est le risque pour un enfant de développer un asthme si les deux parents sont asthmatiques ?,25%,50%,75%,plus de 90%,c,4
1859,OIC-256-08-B,Quels sont les éléments qui participent à l'obstruction de la paroi bronchique et des voies aériennes supérieures ainsi qu'à l'hypersécrétion de mucus ?,Une hyperplasie des glandes muqueuses et un épaississement de la membrane basale,Une hyperperméabilité vasculaire provoquant un œdème de la muqueuse et une hyperréactivité bronchique,Une hyperplasie et hypertrophie des cellules musculaires lisses et un remodelage bronchique,Tous les éléments mentionnés dans le texte,d,4
1860,OIC-256-08-B-,Quels sont les arguments en faveur du caractère allergique de la rhinite ?,Association forte entre l'exposition à un allergène et la survenue des symptômes,Présence d'IgE spécifiques sans test cutané positif,Test cutané négatif avec présence d'IgE spécifiques,Absence de sensibilisation vis-à-vis de l'allergène,a,4
1861,OIC-256-09-B,Quel est le résultat attendu d'une EFR pour confirmer un diagnostic d'asthme?,"Trouble ventilatoire obstructif (VEMS/CV > 0,7) non réversible",Gain de moins de 200mL et <12% par rapport à la valeur initiale sur le VEMS,"Trouble ventilatoire obstructif (VEMS/CV < 0,7) réversible sous bronchodilatateurs",Une spirométrie normale est toujours un résultat normal,c,4
1862,OIC-256-09-B-,Quel est le type de prise en charge possible pour les asthmes professionnels et le syndrome d’irritation bronchique?,Traitement médical uniquement,Prise en charge en Maladie Professionnelle / Accident du travail,Chirurgie respiratoire,Réadaptation professionnelle,b,4
1863,OIC-256-10-B,Quels sont les allergènes présents dans l'atelier de boulanger ?,"Blé, acarien de farine, latex","Latex, aldéhydes, ammoniums","Persulfates, isocyanates, ammoniums","Blé, acarien de farine, persulfates",a,4
1864,OIC-256-10-B-,Quel est le critère pour déterminer si l'asthme est contrôlé?,Les symptômes d'asthme ne sont pas contrôlés,Il y a une obstruction bronchique : VEMS/CVF < 0.7 ou VEMS < 80%,Les exacerbations sont fréquentes et nécessitent plus de 2 cures de corticothérapie système l'année précédente,"Les symptômes d'asthme sont contrôlés, les exacerbations sont rares et il n'y a pas d'obstruction bronchique",d,4
1865,OIC-256-11-A-,Quels sont les signes qui indiquent une défaillance respiratoire chez un enfant ou un adulte souffrant d'une exacerbation d'asthme ?,"Parle avec des phrases courtes, FC > 120/min, SpO2 < 90% en air","Troubles de la conscience, bradycardie, collapsus, silence auscultatoire","Augmentation de la FR > 25/min, FC > 100/min, SpO2 < 95% en AA","Fievre élevée, nausées, vomissements",b,4
1866,OIC-257-01-A,Quels sont les signes radiologiques (RP) d'une distension thoracique?,Aplatissement des coupoles diaphragmatiques et horizontalisation des côtes sans hyperclarté des champs pulmonaires,Hyperinflation des poumons avec déplacement du milieu clair des poumons vers le haut,Horizontalisation des côtes sans aplatissement des coupoles diaphragmatiques et hyperclarté des champs pulmonaires,Hyperclarté des champs pulmonaires avec aplatissement des coupoles diaphragmatiques et horizontalisation des côtes,d,4
1867,OIC-257-02-B,Quels sont les tests immuno-allergiques utilisés?,Seuls les patch tests,Les prick-tests et le dosage des IgE spécifiques,Les i dr sans les prick-tests,Aucun test immuno-allergique n'est utilisé,b,4
1868,OIC-257-02-B-,Quelles sont les professions qui présentent un risque élevé d'asthme professionnel ?,"Les travailleurs de l'éducation, les infirmières et les médecins","Les ouvriers du bâtiment, les employés des industries chimiques et les agriculteurs","Les travailleurs de la santé, les enseignants et les professionnels de l'informatique","Les artistes, les musiciens et les écrivains",b,4
1869,OIC-257-03-B,Quel est le facteur de risque de décès par l'asthme?,ATCD d'exacerbation sévère ayant nécessité un passage en réanimation ou ayant nécessité une intubation et une ventilation mécanique,Hospitalisation ou visite aux urgences pour asthme dans l'année précédente,Prise actuelle ou arrêt récent d'une corticothérapie orale,Mauvaise observance thérapeutique : arrêt ou absence de corticostéroïdes inhalés (CSI),a,5
1870,OIC-257-03-B-,Quels sont les traitements médicamenteux utilisés pour la rhinite allergique?,Anti-histaminiques par voie orale uniquement,Rhino-corticoïdes uniquement,"Anti-histaminiques et corticoïdes, seuls ou en association",Aucun traitement médicamenteux n'est utilisé,c,4
1871,OIC-257-04-A,Quels sont les deux traitements qui doivent être prescrits en association pour l'asthme?,BDCA et BDLA,CSI et ALT,BDLA et anti-leucotriène,CSI et BDCA,d,4
1872,OIC-257-04-A-,Quel est l'objectif d'une éducation à la manipulation du dispositif d'inhalation?,Fournir des informations sur les effets secondaires des médicaments,Vérifier la technique de prise du traitement inhalé,Donner des conseils sur l'alimentation du patient,Expliquer les causes de l'asthme,b,4
1873,OIC-257-05-A,Quels sont les éléments à surveiller lors du traitement de fond de l'asthme ?,"L'évaluation de l'observance thérapeutique, la recherche d'effets secondaires et la technique de prise",La seule efficacité du traitement,Seulement l'évaluation systématique de la technique de prise,L'évaluation de l'observance thérapeutique uniquement,a,4
1874,OIC-257-05-A-,Quel est l'objectif de la corticothérapie dans le traitement d'une crise d'asthme ?,Réduire les symptômes,Éviter les complications,Améliorer la qualité de vie,Réduire l'inflammation et contrôler les symptômes,d,4
1875,OIC-257-06-A,Quels sont les compétences que le patient doit acquérir grâce à l'éducation thérapeutique?,Comprendre les mécanismes de sa maladie et connaître les signes de la perte de contrôle,Mesurer et interpréter son DEP et maîtriser l'utilisation des dispositifs d'inhalation,Connaître les mécanismes d'action et indications des traitements et mettre en place le plan d'action,Toutes les compétences mentionnées ci-dessus,d,4
1876,OIC-257-06-A-,Quelle est une mesure d’éviction allergénique pour les animaux domestiques ?,Les animaux doivent rester à l’intérieur et accéder à la chambre à coucher,Les animaux doivent rester à l’extérieur et ne pas accéder à la chambre à coucher,Utiliser des housses anti-acariens pour les couettes et oreillers,Privilégier une température ambiante supérieure à 20°C,b,4
1877,OIC-257-07-A,Quel est le résultat de l'asthme mal contrôlé?,Sédentarité,Absentéisme scolaire ou professionnel,Obésité,Diabète,b,4
1878,OIC-257-07-A-,Quelle est la durée minimale pendant laquelle la fièvre doit durer pour être considérée comme 'prolongée'?,2 semaines,3 jours,3 semaines,1 semaine,c,4
1879,OIC-260-01-A-,Quelles sont les principales causes non infectieuses de fièvre prolongée chez l'enfant ?,"Cancers, maladies inflammatoires ou auto-immunes, médicaments et causes diverses.","Maladies cardiaques, diabète, hypertension artérielle et obésité.","Affections neurologiques, troubles du sommeil, stress et anxiété.","Cancers, maladies inflammatoires ou auto-immunes, médicaments et causes diverses, notamment KAWASAKI.",d,4
1880,OIC-260-02-B,Quels sont les examens d'imagerie recommandés en deuxième intention ou selon le contexte clinique pour une fièvre prolongée ?,radiographie thoracique et échographie abdomino-pelvienne,tomodensitométrie (TDM) thoraco-abdomino-pelvienne avec injection,IRM cérébrale et TEP-TDM au 18FDG,"selon le contexte clinique, IRM cérébrale, TEP ou scintigraphie osseuse",d,4
1881,OIC-260-03-A,Quelle est la définition d'une urgence thérapeutique?,Fièvre et PNN < 1500/mm3,Fièvre et PNN < 500/mm3,PNN > 1500/mm3 et fièvre,PNN > 500/mm3 et absence de fièvre,b,4
1882,OIC-260-03-A-,Quel est le facteur de risque associé à la cryptococcose ?,VIH,"Neutropénie (PNN <0,5G/L) > 7 jours",Cathéter vasculaire central (nutrition parentérale),Insuffisance rénale,a,4
1883,OIC-260-04-B,Quels sont les signes de gravité à dépister rapidement lors d'un examen clinique ?,"Tension artérielle, fréquence respiratoire et température uniquement","HémoglocuTest, diurèse et score de Glasgow uniquement",Tous les signes mentionnés dans le texte,Auscultation pulmonaire et cardiaque seulement,c,4
1884,OIC-260-04-B-,"Quel type de déficit immunitaire est associé à une infection par Bactéries intracellulaires, Mycobactéries, Listeria, Salmonella ?","Déficit des phagocytes (PNN, macrophages)",Déficit de l’immunité cellulaire,Déficit de l’immunité humorale,Déficit en complément,b,4
1885,OIC-260-05-B-,"Chez un patient immunodéprimé, quelle est l'urgence de la recherche d'un agent infectieux?",La fièvre n'est pas une urgence et peut être ignorée,Il faut rechercher un agent infectieux fonction du déficit présenté par le patient,L'urgence dépend de la gravité des symptômes,La recherche d'un agent infectieux n'est pas nécessaire si les prélèvements microbiologiques sont négatifs,b,4
1886,OIC-260-06-B,Quels sont les principaux agents infectieux responsables d’infection en cas de déficit de l’immunité cellulaire ?,"Bactéries extra-cellulaires, particulièrement Streptocoque pneumoniae et Hemophilus Influenzae","Pneumocystis jirovecii, Toxoplasme, Aspergillus, Candida, Nocardia, BK (anti-TNF)","Bacilles Gram négatifs (enterobactéries, Pseudomonas aeruginosa), Staphylocoques en présence de cathéter, champignons (Aspergillus ou Candida) en cas de neutropénies profondes et prolongées.","Virus, bactéries extra-cellulaires, particulièrement Streptocoque pneumoniae et Hemophilus Influenzae",b,4
1887,OIC-260-07-A,Quel est le type d’antibiothérapie à débuter en urgence pour la neutropénie fébrile ?,Piperacilline/tazobactam ou céfépime,Amoxicilline/acide clavulanique + ciprofloxacine,Vancomycine seul,Aucun des précédents,a,4
1888,OIC-260-07-A-,Quel est l'un des vaccins recommandés pour un patient asplénique ?,Vaccin contre la grippe,Vaccin anti-méningococcique tétravalent ACYW135 et B,Vaccin contre la tuberculose,Vaccin anti-Haemophilus B,b,4
1889,OIC-260-08-A,Quel est le calendrier vaccinal recommandé pour un patient immunodéprimé ?,Vaccination anti-grippale tous les 5 ans,Vaccins du calendrier + vaccination anti-pneumococcique,Vaccination anti-VHB uniquement,Chez un patient immunodéprimé on doit s'assurer que le calendrier vaccinal est à jour,d,4
1890,OIC-260-09-A-,Quelle est la prévalence du HLA-B27 dans les populations caucasiennes ?,10 à 15 %,6 à 8 %,20 à 25 %,30 à 35%,b,4
1891,OIC-260-10-A,Qu'est-ce que l'enthésite ?,La lésion élémentaire des polyarthrites rhumatoïdes,"L'atteinte inflammatoire des enthèses (ou enthésites), axiales ou périphériques",Une douleur musculaire non inflammatoire,Un type de synovite,b,4
1892,OIC-260-11-A,Quels sont les signes extra-articulaires associés à l'entérocolopathie inflammatoire ?,Uvéite aiguë antérieure,Atteintes cardiaques très rares,Psoriasis inversé et unguéal,Maladie de Crohn ou rectocolite hémorragique,d,4
1893,OIC-260-12-A,Quel est le type de spondyloarthrite caractérisée par une atteinte du squelette axial pouvant conduire à une ankylose?,Rhumatisme psoriasique,Arthrites réactionnelles,Spondylarthrite ankylosante,Entérocolopathies inflammatoires chroniques,c,4
1894,OIC-260-13-B,Quels sont les syndesmophytes ?,Les tissus conjonctifs entre deux vertèbres,Des constructions osseuses fines et verticales entre deux vertèbres,Les muscles qui soutiennent le rachis,Les articulations entre les vertèbres,b,4
1895,OIC-261-01-A-,Quels sont les objectifs de la kinésithérapie dans le traitement de la spondyloarthrite ?,Réduire l'inflammation et l'adénopathie,"Maintenir la capacité à l'effort et la fonction, réduire le risque d'ankylose",Améliorer la mobilité et la flexibilité,Réduire les douleurs et les symptômes,b,4
1896,OIC-261-02-A,Quelles sont les complications propres de plus en plus exceptionnelles dans la spondyloarthrite?,"L'amylose AA, les dysplasies bulleuses kystiques des apex, la fibrose pulmonaire et le syndrome restrictif","Les complications cardiaques, l'atteinte osseuse avec ostéoporose et risque fracturaire, la dilatation du cul-de-sac dural","L'arthrite rhumatoïde, la polyarthrite rhumatoïde","La spondylolisthèse, l'ankylose rachidienne",a,4
1897,OIC-261-02-A-,Quel est le type de microcristal responsable du rhumatisme à pyrophosphate?,Cristaux d'acide urique,"Cristaux calciques, mais pas les cristaux de pyrophosphate de calcium",Cristaux de cholestérol,Cristaux de pyrophosphate de calcium,d,4
1898,OIC-261-03-B,Quel est le seuil de solubilité des urates ?,240 µmol/l ou 40 mg/l,360 µmol/l ou 60 mg/l,480 µmol/l ou 80 mg/l,600 µmol/l ou 100 mg/l,b,4
1899,OIC-261-04-A-,Quelle est la caractéristique de la calcification méniscale et cartilagineuse visible sur une radiographie du genou?,Elle est rare et ne se produit que chez les personnes âgées,Elle est souvent associée à des douleurs aiguës,Elle est visible sur une radiographie standard du genou,Elle est un signe précoce d'arthropathies microcristallines,d,4
1900,OIC-261-06-B,Quel est le délai de survenue des accès microcristallins articulaires ou péri-articulaires typiques ?,< 12 heures,< 24 heures,> 48 heures,Variable selon les individus,b,4
1901,OIC-261-07-B,Quelles sont les situations nécessitant un avis spécialisé ?,"Goutte précoce, goutte polyarticulaire et goutte tophacée",Goutte en contexte d'insuffisance rénale chronique ou cardiaque instable,Toutes les situations mentionnées précédemment,Seule la goutte précoce débutant avant l'âge de 35 ans,c,4
1902,OIC-261-08-A,Quelles manifestations peuvent survenir après plusieurs années chez un goutteux?,Des oligoarthrites ou des polyarthrites goutteuses ne sont pas possibles,"Les membres supérieurs, le rachis, la hanche et l'épaule peuvent être atteints",La goutte se limite toujours à une seule articulation,Seules les articulations du pied sont touchées,b,4
1903,OIC-261-09-B-,Quel est l'examen biologique qui peut être normale lors d'une attaque goutteuse?,créatininémie,estimation du débit de filtration glomérulaire (MDRD ou CKD-EPI),uricémie,hémogramme,c,4
1904,OIC-261-10-B-,Quel est le site d'une crise calcique apatitique ?,Articulation métatarsophalangienne (MTP) du gros orteil ou d'une autre articulation du pied,Genou ou poignet,"Épaule par tendinite calcifiante des muscles de la coiffe, ou la main avec de pseudo-phlegmons/abcès/cellulites récidivants des doigts ou des poignets",Torse et dos,c,4
1905,OIC-261-11-B,Quels sont les facteurs à prendre en compte pour le choix du traitement de la crise de goutte ?,Seul l'âge du patient,"Les comorbidités, antécédents d'intolérance médicamenteuse et interactions médicamenteuses potentielles",Le type d'articulations touchées,La gravité de la crise de goutte,b,4
1906,OIC-261-11-B-,Quel est l'objectif principal du traitement de la goutte ?,Réduire les crises de goutte,Abaisser l'uricémie pour dissoudre les dépôts de cristaux d'urate,Améliorer la qualité de vie du patient,Éliminer les symptômes de la goutte,b,4
1907,OIC-261-12-B,Qu'est-ce que les tophus peuvent indiquer ?,Une forme bénigne de la goutte.,Une arthropathie chronique avec douleurs mécaniques et crises inflammatoires.,Un traitement hypouricémiant efficace.,Une absence totale de comorbidités.,b,4
1908,OIC-261-12-B-,Quelles sont les deux principales affections associées aux dépôts de PPCa?,Hypertension artérielle et insuffisance cardiaque,Hémochromatose et hyperparathyroïdie primaire,Arthrose et arthropathies sèches,Maladie de Parkinson et sclérose en plaques,b,4
1909,OIC-261-13-B,Quel est le facteur à prendre en compte lors du traitement des accès aigus à cristaux de PPC ?,L'âge plus élevé des patients et les comorbidités souvent plus nombreuses et sévères,Les médicaments associés et le risque d'interactions,La présence de comorbidités mineures,L'absence totale de comorbidités,a,4
1910,OIC-261-13-B-,Quelle est la règle générale pour les injections cortisoniques locales dans le traitement d'un accès aigu à cristaux d'hydroxyapatite ?,En première intention,En seconde intention,En fonction des résultats de l'imagerie médicale,En fonction du niveau de douleur,b,4
1911,OIC-261-14-A,Quelle catégorie représente la majorité des donneurs potentiels?,Donneurs vivants,Donneurs décédés après arrêt circulatoire,Donneurs en état de mort apparente,Donneurs en état de mort encéphalique,d,4
1912,OIC-261-14-A-,Quels sont les exemples de greffes de cellules et de tissus ?,"Cellules souches hématopoïétiques, cornée, membranes amniotiques, os, tendons, ligaments, ménisques","Peau, valves cardiaques, artères et veines, foie, cœur","Rein, intestins, pancréas, poumons","Cœur, poumons, reins, foie, estomac",a,4
1913,OIC-261-16-B,Quel est le principe éthique qui stipule que la personne qui donne un organe ne doit pas recevoir de rémunération pour cela?,L'anonymat,Le consentement présumé,La gratuité du don,La confidentialité,c,4
1914,OIC-261-16-B-,Quels sont les caractères de la mort encéphalique ?,Présence de réflexes du tronc cérébral et respiration spontanée.,Absence de réflexes du tronc cérébral et absence de respiration spontanée.,Présence de réflexes du tronc cérébral sans absence de respiration spontanée.,Absence de réflexes du tronc cérébral avec présence de respiration spontanée.,b,4
1915,OIC-261-17-B,Quels sont les critères paracliniques pour le diagnostic de mort encéphalique?,2 électro-encéphalogrammes nuls et aréactifs pendant 30 minutes réalisés à 4 heures d'intervalle,Angiographie cérébrale objectivant l'arrêt de la circulation encéphalique,Tous les deux électro-encéphalogrammes nuls et aréactifs pendant 30 minutes réalisés à 4 heures d'intervalle ou bien angiographie cérébrale objectivant l'arrêt de la circulation encéphalique,Seul un électro-encéphalogramme nul et aréactif pendant 30 minutes réalisé à 4 heures d'intervalle,c,4
1916,OIC-261-17-B-,Quel est le mécanisme d'action des inhibiteurs de la calcineurine ?,Déplétion des lymphocytes T circulants,Inhibition du signal 2 (inhibition de la costimulation),Inhibition de l'activation lymphocytaire (signal 1 et signal 2),Par inhibition de l'action de l'IL-2 sur son récepteur,c,4
1917,OIC-261-18-B-,Quel est le registre national qui permet aux personnes de s'opposer au prélèvement d'organes?,Le registre des donneurs vivants,Le registre national des refus (RNR),Le registre des greffes,Le registre des transplantations,b,4
1918,OIC-263-01-A-,Quel est le type d’opacité qui doit faire évoquer un cancer du poumon jusqu’à preuve du contraire ?,Syndrome alvéolaire,Syndrome nodulaire,Syndrome interstitiel,Syndrome bronchique,b,4
1919,OIC-263-02-A,Quel est le traitement recommandé pour un volet costal?,Un traitement conservateur avec immobilisation thoracique,Une prise en charge de réanimation et parfois un traitement chirurgical,Une intervention chirurgicale immédiate,Aucun traitement spécifique,b,4
1920,OIC-263-02-A-,Quel type d'épanchement pleural est caractérisé par la présence de liquide et d'air dans la cavité pleurale ?,Empyème,Hémothorax,Hydropneumothorax,Pachypleurite,c,4
1921,OIC-263-04-B,Quel est le type de lésion élémentaire qui s'observe dans la fibrose pulmonaire idiopathique ?,Lignes septales,Réticulations intralobulaires,Rayon de miel,Micronodules péri-lymphatiques,c,4
1922,OIC-263-04-B-,Quel est l'examen de choix pour préciser la localisation d'une anomalie médiastinale et caractériser la lésion?,Radiographie de thorax,TDM thoracique,IRM médiastinale,Biopsie médicale,b,4
1923,OIC-263-05-B,Quel examen est indiqué pour préciser le siège de l'obstruction et sa nature?,Radiographie de profil,TDM thoracique,Biopsie pulmonaire,IRM thoracique,b,4
1924,OIC-263-05-B-,Quels sont les principaux « non-indications » de la radiographie thoracique en urgence ?,Tous les cas de douleur thoracique,"Suspicion de dissection aortique, embolie pulmonaire ou de rupture œsophagienne, traumatisme thoracique ou polytraumatisme : scanner avec injection en première intention",Seuls les cas d'infarctus du myocarde,"Les cas d'infection des voies aériennes hautes, bronchiolite de l'enfant non équivoque et non compliquée",d,4
1925,OIC-263-06-A,Quel signe radiologique du thymus montre une opacité triangulaire latéro-médiastinale droite avec un bord inférieur s'appuyant sur la scissure horizontale ?,Signe de la vague,Signe du raccordement,Signe de la voile,Signe du recouvrement hilaire,c,4
1926,OIC-263-06-A-,Quel est l'examen de deuxième intention pour identifier une image médiastinale anormale chez un enfant plus âgé ?,Echographie,Scanner,IRM,Radiographie thoracique,b,4
1927,OIC-263-08-B,Quel signe clinique est typiquement trouvé dans les cas d'insuffisance respiratoire chronique obstructive ?,Diminution de murmure cardiaque,Sibilants et ronchi,Dysfonction diaphragmatique,Déformation squelettique,b,4
1928,OIC-263-09-A,Quels sont les signes d'insuffisance cardiaque droite compliquant l'HTP ?,Souffle holosystolique d'insuffisance tricuspide et éclat de B2 au foyer pulmonaire,"Tachycardie, galop, turgescence jugulaire, reflux hépato-jugulaire, hépatomégalie, œdème des membres inférieurs, anasarque",Dyspnée d'effort et souffle diastolique d'insuffisance pulmonaire,Hépatomégalie et reflux hépato-jugulaire,b,4
1929,OIC-263-09-A-,Quel est l'exploration fonctionnelle qui permet d'orienter vers une IRC restrictive ?,"Spirométrie avec courbe débit-volume (TVO : VEMS/CV < 0,7)",Pléthysmographie (CPT < 80% des valeurs prédites),Gaz du sang,Pression maximale expiratoire,b,4
1930,OIC-263-10-B,Quel est l'examen fonctionnel qui permet d'orienter vers une IRC obstructive et restrictive?,La radiographie thoracique,L'électrocardiogramme (ECG),L'exploration fonctionnelle respiratoire (EFR),Le scanner à positons émission de tracé (SPECT),c,4
1931,OIC-263-10-B-,Quels sont les événements intercurrents à rechercher systématiquement dans un patient IRC?,"embolie pulmonaire, insuffisance ventriculaire gauche, pneumopathie infectieuse ou médicamenteuse, pneumothorax...","diabète sucré, hypertension artérielle, hyperlipidémie","asthme, rhume des foins, bronchite chronique","cancer, maladie d'Alzheimer, sclérose en plaques",a,4
1932,OIC-265-01-A-,Quelles sont les principales causes d'IRC liées à la pompe ventilatoire ?,Atteinte de la diffusion alvéolo-capillaire : pneumopathies infiltrantes diffuses,Maladies neuromusculaires,"Diminution de la compliance thoracique (déformations squelettiques, syndrome obésité-hypoventilation)","Atteinte de la commande ventilatoire (atteintes rares du tronc cérébrale, majora d’une atteinte respiratoire par les médicaments dépresseurs respiratoires)",b,4
1933,OIC-265-02-B,Quel est le stade dans lequel la BPCO peut entraîner une hypoventilation alvéolaire ?,Stade initial,Stade plus tardif,Stade terminal,Stade précoce,b,4
1934,OIC-265-03-B,Quel est le seuil de PaO2 pour bénéficier d'une exonération du ticket modérateur en cas d'IRC grave ?,PaO2 < 50 mmHg,PaO2 < 60 mmHg,Pas de seuil spécifique,PaO2 > 70 mmHg,b,4
1935,OIC-265-03-B-,Quel est l'objectif de la cible de saturation pour l'oxygénothérapie chez un malade hypercapnique?,88% < Saturation < 100%,88% < Saturation < 92%,Saturation > 95%,Saturation = 90%,b,4
1936,OIC-265-04-B,Quel est l'examen d'imagerie complémentaire qui peut être demandé en cas de suspicion de PID ?,La TDM thoracique n'est jamais utilisée dans le diagnostic de l'IRC,Une IRM thoracique,Une TDM thoracique,Une radiographie thoracique,c,4
1937,OIC-265-04-B-,Qu'est-ce qui caractérise les purpuras ?,elles s'effacent à la pression,elles sont liées à l'infection cutanée,elles sont séparées par un intervalle de peau saine,elles ne sont pas rouges ou violacées,c,4
1938,OIC-265-05-A,Quel est le type de purpura qui touche toutes les zones mais prédomine dans les zones déclives?,Purpura vasculaire par fragilité capillaire,Purpura thrombopénique,Purpura vasculaire des vascularites,Purpura thrombopénique avec atteinte muqueuse,b,4
1939,OIC-265-05-A-,Quel est le résultat possible d'un purpura 'fulminans' si pas traité à temps?,Récupération complète en quelques jours,Décès dans 20% des cas sous traitement,Aucun effet sur la santé,Infection bactériémique à méningocoque,b,4
1940,OIC-265-07-A-,Quel est l'examen biologique qui peut être obtenu en moins de 24 heures pour un purpura vasculaire ?,Cryoglobulinémie,Biopsie cutanée,Anticorps anti-cytoplasme des polynucléaires neutrophiles (ANCA),Électrolytes et urée,c,4
1941,OIC-265-08-A,Quelles sont les principales causes de purpura thrombopénique?,Défaut de production des plaquettes dans la moelle osseuse et Vascularites associés aux ANCA,"Immunologique, Consommation des plaquettes et Dysfonction plaquettaire",Fragilité capillaire et Hypercorticisme endogène ou iatrogène,Scorbut et Périartérite noueuse,b,4
1942,OIC-265-09-B,Qu'est-ce qui caractérise le syndrome mononucléosique?,Une présence de moins de 50% d'éléments mononucléés parmi les leucocytes,Une hyperlymphocytose avec ≥ 10% de lymphocytes activés sur le frottis sanguin,Une absence de lymphocytes activés sur le frottis sanguin,Une présence d'éléments mononucléés uniquement parmi les monocytes,b,4
1943,OIC-265-09-B-,Quel est le type de cellules présentes dans un frottis sanguin positif au syndrome mononucléosique?,Lymphocytes B,Cellules polymorphes (lymphocytes T activés),Globules rouges anormaux,Globules blancs normaux,b,4
1944,OIC-265-10-B,Qui a fourni l'illustration du frottis sanguin d'un syndrome mononucléosique?,"Le Docteur Karim MALOUM, Service d’hématologie, Hôpital de la Pitié-Salpêtrière",Un médecin inconnu,Une source en ligne non crédible,Une image générée par ordinateur,a,2
1945,OIC-265-11-A,Quel est le diagnostic de certitude pour la primo-infection à EBV ?,PCR EBV,Sérologie CMV,MNI test ± sérologies EBV,Sérologie toxoplasmose,c,4
1946,OIC-265-11-A-,Quels sont les médicaments fréquemment incriminés dans un syndrome mononucléosique causé par une réaction allergique médicamenteuse ?,"Antibiotiques, anti-convulsivants et allopurinol",Anti-inflammatoires non stéroïdiens et corticostéroïdes,Médicaments antihypertenseurs et diurétiques,Médicaments anti-asthmatiques et bronchodilatateurs,a,4
1947,OIC-265-12-B-,Quels sont les types de dyslipidémies en fonction de leur cause?,"Hyperlipidémie, hypercholestérolémie, hypertriglycéridémie","Hyperlipidémie primaires, secondaires et associées au diabète","Hypercholestérolémie pure, hypertriglycéridémie pure, hyperlipidémie mixte","Maladies, médicaments, syndrome métabolique",b,4
1948,OIC-265-13-B,Quel est le lien entre la diminution du taux de LDL-cholestérol et les risques cardiovasculaires?,Pas de lien démontré,Lien faible,Réduction significative du risque d'accidents cardiovasculaires,Augmentation des risques cardiovasculaires,c,4
1949,OIC-265-14-A-,Quels sont les signes cliniques parfois observés dans les hypertriglycéridémies sévères ?,"xanthomes tendineux, xanthélasma et arc cornéen",xanthomatose éruptive et lipémie rétinienne,hypertension artérielle et diabète,asthme et eczéma,b,4
1950,OIC-267-01-A,Quels sont les exemples de maladies rénales qui peuvent causer des hyperlipidémies secondaires ?,"Syndrome néphrotique, glomérulopathie et insuffisance cardiaque","Diabète, hypertension artérielle et maladie de Crohn","Syndrome néphrotique, glomérulopathie et maladie rénale chronique","Insuffisance cardiaque, maladie pulmonaire obstructive chronique et hypertension artérielle",c,4
1951,OIC-267-01-A-,Quel est le but du bilan biologique à la recherche d'une hyperlipidémie secondaire ?,Diagnostiquer une maladie spécifique.,Identifier les causes sous-jacentes de l'hyperlipidémie.,Mesurer les niveaux de lipides dans le sang.,Prévenir les complications cardiovasculaires.,b,4
1952,OIC-267-03-A,Quelle est la fréquence de l'AOMI au-delà de 70 ans?,10%,15%,20%,25%,c,4
1953,OIC-267-03-A-,Quel est le pronostic de l'AOMI?,conditionné par les complications cardiaques et cérébro-vasculaires,influencé par la prévention des maladies cardiovasculaires,déterminé par la gravité de l'athérome,indépendant des facteurs de risque,a,4
1954,OIC-267-04-A-,Quel est le critère pour porter le diagnostic d'ischémie permanente chronique ?,Pression de cheville < 40 mmHg,Pression d'orteil < 25 mmHg,TcPO2 < 35 mmHg,Pression de cheville < 50 mmHg et pression d'orteil < 30 mmHg,d,4
1955,OIC-267-06-B,Quelle est la définition de l'ischémie aiguë complète ?,Absence de douleur intense,Présence d'une atteinte sensitivo-motrice,Douleur mal calmée par les antalgiques classiques,Impotence fonctionnelle du membre,b,4
1956,OIC-267-06-B-,Quel est le début des symptômes dans un cas d'embolie ?,Progressif,Brutal,Variable,Inconnu,b,4
1957,OIC-267-07-A,Quelle est la méthode chirurgicale de référence pour l'embolectomie à la sonde de Fogarty ?,Embolectomie à la sonde de Fogarty,Revascularisation par angioplastie,Thrombolyse in situ,Pontage,a,4
1958,OIC-267-07-A-,Quel est le risque évolutif principal de l'anévrisme d'artère poplitée ?,Rupture de l'anévrisme,Ischémie du membre inférieur par embolies itératives à bas bruit ou thrombose de l'anévrisme,Compression locale des veines et nerfs,Infection de l'anévrisme,b,4
1959,OIC-267-08-B,Qui doit être dépisté pour un anévrisme de l'aorte abdominale ?,Seuls les hommes âgés de 60 à 85 ans,Les femmes âgées de 50 à 60 ans sans antécédents familiaux,"Tous les artériopathes, les hommes et les femmes de plus de 50 ans avec des antécédents familiaux d'anévrisme aortique",Seuls les patients ayant une maladie de Marfan,c,4
1960,OIC-267-08-B-,Quel est le diagnostic porté lorsqu'un anévrisme aortique (AAA) se rompt ?,Une gangue inflammatoire autour de l'anévrisme,Une occlusion artérielle aiguë de membre inférieur par migration d'un embole fibrino-cruorique,"Urgence vitale, douleur abdominale ou lombaire et choc hémorragique",Une compression des organes de voisinage,c,4
1961,OIC-267-09-B,Quelle est l'examen pré-thérapeutique de référence pour les AAA ?,IRM,Echographie abdominale,TDM thoraco-abdomino-pelvienne,Artériographie,c,4
1962,OIC-267-10-B,Quel est le taux de mortalité global pour les anévrysmes rompus ?,< 20%,> 80%,30%,50%,b,4
1963,OIC-267-11-A,Quel est le diagnostic précoce indispensable pour l'ischémie intestinale aiguë ?,Douleur abdominale chronique,Souffle abdominal inconstant,Diarrhées et vomissements,Douleur abdominale aigue survenant chez un patient à risque,d,4
1964,OIC-267-11-A-,Quelle est la définition d'une embolie pulmonaire (EP) ?,Obstruction totale de l'artère veineuse,Embolie d'un thrombus veineux au niveau des artères pulmonaires,Obstruction partielle ou totale par un thrombus endoluminal dans tout l'arbre veineux,Détérioration de la fonction hémodynamique due à une TVP,b,4
1965,OIC-267-12-B-,Quelles sont les causes de l',hypercoagulabilité,stase veineuse,lésions de la paroi veineuse,toutes les précédentes,d,5
1966,OIC-267-13-A,Quels sont les scores utilisés pour évaluer la probabilité clinique d'une EP ?,score de Wells TVP et score de Genève,"scores de Wells TVP, Wells EP et Genève",scores de Wells EP et Genève uniquement,aucun des scores mentionnés,b,4
1967,OIC-267-13-A-,Quel est l'examen diagnostique de référence pour une EP à haut risque de mortalité (EP grave) ?,Echographie cardiaque trans-thoracique au lit du patient,Angioscanner thoracique,IRM thoracique,Tomodensitométrie thoracique,b,4
1968,OIC-267-14-A,Quelle est la signification des D-dimères inférieurs au seuil diagnostique ?,diagnostic de TVP ou EP confirmé,probabilité clinique forte,élimination du diagnostic de TVP ou EP si probabilité clinique non forte,seuil ajusté à l'âge,c,4
1969,OIC-267-15-A-,Quels sont les critères pour une prise en charge ambulatoire d'une EP?,Score sPESI = 0 et absence de retentissement cardiaque,Age > 80 ans et hypertension artérielle,Fever et douleur abdominale,Toux et fatigue,a,4
1970,OIC-267-16-B,Quel est le schéma de traitement recommandé pour les patients avec cancer ?,"Anticoagulants oraux directs (AODs) (Rivaroxaban, Apixaban)",Héparine non fractionnée (HNF),HBPM sans relais AVK,Fondaparinux,c,4
1971,OIC-267-16-B-,Quelle est la contre-indication principale pour le port d'une compression élastique en cas de TVP des membres inférieurs ?,"Index de pression systolique à la cheville > 0,80","Index de pression systolique à la cheville < 0,60",Présence d'une maladie cardiaque,Âge supérieur à 70 ans,b,4
1972,OIC-267-17-A,"Quel type de contraception est généralement proposé en remplacement pour les femmes ayant un antécédent de MTEV (TVP, EP)?",Les contraceptions à base d'œstrogènes.,Une pilule micro-progestative ou un dispositif intra-utérin.,Les méthodes de contraception naturelles.,Les implants sous-cutanés.,b,4
1973,OIC-267-17-A-,Quels sont les moyens de prévention de la MVTE ?,Seuls les moyens physiques,"Les moyens physiques, mécaniques et médicamenteux",Les moyens mécaniques et physiques,Aucun moyen de prévention n'est nécessaire,b,4
1974,OIC-267-18-A,Quel est le critère pour déterminer la durée de traitement anticoagulant en cas de TVP proximale ou d’embolie pulmonaire ?,La présence de facteurs favorisants transitoires forts,Le type de thrombose veineuse profonde (TVP),Le rapport bénéfice/risque entre récidive thrombo-embolique et hémorragie,La présence d'un cancer,c,4
1975,OIC-267-18-A-,"Quel est le recommandé en cas d'absence d'orientation clinique pour un patient avec une MTEV (TVP, EP) ?",Réaliser des examens supplémentaires systématiquement,Se limiter à l'examen biologique de routine,Ne rien faire en attendant une récidive,Réaliser d'autres examens uniquement en cas de MVTE récidivante,d,4
1976,OIC-267-19-A,Quel est le score utilisé pour évaluer la sévérité du syndrome post-thrombotique (SPT) ?,Score de Villalta,Score de Hachinski,Score de Framingham,Score de Charlson,a,4
1977,OIC-267-19-A-,Quel type d'examen doit être réalisé en premier lieu pour dépister une hypertension pulmonaire post-embolique (HTP) ?,Tomodensitométrie,Échographie cardiaque transthoracique couplée au Doppler,Angiographie pulmonaire,Biopsie pulmonaire,b,4
1978,OIC-267-20-A,Quel est le traitement recommandé pour une TVS étendue au réseau veineux profond?,Compression élastique seule,Traitement anticoagulant à dose prophylactique,Traitement anticoagulant à dose thérapeutique (curative),Traitement des varices,c,4
1979,OIC-267-20-A-,Qu'est-ce que les varices ?,"Un dysfonctionnement du système veineux profond et/ou superficiel, résultant d'une incontinence valvulaire",Une dilatation permanente d'une ou de plusieurs veines superficielles des membres inférieurs de plus de 3 mm de diamètre en orthostatisme,Un dysfonctionnement du système circulatoire profond et/ou superficiel,Une maladie du système nerveux profond et/ou superficiel,b,4
1980,OIC-267-21-A,Quel est le réseau veineux qui draine 90 % du sang veineux des membres inférieurs ?,Réseau veineux superficiel,Réseau veineux profond,Réseau veineux perforant,Réseau veineux saphène,b,4
1981,OIC-267-21-A-,Quel est le score de Villalta pour un SPT sévère ?,5-9,10-14,15 ou ulcère présent,Score ≤ 4,c,4
1982,OIC-267-22-A,Quel est le type de varices qui se développe aux dépens des veines grande saphène et petite saphène?,Les varices non systématisées,Les varices systèmeatisées,Les varices profondes,Les varices pelviennes,b,4
1983,OIC-267-22-A-,Quel est le facteur majeur favorisant l'insuffisance veineuse chronique et les varices ?,"Le mode de vie actif, la jeunesse, le sexe masculin.","L'hérédité, le mode de vie sédentaire, l'âge, le sexe féminin.","La maladie cardiaque, les grossesses multiples, la prise de médicaments.","Le surpoids, l'exposition à la chaleur, l'orthostatisme prolongé, la constipation chronique.",b,4
1984,OIC-267-23-A-,Quels sont les signes cutanés de l'IVC ?,varicosités ou télangiectasies,rougeurs cutanées,dermite pigmentée,taches bronzées,a,4
1985,OIC-267-24-B,Quel est l'aspect de surface d'un ulcère veineux?,Profond et creusant,Exsudatif et fibrineux,Fongeux,Suppuré,b,4
1986,OIC-267-24-B-,Quel est l'objectif de la réalisation d'un écho-doppler veineux en position debout ?,Rechercher les signes fonctionnels,Confirmer le diagnostic et rechercher un reflux concernant le réseau veineux profond et superficiel,Mesurer la pression d'orteil,Effectuer l'examen clinique bilatéral et comparatif,b,4
1987,OIC-267-25-A,Quels sont les dispositifs de compression élastique utilisés pour traiter l'IVC ?,"Bas-jarret, bas-cuisse et collant",Bandages multitypes en première intention,Chaussettes uniquement,Bas auto-fixants uniquement,a,4
1988,OIC-267-26-A,Quelles sont les complications des abords veineux périphériques et centraux?,"Infectieuses, thrombotiques, mécaniques, hémorragiques, emboliques (dont gazeuse)","Cardiaques, rénales, hépatiques","Oculaires, auditifs, articulaires","Digestives, musculaires, cutanées",a,4
1989,OIC-267-26-A-,Quel est le but de la vidéo sur la technique d'insertion d'une voie veineuse périphérique?,Montrer comment faire un pansement,Expliquer les complications possibles,Faire comprendre la technique d'insertion d'une VVP,Présenter les différents types de cathéters,c,4
1990,OIC-267-27-A,Quels sont les types de complications thrombotiques associées aux cathéters?,Manchon fibreux autour du cathéter uniquement,Thrombose murale uniquement,Les deux types : manchon fibreux et thrombose murale,Aucun type de complication thrombotique,c,4
1991,OIC-267-27-A-,Quel est le risque spécifique lors du retrait d'une voie veineuse centrale dans le territoire cave supérieur?,Risque de thrombose,Risque d'hématome,Risque d'embolie gazeuse lorsqu'il est effectué en position debout,Risque d'embolie gazeuse lorsqu'il est effectué en position allongée et que le patient expire,d,4
1992,OIC-267-28-A,Quel est l'objectif de la vidéo sur la pose d'une VVC ?,Expliquer les complications possibles de la pose d'une VVC,Montrer comment poser une VVC sans aucune précaution,Faire comprendre les conditions d'insertion d'une voie veineuse centrale,Présenter les différents types de voies veineuses centrales disponibles,c,4
1993,OIC-267-29-A,Quelles sont les caractéristiques variables d'une douleur thoracique aiguë?,"Intensité, localisation, durée et facteur déclenchant ou soulageant","Localisation, irradiation, fréquence et facteur déclenchant ou soulageant","Intensité, localisation, irradiation et fréquence","Durée, facteur déclenchant ou soulageant, intensité et localisation",a,4
1994,OIC-267-30-B,Quels sont les signes de gravité hémodynamiques qui imposent des décisions thérapeutiques immédiates ?,Polypnée (>30/min) ou bradypnée (<10/min ou pauses respiratoires),"Cyanose, sueurs, désaturation <90%, tirage respiratoire","Troubles de conscience, confusion, agitation","Hypotension artérielle, signes de chocs : marbrures, extrémités froides, oligurie",d,4
1995,OIC-267-30-B-,Quel est le moyen mnémotechnique pour rappeler les 4 urgences cardio-vasculaires pouvant entraîner une douleur thoracique ?,"PIED (Péricardite, Infarctus, Embolie, Dissection)","DIPE (Dissection, Infarctus, Péricardite, Embolie)","EPID (Embole, Péricardite, Infarctus, Dissection)","PIDE (Péricardite, Infarctus, Dissection, Embolie)",a,4
1996,OIC-267-31-A,Quels sont les signes physiques de la dissection aortique ?,Asymétrie tensionnelle (différence < 10 mmHg),"Abolition d'un ou plusieurs pouls (radial, fémoral, poplité)",Souffle d'insuffisance aortique,Tous les signes mentionnés ci-dessus,d,4
1997,OIC-267-31-A-,Quels sont les éléments à rechercher lors de l'examen clinique pour diagnostiquer une urgence cardiovasculaire ?,"Anomalies à l'auscultation cardio-pulmonaire, pression artérielle et turgescence jugulaire",Seules les anomalies à l'auscultation cardio-pulmonaire,Seule la pression artérielle,Aucun des éléments ci-dessus,a,4
1998,OIC-267-32-A,Quel est le caractère électrocardiographique principal de la péricardite avec tamponnade ?,sous-décalage du PQ puis évolution vers une négativation diffuse des ondes T,"sus-décalage diffus (non systématisé à un territoire coronaire) et concave vers le haut du segment ST, sans miroir, sans onde Q",tachycardie sinusale (>100/min),négativation des ondes T,b,4
1999,OIC-267-32-A-,Quelle est l'anomalie radiographique associée à la dissection aortique ?,"Élargissement du médiastin, double contour aortique","Hyperclarté pulmonaire, ascension d’une coupole diaphragmatique",Cardiomégalie avec cœur en carafe,Atelectasies en bandes,a,4
2000,OIC-267-33-A,Quel est l'intérêt des D-dimères en cas d'urgence cardio-vasculaire ?,Confirmer le diagnostic de SCA,Éliminer la dissection aortique si normaux,Diagnostiquer une péricardite,Déterminer l'origine du syndrome inflammatoire,b,4
2001,OIC-267-34-A-,Quelles sont les principales causes d'angor fonctionnel ?,rétrécissement aortique serré,cardiomyopathie hypertrophique,tachycardies (fibrillation atriale),anémie et hyperthyroïdie,d,4
2002,OIC-267-35-B-,Quel est un exemple de cause extra-thoracique de douleur thoracique ?,pancréatite,cholécystite,ulcère gastro-duodénal,reflux gastro-oesophagien,a,4
2003,OIC-267-36-A,Quelle est la définition du rétrécissement aortique (RA)?,Dysfonctionnement de la valve mitrale avec limitation d'ouverture en diastole ayant pour conséquence un obstacle à l'écoulement du sang de l'oreillette gauche vers le ventricule gauche au moment du remplissage cardiaque.,Dysfonctionnement de la valve aortique avec limitation d'ouverture ayant pour conséquence un obstacle à l'éjection systolique du ventricule gauche.,Dysfonctionnement de la valve mitrale avec défaut de fermeture en diastole ayant pour conséquence une régurgitation de sang de l'aorte vers le ventricule gauche en diastole.,Dysfonctionnement de la valve aortique avec limitation d'ouverture ayant pour conséquence un obstacle à l'éjection systolique du ventricule gauche.,b,4
2004,OIC-267-36-A-,Quelles sont les conséquences physiopathologiques de l'Insuffisance Mitrale (IM) aiguë ?,Augmentation brutale de la précharge et des pressions de l’OG avec œdème pulmonaire,Dilatation VG et hyperkinésie VG,Diminution de la post-charge du fait de l’éjection systolique dans l’OG,Apparition tardive de l’HTAP et des signes cliniques,a,4
2005,OIC-267-37-B-,Quel est le souffle caractéristique de l'insuffisance aortique ?,"souffle protodiastolique, doux, aspiratif","souffle râpeux, méso-systolique",souffle holosystolique si sévère,galop protodiastolique en cas d'IM importante et éclat du B2,a,4
2006,OIC-267-38-A,Quel est le résultat ECG le plus fréquent dans les valvulopathies mitrales ?,Hypertrophie de l'OG,Fibrillation atriale,BAV,Hypertrophie ventriculaire droite,b,4
2007,OIC-267-38-A-,Quel est l'un des buts de l'échographie dans l'évaluation des valvulopathies?,Déterminer la cause d'une douleur thoracique,Confirmer le diagnostic et apprécier la sévérité de la valvulopathie,Rechercher une infection respiratoire,Effectuer un examen cardiaque complet,b,4
2008,OIC-267-39-A,Quelles sont les complications possibles d’un rétrécissement aortique ?,Insuffisance cardiaque et troubles du rythme,"Troubles de la conduction, troubles du rythme et mort subite",Endocardite infectieuse et embol calcaire,Toutes les options précédentes,d,5
2009,OIC-267-39-A-,Quel est le traitement recommandé pour l'insuffisance mitrale ?,Remplacement valvulaire aortique prothèse mécanique ou biologique (> 65 ans),Plastie mitrale en première intention si faisable,Commissurotomie chirurgicale à cœur fermé ou ouvert (post-rhumatismale),Remplacement de l’aorte ascendante : Intervention de Bentall associant remplacement valvulaire et de l’aorte ascendante dans un tube valvé avec réimplantation des coronaires,b,4
2010,OIC-267-40-A,Quel est le traitement percutané recommandé pour le rétrécissement aortique ?,Implantation d'une bioprothèse aortique par voie percutanée (TAVI),Valvuloplastie aortique au ballon,Mitraclip,Commissurotomie percutanée,a,4
2011,OIC-270-01-A-,Quel est l'un des traitements pharmacologiques recommandés pour les patients atteints de Marfan ou de dilatation de l'aorte ascendante ?,Diurétiques uniquement,Bétabloquants ou ARA 2 (Losartan),IEC/ARA 2 uniquement,Aucun traitement pharmacologique,b,4
2012,OIC-270-02-A,Quel est le pourcentage de personnes atteintes d'insuffisance cardiaque avec une fonction excrétion (FE) préservée et des comorbidités en rapport avec le vieillissement cardiovasculaire ?,20%,30%,50%,70%,c,4
2013,OIC-270-02-A-,Quel type d'insuffisance cardiaque est provoqué par une défaillance du remplissage du ventricule gauche ?,L'insuffisance cardiaque à fraction d'éjection réduite (FEVG ≤40%),L'insuffisance cardiaque systolique ou à fraction d'éjection légèrement réduite entre 41 et 49%,L'insuffisance cardiaque diastolique ou à fraction d'éjection préservée FEVG ≥50%,Tous les types d'IC,c,4
2014,OIC-270-03-A,Quel est le tableau clinique de l'œdème aigu pulmonaire (OAP) cardiogénique?,Fever et douleur abdominale,"Dyspnée avec orthopnée, expectoration mousseuse, anxiété et agitation, sueurs, cyanose périphérique, râles crépitants à auscultation pulmonaire",Perte de poids et fatigue,Douleur thoracique et toux sèche,b,4
2015,OIC-270-03-A-,Quel est le premier signe clinique habituel du choc cardiogénique?,Un débit urinaire > 30mL/h,Une pression artérielle systolique < 90 mmHg,Des extrémités chaudes,"Un index cardiaque > 2,2 l/min/m²",b,4
2016,OIC-270-04-A,Quel est le résultat à long terme du remodelage ventriculaire dans l’IC ?,Augmentation de l’inotropie ou du volume d’éjection cardiaque,Altération de la géométrie et de la fonction ventriculaire,Activation neurohormonale,Fibrose interstitielle,b,4
2017,OIC-270-04-A-,Quelle est la caractéristique de la pression capillaire pulmonaire dans l'œdème lésionnel ?,augmentée > 18mmHg,normale ou basse < 18mmHg,variable selon les cas,inconnue,b,4
2018,OIC-270-05-A-,Quel est le type d'insuffisance cardiaque caractérisée par une fraction d'éjection (FE) comprise entre 41 et 49 %?,IC à FEVG diminuée,IC à FEVG conservée,IC à FEVG modérément altérée,IC à FEVG très altérée,c,4
2019,OIC-270-06-A,Quel est le stade de l'échelle NYHA où les symptômes apparaissent aux efforts importants et réduisent modérément l'activité physique?,Stade I,Stade II,Stade III,Stade IV,b,4
2020,OIC-270-07-B,Quel examen complémentaire est surtout indiqué en cas de douleur thoracique et modifications ECG ?,Bilan sanguin,Gaz du sang artériel,Troponine,Echographie cardiaque,c,4
2021,OIC-270-07-B-,Quel est le traitement qui entraine une hausse des concentrations en BNP mais pas en NT-proBNP ?,Sacubitril-Valsartan (Entresto®),Furosemide et spironolactone,Digoxine et amiodarone,Bisoprolol et enalapril,a,4
2022,OIC-283-01-B,Quels sont les paramètres mesurés lors d'une échocardiographie transthoracique?,"Géométrie et fonction segmentaire et globale du ventricule gauche, mesure de la valeur de la FEVG",Recherche de valvulopathies,Evaluation de la géométrie et de la fonction du ventricule droit,Mesure des pressions pulmonaires uniquement,a,4
2023,OIC-283-01-B-,Quel est le rapport cardiothoracique (RCT) dans un cas de stase pulmonaire avec Syndrome alvéolo-interstitiel ?,"< 0,5",> 1,"0,5","> 0,5",d,4
2024,OIC-283-02-A,Quel est le résultat attendu d'une radiographie thoracique dans un patient âgé présentant une insuffisance cardiaque?,Une image normale,Un signe d'œdème aigu du poumon,Une augmentation de la taille des poumons,Une diminution de la taille des poumons,b,4
2025,OIC-283-03-B-,Quel est le traitement recommandé en cas de non-réponse ?,Ventilation par CPAP,Intubation nasotrachéale et ventilation invasive,Traitement bêtabloquant à introduire immédiatement,Hospitalisation en unité de soins continu,b,4
2026,OIC-283-04-B,Quel est l'objectif principal de la promotion de l'activité physique dans le traitement de l'insuffisance cardiaque ?,Encourager les efforts physiques importants pour améliorer la santé cardiaque.,Poursuivre une activité professionnelle évitant les efforts physiques importants.,Exercer régulièrement et prolongément sans essoufflement pour améliorer la santé cardiaque.,"Ne pas faire d'exercice physique, car cela peut aggraver l'insuffisance cardiaque.",c,4
2027,OIC-283-04-B-,Quels sont les principes de base pour la réadaptation cardiovasculaire ?,"Réentraînement physique, Optimisation thérapeutique, Education thérapeutique","Exercice physique, se Peser régulièrement, Observance du traitement et du suivi, et Ne pas trop saler","Essoufflement, Prise de poids, Œdèmes, Fatigue",Réadaptation cardiovasculaire est l'ensemble des activités nécessaires pour influencer favorablement le processus évolutif de la maladie,a,4
2028,OIC-283-05-A,Quel est le taux de mortalité à cinq ans pour un patient atteint d'insuffisance cardiaque ?,10 %,20 %,50 %,80 %,c,4
2029,OIC-283-05-A-,Quels sont les critères hémodynamiques d'un choc cardiogénique?,"pression artérielle systolique > 90 mmHg, débit cardiaque > 2,2 L/min/m2, PAPO < 15 mm Hg","pression artérielle systolique < 90 mmHg, débit cardiaque < 2,2 L/min/m2, PAPO > 15 mm Hg","pression artérielle systolique > 90 mmHg, débit cardiaque < 2,2 L/min/m2, PAPO < 15 mm Hg","pression artérielle systolique < 90 mmHg, débit cardiaque > 2,2 L/min/m2, PAPO > 15 mm Hg",b,4
2030,OIC-283-06-B-,Qu'est-ce qui accompagne une péricardite aiguë?,Un épanchement péricardique chronique uniquement,Un épanchement péricardique ou non (péricardite sèche),Une élévation de la troponine sans myo-péricardite,Une inflammation chronique des feuillets du péricarde uniquement,b,4
2031,OIC-283-07-A,Quels sont les critères nécessaires pour confirmer le diagnostic d'une péricardite aiguë?,Douleur thoracique évocatrice ou épanchement péricardique,Frottement péricardique ou modifications ECG typiques,"Douleur thoracique, frottement péricardique et épanchement pleural","Douleur thoracique évocatrice, frottement péricardique et modifications ECG typiques",d,4
2032,OIC-283-08-B,Quel est le marqueur de la nécrose myocardique à rechercher systématiquement ?,NFS,CRP,Troponine,Ionogramme sanguin,c,4
2033,OIC-283-08-B-,Quelle est la méthode de ponction péricardique préférée en cas de patient instable ?,Ponction sous sternale à l'aiguille écho-guidée,Ponction sous sternale sans échographie,Ponction thoracoscopique,Ponction abdominale,a,4
2034,OIC-283-09-B-,Quel est l'aspect de la courbe ECG dans une péricardite aiguë?,Systématisé,"Diffus, non systématisé",Convexe vers le haut,Non concave vers le haut,b,4
2035,OIC-284-01-A,Quel est le critère pour considérer une hospitalisation en cas de péricardite aiguë ?,"Fièvre >37,5°C, symptômes présents depuis plusieurs jours, patient immunocompetent","Épanchement péricardique modéré, résistance au traitement anti-inflammatoire","Myocardite associée, épanchement péricardique abondant (>20mm)","Fièvre >38°C, symptômes présents depuis plusieurs semaines, patient immunodéprimé, patient sous anticoagulant oral, après un traumatisme thoracique",d,4
2036,OIC-284-01-A-,Quel est le résultat de la plupart des tests virologiques dans les cas simples de péricardite aiguë ?,positif,négatif,indéterminé,en attente,b,4
2037,OIC-284-02-A,Quel est le tableau classique du syndrome de Dressler?,"Fièvre, pleurésie, arthralgies, AEG, syndrome inflammatoire important",Effusion hémopérique,Rupture myocardique,Infection bactérienne,a,4
2038,OIC-284-02-A-,Quel est le traitement de la péricardite bactérienne ?,antibiothérapie adaptée au germe retrouvé dans le liquide péricardique lors de la ponction péricardique,corticoïdes,drainage chirurgical souvent nécessaire,traitement antituberculeux,a,4
2039,OIC-284-03-B,Quel est l'effet de la colchicine dans le traitement d'une péricardite aiguë bénigne ?,Augmente les risques de récidives,Diminue les risques de récidives,Aucun effet sur les symptômes,Augmente la douleur,b,4
2040,OIC-284-03-B-,Quel est le diagnostic de la myocardite ?,élévation de la troponine,diagnostic à l'IRM cardiaque (rehaussement sous épicardique),risque d'insuffisance cardiaque et de troubles du rythme ventriculaires,tous les éléments ci-dessus,d,4
2041,OIC-284-04-A,Quel diagnostic doit être évoqué en cas de péricardite virale ?,Diagnostic d'inclusion,Diagnostic d'exclusion,Diagnostic précoce,Diagnostic tardif,b,2
2042,OIC-284-04-A-,Quel est le résultat de l'ECG dans une tamponnade cardiaque ?,Microvoltage et alternance électrique,Bruit du cœur assourdi,Pouls paradoxal,Tachycardie,a,4
2043,OIC-284-05-A,Où les palpitations peuvent-elles être ressenties ?,Seulement dans la poitrine,"Dans le cou, le long des axes carotides",Dans les jambes ou les bras,Partout sur le corps,b,4
2044,OIC-284-06-B,Quel type d'enregistrement ECG est réalisé en cas de palpitations fréquentes (>1/semaine)?,ECG intercritique,Holter ECG,ECG ambulatoire de longue durée,Enregistrement dans les conditions habituelles de survenue des palpitations,b,4
2045,OIC-284-07-B-,Quelle est la caractéristique principale de la tachycardie sinusale ?,Elle est toujours isolée et inappropriée,Elle est le plus souvent réactionnelle ou adaptative,Elle est causée uniquement par des problèmes cardiaques,Elle n'est jamais associée à d'autres symptômes,b,4
2046,OIC-284-08-A,Quel est le type de tachycardie régulière retrouvé en per critique ?,tachycardie régulière à QRS larges,tachycardie régulière à QRS fins avec activité atriale rétrograde,tachycardie régulière à QRS larges avec activité atriale rétrograde,tachycardie régulière à QRS fins sans activité atriale rétrograde,b,4
2047,OIC-288-01-A,Quels sont les signes qui doivent être évoqués pour faire le diagnostic de névrose cardiaque ?,"Douleur abdominale, fièvre",Humeur triste/douleur morale ou anxiété,"Tachycardie, hypertension artérielle","Épuisement, perte d'appétit",b,4
2048,OIC-288-01-A-,Quelle est l'acrocyanose?,"acrosyndrome vasculaire paroxystique avec vasoconstriction, déclenché par l’exposition au froid","acrosyndrome trophique, siégeant aux orteils, plus rarement aux doigts",ischémies localisées aux doigts ou aux orteils,acrosyndrome vasculaire permanent avec aspect froid et cyanique prononcé des extrémités,d,4
2049,OIC-288-02-B,Quel est le diagnostic clinique de l'érythermalgie ?,"Soulagement par le froid, le repos ou l'élévation du membre","Douleurs des extrémités à type de cuisson, de sensation de brûlure",Augmentation de la chaleur cutanée pendant les crises,Sensibilité à l'aspirine,b,4
2050,OIC-288-02-B-,Quels sont les éléments cliniques qui permettent de suspecter un PR secondaire ?,la présence d'antécédents familiaux de PR,l'atteinte des pouces,le caractère bilatéral,"les télangiectasies, sclérodactylie, calcinose sous cutanée, pyrosis …",d,4
2051,OIC-288-03-B,Quelle est l'étiologie la plus fréquente des PR secondaires non iatrogènes ?,sclérodermie systémique,"phénomène de Raynaud, érythermalgie, acrocyanose","ischémie digitale, engelures, acrocyanose","calcinose sous cutanée, sclérose cutanée",a,3
2052,OIC-288-03-B-,Qu'est-ce qui se passe si la main se recolore après avoir relâché l'artère ulnaire ?,L'arcade palmaire superficielle est obstruée,Les artères digitales sont endommagées,L'arcade palmaire superficielle et les artères digitales sont perméables,Le test d'Allen n'est pas valide,c,4
2053,OIC-288-05-A,Quel est le résultat attendu après avoir appliqué la manœuvre d'Allen ?,Les doigts deviennent plus chauds et rouges,Le flux sanguin vers les doigts augmente,La pression artérielle des doigts diminue,L'acrosyndrome de Raynaud se développe,b,4
2054,OIC-288-05-A-,Quels sont les éléments à prendre en compte pour reconnaître un PR secondaire ?,L'interrogatoire et l'examen clinique suffisent,La recherche d'anticorps antinucléaires est inutile,La capillaroscopie n'est pas nécessaire,"L'interrogatoire, l'examen clinique, la recherche d'anticorps antinucléaires et la capillaroscopie doivent être complétés",d,4
2055,OIC-288-06-A,Qu'est-ce que la thyrotoxicose ?,Seuls les cas d'hyperthyroïdie sont considérés comme des thyrotoxicoses,"Les conséquences de l'excès d'hormones thyroïdiennes au niveau des tissus cibles, quelle que soit sa cause",Une maladie du système nerveux,Une cause génétique,b,4
2056,OIC-288-06-A-,Quel est le sexe-ratio de l'hyperthyroïdie ?,3:1 en faveur des hommes,5:1 en faveur des femmes,7:1 en faveur des femmes,10:1 en faveur des hommes,c,4
2057,OIC-288-07-B,Quels sont les signes ophtalmologiques spécifiques de la maladie de Basedow ?,"Rétraction de la paupière inférieure, exophtalmie et œdème palpebral","Rétraction de la paupière supérieure, asynergie oculopalpébrale, rougeur conjonctivale, exophtalmie et œdème palpébral",Exophtalmie et œdème palpebral,"Rétraction de la paupière supérieure, asynergie oculopalpébrale et rougeur conjonctivale",b,4
2058,OIC-288-08-B,Quelle est la complication grave associée à des altérations du champ visuel pouvant aller jusqu'à la cécité ?,Atteinte d'un ou plusieurs muscles péri-orbitaires,Neuropathie par compression du nerf optique,Kératite d'exposition,Inoculation palpébrale,b,4
2059,OIC-288-09-B,Quels sont les signes biologiques spécifiques de la maladie de Basedow ?,Une diminution du cholestérol et des triglycérides,Un titre élevé en anticorps anti-récepteurs de TSH,"Une discrète hyperglycémie, aggravation d'un diabète associé",Une élévation des enzymes hépatiques,b,4
2060,OIC-288-09-B-,Quelles sont les indications de l’échographie ?,Diagnostic d'une hyperthyroïdie due à une tumeur maligne,"Diagnostic étiologique des hyperthyroïdies, notamment pour différencier entre les causes de l'hyperactivité thyroïdienne",Évaluation de la fonction thyroïdienne dans le cadre d'une hypothyroïdie,Détection précoce des cancers thyroïdiens,b,4
2061,OIC-288-10-A,Quel est le groupe d'âge où survennent les deux étiologies suivantes : Le goitre multinodulaire toxique et L’adénome toxique ?,Les femmes jeunes,Les sujets plus âgés,Les enfants,Les hommes adultes,b,4
2062,OIC-288-10-A-,"En cas de suspicion clinique de maladie de Basedow, qu'est-ce qui doit être réalisé si le dosage plasmatique des anticorps n'est pas possible ?",Echographie-doppler thyroïdienne,Scintigraphie thyroïdienne,Dosage plasmatique des anticorps anti-récepteurs de la TSH,Hyperthyroidie et absence d'orbitopathie,b,4
2063,OIC-288-11-A-,Quel est le mécanisme d'action de l'amiodarone dans la thyroïde ?,Il inhibe la synthèse de T4 et T3,Il induit une saturation prolongée en iode avec deux formes différentes d'hyperthyroïdie,Il augmente la production de TSH,Il n'a aucun effet sur la thyroïde,b,4
2064,OIC-288-12-B,Quels sont les traitements spécifiques de l'hyperthyroïdie?,Les bétabloquants et les sédatifs,"Les antithyroidiens de synthèse, la thyroïdectomie totale et le traitement par iode radioactif",Le repos et la contraception efficace,La chirurgie cardiaque et l'hépatologie,b,4
2065,OIC-288-12-B-,Quels sont les deux types d'insuffisance surrénale ?,"Insuffisance corticotrope ou périphérique, Insuffisance centrale ou primaire.",Insuffisance corticotrope ou surrénale centrale et Insuffisance surrénale primaire ou périphérique.,"Insuffisance corticotrope ou périphérique, Insuffisance centrale ou primaire.",Insuffisance corticotrope ou surrénale centrale et Insuffisance surrénale primaire ou périphérique.,b,4
2066,OIC-288-14-A,Quels sont les signes biologiques de l'insuffisance corticotrope?,Hyperkaliémie avec hyponatrémie,Hyponatrémie sans hyperkaliémie,Hypokaliémie avec hypernatrémie,Néant,b,4
2067,OIC-288-16-B,Quel est le contexte dans lequel les causes iatrogènes d'insuffisance surrénalienne primaire de l'adulte se produisent?,Traitement par anticortisolique de synthèse,Surrénalectomie bilatérale,Lésions surrénaliennes bilatérales,Causes infectieuses,b,4
2068,OIC-288-16-B-,Quelle est l'autre cause la plus fréquente d'insuffisance corticotrope ?,Interruption d'une corticothérapie prolongée,Maladie auto-immune,Infection virale,Tumeurs de la région hypothalamo-hypophysaire,d,4
2069,OIC-288-17-B-,Quel est le corticostéroïde qui a une activité glucocorticoïde la plus élevée ?,a. Hydrocortisone,b. Prednisone,c. Dexaméthasone,d. Prednisolone,c,4
2070,OIC-299-01-A,Quelle est la raison pour laquelle il n'est pas recommandé de supplémenter le patient en potassium ?,Pour éviter une hypokaliémie,Parce que l'hyperkaliémie est rare dans cette situation,Car l'hyperkaliémie est un risque majeur (+++),Aucune raison particulière,c,4
2071,OIC-299-01-A-,Quels sont les éléments à avoir sur soi pour l'éducation thérapeutique de l'insuffisant surrénalien chronique ?,Une carte d'urgence et des comprimés d'hydrocortisone,Des comprimés d'hydrocortisone et une boîte d'injectable,Une boîte d'injectable et le matériel pour l'injection,Tous les éléments mentionnés ci-dessus,d,4
2072,OIC-299-02-A-,Quelle est la priorité dans le traitement de l'insuffisance surrénale aiguë?,Les dosages hormonaux doivent être réalisés avant le traitement,Le traitement doit attendre les résultats des dosages hormonaux,Les dosages hormonaux peuvent retarder le traitement,"Le traitement est débuté dès que le diagnostic est évoqué, même sans certitude diagnostique",d,4
2073,OIC-299-03-B-,Quels sont les critères pour confirmer le diagnostic d'insuffisance surrénale ?,Cortisolémie basse ou effondrée,ACTH élevé,Insuline et glucose,Cholestérol et triglycérides,a,4
2074,OIC-299-04-B,Quel est l'importance de l'éducation thérapeutique dans l'insuffisance surrénale ?,Elle n'est pas importante,Elle permet d'adapter le traitement par hydrocortisone en fonction des situations,Elle est réservée aux patients adultes uniquement,Aucune des options précédentes,b,4
2075,OIC-299-05-A,Quels sont les gestes à effectuer en cas de chirurgie ?,"100 mg IV ou IM initialement ; puis, en cas de chirurgie majeure, 100 mg/24 heures en IV continue à la SAP jusqu'à la reprise de l'alimentation ; puis retour au traitement par hydrocortisone ''per os'' en triplant la dose habituelle",Augmenter les doses d‘hydrocortisone,Informé le médecin traitant,Le médecin urgentiste ou l'anesthésiste recevant un patient insuffisant surrénalien en situation de stress doit : connaître le risque d'insuffisance surrénale aiguë,a,3
2076,OIC-299-05-A-,Quelle est la bonne dose d'hydrocortisone à administrer à un enfant en cas de stress ?,Dose d'hydrocotrisone divisée par deux avec une prise le matin et le midi,"La dose d'hydrocotrisone est triplée avec une prise le matin, le midi et le soir et dès survenue du facteur déclenchant.",Dose d'hydrocotrisone divisée par trois avec une prise tous les deux jours,La dose d'hydrocotrisone est divisée par quatre avec une prise tous les trois jours,b,4
2077,OIC-299-06-B,Quelle est l'effet de la mutation du gène codant un transporteur des acides gras à très longues chaînes dans le peroxysome ?,Accumulation d'acides gras à très longues chaînes dans les cellules,Diminution de l'accumulation d'acides gras à très longues chaînes dans les cellules,Aucun effet sur l'accumulation d'acides gras à très longues chaînes dans les cellules,Accumulation de molécules différentes des acides gras à très longues chaînes,a,4
2078,OIC-299-06-B-,Quel est le dépistage néonatal systématique en France depuis 1995 ?,Dosage de la cortisol sur papier buvard au troisième jour de vie,Dosage de la 17-hydroxyprogestérone sur papier buvard au troisième jour de vie,Dosage de l'aldostérone sur papier buvard au troisième jour de vie,Dosage du cortisol sur papier buvard au cinquième jour de vie,b,4
2079,OIC-299-07-A,Quel est l'examen complémentaire effectué dans le cadre de l'adrénoleucodystrophie ?,Dosage de la 17 OH progestérone,Dosage d'acides gras à longue chaine,Analyse du sang pour détecter les anomalies génétiques,Échographie abdominale pour détecter les malformations rénales,b,4
2080,OIC-299-08-A,Quelle est la valeur de glycémie à jeun qui présente un risque de rétinopathie selon les études épidémiologiques ?,7 mmol/l,10 mmol/l,"1,26 g/l (7 mmol/l)",15 mmol/l,c,4
2081,OIC-299-08-A-,Quel est le principal facteur de mortalité pour les personnes atteintes du diabète de type 2 ?,insuffisance rénale,maladies cardiovasculaires,cétose,obésité,b,4
2082,OIC-299-09-B-,Quelles sont les populations cibles du dépistage du DT2 ?,Seuls les patients asymptomatiques âgés de plus de 45 ans,"Tous les patients, quel que soit leur âge et leurs symptômes",Les patients avec symptômes ou des facteurs de risque (FDR) de diabète,Seuls les patients avec FDR de diabète,c,4
2083,OIC-302-01-A,Quel est le diabète qui se développe durant la grossesse?,Diabète prégestationnel,Diabète gestationnel,Diabète de type 1 et 2,Diabète sucré,b,4
2084,OIC-302-02-A,Quel est un facteur de risque représentatif des atteintes macrovasculaires chez le patient diabétique type 2 ?,L'âge,Le LDL,La PA systolique,Tous les facteurs mentionnés,d,4
2085,OIC-302-02-A-,Quels sont les autoanticorps utilisés comme marqueurs de la pathologie auto-immune ?,anti-îlots (ICA) et anti-insuline,anti-GAD et anti-ZnT8,anti-IA2 et anti-ZnT8,tous les autoanticorps mentionnés,d,4
2086,OIC-302-03-B,Quels sont les facteurs qui favorisent l'insulinorésistance?,Prédisposition génétique et alimentation équilibrée,Sédentarité et obésité androïde,Hyperglycémie et lipotoxicité,Inflammation chronique et glucotoxicité,b,4
2087,OIC-302-03-B-,Quelle est la gradation du pied diabétique ?,"0 : absence de neuropathie sentitive et d’artériopathie, 1 : présence d’une neuropathie sensitive isolée, 2 : association de la neuropathie à l’artériopathie ou aux déformations des pieds/orteils, 3 : antécédénts d’ulcération ou d’amputation","0 : présence d’une neuropathie sensitive isolée, 1 : association de la neuropathie à l’artériopathie ou aux déformations des pieds/orteils, 2 : antécédénts d’ulcération ou d’amputation","0 : absence de neuropathie sentitive et d’artériopathie, 1 : association de la neuropathie à l’artériopathie ou aux déformations des pieds/orteils, 2 : antécédénts d’ulcération ou d’amputation","0 : absence de neuropathie sentitive et d’artériopathie, 1 : présence d’une neuropathie sensitive isolée, 2 : association de la neuropathie à l’artériopathie ou aux déformations des pieds/orteils",a,4
2088,OIC-302-06-B,Quel est le seuil de risque cardiovasculaire considéré comme important ?,10-20%,20-30%,10%,supérieur à 20%,d,4
2089,OIC-302-07-A-,Quel est le traitement de l'hypoglycémie sévère ?,Resucrage oral uniquement,"Injection de glucagon IM ou SC, puis resucrage per os",Sérum G30 % en IV 10 mL/20 kg de poids,Insuline d’action rapide en IV,b,4
2090,OIC-302-08-A-,Quels sont les objectifs du traitement du diabète de type 1 ?,Seulement la prévention des complications aiguës ou chroniques,Assurer la vie la plus libre possible et la prévention des complications aiguës ou chroniques,Augmenter le taux d'hémoglobine glyquée,Réduire l'insulinothérapie,b,4
2091,OIC-302-09-B,Quelle est la fréquence recommandée pour réaliser l'autosurveillance glycémique ?,2 fois par jour.,4–6 fois par jour.,8 fois par jour.,12 fois par jour.,b,4
2092,OIC-302-09-B-,Quel est l'objectif principal de la diététique du diabète de type 1?,Perdre du poids rapidement,Éviter les fluctuations glycémiques,Consommer uniquement des produits naturels,Faire une cure de jeûne pendant un mois,b,4
2093,OIC-302-10-B,Quels sont les objectifs principaux du contrôle lipidique ?,Adaptés au profil clinique et biologique du patient,"Principalement adaptés au risque cardiovasculaire (prévention primaire, présence de FDR, prévention secondaire)",Seuls les objectifs tensionnels sont pris en compte,Les objectifs glycémiques sont prioritaires,b,4
2094,OIC-302-11-A-,"Quels sont les médicaments autorisés pour un diabétique avec une filtration estimée < 30 ml/min/1,73 m2 ?",Metformine et SGLT2,"Insuline, répaglinide et inhibiteurs des α-glucosidases",Inhibiteurs de la DPP-4 et agonistes du GLP-1R,Tous les médicaments antidiabétiques sont autorisés,b,4
2095,OIC-302-12-B,Quels sont les soins ophtalomologiques spécialisés recommandés pour la rétinopathie diabétique sévère ?,Seuls les panphotocoagulations rétiniennes,Injections intraoculaires de corticoides et d'inhibiteurs du VEGF,Traitement uniquement par la panphotocoagulation rétinienne,Aucun traitement spécialisé n'est nécessaire,b,4
2096,OIC-302-12-B-,Quels sont les soins généraux recommandés pour un pied du diabétique ?,Se concentrer uniquement sur l'anticoagulation préventive,"Antibiothérapie probabiliste si signes généraux, sinon attendre une preuve bactériologique, anticoagulation préventive, équilibration du diabète, prise en charge des autres FDR cardiovasculaires, traitement antalgique",Se limiter à la vaccination antitétanique,Ne pas prendre en compte les autres facteurs de risque cardiovasculaire,b,4
2097,OIC-302-13-A-,Quel est l'objectif de l'insulinothérapie dans le traitement du coma hyperosmolaire ?,Réduire la kaliémie,Obtenir une glycémie < 5 g/l,Obtenir une glycémie > 2.5 g/l,Augmenter le taux de potasse,c,4
2098,OIC-302-14-B-,Quels sont les besoins en vitamines et micronutriments qui ne peuvent pas être couverts par la seule augmentation des apports alimentaires ?,"Vitamine A, B9, C et D, fer et iode","Vitamine A, B12, C et E, calcium et potassium","Vitamine K, B6, C et D, magnésium et zinc","Vitamine A, B9, C et D, fer et iode",a,4
2099,OIC-302-15-B,"Quelle est la prise de poids recommandée pendant la grossesse pour une femme avec un IMC ≥ 30,0 kg/m² ?",10-14 kg,5 - 9 kg,12-16 kg,8-12 kg,b,4
2100,OIC-302-15-B-,Quelle est la période recommandée pour prendre des compléments en acide folique (vitamine B9) avant et pendant la grossesse?,"28 jours après la conception, jusqu'à 12 semaines de gestation","400 µg/j, 28 jours avant la conception et jusqu'à 12 semaines de gestation","1000 µg/j, dès le début de la grossesse et pendant les 8 premières semaines","200 µg/j, uniquement pendant les 4 premières semaines de gestation",b,4
2101,OIC-302-16-B,Quels sont les facteurs qui augmentent le risque de malformation pendant la grossesse ?,Seul l'alcoolisme est un facteur de risque.,"Le tabagisme, l'alcoolisme, les régimes restrictifs ou déséquilibrés, l'excès pondéral et le diabète sont des facteurs de risque.",Les grossesses gémellaires ne constituent pas un facteur de risque.,Tous les facteurs mentionnés augmentent le risque de malformation.,b,4
2102,OIC-302-16-B-,Quelles sont les recommandations pour la supplémentation en vitamine D et en calcium pendant la grossesse ?,Une supplémentation en vitamine D est systématiquement conseillée à la fin du 3ème trimestre (100 000 UI per os en une fois),Des apports > 500 mg de calcium par jour sont recommandés pendant la grossesse,Une supplémentation en vitamine D est systématiquement conseillée à la fin du 2ème trimestre (100 000 UI per os en une fois) et des apports > 1000 mg de calcium par jour sont recommandés,Aucune supplémentation n'est nécessaire,c,4
2103,OIC-302-17-A,Quels sont les types de fromages à éviter ?,Les fromages à pâte pressée cuite et les fromages au lait cru,"Les fromages à pâte molle à croûte fleurie, les fromages vendus râpés et les fromages à pâte pressée cuite",Les fromages à pâte molle à croûte lavée et les fromages au lait cru,Tous les types de fromages,c,2
2104,OIC-302-17-A-,Quels sont les conseils pour consommer des poissons?,Consommer uniquement des poissons d'eau douce,"Varier les espèces de poisson, les origines et les modes d’approvisionnement",Éviter la consommation de poissons prédateurs sauvages,Consommer des poissons tous les jours,b,4
2105,OIC-310-01-B-,Quel est le but d'un certificat médical pour une inaptitude partielle ou complète ?,Valider l'absence scolaire,Justifier un handicap permanent,Faire valoir une dispense temporaire de sport,Certifier la pratique d'un autre sport,c,4
2106,OIC-310-02-B,Quel est le recommandé par la Société Française de Cardiologie pour les sujets jeunes en termes d'ECG ?,"Un ECG tous les 5 ans entre 20 et 35 ans, puis tous les 1 à 2 ans après l'âge de 35 ans","Un ECG à la première licence à partir de 12 ans, puis tous les 3 ans entre 12 et 20 ans, puis tous les 5 ans entre 20 et 35 ans",Aucun ECG n'est recommandé pour les sujets jeunes,Un ECG tous les 1 à 2 ans dès l'âge de 12 ans,b,4
2107,OIC-310-03-A,Quel est l'exemple d'un sport qui nécessite une contre-indication spécifique?,Le cyclisme nécessite une contre-indication spécifique pour les personnes ayant des problèmes cardiaques.,La boxe nécessite une contre-indication spécifique pour les personnes ayant des problèmes oculaires.,La natation nécessite une contre-indication spécifique pour les personnes ayant des problèmes respiratoires.,Le football nécessite une contre-indication spécifique pour les personnes ayant des problèmes neurologiques.,b,4
2108,OIC-310-03-A-,Quels sont les risques de la pratique sportive à tout âge ?,Essentiellement musculaires,"Traumatiques, en fonction de l'activité sportive pratiquée",Ne sont pas cardiovasculaires,Sont uniquement psychologiques,b,4
2109,OIC-310-04-B-,Quelle est la condition selon laquelle il convient d'adapter les apports nutritionnels ?,3 heures d'activités sportives par semaine,6 heures d'activités sportives par semaine,Au-delà de 3 heures d’activités sportives par semaine,"Toujours, quel que soit le niveau d'activité physique",c,4
2110,OIC-310-05-A-,Quel est le pourcentage minimum des apports énergétiques totaux que les apports lipidiques doivent représenter ?,10%,15%,20%,25%,c,4
2111,OIC-310-06-A,Quels sont les symptômes évocateurs de pathologie cardiovasculaire à l'exercice ?,"Douleur abdominale, nausées et vomissements","Palpitations, douleur thoracique, dyspnée et malaise","Dyspnée anormale, douleur thoracique, palpitations et malaise","Douleur abdominale, nausées, vomissements et diarrhée",c,4
2112,OIC-310-06-A-,Quels sont les types d'œdèmes?,Localisés et généralisés,Inflammatoires et non inflammatoires,Veineux et lymphatiques,Sodés et hydriques,a,4
2113,OIC-312-01-B,Quel est l'aspect des œdèmes de rétention hydrosodée ?,Un aspect de godet,Un aspect localisé,Un aspect généralisé,Un aspect d'inflammation,a,4
2114,OIC-312-01-B-,Quels sont les signes cliniques des œdèmes localisés?,bilatéraux et symétriques,"unilatéraux ou asymétriques, caractère parfois inflammatoire, dur, douloureux prenant moins bien le godet, voire cartonné","blancs, mous, indolores","rouges, durs, douloureux",b,4
2115,OIC-312-02-B-,Quels sont les signes orientant vers une augmentation de la pression veineuse?,Insuffisance cardiaque et cancer du sein,Thrombophlébite et insuffisance veineuse,Prise de certains médicaments et obstacle lymphatique,Pathologie inflammatoire locale et piqûre d’insecte,b,4
2116,OIC-312-03-B,Quels sont les effets secondaires à surveiller lors du traitement des œdèmes généralisés?,"Insuffisance rénale aiguë fonctionnelle, hémoconcentration et troubles ioniques","Hypotension artérielle orthostatique, perte de poids et insomnie","Fébricité, douleurs articulaires et troubles gastro-intestinaux",Tous les options ci-dessus,a,4
2117,OIC-312-04-A-,Quel est l'importance du saignement pour déterminer la gravité de la maladie causale?,L'importance du saignement détermine la gravité de la maladie causale,Il n'existe pas de corrélation entre l'importance du saignement et la gravité de la maladie causale,La présence de caillots ou symptômes urologiques détermine la gravité de la maladie causale,Le type d'hématurie détermine la gravité de la maladie causale,b,4
2118,OIC-312-05-A,Quelle est la caractéristique d'une hématurie macroscopique d'origine néphrologique ?,Présence de caillots et de douleurs mictionnelles,Absence de protéinurie associée,"Hématurie totale sans caillots, douleurs ni brûlures mictionnelles",Origine urétro-prostatique ou du col vésical,c,4
2119,OIC-312-05-A-,Quel est l'examen complémentaire qui permet d'évaluer la fonction rénale (créatininémie et estimation du DFG) ?,Cytologie urinaire,Imagerie de 1ère intention,Bilan minimal et de retentissement,Fibroscopie urétro-vésicale,c,4
2120,OIC-312-06-A,Quel est l'organe affecté par le polype vésical représenté dans la figure 2?,Rein,Vessie,Prostate,Poumon,b,4
2121,OIC-312-07-B,Quel est le signe visible sur la bandelette urinaire de figure 5 qui indique une hématurie?,Des taches noires,Des croix +++,Une ligne rouge,Un cercle blanc,b,4
2122,OIC-312-07-B-,Quel est le syndrome néphritique aigu qui peut être causé par une glomérulonéphrite post-infectieuse ?,Syndrome d'Alport,Glomérulonéphrite rapidement progressive (GNRP),Néphropathies interstitielles aiguës 262,Syndrome néphritique aigu post-infectieuse,d,4
2123,OIC-312-08-A-,Quel est le deuxième niveau de l'arbre diagnostique des hématuries ?,Hématurie primaire ou secondaire -> Infection urinaire,Hématurie primaire ou secondaire -> Problème rénal,Infection urinaire -> Problème rénal,Problème rénal -> Maladie du rein,b,4
2124,OIC-312-09-B,Quels sont les retentissements cliniques et biologiques à évaluer en cas d'hématurie macroscopique ?,"Globe vésical, colique néphrétique, tachycardie, hypotension artérielle","Anémie, troubles de l'hémostase surajouté, insuffisance rénale…","Sepsis, stase d'urines, caillotage vésical ou urétéral",Tous les éléments précédents,d,4
2125,OIC-312-10-B,Quels sont les critères pour diagnostiquer une hématurie d'origine glomérulaire ?,Hématurie macroscopique avec caillots et hématies <10/mm3.,Hématurie microscopique avec hématies >10/mm3 ou +/- hématies déformées ou cylindres hématiques.,"Hématurie macroscopique totale, indolore sans caillots et hématies <10/mm3.",Pas d'hématurie microscopique.,b,4
2126,OIC-312-10-B-,"Quel est le syndrome glomérulaire caractérisé par une protéinurie ≥ 3 g/24 h, une albuminémie < 30 g/L et une insuffisance rénale ?",Syndrome d'hématurie macroscopique récidivante,Syndrome de glomérulonéphrite chronique,Syndrome néphrotique,Syndrome néphritique aigu,c,4
2127,OIC-312-11-B,Quelle est la première cause de syndrome néphrotique chez l'adulte en dehors de la néphropathie diabétique ?,Le syndrome néphrotique à lésions glomérulaires minimes (SNLGM),La glomérulopathie extra-membraneuse,La néphropathie à IgA,La néphropathie diabétique,b,4
2128,OIC-312-11-B-,Quel est l'examen qui confirme le diagnostic de néphropathie glomérulaire ?,L'interrogatoire et l'examen clinique,Les examens biologiques,L'examen histologique du parenchyme rénal,Tous les examens précédents sont nécessaires pour confirmer le diagnostic,c,4
2129,OIC-312-12-A-,Quelle est la localisation des dépôts mésangiaux?,"Au sein du mésangium, dans l'espace sous endothélial et au contact des podocytes","Dans la membrane basale glomérulaire, au sein du mésangium et au contact des podocytes",Au sein du mésangium,Dans l'espace sous endothélial (versant interne de la MBG),c,4
2130,OIC-315-01-A,Quelles sont les principales caractéristiques histologiques de la maladie de Goodpasture ?,"Dépôts d'IgG linéaires le long de la MBG, extracapillaire",Mésangiale ± capillaires ± extramembraneux selon la classe de la néphropathie lupique,IgA et C3 mésangiaux ± endocapillaires,"Prolifération, non, IgG et C3 sur le versant externe de la MBG, aspect granuleux (extramembraneux)",a,4
2131,OIC-315-01-A-,Quels sont les critères pour ne pas réaliser une biopsie rénale chez un enfant avec un syndrome néphrotique?,"âge entre 10 et 15 ans, absence d’antécédent familial de néphropathie, présence d’antécédents familiaux de néphropathie.","âge entre 1 et 10 ans, absence d’antécédent familial de néphropathie, absence de signes extrarénaux, complément sérique anormal.","âge entre 15 et 20 ans, présence d’antécédents familiaux de néphropathie, absence d’antécédent familial de néphropathie.","âge entre 10 et 15 ans, absence d’antécédent familial de néphropathie, complément sérique normal.",d,4
2132,OIC-315-02-A,Quels sont les principaux éléments du traitement d'un SNLGM idiopathique?,"Corticothérapie orale, à forte dose et prolongée, sans traitements adjuvants",Traitement symptomatique du syndrome néphrotique uniquement,"Corticothérapie orale, à forte dose et prolongée, avec ses traitements adjuvants (diététique, calcium vitamine D…)",Traitement chirurgical pour réparer les glomérules,c,4
2133,OIC-315-02-A-,Quel est le mode évolutif qui nécessite souvent l'adjonction d'un immunosuppresseur ou immunomodulateur ?,corticorésistance,insuffisance rénale chronique terminale,corticosensibilité,corticodépendance,d,4
2134,OIC-315-03-B,Quel est le type de GEM qui représente 85 % des cas ?,Secondaire,Primitive,Idiopathique,Familial,b,4
2135,OIC-315-03-B-,Quel est le diagnostic étiologique de la néphropathie à IgA du purpura rhumatoïde?,Cirrhose,Maladies inflammatoires chroniques de l'intestin,Vascularite systémique des artères de petit calibre avec IgA,Spondylarthropathies,c,4
2136,OIC-315-04-A,Quel est l'impact de la protéinurie sur le pronostic de la néphropathie à IgA primitive?,La protéinurie n'a aucun impact,Une faible protéinurie est associée à un meilleur pronostic,Une importante protéinurie est associée à un mauvais pronostic,La protéinurie n'est pas un facteur de pronostic,c,4
2137,OIC-315-04-A-,"Quel est le type de GNRP qui est l’atteinte rénale (parfois isolée) des vascularites associées aux ANCA, la granulomatose avec polyangéite et la polyangéite microscopique ?",GNRP pauci-immunes,GNRP à dépôts linéaire d’IgG,Cryoglobulinémie,Lupus systémique,a,4
2138,OIC-315-05-A,Quel est le pronostic vital en jeu compte tenu des complications associées aux GNRP?,Le risque de maladie rénale chronique stade 5,L'attente pulmonaire et digestive,"La détresse respiratoire, la hémorragie digestive et les complications aigües de l'insuffisance rénale aigüe",Le risque d'hémorragie intra-alvéolaire,c,4
2139,OIC-315-06-A,Quel est le résultat de la biopsie rénale dans les cas de glomérulonéphrite aiguë post infectieuse ?,Prolifération endocapillaire diffuse uniquement,Prolifération extracapillaire uniquement,Prolifération endocapillaire diffuse avec afflux de cellules inflammatoires et dépôts de C3 mésangiaux,Pas de changements rénaux,c,4
2140,OIC-315-06-A-,Quel est le traitement des GNRP ?,corticoïdes à faibles doses,immunosuppresseurs ou biothérapies,traitement symptomatique uniquement,corticoïdes à fortes doses et immunosuppresseurs ou biothérapies,d,4
2141,OIC-315-07-B-,Quel est le type d'anémie associé au syndrome de MAT?,Anémie héréditaire,Anémie mécanique,Anémie ferriprive,Anémie d'infection,b,4
2142,OIC-315-08-A,Quel est l'exemple d'un médicament qui peut causer le syndrome de microangiopathie thrombotique (MAT)?,"Mitomycine C, gemcitabine, ciclosporine, tacrolimus","Corticostéroïdes, immunosuppresseurs, anticoagulants","Antibiotiques, antifongiques, antiviraux","Vaccins, médicaments anti-inflammatoires",a,4
2143,OIC-315-08-A-,Quel est le type d'insuffisance rénale associé au SHU?,Insuffisance rénale chronique,Insuffisance rénale aiguë,Insuffisance cardiaque,Insuffisance hépatique,b,4
2144,OIC-315-09-A,Quel est le type de SHU qui survient plus volontiers chez l'adulte ?,Typique avec diarrhée sanglante,"Atypique sans diarrhée, lié à une anomalie de la voie alterne du complément",Typique avec anémie hémolytique et thrombopénie,Atypique récidivant après transplantation rénale,b,4
2145,OIC-315-10-B,Quelle est la principale cause de fibrodysplasie de l'artère rénale ?,Une dégradation de la fonction rénale sous IEC ou ARA2,Une insuffisance rénale chronique en cas de sténose bilatérale,Une HTA de découverte récente et parfois sévère et symptomatique,"Un sujet âgé ayant plusieurs facteurs de risques cardiovasculaires, dont une HTA préexistante",c,4
2146,OIC-325-01-A,Quelle est la cause de la néphroangiosclérose bénigne?,Une HTA ancienne et insuffisamment contrôlée,Une rupture d'une plaque d'athérome,Une occlusion aiguë d'une artère rénale ou de ses branches,Une thrombophilie,a,4
2147,OIC-325-01-A-,Quel est le diagnostic de la néphroangiosclérose bénigne ?,Diagnostic positif,Diagnostic d'exclusion,Diagnostic précoce,Diagnostic tardif,b,4
2148,OIC-325-02-A,Où se forment la majorité des calculs urinaires?,Dans la vessie,Dans les reins,Dans l'urètre,Dans le foie,b,4
2149,OIC-325-02-A-,Quel est le sex ratio des lithiases urinaires?,1 homme pour 2 femmes,2 hommes pour 1 femme,3 hommes pour 1 femme,4 hommes pour 1 femme,b,4
2150,OIC-325-03-A,Quel type de calcul a une densité UH comprise entre 1200 et 1700?,Phosphate ammoniaco-magnésien,Acide urique,Oxalate de calcium,Cystine,c,4
2151,OIC-325-03-A-,Quel est le pourcentage d'antécédents urinaires dans les cas de lithiase urinaire?,10%,20%,40%,50%,c,4
2152,OIC-325-04-B,Quels sont les symptômes de la colique néphrétique?,Douleur abdominale chronique et fièvre,Syndrome douloureux lombo-abdominal homolatéral à l'obstruction irradiant le long du flanc vers les organes génitaux externes,Douleur aux jambes et fatigue,Perte de poids et diarrhée,b,4
2153,OIC-325-04-B-,Quels sont les facteurs favorisant la migration d'un calcul rénal dans l'uretère ?,"Voyage, chaleur, déshydratation, activité physique, écarts de régime","Fumée, stress, manque d'exercice, bonne hygiène","Alcool, tabac, mauvaise alimentation, manque de sommeil","Médicaments, maladies chroniques, vieillesse, sexe masculin",a,4
2154,OIC-325-05-B,Quels sont les symptômes qui caractérisent la colique néphrétique simple ?,"Douleur, fièvre et frisson","Nausées, irradiations et insuffisance rénale biologique",Cession avec un traitement antalgique par AINS sans fièvre ni insuffisance rénale,Oligo-anurie et frisson,c,4
2155,OIC-325-08-A,Quelles sont les principales anomalies métaboliques associées à des lithiases calciques?,Nephrocalcinose,Granulomatoses,Hyperparathyroidie,Hyperoxalurie,c,4
2156,OIC-325-08-A-,"Quelles sont les indications de dérivation en urgence (JJ, nephrostomie) pour un calcul du rein ?","fièvre, hyperalgie et insuffisance rénale aigue","douleur calmée par antalgiques standards, absence de signe infectieux et présence d'obstruction chronique","probabilité faible d'élimination spontanée, douleur non calmée par antalgiques standards et absence de signe infectieux",tous les cas de calcul du rein,a,4
2157,OIC-325-09-B,Quelles sont les indications pour réaliser des GDS veineux ?,"Choc, insuffisance respiratoire aiguë",Suspicion de pathologie pulmonaire hypoxémiante chronique,Suspicion clinique de déséquilibre acido-basique (métabolique ou respiratoire),Tous les cas d'insuffisance rénale aiguë sévère,c,4
2158,OIC-325-09-B-,Quelles sont les principales sources d'acide ?,Les acides volatils et fixes,Seuls les acides volatils,Seuls les acides fixes,L'eau et le CO2,a,4
2159,OIC-325-10-A,Quel est le critère pour diagnostiquer une acidose ou alcalose métabolique ?,PCO2 élevé ou basse,[HCO3–] basse ou élevée,"pH artériel < 7,38 ou pH veineux < 7,32","PaCO2 (mmHg) attendue = 1,5 × [HCO3–] + 8 ± 2",b,4
2160,OIC-325-10-A-,Quel est le seuil de pH pour considérer une urgence vitale ?,"pH < 7,20","pH < 7,15","pH < 7,10","pH < 7,05",c,4
2161,OIC-325-11-A,Quelle est la caractéristique de l'acidose métabolique simple ?,PaCO2 < PaCO2 attendue,PaCO2 > PaCO2 attendue,PaCO2 = PaCO2 attendue,TA > 20 mmol/L,c,4
2162,OIC-325-11-A-,Quel est le résultat d'un TAU < 0 ?,Origine intrarénale de l'acidose,Origine extrarénale de l'acidose (perte digestive de bicarbonate),Réponse rénale inadaptée,Réponse rénale adaptée,b,4
2163,OIC-325-12-A,Quelle est la cause principale de l'acidose respiratoire due à une altération fonction neuromusculaire ?,Corne antérieure médullaire,Poliomyélite,Syndrome de Guillain-Barré,Myasthénie,c,4
2164,OIC-325-12-A-,Quel est l'objectif de maintenir le taux de bicarbonates plasmatiques > 22 mmol/L dans le contexte d’une acidose métabolique chronique?,Prévenir la déshydratation,Mettre en évidence une insuffisance rénale aiguë,Maintenir le taux de bicarbonates plasmatiques > 22 mmol/L,Réduire la douleur,c,4
2165,OIC-325-13-B,Quel est le traitement approprié pour les acidoses hyperchlorémiques ?,Ventilation artificielle,Insuline et réhydratation,Bicarbonate de sodium IV,Épuration extrarénale,c,4
2166,OIC-325-13-B-,Quel est le principal cation des liquides intracellulaires ?,Le sodium,Le potassium,L'aluminium,La chlore,b,3
2167,OIC-325-15-A,Quels sont les facteurs qui peuvent provoquer des arythmies ventriculaires dans l'hyperkaliémie ?,"A, B et C","B, C et D","A, C et D","C, D et E",b,4
2168,OIC-325-16-A,Quel est le traitement en cas d'hyperkaliémie sévère ou menaçante au plan électrocardiographique ?,Arrêt des médicaments hypokaliémiants,Administration de sels de magnésium,Insuline-glucose pour transférer le K vers le compartiment intracellulaire,Antagoniste membranaire limitant l'hypoexcitabilité induite par l'hyperkaliémie,c,4
2169,OIC-325-16-A-,Quel est le traitement recommandé pour une insuffisance rénale sévère ?,Utiliser des diurétiques de l'anse,Effectuer un transfert du K vers le compartiment intracellulaire avec des agents β-adrénergiques,Faire une hémodialyse en cas d'insuffisance rénale sévère,Utiliser de l'alcalinisation modérée avec du bicarbonate de Na,c,4
2170,OIC-325-18-B,Quels sont les signes digestifs de l'hypokaliémie?,syndrome polyuro-polydipsique (résistance tubulaire à l’ADH),alcalose métabolique,néphropathie interstitielle chronique (long terme),"Il s’agit essentiellement d’une constipation, d’un iléus paralytique (Syndrome d’Ogilvie), voire d’un retard à la reprise du transit post-opératoire.",d,4
2171,OIC-325-18-B-,Quels facteurs favorisent la survenue d'arythmie dans l'hypokaliémie ?,Une cardiopathie ischémique sous-jacente,Une hypertrophie ventriculaire gauche,Une hypercalcémie,Tous les facteurs mentionnés sont corrects,d,4
2172,OIC-325-19-B,Quelles sont les principales causes d'hypokaliémie avec pertes rénales ?,"Diarrhées, vomissements","Insuline, agents β-adrénergiques","Pertes extra-rénales, hyperaldostéronismes I","Hyperaldostéronismes II, diurétiques thiazidiques",d,4
2173,OIC-325-19-B-,Quel est le risque de l'apport de glucosé dans la phase initiale de correction des hypokaliémies sévères ?,Amélioration du rythme cardiaque,Sécrétion d'insuline induite par l'apport de glucosé,Réduction des troubles neuromusculaires,Augmentation de la kaliémie,b,4
2174,OIC-325-20-B,Quelle est la conséquence de l'hyponatrémie ?,Une hyperhydratation intracellulaire (HIC),Une hypo-osmolalité plasmatique (POsm > 280 mOsm/kg),Un excès de sodium,Une hyperhydratation globale (HEC),a,4
2175,OIC-325-20-B-,Quelle est la conséquence d'un bilan hydrique nul ?,Trouble de l'hydratation intracellulaire,Trouble de l'hydratation extracellulaire,Aucune des deux,Les deux,c,4
2176,OIC-325-21-B-,Quels sont les principaux critères diagnostiques du SIADH ?,Posm > 275 mOsm/kg et Uosm < 100 mOsm/kg,"Euvolémie clinique, UNa < 30 mmol/L et absence d'hypothyroïdie",Fonction rénale anormale et présence de traitement diurétique récent,"Posm < 275 mOsm/kg, Uosm > 100 mOsm/kg, euvolémie clinique, UNa > 30 mmol/L, absence d'hypothyroïdie, absence d'insuffisance surrénale et uricémie < 240 μmol/L",d,4
2177,OIC-326-01-A,Quel est le rythme de correction recommandé pour l'hyponatrémie ?,20 mmol/L/j les 24 premières heures,10 mmol/L/j les 24 premières heures et 8 mmol/L les 24 h suivantes,15 mmol/L/j les 48 premières heures,5 mmol/L/j les 72 premières heures,b,4
2178,OIC-326-01-A-,Quels sont les facteurs qui accroissent le risque de myélinolyse centro-pontine (MCP) lors de la correction d'une hyponatrémie chronique?,> 10 mmol/L/24 h,"Hypoxie, malnutrition et éthylisme",Tous les facteurs mentionnés précédemment,Aucun des facteurs mentionnés précédemment,c,4
2179,OIC-326-03-B,Quels sont les signes neurologiques liés à l'hypernatrémie qui sont corrélés avec le degré de l'hypernatrémie et sa rapidité d'installation ?,Somnolence et asthénie,Troubles du comportement et fièvre d'origine centrale,Crise convulsive et coma,Hémorragies cérébro-méningées et thromboses veineuses cérébrales,c,4
2180,OIC-326-03-B-,Quel est l'exemple de diabète insipide néphrogénique ?,Diabète insipide d'origine centrale lié à l'absence complète ou partielle de sécrétion d'ADH,Anomalies hypothalamiques : hypodipsie primitive,"Par absence d'accès libre à l'eau : nourrissons, sujets âgés dépendants, patients dans le coma (accident vasculaire cérébral)",L'osmolalité urinaire est basse et non modifiée par l'administration d'ADH de synthèse,d,4
2181,OIC-326-04-B,Quelle est la formule utilisée pour estimer la quantité d'eau à administrer ?,Déficit en eau = 40% × poids × ([Natrémie/140] – 1),Déficit en eau = 60% × poids × ([Natrémie/140] – 1),Déficit en eau = 80% × poids × ([Natrémie/140] – 1),Déficit en eau = 100% × poids × ([Natrémie/140] – 1),b,4
2182,OIC-326-04-B-,Quelle est la définition de l'hypocalcémie ionisée ?,"Une concentration plasmatique inférieure à 2,20 mmol/L.","Une concentration inférieure à 1,15 mmol/L.","Une concentration supérieure à 3,00 mmol/L.","Une concentration égale à 1,15 mmol/L.",b,4
2183,OIC-326-05-A,Quelle est la cause de l'hypocalcémie ?,augmentation des entrées de calcium dans la circulation,diminution des pertes de calcium depuis le compartiment extracellulaire,perte nette de calcium depuis le compartiment extracellulaire supérieure à l'apport de calcium,augmentation des dépôts dans les tissus,c,4
2184,OIC-326-06-B,Quel est le risque d'ECG en situation d'hypocalcémie?,Troubles du rythme cardiaque,Insuffisance cardiaque,Hypertension artérielle,Fibrillation auriculaire,a,4
2185,OIC-326-06-B-,Quelle est la démarche diagnostique pour distinguer l’hypocalcémie ?,"hypocalcémie avec PTH basse (<10pg/mL) donc adaptée, hypocalcémie avec PTH élevée (>65 pg/mL) donc inadaptée","hypocalcémie avec PTH basse (<10pg/mL) donc inadaptée, hypocalcémie avec PTH élevée (>65 pg/mL) donc adaptée","hypocalcémie avec PTH basse (<10pg/mL) donc adaptée, hypocalcémie avec PTH élevée (>65 pg/mL) donc inadaptée","hypocalcémie avec PTH basse (<10pg/mL) donc inadaptée, hypocalcémie avec PTH élevée (>65 pg/mL) donc adaptée",b,4
2186,OIC-326-07-B,L'enquête étiologique d'une hypocalcémie repose sur une approche,anatomique,"syndromique en lien avec les valeurs de calcémie totale et ionisée, PTH, calcitriol, vitamine D et calciurie",génétique,physiopathologique,b,4
2187,OIC-326-07-B-,Quel est le traitement recommandé pour les insuffisances rénales chroniques ?,Apport de calcium uniquement,"Apport de vitamine D hydroxylée en position 1 ou 1,25",Traitement de la cause uniquement,Symptômes uniquement,b,4
2188,OIC-328-01-A,Quelles sont les principales causes non urologiques des douleurs lombaires aiguës ?,Néphropathies vasculaires et thrombose d'une sténose de l'artère rénale,Infarctus mésentérique et ulcère gastrique,Cholécystite et hépatite,Pneumopathie aigüe et épanchement pleural,b,4
2189,OIC-328-02-A,Quels sont les critères pour identifier une cause urologique ?,"Identifier une colique néphrétique compliquée : hyperthermie, signes cliniques de sepsis",Identifier une pyélonéphrite aigüe compliquée ou à risque de complication,Identifier une torsion du cordon spermatique,Tous les critères ci-dessus,d,4
2190,OIC-328-02-A-,Quels sont les examens complémentaires en faveur d’une colique néphrétique ?,"NFS, plaquettes, ionogramme, créatininémie.",Echographie + ASP (sensibilité 80 à 90%) ou idéalement tomodensitométrie abdomino pelvienne sans injection de contraste.,ECBU et imagerie en urgence par TDM AP non injecté puis éventuellement injecté.,"Pollakiurie, brulures mictionnelles, hématurie.",b,4
2191,OIC-328-04-B,Quels sont les types d'arrêts de travail qui peuvent être associés à la chronicité de la lombalgie aiguë ?,Arrêts de travail courts et sans recherche de bénéfices secondaires,Arrêts de travail prolongés avec recherche de bénéfices secondaires,Arrêts de travail pour raisons familiales ou médicales,Aucun arrêt de travail ne peut être associé à la chronicité de la lombalgie aiguë,b,4
2192,OIC-328-04-B-,Quelle est l'âge d'apparition de la constipation chez les enfants?,Entre 5 et 7 ans,Entre 1 et 4 ans,Entre 8 et 12 ans,Entre 13 et 18 ans,b,4
2193,OIC-328-05-A,Quelle est la caractéristique de la constipation occasionnelle?,Elle est présente depuis au moins 6 mois,Elle touche préférentiellement les hommes,Elle est définie par une plainte d'un patient concernant son transit,Elle se caractérise par l'apparition brusque dans des circonstances particulières,d,4
2194,OIC-328-05-A-,Quel est le type de constipation qui nécessite un traitement symptomatique ?,Orgine organique,Congénitale,Fonctionnelle,Réflexe,c,4
2195,OIC-328-06-B,Quel est l'examen qui permet d'évaluer le temps de transit colique ?,Manométrie ano-rectale,Défécographie,Temps de transit colique aux marqueurs radio-opaques,Déféco-IRM ou IRM pelvienne dynamique,c,4
2196,OIC-328-07-B,Quels sont les signes d’alarme pour une constipation secondaire?,douleurs abdominales et insomnie,"altération de l’état général, amaigrissement, douleurs nocturnes et insomniantes, rectorragies, méléna, constipation sévère, persistante, ne répondant pas au traitement ou s’aggravant sans cause évidente","biologie : anémie, syndrome inflammatoire","syndrome rectal (épreintes, ténesme, faux besoins)",b,4
2197,OIC-328-07-B-,Quels sont les types de laxatifs utilisés en seconde intention?,Laxatifs osmotiques et laxatifs de lest,"Laxatifs irritants, lubrifiants et prokinétiques",Laxatifs stimulants et laxatifs naturels,Laxatifs à base d'huile de ricin,b,4
2198,OIC-328-08-A-,Quel est le traitement médicamenteux recommandé pour les enfants plus grands?,Osmotiques (néonatal),"PEG (dès 6 mois, à forte dose si fécalome)",Lavements si fécalome,Aucun traitement médicamenteux est recommandé,b,4
2199,OIC-328-09-A,Quel est le sous-type du SII caractérisé par une alternance de diarrhée et de constipation ?,SII-D,SII-C,SII-M,SII-I,c,4
2200,OIC-328-10-B,Quel est le retentissement du syndrome de l'intestin irritable sur la qualité de vie?,Faible,Moyen,Très important,Inexistant,c,4
2201,OIC-328-10-B-,Quel est le type de douleur abdominale la plus souvent rapportée dans la colopathie fonctionnelle?,Douloureuse et persistante,Intermittente et exacerbée par l'alimentation,Nuitamment présente,Localisée en hypogastre ou en fosse iliaque gauche,b,4
2202,OIC-328-11-A-,Quels sont les gestes qui doivent être réalisés avant la coloscopie ?,Seulement l'anesthésie générale,La préparation colique orale et l'information du patient sur les risques liés aux gestes,L'endoscopie œsogastroduodénale avec des biopsies,Aucun geste n'est nécessaire avant la coloscopie,b,4
2203,OIC-328-12-B-,Quels sont les principaux traitements utilisés en première intention pour la colopathie fonctionnelle?,Antidépresseurs et laxatifs,Antispasmodiques et régulateurs du transit,Probiotiques et hypnose,Régimes pauvres en FODMAPs et prise en charge psychologique,b,4
2204,OIC-330-01-A,Où siègent les plexus hémorroïdaire interne et externe?,Dans la partie basse du canal anal,À la partie haute du canal anal (plexus hémorroïdaire interne) ou péri-anal (plexus hémorroïdaire externe),Dans le rectum,Dans l'intestin grêle,b,4
2205,OIC-330-02-A,Quelle est la caractéristique des hémorroïdes qui les distingue des veines ?,Elles comportent des valvules conniventes,Elles ne sont pas veineuses,Elles ont une taille fixe,Elles sont asymptomatiques,b,4
2206,OIC-330-02-A-,Quel est le type de revêtement épithélial au niveau du plexus hémorroïdaire interne ?,De type intestinal,De type malpighien,Invisible,Non palpable,a,3
2207,OIC-330-03-A-,Quel est le grade de procidence des hémorroïdes internes lorsque les tissus sont visibles à l'extérieur de l'anus ?,Grade I,Grade II,Grade III,Grade IV,d,4
2208,OIC-330-04-A,Quel est le type de douleur qui suggère une thrombose hémorroïdaire externe ?,Cuisson,Douleur intense,Brûlure,Tension,b,4
2209,OIC-330-05-A,Quelle est la première étape avant d'attribuer l'anémie ferriprive par saignement chronique aux hémorroïdes internes?,Effectuer un diagnostic direct,Éliminer les autres causes de saignements digestifs,Prescrire des traitements immédiats,Ignorer la cause sous-jacente,b,4
2210,OIC-330-05-A-,Quel est le stade des hémorroïdes internes qui s'extériorisent en permanence à l'extérieur lors d'un effort de poussée?,I,II,III,IV,d,4
2211,OIC-330-07-A,Quel est le type de chirurgie qui est considéré comme la référence en termes d'efficacité pour traiter la maladie hémorroïdaire?,Chirurgie de fixation ou retenue,Chirurgie de réséction,Traitement instrumental,Traitement médicamenteux,b,4
2212,OIC-330-07-A-,Quelle est la règle du préambule thérapeutique selon laquelle les procédés instrumentaux et chirurgicaux constituent le traitement de fond de la maladie hémorroïdaire interne ?,a,b,c,d,d,1
2213,OIC-330-08-A,Quel est l'objectif du traitement d'une thrombose hémorroïdaire externe?,Éliminer les symptômes sans traiter la cause,Réduire la douleur et soulager les symptômes,Guérir complètement la thrombose hémorroïdaire externe,Prévenir l'apparition de nouvelles thromboses,b,4
2214,OIC-330-09-A,Quel est le risque de récidive de la thrombose hémorroïdaire externe ?,"Le risque de récidive est nul, même sur le même site.","Les récidives sont possibles, y compris sur le même site.",La récidive ne peut se produire que sur un autre site.,Le risque de récidive est directement lié à la gravité des complications.,b,4
2215,OIC-330-09-A-,Quelle est la localisation de 80% des tumeurs intracrâniennes chez l'adulte ?,En-dessous de la tente du cervelet,Au-dessus de la tente du cervelet,Dans les annexes de l'encéphale,À l'intérieur de l'encéphale lui-même,b,4
2216,OIC-330-10-A,Quelle est la définition d'une tumeur primitive des annexes?,Tumeur intra-axiale développée à l'intérieur du cerveau,Tumeur extra-axiale développée à partir de la moelle épinière,Tumeur extra-axiale développée à partir des méninges et nerfs crâniens,Tumeur intra-axiale développée à partir du cervelet,c,1
2217,OIC-330-10-A-,Quel est le type de tumeur qui se développe à partir des cellules de la glie ?,Méningiome,Adénome hypophysaire,Gliome,Schwannome,c,4
2218,OIC-330-11-A-,Quels sont les déficits neurologiques focaux liés aux tumeurs intracrâniennes ?,Hémianopsie latérale homonyme,Hémiparésie controlatérale,Aphasie,Tous les options précédentes,d,5
2219,OIC-330-13-A,Quels sont les risques d'une épilepsie avec état de mal chez un patient porteur d'une tumeur intra-cérébrale ?,Risque de collapsus cardio-tensionnel et hypoxie,"Rhabdomyolyse, défaillance multi-viscérale et ischémie cérébrale",Décès et troubles de la vigilance,Tous les risques mentionnés ci-dessus,d,4
2220,OIC-330-13-A-,Quel est le traitement préventif recommandé pour l'épilepsie chez un patient porteur d'une tumeur intra-cérébrale en l'absence de crise préalable ?,Privilégier les molécules de nouvelle génération,Chirurgie de résection,Corticothérapie et diurétiques,Pas de traitement préventif,d,4
2221,OIC-330-14-A,Quelle est la définition du mélanome?,Tumeur maligne développée aux dépens des kératinocytes,Tumeur maligne développée aux dépens des mélanocytes,Tumeur maligne développée aux dépens des lymphocytes,Tumeur maligne développée aux dépens des fibroblastes,b,4
2222,OIC-330-14-A-,Quel est le traitement recommandé pour les verrues?,Traitement spécifique avec médicaments antiviraux,Destruction chimique par kératolytiques ou physique par cryothérapie,Traitement chirurgical avec excision des lésions,Traitement par laser,b,4
2223,OIC-330-15-A,Quel est le principal facteur favorisant les carcinomes cutanés?,L'immunodépression,La consommation de tabac,L'exposition solaire,Le stress,c,4
2224,OIC-330-15-A-,"Quelles sont les marges de sécurité conseillées pour les mélanomes avec un indice de Breslow compris entre 1,01 et 2 mm ?","0,5 cm",1 à 2 cm,3 cm,4 cm,b,4
2225,OIC-330-16-A,"Quelle est la forme de carcinome épidermoïde (CE) qui se présente comme une tumeur irrégulière, recouverte de croûtes, à bords inflammatoires, à base indurée, devenant ulcéro-végétante ?",in situ,invaisif,nodulaire,sclérodermiforme,b,4
2226,OIC-330-16-A-,Quel est le pronostic des carcinomes basocellulaires (CBC) ?,Pronostic moyen,Pronostic excellent,Pronostic mauvais,Pronostic inconnu,b,4
2227,OIC-330-17-A,Quel est un exemple de lésion qui peut être traitée pour prévenir le carcinome épidermoïde?,Kyste sébacé,Lésion virale HPV induite,Papule de psoriasis,Verrue plane,b,4
2228,OIC-330-17-A-,Quel est le facteur responsable du développement des naevi qui est corrélé à l'origine ethnique?,facteurs intrinsèques,corrélation entre nombre de naevi et phototype,prédisposition familiale,"environnementaux, comportementaux",b,4
2229,OIC-332-01-A,Quel est un exemple de diagnostic différentiel des nævi ?,Botriomycome,Histiocytofibrome,Angiome thombosé,Lésion hématique plantaire,a,4
2230,OIC-332-02-A,Quel est le critère pronostique le plus pertinent pour un mélanome ?,L'ulcération,L'index mitotique,L'épaisseur maximale de la tumeur (indice de Breslow),La couleur inhomogène,c,4
2231,OIC-332-02-A-,Quels sont les facteurs de mauvais pronostic au stade IV du mélanome?,"Un taux de LDH élevé, une masse tumorale élevée et des métastases cérébrales symptomatiques",Le nombre et taille des ganglions envahis et la rupture capsulaire,"Un taux de LDH élevé, une masse tumorale élevée et des métastases hépatiques",Des métastases cérébrales symptomatiques et/ou plus de 3 métastases cérébrales,a,4
2232,OIC-332-03-B,Quel est l'objectif de la prévention secondaire du mélanome ?,Diminuer le risque de développement du mélanome,Améliorer le pronostic par un dépistage précoce,Réduire les coûts liés au traitement du mélanome,Augmenter la sensibilisation à l'importance de la photoprotection,b,4
2233,OIC-332-05-A-,Quel est le score histo-pronostique ISUP qui caractérise les tumeurs de la prostate les moins agressives?,Score 3,Score 4,Score 5,Score 1,d,4
2234,OIC-332-06-B,Quel est le taux de mortalité standardisé du cancer de la prostate ?,5/100000 cas,10/100000 cas,15/100000 cas,20/100000 cas,b,4
2235,OIC-332-06-B-,Existe-t-il une modalité de chimio-prévention du cancer de la prostate ?,"Oui, elle est recommandée par le Comité Cancérologie AFU 2022-2024","Non, il n'y a pas de chimioprévention dans le cancer de la prostate","Peut-être, mais cela dépend des facteurs individuels",Seulement pour les personnes âgées,b,4
2236,OIC-332-07-B,Quel est le principal site de métastase non ganglionnaire du cancer de la prostate ?,Os,Foie,Poumon,Reins,a,4
2237,OIC-332-08-A,Quelle est la valeur seuil qui doit alerter pour un dosage de PSA ?,3 ng/ml,4 ng/ml,5 ng/ml,6 ng/ml,b,4
2238,OIC-332-08-A-,Quel est le traitement recommandé pour les patients avec un cancer de la prostate localisé à haut risque selon la classification de D'Amico ?,Hormonothérapie longue (18-36 mois) sans radiothérapie,Prostatectomie totale sans curage,Radiothérapie pelvienne seule,Hormonothérapie longue (18-36 mois) avec radiothérapie pelvienne,d,4
2239,OIC-332-09-A,Quel est le nombre approximatif de nouveaux cas de cancer du sein en France par an ?,40 000,58 000,70 000,80 000,b,4
2240,OIC-332-09-A-,Quels sont les facteurs de risque extrinsèques du cancer du sein ?,âge et antécédents familiaux,"sédentarité et consommation d'alcool, de tabac",irradiation thoracique et haut niveau socioéconomique,antécédents gynéco-obstétricaux et exposition aux traitements hormonaux,b,4
2241,OIC-332-11-B,Quel est le type de dépistage proposé pour les femmes à risque élevé ou très élevé ?,Un examen clinique tous les ans.,Une mammographie tous les 5 ans.,Un dépistage individuel adapté basé sur un examen clinique et une imagerie.,Aucun dépistage proposé.,c,4
2242,OIC-332-11-B-,Quels sont les signes de modifications de la peau du sein ou du mamelon ?,"Rétraction, fossette ou méplat uniquement",Déviation ou invagination du mamelon uniquement,Écoulement mamelonnaire et ulcère cutané uniquement,"Rétraction, fossette ou méplat, déviation ou invagination du mamelon, écoulement mamelonnaire, ulcère cutané, peau d'orange, œdème cutané, inflammation avec augmentation du volume du sein, érythème localisé ou diffus et chaleur locale",d,4
2243,OIC-332-12-B,Quel est le signe clinique représenté par la rétraction mammaire « en coup de hache » ?,Ecoulement sanguin/lactescent,Méplat du sein,Rétraction mammaire (« en coup de hache »),"Asymétrie mammaire, sein gauche inflammatoire et œdématié, aspect de peau d’orange",c,4
2244,OIC-332-12-B-,Quel est le but principal de la mammographie ?,"Dépister les cancers du sein chez toutes les femmes, quel que soit leur âge","Permettre de préciser la localisation, la taille et les caractéristiques d'une anomalie mammaire",Guider uniquement les biopsies des lésions palpables,Seul but : guider le repérage avant exérèse des lésions non palpables,b,4
2245,OIC-332-13-A,Quelle est la modalité de guidage la plus courante pour les microbiopsies ?,Sous stéréotaxie (foyer de microcalcifications mammographiques).,Sous échographie (masse échographique).,Sous IRM.,Les microbiopsies ne nécessitent pas de guidage spécifique.,b,4
2246,OIC-332-13-A-,Quel type de tumeur maligne du sein est le plus fréquent ?,Carcinome lobulaire infiltrant,Carcinome canalaire infiltrant non spécifique (carcinome infiltrant non spécifique),Carcinome ductal in situ,Adénocarcinome de type spécifique,b,4
2247,OIC-336-01-A,Quel est le but du bilan d'extension local dans le cancer du sein?,Rechercher des métastases viscérales ou osseuses,Évaluer la taille tumorale et le nombre de lésions,Effectuer un curage axillaire en pré opératoire,Rechercher des lésions additionnelles et des adénopathies axillaires,d,4
2248,OIC-336-01-A-,Quels sont les objectifs des traitements en cas de stade métastatique ?,Augmenter la survie des patientes uniquement.,Améliorer la qualité de vie et augmenter la survie des patientes.,Réduire les effets indésirables des traitements uniquement.,Augmenter la taille tumorale uniquement.,b,4
2249,OIC-336-02-B,Quel pourcentage de blastes doit représenter sur un examen cytologique au myélogramme pour définir une leucémie aiguë (LA) ?,Moins de 20%.,Plus de 10% mais moins de 20%.,Plus de 20%.,Aucun pourcentage spécifique n'est défini.,c,4
2250,OIC-336-03-A-,Quel est le type de syndrome hémorragique secondaire à la thrombopénie dans ce contexte?,Saignements internes uniquement,"Saignements cutanéomuqueux, purpura et coagulation intravasculaire disséminée",Hémorragies cérébrales et cardiaques,Saignements nasaux et conjonctivaux,b,4
2251,OIC-336-04-A,Quels sont les signes cliniques de gravité liés à la thrombopénie dans le syndrome d'insuffisance médullaire ?,"Choc septique, insuffisance rénale aiguë, hyperkaliémie","Souffrance myocardique, choc hémorragique, saignement cérébral","Troubles de l'hémostase, CIVD avec risque de syndrome de dysfonction multiviscérale","Atteinte méningée, formes compressives, leucostase",b,4
2252,OIC-336-04-A-,Quel est le type d'anémie qui peut être présent dans les laucémies aiguës?,Anémie microcytaire,Anémie normocytique,Anémie macrocytaire,Anémie hémolytique,b,4
2253,OIC-336-05-A,Quel est l'un des avantages de la ponction médullaire dans le diagnostic positif de la leucémie aiguë?,Permet de différencier LAM et LAL sans immunophénotypage,Permet de caractériser les blastes de la maladie par diverses techniques complémentaires,Ne nécessite pas d'immunophénotypage,Est une procédure invasive et dangereuse,b,4
2254,OIC-336-05-A-,Quel est le type de prolifération de cellules blastiques qui représente 80% des leucémies de l'enfant ?,Lymphoblastiques,Myéloblastiques,Autres types de proliférations,Tous les types de proliférations sont égaux,a,4
2255,OIC-336-06-B,Quels sont les signes témoins de complications aigues qui doivent être repérés et pris en charge en urgence dans une leucémie aiguë?,"détresse respiratoire, CIVD, insuffisance rénale","troubles de la vigilance, céphalées, troubles du sommeil","douleurs articulaires, boiterie, hépatomégalie","anémie, thrombopénie, neutropénie",a,4
2256,OIC-336-06-B-,Quel est le pourcentage de blastes sur MO riche en cas de leucémie aigue que montrera un myélogramme ?,> 10%,> 25%,> 50%,> 75%,b,4
2257,OIC-336-07-A,Quels sont les cas dans lesquels un EIM peut survenir ?,Seul en cas d'usage conforme aux termes de l'autorisation du médicament,Tout ce qui n'est pas mentionné dans la liste ci-dessous,"En cas d'usage hors-autorisation, de surdosage, de mésusage, d'abus, d'erreur médicamenteuse, d'interaction, lors de la prise pendant la grossesse ou l'allaitement, et lors d'une exposition professionnelle.",Seul en cas d'interaction entre deux médicaments,c,4
2258,OIC-336-07-A-,Quel est l'enjeu individuel concernant les risques liés aux médicaments ?,Nécessité d'un système de surveillance,Bon usage du médicament et prise en charge adaptée,Détection et analyse du signal en vie réelle,Ajustement des informations réglementaires,b,4
2259,OIC-336-08-A,Quels sont les caractères inappropriés d'une prescription médicamenteuse ?,La prise en compte des interactions médicamenteuses potentielles et la non prise en compte des comorbidités du patient.,"La non prise en compte des caractéristiques du malade dans le choix du principe actif, de la dose, de la forme galénique ou de la voie d’administration du médicament.",La prescription sans indication clinique et la non conformité à l’autorisation de mise sur le marché (AMM).,Toutes les options précédentes sont correctes.,d,4
2260,OIC-336-08-A-,Quel est le but de la règle des 5 B ?,Prévenir les erreurs médicales,Améliorer la communication entre médecins,Réduire les coûts hospitaliers,Augmenter le temps de consultation,a,4
2261,OIC-336-09-A,Quel est l'exemple d'une pathologie induite par un médicament qui résulte de la formation d'un complexe anticorps-antigène à la surface de la cellule responsable de sa destruction?,Agranulocytose,Anémie,Thrombopénie,Hémorragie,c,4
2262,OIC-336-09-A-,Quel est le pourcentage d'événements indésirables graves en cours d'hospitalisation en médecine ou chirurgie selon l'étude ENEIS?,5%,7%,10%,12%,b,4
2263,OIC-336-10-B,Quels sont les principaux médicaments en cause des EIM chez les personnes âgées ?,Médicaments à visée gastro-intestinale,Antibiotiques,"Psychotropes, anticoagulants, anti-inflammatoires non stéroïdiens",Vaccins,c,4
2264,OIC-336-10-B-,Qui sont les acteurs de la pharmacovigilance?,Les entreprises ou organisations exploitant les médicaments,Les patients et les associations agréées de patients,"Tous les professionnels de santé, les entreprises ou organisations exploitant les médicaments, les patients et les associations agréées de patients, les Centres Régionaux de Pharmacovigilance (CRPV), l'ANSM, l'Agence Européenne du Médicament (EMA)",Les professionnels de santé,c,4
2265,OIC-336-11-B,Qui évalue l'imputabilité lors de la notification d'un effet indésirable médicamenteux?,Le centre régional de pharmacovigilance,L'Agence nationale de sécurité du médicament et des produits de santé (ANSM),Le médecin traitant,La patiente ou le patient,a,4
2266,OIC-336-11-B-,Comment déclarer un effet indésirable suspecté d'être dû à un médicament ?,Par téléphone au 15,Via le portail de déclaration des événements sanitaires indésirables : https://signalement.social-sante.gouv.fr,En envoyant un courriel à l'Agence nationale de sécurité du médicament et des produits de santé (ANSM),Formulaire Cerfa envoyé au Centre Régional de Pharmacovigilance du territoire : https://www.service-public.fr/particuliers/vosdroits/R14404,b,4
2267,OIC-336-12-B,Quels sont les missions des Centres d’Addictovigilance en France?,Seulement recueillir des informations sur les médicaments,"Recueil de l'information nécessaire à l'évaluation du potentiel d'abus et de dépendance, information et formation des professionnels de santé, recherche et expertise, conseil et enquête",Faire uniquement des recherches sur les effets secondaires des médicaments,Ne rien faire pour prévenir le risque d'abus de substances,b,4
2268,OIC-336-12-B-,Quel est le contenu d&#39;une déclaration obligatoire ?,"cas de pharmacodépendance grave ou d’abus grave d’une substance, plante, médicament ou autre produit mentionné à l’article R. 5132-98","cas de pharmacodépendance légère ou d’abus léger d’une substance, plante, médicament ou autre produit mentionné à l’article R. 5132-98",cas de dépendance ou d&#39;abus liés à la consommation d&#39;alcool et du tabac,"cas de pharmacodépendance grave ou d’abus grave d’une substance, plante, médicament ou autre produit mentionné à l’article R. 5132-98 à l’exclusion de l’alcool et du tabac",d,4
2269,OIC-336-13-A,Qui enregistre et instruit les incidents et risques d'incidents signalés dans le cadre de la matériovigilance?,Le coordonnateur régional de matériovigilance,L'Agence Nationale de Sécurité du Médicament et des produits de Santé (ANSM),Les correspondants locaux de pharmacovigilance,Les professionnels de santé,b,4
2270,OIC-336-14-A,Quels sont les mécanismes d'une erreur médicamenteuse?,Seulement la pratique professionnelle,Seulement les produits de santé,"L'ensemble du circuit du médicament : prescription, communication, dispensation, préparation, distribution, administration, éducation, surveillance/suivi thérapeutique et utilisation",La seule cause directe liée aux produits est l'étiquetage,c,4
2271,OIC-336-14-A-,Comment déclarer une erreur médicamenteuse ?,En contactant directement le Centre Régional de Pharmacovigilance (CRPV) de son territoire et en sélectionnant la rubrique « pharmacovigilance » sur le portail de signalement des événements sanitaires indésirables,"Via le portail de signalement des événements sanitaires indésirables, en sélectionnant la rubrique « pharmacovigilance » si l’erreur est avec effet indésirable ou sans effet indésirable",En contactant directement le Centre Régional de Pharmacovigilance (CRPV) de son territoire et en sélectionnant la rubrique « erreur médicamenteuse sans effet » sur le portail de signalement des événements sanitaires indésirables,"Via le portail de signalement des événements sanitaires indésirables, en sélectionnant la rubrique « pharmacovigilance » si l’erreur est avec effet indésirable ou sans effet indésirable et en transmettant également un volet 2 après analyse des causes profondes",b,4
2272,OIC-336-15-B,Quels sont les risques identifiés liés au transport des médicaments?,Altération du conditionnement et non-respect des conditions de conservation,Seulement l'altération du conditionnement,"Les deux éléments mentionnés dans le texte (altération du conditionnement, non-respect des conditions de conservation)",Aucun risque n'est identifié lors du transport des médicaments,c,4
2273,OIC-342-01-A,Quels sont les types de substances toxiques qui peuvent être présentes dans les contrefaçons médicamenteuses?,Métaux lourds et produits ménagers d’usage courant,Poisons vrais et principes actifs autres et non désirés,Métaux lourds et principes actifs autres et non désirés,Tous les types de substances toxiques mentionnés ci-dessus,d,4
2274,OIC-342-02-B,Qui indemnise la victime dans le cas d'une responsabilité sans faute?,L'assurance médicale de l'hôpital,La Commission de Conciliation et d’Indemnisation (CCI),"L'Office National d’Indemnisation des Accidents Médicaux, des Affections Iatrogènes et des Infections Nosocomiales (ONIAM)",La victime elle-même,c,4
2275,OIC-342-03-A,Quel est l'objectif d'une étude de bioéquivalence pour un médicament générique?,Démontrer la sécurité du médicament,Prouver l'efficacité du médicament,Comparer les caractéristiques pharmacocinétiques avec le médicament princeps,Évaluer les effets secondaires du médicament,c,4
2276,OIC-342-03-A-,Quels sont les critères utilisés pour déterminer le Service Médical Rendu (SMR) ?,Seuls l'efficacité et les effets indésirables du médicament,"L'efficacité, les effets indésirables, la place dans la stratégie thérapeutique et l'intérêt pour la santé publique",Le prix du médicament et sa disponibilité sur le marché,La sécurité et la tolérance du médicament,b,4
2277,OIC-342-04-A,Quel est le rôle de l'infirmier en cas d'impossibilité de vérification et de risques manifestes et imminents pour la santé du patient ?,Refuser la prescription médicale.,Vérifier auprès d'un autre membre de la profession concernée.,Adopter l'attitude qui permet de préserver au mieux la santé du patient.,Délivrer un médicament sans accord exprès et préalable du prescripteur.,c,4
2278,OIC-342-04-A-,Quelle est la caractéristique du rapport bénéfice/risque?,Il est figé et ne peut pas être modifié,Il est actualisé en permanence en fonction de l'amélioration des connaissances,Il n'est utile que pour les industriels,Il n'est utile que pour les autorités compétentes,b,4
2279,OIC-342-05-A,Quels sont les objectifs du développement professionnel continu (DPC) selon l'article L4021-1 du CSP ?,"Maintenir et améliorer les connaissances, mais pas les compétences","Maintenir et actualiser les connaissances et compétences, ainsi que l'amélioration des pratiques",Se former uniquement en ligne,S'engager dans une démarche d'accréditation,b,4
2280,OIC-342-06-A,Quels sont les critères évalués lors de la consultation de suivi d'une pathologie chronique pour un dispositif thérapeutique non médicamenteuse?,efficacité thérapeutique / tolérance,seul l'efficacité thérapeutique,les seules conditions d’utilisation,aucun des éléments ci-dessus,a,4
2281,OIC-342-06-A-,Quelle est la nouvelle règlementation européenne concernant les dispositifs médicaux?,Règlement UE 2017/745 datant de mai 2020,Règlement UE 2017/745 datant de mai 2021,Règlement UE 2016/746 datant de mai 2020,Règlement UE 2015/744 datant de mai 2021,b,4
2282,OIC-342-07-A-,Quel est le type de dispositif médical qui nécessite une prescription sur imprimé spécifique avec entente préalable et peut être conçu par un orthoprothésiste ou podo-orthésiste?,Petit appareillage,Grand appareillage,Appareil d'immobilisation,Contention mécanique,b,4
2283,OIC-342-08-A,Quels sont les objectifs du traitement orthétique?,Seulement immobilisation et repos,"Immobilisation, repos, stabilisation, correction et suppléance",Stabiliser un membre blessé,Faire du sport avec un membre sain,b,4
2284,OIC-342-08-A-,Quel est l'exemple d'indication pour une orthèse statique?,"Fracture, patho neuro, douleur, tendinopathie, post-chirurgie","Entorse, patho articulaire, douleur",Plexus brachial (orthèse hélicoïdale),"Mal perforant, fracture, neuroarthropathie, infection, tumeur",a,4
2285,OIC-342-09-A,Quel est le type d'orthèse qui nécessite une prescription médicale?,Petit appareillage,Grand appareillage,Les deux précédents,Aucun des précédents,c,4
2286,OIC-342-09-A-,Quel est le but d'un appareillage précoce pour un sujet amputé ?,Choisir l'appareillage selon le projet de vie du sujet,Intégrer la rééducation en centre spécialisé,Interagir avec l'environnement du patient,Appareiller précoce pour une rééducation efficace,d,4
2287,OIC-342-10-A-,Quel est l'exemple d'aide à la déambulation ?,Fauteuil roulant électrique,Cannes,Verticalisateur,Planche de bain,b,4
2288,OIC-342-12-B,Quels sont les deux principaux effets indésirables des AINS ?,Effets cardiovasculaires et rénaux,Effets digestifs et allergiques,Effets neurosensoriels et hépatiques,Effets musculaires et cutanés,b,4
2289,OIC-342-13-B,Quels sont les effets indésirables fréquents des bêta-bloquants ?,"Insomnies et cauchemars, troubles de conduction atrioventriculaires","Asthénie, bradycardie, refroidissement des extrémités et phénomène de Raynaud","Bronchoconstriction, prolongation/masquage des hypoglycémies chez les diabétiques sous sulfamides ou insuline","Psoriasis, effet rebond à l’arrêt brutal du traitement",b,4
2290,OIC-342-14-A,Quels sont les effets indésirables des dihydropyridines ?,"Bradycardie, troubles de conduction","Flushes, céphalées, oedèmes périphériques","Insuffisance cardiaque, hypertension artérielle",Tachycardies jonctionnelles paroxystiques et certains troubles du rythme supraventriculaires,b,4
2291,OIC-342-14-A-,Quel est le type d'action de Ticagrélor?,Irréversible,Réversible,Inhibition de la synthèse du thromboxane A2,Antagoniste des récepteurs P2Y12,b,4
2292,OIC-342-15-A,Quel est le principal effet indésirable des héparines ?,Ostéoporose,Thrombopénie induite par l'héparine,"Saignements, tout site possible",Hypokaliémie,c,4
2293,OIC-342-16-A,Quels sont les effets secondaires courants des benzodiazépines ?,"Somnolence, fatigue et dépendance","Diarrhée, nausées et vomissements","Douleurs abdominales, fièvre et maux de tête","Perte d'appétit, tremblements et agitation",a,4
2294,OIC-342-16-A-,Quel est le principal mécanisme d'action des inhibiteurs spécifiques de recapture de la sérotonine ?,Inhibition de la libération de dopamine,Inhibition de la recapture de la sérotonine,Stimulation du système nerveux central,Inhibition de l'activité des récepteurs adrénergiques,b,4
2295,OIC-342-17-B,Quels sont les effets secondaires des antipsychotiques ?,Ils peuvent provoquer une augmentation de la libido et une perte d'appétit.,"Ils peuvent entraîner des troubles du mouvement, tels que la dyskinesie et les tremblements.",Ils sont généralement bien tolérés et n'ont pas de effets secondaires graves.,Ils peuvent provoquer une augmentation de la pression artérielle et des problèmes cardiaques.,b,4
2296,OIC-342-18-B,Quel est l'effet indésirable le plus courant des statines ?,Myalgies et augmentation des CPK.,Rhabdomyolyses et augmentation des transaminases.,Constipation et troubles digestifs.,Hémorragies et hématome au site d'injection.,a,4
2297,OIC-342-18-B-,Quel est l'objectif de l'insulinothérapie ?,Réduire la glycémie en augmentant la libération hépatique du glucose,Augmenter la captation périphérique du glucose par le muscle squelettique et le tissu adipeux,Reproduire l'insulinosécrétion physiologique du pancréas normal en assurant une insulinémie basale stable durant 24 heures et 3 pics d'insulinémie au moment de chacun des 3 repas,Aucun des précédents,c,4
2298,OIC-342-19-B,Quel est l'un des effets indésirables des inhibiteurs de la DPP-4 ?,arthralgie (peu fréquent),pancréatite (très rare),hypoglycémie,infections urogénitales (fréquentes),b,4
2299,OIC-342-20-A,Quels sont les opioïdes faibles indiqués dans les douleurs neuropathiques ?,"Morphine, oxycodone et fentanyl",Tramadol et codéine,Oxycodone et naloxone,Fentanyl et buprénorphine,b,4
2300,OIC-342-20-A-,Quels sont les signes cliniques d'hypoperfusion périphérique?,Polypnée <22 cycles/min et marbrures,Tachycardie réactionnelle et oligurie,Allongement du temps de recoloration cutané et confusion,Tous les éléments précédents,d,4
2301,OIC-342-21-A,Quels sont les principaux obstacles circulatoires qui entraînent un état de choc ?,Embolie pulmonaire et hémorragie,Infarctus du myocarde et myocardite,Diarrhées/vomissements profus et infections,Obstacle circulatoire et insuffisance cardiaque,a,4
2302,OIC-342-21-A-,Quel est le type d'état de choc caractérisé par une augmentation des résistances vasculaires systémiques ?,Vasoconstriction,Vasodilatation,Désamorçage de la pompe,Hyperkinésie cardiaque,a,3
2303,OIC-347-01-A,Quelle est la définition de l'hypotension artérielle ?,PAS < 90 mmHg ou PAM < 65 mmHg,Variation de plus de 30% chez les patients chroniquement hypertendus,Tous les deux,Aucun des deux,c,4
2304,OIC-347-01-A-,Quel est le type d'évaluation qui nécessite avant tout des éléments cliniques ?,Évaluation diagnostique,Évaluation de la gravité du choc,Évaluation étiologique à la phase initiale,Évaluation des soins intensifs,c,4
2305,OIC-347-02-B,Quel est l'examen qui permet de caractériser le profil hémodynamique ?,L'évaluation spécialisée en secteur de réanimation,Les examens à visée diagnostique ou préthérapeutique,Les examens visant à évaluer la gravité,La tomodensitométrie,a,3
2306,OIC-347-03-A,Quels sont les paramètres vitaux à surveiller dans un état de choc ?,SpO2 et pression artérielle PNI,Electrocardioscope et mesure fréquente de la pression artérielle PNI,Oxygénothérapie systématique et remplissage vasculaire,Tous les paramètres vitaux mentionnés ci-dessus,d,4
2307,OIC-347-03-A-,Quel est le type de sang à transfuser en urgence virale immédiate sans groupe sanguin ?,A+,O- chez femme en âge de procréer,AB+,B-,b,4
2308,OIC-347-04-A-,Quel est le traitement spécifique pour une embolie pulmonaire dans la prise en charge du choc cardiogénique ?,prise en charge symptomatique d'un trouble du rythme,prise en charge chirurgicale d'une valvulopathie ou d'une dissection aortique,drainage péricardique,thrombolyse en l'absence de contre-indication,d,4
2309,OIC-347-05-B,Quel est le diagnostic objectivé par l'échographie transthoracique dans un cas de tamponnade péricardique ?,Pneumothorax,Embole pulmonaire,Tamponnade péricardique,Dissection aortique,c,4
2310,OIC-347-06-A-,Quels sont les mécanismes pouvant concourir au coma?,Seuls les traumatismes crâniens peuvent causer un coma.,Les infections et les intoxications peuvent également causer un coma.,Le coma est uniquement causé par des problèmes de circulation sanguine.,Seuls les cancers peuvent causer un coma.,b,4
2311,OIC-347-07-A-,Quels sont les mouvements oculaires qui ne sont pas localisateurs dans le contexte de l'examen neurologique d'un patient dans le coma ?,Mouvements pendulaires des globes oculaires,Paralysie du VI unilatérale ou bilatérale,Perte de parallélisme des axes oculaires,Myosis,a,4
2312,OIC-347-08-A-,Quels sont les examens complémentaires possibles pour confirmer le diagnostic de mort encéphalique ?,Un seul électroencéphalogramme (EEG) réalisé pendant 30 minutes,Deux électroencéphalogrammes (EEG) réalisés à 4h d'intervalle avec amplification maximale et conditions de réalisation spécifiques,Une angiographie des 4 axes avec injection de produit de contraste,Tous les examens complémentaires ci-dessus sont possibles pour confirmer le diagnostic de mort encéphalique,d,4
2313,OIC-347-09-A-,Quels sont les autres signes d'urgence extrême d'un coma chez l'adulte et chez l'enfant?,Crises généralisées tonicocloniques durant plus de 5 min ou se succédant sans reprise de la conscience entre les crises,Tableau d’HTIC (difficile à diagnostiquer si le patient est vu d’emblée dans le coma),Signes de détresse respiratoire,Score de Glasgow < 8 (perte protection voies aériennes),a,4
2314,OIC-347-10-B-,Quel est l'avantage de l'IRM cérébrale par rapport au scanner?,L'IRM cérébrale est moins sensible que le scanner,L'IRM cérébrale est plus sensible que le scanner,L'IRM cérébrale prend moins de temps pour les résultats,L'IRM cérébrale n'est pas utilisé en urgence,b,4
2315,OIC-347-11-A,Où se trouve généralement une hémorragie méningée sur une tomodensitométrie?,Dans les espaces sous-arachnoïdiens,Au sein du parenchyme cérébral,Dans les sillons et les citernes de la base,Tout le long des vaisseaux sanguins,a,4
2316,OIC-351-01-A-,Quel est le traitement approprié pour une hypoglycémie ?,Administration de sérum glucosé (G30 en IV),Mise en place d'une perfusion avec du sérum physiologique,Oxygénothérapie si saturation < 92%,Appeler à l'aide sans administrer de traitement,a,4
2317,OIC-351-02-A,Quel type de perfusion est préféré en cas de coma non traumatique chez l'adulte et l'enfant?,Perfusion de glucosé (hypotonique),Perfusion de sérum physiologique (isotonique),Mélange de sérum physiologique et de glucosé,Pas de perfusion en cas de coma non traumatique,b,4
2318,OIC-351-02-A-,Quelle est la définition d'une lipothymie?,Une perte de connaissance complète,Une manifestation clinique de mécanisme identique aux syncopes mais la durée d'hypoperfusion cérébrale est trop brève pour entraîner une perte de connaissance complète,Un état de mal épileptique,Une crise tonico-clonique généralisée,b,4
2319,OIC-351-03-A,Quel est le deuxième mécanisme physiopathologique principal d'un malaise?,hypoperfusion cérébrale,dysfonctionnement de l'activité cérébrale,infection cérébrale,tumeur cérébrale,b,4
2320,OIC-351-03-A-,Quels sont les éléments à rechercher dans l'interrogatoire pour orienter le diagnostic étiologique ?,Seuls les antécédents de maladie à l'origine d'une dysautonomie,"Tous les facteurs mentionnés (port d'un pacemaker, antécédents de maladie à l'origine d'une dysautonomie, etc.)",Seuls les antécédents familiaux de cardiopathie et/ou de mort subite,Aucun des éléments mentionnés,b,4
2321,OIC-351-04-A,Quels sont les circonstances qui peuvent déclencher une syncope ?,Seulement en position allongée,Seulement à l'effort,À l'effort ou en position allongée,Jamais en position allongée ni à l'effort,c,4
2322,OIC-351-06-A,Quels sont les exemples de troubles métaboliques qui peuvent causer des malaises avec perte de connaissance partielle ou totale?,"Chutes, catalepsie, drops attacks","Une méningite, un arrêt de traitement, une lésion intra-cérébrale focale","Hypoglycémie, hypoxie, intoxications",Pseudo syncope psychogène,c,4
2323,OIC-351-07-A,Quelle est la surveillance à entreprendre en cas de causes cardiaques ?,Surveillance intermittente,Surveillance continue du rythme cardiaque,Pas de surveillance nécessaire,Surveillance uniquement par téléphone,b,4
2324,OIC-351-08-A,Quel est le but principal de l'électroencéphalogramme (EEG) en cas de malaise ou perte de connaissance présumés d'origine épileptique?,Déterminer la cause du malaise,Évaluer les dommages cérébraux,Connaître les indications de l'EEG en cas de malaise ou perte de connaissance présumés d'origine épileptique,Mesurer la température corporelle,c,4
2325,OIC-351-08-A-,Quel est l'examen qui consiste à étudier les fonctions électriques du cœur ?,Ionogramme sanguin et créatininémie,Test d'inclinaison,Monitoring ECG implantable,Étude électrophysiologique endocavitaire,d,4
2326,OIC-351-09-B,Quels sont les éléments cliniques justificatifs un avis réanimatoire en urgence?,coma persistant,état de mal épileptique,"défaillance d’un ou plusieurs organes vitaux, nécessitant le recours à une technique de suppléance artificielle",orages rythmiques,c,4
2327,OIC-351-09-B-,Qu'est-ce que l'on doit éviter de faire en cas de crise convulsive généralisée?,Appeler les services d'urgence et suivre les instructions du médecin,Utiliser un objet pointu pour essayer d'arrêter la crise,Placer le patient sur le côté pour éviter l'étouffement,Essayer de calmer le patient en lui parlant doucement,b,4
2328,OIC-351-10-A,Quel est le traitement symptomatique d'un malaise?,Appeler un médecin,"Mise en sécurité, position latérale de sécurité si inconscient et surélévation des jambes si hypotension artérielle",Donner du café ou du thé pour réveiller la personne,Laisser la personne seule jusqu'à ce qu'elle se réveille,b,4
2329,OIC-351-10-A-,"Quel est le résultat souhaité du suivi cardiologique après un malaise, une syncope ou une lipothymie de cause rythmique?",Réduire les symptômes,Prévenir la mort subite,Améliorer la qualité de vie,Éliminer le risque de récidive,b,4
2330,OIC-351-11-A,"Quel est l'objectif principal du suivi d'un patient après une visite pour malaise, syncope ou lipothymie réflexe?",Suivre les progrès de la maladie,Rassurer le patient et éduquer sur les risques,Prescrire des médicaments sans examen,Envoyer directement en réanimation,b,4
2331,OIC-351-11-A-,"Quel est l'aspect important à considérer lors du suivi d'un patient présentant un malaise, une hypotension artérielle orthostatique ?",Seulement la sécurité des médicaments,L'éducation du patient sur ses traitements et les risques associés à l'âge,La vigilance particulière chez les sujets âgés en raison de leur vulnérabilité,Aucun des éléments ci-dessus,c,4
2332,OIC-351-12-A,Quel est le type de traitement anticonvulsivant qui peut être administré en cas d'urgence?,Traitement à longue durée d'action,Traitement à courte durée d'action (benzodiazépines),Traitement par injection,Traitement par voie orale,b,4
2333,OIC-351-12-A-,Quels sont les traitements à utiliser dans la prise en charge de la crise comitiale?,Seuls des traitements à courte durée d'action,Des traitements de longue durée d'action associés aux traitements de courte durée d'action,Des traitements uniquement oraux,Des traitements uniquement injectables,b,4
2334,OIC-353-01-A,Quelle est l'une des principales causes de rétention aiguë d'urine chez les hommes?,Hypertrophie bénigne de la prostate,Prolapsus génital sévère,Lithiase ou corps étranger vésical ou urétral,Tumeur du col utérin,a,4
2335,OIC-353-01-A-,Quel est le type d'anomalie qui peut provoquer la rétention aiguë d'urine ?,une anomalie de contraction sphinctérienne,une obstruction mécanique,une anomalie de relaxation détrusorienne,une anomalie de fonctionnement du système nerveux,b,4
2336,OIC-353-02-A,Quelle est une cause possible de rétention aiguë d'urine chez les deux sexes ?,Hypertrophie bénigne de la prostate,Lithiase urinaire,Tumeurs vésicales,Sténose urétrale,b,4
2337,OIC-353-02-A-,Quel est l'objectif de l'examen clinique dans le diagnostic de la rétention aiguë d’urine ?,Éliminer les fausses incontinences urinaires,"Faire le diagnostic étiologique (fécalome, HBP, prostatite, cancer de la prostate)",Diagnostiquer une infection urinaire,Évaluer les symptômes associés,b,4
2338,OIC-353-03-A,Quel est le seul symptôme de rétention aiguë d'urine chez les patients blessés médullaires (lésion au dessus de T6) ?,Une hyper-réflexie autonome,Un syndrome confusionnel,Une douleur abdominale,Une fréquence urinaire accrue,a,4
2339,OIC-353-04-A,Quel est le résultat attendu d'une échographie sus pubienne en cas de rétention aiguë d'urine ?,Évaluation de la fonction rénale,Évaluation de la réplétion vésicale,Détection de l'infection urinaire,Diagnostic d'une maladie cardiaque,b,4
2340,OIC-353-06-B,Quel est le but de la surveillance horaire de la diurèse en cas de rétention aiguë d'urine ?,Évaluer l'état général du patient,Surveiller et traiter le syndrome de levée d'obstacle,Mesurer la pression artérielle,Déterminer la cause de la rétention aiguë d'urine,b,4
2341,OIC-353-06-B-,Quels sont les comportements caractéristiques de l'agitation ?,"Des comportements tels que la lecture, le fait de rester assis en silence, des frottements de mains.","Des comportements tels que la marche, l'impossibilité de rester en place, des frottements de mains, le fait de tirer sur ses vêtements, l'incapacité à rester assis.","Des comportements tels que la sieste, le fait de rester couché, des frottements de pieds.","Des comportements tels que la danse, le fait de rester debout en silence, des frottements de mains.",b,4
2342,OIC-353-07-B,Qu'est-ce que les hallucinations ?,Une perception sensorielle avec présence d'objet détectable,"Une altération du contenu de la pensée entraînant une perte de contact avec la réalité, non partagée par le groupe socio-culturel",Une perception sensorielle sans présence d’objet détectable,Un trouble du langage,c,4
2343,OIC-353-08-A,Quelles sont les causes fréquentes d'agitation chez l'adulte jeune ?,Troubles psychiatriques,"Substances psychoactives, complication de sevrage d'une substance psychoactive, iatrogénie, trouble métabolique et endocrinopathie","Pathologie neurologique, intoxication au CO, pathologie cardiovasculaire","Douleur, infection, rétention urinaire ou fécalome",b,4
2344,OIC-353-08-A-,Quel est l’âge qui présente les mêmes étiologies possibles que pour l’état d’agitation ?,Adulte jeune,Personne âgée,Enfant,Adolescent,b,4
2345,OIC-353-09-B,Quels sont les signes que l'on recherche dans l'examen neurologique ?,Deshydratation sévère et sepsis,"Myosis, mydriase et syndrome méningé",Troubles hydro-électyrolytiques et tachycardie,Globe urinaire et dyspnée,b,4
2346,OIC-353-09-B-,Quelle est la caractéristique de l'organisation et de la cohérence des idées délirantes dans la schizophrénie?,systématisées avec une logique apparente,"non systématisées, floues, sans logique, sans fil narratif","adhésion totale, inaccessible au raisonnement",modification de mode de vie,b,4
2347,OIC-353-10-B,Quel type d'hallucination est souvent acoustico-verbale ?,Hallucinations visuelles,"Hallucinations auditives, souvent acoustico-verbales",Hallucinations olfactives,Hallucinations tactiles,b,4
2348,OIC-353-10-B-,Quels sont les éléments orientant vers une cause psychiatrique ?,Syndrome confusionnel,Signes physiques de déshydratation,Anomalie identifiée à l’examen neurologique et à l’examen physique général,Tous les éléments ci-dessus,a,4
2349,OIC-353-11-B-,Quelles sont les mesures de contention physique ou mécanique ?,Techniques de désescalade et prise en charge relationnelle systématique.,Elles doivent être accompagnées d'une surveillance régulière des constantes et de la vigilance.,Toujours associées au traitement pharmacologique.,"Techniques de dernier recours, uniquement en cas d'échec des autres stratégies ou en cas de danger imminent.",d,4
2350,OIC-364-01-A,Quelles sont les modalités de l'hospitalisation libre et sans consentement selon l'âge?,L'hôpital doit obtenir le consentement des parents ou tuteurs pour les enfants de moins de 16 ans,L'hôpital peut hospitaliser les adultes de plus de 65 ans sans leur consentement si nécessaire,"L'hôpital peut hospitaliser les personnes en état de crise psychotique ou présentant un danger pour elles-mêmes ou autrui sans leur consentement, après une évaluation médicale et une décision du médecin responsable",L'hôpital doit obtenir le consentement des personnes hospitalisées avant toute intervention médicale,c,4
2351,OIC-364-01-A-,Quel est le terme utilisé pour décrire un individu qui a exprimé des pensées concernant le souhait de mourir ?,Suicidant,Suicidaire,Suicidé,Tentateur,b,4
2352,OIC-364-02-B,Quel est le nombre approximatif de tentatives de suicide en France qui donnent lieu à un contact avec le système de soins ?,100 000,150 000 à 200 000,300 000,500 000,b,4
2353,OIC-364-02-B-,Quel est le syndrome présuicidaire qui correspond à un calme apparent avec attitude de retrait ?,Syndrome présuicidaire de Ringel,Vigilance,Crise suicidaire,Sentiment de désespoir,a,4
2354,OIC-364-03-B,Quel est le facteur de protection majeur pour la crise suicidaire chez l'enfant et l'adolescent?,Le soutien familial,Les antécédents personnels de TS,Les troubles psychiatriques personnels,L'isolement affectif,a,4
2355,OIC-364-03-B-,Quelle est la définition de l'évaluation de l'urgence?,Évaluer le potentiel suicidaire à long terme,Évaluer l'imminence du passage à l'acte,Évaluer les facteurs protecteurs,Évaluer la dangerosité potentielle,b,4
2356,OIC-364-04-B,Quel est l’un des moyens efficaces pour prévenir le suicide selon la stratégie nationale française ?,Responsabiliser les médias,Restreindre l’accès aux armes à feu,Identifier précocement et traiter les personnes à risque,Former les agents de santé,c,4
2357,OIC-364-05-A,Quel est un but de l'entretien psychiatrique après une crise suicidaire ?,Décider d'une hospitalisation sans évaluation préalable,"Evaluer la crise suicidaire, son potentiel et les troubles psychiatriques associés",Prescrire un traitement médicamenteux sans évaluation préalable,Sécuriser le patient uniquement,b,4
2358,OIC-364-05-A-,Quel est l'un des objectifs de l'hospitalisation pour un patient présentant des troubles suicidaires ?,Seulement traiter le trouble psychiatrique associé,Protéger la personne en limitant le risque de passage à l'acte suicidaire et faciliter la résolution de la crise,Organiser le suivi ambulatoire ultérieur si nécessaire,Compléter l'évaluation psychiatrique uniquement,b,4
2359,OIC-364-06-A,Quel est le rôle des parents dans la prise en charge d'un enfant ou adolescent à risque suicidaire?,Seuls responsables de l'évaluation et du traitement,Sensibiliser les parents à la sécurisation de l'environnement,Ne pas être impliqués dans la prise en charge,Fournir uniquement un soutien émotionnel,b,4
2360,OIC-364-06-A-,Quel est le traitement approprié en cas de crise suicidaire avérée ?,Recherche des moyens envisagés et à disposition,Évaluation psychosociale,Suppression de l'accès au moyen,Traitement médicamenteux,c,4
2361,OIC-364-07-A-,Quels sont les types de fractures fréquentes chez l'adolescent ?,Les déformations plastiques des os et les fractures en motte de beurre.,"Les décollements épiphysaires, les fractures-avulsions apophysaires et les fractures complètes.",Les fractures métaphysaires et les fractures en bois vert.,Les fractures à faible énergie conduisant à des fractures-décollements épiphysaires.,b,4
2362,OIC-364-08-B,Quel est le résultat du remodelage osseux participé par le périoste?,Une instabilité permanente des fractures,Un cal vicieux ou déplacement secondaire,La correction de certains cals vicieux ou déplacements secondaires,Aucun effet sur les fractures,c,4
2363,OIC-364-08-B-,Quelle est l'étiologie dominante des fractures chez les enfants à partir de la préadolescence ?,Les chutes,La pratique sportive,Les accidents domestiques,Les maladies auto-immunes,b,4
2364,OIC-364-09-A,Quels sont les signes devant faire suspecter une maltraitance devant une fracture de l'enfant?,Fracture avant l'âge de la marche,"Présence d'ecchymoses, pétéchies ou hématomes, surtout d'âges (ancienneté) différents","Découverte radiologique de traumatismes d'âge différents (ancienneté), de siège inhabituel (omoplate, sternum..)","Présence de plusieurs types différents de traumatismes (brûlures, plaies, hématomes ou ecchymoses, fractures,traumatismes crâniens...) d'âges (ancienneté) différents",a,5
2365,OIC-364-09-A-,Quels sont les étapes à suivre pour diagnostiquer une fracture sans manipulation excessive du membre?,"Manipuler le membre blessé, prescrire un antalgique et réaliser une imagerie","Immobiliser le membre, localiser la lésion et prescrire une imagerie ciblée",Laisser l'enfant se débrouiller seul pour s'immobiliser et diagnostiquer la fracture,Prescrire un antalgique sans immobilisation ni imagerie,b,4
2366,OIC-364-10-B-,Quel est l'avantage de l'immobilisation plâtrée chez l'enfant?,Elle nécessite une kinésithérapie prolongée,Elle n'est pas bien tolérée par les enfants,Elle est utilisée après une ostéosynthèse,Elle est réservée aux fractures graves,c,3
2367,OIC-364-11-A,Quel est le premier geste en cas de syndrome compartimental?,Appeler un médecin,Ouvrir l'immobilisation plâtrée,Donner des analgésiques,Faire une radiographie,b,4
2368,OIC-364-11-A-,Quel est le traitement essentiel d'une fracture du condyle latéral du coude?,Conservateur,Chirurgical,Physiothérapie,Ostéosynthèse,b,4
2369,OIC-364-12-B,Quel est le traitement le plus courant pour les décollements épiphysaires type I ou II?,Chirurgical,Orthopédique,Physiothérapeutique,Neurologique,b,4
